timestamp_nsec,channel_0,channel_1,channel_2,channel_3,channel_4,channel_5
1728463376071508000,1249,5,1191,788,2,457
1728463376072349000,1056,0,1383,712,0,544
1728463376073190000,853,19,1542,607,0,642
1728463376074031000,629,201,1652,494,0,743
1728463376074873000,430,313,1731,382,60,810
1728463376075715000,250,444,1707,279,174,853
1728463376076557000,220,678,1660,193,207,875
1728463376077399000,42,917,1504,168,314,867
1728463376078241000,0,1146,1349,42,426,801
1728463376079082000,0,1319,1141,0,517,708
1728463376079923000,26,1474,906,0,596,604
1728463376080765000,151,1588,681,0,668,493
1728463376081607000,329,1632,463,34,718,361
1728463376082449000,490,1625,270,111,733,253
1728463376083291000,715,1560,116,205,738,165
1728463376084133000,930,1419,0,332,714,71
1728463376084975000,1135,1268,0,436,658,20
1728463376085816000,1364,1080,0,533,594,32
1728463376086657000,1514,851,1,629,455,0
1728463376087499000,1534,752,162,722,375,0
1728463376088341000,1600,435,357,783,273,42
1728463376089183000,1579,240,576,834,186,138
1728463376090025000,1496,96,798,839,109,249
1728463376090867000,1252,1055,23,586,809,5
1728463376092551000,1526,640,201,770,591,21
1728463376093393000,1602,430,366,912,485,0
1728463376094235000,1572,229,576,1001,357,64
1728463376095077000,1504,90,791,1056,255,173
1728463376095919000,1374,0,1038,1078,134,298
1728463376096760000,1198,0,1250,1060,64,448
1728463376097601000,997,0,1415,997,5,642
1728463376098443000,801,53,1562,885,0,715
1728463376099285000,576,231,1680,757,0,854
1728463376100127000,383,395,1732,620,5,962
1728463376100969000,199,463,1706,466,157,1035
1728463376101811000,90,747,1623,340,110,1099
1728463376102653000,0,965,1488,215,260,1099
1728463376103495000,0,1199,1299,119,436,1080
1728463376104337000,0,1368,1076,35,558,998
1728463376105179000,52,1510,862,0,665,882
1728463376106021000,192,1602,620,0,760,743
1728463376106863000,362,1638,407,0,852,594
1728463376107705000,565,1608,226,46,904,450
1728463376108547000,761,1530,82,158,917,320
1728463376109389000,983,1387,0,288,941,185
1728463376110231000,1181,1230,18,434,885,88
1728463376111073000,1344,1025,0,569,797,98
1728463376111915000,1474,794,2,698,692,74
1728463376112904000,1565,576,174,824,581,53
1728463376113746000,1593,380,425,933,450,8
1728463376114588000,1561,207,626,1016,333,98
1728463376115430000,1472,64,857,1060,230,207
1728463376116272000,1322,0,1088,1080,117,337
1728463376117114000,1146,0,1303,1054,43,494
1728463376117956000,949,0,1475,979,25,630
1728463376118798000,743,74,1617,858,0,773
1728463376119640000,525,207,1700,724,0,881
1728463376120482000,360,398,1743,587,17,995
1728463376121324000,68,604,1687,497,106,1113
1728463376122166000,0,825,1616,320,218,1088
1728463376123008000,0,1053,1425,160,333,1113
1728463376123850000,0,1240,1242,101,474,1058
1728463376124692000,0,1403,1019,21,586,971
1728463376125534000,82,1533,796,0,681,850
1728463376126229000,235,1613,570,0,789,704
1728463376127071000,409,1635,354,0,864,562
1728463376127913000,616,1586,160,65,914,410
1728463376128755000,839,1497,42,193,929,257
1728463376129597000,1028,1348,0,338,924,149
1728463376130439000,1235,1192,0,478,872,39
1728463376131280000,1411,1035,0,636,785,0
1728463376132122000,1537,613,101,715,746,0
1728463376132964000,1547,448,265,853,591,0
1728463376133806000,1595,325,463,960,426,21
1728463376134648000,1544,162,682,1026,301,114
1728463376135490000,1436,43,914,1072,209,240
1728463376136332000,1287,0,1141,1071,106,380
1728463376137173000,1103,0,1344,1043,29,528
1728463376138015000,872,2,1511,983,0,668
1728463376138857000,666,106,1648,839,0,799
1728463376139691000,457,275,1715,685,0,919
1728463376140533000,282,455,1728,538,53,1017
1728463376141375000,119,648,1762,383,170,1108
1728463376142217000,2,930,1632,264,279,1109
1728463376143058000,0,1101,1382,154,357,1188
1728463376143900000,0,1285,1186,73,498,1041
1728463376144741000,9,1448,966,2,615,942
1728463376145583000,117,1564,740,0,706,810
1728463376146425000,269,1630,513,0,811,665
1728463376147267000,464,1623,306,13,887,520
1728463376148109000,677,1576,125,90,925,377
1728463376148951000,888,1443,16,233,938,238
1728463376149793000,1090,1287,0,370,888,122
1728463376150635000,1283,1091,0,498,817,33
1728463376151477000,1557,892,55,646,712,0
1728463376152319000,1628,683,162,757,601,0
1728463376153177000,1493,461,314,938,500,0
1728463376154019000,1584,273,517,987,389,37
1728463376154861000,1526,122,747,1048,274,138
1728463376155703000,1406,17,989,1081,170,269
1728463376156545000,1250,2,1202,1073,82,423
1728463376157386000,1056,0,1391,1018,13,565
1728463376158228000,839,37,1624,910,0,708
1728463376159070000,626,162,1711,800,0,855
1728463376159912000,424,314,1711,649,0,974
1728463376160754000,253,521,1692,494,74,992
1728463376161596000,66,765,1605,372,164,1040
1728463376162438000,0,1045,1505,272,292,1077
1728463376163280000,0,1193,1328,142,413,1072
1728463376164121000,0,1344,1122,46,534,1024
1728463376164963000,29,1485,904,0,628,912
1728463376165805000,146,1586,672,0,741,769
1728463376166645000,321,1629,448,0,833,631
1728463376167487000,520,1621,254,36,901,485
1728463376168329000,704,1541,114,137,924,343
1728463376169171000,924,1422,0,269,930,217
1728463376170013000,1116,1258,0,402,898,109
1728463376170855000,1281,1061,0,518,810,25
1728463376171697000,1425,869,64,658,709,15
1728463376172539000,1530,675,197,784,592,0
1728463376173381000,1576,416,401,907,481,0
1728463376174223000,1579,236,582,997,352,64
1728463376175065000,1496,90,808,1058,249,164
1728463376175907000,1369,0,1037,1089,141,306
1728463376176748000,1202,8,1254,1063,64,456
1728463376177589000,1008,0,1435,994,4,608
1728463376178430000,791,133,1580,887,0,711
1728463376179272000,578,266,1684,766,0,846
1728463376180134000,376,369,1720,621,41,962
1728463376180976000,182,504,1699,461,128,1041
1728463376181818000,56,755,1618,325,136,1088
1728463376182660000,87,982,1502,231,282,1088
1728463376183502000,23,1202,1284,113,449,1060
1728463376184343000,0,1380,1077,34,557,999
1728463376185185000,55,1515,848,0,666,863
1728463376186027000,189,1601,618,0,771,739
1728463376186869000,370,1636,394,0,857,588
1728463376187711000,581,1607,217,50,910,444
1728463376188553000,769,1522,71,170,936,309
1728463376189395000,1004,1382,0,303,933,192
1728463376190237000,1191,1216,0,432,880,88
1728463376191079000,1359,1005,0,585,798,64
1728463376191921000,1494,794,10,704,728,37
1728463376192763000,1642,585,184,839,562,0
1728463376193601000,1600,396,418,937,442,0
1728463376194443000,1561,192,633,1016,329,82
1728463376195285000,1466,58,868,1065,224,204
1728463376196126000,1330,5,1095,1078,117,346
1728463376196967000,1154,0,1298,1054,40,495
1728463376197808000,960,0,1480,976,0,639
1728463376198650000,736,77,1620,864,0,761
1728463376199492000,610,219,1697,732,0,892
1728463376200334000,373,408,1728,610,29,995
1728463376201176000,90,626,1688,493,110,1112
1728463376202018000,0,839,1588,241,218,1096
1728463376202860000,0,1043,1415,154,345,1108
1728463376203702000,0,1248,1242,87,466,1059
1728463376204544000,0,1412,1021,13,584,964
1728463376205386000,84,1535,791,1,686,843
1728463376206228000,238,1610,554,0,794,704
1728463376207081000,415,1636,341,0,866,553
1728463376207923000,619,1600,160,75,908,409
1728463376208765000,850,1490,37,194,946,263
1728463376209607000,1056,1354,0,335,922,153
1728463376210449000,1237,1168,0,468,864,57
1728463376211290000,1445,1015,0,625,778,0
1728463376212132000,1509,648,98,736,744,0
1728463376212974000,1574,438,245,874,599,0
1728463376213816000,1592,320,465,960,405,23
1728463376214658000,1546,163,689,1032,306,113
1728463376215500000,1444,31,913,1075,199,238
1728463376216342000,1290,5,1137,1073,98,386
1728463376217183000,1114,0,1344,1040,27,528
1728463376218025000,879,8,1520,960,0,668
1728463376218867000,666,114,1651,822,0,802
1728463376219708000,459,266,1720,683,0,921
1728463376220564000,282,474,1722,530,42,1030
1728463376221406000,137,671,1763,381,168,1090
1728463376222248000,1,922,1597,272,242,1112
1728463376223090000,0,1082,1298,150,382,1172
1728463376223932000,0,1293,1182,70,491,1036
1728463376224774000,9,1453,961,2,613,935
1728463376225615000,119,1559,737,0,721,811
1728463376226457000,277,1629,503,0,811,669
1728463376227299000,468,1625,306,0,874,517
1728463376228141000,671,1567,145,109,925,373
1728463376228983000,901,1461,2,226,927,253
1728463376229825000,1111,1301,4,363,900,125
1728463376230667000,1290,1112,0,518,834,28
1728463376231508000,1550,899,68,657,719,0
1728463376232350000,1607,671,170,776,612,0
1728463376233192000,1488,485,292,960,494,23
1728463376234031000,1596,279,520,982,388,34
1728463376234873000,1520,123,750,1050,276,146
1728463376235715000,1405,10,976,1073,170,273
1728463376236557000,1245,0,1191,1077,71,413
1728463376237399000,1055,2,1391,1020,10,568
1728463376238241000,833,28,1578,920,0,707
1728463376239083000,620,153,1641,793,0,877
1728463376239925000,427,324,1712,644,0,975
1728463376240767000,238,546,1714,503,66,1022
1728463376241609000,134,812,1628,392,170,1072
1728463376242451000,0,849,1507,241,354,1090
1728463376243293000,0,1080,1333,164,448,1066
1728463376244135000,0,1339,1138,48,529,1023
1728463376244977000,29,1480,912,0,636,906
1728463376245819000,161,1596,664,0,751,781
1728463376246661000,329,1635,448,0,832,621
1728463376247505000,516,1614,259,31,894,474
1728463376248347000,722,1544,98,133,935,343
1728463376249189000,933,1417,0,258,917,212
1728463376250031000,1138,1275,2,407,895,111
1728463376250873000,1323,1055,0,557,832,13
1728463376251714000,1460,810,130,682,727,0
1728463376252556000,1557,649,277,794,626,3
1728463376253398000,1587,434,397,912,455,77
1728463376254240000,1581,233,580,1005,357,66
1728463376255082000,1504,85,817,1056,250,181
1728463376255924000,1370,0,1049,1088,132,308
1728463376256765000,1196,0,1259,1060,58,450
1728463376257607000,994,0,1457,997,0,608
1728463376258449000,784,77,1579,884,47,733
1728463376259291000,576,170,1692,754,26,866
1728463376260133000,373,359,1724,609,0,960
1728463376260986000,265,565,1703,468,82,1057
1728463376261828000,129,776,1615,330,176,1103
1728463376262670000,0,1011,1478,274,309,1170
1728463376263512000,0,1194,1324,162,441,1069
1728463376264354000,0,1393,1072,34,562,995
1728463376265196000,56,1516,841,0,657,874
1728463376266038000,198,1603,602,0,776,738
1728463376266880000,365,1639,402,0,852,594
1728463376267722000,578,1605,202,56,909,441
1728463376268564000,786,1518,50,170,924,306
1728463376269406000,1005,1382,0,298,925,183
1728463376270248000,1196,1201,0,450,876,66
1728463376271089000,1363,1006,0,587,810,4
1728463376271931000,1486,890,64,746,706,0
1728463376272773000,1605,636,221,832,564,0
1728463376273615000,1580,249,417,931,514,0
1728463376274521000,1570,188,638,1014,322,90
1728463376275363000,1467,69,870,1068,224,202
1728463376276205000,1325,0,1102,1081,122,346
1728463376277047000,1149,0,1301,1051,45,496
1728463376277889000,940,0,1486,965,0,643
1728463376278731000,710,87,1624,894,0,766
1728463376279573000,491,233,1707,740,0,903
1728463376280415000,320,418,1715,557,37,997
1728463376281257000,151,631,1687,431,107,1072
1728463376282099000,26,850,1680,295,265,1129
1728463376282941000,0,1096,1479,180,370,1104
1728463376283783000,0,1233,1159,73,471,1147
1728463376284625000,0,1421,1003,13,591,965
1728463376285467000,85,1539,786,0,696,846
1728463376286308000,237,1613,549,0,794,708
1728463376287150000,421,1632,340,0,868,553
1728463376287954000,629,1590,173,84,910,397
1728463376288796000,845,1484,26,202,944,279
1728463376289638000,1056,1344,0,338,914,158
1728463376290480000,1245,1150,9,486,847,56
1728463376291321000,1407,949,2,622,777,0
1728463376292163000,1579,732,92,796,648,2
1728463376293005000,1486,517,272,920,541,41
1728463376293847000,1538,320,474,907,404,6
1728463376294689000,1546,153,698,1030,300,106
1728463376295531000,1434,28,926,1074,193,245
1728463376296373000,1284,0,1154,1074,91,383
1728463376297215000,1109,0,1345,1041,32,528
1728463376298056000,890,13,1518,952,0,671
1728463376298898000,666,117,1704,832,0,807
1728463376299740000,468,273,1687,682,0,965
1728463376300582000,289,470,1708,536,45,997
1728463376301425000,119,743,1667,399,136,1077
1728463376302267000,45,971,1529,270,247,1081
1728463376303109000,0,992,1367,136,448,1079
1728463376303950000,0,1230,1168,78,563,1022
1728463376304792000,5,1450,961,4,610,935
1728463376305634000,133,1564,722,0,732,809
1728463376306476000,279,1632,502,0,810,666
1728463376307318000,469,1631,305,18,882,505
1728463376308160000,686,1566,129,109,930,364
1728463376309002000,887,1472,13,210,938,250
1728463376309844000,1096,1307,2,362,894,125
1728463376310686000,1266,1107,0,523,840,40
1728463376311527000,1421,901,21,645,754,0
1728463376312369000,1527,688,232,764,668,5
1728463376313211000,1594,509,378,879,501,34
1728463376314053000,1575,270,450,967,404,113
1728463376314897000,1520,114,746,1055,274,142
1728463376315739000,1402,10,992,1080,161,276
1728463376316581000,1233,2,1201,1068,78,420
1728463376317422000,1045,0,1397,1015,9,564
1728463376318263000,845,30,1560,923,1,709
1728463376319105000,618,124,1659,795,39,834
1728463376319947000,418,301,1720,647,20,941
1728463376320789000,230,523,1711,498,56,1038
1728463376321631000,125,732,1640,363,161,1094
1728463376322473000,56,954,1490,313,265,1119
1728463376323314000,0,1159,1344,198,407,1122
1728463376324156000,0,1328,1164,90,522,1015
1728463376324998000,27,1481,891,0,639,909
1728463376325840000,159,1584,663,0,742,772
1728463376326682000,333,1633,448,0,832,618
1728463376327524000,519,1618,261,46,893,474
1728463376328382000,736,1545,87,129,934,332
1728463376329224000,962,1423,0,256,927,203
1728463376330066000,1158,1252,0,405,896,98
1728463376330908000,1344,1058,0,559,834,8
1728463376331750000,1472,847,43,686,727,0
1728463376332592000,1534,736,169,824,610,0
1728463376333434000,1635,484,352,922,474,0
1728463376334276000,1544,151,570,1023,418,45
1728463376335118000,1504,88,811,1054,253,178
1728463376335960000,1362,0,1044,1092,144,306
1728463376336801000,1192,0,1259,1064,64,459
1728463376337642000,1000,0,1434,998,2,610
1728463376338483000,781,68,1585,885,0,746
1728463376339325000,543,186,1688,808,0,864
1728463376340167000,343,372,1728,635,10,967
1728463376341009000,184,576,1702,456,97,1050
1728463376341855000,45,786,1613,333,185,1101
1728463376342697000,0,1002,1562,212,362,1110
1728463376343539000,0,1238,1333,113,458,1058
1728463376344381000,0,1385,1095,32,554,1088
1728463376345223000,64,1517,842,0,665,878
1728463376346065000,204,1612,605,0,766,733
1728463376346907000,370,1642,395,0,856,599
1728463376347749000,583,1606,207,64,917,441
1728463376348591000,791,1512,58,174,932,300
1728463376349433000,1004,1358,0,304,924,171
1728463376350275000,1198,1184,0,459,879,73
1728463376351116000,1366,1001,0,592,791,1
1728463376351958000,1505,778,78,710,690,0
1728463376352800000,1689,550,282,865,540,0
1728463376353642000,1678,345,402,1010,438,13
1728463376354484000,1497,178,663,1059,321,89
1728463376355328000,1470,53,873,1072,218,199
1728463376356170000,1326,0,1108,1088,125,348
1728463376357011000,1149,0,1301,1055,41,497
1728463376357853000,941,0,1483,965,0,645
1728463376358695000,733,94,1625,861,0,767
1728463376359537000,512,245,1751,718,0,898
1728463376360379000,328,429,1701,562,43,1049
1728463376361221000,168,648,1668,434,117,1055
1728463376362063000,23,850,1569,303,225,1091
1728463376362904000,9,1147,1400,219,372,1074
1728463376363746000,32,1308,1213,85,491,1025
1728463376364587000,0,1336,982,2,674,960
1728463376365429000,91,1551,776,0,700,840
1728463376366271000,234,1621,549,0,802,700
1728463376367113000,423,1636,337,2,873,549
1728463376367955000,634,1592,161,81,915,413
1728463376368803000,854,1492,34,205,948,266
1728463376369645000,1041,1322,0,350,907,154
1728463376370487000,1241,1156,0,466,866,58
1728463376371329000,1406,938,0,613,765,0
1728463376372171000,1515,732,119,741,641,0
1728463376373013000,1583,533,273,853,532,0
1728463376373855000,1590,293,530,946,416,23
1728463376374697000,1547,173,757,1017,298,117
1728463376375539000,1431,22,935,1076,186,239
1728463376376381000,1279,0,1157,1081,98,378
1728463376377222000,1102,0,1352,1032,34,544
1728463376378063000,885,13,1528,948,0,675
1728463376378905000,673,128,1658,826,0,805
1728463376379747000,458,359,1724,681,0,916
1728463376380589000,279,461,1720,524,89,1027
1728463376381431000,130,674,1655,393,145,1080
1728463376382288000,1,898,1543,277,237,1114
1728463376383130000,82,1096,1424,166,354,1094
1728463376383972000,0,1295,1152,142,482,1044
1728463376384814000,0,1447,945,52,613,955
1728463376385656000,125,1571,719,0,730,810
1728463376386497000,282,1625,490,0,816,660
1728463376387339000,475,1625,284,17,889,508
1728463376388181000,693,1567,122,113,924,369
1728463376389023000,906,1458,4,235,935,235
1728463376389865000,1097,1298,0,370,917,125
1728463376390707000,1296,1101,0,527,834,29
1728463376391548000,1434,895,33,658,744,0
1728463376392390000,1547,665,132,781,631,11
1728463376393232000,1654,473,295,888,485,0
1728463376394074000,1577,377,526,1018,389,10
1728463376394916000,1515,123,757,1045,320,129
1728463376395803000,1400,5,1003,1083,165,281
1728463376396645000,1240,0,1208,1066,75,427
1728463376397486000,1050,10,1403,1016,5,585
1728463376398328000,832,31,1561,919,0,709
1728463376399170000,619,149,1668,796,0,840
1728463376400012000,434,324,1728,696,0,953
1728463376400854000,210,525,1703,526,65,1033
1728463376401696000,73,732,1635,361,170,1090
1728463376402538000,0,962,1506,231,293,1112
1728463376403380000,0,1196,1344,121,403,1074
1728463376404222000,0,1314,1240,37,552,1022
1728463376405064000,20,1479,975,0,645,906
1728463376405906000,160,1603,654,0,754,775
1728463376406748000,335,1632,448,0,837,623
1728463376407590000,525,1615,256,42,897,459
1728463376408432000,740,1537,92,137,932,341
1728463376409240000,960,1413,0,260,927,212
1728463376410082000,1162,1250,0,412,885,85
1728463376410924000,1337,1007,2,561,832,18
1728463376411765000,1465,815,52,693,718,0
1728463376412607000,1565,585,178,815,559,0
1728463376413449000,1724,391,373,924,426,0
1728463376414291000,1626,213,577,998,330,74
1728463376415133000,1436,81,815,1097,244,181
1728463376415975000,1363,0,1049,1091,132,309
1728463376416816000,1192,4,1261,1062,64,465
1728463376417657000,988,0,1451,997,0,616
1728463376418499000,779,58,1592,894,0,744
1728463376419341000,568,192,1688,752,0,875
1728463376420183000,357,373,1781,608,18,972
1728463376421025000,194,578,1688,459,96,1118
1728463376421867000,50,789,1601,330,197,1139
1728463376422713000,0,1012,1437,213,313,1034
1728463376423555000,0,1199,1256,102,448,1015
1728463376424397000,0,1472,1042,64,581,952
1728463376425239000,65,1551,832,0,671,869
1728463376426081000,202,1608,604,0,769,737
1728463376426923000,373,1652,394,0,849,587
1728463376427765000,590,1600,202,64,917,434
1728463376428607000,789,1516,64,169,932,309
1728463376429449000,1007,1386,5,302,928,171
1728463376430291000,1168,1188,0,451,867,77
1728463376431132000,1358,986,0,599,800,5
1728463376431974000,1494,778,90,714,688,0
1728463376432816000,1550,565,234,811,560,0
1728463376433658000,1567,404,452,917,442,15
1728463376434500000,1540,170,720,995,340,105
1728463376435342000,1463,55,896,1064,210,208
1728463376436198000,1326,0,1102,1088,125,335
1728463376437039000,1146,0,1308,1055,41,503
1728463376437881000,932,0,1488,966,0,648
1728463376438723000,724,92,1626,852,0,788
1728463376439565000,506,249,1705,717,0,901
1728463376440407000,329,474,1720,571,41,989
1728463376441249000,154,608,1680,426,160,1071
1728463376442091000,33,836,1575,301,237,1103
1728463376442933000,0,1046,1423,176,320,1108
1728463376443775000,101,1250,1270,98,448,1058
1728463376444617000,106,1412,1038,13,586,970
1728463376445459000,85,1549,772,0,704,842
1728463376446301000,238,1618,554,0,798,700
1728463376447143000,427,1628,331,5,875,546
1728463376447985000,641,1581,159,82,917,397
1728463376448827000,843,1487,29,202,930,274
1728463376449667000,1058,1322,0,342,916,147
1728463376450509000,1248,1152,4,482,865,64
1728463376451350000,1403,943,0,626,767,0
1728463376452192000,1525,725,113,745,658,0
1728463376453033000,1584,498,215,862,565,42
1728463376453875000,1641,321,430,960,401,0
1728463376454717000,1548,253,691,1056,299,86
1728463376455559000,1421,14,938,1076,189,249
1728463376456401000,1282,0,1160,1075,100,389
1728463376457243000,1101,0,1361,1027,26,545
1728463376458084000,881,21,1532,948,0,679
1728463376458926000,672,137,1658,819,0,806
1728463376459768000,505,286,1714,675,0,934
1728463376460610000,313,474,1719,563,42,1022
1728463376461452000,98,693,1653,418,146,1076
1728463376462294000,0,904,1535,269,260,1110
1728463376463145000,0,1138,1367,114,381,1113
1728463376463987000,0,1368,1178,38,503,1035
1728463376464828000,1,1491,945,0,597,898
1728463376465670000,132,1571,711,0,732,805
1728463376466512000,283,1627,485,0,819,660
1728463376467354000,478,1624,293,13,882,501
1728463376468196000,688,1565,125,114,925,360
1728463376469038000,906,1439,2,242,935,235
1728463376469880000,1111,1294,2,380,898,98
1728463376470721000,1303,1099,1,537,834,23
1728463376471562000,1441,890,34,660,741,0
1728463376472404000,1528,654,165,791,629,0
1728463376473246000,1584,389,305,912,542,0
1728463376474088000,1591,229,532,973,322,39
1728463376474930000,1607,109,835,1071,241,151
1728463376475772000,1398,0,999,1090,162,279
1728463376476624000,1232,0,1204,1065,73,425
1728463376477465000,1042,5,1412,1008,2,590
1728463376478307000,832,42,1567,913,0,706
1728463376479149000,610,161,1678,789,0,842
1728463376479991000,404,337,1725,629,2,960
1728463376480833000,225,535,1708,485,68,1034
1728463376481675000,79,747,1691,362,188,1090
1728463376482517000,0,962,1524,240,301,1143
1728463376483359000,0,1161,1248,125,410,1159
1728463376484201000,0,1354,1064,45,552,1057
1728463376485043000,96,1518,865,0,645,794
1728463376485885000,162,1600,660,0,754,778
1728463376486727000,340,1634,430,0,847,622
1728463376487569000,535,1615,242,44,893,468
1728463376488411000,738,1542,97,145,931,338
1728463376489254000,960,1414,0,269,935,207
1728463376490101000,1161,1230,0,420,876,82
1728463376490943000,1339,1053,2,564,832,4
1728463376491784000,1468,834,75,704,709,0
1728463376492626000,1563,604,194,826,599,0
1728463376493468000,1510,392,389,970,462,30
1728463376494310000,1528,213,568,950,345,65
1728463376495152000,1472,124,832,1055,253,186
1728463376495994000,1360,0,1047,1088,141,320
1728463376496835000,1186,0,1256,1050,53,469
1728463376497676000,992,0,1457,993,0,609
1728463376498518000,773,66,1600,889,0,751
1728463376499360000,564,194,1687,762,0,873
1728463376500202000,359,378,1716,597,13,1039
1728463376501044000,192,578,1686,457,100,1034
1728463376501886000,64,874,1594,335,210,1088
1728463376502728000,0,1050,1454,205,321,1111
1728463376503577000,0,1091,1261,98,517,1040
1728463376504419000,0,1299,1046,37,634,964
1728463376505261000,69,1459,827,4,719,864
1728463376506103000,201,1610,610,0,778,734
1728463376506945000,382,1640,386,0,855,591
1728463376507787000,586,1607,202,64,914,427
1728463376508630000,800,1511,56,176,938,303
1728463376509472000,1013,1376,0,309,921,175
1728463376510314000,1197,1209,0,441,881,68
1728463376511155000,1368,1007,0,589,797,6
1728463376511996000,1508,780,90,719,693,0
1728463376512838000,1580,558,226,833,571,0
1728463376513680000,1611,352,501,936,473,21
1728463376514522000,1553,167,541,1010,312,183
1728463376515364000,1493,74,807,1058,241,276
1728463376516206000,1315,0,1104,1075,117,352
1728463376517058000,1139,0,1316,1046,28,504
1728463376517899000,930,2,1495,976,0,644
1728463376518741000,718,90,1635,856,0,781
1728463376519583000,509,244,1701,713,0,913
1728463376520425000,320,400,1720,568,81,992
1728463376521267000,148,617,1679,426,105,1069
1728463376522109000,112,847,1567,295,225,1109
1728463376522951000,47,1064,1431,178,338,1110
1728463376523792000,60,1253,1216,74,453,1052
1728463376524634000,0,1420,981,87,581,1006
1728463376525476000,41,1545,812,23,690,832
1728463376526318000,245,1622,545,0,791,697
1728463376527160000,437,1632,341,0,865,535
1728463376528002000,637,1589,174,87,919,407
1728463376528844000,856,1484,26,202,940,270
1728463376529686000,1063,1332,0,339,907,135
1728463376530575000,1248,1156,0,480,856,50
1728463376531416000,1400,938,4,625,770,0
1728463376532258000,1530,720,116,760,655,0
1728463376533100000,1607,504,271,866,535,0
1728463376533942000,1567,405,454,968,401,0
1728463376534784000,1570,194,690,1019,349,90
1728463376535626000,1418,0,926,1093,238,243
1728463376536467000,1279,5,1160,1081,89,394
1728463376537308000,1088,0,1363,1028,18,534
1728463376538150000,870,16,1534,946,0,683
1728463376538992000,668,128,1645,824,0,811
1728463376539834000,458,289,1729,675,0,929
1728463376540676000,244,480,1724,568,49,1030
1728463376541518000,109,694,1652,378,154,1088
1728463376542360000,0,916,1539,258,256,1114
1728463376543202000,0,1123,1376,149,380,1092
1728463376544016000,0,1282,1291,58,520,1037
1728463376544858000,1,1456,1042,0,656,960
1728463376545700000,122,1592,770,0,704,815
1728463376546542000,279,1621,487,0,813,648
1728463376547384000,481,1621,290,32,891,498
1728463376548226000,692,1563,122,109,930,368
1728463376549068000,908,1447,5,234,924,235
1728463376549910000,1112,1287,0,378,907,120
1728463376550752000,1293,1076,0,533,837,32
1728463376551594000,1445,866,37,660,741,0
1728463376552436000,1547,656,173,793,610,0
1728463376553278000,1602,451,343,901,501,5
1728463376554120000,1652,250,552,983,362,50
1728463376554962000,1429,107,814,1098,247,181
1728463376555804000,1334,0,1012,1016,149,254
1728463376556645000,1228,0,1231,1074,73,431
1728463376557482000,1035,0,1414,1015,5,585
1728463376558324000,832,40,1570,910,0,714
1728463376559166000,608,174,1680,788,0,849
1728463376560008000,405,337,1731,646,1,960
1728463376560850000,224,533,1721,487,78,1108
1728463376561692000,82,756,1614,360,177,1142
1728463376562534000,0,974,1487,237,299,1088
1728463376563376000,0,1189,1313,129,413,1077
1728463376564218000,0,1448,1095,84,559,974
1728463376565060000,73,1557,882,0,644,869
1728463376565902000,181,1482,626,0,834,744
1728463376566744000,327,1628,434,0,839,613
1728463376567586000,540,1618,233,40,902,470
1728463376568428000,747,1536,85,142,924,327
1728463376569270000,953,1411,0,279,931,202
1728463376570112000,1162,1242,0,416,895,98
1728463376570964000,1324,1036,0,559,800,20
1728463376571806000,1460,823,69,678,694,0
1728463376572648000,1559,597,194,812,594,0
1728463376573490000,1606,405,388,928,478,0
1728463376574332000,1553,216,589,988,357,78
1728463376575174000,1476,101,906,1057,280,200
1728463376576016000,1353,0,961,1073,125,421
1728463376576858000,1186,4,1274,1066,56,471
1728463376577699000,984,0,1472,992,0,617
1728463376578540000,780,74,1602,882,0,746
1728463376579382000,551,209,1699,746,0,882
1728463376580224000,354,377,1728,601,14,981
1728463376581066000,186,618,1690,453,161,1055
1728463376581908000,47,786,1602,322,232,1092
1728463376582750000,0,1002,1449,207,316,1106
1728463376583592000,0,1210,1262,101,448,1068
1728463376584451000,85,1365,1102,34,535,989
1728463376585293000,156,1509,843,0,654,865
1728463376586135000,111,1593,588,48,770,794
1728463376586977000,388,1638,374,0,866,583
1728463376587819000,594,1602,197,66,907,427
1728463376588661000,794,1506,64,180,931,301
1728463376589503000,1013,1369,0,304,923,177
1728463376590344000,1210,1187,0,449,872,72
1728463376591186000,1379,999,0,588,789,5
1728463376592028000,1501,762,90,722,686,0
1728463376592870000,1589,557,242,840,569,0
1728463376593712000,1610,356,430,943,436,8
1728463376594554000,1539,293,645,1049,338,64
1728463376595396000,1502,109,866,1055,213,192
1728463376596238000,1274,0,1095,1061,186,349
1728463376597080000,1134,5,1320,1042,32,510
1728463376597919000,922,0,1497,974,0,644
1728463376598761000,713,91,1640,850,0,778
1728463376599603000,509,253,1698,709,0,914
1728463376600445000,320,434,1730,564,30,1002
1728463376601287000,121,637,1679,456,121,1073
1728463376602129000,13,854,1566,286,234,1108
1728463376602971000,0,1072,1424,165,352,1103
1728463376603812000,0,1272,1221,79,473,1056
1728463376604654000,0,1479,1005,0,583,939
1728463376605496000,77,1516,882,0,718,844
1728463376606338000,232,1650,628,0,816,704
1728463376607180000,441,1638,338,2,872,533
1728463376608022000,640,1588,164,87,920,398
1728463376608864000,860,1481,29,199,940,267
1728463376609706000,1071,1327,0,346,906,139
1728463376610548000,1253,1148,0,485,860,49
1728463376611398000,1408,937,13,618,766,0
1728463376612240000,1517,711,121,756,655,0
1728463376613082000,1588,492,287,865,529,0
1728463376613924000,1590,309,482,965,385,9
1728463376614766000,1635,128,761,1043,256,114
1728463376615608000,1309,17,927,1140,158,266
1728463376616450000,1183,2,1164,1130,85,434
1728463376617291000,1081,0,1369,1029,16,535
1728463376618133000,868,13,1544,946,0,686
1728463376618975000,653,125,1649,825,0,816
1728463376619817000,457,292,1728,671,0,935
1728463376620659000,265,486,1721,529,53,1017
1728463376621501000,113,693,1718,393,160,1088
1728463376622343000,0,916,1519,260,260,1167
1728463376623185000,0,1123,1356,146,385,1112
1728463376624027000,0,1306,1167,65,512,992
1728463376624873000,49,1472,901,0,605,856
1728463376625714000,97,1689,685,4,741,747
1728463376626556000,307,1723,480,17,820,626
1728463376627398000,485,1629,290,28,888,501
1728463376628240000,698,1570,123,110,927,366
1728463376629082000,917,1454,7,242,930,234
1728463376629924000,1116,1288,0,380,904,116
1728463376630766000,1295,1092,0,531,838,40
1728463376631607000,1405,876,29,671,742,0
1728463376632449000,1532,670,178,794,618,0
1728463376633290000,1585,464,335,898,501,0
1728463376634132000,1559,257,546,981,375,43
1728463376634974000,1485,157,780,1031,265,127
1728463376635816000,1383,0,1102,1080,178,284
1728463376636658000,1204,0,1299,1055,101,426
1728463376637499000,1028,0,1415,1018,5,583
1728463376638350000,824,40,1564,912,0,712
1728463376639192000,616,169,1682,778,0,847
1728463376640034000,401,337,1730,642,1,948
1728463376640876000,221,527,1713,490,77,1044
1728463376641718000,81,808,1624,353,177,1089
1728463376642560000,0,935,1496,234,348,1093
1728463376643401000,0,1160,1321,133,450,1076
1728463376644243000,0,1309,1101,53,576,996
1728463376645085000,53,1461,869,0,597,885
1728463376645927000,306,1579,654,4,722,762
1728463376646769000,413,1630,437,0,832,603
1728463376647611000,549,1614,233,45,916,465
1728463376648453000,751,1536,88,148,930,331
1728463376649295000,964,1402,0,279,930,188
1728463376650137000,1157,1232,0,422,887,93
1728463376650979000,1336,1033,0,562,815,13
1728463376651833000,1490,814,65,688,714,0
1728463376652675000,1571,606,202,820,597,0
1728463376653517000,1600,401,392,920,463,0
1728463376654359000,1567,207,537,1009,345,130
1728463376655201000,1549,94,779,1050,237,95
1728463376656043000,1333,11,1028,1081,126,258
1728463376656885000,1186,87,1260,1070,56,444
1728463376657727000,976,0,1456,985,0,615
1728463376658569000,768,71,1603,873,0,754
1728463376659411000,557,213,1703,744,0,873
1728463376660253000,357,388,1719,597,29,983
1728463376661095000,192,597,1686,455,111,1058
1728463376661937000,121,805,1600,324,194,1099
1728463376662779000,0,1022,1455,245,328,1110
1728463376663621000,0,1216,1260,136,454,1061
1728463376664463000,0,1394,1042,49,589,992
1728463376665306000,50,1530,800,0,666,875
1728463376666148000,175,1630,584,0,777,738
1728463376666990000,392,1637,369,0,857,576
1728463376667832000,592,1603,185,57,911,423
1728463376668674000,814,1511,57,182,943,287
1728463376669516000,1020,1356,0,323,924,164
1728463376670358000,1217,1185,0,453,878,75
1728463376671199000,1378,984,0,591,782,4
1728463376672041000,1506,766,90,734,674,0
1728463376672882000,1591,546,249,850,564,0
1728463376673724000,1600,350,436,952,431,5
1728463376674566000,1561,144,650,1029,333,92
1728463376675408000,1447,14,893,1065,168,218
1728463376676250000,1428,0,1168,1097,90,362
1728463376677092000,1186,0,1333,1047,13,517
1728463376677933000,930,2,1500,961,0,661
1728463376678791000,711,106,1633,842,0,779
1728463376679633000,492,247,1716,705,0,906
1728463376680475000,309,436,1717,557,41,1001
1728463376681317000,161,654,1675,418,124,1073
1728463376682159000,10,865,1647,293,238,1107
1728463376683001000,0,1080,1454,173,362,1097
1728463376683842000,0,1269,1248,75,487,1047
1728463376684683000,0,1464,1042,0,595,988
1728463376685525000,94,1537,678,0,697,906
1728463376686367000,278,1638,489,2,818,722
1728463376687209000,444,1635,320,2,878,526
1728463376688051000,650,1583,153,89,912,388
1728463376688893000,855,1472,30,213,933,260
1728463376689735000,1081,1319,0,349,917,144
1728463376690577000,1259,1141,0,497,853,49
1728463376691418000,1407,931,17,636,762,0
1728463376692267000,1528,693,141,764,645,0
1728463376693109000,1588,486,298,874,517,0
1728463376693951000,1587,313,502,973,403,34
1728463376694793000,1487,137,716,1006,273,132
1728463376695635000,1401,66,962,1052,181,237
1728463376696477000,1248,0,1172,1058,84,397
1728463376697318000,1082,0,1402,1029,11,544
1728463376698160000,878,11,1535,939,0,687
1728463376699002000,655,128,1656,826,0,818
1728463376699844000,452,296,1731,673,0,935
1728463376700686000,258,490,1720,522,67,1022
1728463376701528000,111,702,1656,389,156,1088
1728463376702370000,0,960,1536,258,260,1100
1728463376703212000,0,1145,1364,162,431,1075
1728463376704053000,0,1299,1165,64,546,1018
1728463376704895000,0,1394,950,22,661,926
1728463376705737000,145,1525,706,0,670,784
1728463376706579000,357,1600,489,0,785,647
1728463376707421000,490,1631,282,27,890,490
1728463376708263000,697,1552,121,117,925,356
1728463376709105000,914,1443,1,239,930,234
1728463376709947000,1120,1279,0,383,906,103
1728463376710789000,1288,1088,4,530,832,26
1728463376711630000,1436,879,31,666,737,0
1728463376712472000,1536,648,170,782,624,0
1728463376713313000,1592,466,343,890,504,0
1728463376714155000,1571,249,538,992,378,47
1728463376714997000,1537,117,722,1045,279,178
1728463376715839000,1385,11,970,1071,145,229
1728463376716681000,1182,104,1215,1090,74,391
1728463376717523000,1023,0,1413,1019,4,588
1728463376718365000,820,40,1571,907,0,729
1728463376719216000,599,173,1684,781,0,852
1728463376720058000,395,345,1729,647,5,960
1728463376720900000,221,535,1713,489,82,1043
1728463376721742000,89,757,1627,347,173,1108
1728463376722584000,0,965,1493,269,296,1100
1728463376723426000,0,1173,1322,161,418,1073
1728463376724268000,0,1354,1102,32,546,1010
1728463376725110000,0,1500,874,0,648,922
1728463376725952000,148,1649,663,0,754,765
1728463376726794000,325,1652,431,0,848,599
1728463376727636000,542,1617,229,34,905,463
1728463376728478000,753,1536,86,144,924,320
1728463376729320000,965,1401,0,277,932,192
1728463376730162000,1165,1232,0,423,890,100
1728463376731004000,1344,1031,0,562,816,17
1728463376731846000,1479,821,45,700,704,0
1728463376732692000,1566,606,201,819,591,0
1728463376733534000,1605,377,389,919,468,0
1728463376734376000,1567,213,590,1006,338,74
1728463376735218000,1600,34,832,1057,213,168
1728463376736060000,1441,0,1093,1090,109,327
1728463376736901000,1240,0,1256,1110,46,488
1728463376737743000,969,0,1472,985,0,623
1728463376738585000,767,81,1603,879,0,757
1728463376739427000,544,202,1703,750,0,881
1728463376740269000,352,392,1728,597,23,984
1728463376741111000,183,594,1694,448,97,1060
1728463376741953000,41,815,1646,322,212,1107
1728463376742795000,0,1026,1481,204,330,1177
1728463376743637000,0,1217,1232,98,463,1107
1728463376744479000,0,1394,1028,11,568,1039
1728463376745321000,116,1547,774,0,692,914
1728463376746173000,245,1609,565,0,769,653
1728463376747015000,360,1765,350,5,875,538
1728463376747857000,601,1600,199,66,912,426
1728463376748699000,802,1504,57,186,932,294
1728463376749541000,1028,1366,0,313,931,168
1728463376750383000,1216,1185,4,456,871,76
1728463376751224000,1375,983,0,601,784,0
1728463376752066000,1514,772,112,736,672,0
1728463376752907000,1582,542,246,850,548,0
1728463376753749000,1571,349,441,944,434,18
1728463376754591000,1559,171,672,992,308,90
1728463376755433000,1434,78,904,1042,207,253
1728463376756275000,1290,64,1146,1060,113,359
1728463376757116000,1108,11,1327,1022,20,501
1728463376757958000,933,1,1504,973,0,650
1728463376758800000,706,113,1642,842,0,783
1728463376759648000,496,253,1714,710,0,909
1728463376760490000,312,448,1731,549,42,1007
1728463376761332000,138,663,1675,416,130,1076
1728463376762174000,9,945,1561,287,242,1092
1728463376763016000,0,1125,1401,174,366,1088
1728463376763858000,0,1265,1197,73,532,1045
1728463376764699000,0,1418,983,2,638,946
1728463376765541000,114,1511,759,2,741,818
1728463376766383000,245,1603,527,0,753,694
1728463376767225000,550,1623,401,26,852,519
1728463376768067000,648,1591,154,91,926,390
1728463376768909000,867,1467,21,220,939,258
1728463376769751000,1074,1319,0,350,909,143
1728463376770593000,1262,1137,1,497,850,45
1728463376771434000,1413,926,25,641,762,0
1728463376772276000,1526,715,129,763,648,0
1728463376773127000,1592,492,293,874,534,0
1728463376773969000,1589,306,504,975,394,31
1728463376774811000,1521,137,721,1037,289,122
1728463376775653000,1466,45,917,1068,165,149
1728463376776495000,1271,0,1146,1064,74,335
1728463376777337000,1052,106,1344,1041,21,501
1728463376778179000,861,18,1545,938,0,693
1728463376779021000,653,136,1663,823,0,826
1728463376779863000,448,301,1723,666,0,938
1728463376780705000,266,507,1720,520,56,1028
1728463376781547000,98,708,1653,383,161,1088
1728463376782389000,50,917,1521,255,261,1103
1728463376783231000,21,1128,1355,193,389,1088
1728463376784073000,0,1317,1157,98,517,1023
1728463376784915000,0,1473,934,12,628,931
1728463376785757000,89,1567,669,0,730,776
1728463376786600000,266,1630,462,0,821,673
1728463376787442000,477,1677,293,17,884,488
1728463376788284000,700,1555,116,126,930,357
1728463376789126000,922,1439,0,244,940,225
1728463376789968000,1130,1274,0,393,900,106
1728463376790810000,1295,1084,1,544,832,20
1728463376791651000,1439,861,45,679,736,0
1728463376792492000,1553,649,157,786,618,0
1728463376793334000,1600,442,345,901,485,0
1728463376794176000,1583,252,546,994,369,38
1728463376795018000,1511,82,762,1061,265,154
1728463376795860000,1397,0,1002,1088,81,279
1728463376796702000,1223,0,1230,1060,10,434
1728463376797544000,1045,0,1423,1018,0,562
1728463376798385000,814,42,1582,912,0,725
1728463376799227000,602,174,1676,771,0,854
1728463376800092000,398,343,1730,632,2,962
1728463376800934000,218,549,1711,482,84,1049
1728463376801776000,73,760,1628,357,185,1102
1728463376802618000,0,969,1494,224,295,1107
1728463376803460000,0,1176,1312,125,421,1072
1728463376804301000,0,1358,1176,47,548,997
1728463376805143000,32,1496,904,0,650,896
1728463376805985000,174,1590,522,0,748,846
1728463376806827000,362,1623,357,0,860,656
1728463376807669000,619,1614,200,41,896,383
1728463376808511000,754,1535,74,151,935,325
1728463376809353000,978,1400,0,274,929,197
1728463376810194000,1170,1240,0,420,890,90
1728463376811036000,1344,1028,0,576,809,9
1728463376811877000,1487,809,58,698,722,0
1728463376812719000,1567,597,213,823,562,1
1728463376813562000,1604,393,405,924,448,0
1728463376814404000,1562,201,590,1013,341,84
1728463376815246000,1483,68,826,1064,237,192
1728463376816087000,1321,0,1089,1111,133,322
1728463376816929000,1130,0,1274,995,37,461
1728463376817770000,946,0,1455,953,0,653
1728463376818612000,767,70,1607,883,0,757
1728463376819454000,540,217,1703,740,0,885
1728463376820296000,362,394,1728,596,26,983
1728463376821138000,178,600,1693,455,106,1066
1728463376821980000,42,817,1600,320,210,1103
1728463376822822000,0,1025,1434,197,329,1141
1728463376823663000,0,1240,1250,102,461,1042
1728463376824505000,0,1393,1035,21,580,970
1728463376825347000,68,1573,808,1,676,853
1728463376826189000,242,1668,579,0,850,706
1728463376827034000,407,1512,352,0,935,536
1728463376827875000,601,1547,186,97,960,423
1728463376828717000,820,1507,45,178,947,292
1728463376829559000,1026,1365,0,320,918,162
1728463376830401000,1213,1189,0,457,874,64
1728463376831242000,1372,974,0,605,788,0
1728463376832084000,1505,761,82,730,681,0
1728463376832926000,1572,530,241,853,548,0
1728463376833767000,1579,344,451,951,413,23
1728463376834609000,1532,177,670,1028,312,96
1728463376835451000,1444,46,898,1070,204,224
1728463376836293000,1280,10,1112,1074,105,348
1728463376837135000,1113,0,1434,1039,45,508
1728463376837977000,905,25,1586,952,13,669
1728463376838819000,704,96,1635,853,0,782
1728463376839661000,489,253,1717,705,0,911
1728463376840518000,303,450,1724,555,34,1010
1728463376841360000,137,650,1679,418,130,1080
1728463376842202000,10,868,1565,290,235,1109
1728463376843044000,0,1054,1402,172,418,1088
1728463376843886000,0,1257,1210,79,528,1036
1728463376844728000,0,1415,988,13,619,951
1728463376845570000,105,1549,753,0,700,826
1728463376846412000,397,1616,546,0,765,679
1728463376847254000,541,1634,362,26,856,528
1728463376848096000,548,1555,141,165,910,417
1728463376848938000,869,1476,21,210,935,265
1728463376849780000,1088,1319,0,357,911,133
1728463376850622000,1253,1122,0,509,847,45
1728463376851464000,1401,909,17,639,761,0
1728463376852306000,1527,704,130,762,642,0
1728463376853147000,1591,503,308,882,517,0
1728463376853987000,1580,288,490,971,392,33
1728463376854829000,1532,141,715,1040,285,133
1728463376855671000,1418,18,960,1088,176,249
1728463376856513000,1274,85,1178,1114,106,362
1728463376857355000,1100,65,1372,1035,16,523
1728463376858197000,878,74,1535,929,66,669
1728463376859039000,646,141,1669,805,0,836
1728463376859881000,442,309,1728,666,1,936
1728463376860723000,257,500,1724,517,66,1034
1728463376861565000,106,722,1653,373,156,1095
1728463376862407000,1,929,1527,260,279,1101
1728463376863249000,0,1130,1359,180,395,1088
1728463376864091000,0,1312,1144,49,520,1024
1728463376864932000,5,1466,933,0,622,921
1728463376865774000,136,1578,688,0,733,796
1728463376866616000,298,1624,458,0,832,634
1728463376867466000,501,1637,354,21,929,505
1728463376868308000,705,1519,28,121,917,433
1728463376869150000,922,1434,0,252,936,224
1728463376869992000,1128,1277,0,396,905,122
1728463376870833000,1310,1074,0,538,832,31
1728463376871675000,1447,860,42,672,726,0
1728463376872517000,1549,645,173,789,613,0
1728463376873359000,1588,406,361,895,490,0
1728463376874201000,1571,244,554,992,373,68
1728463376875043000,1516,101,781,1054,258,162
1728463376875885000,1422,0,1031,1088,145,298
1728463376876726000,1285,0,1257,1063,38,441
1728463376877568000,972,0,1401,1078,0,612
1728463376878410000,743,42,1588,954,0,754
1728463376879252000,592,180,1688,782,0,861
1728463376880094000,397,341,1728,633,11,960
1728463376880948000,215,557,1705,474,82,1045
1728463376881790000,66,773,1620,345,186,1091
1728463376882632000,0,975,1489,234,308,1104
1728463376883474000,0,1186,1274,117,442,1138
1728463376884315000,0,1362,1074,42,546,1048
1728463376885157000,44,1507,858,0,656,870
1728463376885999000,177,1652,609,0,763,738
1728463376886841000,386,1712,398,0,843,588
1728463376887683000,565,1489,215,30,981,429
1728463376888525000,754,1472,75,164,969,320
1728463376889367000,977,1401,0,276,935,194
1728463376890209000,1177,1229,0,437,884,88
1728463376891051000,1341,1025,0,576,808,2
1728463376891893000,1482,802,69,704,714,0
1728463376892735000,1564,594,210,832,587,0
1728463376893577000,1587,392,407,929,458,4
1728463376894424000,1570,213,613,1001,341,74
1728463376895266000,1486,75,842,1055,242,196
1728463376896108000,1348,0,1150,1066,138,335
1728463376896950000,1155,5,1365,1056,82,488
1728463376897792000,967,11,1515,975,0,716
1728463376898634000,757,68,1559,862,0,832
1728463376899476000,541,224,1699,742,0,903
1728463376900318000,356,395,1732,593,27,992
1728463376901160000,170,602,1695,450,107,1069
1728463376902002000,41,821,1600,320,213,1107
1728463376902844000,0,1035,1447,194,327,1108
1728463376903686000,0,1205,1249,98,475,1049
1728463376904528000,0,1380,1039,21,572,974
1728463376905370000,121,1511,805,0,669,852
1728463376906212000,281,1620,588,0,770,716
1728463376907054000,418,1635,343,58,844,587
1728463376907910000,545,1589,220,107,908,428
1728463376908753000,805,1500,47,153,937,293
1728463376909595000,1034,1367,0,327,925,158
1728463376910437000,1216,1178,4,466,869,66
1728463376911278000,1384,967,0,610,783,0
1728463376912120000,1511,753,96,729,676,0
1728463376912962000,1585,543,253,853,555,0
1728463376913804000,1585,346,431,951,428,16
1728463376914646000,1562,180,666,1019,315,84
1728463376915488000,1443,58,898,1075,203,226
1728463376916330000,1310,50,1130,1088,107,342
1728463376917172000,1153,49,1332,1040,45,490
1728463376918013000,892,0,1497,956,56,647
1728463376918855000,697,72,1632,833,8,781
1728463376919697000,483,258,1715,706,0,911
1728463376920539000,303,436,1722,557,45,1010
1728463376921383000,145,661,1677,407,125,1079
1728463376922225000,20,878,1567,296,245,1106
1728463376923067000,0,1085,1409,170,370,1098
1728463376923908000,0,1272,1198,65,489,1044
1728463376924750000,0,1434,975,0,606,946
1728463376925592000,109,1553,750,0,709,818
1728463376926434000,242,1639,533,0,805,668
1728463376927276000,434,1632,406,0,912,540
1728463376928118000,638,1578,37,82,885,479
1728463376928960000,874,1472,2,218,940,266
1728463376929802000,1072,1319,1,354,911,139
1728463376930644000,1266,1130,0,506,855,48
1728463376931485000,1419,913,21,629,756,0
1728463376932327000,1538,702,141,767,640,0
1728463376933169000,1584,482,303,880,521,0
1728463376934011000,1602,286,500,975,405,34
1728463376934845000,1525,130,734,1048,266,109
1728463376935687000,1409,17,967,1077,180,257
1728463376936528000,1316,0,1186,1083,74,405
1728463376937369000,946,0,1358,1100,10,586
1728463376938211000,799,26,1571,971,0,701
1728463376939053000,628,145,1666,808,0,820
1728463376939895000,434,297,1728,673,0,938
1728463376940737000,254,501,1714,509,58,1036
1728463376941579000,106,718,1650,383,156,1088
1728463376942421000,0,924,1527,264,269,1105
1728463376943263000,0,1136,1351,154,402,1088
1728463376944105000,0,1321,1137,50,517,1059
1728463376944947000,26,1472,912,0,632,897
1728463376945789000,144,1626,692,0,739,774
1728463376946631000,313,1715,448,26,853,613
1728463376947473000,490,1511,267,26,970,475
1728463376948348000,732,1502,128,129,856,338
1728463376949190000,960,1436,0,245,938,226
1728463376950032000,1134,1269,0,389,900,112
1728463376950874000,1298,1066,0,544,832,18
1728463376951716000,1452,853,47,681,732,0
1728463376952558000,1554,632,174,804,613,0
1728463376953399000,1600,440,352,900,482,0
1728463376954241000,1571,248,568,986,357,52
1728463376955083000,1501,98,797,1055,257,165
1728463376955925000,1378,0,1022,1078,154,298
1728463376956766000,1212,9,1315,1053,89,450
1728463376957608000,1013,21,1479,1000,0,628
1728463376958450000,798,64,1464,898,0,824
1728463376959291000,597,174,1682,778,1,880
1728463376960133000,392,354,1734,626,10,967
1728463376960975000,206,561,1709,472,85,1048
1728463376961812000,69,772,1618,347,192,1100
1728463376962654000,0,986,1477,224,311,1109
1728463376963496000,0,1184,1295,116,448,1082
1728463376964338000,0,1344,1084,39,576,989
1728463376965179000,44,1480,864,0,641,884
1728463376966021000,199,1587,621,0,757,754
1728463376966863000,453,1624,454,0,824,610
1728463376967705000,449,1607,206,114,901,484
1728463376968547000,728,1509,64,101,935,306
1728463376969389000,985,1397,0,277,927,194
1728463376970231000,1182,1226,0,432,890,85
1728463376971072000,1347,1015,0,583,806,7
1728463376971914000,1496,800,65,707,714,0
1728463376972756000,1567,581,217,832,576,0
1728463376973598000,1600,389,414,927,439,0
1728463376974440000,1570,209,607,1010,344,82
1728463376975291000,1484,71,834,1064,226,197
1728463376976133000,1355,0,1082,1082,130,322
1728463376976974000,1167,87,1274,1093,57,452
1728463376977816000,1001,65,1477,995,0,605
1728463376978658000,750,0,1603,854,64,744
1728463376979500000,533,216,1706,736,0,891
1728463376980342000,352,405,1728,586,37,986
1728463376981184000,170,612,1685,448,110,1066
1728463376982026000,36,832,1592,313,221,1106
1728463376982867000,0,1043,1441,197,340,1101
1728463376983708000,0,1248,1250,133,465,1055
1728463376984549000,0,1402,1035,43,585,977
1728463376985391000,64,1535,797,0,681,853
1728463376986233000,217,1616,568,0,782,717
1728463376987075000,394,1663,365,0,860,535
1728463376987917000,585,1583,278,64,913,423
1728463376988768000,816,1513,90,173,935,346
1728463376989610000,1038,1358,0,327,918,157
1728463376990452000,1219,1165,4,469,865,66
1728463376991293000,1388,960,0,615,781,0
1728463376992135000,1511,746,113,736,668,0
1728463376992977000,1587,529,266,855,548,0
1728463376993819000,1594,341,453,952,421,13
1728463376994661000,1550,161,681,1027,311,104
1728463376995503000,1445,43,916,1064,181,233
1728463376996345000,1302,0,1152,1088,98,362
1728463376997187000,1219,0,1399,1057,10,516
1728463376998029000,988,0,1525,964,0,656
1728463376998871000,594,105,1638,888,0,847
1728463376999713000,474,256,1712,697,0,908
1728463377000555000,298,444,1723,554,45,1009
1728463377001397000,130,664,1676,405,129,1083
1728463377002245000,10,883,1565,299,247,1106
1728463377003087000,0,1089,1410,176,372,1095
1728463377003928000,0,1285,1171,71,497,1088
1728463377004770000,0,1440,962,1,604,1002
1728463377005612000,133,1556,737,0,720,801
1728463377006454000,255,1626,516,0,808,670
1728463377007296000,441,1731,308,37,898,494
1728463377008138000,665,1472,146,84,994,368
1728463377008981000,896,1427,31,228,960,249
1728463377009823000,1088,1313,0,361,916,136
1728463377010665000,1269,1124,0,505,845,45
1728463377011506000,1427,916,22,644,754,0
1728463377012348000,1530,700,141,770,644,0
1728463377013190000,1586,476,301,879,517,0
1728463377014032000,1568,297,518,974,383,29
1728463377014874000,1505,127,736,1047,281,130
1728463377015857000,1396,21,972,1075,173,257
1728463377016699000,1248,1,1186,1075,89,415
1728463377017541000,1058,4,1462,1020,42,558
1728463377018383000,832,26,1442,918,0,783
1728463377019225000,630,125,1594,805,2,898
1728463377020067000,434,303,1730,663,0,943
1728463377020909000,250,510,1720,513,58,1041
1728463377021751000,94,715,1656,377,168,1092
1728463377022593000,0,935,1520,254,273,1109
1728463377023435000,0,1145,1351,146,400,1088
1728463377024277000,0,1311,1152,55,504,1013
1728463377025119000,17,1462,919,0,616,917
1728463377025961000,220,1571,679,0,736,782
1728463377026803000,340,1629,464,0,821,642
1728463377027645000,405,1615,290,78,880,522
1728463377028487000,663,1543,87,73,927,335
1728463377029204000,921,1489,17,237,935,194
1728463377030046000,1137,1271,0,392,907,100
1728463377030888000,1302,1064,0,545,826,20
1728463377031729000,1458,850,37,676,733,0
1728463377032571000,1553,639,169,794,608,0
1728463377033413000,1600,442,356,905,487,0
1728463377034255000,1575,241,559,997,369,44
1728463377035097000,1497,101,778,1059,261,154
1728463377035939000,1381,0,993,1079,145,289
1728463377036781000,1211,2,1233,1072,64,437
1728463377037622000,1004,0,1423,990,81,581
1728463377038464000,788,0,1565,914,57,719
1728463377039306000,609,135,1685,761,0,856
1728463377040148000,381,348,1731,624,10,961
1728463377040990000,209,558,1698,480,93,1056
1728463377041832000,71,785,1625,341,186,1109
1728463377042678000,0,992,1482,228,320,1103
1728463377043519000,0,1189,1306,129,437,1077
1728463377044361000,0,1359,1084,23,554,996
1728463377045203000,42,1506,860,0,661,886
1728463377046045000,184,1602,624,0,760,750
1728463377046887000,353,1639,463,0,853,596
1728463377047729000,540,1633,282,36,913,444
1728463377048571000,762,1506,0,144,934,394
1728463377049413000,1053,1419,0,292,941,117
1728463377050255000,1179,1226,10,436,889,97
1728463377051096000,1351,1013,0,578,811,10
1728463377051938000,1487,797,75,704,696,0
1728463377052780000,1573,583,221,832,577,0
1728463377053622000,1592,378,421,937,450,1
1728463377054464000,1566,193,621,1013,309,94
1728463377055306000,1483,69,858,1068,220,193
1728463377056163000,1336,0,1088,1080,116,329
1728463377057004000,1160,0,1300,1059,43,476
1728463377057845000,835,0,1470,1050,0,663
1728463377058687000,666,90,1639,912,0,811
1728463377059529000,498,228,1718,663,0,866
1728463377060371000,329,402,1732,585,26,992
1728463377061213000,173,621,1681,432,116,1070
1728463377062055000,40,837,1600,314,213,1105
1728463377062897000,0,1049,1429,197,346,1108
1728463377063739000,0,1241,1248,100,476,1060
1728463377064580000,0,1405,992,8,583,1013
1728463377065422000,84,1536,779,0,681,861
1728463377066264000,228,1620,561,0,792,691
1728463377067106000,397,1687,354,0,864,557
1728463377067948000,654,1659,154,71,918,393
1728463377068790000,824,1429,38,209,980,266
1728463377069635000,1049,1311,2,320,852,148
1728463377070477000,1232,1169,0,463,869,64
1728463377071319000,1394,964,0,609,777,1
1728463377072161000,1518,747,111,742,668,0
1728463377073003000,1576,526,274,858,544,0
1728463377073845000,1594,325,458,964,424,18
1728463377074687000,1541,165,692,1008,306,113
1728463377075529000,1422,58,914,1072,194,238
1728463377076371000,1298,2,1144,1085,106,366
1728463377077213000,1128,2,1354,1044,29,525
1728463377078054000,903,0,1621,949,0,673
1728463377078896000,693,138,1737,832,18,796
1728463377079738000,458,286,1699,683,0,1028
1728463377080580000,294,463,1728,546,52,1016
1728463377081422000,130,676,1674,405,133,1082
1728463377082264000,5,882,1561,282,247,1114
1728463377083111000,0,1090,1400,169,375,1097
1728463377083953000,0,1290,1186,69,500,1047
1728463377084794000,2,1419,966,10,654,931
1728463377085636000,112,1543,733,0,741,801
1728463377086478000,265,1609,506,0,793,668
1728463377087320000,521,1629,311,6,877,524
1728463377088162000,740,1566,139,133,899,374
1728463377089005000,832,1455,50,276,933,238
1728463377089847000,1056,1314,0,312,911,125
1728463377090689000,1273,1116,0,509,839,33
1728463377091530000,1432,903,29,648,756,0
1728463377092372000,1530,687,146,776,638,0
1728463377093214000,1591,466,309,889,514,0
1728463377094056000,1587,284,516,975,386,41
1728463377094898000,1512,124,722,1040,279,133
1728463377095740000,1422,15,967,1077,175,266
1728463377096599000,1256,4,1174,1072,86,402
1728463377097440000,1067,0,1392,1021,9,559
1728463377098282000,845,148,1531,954,0,650
1728463377099124000,649,218,1657,839,0,805
1728463377099966000,437,196,1711,644,85,928
1728463377100808000,245,509,1716,511,58,1040
1728463377101650000,89,726,1652,373,162,1088
1728463377102492000,0,933,1518,258,279,1112
1728463377103334000,0,1144,1338,145,409,1090
1728463377104175000,0,1330,1152,50,525,1023
1728463377105017000,0,1474,913,43,629,909
1728463377105859000,127,1572,677,0,738,777
1728463377106701000,302,1632,462,0,837,638
1728463377107543000,506,1626,266,34,890,481
1728463377108385000,706,1517,213,113,953,361
1728463377109227000,925,1472,47,234,933,218
1728463377110064000,1129,1250,0,388,897,170
1728463377110906000,1312,1071,0,545,832,11
1728463377111747000,1452,847,49,677,721,0
1728463377112589000,1556,631,186,799,613,0
1728463377113431000,1594,432,365,903,480,0
1728463377114273000,1576,242,566,993,367,51
1728463377115115000,1501,79,789,1059,255,173
1728463377115957000,1376,0,1032,1074,136,320
1728463377116798000,1203,0,1226,1063,45,444
1728463377117639000,1030,0,1427,1005,0,592
1728463377118481000,898,29,1632,907,0,733
1728463377119323000,650,164,1701,757,0,862
1728463377120165000,277,343,1714,682,0,1010
1728463377121007000,202,563,1717,472,85,1049
1728463377121849000,64,775,1618,352,194,1103
1728463377122691000,0,992,1484,218,309,1111
1728463377123540000,0,1199,1296,119,426,1072
1728463377124382000,0,1372,1081,41,552,989
1728463377125224000,49,1501,935,0,664,887
1728463377126066000,188,1603,658,0,770,802
1728463377126908000,363,1632,394,0,842,648
1728463377127750000,576,1615,210,49,904,405
1728463377128592000,750,1640,50,175,946,272
1728463377129434000,1021,1456,0,267,927,161
1728463377130276000,1173,1142,0,440,932,64
1728463377131118000,1355,1010,0,580,810,5
1728463377131959000,1498,795,69,708,696,0
1728463377132801000,1566,581,228,832,576,0
1728463377133643000,1591,382,411,930,448,0
1728463377134485000,1559,206,628,1011,340,89
1728463377135327000,1452,64,853,1060,224,207
1728463377136169000,1317,0,1092,1072,109,335
1728463377137018000,1157,1,1293,1044,47,482
1728463377137859000,942,0,1481,954,0,639
1728463377138701000,705,101,1625,844,0,795
1728463377139543000,509,229,1693,698,0,873
1728463377140385000,329,413,1787,576,42,992
1728463377141227000,161,610,1690,444,109,1065
1728463377142069000,33,832,1600,309,213,1107
1728463377142911000,0,1045,1437,194,338,1108
1728463377143752000,0,1237,1248,90,470,1049
1728463377144594000,0,1407,1031,23,589,973
1728463377145436000,87,1600,790,2,690,836
1728463377146278000,230,1656,568,0,791,705
1728463377147120000,418,1624,357,0,906,552
1728463377147962000,612,1578,178,74,913,407
1728463377148804000,960,1474,67,192,904,274
1728463377149646000,1118,1336,10,330,888,138
1728463377151393000,1132,1153,0,541,850,74
1728463377152234000,1387,951,0,615,781,0
1728463377153076000,1515,740,102,736,672,0
1728463377153918000,1593,523,274,866,546,0
1728463377154760000,1589,329,466,962,418,18
1728463377155602000,1542,160,681,1021,303,112
1728463377156444000,1421,47,916,1069,194,233
1728463377157286000,1272,4,1138,1070,101,370
1728463377158127000,1099,0,1344,1038,26,526
1728463377158969000,892,0,1500,954,0,704
1728463377159811000,733,125,1617,817,0,724
1728463377160653000,458,389,1701,698,0,865
1728463377161495000,297,501,1724,541,77,1012
1728463377162337000,124,680,1674,394,133,1088
1728463377163179000,6,893,1554,282,255,1106
1728463377164021000,0,1099,1391,165,381,1098
1728463377164863000,0,1292,1183,71,505,1041
1728463377165704000,5,1448,960,1,613,943
1728463377166546000,96,1556,729,34,704,805
1728463377167388000,247,1620,507,25,808,671
1728463377168230000,450,1618,312,9,882,517
1728463377169072000,650,1584,137,82,924,383
1728463377169914000,872,1439,130,210,960,246
1728463377170756000,1076,1317,69,364,917,123
1728463377171598000,1268,1112,0,505,842,85
1728463377172439000,1433,901,32,653,749,0
1728463377173281000,1534,683,153,776,636,2
1728463377174123000,1593,464,320,890,513,0
1728463377174965000,1588,279,526,975,386,43
1728463377175807000,1529,128,748,1038,277,133
1728463377176649000,1405,0,976,1077,170,261
1728463377177490000,1241,0,1199,1077,79,413
1728463377178333000,1065,0,1393,1013,13,562
1728463377179175000,909,10,1557,922,0,692
1728463377180017000,708,133,1711,806,0,830
1728463377180859000,430,306,1712,725,0,960
1728463377181701000,214,514,1712,522,58,1038
1728463377182543000,90,728,1647,370,173,1094
1728463377183385000,0,948,1513,250,287,1112
1728463377184227000,0,1156,1338,129,410,1090
1728463377185069000,0,1338,1138,49,530,1013
1728463377185911000,26,1485,909,0,637,916
1728463377186753000,157,1579,693,0,747,841
1728463377187595000,320,1632,434,0,828,683
1728463377188437000,520,1619,253,22,888,480
1728463377189279000,712,1636,73,135,933,294
1728463377190121000,983,1476,0,250,924,197
1728463377190963000,1119,1172,0,405,956,87
1728463377191806000,1311,1042,0,554,836,13
1728463377192647000,1472,841,45,679,728,0
1728463377193489000,1553,623,185,799,609,0
1728463377194331000,1591,423,363,913,471,0
1728463377195173000,1573,235,578,995,363,64
1728463377196015000,1497,85,799,1064,252,170
1728463377196857000,1377,0,1044,1057,133,308
1728463377197699000,1188,0,1236,1050,64,450
1728463377198541000,992,4,1436,986,2,621
1728463377199383000,776,82,1598,880,0,740
1728463377200225000,570,162,1778,750,1,875
1728463377201067000,377,393,1792,606,45,971
1728463377201909000,209,566,1691,473,94,1082
1728463377202751000,64,784,1629,335,192,1109
1728463377203593000,0,995,1479,221,306,1106
1728463377204435000,0,1202,1293,117,439,1071
1728463377205291000,0,1365,1084,30,554,992
1728463377206133000,57,1520,853,0,661,879
1728463377206975000,197,1573,610,0,814,746
1728463377207817000,376,1610,407,0,888,582
1728463377208659000,560,1587,220,53,894,442
1728463377209501000,885,1516,114,164,903,311
1728463377210343000,878,1381,0,359,919,224
1728463377211185000,1120,1216,20,474,880,96
1728463377212027000,1357,999,0,581,807,1
1728463377212869000,1493,794,75,704,697,0
1728463377213711000,1576,578,227,832,570,0
1728463377214553000,1592,373,426,937,450,0
1728463377215395000,1560,204,618,1010,335,94
1728463377216237000,1472,64,855,1053,226,204
1728463377217079000,1328,0,1088,1073,122,335
1728463377217921000,1154,0,1290,1052,49,492
1728463377218759000,963,0,1476,967,0,629
1728463377219601000,757,82,1586,846,0,709
1728463377220443000,517,324,1687,752,5,852
1728463377221285000,342,298,1698,566,109,984
1728463377222127000,165,622,1691,427,109,1078
1728463377222969000,27,839,1592,309,224,1102
1728463377223811000,0,1056,1438,193,349,1112
1728463377224652000,0,1239,1235,92,480,1057
1728463377225494000,0,1412,1024,12,578,969
1728463377226336000,75,1534,792,21,677,836
1728463377227178000,210,1617,563,13,788,706
1728463377228020000,404,1625,353,0,861,557
1728463377228862000,617,1585,178,53,916,407
1728463377229704000,814,1479,42,178,932,264
1728463377230546000,1042,1384,64,320,952,164
1728463377231388000,1234,1154,0,463,850,155
1728463377232234000,1403,966,4,617,778,0
1728463377233076000,1522,744,114,743,674,0
1728463377233918000,1576,521,277,862,540,0
1728463377234760000,1592,323,463,952,420,26
1728463377235602000,1547,161,684,1031,297,113
1728463377236444000,1431,26,927,1072,197,244
1728463377237286000,1297,0,1146,1086,107,378
1728463377238127000,1103,0,1354,1033,8,530
1728463377238969000,903,1,1521,952,0,670
1728463377239811000,792,105,1705,850,0,794
1728463377240653000,532,271,1706,704,0,928
1728463377241495000,197,462,1729,591,34,1061
1728463377242337000,118,681,1673,401,139,1081
1728463377243179000,5,884,1552,281,253,1108
1728463377244021000,0,1102,1379,162,383,1098
1728463377244863000,0,1301,1182,69,497,1044
1728463377245718000,13,1445,960,2,617,932
1728463377246560000,110,1557,782,0,718,807
1728463377247402000,274,1624,498,0,815,733
1728463377248244000,466,1624,297,7,881,558
1728463377249086000,670,1574,126,101,925,361
1728463377249928000,907,1529,0,261,956,210
1728463377250770000,1102,1184,0,354,992,105
1728463377251612000,1258,1035,9,533,888,21
1728463377252453000,1426,892,27,651,752,0
1728463377253295000,1542,680,148,781,638,2
1728463377254136000,1600,468,326,882,512,0
1728463377254978000,1588,278,526,984,378,36
1728463377255820000,1524,116,756,1042,276,141
1728463377256662000,1385,0,981,1053,164,260
1728463377257503000,1231,4,1204,1057,71,433
1728463377258344000,1048,0,1402,1013,23,568
1728463377259195000,834,34,1559,922,0,710
1728463377260037000,598,178,1674,780,0,818
1728463377260879000,415,285,1824,645,26,960
1728463377261721000,226,538,1714,488,57,1125
1728463377262563000,95,727,1639,367,174,1092
1728463377263405000,0,950,1504,245,288,1116
1728463377264246000,0,1156,1338,134,410,1086
1728463377265088000,0,1339,1126,46,535,1013
1728463377265930000,20,1481,900,0,641,916
1728463377266772000,164,1619,658,0,767,762
1728463377267614000,322,1610,448,0,872,629
1728463377268456000,517,1601,260,33,925,469
1728463377269298000,726,1531,97,133,928,338
1728463377270140000,1047,1407,17,261,909,224
1728463377270982000,1231,1235,0,468,879,106
1728463377271824000,1221,1045,25,613,810,64
1728463377272677000,1466,832,43,682,724,0
1728463377273519000,1558,626,192,807,602,0
1728463377274361000,1601,423,368,917,471,0
1728463377275203000,1575,230,580,997,361,57
1728463377276045000,1497,79,799,1064,247,174
1728463377276887000,1359,0,1046,1064,138,316
1728463377277728000,1191,0,1233,1055,53,453
1728463377278570000,994,5,1429,992,4,610
1728463377279412000,800,56,1587,895,2,742
1728463377280254000,610,197,1650,750,0,808
1728463377281096000,365,485,1716,633,26,941
1728463377281938000,220,626,1695,448,175,1042
1728463377282780000,54,794,1607,330,197,1117
1728463377283622000,0,1003,1472,214,322,1106
1728463377284464000,0,1211,1284,111,448,1067
1728463377285305000,0,1376,1073,34,561,992
1728463377286143000,57,1519,834,0,673,882
1728463377286985000,250,1601,607,34,761,750
1728463377287826000,349,1628,397,18,841,583
1728463377288668000,546,1597,222,78,901,439
1728463377289510000,779,1522,57,148,948,312
1728463377290352000,1014,1395,0,284,922,166
1728463377291194000,1175,1183,93,430,906,107
1728463377292036000,1359,1018,47,576,832,0
1728463377292878000,1494,790,74,713,697,0
1728463377293719000,1575,568,235,832,565,0
1728463377294561000,1594,369,431,940,448,0
1728463377295403000,1565,192,634,1019,329,98
1728463377296245000,1472,55,870,1060,224,210
1728463377297087000,1336,2,1091,1082,109,328
1728463377297929000,1144,0,1307,1051,53,500
1728463377298771000,941,0,1492,967,0,643
1728463377299619000,736,87,1622,864,0,771
1728463377300461000,551,194,1701,713,0,892
1728463377301303000,448,396,1758,584,0,994
1728463377302145000,196,612,1655,501,96,1081
1728463377302987000,26,840,1595,302,218,1110
1728463377303829000,0,1061,1428,192,353,1103
1728463377304670000,0,1250,1237,85,472,1045
1728463377305511000,0,1412,1023,20,581,964
1728463377306353000,92,1544,783,0,698,842
1728463377307195000,226,1616,559,0,788,705
1728463377308037000,410,1634,442,0,869,548
1728463377308879000,625,1581,221,81,917,404
1728463377309721000,837,1491,23,185,937,297
1728463377310563000,1103,1357,0,320,898,58
1728463377311405000,1202,1274,0,485,869,5
1728463377312247000,1374,1063,0,644,796,0
1728463377313106000,1520,732,114,736,659,0
1728463377313948000,1583,522,274,860,530,0
1728463377314790000,1589,322,474,967,418,22
1728463377315632000,1544,162,696,1026,308,122
1728463377316474000,1437,42,921,1072,189,238
1728463377317316000,1281,0,1159,1082,96,386
1728463377318158000,1052,0,1345,1037,21,535
1728463377318999000,860,10,1522,943,0,684
1728463377319841000,671,120,1662,837,0,801
1728463377320683000,438,322,1757,672,0,949
1728463377321525000,267,480,1729,521,64,1018
1728463377322367000,111,727,1748,404,141,1089
1728463377323209000,0,898,1555,279,250,1112
1728463377324051000,0,1102,1380,164,385,1094
1728463377324892000,0,1300,1188,65,507,1042
1728463377325734000,13,1448,962,0,617,942
1728463377326581000,120,1567,730,0,721,802
1728463377327423000,276,1675,496,0,815,650
1728463377328265000,473,1605,303,11,951,509
1728463377329107000,684,1554,138,107,952,376
1728463377329949000,929,1445,10,224,935,241
1728463377330791000,1182,1288,37,372,888,122
1728463377331633000,1202,1104,0,594,832,46
1728463377332474000,1328,889,26,716,740,20
1728463377333316000,1539,679,148,776,634,0
1728463377334157000,1600,458,320,904,517,0
1728463377334999000,1585,274,523,976,381,42
1728463377335841000,1517,126,750,1044,277,146
1728463377336683000,1404,1,976,1081,168,273
1728463377337525000,1248,8,1204,1064,70,432
1728463377338366000,1057,0,1382,1017,14,567
1728463377339208000,836,37,1543,918,0,700
1728463377340054000,626,146,1658,798,0,833
1728463377340896000,402,427,1706,671,25,913
1728463377341738000,267,592,1703,498,98,1023
1728463377342580000,58,648,1642,383,234,1082
1728463377343422000,0,952,1510,249,288,1114
1728463377344264000,0,1160,1336,129,410,1090
1728463377345106000,0,1337,1121,46,535,1009
1728463377345948000,26,1495,903,0,642,913
1728463377346790000,162,1593,658,0,757,772
1728463377347632000,303,1628,452,26,823,630
1728463377348474000,497,1609,254,23,893,464
1728463377349316000,726,1532,90,133,935,338
1728463377350158000,952,1422,0,256,936,213
1728463377351000000,1156,1254,74,395,946,109
1728463377351842000,1309,1047,45,546,810,47
1728463377352684000,1456,807,0,681,714,74
1728463377353533000,1560,612,186,802,596,0
1728463377354374000,1600,418,378,914,472,0
1728463377355216000,1575,224,590,1002,362,66
1728463377356058000,1496,85,808,1061,253,185
1728463377356900000,1363,0,1050,1077,127,306
1728463377357741000,1195,0,1256,1066,58,450
1728463377358583000,994,0,1440,994,0,608
1728463377359425000,792,64,1584,880,0,740
1728463377360266000,576,192,1692,753,0,868
1728463377361108000,466,362,1746,608,1,968
1728463377361950000,117,570,1714,522,98,1128
1728463377362792000,25,796,1624,265,205,1095
1728463377363634000,0,1019,1472,213,333,1109
1728463377364476000,0,1210,1283,117,450,1076
1728463377365318000,0,1376,1059,26,562,988
1728463377366160000,64,1516,832,0,671,873
1728463377367011000,206,1614,600,0,770,742
1728463377367853000,375,1633,433,0,857,628
1728463377368695000,576,1594,186,66,907,480
1728463377369537000,794,1511,53,161,933,301
1728463377370379000,1006,1437,0,297,928,180
1728463377371221000,1246,1252,0,439,868,53
1728463377372062000,1363,887,0,576,881,0
1728463377372904000,1493,709,74,725,741,0
1728463377373746000,1577,563,240,836,576,0
1728463377374588000,1595,361,430,942,444,5
1728463377375430000,1557,184,634,1012,329,89
1728463377376272000,1477,64,875,1066,224,210
1728463377377114000,1316,2,1111,1088,116,350
1728463377377955000,1145,0,1313,1051,39,501
1728463377378797000,932,0,1483,952,0,640
1728463377379639000,721,106,1632,853,0,790
1728463377380488000,506,249,1716,713,0,898
1728463377381330000,320,402,1828,562,39,1008
1728463377382172000,151,674,1756,412,121,1070
1728463377383014000,26,845,1500,296,220,1176
1728463377383856000,0,1057,1432,185,354,1094
1728463377384698000,0,1262,1223,82,487,1056
1728463377385539000,0,1420,1012,8,588,971
1728463377386381000,98,1542,779,0,692,840
1728463377387223000,234,1617,549,0,796,704
1728463377388065000,425,1615,338,0,928,555
1728463377388907000,638,1562,167,77,939,401
1728463377389749000,901,1480,37,205,927,274
1728463377390591000,1103,1340,0,338,917,151
1728463377391433000,1139,1152,0,546,837,109
1728463377392275000,1311,936,25,683,757,26
1728463377393117000,1477,725,136,765,663,0
1728463377393967000,1584,500,277,869,542,0
1728463377394809000,1589,312,469,960,412,22
1728463377395651000,1544,151,704,1034,300,114
1728463377396493000,1424,25,930,1069,192,242
1728463377397335000,1288,0,1153,1075,104,383
1728463377398177000,1095,0,1344,1033,25,540
1728463377399019000,872,18,1522,938,0,674
1728463377399861000,676,125,1663,832,0,789
1728463377400703000,474,279,1721,693,0,907
1728463377401545000,279,558,1728,562,66,999
1728463377402387000,111,583,1656,389,224,1063
1728463377403229000,2,842,1552,290,295,1106
1728463377404071000,0,1114,1376,154,381,1098
1728463377404912000,0,1296,1178,65,501,1029
1728463377405754000,13,1459,954,0,625,927
1728463377406596000,133,1564,720,1,729,810
1728463377407457000,285,1632,500,0,821,662
1728463377408299000,457,1623,302,50,874,505
1728463377409141000,664,1562,138,102,924,368
1728463377409984000,890,1446,1,224,935,238
1728463377410826000,1114,1306,45,373,910,121
1728463377411668000,1264,1108,46,506,820,122
1728463377412510000,1424,882,0,650,736,64
1728463377413352000,1539,672,94,766,634,29
1728463377414194000,1600,458,324,881,509,0
1728463377415036000,1579,274,533,992,382,39
1728463377415878000,1511,109,757,1047,276,153
1728463377416720000,1397,18,990,1070,162,287
1728463377417562000,1231,0,1207,1072,74,418
1728463377418404000,1052,0,1407,1018,21,565
1728463377419245000,834,21,1553,926,0,705
1728463377420087000,621,151,1680,795,0,839
1728463377420928000,471,308,1733,649,0,948
1728463377421770000,133,512,1723,559,66,1093
1728463377422612000,39,722,1624,309,165,1090
1728463377423454000,0,960,1512,245,285,1111
1728463377424296000,0,1163,1335,136,418,1078
1728463377425137000,0,1335,1125,50,535,1012
1728463377425979000,36,1479,889,0,642,898
1728463377426821000,178,1580,658,0,756,772
1728463377427663000,335,1640,448,0,832,619
1728463377428505000,517,1613,241,36,896,511
1728463377429347000,738,1537,82,132,932,322
1728463377430189000,960,1472,0,261,930,196
1728463377431031000,1152,1306,2,412,896,90
1728463377431873000,1322,930,0,548,901,0
1728463377432714000,1459,756,37,696,773,0
1728463377433556000,1567,599,178,810,585,0
1728463377434399000,1600,409,373,917,473,0
1728463377435241000,1573,224,581,1004,357,69
1728463377436083000,1487,85,810,1056,244,183
1728463377436925000,1361,0,1055,1080,142,309
1728463377437767000,1183,0,1259,1060,58,464
1728463377438608000,986,0,1448,981,8,612
1728463377439450000,798,66,1600,867,0,751
1728463377440292000,565,202,1693,762,0,872
1728463377441134000,357,370,1827,596,29,983
1728463377441976000,196,629,1760,450,117,1074
1728463377442818000,64,767,1542,325,210,1184
1728463377443660000,0,1012,1451,215,320,1088
1728463377444501000,0,1205,1277,119,449,1074
1728463377445343000,0,1381,1067,23,567,993
1728463377446185000,74,1518,836,0,660,872
1728463377447027000,201,1603,604,0,774,730
1728463377447879000,386,1632,402,0,869,584
1728463377448721000,581,1575,195,64,935,434
1728463377449564000,839,1495,64,169,914,293
1728463377450406000,1038,1376,0,303,928,184
1728463377451248000,1118,1194,0,506,881,106
1728463377452090000,1303,985,21,625,778,23
1728463377452932000,1454,779,74,669,688,0
1728463377453774000,1570,556,253,841,568,0
1728463377454615000,1600,362,424,943,441,13
1728463377455457000,1565,186,645,1022,322,90
1728463377456299000,1458,57,875,1067,216,211
1728463377457141000,1322,0,1109,1078,114,348
1728463377457982000,1141,0,1320,1046,43,501
1728463377458824000,949,4,1479,953,0,653
1728463377459666000,741,100,1621,839,0,769
1728463377460507000,517,242,1715,719,0,890
1728463377461356000,320,535,1711,596,56,973
1728463377462198000,162,529,1688,407,197,1060
1728463377463040000,23,808,1578,322,267,1098
1728463377463882000,0,1054,1416,184,354,1099
1728463377464724000,0,1261,1216,78,482,1057
1728463377465565000,0,1424,1002,16,591,962
1728463377466406000,98,1546,772,0,697,834
1728463377467248000,242,1628,542,0,795,693
1728463377468090000,423,1632,335,29,866,540
1728463377468932000,622,1581,166,109,921,404
1728463377469774000,834,1479,36,199,932,260
1728463377470616000,1057,1329,0,334,917,149
1728463377471458000,1236,1124,90,471,882,72
1728463377472300000,1407,973,79,619,797,0
1728463377473142000,1506,709,17,741,632,82
1728463377473984000,1585,497,285,878,528,0
1728463377474833000,1591,310,491,960,404,26
1728463377475675000,1539,154,708,1036,298,125
1728463377476517000,1426,23,942,1075,192,248
1728463377477359000,1273,0,1160,1078,92,393
1728463377478201000,1089,0,1367,1033,20,521
1728463377479043000,890,0,1523,942,0,658
1728463377479885000,665,114,1663,826,0,808
1728463377480727000,469,285,1722,682,0,921
1728463377481569000,346,470,1738,522,13,1018
1728463377482411000,10,680,1687,448,133,1125
1728463377483253000,0,901,1545,217,251,1095
1728463377484095000,0,1121,1373,148,381,1101
1728463377484937000,0,1306,1168,64,506,1027
1728463377485778000,4,1461,945,1,616,935
1728463377486620000,133,1565,708,2,729,801
1728463377487462000,282,1628,483,0,818,656
1728463377488313000,484,1632,289,18,877,543
1728463377489155000,685,1557,117,114,928,362
1728463377489998000,904,1502,4,234,931,226
1728463377490840000,1111,1322,0,375,902,106
1728463377491682000,1269,971,2,517,906,13
1728463377492524000,1413,789,18,679,793,0
1728463377493366000,1560,609,149,777,546,0
1728463377494208000,1591,455,337,895,491,0
1728463377495050000,1573,258,542,984,376,43
1728463377495892000,1519,113,767,1044,269,156
1728463377496734000,1400,6,1002,1080,165,274
1728463377497575000,1233,0,1223,1074,78,430
1728463377498416000,1020,0,1418,1018,1,580
1728463377499258000,818,50,1568,906,0,714
1728463377500100000,617,169,1680,789,0,841
1728463377500942000,414,338,1730,648,5,970
1728463377501790000,217,523,1607,476,74,1133
1728463377502632000,84,738,1581,359,186,1153
1728463377503474000,0,949,1480,242,289,1044
1728463377504316000,0,1168,1311,132,424,1080
1728463377505157000,0,1354,1103,42,546,1023
1728463377505999000,45,1485,881,0,649,901
1728463377506841000,166,1596,650,0,756,761
1728463377507683000,341,1633,429,0,841,620
1728463377508525000,535,1603,234,36,887,471
1728463377509367000,809,1527,87,140,914,322
1728463377510209000,938,1405,0,313,926,203
1728463377511051000,1136,1241,0,433,895,96
1728463377511893000,1282,1046,0,485,812,5
1728463377512735000,1426,832,50,650,713,10
1728463377513577000,1545,648,210,795,596,0
1728463377514419000,1608,409,383,915,480,0
1728463377515268000,1574,222,597,1013,337,65
1728463377516110000,1486,75,839,1060,241,180
1728463377516952000,1354,0,1064,1080,138,330
1728463377517794000,1183,0,1277,1055,46,468
1728463377518635000,996,0,1450,996,0,596
1728463377519477000,775,74,1595,897,0,752
1728463377520319000,561,196,1692,753,0,866
1728463377521161000,365,365,1710,602,15,984
1728463377522003000,212,533,1687,455,40,1051
1728463377522845000,180,772,1628,346,173,1108
1728463377523687000,66,1007,1486,224,320,1120
1728463377524529000,0,1216,1270,103,450,1061
1728463377525371000,0,1393,1056,28,576,986
1728463377526213000,64,1516,825,0,676,864
1728463377527055000,222,1610,585,0,793,730
1728463377527897000,386,1637,377,0,852,582
1728463377528755000,576,1603,204,53,912,425
1728463377529597000,802,1507,114,175,937,304
1728463377530439000,1014,1369,0,295,920,242
1728463377531281000,1201,1201,0,448,877,100
1728463377532122000,1381,991,0,585,810,53
1728463377532964000,1556,776,57,714,677,0
1728463377533806000,1564,661,218,832,549,0
1728463377534648000,1606,357,442,946,426,4
1728463377535490000,1549,178,664,1023,319,96
1728463377536332000,1459,53,887,1061,212,218
1728463377537174000,1317,2,1129,1077,102,352
1728463377538016000,1130,4,1319,1047,34,500
1728463377538857000,944,0,1498,971,0,640
1728463377539699000,721,93,1628,852,0,784
1728463377540541000,489,256,1720,729,0,920
1728463377541383000,308,431,1740,554,40,1009
1728463377542232000,132,700,1684,383,125,1089
1728463377543074000,9,842,1644,276,240,1111
1728463377543916000,0,1054,1513,177,383,1112
1728463377544758000,0,1258,1217,82,485,1051
1728463377545600000,0,1429,999,9,603,960
1728463377546442000,98,1555,765,0,700,841
1728463377547284000,250,1617,535,0,804,682
1728463377548126000,424,1634,338,0,870,545
1728463377548968000,642,1645,145,79,920,391
1728463377549810000,856,1453,26,207,962,258
1728463377550652000,1064,1315,0,343,933,149
1728463377551494000,1259,1133,0,483,857,50
1728463377552335000,1483,902,6,616,714,0
1728463377553177000,1631,704,171,754,612,0
1728463377554019000,1656,480,286,886,500,0
1728463377554861000,1592,320,487,968,407,34
1728463377555699000,1543,142,711,1031,293,124
1728463377556541000,1424,25,943,1077,181,242
1728463377557383000,1274,0,1166,1075,90,392
1728463377558224000,1088,0,1376,1032,20,543
1728463377559066000,881,29,1535,930,0,693
1728463377559908000,673,144,1660,815,0,811
1728463377560750000,438,298,1723,672,0,931
1728463377561592000,270,485,1716,513,58,1025
1728463377562434000,166,727,1610,378,124,1016
1728463377563276000,0,1036,1521,269,267,1066
1728463377564118000,2,1192,1365,177,389,1068
1728463377564960000,0,1309,1157,58,514,1034
1728463377565802000,18,1467,940,0,613,928
1728463377566644000,130,1583,706,0,730,802
1728463377567486000,301,1633,480,0,826,660
1728463377568328000,489,1625,285,14,887,503
1728463377569185000,671,1553,122,180,917,357
1728463377570027000,894,1434,5,254,931,233
1728463377570869000,1103,1282,0,366,897,121
1728463377571711000,1298,1090,0,521,832,23
1728463377572553000,1423,897,37,647,744,0
1728463377573395000,1536,632,267,786,642,2
1728463377574236000,1560,458,425,881,532,12
1728463377575078000,1583,261,546,992,368,39
1728463377575920000,1511,101,785,1054,269,149
1728463377576762000,1397,2,999,1076,169,290
1728463377577603000,1226,0,1224,1066,66,434
1728463377578445000,1035,0,1419,1012,0,578
1728463377579287000,826,53,1570,914,0,700
1728463377580129000,610,136,1674,778,0,847
1728463377580971000,412,324,1720,637,9,939
1728463377581813000,224,529,1720,496,69,1046
1728463377582656000,181,736,1692,379,154,1076
1728463377583498000,43,961,1484,314,282,1121
1728463377584340000,0,1167,1330,189,422,1118
1728463377585182000,0,1355,1106,41,552,1005
1728463377586023000,36,1495,886,0,647,899
1728463377586865000,173,1596,646,0,761,760
1728463377587707000,343,1635,426,0,837,624
1728463377588549000,546,1626,245,44,901,470
1728463377589391000,749,1525,141,148,939,325
1728463377590233000,962,1404,0,274,925,260
1728463377591075000,1164,1233,0,416,880,125
1728463377591916000,1334,1038,0,561,818,28
1728463377592758000,1533,845,13,689,704,0
1728463377593600000,1554,670,173,802,606,0
1728463377594442000,1607,490,373,946,471,0
1728463377595284000,1564,213,612,1010,345,71
1728463377596136000,1487,75,822,1059,245,189
1728463377596978000,1355,0,1061,1088,130,320
1728463377597819000,1184,0,1277,1060,64,466
1728463377598661000,977,0,1461,993,0,615
1728463377599503000,773,64,1609,885,0,753
1728463377600345000,537,193,1689,745,0,885
1728463377601187000,356,363,1734,597,23,970
1728463377602029000,185,594,1698,462,114,1072
1728463377602871000,34,844,1601,309,210,1090
1728463377603713000,0,1002,1554,198,354,1122
1728463377604555000,0,1228,1344,98,496,1071
1728463377605396000,0,1392,1041,26,576,980
1728463377606238000,76,1524,817,0,692,864
1728463377607080000,213,1608,588,0,782,720
1728463377607922000,388,1639,385,0,860,570
1728463377608764000,594,1600,192,66,914,434
1728463377609611000,807,1568,49,170,931,289
1728463377610453000,1021,1341,0,306,977,158
1728463377611295000,1202,1172,0,460,885,71
1728463377612137000,1376,978,0,593,777,0
1728463377612979000,1641,769,125,725,641,4
1728463377613821000,1665,543,297,849,538,0
1728463377614663000,1649,351,418,1021,432,32
1728463377615505000,1553,178,653,1023,314,96
1728463377616347000,1464,53,901,1071,202,217
1728463377617189000,1310,5,1127,1080,109,364
1728463377618031000,1128,0,1322,1047,32,504
1728463377618872000,937,0,1491,964,0,655
1728463377619714000,707,106,1632,843,0,781
1728463377620556000,509,254,1714,712,0,906
1728463377621398000,313,410,1698,555,47,1008
1728463377622241000,151,644,1672,412,122,1068
1728463377623091000,1,967,1547,313,247,1071
1728463377623933000,18,1128,1390,182,366,1080
1728463377624775000,0,1159,1189,72,567,1037
1728463377625617000,0,1432,988,0,597,968
1728463377626459000,101,1547,757,0,698,822
1728463377627300000,255,1617,530,0,812,685
1728463377628142000,437,1629,321,8,878,541
1728463377628984000,649,1585,157,83,916,389
1728463377629826000,832,1472,21,238,928,266
1728463377630668000,1053,1316,0,338,913,145
1728463377631510000,1236,1144,0,476,839,53
1728463377632351000,1408,929,4,618,754,0
1728463377633192000,1504,767,146,729,639,0
1728463377634034000,1557,488,312,849,521,0
1728463377634876000,1579,320,554,949,414,29
1728463377635718000,1549,139,721,1036,279,116
1728463377636567000,1418,21,957,1082,178,254
1728463377637409000,1266,0,1178,1068,87,400
1728463377638250000,1078,0,1368,1026,21,546
1728463377639091000,879,30,1543,936,0,701
1728463377639933000,642,137,1657,816,0,794
1728463377640775000,448,288,1732,680,0,919
1728463377641617000,270,474,1714,517,69,1018
1728463377642459000,111,688,1661,388,98,1077
1728463377643301000,117,898,1551,274,226,1099
1728463377644143000,77,1115,1378,158,386,1089
1728463377644985000,16,1300,1148,142,503,1046
1728463377645827000,18,1465,933,0,621,925
1728463377646669000,128,1573,693,0,732,796
1728463377647511000,298,1631,469,0,832,656
1728463377648353000,501,1624,281,20,890,502
1728463377649195000,693,1565,117,122,925,352
1728463377650045000,910,1433,53,245,938,261
1728463377650887000,1116,1284,0,377,901,182
1728463377651729000,1295,1088,0,525,832,46
1728463377652570000,1450,878,23,666,746,0
1728463377653412000,1552,631,134,798,610,0
1728463377654254000,1600,550,337,926,500,0
1728463377655096000,1584,283,550,986,442,41
1728463377655938000,1518,98,772,1058,266,153
1728463377656780000,1387,4,1008,1080,158,293
1728463377657622000,1223,1,1223,1077,66,429
1728463377658463000,1022,0,1419,1008,5,578
1728463377659305000,810,43,1574,909,0,722
1728463377660147000,569,165,1684,777,0,853
1728463377660989000,381,341,1730,637,0,946
1728463377661831000,210,549,1716,487,82,1047
1728463377662673000,50,736,1698,348,186,1106
1728463377663525000,0,975,1578,228,322,1120
1728463377664367000,0,1175,1361,122,407,1167
1728463377665209000,0,1354,1038,36,538,1072
1728463377666051000,39,1500,871,0,650,894
1728463377666893000,171,1600,649,0,752,756
1728463377667735000,346,1638,429,0,844,610
1728463377668577000,548,1610,234,47,905,464
1728463377669419000,750,1532,85,146,928,331
1728463377670261000,964,1386,0,279,917,189
1728463377671103000,1167,1218,0,424,869,90
1728463377671945000,1388,1030,0,562,803,21
1728463377672787000,1547,810,66,692,698,0
1728463377673629000,1461,578,193,892,576,30
1728463377674471000,1528,381,416,962,453,0
1728463377675313000,1537,218,606,988,335,78
1728463377676155000,1487,82,834,1066,241,189
1728463377677006000,1354,0,1066,1084,139,329
1728463377677847000,1175,0,1272,1057,50,474
1728463377678689000,973,0,1457,981,0,622
1728463377679531000,767,71,1612,877,0,749
1728463377680373000,541,218,1687,737,0,885
1728463377681215000,366,386,1706,594,30,967
1728463377682057000,183,599,1701,457,98,1037
1728463377682899000,41,815,1594,322,277,1095
1728463377683741000,0,961,1436,221,373,1095
1728463377684583000,1,1180,1253,94,372,1047
1728463377685425000,0,1373,1042,26,562,980
1728463377686267000,64,1525,822,0,680,861
1728463377687109000,210,1605,583,0,783,721
1728463377687951000,389,1633,372,0,857,572
1728463377688793000,597,1600,189,66,914,420
1728463377689635000,818,1498,53,184,946,292
1728463377690483000,1013,1362,0,314,917,170
1728463377691325000,1209,1181,66,453,863,69
1728463377692167000,1367,981,23,602,786,0
1728463377693009000,1504,753,117,719,681,33
1728463377693851000,1575,520,178,835,577,58
1728463377694693000,1645,361,394,944,426,0
1728463377695535000,1552,194,654,1029,320,85
1728463377696377000,1451,45,885,1061,211,226
1728463377697219000,1316,1,1122,1080,102,361
1728463377698061000,1116,0,1325,1041,30,516
1728463377698903000,912,0,1497,969,0,651
1728463377699745000,708,98,1629,844,0,785
1728463377700587000,501,250,1717,709,0,906
1728463377701429000,303,429,1732,562,32,1008
1728463377702271000,138,629,1675,416,129,1081
1728463377703113000,0,863,1569,242,226,1105
1728463377703965000,0,1107,1428,149,357,1117
1728463377704807000,0,1321,1231,65,491,1057
1728463377705649000,0,1434,982,2,606,960
1728463377706491000,103,1556,759,0,697,832
1728463377707333000,250,1623,530,1,804,678
1728463377708175000,439,1629,338,9,877,528
1728463377709017000,653,1585,148,86,926,401
1728463377709859000,864,1499,26,206,935,250
1728463377710701000,1068,1361,0,352,912,129
1728463377711542000,1258,1118,0,488,903,47
1728463377712384000,1409,900,15,623,797,0
1728463377713226000,1544,666,113,761,673,0
1728463377714068000,1592,462,281,858,480,0
1728463377714910000,1695,293,528,968,375,29
1728463377715752000,1525,144,716,1037,284,123
1728463377716594000,1416,18,943,1077,184,257
1728463377717449000,1267,2,1168,1077,90,410
1728463377718290000,1080,0,1368,1023,26,552
1728463377719131000,865,21,1533,935,0,689
1728463377719973000,649,144,1660,809,0,819
1728463377720815000,438,285,1730,658,0,942
1728463377721657000,266,500,1719,514,64,1039
1728463377722499000,121,710,1648,385,166,1088
1728463377723341000,23,937,1485,250,279,1023
1728463377724183000,17,1136,1317,130,371,1032
1728463377725025000,0,1425,1135,57,516,1005
1728463377725867000,18,1487,929,0,631,929
1728463377726709000,146,1574,698,0,738,792
1728463377727551000,298,1634,474,0,823,650
1728463377728393000,500,1624,282,13,885,497
1728463377729235000,705,1566,114,119,930,366
1728463377730078000,906,1437,0,265,933,226
1728463377730919000,1107,1275,0,400,903,116
1728463377731761000,1285,1084,0,525,832,23
1728463377732602000,1432,868,42,658,736,0
1728463377733444000,1526,705,164,770,614,0
1728463377734286000,1578,492,341,879,482,0
1728463377735128000,1570,267,637,967,405,57
1728463377735970000,1505,98,767,1060,261,157
1728463377736812000,1384,0,1014,1075,151,295
1728463377737653000,1228,5,1226,1067,66,443
1728463377738494000,1016,6,1422,1006,2,582
1728463377739336000,822,38,1570,911,0,722
1728463377740178000,597,170,1657,776,0,841
1728463377741020000,407,354,1728,626,2,954
1728463377741863000,220,535,1703,489,82,1041
1728463377742705000,72,752,1625,354,184,1105
1728463377743547000,87,970,1547,250,281,1114
1728463377744394000,8,1172,1315,206,402,1088
1728463377745236000,0,1357,1117,111,533,1042
1728463377746078000,42,1504,865,0,655,898
1728463377746919000,178,1595,641,0,754,754
1728463377747761000,353,1635,425,0,850,600
1728463377748603000,553,1607,224,56,906,458
1728463377749445000,757,1529,82,141,927,327
1728463377750287000,974,1405,0,281,930,253
1728463377751129000,1166,1218,0,427,890,121
1728463377751971000,1347,1019,0,572,803,42
1728463377752812000,1476,814,64,696,702,0
1728463377753654000,1551,654,193,832,576,0
1728463377754496000,1606,463,381,952,469,0
1728463377755338000,1540,125,604,999,420,65
1728463377756180000,1479,66,837,1067,224,184
1728463377757022000,1344,0,1075,1091,133,330
1728463377757871000,1175,0,1282,1057,53,482
1728463377758712000,967,0,1457,977,0,625
1728463377759554000,762,73,1608,872,0,754
1728463377760396000,496,211,1682,738,0,885
1728463377761238000,330,392,1736,599,21,978
1728463377762080000,154,599,1693,440,100,1067
1728463377762922000,49,832,1589,322,210,1093
1728463377763764000,0,1026,1546,189,334,1114
1728463377764605000,0,1239,1345,96,490,1073
1728463377765447000,0,1429,1097,30,581,965
1728463377766289000,79,1529,811,0,673,858
1728463377767131000,209,1610,585,0,784,724
1728463377767973000,395,1625,368,0,862,568
1728463377768815000,601,1589,186,64,905,425
1728463377769657000,813,1506,55,192,935,290
1728463377770499000,1029,1325,0,325,967,161
1728463377771351000,1217,1156,0,463,904,69
1728463377772192000,1381,960,0,596,761,0
1728463377773034000,1507,747,100,732,661,0
1728463377773876000,1668,506,302,868,533,0
1728463377774718000,1552,335,415,1021,421,42
1728463377775560000,1473,158,692,1078,302,136
1728463377776402000,1447,36,901,1076,205,226
1728463377777244000,1301,0,1122,1084,106,362
1728463377778086000,1121,0,1324,1045,34,519
1728463377778928000,919,2,1509,962,0,658
1728463377779770000,704,106,1632,839,0,780
1728463377780612000,496,261,1714,705,0,914
1728463377781454000,314,444,1680,544,47,1010
1728463377782296000,146,663,1658,428,128,1070
1728463377783138000,16,871,1559,286,244,1109
1728463377783980000,0,1185,1376,192,379,1069
1728463377784839000,16,1323,1188,64,532,1016
1728463377785681000,0,1344,960,0,669,939
1728463377786523000,98,1556,751,0,711,834
1728463377787365000,260,1620,525,0,805,685
1728463377788206000,451,1632,314,5,879,534
1728463377789048000,650,1579,146,96,926,383
1728463377789890000,870,1466,20,218,938,258
1728463377790732000,1051,1308,0,363,905,144
1728463377791574000,1248,1123,0,491,854,42
1728463377792415000,1401,925,16,631,761,0
1728463377793257000,1518,694,137,766,648,0
1728463377794098000,1590,528,293,855,543,0
1728463377794940000,1589,289,608,970,425,48
1728463377795782000,1524,154,783,1034,272,230
1728463377796624000,1418,22,952,1075,181,261
1728463377797465000,1265,0,1181,1068,82,410
1728463377798312000,1081,0,1376,1021,9,557
1728463377799154000,857,21,1545,937,0,690
1728463377799995000,644,133,1668,813,0,824
1728463377800837000,450,301,1712,666,0,932
1728463377801679000,264,478,1720,518,57,1029
1728463377802521000,122,698,1645,386,146,1088
1728463377803363000,2,928,1531,270,258,1125
1728463377804205000,64,1117,1401,138,362,1088
1728463377805047000,80,1295,1184,75,490,1014
1728463377805888000,66,1463,906,64,609,939
1728463377806730000,148,1576,693,0,744,793
1728463377807572000,304,1628,463,0,826,642
1728463377808414000,506,1624,281,26,887,487
1728463377809256000,704,1556,114,122,930,357
1728463377810099000,928,1437,4,240,932,219
1728463377810941000,1119,1276,32,389,889,117
1728463377811784000,1301,1088,0,537,832,85
1728463377812626000,1445,865,32,663,733,21
1728463377813468000,1548,645,146,788,618,0
1728463377814310000,1588,432,309,895,481,0
1728463377815152000,1614,322,545,1006,362,22
1728463377815994000,1477,23,782,1054,320,151
1728463377816836000,1381,0,1020,1077,153,293
1728463377817677000,1219,4,1226,1065,68,448
1728463377818518000,1014,0,1421,1000,0,583
1728463377819360000,803,46,1580,905,0,723
1728463377820202000,596,178,1677,779,0,856
1728463377821044000,393,331,1728,632,0,966
1728463377821886000,181,562,1713,485,78,1053
1728463377822728000,74,770,1621,348,182,1106
1728463377823570000,0,997,1496,233,292,1114
1728463377824412000,0,1175,1291,113,431,1061
1728463377825268000,0,1335,1209,29,578,1029
1728463377826110000,37,1546,945,0,681,897
1728463377826952000,180,1600,636,0,760,752
1728463377827794000,346,1638,426,0,840,596
1728463377828636000,554,1610,234,57,905,455
1728463377829478000,766,1532,90,146,930,330
1728463377830320000,975,1407,0,279,925,194
1728463377831162000,1179,1201,0,431,926,82
1728463377832004000,1344,1010,0,568,795,14
1728463377832845000,1475,808,74,687,687,0
1728463377833687000,1598,588,217,826,582,0
1728463377834529000,1656,372,388,939,432,0
1728463377835371000,1493,210,650,1047,337,100
1728463377836213000,1424,82,832,1018,229,202
1728463377837055000,1344,0,1076,1085,133,325
1728463377837897000,1167,0,1274,1049,50,482
1728463377838739000,960,4,1463,976,0,637
1728463377839581000,757,74,1604,876,0,747
1728463377840423000,532,215,1695,744,0,890
1728463377841265000,341,402,1710,581,29,982
1728463377842107000,185,610,1692,448,99,1050
1728463377842949000,23,825,1601,327,217,1095
1728463377843791000,0,1032,1442,205,341,1103
1728463377844633000,0,1132,1265,92,514,1047
1728463377845475000,0,1333,1029,43,615,949
1728463377846317000,85,1483,805,0,618,850
1728463377847159000,224,1614,576,0,788,719
1728463377848001000,407,1636,365,0,866,565
1728463377848843000,607,1597,189,79,919,410
1728463377849685000,820,1495,43,183,933,288
1728463377850527000,1033,1356,0,320,917,169
1728463377851369000,1215,1169,0,462,861,55
1728463377852218000,1379,968,0,602,788,0
1728463377853060000,1500,745,161,741,674,0
1728463377853902000,1578,530,266,850,554,0
1728463377854744000,1590,324,368,942,411,98
1728463377855586000,1580,193,631,1031,328,146
1728463377856428000,1432,23,869,1072,194,177
1728463377857270000,1310,0,1134,1088,104,370
1728463377858112000,1114,0,1344,1038,29,517
1728463377858954000,906,0,1514,960,0,664
1728463377859796000,696,106,1640,845,0,791
1728463377860638000,498,269,1714,690,0,919
1728463377861480000,299,458,1738,558,41,1008
1728463377862322000,138,649,1684,418,132,1065
1728463377863164000,8,882,1566,287,248,1122
1728463377864006000,0,1089,1405,162,372,1101
1728463377864848000,0,1277,1183,37,485,1060
1728463377865699000,0,1434,962,0,610,970
1728463377866541000,90,1615,766,0,709,815
1728463377867383000,269,1632,519,0,802,680
1728463377868225000,448,1624,320,13,876,523
1728463377869067000,661,1575,139,98,927,383
1728463377869909000,873,1465,21,216,936,252
1728463377870751000,1080,1306,0,361,912,137
1728463377871593000,1272,1180,0,501,849,40
1728463377872434000,1424,912,14,633,816,0
1728463377873276000,1528,677,141,770,667,0
1728463377874118000,1587,468,306,883,507,0
1728463377874960000,1712,264,529,986,362,26
1728463377875802000,1600,122,725,1052,252,139
1728463377876644000,1331,4,994,1130,166,278
1728463377877485000,1257,0,1181,1084,82,402
1728463377878326000,1068,0,1380,1016,18,562
1728463377879175000,859,31,1558,930,0,693
1728463377880017000,640,153,1664,808,0,824
1728463377880859000,441,303,1720,663,2,940
1728463377881701000,242,514,1719,498,64,1036
1728463377882543000,97,711,1620,372,164,1081
1728463377883385000,1,928,1511,257,282,1109
1728463377884227000,0,1141,1329,133,405,1072
1728463377885069000,0,1439,1105,64,529,976
1728463377885910000,20,1577,903,26,645,882
1728463377886752000,162,1630,672,0,762,773
1728463377887594000,309,1638,454,0,832,644
1728463377888436000,507,1629,266,32,890,489
1728463377889278000,719,1556,106,126,937,353
1728463377890120000,933,1436,0,253,933,224
1728463377890962000,1129,1264,0,389,895,112
1728463377891804000,1288,1071,0,576,832,21
1728463377892708000,1424,858,37,689,725,0
1728463377893550000,1546,637,173,788,617,0
1728463377894392000,1588,433,350,897,481,0
1728463377895234000,1568,226,682,984,381,64
1728463377896076000,1491,122,842,1039,260,192
1728463377896918000,1376,0,960,1064,146,372
1728463377897759000,1223,0,1237,1065,66,437
1728463377898600000,1008,0,1436,1004,0,586
1728463377899442000,794,46,1592,901,0,728
1728463377900284000,586,175,1681,767,0,861
1728463377901126000,388,365,1729,626,4,968
1728463377901968000,212,546,1705,482,101,1045
1728463377902810000,71,761,1610,361,177,1104
1728463377903652000,0,992,1479,221,303,1109
1728463377904494000,42,1187,1300,121,421,1080
1728463377905336000,50,1344,1118,37,533,1002
1728463377906134000,0,1500,827,47,666,922
1728463377906976000,133,1601,634,22,759,767
1728463377907818000,362,1642,412,0,852,600
1728463377908660000,551,1612,220,50,904,448
1728463377909502000,778,1526,64,154,941,320
1728463377910344000,993,1397,0,285,924,186
1728463377911186000,1173,1225,5,440,882,82
1728463377912028000,1351,1014,0,577,808,68
1728463377912870000,1484,812,53,697,696,30
1728463377913712000,1560,587,215,824,576,0
1728463377914554000,1592,448,412,933,449,0
1728463377915396000,1570,116,616,997,410,73
1728463377916238000,1487,18,864,1084,257,174
1728463377917080000,1335,0,1090,1088,81,332
1728463377917922000,1166,0,1292,1057,50,481
1728463377918763000,953,0,1465,975,0,629
1728463377919609000,744,79,1617,880,0,759
1728463377920451000,532,227,1707,736,0,882
1728463377921293000,341,408,1723,591,34,994
1728463377922135000,160,609,1696,430,104,1065
1728463377922977000,27,837,1588,320,226,1098
1728463377923819000,0,1034,1439,194,350,1109
1728463377924661000,0,1237,1317,93,478,1070
1728463377925502000,0,1442,1103,10,605,975
1728463377926344000,85,1543,718,0,663,931
1728463377927186000,228,1616,522,0,796,757
1728463377928028000,402,1632,350,0,867,565
1728463377928870000,615,1600,186,76,911,414
1728463377929712000,823,1497,42,186,936,293
1728463377930554000,1042,1354,0,328,926,162
1728463377931395000,1223,1174,0,466,855,66
1728463377932236000,1389,949,0,609,754,0
1728463377933092000,1507,748,119,736,650,0
1728463377933934000,1646,527,265,857,532,0
1728463377934776000,1648,330,457,1009,421,18
1728463377935618000,1473,181,721,1072,298,112
1728463377936460000,1393,39,913,1031,184,234
1728463377937301000,1284,5,1138,1072,98,372
1728463377938143000,1118,2,1347,1037,25,530
1728463377938984000,916,6,1520,960,0,663
1728463377939826000,685,114,1643,842,0,795
1728463377940668000,482,258,1714,704,0,910
1728463377941510000,299,459,1736,546,45,1016
1728463377942352000,138,675,1660,409,141,1049
1728463377943194000,5,877,1548,298,260,1093
1728463377944036000,0,1093,1392,169,375,1109
1728463377944877000,0,1326,1186,68,491,1026
1728463377945719000,0,1345,962,8,687,917
1728463377946576000,133,1503,720,2,746,810
1728463377947418000,265,1592,497,0,793,656
1728463377948260000,455,1632,306,10,878,526
1728463377949102000,664,1580,139,99,927,373
1728463377949945000,886,1464,5,226,942,253
1728463377950787000,1093,1317,0,354,906,144
1728463377951629000,1273,1119,0,510,853,36
1728463377952470000,1406,903,25,639,753,0
1728463377953312000,1528,682,142,767,640,0
1728463377954154000,1586,477,323,878,511,0
1728463377954996000,1600,306,586,974,424,37
1728463377955838000,1516,107,655,1042,279,226
1728463377956680000,1464,32,916,1066,175,184
1728463377957522000,1255,0,1184,1073,72,391
1728463377958363000,1062,0,1400,1022,13,561
1728463377959205000,843,29,1559,925,0,706
1728463377960045000,636,138,1664,804,0,832
1728463377960886000,434,310,1722,654,0,943
1728463377961728000,245,509,1713,504,64,1025
1728463377962570000,96,711,1632,370,160,1084
1728463377963412000,0,930,1515,254,279,1118
1728463377964254000,0,1154,1344,143,404,1088
1728463377965096000,0,1330,1120,114,514,1024
1728463377965938000,0,1461,909,52,624,964
1728463377966780000,96,1575,690,0,739,777
1728463377967622000,306,1637,461,0,822,639
1728463377968464000,509,1621,261,34,896,481
1728463377969306000,725,1541,97,136,930,346
1728463377970148000,939,1425,0,257,928,210
1728463377970990000,1133,1263,0,397,893,94
1728463377971832000,1305,1066,0,549,825,69
1728463377972673000,1461,845,25,676,729,0
1728463377973531000,1551,633,171,798,602,0
1728463377974372000,1594,479,354,907,476,0
1728463377975214000,1600,287,552,983,418,25
1728463377976056000,1487,32,777,1070,296,170
1728463377976898000,1395,0,1021,1070,81,288
1728463377977740000,1204,0,1245,1068,64,440
1728463377978581000,999,0,1435,997,0,599
1728463377979423000,799,49,1586,898,0,730
1728463377980265000,583,194,1690,762,0,867
1728463377981107000,396,359,1728,617,17,960
1728463377981949000,202,551,1689,460,88,1054
1728463377982791000,69,785,1628,333,186,1103
1728463377983633000,0,1005,1476,218,306,1109
1728463377984474000,0,1209,1289,98,435,1070
1728463377985316000,0,1356,1182,13,556,989
1728463377986158000,30,1540,927,0,677,893
1728463377986997000,193,1600,510,0,741,852
1728463377987839000,361,1644,417,0,849,610
1728463377988681000,562,1609,218,55,905,455
1728463377989523000,786,1524,71,154,930,320
1728463377990365000,988,1391,0,296,925,182
1728463377991207000,1178,1210,2,437,882,84
1728463377992048000,1358,992,0,577,827,5
1728463377992890000,1486,789,74,698,677,0
1728463377993732000,1655,569,226,826,568,0
1728463377994574000,1633,369,411,938,435,0
1728463377995416000,1636,192,616,1039,314,94
1728463377996258000,1390,58,887,1106,210,226
1728463377997100000,1271,0,1092,1005,114,320
1728463377997942000,1157,0,1300,1053,47,484
1728463377998783000,953,0,1475,981,0,631
1728463377999625000,743,81,1624,860,0,767
1728463378000477000,528,231,1711,736,0,885
1728463378001319000,341,410,1720,586,33,997
1728463378002161000,194,624,1688,430,122,1070
1728463378003003000,41,833,1583,320,207,1079
1728463378003845000,0,1046,1432,202,352,1095
1728463378004687000,0,1244,1239,93,471,1055
1728463378005528000,2,1464,1016,2,644,960
1728463378006370000,78,1457,784,2,763,826
1728463378007212000,239,1588,557,0,711,706
1728463378008054000,411,1640,353,0,879,563
1728463378008896000,619,1593,178,74,913,410
1728463378009738000,832,1489,37,192,937,273
1728463378010580000,1040,1355,0,320,915,159
1728463378011422000,1231,1168,0,470,858,64
1728463378012264000,1385,960,2,599,775,0
1728463378013106000,1497,745,114,730,663,0
1728463378013954000,1576,530,324,849,545,0
1728463378014796000,1600,330,501,960,417,8
1728463378015638000,1532,160,637,1029,320,170
1728463378016480000,1504,55,882,1071,194,138
1728463378017322000,1280,121,1125,1074,94,322
1728463378018164000,1111,0,1352,1040,18,517
1728463378019005000,900,7,1521,951,0,669
1728463378019847000,685,109,1648,846,0,800
1728463378020689000,474,269,1728,692,0,919
1728463378021531000,285,465,1720,544,52,1019
1728463378022373000,133,658,1673,411,134,1068
1728463378023215000,0,880,1554,286,246,1115
1728463378024057000,0,1088,1387,169,363,1089
1728463378024899000,0,1274,1195,66,500,1048
1728463378025741000,0,1447,930,0,610,949
1728463378026583000,98,1602,736,0,727,832
1728463378027434000,263,1643,494,0,813,649
1728463378028276000,463,1641,309,21,885,521
1728463378029118000,670,1575,146,101,925,372
1728463378029960000,890,1472,14,224,933,246
1728463378030802000,1098,1310,0,363,917,130
1728463378031644000,1273,1111,0,511,842,37
1728463378032485000,1417,973,10,636,751,0
1728463378033327000,1539,730,152,772,689,0
1728463378034169000,1586,466,320,882,555,0
1728463378035011000,1591,265,521,983,395,30
1728463378035853000,1650,112,779,1056,237,139
1728463378036695000,1472,2,981,1080,145,260
1728463378037537000,1149,0,1177,1147,69,432
1728463378038378000,1055,0,1396,1029,14,568
1728463378039220000,850,29,1556,919,0,704
1728463378040062000,633,149,1675,802,0,825
1728463378040918000,418,306,1728,660,0,939
1728463378041760000,245,501,1701,505,74,1033
1728463378042602000,89,730,1641,362,175,1082
1728463378043444000,0,928,1492,257,294,1110
1728463378044286000,0,1148,1313,137,419,1081
1728463378045127000,0,1334,1130,46,528,1006
1728463378045969000,21,1447,856,0,627,845
1728463378046811000,151,1657,650,20,757,743
1728463378047653000,329,1615,437,0,925,610
1728463378048495000,515,1622,262,34,886,480
1728463378049337000,721,1544,110,134,930,344
1728463378050179000,946,1428,0,261,939,216
1728463378051021000,1145,1248,0,391,893,106
1728463378051863000,1335,1064,0,551,818,17
1728463378052704000,1421,836,53,727,719,0
1728463378053546000,1532,618,185,804,606,0
1728463378054390000,1580,424,366,896,474,0
1728463378055232000,1567,234,576,997,357,46
1728463378056074000,1496,54,900,1051,282,179
1728463378056916000,1367,16,1096,1078,132,320
1728463378057758000,1197,0,1152,1055,34,543
1728463378058600000,999,0,1437,1000,0,591
1728463378059442000,789,56,1594,892,0,731
1728463378060284000,584,192,1689,759,0,867
1728463378061126000,381,363,1730,626,9,965
1728463378061968000,199,562,1709,468,91,1053
1728463378062810000,66,779,1615,342,199,1103
1728463378063652000,0,993,1465,212,301,1109
1728463378064493000,0,1190,1287,114,437,1058
1728463378065335000,0,1363,1083,40,558,996
1728463378066177000,143,1504,885,0,640,889
1728463378067019000,72,1592,592,57,754,774
1728463378067870000,293,1628,434,31,839,616
1728463378068712000,561,1610,221,50,907,448
1728463378069554000,778,1520,64,170,938,314
1728463378070396000,1004,1383,0,296,922,176
1728463378071238000,1185,1216,0,440,878,87
1728463378072079000,1362,998,0,583,802,1
1728463378072921000,1487,786,49,706,697,66
1728463378073763000,1569,576,203,841,568,41
1728463378074605000,1590,378,406,930,448,26
1728463378075447000,1563,200,621,1020,330,74
1728463378076289000,1518,128,850,1060,224,186
1728463378077131000,1316,0,1088,1061,194,328
1728463378077973000,1122,0,1307,1066,93,485
1728463378078814000,954,0,1483,979,0,634
1728463378079656000,737,90,1613,859,0,770
1728463378080497000,526,231,1708,727,0,889
1728463378081353000,334,416,1728,578,32,994
1728463378082195000,164,627,1683,440,119,1069
1728463378083037000,14,843,1597,304,217,1109
1728463378083879000,0,1063,1432,176,346,1099
1728463378084720000,0,1248,1239,95,477,1056
1728463378085562000,0,1416,1017,9,591,976
1728463378086404000,55,1525,791,0,689,847
1728463378087246000,218,1605,645,0,837,708
1728463378088088000,400,1646,245,0,854,660
1728463378088930000,619,1591,166,71,921,407
1728463378089772000,836,1491,41,196,935,274
1728463378090614000,1044,1337,0,330,921,153
1728463378091456000,1232,1157,1,478,865,64
1728463378092297000,1396,954,2,616,767,0
1728463378093139000,1520,704,106,741,689,0
1728463378093981000,1576,502,273,861,522,0
1728463378095056000,1591,306,466,968,407,21
1728463378095898000,1573,153,698,1028,292,105
1728463378096740000,1344,52,927,1125,192,288
1728463378097582000,1216,0,1193,1124,97,401
1728463378098423000,1052,5,1367,962,26,509
1728463378099265000,899,2,1528,960,0,674
1728463378100107000,677,119,1655,832,0,794
1728463378100949000,463,269,1725,696,0,922
1728463378101791000,290,460,1718,538,52,1012
1728463378102633000,128,682,1668,405,149,1078
1728463378103475000,10,899,1551,275,261,1107
1728463378104316000,0,1103,1384,160,383,1062
1728463378105158000,0,1292,1186,69,504,1031
1728463378105999000,0,1461,953,2,612,938
1728463378106841000,132,1646,711,15,720,784
1728463378107683000,274,1499,482,0,900,640
1728463378108303000,459,1581,298,26,924,501
1728463378109145000,669,1581,132,98,925,373
1728463378109987000,897,1456,10,228,943,242
1728463378110829000,1098,1306,0,362,904,129
1728463378111671000,1285,1119,0,505,837,29
1728463378112512000,1428,910,42,650,748,0
1728463378113354000,1529,681,149,762,633,0
1728463378114196000,1577,469,313,869,509,0
1728463378115038000,1573,286,532,975,373,38
1728463378115880000,1514,117,795,1045,277,137
1728463378116722000,1394,25,1026,1064,151,363
1728463378117564000,1231,0,1131,1061,79,497
1728463378118406000,1040,0,1344,1012,26,608
1728463378119248000,838,26,1575,928,0,709
1728463378120090000,626,147,1678,799,0,838
1728463378120932000,420,313,1728,650,0,946
1728463378121781000,246,518,1712,505,77,1035
1728463378122623000,85,730,1647,373,178,1095
1728463378123465000,0,945,1504,246,283,1101
1728463378124307000,0,1136,1335,141,405,1072
1728463378125148000,0,1313,1136,52,530,1001
1728463378125990000,26,1483,901,0,642,912
1728463378126832000,210,1568,637,46,736,786
1728463378127673000,217,1634,450,42,826,678
1728463378128515000,461,1621,272,16,896,448
1728463378129357000,736,1549,100,137,938,338
1728463378130199000,947,1428,0,258,932,218
1728463378131041000,1155,1258,0,404,893,94
1728463378131883000,1316,1058,0,549,818,21
1728463378132725000,1464,841,49,679,719,0
1728463378133567000,1552,625,170,799,604,58
1728463378134409000,1594,429,360,907,471,42
1728463378135257000,1568,234,576,997,357,45
1728463378136099000,1504,123,804,1066,250,160
1728463378136941000,1378,0,1034,1057,218,292
1728463378137783000,1172,0,1260,1062,128,426
1728463378138625000,978,0,1434,1015,68,602
1728463378139466000,790,48,1590,895,0,736
1728463378140308000,565,192,1690,756,0,868
1728463378141150000,375,367,1728,612,11,967
1728463378141992000,197,565,1710,469,100,1048
1728463378142834000,58,793,1609,336,198,1109
1728463378143676000,0,992,1460,202,320,1105
1728463378144518000,0,1203,1280,105,450,1061
1728463378145359000,0,1377,1068,21,565,994
1728463378146201000,54,1519,846,0,667,884
1728463378147043000,199,1601,693,0,811,765
1728463378147885000,357,1661,441,0,843,633
1728463378148748000,562,1576,148,58,922,496
1728463378149591000,786,1520,65,162,936,314
1728463378150433000,1000,1386,0,298,930,175
1728463378151274000,1190,1210,0,448,882,90
1728463378152116000,1363,993,0,591,804,4
1728463378152958000,1490,789,89,713,690,0
1728463378153800000,1578,546,224,834,598,0
1728463378154642000,1588,353,426,936,432,4
1728463378155484000,1636,194,629,1012,321,94
1728463378156326000,1509,50,864,1098,212,194
1728463378157168000,1244,0,1117,1131,101,365
1728463378158010000,1092,0,1319,1079,29,481
1728463378158851000,900,0,1458,914,0,638
1728463378159693000,734,96,1622,851,0,779
1728463378160535000,522,238,1710,724,0,890
1728463378161377000,327,412,1721,582,32,992
1728463378162210000,162,629,1682,426,118,1067
1728463378163052000,29,844,1584,304,228,1102
1728463378163894000,0,1065,1423,192,353,1109
1728463378164735000,1,1248,1218,85,485,1022
1728463378165576000,0,1418,1000,5,590,960
1728463378166418000,82,1578,764,0,690,818
1728463378167260000,277,1695,532,10,795,669
1728463378168102000,448,1680,335,0,852,525
1728463378168944000,613,1525,161,79,952,401
1728463378169786000,833,1489,34,198,938,269
1728463378170628000,1054,1338,0,335,923,150
1728463378171470000,1240,1160,0,480,867,64
1728463378172311000,1403,954,0,618,772,0
1728463378173153000,1521,733,117,752,672,0
1728463378173995000,1558,510,277,846,535,0
1728463378174837000,1580,322,469,946,414,26
1728463378176705000,1535,153,706,1028,290,105
1728463378177547000,1435,30,980,1076,199,236
1728463378178389000,1298,0,1058,1066,94,471
1728463378179231000,1103,0,1297,1025,37,617
1728463378180073000,914,23,1505,941,0,619
1728463378180915000,668,114,1655,826,0,806
1728463378181757000,463,274,1717,687,0,932
1728463378182599000,284,465,1721,529,56,1017
1728463378183441000,114,687,1661,400,144,1078
1728463378184283000,0,893,1552,274,261,1109
1728463378185125000,0,1111,1382,160,366,1089
1728463378185967000,0,1285,1188,73,488,1018
1728463378186809000,16,1458,960,2,622,935
1728463378187651000,45,1571,722,42,713,820
1728463378188493000,192,1622,525,30,810,705
1728463378189335000,427,1627,297,0,869,491
1728463378190177000,657,1571,139,93,921,372
1728463378191020000,880,1456,2,230,936,241
1728463378191862000,1105,1295,0,378,907,118
1728463378192704000,1282,1112,2,519,844,26
1728463378193546000,1434,890,26,658,742,0
1728463378194388000,1540,668,148,778,637,0
1728463378195230000,1601,467,311,892,511,0
1728463378196072000,1573,338,530,989,382,34
1728463378196914000,1514,104,757,1045,314,137
1728463378197756000,1407,0,983,1088,200,269
1728463378198598000,1230,0,1209,1053,14,410
1728463378199440000,1108,0,1422,1019,0,562
1728463378200282000,900,29,1571,925,0,695
1728463378201124000,621,154,1679,787,0,840
1728463378201966000,412,327,1728,650,0,945
1728463378202808000,237,514,1711,506,78,1034
1728463378203642000,87,737,1636,361,170,1093
1728463378204484000,0,956,1507,244,290,1103
1728463378205326000,0,1156,1336,139,418,1082
1728463378206168000,0,1349,1109,41,549,1021
1728463378207010000,32,1490,886,0,644,910
1728463378207852000,146,1585,604,0,750,810
1728463378208694000,376,1642,409,0,834,526
1728463378209536000,520,1725,237,41,909,413
1728463378210378000,738,1592,93,134,960,338
1728463378211221000,960,1419,0,267,943,208
1728463378212063000,1152,1256,0,410,900,101
1728463378212904000,1327,1060,0,551,815,13
1728463378213745000,1458,843,57,684,718,0
1728463378214587000,1558,626,200,814,602,0
1728463378215429000,1639,412,375,967,471,0
1728463378216271000,1547,234,592,1016,338,58
1728463378217122000,1473,82,822,1052,241,172
1728463378217964000,1355,18,1052,1071,144,306
1728463378218806000,1188,0,1289,1040,57,454
1728463378219648000,982,0,1565,994,23,620
1728463378220490000,779,64,1627,898,0,740
1728463378221332000,562,186,1695,759,0,867
1728463378222174000,368,366,1731,608,13,974
1728463378223016000,188,576,1701,466,101,1046
1728463378223858000,64,784,1602,338,212,1101
1728463378224700000,0,1002,1459,217,321,1100
1728463378225542000,0,1165,1268,109,439,1050
1728463378226384000,0,1377,1061,37,576,960
1728463378227226000,64,1514,821,0,666,878
1728463378228068000,316,1584,602,0,746,727
1728463378228910000,463,1611,422,0,821,567
1728463378229752000,452,1576,174,137,911,463
1728463378230603000,769,1519,42,168,935,304
1728463378231445000,1006,1378,0,306,924,169
1728463378232287000,1204,1210,0,448,890,66
1728463378233128000,1354,988,0,591,789,4
1728463378233970000,1492,779,85,721,688,0
1728463378234812000,1577,564,267,835,568,0
1728463378235654000,1598,372,463,936,448,64
1728463378236496000,1566,194,636,1019,334,138
1728463378237338000,1461,54,861,1071,218,193
1728463378238180000,1307,103,1090,1097,123,301
1728463378239022000,1153,73,1295,1072,32,455
1728463378239863000,972,30,1456,973,2,602
1728463378240705000,736,81,1614,859,9,775
1728463378241547000,517,239,1710,729,0,898
1728463378242389000,320,414,1737,579,36,999
1728463378243231000,154,631,1673,427,133,1074
1728463378244084000,33,843,1571,298,231,1103
1728463378244926000,0,1063,1421,186,349,1101
1728463378245768000,0,1256,1230,85,480,1050
1728463378246610000,0,1408,992,4,597,961
1728463378247452000,87,1549,772,0,685,847
1728463378248294000,220,1655,539,0,799,681
1728463378249136000,407,1600,434,0,914,567
1728463378249978000,650,1610,98,85,906,514
1728463378250820000,850,1487,37,197,938,273
1728463378251662000,1050,1333,2,342,923,154
1728463378252504000,1248,1149,0,482,868,64
1728463378253346000,1399,941,7,619,765,0
1728463378254188000,1524,725,122,760,655,0
1728463378255030000,1594,482,285,866,586,0
1728463378255872000,1592,298,469,960,442,26
1728463378256714000,1541,141,704,1033,277,116
1728463378257562000,1463,20,935,1080,186,241
1728463378258404000,1298,0,1134,1151,79,412
1728463378259245000,978,0,1344,1098,5,578
1728463378260087000,820,8,1556,975,0,693
1728463378260929000,670,126,1652,821,0,801
1728463378261771000,455,279,1717,686,0,925
1728463378262613000,276,480,1728,526,50,1026
1728463378263455000,117,691,1666,396,153,1078
1728463378264297000,4,910,1542,275,265,1120
1728463378265139000,0,1121,1365,148,398,1089
1728463378265980000,0,1298,1162,64,501,1031
1728463378266822000,26,1457,944,0,619,917
1728463378267664000,110,1571,724,0,728,802
1728463378268506000,290,1713,480,10,825,640
1728463378269348000,474,1530,290,4,961,497
1728463378270190000,697,1520,117,116,856,367
1728463378271038000,901,1456,9,226,937,239
1728463378271880000,1107,1291,0,370,900,121
1728463378272722000,1284,1107,0,520,846,36
1728463378273563000,1434,885,37,658,746,0
1728463378274405000,1540,661,153,788,626,0
1728463378275247000,1569,456,325,871,496,0
1728463378276089000,1567,273,541,973,377,39
1728463378276931000,1506,121,762,1043,272,158
1728463378277773000,1402,8,1048,1078,169,278
1728463378278615000,1227,34,1274,1058,73,423
1728463378279457000,1026,4,1311,996,0,661
1728463378280299000,817,23,1519,909,8,767
1728463378281141000,616,168,1672,786,0,847
1728463378281983000,415,327,1728,642,0,948
1728463378282825000,224,538,1716,498,69,1043
1728463378283667000,82,741,1632,363,177,1093
1728463378284514000,0,969,1504,234,288,1116
1728463378285356000,0,1163,1327,133,399,1071
1728463378286198000,0,1333,1127,53,537,1015
1728463378287040000,41,1504,888,0,640,910
1728463378287882000,165,1592,660,0,749,784
1728463378288724000,228,1629,425,34,815,658
1728463378289566000,458,1621,261,0,890,450
1728463378290408000,712,1568,100,104,927,354
1728463378291250000,960,1419,0,273,925,201
1728463378292092000,1152,1244,0,414,893,97
1728463378292934000,1331,1043,0,559,821,9
1728463378293776000,1466,846,68,683,710,0
1728463378294618000,1565,612,198,818,597,0
1728463378295459000,1600,412,360,920,476,18
1728463378296301000,1564,224,578,997,350,53
1728463378297143000,1487,144,811,1052,238,171
1728463378298000000,1359,0,1053,1088,175,293
1728463378298842000,1184,0,1252,1080,114,449
1728463378299683000,973,0,1447,1003,29,588
1728463378300525000,783,16,1602,882,0,729
1728463378301367000,562,202,1696,757,0,872
1728463378302209000,357,383,1735,608,23,988
1728463378303051000,194,570,1689,457,109,1055
1728463378303893000,53,797,1601,343,201,1095
1728463378304735000,0,1012,1466,217,330,1106
1728463378305577000,0,1228,1269,97,445,1067
1728463378306419000,0,1397,1057,16,568,981
1728463378307260000,65,1505,824,0,675,866
1728463378308102000,194,1618,592,0,778,738
1728463378308944000,372,1641,396,0,845,671
1728463378309786000,586,1604,137,58,939,495
1728463378310628000,846,1515,34,165,930,216
1728463378311471000,1019,1380,0,309,938,176
1728463378312313000,1204,1201,0,452,882,75
1728463378313154000,1370,1002,0,584,783,7
1728463378313996000,1493,787,96,718,684,0
1728463378314838000,1575,569,250,845,569,0
1728463378315680000,1600,354,431,936,427,13
1728463378316522000,1631,181,652,1024,300,85
1728463378317364000,1434,46,889,1112,206,210
1728463378318206000,1314,0,1109,1111,114,346
1728463378319047000,1088,0,1344,1090,36,494
1728463378319889000,891,0,1487,895,0,625
1728463378320731000,679,90,1615,832,0,795
1728463378321573000,512,235,1707,722,0,906
1728463378322415000,320,425,1728,565,34,1003
1728463378323257000,153,629,1675,431,130,1061
1728463378324099000,26,844,1571,304,247,1103
1728463378324949000,0,1065,1413,186,357,1101
1728463378325791000,0,1264,1209,85,481,1039
1728463378326632000,1,1423,977,8,594,943
1728463378327474000,98,1551,763,0,704,847
1728463378328316000,252,1617,533,0,810,698
1728463378329158000,413,1541,327,18,944,531
1728463378330000000,673,1535,153,98,967,385
1728463378330842000,979,1453,57,220,901,265
1728463378331684000,1063,1336,0,331,916,143
1728463378332526000,1266,1151,0,485,863,45
1728463378333368000,1402,946,8,626,767,0
1728463378334210000,1524,719,125,756,655,0
1728463378335052000,1590,509,298,868,532,0
1728463378335894000,1588,320,490,960,400,21
1728463378336736000,1520,144,781,1029,288,119
1728463378337578000,1425,29,967,1076,188,252
1728463378338436000,1281,0,1156,1079,87,417
1728463378339278000,1093,0,1295,1024,40,594
1728463378340120000,949,18,1484,942,0,593
1728463378340962000,666,245,1614,826,5,769
1728463378341804000,459,285,1721,691,0,929
1728463378342646000,266,480,1729,532,57,1025
1728463378343488000,111,685,1649,397,157,1088
1728463378344330000,13,906,1534,265,266,1114
1728463378345172000,0,1122,1370,158,389,1090
1728463378346013000,0,1290,1173,84,506,1020
1728463378346855000,16,1454,936,1,623,938
1728463378347697000,109,1569,704,0,711,815
1728463378348538000,287,1626,488,0,815,662
1728463378349380000,455,1622,285,0,890,514
1728463378350222000,682,1617,145,88,922,372
1728463378351064000,911,1437,113,221,963,249
1728463378351902000,1108,1287,0,378,901,122
1728463378352744000,1296,1089,0,531,846,29
1728463378353585000,1445,885,34,658,743,0
1728463378354426000,1550,661,164,796,618,0
1728463378355268000,1593,459,341,898,506,0
1728463378356110000,1585,353,525,989,378,37
1728463378356952000,1511,156,762,1041,262,146
1728463378357794000,1383,0,997,1077,192,270
1728463378358636000,1228,0,1219,1082,94,426
1728463378359478000,1029,0,1421,1033,53,580
1728463378360319000,852,11,1567,905,0,706
1728463378361161000,605,138,1677,776,0,839
1728463378362003000,416,329,1731,640,6,949
1728463378362845000,225,530,1711,505,82,1042
1728463378363687000,82,750,1638,353,178,1095
1728463378364529000,0,975,1500,237,297,1109
1728463378365383000,0,1165,1320,130,420,1076
1728463378366225000,0,1354,1106,37,527,998
1728463378367067000,46,1491,887,0,653,910
1728463378367909000,154,1600,658,0,754,761
1728463378368751000,321,1637,424,0,832,628
1728463378369593000,558,1624,183,26,927,526
1728463378370435000,748,1535,69,138,912,269
1728463378371277000,986,1496,0,288,920,175
1728463378372119000,1160,1248,0,414,895,96
1728463378372961000,1337,1047,0,559,816,26
1728463378373802000,1475,832,66,692,705,0
1728463378374644000,1554,602,207,821,591,0
1728463378375486000,1600,395,378,936,474,0
1728463378376328000,1638,224,610,998,333,71
1728463378377170000,1461,82,832,1093,236,189
1728463378378012000,1344,0,1053,1066,138,320
1728463378378853000,1174,0,1272,1048,47,469
1728463378379694000,946,34,1472,956,0,621
1728463378380536000,736,105,1617,865,0,711
1728463378381378000,541,184,1800,746,25,898
1728463378382220000,358,380,1737,597,17,979
1728463378383062000,178,591,1695,456,96,1048
1728463378383904000,54,800,1606,330,210,1102
1728463378384746000,0,1022,1450,204,330,1112
1728463378385587000,0,1224,1274,105,448,1072
1728463378386429000,0,1393,1057,30,577,975
1728463378387271000,46,1504,824,0,677,864
1728463378388113000,209,1602,586,0,778,736
1728463378388955000,380,1639,394,0,842,576
1728463378389797000,698,1594,257,82,875,407
1728463378390639000,853,1497,33,247,919,320
1728463378391481000,914,1363,36,346,909,186
1728463378392336000,1204,1197,0,456,884,64
1728463378393177000,1367,985,0,597,789,2
1728463378394019000,1501,770,92,727,683,0
1728463378394861000,1579,549,247,844,561,0
1728463378395703000,1600,354,436,948,430,5
1728463378396545000,1543,185,716,1018,321,100
1728463378397387000,1456,52,853,1064,214,272
1728463378398229000,1315,8,1092,1081,114,389
1728463378399070000,1135,0,1311,1044,36,484
1728463378399912000,960,0,1475,964,0,577
1728463378400754000,692,205,1615,875,10,739
1728463378401596000,538,307,1707,704,0,893
1728463378402438000,309,442,1733,565,38,1007
1728463378403280000,148,633,1676,431,133,1072
1728463378404122000,25,856,1567,301,240,1110
1728463378404964000,0,1075,1410,180,366,1095
1728463378405825000,0,1255,1214,82,484,1045
1728463378406666000,0,1424,984,18,606,968
1728463378407508000,90,1546,765,0,709,839
1728463378408350000,237,1623,533,0,796,686
1728463378409192000,410,1635,330,0,874,535
1728463378410034000,625,1605,141,66,927,373
1728463378410876000,839,1504,87,202,945,249
1728463378411718000,1060,1326,0,332,916,214
1728463378412560000,1256,1142,0,500,860,47
1728463378413401000,1409,940,8,624,767,0
1728463378414243000,1525,721,132,754,645,0
1728463378415084000,1583,511,295,869,520,0
1728463378415926000,1602,306,490,968,412,29
1728463378416768000,1534,125,716,1034,349,122
1728463378417610000,1424,8,949,1073,164,241
1728463378418452000,1266,0,1173,1076,77,392
1728463378419296000,1149,0,1376,1032,10,552
1728463378420138000,1009,0,1570,960,0,677
1728463378420980000,749,130,1656,816,0,818
1728463378421822000,354,293,1698,727,0,977
1728463378422664000,266,483,1720,526,64,1028
1728463378423506000,109,689,1653,395,149,1075
1728463378424348000,5,911,1531,270,277,1106
1728463378425190000,0,1114,1354,162,394,1089
1728463378426032000,0,1316,1154,64,521,1030
1728463378426873000,29,1464,927,0,628,932
1728463378427715000,146,1583,680,0,742,805
1728463378428557000,298,1624,463,0,832,651
1728463378429399000,498,1634,251,15,899,461
1728463378430241000,681,1673,89,130,931,325
1728463378431083000,922,1494,0,224,1014,224
1728463378431925000,1122,1201,0,386,966,100
1728463378432769000,1309,1096,0,518,839,31
1728463378433611000,1447,888,38,665,728,0
1728463378434453000,1543,660,171,786,618,0
1728463378435295000,1598,450,334,898,498,0
1728463378436137000,1581,264,546,979,370,47
1728463378436979000,1487,112,779,1033,258,146
1728463378437821000,1378,0,1008,1079,153,285
1728463378438662000,1224,0,1219,1061,74,434
1728463378439503000,1032,4,1419,997,0,585
1728463378440344000,807,53,1564,883,0,704
1728463378441186000,589,162,1765,776,29,855
1728463378442028000,410,333,1646,642,4,1025
1728463378442870000,224,538,1716,489,70,1040
1728463378443712000,77,747,1633,362,178,1102
1728463378444554000,0,960,1487,238,303,1111
1728463378445396000,0,1172,1320,123,433,1088
1728463378446255000,0,1347,1101,53,538,1002
1728463378447097000,42,1484,872,0,651,905
1728463378447939000,177,1585,628,0,757,757
1728463378448781000,346,1612,425,0,826,610
1728463378449623000,618,1605,242,42,877,463
1728463378450465000,802,1535,77,217,910,346
1728463378451307000,917,1418,32,320,919,218
1728463378452149000,1145,1225,0,389,875,98
1728463378452991000,1338,1039,0,567,818,13
1728463378453833000,1480,819,58,696,709,0
1728463378454675000,1562,602,204,826,594,0
1728463378455517000,1600,400,386,917,462,0
1728463378456359000,1569,226,599,1005,345,75
1728463378457201000,1484,69,804,1060,239,237
1728463378458043000,1350,0,1050,1076,125,309
1728463378458885000,1184,0,1266,1064,58,462
1728463378459730000,974,69,1461,989,0,596
1728463378460572000,794,141,1605,906,0,720
1728463378461414000,565,86,1683,736,69,858
1728463378462256000,354,363,1733,597,53,977
1728463378463098000,174,591,1707,462,101,1064
1728463378463940000,45,810,1602,322,210,1103
1728463378464782000,0,1031,1452,203,322,1107
1728463378465623000,0,1231,1267,101,456,1054
1728463378466465000,0,1392,1047,30,569,980
1728463378467307000,64,1521,821,0,681,864
1728463378468148000,194,1602,600,0,767,736
1728463378468990000,381,1650,385,0,858,578
1728463378469832000,577,1607,194,58,907,426
1728463378470674000,787,1536,133,162,947,298
1728463378471516000,1020,1347,0,303,919,242
1728463378472358000,1216,1189,0,460,874,109
1728463378473208000,1379,984,0,606,794,1
1728463378474049000,1506,767,102,724,677,0
1728463378474891000,1575,542,250,850,550,0
1728463378475733000,1596,354,442,954,433,5
1728463378476575000,1551,174,666,1026,320,103
1728463378477417000,1455,42,889,1068,189,220
1728463378478259000,1386,0,1120,1076,103,352
1728463378479101000,1171,0,1326,1044,21,508
1728463378479942000,1004,0,1525,975,0,657
1728463378480784000,775,85,1647,904,0,783
1728463378481626000,429,242,1744,772,0,944
1728463378482468000,293,437,1730,548,42,1008
1728463378483310000,139,649,1683,414,119,1079
1728463378484152000,21,864,1565,290,242,1102
1728463378484994000,0,1073,1413,178,358,1095
1728463378485835000,0,1267,1214,82,485,1049
1728463378486682000,0,1430,983,5,602,952
1728463378487524000,89,1553,748,0,696,826
1728463378488366000,260,1628,528,0,802,681
1728463378489208000,448,1634,325,5,878,532
1728463378490050000,650,1653,143,109,936,357
1728463378490892000,862,1352,0,192,1016,245
1728463378491734000,1042,1248,0,360,960,130
1728463378492576000,1252,1128,0,493,853,47
1728463378493417000,1414,930,13,626,762,0
1728463378494259000,1532,724,132,760,656,0
1728463378495101000,1584,490,293,875,525,0
1728463378495943000,1592,306,489,968,407,31
1728463378496785000,1528,146,722,1042,289,134
1728463378497627000,1402,26,960,1064,181,249
1728463378498469000,1259,0,1169,1069,93,401
1728463378499310000,1072,0,1364,1018,18,546
1728463378500159000,854,10,1586,924,0,682
1728463378501001000,649,132,1743,807,33,832
1728463378501843000,448,282,1617,657,0,1040
1728463378502685000,250,490,1713,521,64,1033
1728463378503527000,110,700,1653,389,153,1088
1728463378504369000,0,910,1534,269,274,1112
1728463378505211000,0,1126,1354,144,395,1094
1728463378506053000,0,1310,1164,55,514,1034
1728463378506895000,4,1455,928,1,629,914
1728463378507737000,138,1556,691,0,736,794
1728463378508579000,296,1618,466,0,815,650
1728463378509421000,494,1622,282,18,888,501
1728463378510263000,779,1545,122,106,917,362
1728463378511105000,864,1451,28,285,933,235
1728463378511947000,1088,1287,0,324,901,114
1728463378512789000,1301,1092,0,528,832,22
1728463378513672000,1445,885,38,660,737,0
1728463378514514000,1543,655,181,789,615,0
1728463378515355000,1596,457,338,899,494,0
1728463378516197000,1585,261,550,986,372,50
1728463378517039000,1500,106,775,1050,260,192
1728463378517881000,1384,4,996,1073,154,274
1728463378518722000,1223,0,1226,1060,66,419
1728463378519564000,1030,85,1413,1010,0,578
1728463378520406000,798,149,1560,926,2,663
1728463378521247000,645,237,1673,781,0,832
1728463378522089000,376,261,1722,631,78,952
1728463378522931000,216,543,1717,484,82,1041
1728463378523773000,78,762,1624,359,186,1102
1728463378524615000,0,967,1482,228,313,1108
1728463378525457000,0,1178,1306,128,423,1074
1728463378526299000,0,1354,1096,42,540,999
1728463378527115000,37,1504,883,0,656,897
1728463378527957000,161,1587,632,0,760,757
1728463378528799000,348,1640,423,0,844,616
1728463378529641000,548,1621,230,34,909,455
1728463378530483000,750,1535,151,138,969,344
1728463378531325000,969,1389,0,257,921,274
1728463378532167000,1186,1265,0,410,909,133
1728463378533009000,1344,1029,0,559,818,5
1728463378533851000,1473,819,64,696,705,0
1728463378534693000,1568,600,218,812,581,0
1728463378535535000,1600,399,394,921,453,0
1728463378536377000,1565,229,616,1006,341,85
1728463378537219000,1490,64,842,1056,221,192
1728463378538061000,1432,0,1074,1089,110,320
1728463378538903000,1226,0,1286,1056,42,473
1728463378539744000,1005,0,1457,999,0,618
1728463378540591000,662,64,1607,937,0,801
1728463378541433000,493,202,1722,783,0,854
1728463378542275000,320,391,1713,569,21,1009
1728463378543117000,178,601,1693,448,105,1061
1728463378543959000,45,810,1593,327,205,1100
1728463378544801000,0,1018,1455,207,337,1102
1728463378545643000,0,1219,1257,105,458,1060
1728463378546484000,0,1392,1036,29,577,975
1728463378547326000,85,1528,816,0,676,846
1728463378548168000,215,1619,565,0,785,705
1728463378549010000,386,1629,372,0,860,556
1728463378549852000,608,1589,182,64,924,413
1728463378550694000,832,1453,49,201,965,274
1728463378551536000,1002,1326,5,313,868,153
1728463378552378000,1309,1157,23,468,841,64
1728463378553220000,1381,971,0,593,785,0
1728463378554078000,1504,767,98,730,677,0
1728463378554920000,1572,535,257,855,553,0
1728463378555762000,1596,349,448,951,438,14
1728463378556604000,1559,185,666,1027,309,106
1728463378557446000,1444,45,967,1065,212,226
1728463378558288000,1297,0,1181,1080,106,359
1728463378559130000,1124,0,1389,1041,30,521
1728463378559972000,922,1,1504,962,0,691
1728463378560814000,701,85,1581,840,4,835
1728463378561656000,528,237,1675,698,0,825
1728463378562499000,331,522,1728,585,40,965
1728463378563341000,132,648,1683,412,126,1080
1728463378564183000,18,874,1563,292,245,1110
1728463378565025000,0,1088,1405,169,364,1108
1728463378565866000,0,1278,1205,79,487,1042
1728463378566708000,0,1431,989,13,602,953
1728463378567548000,106,1557,745,0,704,832
1728463378568390000,242,1624,530,0,797,696
1728463378569232000,414,1635,334,8,871,537
1728463378570074000,629,1585,155,93,929,389
1728463378570916000,836,1482,13,194,928,242
1728463378571758000,1055,1303,90,341,937,149
1728463378572600000,1226,1154,53,498,837,68
1728463378573441000,1419,922,13,642,770,0
1728463378574283000,1536,704,138,759,654,0
1728463378575125000,1591,493,304,881,517,0
1728463378575967000,1584,293,505,974,398,37
1728463378576809000,1532,137,716,1035,289,134
1728463378577651000,1418,0,952,1074,220,247
1728463378578493000,1268,0,1179,1076,126,389
1728463378579334000,1063,0,1377,1027,4,544
1728463378580176000,864,12,1532,929,0,686
1728463378581028000,763,119,1716,825,0,824
1728463378581870000,320,285,1702,746,0,956
1728463378582712000,196,486,1743,554,53,1034
1728463378583554000,101,711,1655,397,151,1088
1728463378584396000,0,927,1536,261,273,1103
1728463378585238000,0,1131,1351,154,399,1089
1728463378586080000,0,1317,1143,57,525,1021
1728463378586922000,18,1472,925,0,619,925
1728463378587764000,118,1579,678,0,732,784
1728463378588606000,295,1632,474,0,832,646
1728463378589448000,501,1628,263,21,895,495
1728463378590290000,704,1558,94,125,927,352
1728463378591132000,904,1328,0,234,1024,206
1728463378591974000,1116,1212,0,406,962,96
1728463378592816000,1333,1035,0,535,841,14
1728463378593657000,1456,859,37,668,738,0
1728463378594507000,1552,645,173,799,623,0
1728463378595349000,1592,440,343,897,489,0
1728463378596191000,1578,253,556,996,365,46
1728463378597033000,1506,98,791,1055,264,161
1728463378597875000,1376,9,1016,1066,157,306
1728463378598717000,1210,0,1234,1058,65,440
1728463378599558000,1013,0,1423,1001,0,580
1728463378600400000,807,47,1576,914,0,718
1728463378601242000,590,177,1767,775,29,868
1728463378602084000,391,349,1601,621,0,1063
1728463378602926000,282,578,1661,481,110,960
1728463378603768000,69,757,1623,356,186,1102
1728463378604610000,0,974,1490,228,303,1113
1728463378605451000,0,1180,1300,122,427,1076
1728463378606293000,0,1367,1088,37,549,999
1728463378607135000,53,1496,860,0,660,890
1728463378607984000,184,1581,613,0,759,743
1728463378608826000,357,1625,415,0,841,600
1728463378609668000,549,1603,233,46,904,457
1728463378610510000,754,1545,68,146,933,334
1728463378611352000,955,1394,0,226,932,186
1728463378612194000,1151,1245,0,389,878,106
1728463378613036000,1320,1064,4,559,802,0
1728463378613878000,1483,813,55,693,708,0
1728463378614720000,1575,608,224,826,579,0
1728463378615562000,1600,395,405,922,461,0
1728463378616404000,1569,207,621,1015,338,74
1728463378617246000,1487,68,849,1056,228,194
1728463378618088000,1344,71,1069,1080,128,308
1728463378618929000,1166,60,1282,1057,50,469
1728463378619771000,983,23,1456,983,1,618
1728463378620613000,762,50,1612,874,10,758
1728463378621463000,555,161,1694,752,21,871
1728463378622305000,350,352,1718,578,0,984
1728463378623147000,287,585,1728,453,82,1065
1728463378623989000,47,814,1600,321,216,1106
1728463378624831000,0,1023,1445,210,336,1103
1728463378625673000,0,1223,1249,104,469,1062
1728463378626515000,0,1402,1029,21,576,983
1728463378627357000,77,1527,803,0,676,853
1728463378628199000,217,1609,581,0,789,713
1728463378629041000,402,1620,362,1,873,576
1728463378629883000,613,1600,192,52,912,428
1728463378630725000,801,1508,37,178,933,286
1728463378631567000,1066,1339,0,311,910,89
1728463378632409000,1193,1285,0,471,876,36
1728463378633251000,1406,1061,0,648,786,0
1728463378634093000,1509,762,109,729,674,0
1728463378634941000,1582,535,254,851,553,0
1728463378635783000,1600,343,451,946,425,17
1728463378636625000,1559,175,682,1028,301,102
1728463378637467000,1448,41,911,1082,210,226
1728463378638309000,1321,0,1137,1134,103,373
1728463378639151000,1094,0,1336,1066,21,530
1728463378639993000,901,0,1511,984,0,657
1728463378640835000,697,100,1653,832,0,791
1728463378641677000,453,248,1714,680,0,942
1728463378642519000,282,488,1739,542,31,986
1728463378643361000,129,682,1760,402,174,1111
1728463378644203000,13,873,1564,286,249,1111
1728463378645045000,0,1080,1399,168,362,1098
1728463378645887000,0,1269,1195,85,488,1034
1728463378646728000,0,1438,979,5,608,947
1728463378647570000,105,1543,739,0,709,832
1728463378648421000,269,1621,506,0,809,670
1728463378649263000,456,1619,322,0,866,517
1728463378650105000,651,1560,160,106,917,386
1728463378650947000,874,1475,25,212,918,250
1728463378651789000,1175,1309,50,360,885,139
1728463378652631000,1264,1128,0,580,841,71
1728463378653473000,1310,910,7,714,736,26
1728463378654315000,1532,697,128,762,653,0
1728463378655157000,1594,489,306,884,520,0
1728463378655999000,1592,303,510,974,394,43
1728463378656841000,1532,129,730,1046,289,133
1728463378657683000,1419,17,960,1074,171,260
1728463378658524000,1250,0,1234,1066,90,402
1728463378659366000,1061,1,1401,1024,14,624
1728463378660208000,860,23,1524,932,0,730
1728463378661050000,649,138,1665,803,0,833
1728463378661901000,402,352,1703,665,0,879
1728463378662743000,277,565,1710,520,64,1002
1728463378663585000,86,631,1666,376,218,1071
1728463378664427000,0,943,1529,258,266,1120
1728463378665269000,0,1133,1355,148,402,1088
1728463378666110000,0,1315,1140,64,526,1021
1728463378666952000,23,1474,912,0,642,921
1728463378667794000,139,1579,696,0,721,785
1728463378668636000,266,1656,477,0,832,651
1728463378669478000,484,1608,270,31,893,469
1728463378670320000,704,1560,117,121,916,357
1728463378671162000,904,1447,0,244,942,215
1728463378672004000,1117,1248,77,386,943,117
1728463378672846000,1296,1117,53,527,844,25
1728463378673688000,1437,864,0,666,719,71
1728463378674530000,1559,641,174,802,613,0
1728463378675376000,1592,433,362,905,490,0
1728463378676218000,1576,252,570,992,372,64
1728463378677060000,1507,106,788,1056,257,170
1728463378677902000,1383,0,1029,1083,159,298
1728463378678744000,1210,0,1231,1068,122,437
1728463378679585000,1016,0,1418,1000,50,590
1728463378680427000,809,34,1584,900,0,717
1728463378681269000,585,174,1689,772,0,858
1728463378682111000,496,335,1774,646,0,960
1728463378682953000,101,550,1686,545,73,1063
1728463378683795000,13,771,1628,382,183,1082
1728463378684637000,0,984,1488,228,309,1112
1728463378685479000,0,1194,1295,119,432,1082
1728463378686321000,0,1364,1088,33,555,1002
1728463378687163000,53,1506,864,0,650,885
1728463378688004000,175,1596,629,0,760,749
1728463378688856000,354,1635,421,0,855,597
1728463378689698000,557,1619,196,42,903,463
1728463378690540000,771,1529,53,154,941,298
1728463378691382000,980,1447,0,290,933,178
1728463378692224000,1204,1296,0,439,893,68
1728463378693066000,1386,1075,0,576,788,0
1728463378693907000,1479,728,66,698,777,0
1728463378694749000,1578,581,210,833,594,0
1728463378695591000,1600,388,401,930,458,1
1728463378696433000,1570,210,619,1016,330,78
1728463378697275000,1474,64,847,1067,238,196
1728463378698117000,1345,0,1072,1078,133,334
1728463378698959000,1143,0,1288,1088,44,483
1728463378699800000,942,0,1464,1008,0,624
1728463378700642000,745,82,1614,864,0,754
1728463378701484000,528,210,1700,727,0,891
1728463378702339000,337,401,1721,576,31,992
1728463378703181000,170,633,1741,429,132,1048
1728463378704023000,34,809,1515,324,224,1159
1728463378704865000,0,1034,1440,194,343,1107
1728463378705706000,0,1231,1248,102,466,1062
1728463378706548000,0,1409,1026,21,583,980
1728463378707390000,87,1528,799,0,694,858
1728463378708232000,221,1610,560,0,787,715
1728463378709074000,411,1629,348,0,860,560
1728463378709916000,607,1589,175,74,912,425
1728463378710758000,832,1491,42,185,933,282
1728463378711600000,1113,1352,4,321,907,166
1728463378712442000,1116,1172,0,543,856,96
1728463378713284000,1321,971,30,659,772,14
1728463378714126000,1489,753,98,681,671,0
1728463378714968000,1589,535,262,854,545,0
1728463378715812000,1601,342,462,952,430,10
1728463378716654000,1544,165,687,1036,306,106
1728463378717496000,1450,41,914,1066,199,229
1728463378718338000,1305,1,1134,1082,98,368
1728463378719179000,1111,0,1366,1040,30,581
1728463378720021000,911,0,1495,960,0,714
1728463378720863000,698,110,1618,839,0,805
1728463378721705000,496,261,1713,696,0,874
1728463378722547000,320,525,1712,576,36,981
1728463378723389000,119,576,1664,415,207,1067
1728463378724231000,20,846,1561,284,269,1118
1728463378725073000,0,1089,1395,178,370,1092
1728463378725914000,0,1275,1202,78,501,1042
1728463378726755000,0,1434,960,5,613,954
1728463378727597000,110,1554,740,0,711,821
1728463378728439000,271,1617,510,0,815,671
1728463378729290000,440,1628,320,18,872,535
1728463378730132000,653,1594,149,89,924,395
1728463378730974000,890,1480,23,221,924,258
1728463378731816000,1073,1316,52,352,922,133
1728463378732658000,1258,1154,0,490,833,143
1728463378733499000,1421,896,0,629,736,66
1728463378734341000,1532,699,133,764,640,2
1728463378735183000,1588,488,314,880,516,0
1728463378736025000,1590,290,511,967,393,37
1728463378736867000,1525,133,744,1045,272,133
1728463378737709000,1409,21,973,1073,172,267
1728463378738551000,1253,0,1201,1073,75,413
1728463378739392000,1066,0,1385,1023,5,562
1728463378740234000,857,14,1547,925,0,696
1728463378741076000,688,139,1668,805,0,821
1728463378741918000,493,292,1743,674,0,949
1728463378742773000,154,501,1764,562,50,1083
1728463378743615000,57,721,1633,329,160,1093
1728463378744457000,0,937,1529,253,283,1111
1728463378745299000,0,1135,1337,144,402,1088
1728463378746140000,0,1316,1134,49,527,1026
1728463378746982000,28,1475,912,0,629,911
1728463378747824000,141,1583,682,0,744,791
1728463378748666000,320,1624,451,0,832,638
1728463378749508000,513,1629,269,18,885,489
1728463378750350000,696,1559,117,130,928,333
1728463378751193000,932,1426,0,260,937,209
1728463378752035000,1117,1200,0,389,948,98
1728463378752877000,1332,1021,0,549,880,10
1728463378753719000,1464,799,52,670,646,0
1728463378754561000,1579,625,178,802,608,0
1728463378755403000,1598,433,354,900,480,0
1728463378756249000,1572,253,576,992,362,58
1728463378757091000,1508,88,789,1055,263,164
1728463378757933000,1382,0,1034,1088,148,305
1728463378758775000,1211,4,1248,1063,58,445
1728463378759617000,994,0,1427,994,1,581
1728463378760459000,788,56,1587,895,0,736
1728463378761301000,586,185,1720,765,1,863
1728463378762143000,386,366,1672,613,0,1056
1728463378762985000,225,559,1650,466,106,1092
1728463378763827000,49,864,1589,342,199,1048
1728463378764669000,0,1008,1485,226,305,1107
1728463378765511000,0,1198,1303,119,440,1067
1728463378766352000,0,1369,1088,42,554,997
1728463378767194000,52,1513,856,0,661,885
1728463378768036000,185,1601,623,0,761,751
1728463378768878000,356,1629,405,0,846,578
1728463378769732000,576,1602,226,56,904,448
1728463378770574000,746,1520,77,161,930,320
1728463378771416000,985,1389,0,292,933,182
1728463378772258000,1144,1216,0,393,890,90
1728463378773100000,1327,1044,0,548,808,29
1728463378773942000,1461,845,78,685,689,0
1728463378774784000,1570,579,222,838,586,0
1728463378775626000,1594,378,415,933,455,4
1728463378776469000,1565,210,631,1010,332,89
1728463378777311000,1484,65,856,1068,226,196
1728463378778153000,1321,0,1090,1088,125,341
1728463378778995000,1160,37,1290,1054,47,473
1728463378779836000,960,39,1472,975,0,619
1728463378780678000,753,122,1602,868,47,752
1728463378781520000,526,201,1701,727,21,885
1728463378782362000,349,356,1716,579,0,981
1728463378783208000,299,597,1713,444,74,1052
1728463378784050000,112,819,1581,308,203,1088
1728463378784892000,0,1050,1454,197,341,1112
1728463378785733000,0,1245,1241,93,473,1058
1728463378786575000,0,1409,1024,11,580,980
1728463378787417000,81,1537,802,0,689,847
1728463378788259000,224,1611,577,0,787,709
1728463378789101000,409,1640,354,0,864,552
1728463378789943000,619,1600,181,73,920,413
1728463378790785000,839,1500,18,194,935,287
1728463378791627000,1056,1354,0,325,933,159
1728463378792469000,1281,1169,0,459,852,2
1728463378793310000,1384,1088,0,629,800,0
1728463378794152000,1546,823,92,764,674,0
1728463378794994000,1583,530,258,856,555,0
1728463378795836000,1593,335,463,946,418,26
1728463378796685000,1546,168,696,1032,306,105
1728463378797527000,1448,40,910,1078,207,242
1728463378798369000,1298,0,1138,1078,105,378
1728463378799211000,1107,0,1350,1092,11,522
1728463378800052000,880,0,1516,992,0,661
1728463378800894000,672,109,1655,855,0,799
1728463378801736000,471,267,1713,689,0,927
1728463378802578000,290,513,1742,533,43,1006
1728463378803420000,122,647,1764,402,177,1103
1728463378804262000,16,906,1606,272,252,1143
1728463378805104000,0,1094,1390,170,372,1096
1728463378805946000,0,1294,1190,77,505,1041
1728463378806788000,2,1440,967,5,617,941
1728463378807630000,113,1566,732,0,718,820
1728463378808472000,270,1615,500,0,805,675
1728463378809314000,472,1630,302,13,885,506
1728463378810166000,666,1573,138,97,927,392
1728463378811008000,895,1456,10,214,906,249
1728463378811850000,1103,1311,0,361,910,132
1728463378812692000,1373,1105,45,522,813,37
1728463378813533000,1504,900,26,636,736,0
1728463378814375000,1447,696,154,832,617,57
1728463378815217000,1604,482,314,882,514,0
1728463378816059000,1582,288,530,979,386,42
1728463378816901000,1524,126,744,1042,277,139
1728463378817743000,1417,20,974,1079,167,266
1728463378818585000,1255,0,1198,1073,82,405
1728463378819426000,1053,0,1439,1017,16,562
1728463378820268000,853,31,1530,928,0,757
1728463378821110000,637,149,1648,792,0,869
1728463378821952000,423,308,1716,657,0,928
1728463378822794000,244,582,1705,542,79,1001
1728463378823642000,98,605,1642,356,241,1090
1728463378824484000,0,887,1515,277,334,1104
1728463378825325000,0,1144,1351,142,405,1092
1728463378826167000,0,1319,1120,57,535,1018
1728463378827009000,30,1476,901,0,637,913
1728463378827851000,162,1584,673,0,745,778
1728463378828693000,309,1632,458,0,832,634
1728463378829535000,511,1625,261,26,893,494
1728463378830377000,697,1553,105,128,917,356
1728463378831219000,926,1438,4,254,918,210
1728463378832061000,1134,1266,0,399,898,106
1728463378832903000,1296,1070,70,528,862,47
1728463378833745000,1447,889,110,661,700,50
1728463378834587000,1523,616,130,796,624,69
1728463378835429000,1601,424,357,913,482,0
1728463378836271000,1576,243,584,992,352,66
1728463378837116000,1498,97,810,1064,251,166
1728463378837958000,1377,0,1043,1088,143,304
1728463378838799000,1204,5,1245,1058,59,458
1728463378839641000,1007,0,1438,994,17,597
1728463378840483000,802,41,1589,896,0,724
1728463378841325000,576,171,1699,773,0,862
1728463378842167000,421,342,1729,623,2,965
1728463378843009000,81,556,1683,546,73,1075
1728463378843851000,2,775,1648,384,195,1094
1728463378844693000,0,989,1463,177,311,1111
1728463378845535000,0,1192,1294,124,434,1075
1728463378846377000,0,1370,1080,37,558,993
1728463378847219000,52,1515,839,0,662,889
1728463378848061000,192,1600,610,0,762,742
1728463378848902000,357,1640,394,0,852,594
1728463378849744000,566,1609,209,66,895,444
1728463378850592000,778,1524,75,161,933,306
1728463378851434000,992,1398,0,295,930,184
1728463378852276000,1196,1216,0,440,884,64
1728463378853117000,1387,1067,0,583,797,0
1728463378853959000,1481,832,72,704,772,0
1728463378854800000,1543,480,213,850,634,0
1728463378855642000,1600,376,412,927,448,2
1728463378856484000,1562,203,636,1014,333,82
1728463378857326000,1474,57,856,1069,226,199
1728463378858168000,1338,0,1088,1080,132,341
1728463378859010000,1157,2,1308,1052,37,483
1728463378859851000,936,0,1478,1018,0,632
1728463378860693000,719,78,1622,853,0,763
1728463378861535000,506,224,1694,715,0,891
1728463378862377000,327,413,1736,590,18,992
1728463378863219000,153,626,1783,430,154,1066
1728463378864072000,25,826,1485,300,222,1199
1728463378864914000,0,1054,1371,176,359,1150
1728463378865756000,0,1242,1243,90,452,1048
1728463378866597000,0,1410,1026,28,586,971
1728463378867439000,84,1536,785,0,687,849
1728463378868281000,232,1616,568,0,786,715
1728463378869123000,418,1632,354,0,864,552
1728463378869965000,610,1570,158,84,916,410
1728463378870807000,832,1478,33,177,932,276
1728463378871649000,1051,1346,10,335,912,151
1728463378872490000,1237,1175,2,475,875,64
1728463378873332000,1456,943,0,610,762,0
1728463378874174000,1420,738,101,804,670,42
1728463378875016000,1538,512,283,900,538,0
1728463378875858000,1600,330,473,960,420,13
1728463378876700000,1545,160,686,1036,305,121
1728463378877546000,1448,34,917,1072,196,237
1728463378878387000,1295,4,1144,1080,93,372
1728463378879229000,1103,0,1349,1045,21,528
1728463378880070000,897,0,1507,951,0,737
1728463378880912000,690,122,1626,826,0,847
1728463378881754000,482,275,1703,684,0,900
1728463378882596000,271,506,1711,545,37,999
1728463378883438000,166,745,1641,402,149,1047
1728463378884280000,0,796,1541,276,320,1093
1728463378885122000,0,1055,1381,184,422,1084
1728463378885964000,0,1286,1191,73,500,1036
1728463378886806000,4,1454,956,0,614,943
1728463378887648000,121,1568,736,0,714,820
1728463378888490000,272,1629,516,0,810,658
1728463378889332000,463,1628,305,11,885,521
1728463378890174000,668,1576,133,101,926,388
1728463378891026000,873,1457,10,209,924,245
1728463378891868000,1098,1300,0,362,910,128
1728463378892710000,1287,1117,1,508,854,42
1728463378893551000,1424,892,106,624,783,8
1728463378894393000,1533,709,202,767,624,0
1728463378895235000,1592,529,381,884,517,0
1728463378896076000,1594,279,519,981,390,36
1728463378896918000,1524,122,762,1041,267,141
1728463378897760000,1407,18,979,1078,173,273
1728463378898602000,1252,0,1203,1071,87,422
1728463378899443000,1057,0,1396,1023,5,565
1728463378900285000,850,4,1545,919,58,697
1728463378901127000,636,133,1680,798,10,832
1728463378901969000,417,314,1728,655,0,950
1728463378902811000,297,501,1709,506,66,1036
1728463378903653000,33,733,1634,440,149,1133
1728463378904505000,0,952,1547,290,276,1121
1728463378905347000,0,1144,1333,94,405,1072
1728463378906189000,0,1337,1124,50,529,1025
1728463378907031000,39,1481,897,0,634,911
1728463378907873000,148,1582,666,0,742,778
1728463378908715000,322,1628,448,0,832,630
1728463378909557000,520,1621,250,26,894,482
1728463378910399000,736,1566,89,122,930,334
1728463378911241000,944,1419,0,261,938,202
1728463378912083000,1150,1260,0,405,887,101
1728463378912925000,1330,1066,0,544,833,21
1728463378913767000,1438,759,56,681,780,0
1728463378914609000,1582,570,185,810,613,0
1728463378915451000,1600,397,378,904,432,0
1728463378916293000,1578,244,583,1000,354,54
1728463378917135000,1498,86,815,1062,246,170
1728463378917993000,1376,0,1042,1077,142,314
1728463378918834000,1207,2,1253,1063,53,457
1728463378919675000,1010,0,1448,1000,0,597
1728463378920517000,770,47,1596,889,0,730
1728463378921359000,568,186,1685,754,0,869
1728463378922201000,374,362,1781,611,6,966
1728463378923043000,192,560,1715,474,89,1082
1728463378923885000,79,796,1557,333,218,1153
1728463378924727000,14,1015,1440,212,298,1040
1728463378925569000,0,1294,1275,116,439,1025
1728463378926411000,0,1368,1071,34,561,997
1728463378927253000,58,1513,839,0,671,881
1728463378928095000,189,1600,608,0,762,746
1728463378928937000,362,1635,402,0,850,585
1728463378929779000,576,1605,213,53,911,440
1728463378930621000,785,1518,74,154,919,309
1728463378931462000,969,1387,0,293,919,178
1728463378932304000,1156,1201,2,441,869,81
1728463378933145000,1337,1001,0,594,800,5
1728463378933987000,1443,785,93,660,673,0
1728463378934829000,1535,625,245,810,557,0
1728463378935671000,1582,389,418,919,448,0
1728463378936513000,1562,197,636,1012,328,89
1728463378937355000,1472,65,873,1068,212,197
1728463378938197000,1327,0,1101,1083,117,341
1728463378939038000,1147,0,1307,1058,42,505
1728463378939880000,952,0,1486,972,0,642
1728463378940722000,737,159,1618,871,0,750
1728463378941564000,517,266,1704,726,0,878
1728463378942406000,329,390,1731,584,66,994
1728463378943248000,158,613,1684,427,97,1080
1728463378944090000,146,820,1632,329,210,1095
1728463378944940000,57,1033,1437,194,338,1104
1728463378945782000,0,1230,1216,162,461,1074
1728463378946623000,0,1412,1006,10,589,970
1728463378947465000,87,1551,781,0,701,850
1728463378948307000,237,1612,545,0,798,704
1728463378949149000,422,1634,340,0,868,551
1728463378949991000,632,1592,167,88,912,405
1728463378950833000,834,1494,41,193,938,275
1728463378951675000,1042,1329,0,322,924,151
1728463378952517000,1255,1167,0,484,869,51
1728463378953358000,1406,966,0,617,782,0
1728463378954200000,1498,844,86,771,676,0
1728463378955042000,1616,602,242,884,546,0
1728463378955884000,1595,224,462,944,493,2
1728463378956726000,1548,154,698,1033,305,114
1728463378957568000,1436,30,913,1088,197,242
1728463378958429000,1285,0,1149,1069,96,381
1728463378959271000,1104,2,1347,1034,32,517
1728463378960112000,889,0,1527,949,0,670
1728463378960954000,660,109,1648,862,0,802
1728463378961796000,453,277,1715,705,0,925
1728463378962638000,269,469,1719,528,47,1010
1728463378963480000,114,682,1663,401,141,1088
1728463378964322000,5,917,1611,261,277,1103
1728463378965164000,0,1121,1415,145,362,1183
1728463378966006000,0,1284,1114,66,500,1098
1728463378966848000,5,1449,960,4,617,937
1728463378967690000,128,1572,727,0,717,819
1728463378968532000,279,1623,503,0,803,658
1728463378969374000,462,1618,306,21,878,514
1728463378970216000,682,1567,125,113,931,377
1728463378971058000,901,1457,14,231,919,241
1728463378971898000,1095,1288,0,372,892,128
1728463378972740000,1289,1097,0,525,843,29
1728463378973581000,1487,882,23,653,748,0
1728463378974423000,1427,666,122,849,610,25
1728463378975265000,1512,466,354,938,503,18
1728463378976107000,1562,271,514,962,390,53
1728463378976949000,1530,119,753,1044,272,138
1728463378977791000,1397,2,983,1088,164,272
1728463378978633000,1248,0,1194,1073,79,418
1728463378979474000,1054,1,1401,1015,16,576
1728463378980316000,842,42,1558,914,0,711
1728463378981158000,626,157,1654,792,0,884
1728463378982000000,414,322,1710,650,0,936
1728463378982842000,238,576,1710,490,65,1029
1728463378983684000,89,766,1627,368,226,1084
1728463378984526000,0,882,1512,270,338,1120
1728463378985376000,18,1111,1320,138,448,1070
1728463378986217000,0,1312,1120,45,490,1016
1728463378987059000,39,1486,899,0,646,904
1728463378987901000,150,1587,663,0,744,774
1728463378988743000,325,1641,444,0,833,631
1728463378989585000,527,1615,253,32,897,478
1728463378990427000,732,1546,96,141,932,341
1728463378991269000,942,1420,0,253,924,215
1728463378992111000,1153,1253,0,405,887,106
1728463378992953000,1334,1055,0,549,824,21
1728463378993794000,1466,846,107,672,732,0
1728463378994636000,1552,621,193,798,576,85
1728463378995478000,1601,400,302,897,490,53
1728463378996321000,1572,235,567,996,354,34
1728463378997163000,1499,77,810,1059,250,173
1728463378998005000,1370,0,1047,1077,138,309
1728463378998866000,1199,0,1256,1064,52,456
1728463378999707000,996,1,1449,996,0,605
1728463379000549000,780,64,1600,892,0,739
1728463379001391000,576,192,1685,759,0,874
1728463379002233000,449,368,1728,612,10,969
1728463379003075000,174,568,1703,517,92,1059
1728463379003917000,26,786,1612,276,194,1106
1728463379004759000,0,1015,1456,178,305,1140
1728463379005601000,0,1255,1301,87,429,1065
1728463379006443000,0,1377,1068,20,555,992
1728463379007285000,64,1512,828,0,676,875
1728463379008127000,199,1602,599,0,765,736
1728463379008969000,370,1642,398,0,853,581
1728463379009811000,576,1602,206,64,910,437
1728463379010653000,786,1516,64,160,929,313
1728463379011495000,1006,1390,0,293,919,164
1728463379012340000,1196,1182,0,439,875,75
1728463379013181000,1360,988,0,583,802,13
1728463379014023000,1504,762,87,710,714,1
1728463379014865000,1562,547,239,820,508,0
1728463379015707000,1703,352,482,961,410,0
1728463379016549000,1600,196,648,1013,325,96
1728463379017391000,1470,67,875,1067,210,210
1728463379018233000,1322,0,1110,1088,112,348
1728463379019075000,1146,0,1308,1054,41,497
1728463379019917000,944,0,1479,975,0,645
1728463379020759000,740,87,1632,860,0,766
1728463379021601000,509,237,1724,722,0,891
1728463379022443000,321,410,1767,576,40,1000
1728463379023285000,151,626,1664,421,112,1112
1728463379024127000,64,853,1547,299,224,1003
1728463379024969000,0,1088,1406,187,350,1037
1728463379025821000,0,1347,1201,107,485,1021
1728463379026663000,0,1424,1006,22,590,958
1728463379027505000,89,1549,775,0,695,834
1728463379028347000,237,1618,540,0,798,704
1728463379029189000,420,1635,341,0,871,549
1728463379030031000,630,1598,165,82,912,405
1728463379030873000,843,1486,40,201,946,274
1728463379031715000,1026,1352,0,332,916,158
1728463379032557000,1223,1157,0,481,853,45
1728463379033398000,1392,960,11,618,775,0
1728463379034240000,1472,749,107,711,656,23
1728463379035082000,1564,568,290,841,537,0
1728463379035924000,1577,309,596,960,432,38
1728463379036766000,1535,154,715,1033,296,114
1728463379037608000,1436,36,925,1072,192,241
1728463379038450000,1276,5,1166,1076,87,392
1728463379039288000,1105,0,1361,1035,20,522
1728463379040130000,881,15,1528,946,0,673
1728463379040972000,674,130,1652,827,0,796
1728463379041814000,467,313,1724,681,43,917
1728463379042656000,277,461,1713,534,85,1016
1728463379043498000,125,674,1655,403,142,1088
1728463379044340000,117,881,1584,293,237,1103
1728463379045181000,56,1100,1392,158,362,1092
1728463379046023000,0,1292,1154,138,506,1074
1728463379046865000,8,1459,944,2,621,942
1728463379047707000,132,1566,704,0,738,808
1728463379048549000,287,1632,489,0,814,661
1728463379049391000,469,1628,293,18,878,506
1728463379050233000,682,1558,117,112,921,365
1728463379051075000,892,1456,2,225,935,242
1728463379051917000,1094,1295,0,373,916,117
1728463379052769000,1294,1103,0,529,842,34
1728463379053611000,1442,888,8,650,751,0
1728463379054453000,1522,785,117,786,626,0
1728463379055295000,1596,554,320,920,514,0
1728463379056137000,1611,310,505,969,461,10
1728463379056979000,1523,113,753,1052,269,149
1728463379057821000,1395,8,994,1076,164,274
1728463379058662000,1231,0,1210,1073,74,423
1728463379059503000,1047,0,1398,1017,13,576
1728463379060345000,839,40,1557,917,4,713
1728463379061187000,661,157,1672,833,0,835
1728463379062029000,394,323,1720,677,0,944
1728463379062871000,218,522,1706,490,74,1038
1728463379063713000,75,741,1639,357,165,1100
1728463379064555000,0,989,1505,232,287,1088
1728463379065397000,0,1136,1435,124,430,1100
1728463379066251000,0,1348,1186,41,581,1029
1728463379067093000,36,1490,888,0,635,907
1728463379067935000,163,1593,660,0,744,767
1728463379068776000,327,1636,442,0,837,624
1728463379069618000,523,1611,247,46,896,474
1728463379070460000,741,1540,92,130,927,341
1728463379071302000,960,1393,0,258,927,194
1728463379072144000,1159,1233,0,415,889,90
1728463379072986000,1338,1042,0,558,828,18
1728463379073828000,1472,832,49,686,706,0
1728463379074670000,1603,587,201,810,549,0
1728463379075512000,1690,391,425,926,441,0
1728463379076354000,1465,221,559,1072,346,122
1728463379077196000,1506,89,816,1065,249,177
1728463379078038000,1356,0,1054,1088,133,313
1728463379078880000,1194,0,1259,1068,56,459
1728463379079720000,996,2,1450,992,1,610
1728463379080561000,786,69,1600,882,0,754
1728463379081403000,561,194,1729,753,0,864
1728463379082245000,367,370,1762,610,17,974
1728463379083088000,194,578,1681,450,90,1090
1728463379083930000,50,797,1600,332,197,1088
1728463379084772000,0,1113,1445,239,333,1064
1728463379085614000,0,1327,1251,132,469,1032
1728463379086455000,0,1461,1050,53,563,951
1728463379087297000,64,1515,833,0,655,866
1728463379088139000,195,1601,597,0,772,737
1728463379088981000,375,1636,388,0,850,594
1728463379089823000,583,1600,202,55,906,437
1728463379090665000,791,1521,64,175,933,298
1728463379091507000,994,1376,2,309,917,192
1728463379092349000,1185,1196,2,423,858,69
1728463379093198000,1349,1001,0,584,784,5
1728463379094039000,1504,791,89,717,696,0
1728463379094881000,1559,615,273,828,562,0
1728463379095723000,1586,350,517,933,448,8
1728463379096565000,1556,215,704,1013,325,90
1728463379097407000,1472,46,872,1074,218,207
1728463379098249000,1328,0,1102,1077,122,357
1728463379099090000,1146,0,1313,1047,34,506
1728463379099931000,943,0,1496,967,0,645
1728463379100773000,722,90,1635,860,0,782
1728463379101615000,513,276,1699,718,0,901
1728463379102457000,329,397,1720,572,71,990
1728463379103299000,161,618,1675,433,113,1074
1728463379104141000,66,841,1575,301,225,1111
1728463379104983000,36,1044,1413,185,330,1103
1728463379105825000,0,1246,1216,146,465,1088
1728463379106678000,0,1408,1048,50,576,964
1728463379107520000,89,1545,761,0,700,841
1728463379108362000,247,1618,544,0,795,695
1728463379109204000,424,1642,335,0,871,541
1728463379110046000,630,1580,151,87,917,400
1728463379110888000,849,1483,29,193,936,269
1728463379111730000,1063,1348,0,335,917,151
1728463379112572000,1253,1153,0,478,847,42
1728463379113413000,1400,954,0,615,763,0
1728463379114255000,1531,736,122,754,660,0
1728463379115097000,1609,579,284,852,545,0
1728463379115939000,1574,239,487,988,448,11
1728463379116781000,1530,117,715,1017,233,110
1728463379117623000,1435,39,937,1074,193,245
1728463379118465000,1274,0,1178,1080,97,392
1728463379119306000,1090,0,1362,1034,25,540
1728463379120161000,884,21,1535,942,0,686
1728463379121003000,674,129,1666,824,0,810
1728463379121845000,436,279,1724,671,0,927
1728463379122687000,266,469,1711,522,64,1018
1728463379123529000,116,692,1724,392,146,1088
1728463379124371000,0,900,1571,269,256,1113
1728463379125213000,0,1088,1285,159,388,1173
1728463379126055000,0,1302,1097,56,533,1107
1728463379126897000,73,1478,890,0,633,843
1728463379127739000,117,1570,712,0,728,808
1728463379128581000,289,1624,482,0,824,660
1728463379129423000,481,1629,297,13,885,507
1728463379130265000,683,1582,128,114,924,371
1728463379131107000,907,1448,0,237,950,234
1728463379131949000,1113,1289,0,373,898,104
1728463379132791000,1288,1103,10,522,832,21
1728463379133741000,1405,894,28,661,736,0
1728463379134583000,1546,666,154,789,634,4
1728463379135424000,1538,456,352,924,496,0
1728463379136266000,1548,269,525,945,367,66
1728463379137108000,1507,150,777,1032,270,130
1728463379137950000,1400,9,992,1080,164,284
1728463379138792000,1233,7,1216,1071,64,425
1728463379139633000,1044,0,1410,1022,18,576
1728463379140475000,826,34,1578,922,0,711
1728463379141317000,615,155,1682,796,0,845
1728463379142159000,412,330,1710,641,2,932
1728463379143001000,229,599,1701,496,79,1027
1728463379143843000,92,714,1619,366,238,1088
1728463379144685000,0,941,1501,242,320,1111
1728463379145527000,0,1121,1312,125,368,1069
1728463379146369000,0,1304,1115,36,490,1004
1728463379147170000,168,1472,879,2,615,904
1728463379148012000,162,1588,640,0,765,770
1728463379148854000,334,1634,429,0,832,616
1728463379149696000,530,1616,244,37,900,466
1728463379150538000,745,1541,81,145,938,335
1728463379151380000,967,1409,0,271,929,197
1728463379152222000,1157,1252,0,407,901,100
1728463379153063000,1328,1035,0,565,817,18
1728463379153905000,1476,833,57,690,724,0
1728463379154747000,1575,613,162,818,591,0
1728463379155589000,1602,418,312,910,492,50
1728463379156431000,1590,200,554,1007,352,6
1728463379157273000,1528,153,799,1088,249,148
1728463379158115000,1362,0,1059,1088,138,313
1728463379158956000,1181,0,1268,1061,53,466
1728463379159798000,992,0,1448,996,0,610
1728463379160590000,789,73,1601,881,0,753
1728463379161432000,562,205,1697,754,0,872
1728463379162274000,448,370,1740,606,10,978
1728463379163116000,167,579,1683,495,101,1059
1728463379163958000,36,794,1604,353,198,1099
1728463379164800000,0,1010,1466,202,312,1110
1728463379165642000,0,1248,1283,87,448,1080
1728463379166484000,0,1416,1056,5,559,970
1728463379167326000,54,1506,932,0,698,884
1728463379168168000,203,1606,601,0,785,736
1728463379169010000,394,1625,383,0,856,581
1728463379169852000,586,1600,208,66,906,438
1728463379170694000,793,1511,66,173,933,297
1728463379171536000,1016,1371,0,311,931,185
1728463379172378000,1208,1164,0,448,874,77
1728463379173220000,1367,975,0,602,783,0
1728463379174076000,1501,766,89,733,685,0
1728463379174918000,1584,543,233,843,561,0
1728463379175760000,1728,349,474,956,402,11
1728463379176602000,1624,178,637,1088,301,103
1728463379177444000,1386,46,914,1121,210,260
1728463379178286000,1320,0,1107,1073,117,357
1728463379179128000,1140,0,1327,1045,31,509
1728463379179969000,936,2,1490,968,0,647
1728463379180811000,721,94,1629,853,0,783
1728463379181653000,506,250,1710,714,0,907
1728463379182495000,320,434,1776,558,34,998
1728463379183337000,148,645,1667,421,130,1138
1728463379184179000,26,867,1557,293,235,1103
1728463379185021000,0,1120,1410,182,352,1094
1728463379185863000,0,1351,1216,116,488,1012
1728463379186705000,0,1472,993,0,657,943
1728463379187548000,73,1460,761,0,766,821
1728463379188390000,250,1627,538,0,798,698
1728463379189232000,432,1639,334,0,879,538
1728463379190074000,639,1582,157,94,920,402
1728463379190916000,853,1475,30,197,927,266
1728463379191758000,1064,1338,0,343,919,139
1728463379192600000,1243,1130,0,482,850,53
1728463379193442000,1392,945,5,619,773,0
1728463379194284000,1518,728,125,750,645,1
1728463379195126000,1593,512,285,866,530,0
1728463379195968000,1573,320,577,960,436,40
1728463379196810000,1512,133,632,1018,277,209
1728463379197652000,1489,58,912,1072,192,159
1728463379198494000,1272,0,1174,1085,90,401
1728463379199336000,1088,0,1368,1039,18,546
1728463379200177000,880,13,1535,937,0,685
1728463379201953000,651,146,1660,818,0,814
1728463379202795000,456,285,1729,682,0,934
1728463379203637000,266,461,1714,530,49,1021
1728463379204479000,192,687,1652,388,138,1081
1728463379205321000,21,920,1535,267,260,1112
1728463379206163000,0,1107,1350,186,386,1088
1728463379207004000,0,1296,1166,105,518,1074
1728463379207846000,0,1463,964,37,615,926
1728463379208688000,82,1567,695,0,733,807
1728463379209530000,290,1623,471,0,825,656
1728463379210372000,484,1620,279,11,885,503
1728463379211214000,682,1565,117,112,911,357
1728463379212056000,910,1442,2,239,933,232
1728463379212898000,1120,1288,0,376,906,121
1728463379213740000,1301,1106,0,516,817,11
1728463379214581000,1441,890,42,663,741,0
1728463379215423000,1556,668,157,791,623,0
1728463379216265000,1600,477,321,900,509,0
1728463379217107000,1567,201,549,1000,418,36
1728463379217949000,1530,77,772,1042,194,141
1728463379218791000,1508,0,1002,1088,125,279
1728463379219633000,1229,0,1221,1068,72,433
1728463379220474000,1035,0,1415,1024,0,576
1728463379221316000,824,45,1579,913,0,714
1728463379222158000,610,165,1677,789,0,846
1728463379223000000,410,328,1719,645,5,960
1728463379223842000,215,535,1709,485,74,1041
1728463379224684000,69,746,1628,354,181,1098
1728463379225526000,0,966,1554,235,299,1106
1728463379226368000,0,1171,1344,121,418,1088
1728463379227210000,0,1344,1002,36,544,1090
1728463379228052000,50,1492,814,0,664,942
1728463379228899000,206,1603,601,0,755,697
1728463379229741000,341,1640,432,0,841,623
1728463379230583000,532,1622,234,37,897,459
1728463379231425000,752,1533,82,142,933,330
1728463379232267000,962,1410,0,270,930,202
1728463379233109000,1159,1245,0,412,890,90
1728463379233951000,1332,1034,17,565,810,10
1728463379234793000,1473,819,66,697,711,0
1728463379235635000,1556,598,207,815,590,0
1728463379236476000,1564,401,389,945,450,0
1728463379237318000,1525,207,583,951,346,64
1728463379238160000,1480,130,857,1045,240,192
1728463379239002000,1359,5,1058,1067,132,325
1728463379239843000,1188,0,1277,1060,53,465
1728463379240685000,974,0,1459,994,0,614
1728463379241527000,775,64,1593,895,0,748
1728463379242377000,561,202,1711,746,0,880
1728463379243219000,361,383,1731,608,23,977
1728463379244061000,192,579,1677,457,109,1040
1728463379244903000,53,860,1594,329,208,1095
1728463379245745000,0,996,1447,206,363,1097
1728463379246587000,0,1178,1259,110,488,1052
1728463379247429000,0,1347,1026,49,616,985
1728463379248270000,101,1482,825,0,618,863
1728463379249112000,313,1600,592,0,743,714
1728463379249954000,382,1632,375,0,860,576
1728463379250796000,591,1607,192,58,914,433
1728463379251638000,807,1513,53,176,925,301
1728463379252480000,1024,1359,0,320,930,169
1728463379253322000,1210,1189,0,460,874,74
1728463379254163000,1376,992,0,590,790,0
1728463379255005000,1499,762,104,730,682,0
1728463379255856000,1578,563,245,848,565,0
1728463379256698000,1605,354,474,941,442,55
1728463379257540000,1583,188,601,1016,333,149
1728463379258382000,1502,50,847,1066,194,137
1728463379259224000,1312,0,1106,1080,114,326
1728463379260065000,1138,0,1320,1055,34,516
1728463379260907000,938,0,1496,962,0,655
1728463379261749000,715,101,1628,842,0,788
1728463379262591000,500,257,1717,719,0,902
1728463379263433000,320,434,1734,566,41,1005
1728463379264275000,245,641,1673,413,112,1088
1728463379265117000,109,857,1569,294,226,1109
1728463379265958000,0,1070,1415,217,356,1101
1728463379266800000,0,1266,1216,132,484,1059
1728463379267642000,0,1424,1028,41,594,962
1728463379268484000,64,1559,752,0,687,839
1728463379269332000,242,1622,535,0,796,688
1728463379270174000,436,1637,324,0,877,541
1728463379271016000,645,1584,147,96,921,397
1728463379271857000,862,1479,34,210,938,257
1728463379272699000,1066,1329,10,349,917,145
1728463379273540000,1258,1142,0,489,857,50
1728463379274382000,1418,932,0,630,760,0
1728463379275224000,1535,719,138,760,654,0
1728463379276066000,1581,498,295,873,529,0
1728463379276908000,1604,349,480,968,450,17
1728463379277750000,1531,64,705,1061,314,101
1728463379278592000,1433,0,954,1066,125,245
1728463379279434000,1368,0,1172,1074,82,401
1728463379280276000,1088,0,1385,1028,13,547
1728463379281118000,878,21,1536,935,0,687
1728463379281960000,661,133,1657,817,0,818
1728463379284852000,448,293,1715,671,0,930
1728463379285694000,269,490,1722,525,58,1022
1728463379286536000,96,706,1654,383,155,1096
1728463379287378000,0,925,1600,264,270,1109
1728463379288220000,0,1124,1393,148,392,1139
1728463379289062000,0,1305,1088,50,497,1107
1728463379289904000,2,1456,887,0,644,990
1728463379290746000,193,1576,662,0,718,720
1728463379291588000,293,1660,473,0,817,661
1728463379292430000,495,1628,282,20,897,498
1728463379293272000,698,1559,121,125,926,366
1728463379294114000,911,1444,10,241,930,235
1728463379294956000,1121,1281,0,383,901,114
1728463379295798000,1288,1081,0,530,836,31
1728463379296640000,1449,876,37,669,733,1
1728463379297482000,1516,645,168,794,619,0
1728463379298324000,1581,448,348,901,490,0
1728463379299166000,1546,260,542,944,365,64
1728463379300008000,1496,161,781,1031,273,137
1728463379300850000,1383,0,1105,1066,189,308
1728463379301692000,1218,4,1259,1072,69,442
1728463379302533000,1029,0,1424,1011,1,580
1728463379303375000,824,44,1573,911,0,719
1728463379304217000,608,170,1682,784,0,845
1728463379305059000,404,344,1730,638,4,963
1728463379305901000,224,533,1705,500,83,1044
1728463379306743000,82,740,1632,356,231,1091
1728463379307585000,0,966,1491,237,313,1114
1728463379308427000,0,1158,1306,133,416,1076
1728463379309269000,101,1333,1138,58,514,1003
1728463379310111000,133,1491,905,0,634,902
1728463379310953000,45,1591,633,52,752,808
1728463379311801000,330,1635,418,0,847,618
1728463379312643000,549,1619,234,45,903,466
1728463379313485000,748,1544,88,149,930,322
1728463379314327000,970,1408,0,274,929,197
1728463379315169000,1168,1238,0,413,888,93
1728463379316011000,1345,1049,0,556,804,11
1728463379316852000,1474,826,55,690,712,0
1728463379317694000,1569,597,197,822,586,0
1728463379318536000,1605,401,383,913,459,0
1728463379319378000,1562,312,587,1034,358,32
1728463379320220000,1482,0,818,1057,320,166
1728463379321062000,1381,0,1052,1095,192,306
1728463379321904000,1178,0,1282,1056,46,480
1728463379322745000,970,0,1472,992,0,610
1728463379323587000,763,68,1611,885,0,752
1728463379324429000,548,219,1692,740,0,889
1728463379325282000,365,383,1728,591,23,984
1728463379326124000,171,597,1693,474,105,1056
1728463379326966000,36,803,1596,320,215,1106
1728463379327808000,0,1022,1450,197,330,1107
1728463379328649000,0,1229,1256,101,451,1071
1728463379329491000,0,1396,1017,11,589,960
1728463379330333000,66,1542,891,0,714,874
1728463379331175000,213,1636,542,0,767,827
1728463379332017000,398,1636,368,0,860,568
1728463379332859000,590,1596,192,69,918,426
1728463379333701000,816,1508,44,171,948,298
1728463379334543000,1022,1370,0,321,913,162
1728463379335385000,1209,1183,0,453,869,68
1728463379336226000,1387,977,0,606,786,0
1728463379337068000,1505,751,82,725,671,0
1728463379337910000,1589,535,256,851,548,0
1728463379338753000,1600,361,455,950,425,10
1728463379339595000,1440,162,649,1093,295,132
1728463379340437000,1394,37,906,1032,192,197
1728463379341279000,1273,0,1103,1036,101,352
1728463379342121000,1134,0,1333,1051,31,513
1728463379342962000,922,0,1504,975,0,654
1728463379343804000,718,100,1644,844,0,790
1728463379344646000,497,251,1703,709,0,903
1728463379345488000,309,429,1721,563,41,1000
1728463379346330000,141,644,1662,417,129,1117
1728463379347172000,29,864,1552,301,245,1092
1728463379348014000,0,1141,1412,177,366,1088
1728463379348856000,0,1308,1194,85,490,1044
1728463379349697000,36,1484,975,5,599,933
1728463379350539000,87,1473,757,11,757,812
1728463379351381000,265,1559,511,26,837,672
1728463379352235000,448,1620,320,2,880,536
1728463379353077000,656,1584,148,85,917,400
1728463379353919000,864,1480,26,210,936,265
1728463379354761000,1074,1315,0,357,911,144
1728463379355603000,1259,1129,0,494,850,42
1728463379356445000,1419,914,14,633,755,0
1728463379357287000,1510,717,138,754,642,0
1728463379358128000,1600,494,296,874,529,0
1728463379358970000,1591,298,498,960,400,36
1728463379359812000,1530,133,621,1030,271,213
1728463379360654000,1453,26,907,1071,194,302
1728463379361496000,1311,12,1149,1071,73,338
1728463379362338000,1082,0,1380,1020,11,546
1728463379363180000,862,21,1541,936,0,686
1728463379364022000,648,130,1670,824,0,822
1728463379364864000,449,304,1725,666,0,941
1728463379365711000,261,500,1718,520,50,1029
1728463379366553000,213,690,1654,383,153,1088
1728463379367395000,36,919,1520,253,266,1109
1728463379368237000,0,1128,1361,175,385,1093
1728463379369079000,0,1315,1163,87,503,1023
1728463379369920000,0,1468,963,29,618,921
1728463379370762000,98,1564,686,0,730,792
1728463379371604000,284,1644,495,0,813,679
1728463379372446000,494,1627,278,21,896,491
1728463379373288000,709,1558,104,122,930,361
1728463379374131000,922,1450,5,239,930,228
1728463379374973000,1122,1275,0,388,904,106
1728463379375815000,1297,1080,0,539,835,30
1728463379376656000,1440,866,30,661,736,0
1728463379377498000,1554,652,154,794,613,0
1728463379378340000,1604,453,346,901,487,0
1728463379379187000,1568,234,558,994,381,45
1728463379380029000,1504,72,770,1034,206,149
1728463379380871000,1507,0,1040,1090,114,279
1728463379381712000,1316,0,1278,1080,50,442
1728463379382554000,1017,0,1426,1008,1,593
1728463379383396000,816,41,1573,911,0,718
1728463379384238000,600,177,1681,767,0,854
1728463379385080000,394,350,1728,628,7,960
1728463379385922000,216,535,1703,485,84,1046
1728463379386764000,69,770,1624,341,185,1107
1728463379387606000,0,987,1551,226,312,1105
1728463379388448000,0,1180,1353,122,424,1080
1728463379389289000,0,1351,1081,39,546,1041
1728463379390131000,64,1519,815,0,676,953
1728463379390973000,215,1606,609,0,745,700
1728463379391815000,320,1760,402,10,853,562
1728463379392670000,546,1607,225,47,905,460
1728463379393512000,757,1533,82,148,925,322
1728463379394355000,970,1402,0,281,930,197
1728463379395197000,1170,1218,0,430,889,85
1728463379396039000,1347,1034,0,566,826,18
1728463379396881000,1481,821,74,704,690,0
1728463379397723000,1525,599,202,826,582,0
1728463379398565000,1584,393,394,924,463,0
1728463379399407000,1555,226,611,1004,343,84
1728463379400249000,1463,109,853,1037,234,194
1728463379401091000,1318,4,1060,1066,133,308
1728463379401933000,1157,0,1386,1044,65,481
1728463379402774000,969,0,1472,981,0,621
1728463379403616000,759,82,1605,879,0,759
1728463379404458000,542,212,1701,743,0,873
1728463379405300000,343,386,1728,601,25,983
1728463379406142000,177,595,1696,448,101,1068
1728463379406984000,42,879,1587,325,218,1088
1728463379407826000,0,999,1431,203,395,1088
1728463379408667000,0,1210,1248,98,518,1055
1728463379409509000,0,1378,1032,21,595,984
1728463379410351000,102,1493,801,0,604,842
1728463379411193000,282,1600,586,0,744,716
1728463379412035000,500,1635,416,1,835,564
1728463379412877000,604,1600,188,68,920,420
1728463379413719000,807,1505,49,185,936,293
1728463379414561000,1024,1364,0,312,922,165
1728463379415403000,1221,1183,0,455,868,69
1728463379416244000,1383,980,0,602,779,0
1728463379417085000,1504,752,106,723,682,0
1728463379417927000,1576,544,257,858,554,0
1728463379418769000,1600,352,442,942,426,18
1728463379419620000,1562,178,657,1022,320,94
1728463379420462000,1472,34,869,1072,184,148
1728463379421304000,1292,111,1095,1094,133,309
1728463379422146000,1098,100,1310,1064,37,470
1728463379422987000,919,0,1513,961,0,653
1728463379423829000,704,101,1639,847,0,791
1728463379424671000,494,260,1712,712,0,925
1728463379425513000,312,448,1728,552,50,1014
1728463379426355000,136,661,1674,426,136,1066
1728463379427197000,75,852,1555,338,241,1108
1728463379428039000,0,1078,1386,215,370,1098
1728463379428880000,0,1262,1190,110,485,1040
1728463379429722000,0,1435,977,26,613,952
1728463379430564000,73,1553,729,0,704,837
1728463379431406000,238,1690,534,0,813,683
1728463379432248000,437,1618,305,2,874,517
1728463379433104000,651,1577,142,90,928,388
1728463379433946000,873,1472,16,212,945,253
1728463379434788000,1078,1320,0,352,906,138
1728463379435630000,1268,1133,0,496,853,40
1728463379436471000,1413,923,18,633,760,0
1728463379437313000,1529,705,117,769,653,0
1728463379438155000,1606,494,301,874,528,0
1728463379438997000,1587,294,500,970,397,29
1728463379439839000,1536,135,740,1042,285,123
1728463379440681000,1409,0,949,1069,125,249
1728463379441523000,1396,0,1201,1079,49,382
1728463379442364000,1196,0,1425,1044,0,545
1728463379443206000,858,17,1551,939,0,693
1728463379444048000,653,138,1664,809,0,821
1728463379444890000,448,301,1720,666,0,946
1728463379445732000,258,503,1719,517,66,1031
1728463379446623000,112,705,1648,393,169,1090
1728463379447465000,0,919,1600,258,281,1117
1728463379448307000,0,1131,1396,143,394,1088
1728463379449149000,0,1311,1171,58,517,1011
1728463379449991000,21,1472,902,0,637,960
1728463379450833000,213,1600,644,0,743,725
1728463379451675000,354,1648,416,0,826,576
1728463379452516000,509,1615,245,26,890,434
1728463379453358000,713,1557,104,119,932,361
1728463379454200000,927,1435,1,241,930,228
1728463379455042000,1131,1275,2,393,907,109
1728463379455884000,1300,1076,0,543,832,23
1728463379456726000,1449,858,36,669,736,0
1728463379457568000,1552,641,178,794,600,0
1728463379458410000,1600,441,341,905,489,0
1728463379459252000,1565,245,565,993,370,56
1728463379460052000,1495,96,788,1054,249,165
1728463379460894000,1359,45,1040,1058,138,279
1728463379461736000,1198,0,1219,1052,58,441
1728463379462578000,1012,0,1522,991,29,604
1728463379463420000,817,46,1584,907,0,723
1728463379464262000,595,177,1685,781,0,846
1728463379465104000,388,350,1733,624,0,964
1728463379465946000,214,558,1704,476,85,1055
1728463379466788000,77,765,1632,354,184,1101
1728463379467630000,0,956,1485,229,351,1108
1728463379468472000,0,1160,1300,130,472,1070
1728463379469314000,0,1346,1095,36,535,997
1728463379470156000,47,1500,868,0,644,891
1728463379470998000,292,1580,685,0,732,756
1728463379471840000,407,1614,416,10,814,617
1728463379472682000,480,1600,256,97,890,497
1728463379473535000,761,1539,90,151,938,320
1728463379474377000,977,1400,0,287,931,201
1728463379475219000,1175,1222,0,424,882,86
1728463379476061000,1347,1021,0,576,796,4
1728463379476903000,1476,813,69,698,704,0
1728463379477745000,1559,583,203,828,580,0
1728463379478587000,1587,386,398,926,461,5
1728463379479429000,1568,218,621,1008,341,66
1728463379480271000,1479,84,836,1070,232,178
1728463379481113000,1351,0,1074,1058,205,314
1728463379481955000,1143,0,1276,1060,93,459
1728463379482797000,960,0,1461,985,23,610
1728463379483639000,767,70,1616,877,0,757
1728463379484481000,538,217,1702,738,0,889
1728463379485323000,343,404,1728,583,18,985
1728463379486165000,165,608,1695,444,110,1064
1728463379487012000,39,817,1592,320,221,1105
1728463379487854000,0,1039,1443,192,340,1103
1728463379488696000,0,1239,1253,96,458,1053
1728463379489538000,0,1396,1038,22,578,974
1728463379490380000,71,1534,826,0,695,858
1728463379491222000,209,1651,616,0,770,756
1728463379492064000,383,1620,298,0,880,629
1728463379492906000,650,1607,164,79,909,344
1728463379493748000,819,1504,49,182,930,293
1728463379494590000,1027,1360,0,320,917,169
1728463379495432000,1220,1169,0,471,867,64
1728463379496274000,1392,967,0,603,796,0
1728463379497115000,1506,757,100,740,670,0
1728463379497957000,1575,534,269,857,543,0
1728463379498799000,1600,341,458,960,434,20
1728463379499641000,1527,174,670,1023,314,113
1728463379500486000,1432,42,901,1088,196,221
1728463379501328000,1262,0,1122,1040,103,370
1728463379502170000,1081,0,1327,1012,21,541
1728463379503012000,881,40,1527,945,0,654
1728463379503854000,701,101,1639,846,0,784
1728463379504696000,482,253,1720,708,0,913
1728463379505538000,303,450,1722,558,50,1010
1728463379506380000,137,661,1680,410,130,1077
1728463379507222000,8,873,1564,293,249,1113
1728463379508064000,0,1125,1381,169,380,1088
1728463379508906000,0,1287,1189,69,551,1036
1728463379509747000,0,1416,962,14,650,937
1728463379510589000,101,1540,738,0,748,824
1728463379511431000,258,1600,500,0,757,673
1728463379512273000,578,1608,342,21,842,514
1728463379513115000,706,1572,146,140,917,375
1728463379513967000,872,1472,6,214,938,253
1728463379514809000,1084,1315,0,347,906,136
1728463379515651000,1261,1137,0,504,847,42
1728463379516492000,1415,911,20,638,757,0
1728463379517334000,1530,704,130,762,642,0
1728463379518176000,1589,485,320,874,517,0
1728463379519018000,1600,302,522,968,398,31
1728463379519860000,1529,141,732,1039,284,141
1728463379520702000,1433,16,940,1070,183,210
1728463379521544000,1264,0,1168,1072,65,345
1728463379522386000,1045,101,1376,1045,26,505
1728463379523228000,861,71,1556,939,0,676
1728463379524070000,656,148,1667,810,0,834
1728463379524912000,448,299,1724,662,0,943
1728463379525754000,250,508,1717,518,69,1029
1728463379526596000,96,705,1643,381,165,1088
1728463379527445000,0,928,1518,250,278,1116
1728463379528287000,0,1141,1345,188,402,1091
1728463379529129000,0,1312,1139,83,529,1022
1728463379529971000,8,1468,907,0,634,917
1728463379530813000,130,1584,677,0,729,791
1728463379531655000,290,1687,471,0,833,622
1728463379532497000,496,1591,357,21,929,516
1728463379533339000,730,1550,50,122,942,421
1728463379534181000,929,1438,0,256,933,215
1728463379535023000,1121,1265,5,389,899,109
1728463379535865000,1306,1075,0,536,825,28
1728463379536706000,1457,856,47,666,725,0
1728463379537548000,1566,644,186,799,611,0
1728463379538390000,1592,405,351,906,480,0
1728463379539232000,1584,242,577,993,367,53
1728463379540074000,1507,105,794,1056,240,170
1728463379540933000,1440,0,1061,1088,133,298
1728463379541775000,1272,0,1230,1090,52,452
1728463379542616000,917,0,1409,1076,0,642
1728463379543458000,779,43,1592,923,0,732
1728463379544300000,583,178,1692,778,0,853
1728463379545142000,392,341,1728,634,18,963
1728463379545984000,203,554,1698,482,82,1050
1728463379546826000,64,770,1620,354,192,1101
1728463379547668000,0,980,1490,234,314,1112
1728463379548509000,0,1192,1266,116,442,1136
1728463379549351000,0,1358,1064,31,552,1036
1728463379550193000,45,1507,847,0,658,871
1728463379551035000,177,1690,606,10,770,718
1728463379551877000,404,1706,399,0,854,578
1728463379552719000,546,1536,213,55,965,449
1728463379553561000,770,1505,75,159,908,320
1728463379554401000,981,1397,0,283,933,195
1728463379555243000,1179,1223,0,429,880,79
1728463379556084000,1344,1020,2,576,802,0
1728463379556926000,1487,803,73,705,706,0
1728463379557768000,1570,582,213,824,583,0
1728463379558610000,1578,383,407,926,440,0
1728463379559452000,1544,226,629,1008,335,79
1728463379560294000,1451,66,856,1066,230,196
1728463379561136000,1332,2,1166,1074,151,357
1728463379561977000,1164,29,1344,1045,42,469
1728463379562819000,960,4,1361,961,0,727
1728463379563661000,750,76,1602,870,0,789
1728463379564503000,533,224,1717,732,0,895
1728463379565345000,348,410,1730,586,23,995
1728463379566187000,162,609,1692,439,117,1068
1728463379567029000,37,833,1589,320,218,1109
1728463379567887000,0,1040,1440,194,335,1101
1728463379568729000,0,1230,1256,96,448,1052
1728463379569570000,0,1394,1032,21,568,974
1728463379570412000,122,1530,791,0,686,855
1728463379571254000,306,1603,602,0,754,719
1728463379572096000,290,1634,353,50,847,601
1728463379572938000,548,1589,213,114,904,400
1728463379573780000,811,1508,44,181,935,297
1728463379574622000,1042,1359,0,324,931,154
1728463379575464000,1221,1171,0,476,867,65
1728463379576306000,1390,962,0,610,786,0
1728463379577148000,1508,750,113,733,668,0
1728463379577990000,1583,540,267,856,542,0
1728463379578832000,1602,334,455,960,429,17
1728463379579674000,1537,170,666,1029,309,99
1728463379580516000,1452,42,904,1074,197,224
1728463379581379000,1303,0,1137,1061,178,356
1728463379582221000,1096,0,1333,1058,93,516
1728463379583063000,905,0,1504,969,37,661
1728463379583905000,689,110,1641,841,0,787
1728463379584747000,474,266,1717,696,0,912
1728463379585589000,294,453,1717,547,49,1016
1728463379586431000,136,685,1675,402,137,1091
1728463379587273000,13,887,1561,288,255,1105
1728463379588115000,0,1090,1392,173,373,1092
1728463379588957000,0,1277,1188,68,498,1045
1728463379589798000,0,1442,968,0,608,947
1728463379590640000,113,1567,767,0,711,826
1728463379591482000,247,1649,587,0,852,682
1728463379592324000,453,1628,197,4,861,597
1728463379593166000,705,1600,95,103,933,423
1728463379594008000,873,1463,15,222,940,250
1728463379594837000,1082,1300,0,365,915,132
1728463379595678000,1276,1120,0,506,850,50
1728463379596520000,1426,914,23,651,750,0
1728463379597362000,1529,685,143,768,636,0
1728463379598204000,1589,462,304,887,510,0
1728463379599046000,1591,282,522,975,378,33
1728463379599888000,1535,133,732,1048,298,139
1728463379600730000,1409,5,971,1089,177,266
1728463379601571000,1189,1,1216,1105,74,404
1728463379602413000,1021,0,1393,969,2,538
1728463379603255000,811,50,1559,902,0,711
1728463379604097000,636,139,1678,815,0,832
1728463379604939000,431,303,1716,663,0,942
1728463379605781000,250,509,1715,514,64,1033
1728463379606623000,89,712,1651,377,165,1089
1728463379607465000,0,933,1515,257,286,1113
1728463379608317000,0,1141,1332,138,416,1073
1728463379609158000,0,1399,1124,64,533,1004
1728463379610000000,23,1524,905,0,633,905
1728463379610842000,149,1558,660,0,774,782
1728463379611684000,324,1568,441,0,866,613
1728463379612526000,516,1578,253,21,838,469
1728463379613368000,816,1518,146,154,905,340
1728463379614210000,933,1432,0,245,933,218
1728463379615052000,1134,1273,0,392,898,106
1728463379615894000,1308,1072,0,543,825,18
1728463379616736000,1459,855,47,677,725,0
1728463379617578000,1554,640,183,804,604,0
1728463379618420000,1600,437,365,893,465,0
1728463379619262000,1574,242,570,994,365,64
1728463379620104000,1504,100,796,1045,259,171
1728463379620946000,1375,0,1036,1088,136,295
1728463379621795000,1221,0,1185,1070,81,485
1728463379622637000,1065,4,1389,993,0,513
1728463379623479000,792,132,1551,906,4,686
1728463379624321000,585,181,1697,772,0,866
1728463379625163000,392,354,1728,625,13,964
1728463379626005000,210,557,1700,486,94,1056
1728463379626847000,70,776,1627,341,194,1103
1728463379627689000,0,995,1474,228,320,1112
1728463379628531000,27,1177,1292,121,437,1070
1728463379629373000,0,1355,1076,92,554,998
1728463379630215000,29,1500,849,36,651,885
1728463379631056000,172,1593,617,11,759,741
1728463379631898000,320,1616,381,0,846,586
1728463379632740000,542,1664,233,26,907,450
1728463379633582000,783,1511,174,151,967,337
1728463379634424000,988,1389,0,281,931,186
1728463379635272000,1184,1223,4,434,882,82
1728463379636113000,1349,1017,0,576,804,8
1728463379636954000,1490,800,82,708,693,0
1728463379637796000,1569,588,231,832,576,0
1728463379638638000,1588,381,421,947,449,0
1728463379639480000,1565,205,645,1009,329,81
1728463379640322000,1474,65,866,1066,229,207
1728463379641164000,1333,0,1108,1088,114,335
1728463379642006000,1194,0,1304,1070,89,489
1728463379642847000,978,0,1475,966,0,640
1728463379643689000,826,58,1632,871,0,767
1728463379644531000,528,226,1710,740,0,890
1728463379645373000,338,402,1728,587,37,992
1728463379646215000,161,612,1684,436,110,1071
1728463379647057000,34,832,1585,322,224,1097
1728463379647899000,0,1038,1444,199,349,1109
1728463379648762000,0,1248,1270,89,475,1064
1728463379649603000,0,1402,1106,11,582,969
1728463379650445000,90,1534,846,0,680,843
1728463379651287000,220,1612,550,0,792,764
1728463379652129000,425,1647,306,0,905,629
1728463379652971000,631,1608,156,69,892,360
1728463379653813000,864,1574,41,194,929,261
1728463379654655000,1042,1355,0,325,928,161
1728463379655497000,1230,1170,0,463,860,66
1728463379656338000,1397,961,10,613,773,0
1728463379657180000,1504,750,114,744,672,2
1728463379658022000,1584,520,266,862,555,0
1728463379658864000,1590,329,472,953,410,20
1728463379659706000,1528,168,692,1028,305,109
1728463379660548000,1421,30,919,1071,206,237
1728463379661390000,1281,2,1138,1069,98,383
1728463379662233000,1080,42,1364,1002,18,538
1728463379663075000,880,64,1529,932,0,654
1728463379663917000,660,98,1769,821,4,810
1728463379664759000,473,266,1719,692,0,919
1728463379665601000,290,466,1728,542,41,1013
1728463379666443000,136,672,1672,403,149,1088
1728463379667285000,9,890,1552,282,254,1111
1728463379668127000,0,1103,1394,165,372,1095
1728463379668969000,0,1339,1180,71,533,1026
1728463379669811000,0,1429,968,5,666,943
1728463379670653000,122,1541,727,0,748,813
1728463379671495000,267,1621,506,0,804,674
1728463379672337000,570,1636,375,23,858,522
1728463379673179000,579,1567,120,178,910,405
1728463379674021000,827,1472,40,266,930,217
1728463379674863000,1100,1311,0,365,924,121
1728463379675695000,1269,1108,0,517,843,38
1728463379676536000,1428,905,18,644,757,0
1728463379677378000,1535,688,143,773,629,0
1728463379678220000,1583,486,313,883,513,0
1728463379679062000,1582,286,494,979,399,37
1728463379679904000,1532,130,728,1040,277,138
1728463379680746000,1408,21,971,1069,175,257
1728463379681587000,1240,0,1194,1088,82,403
1728463379682428000,1065,90,1375,1055,29,513
1728463379683270000,869,97,1545,905,66,687
1728463379684112000,609,73,1658,815,52,810
1728463379684954000,423,309,1734,660,0,946
1728463379685796000,248,514,1708,504,77,1038
1728463379686638000,95,732,1641,370,161,1088
1728463379687480000,0,943,1524,255,282,1108
1728463379688322000,0,1146,1338,150,410,1088
1728463379689237000,0,1328,1134,31,525,1022
1728463379690079000,21,1486,906,0,628,910
1728463379690921000,137,1587,676,0,744,776
1728463379691763000,320,1642,476,0,843,637
1728463379692605000,505,1651,330,33,908,474
1728463379693447000,725,1535,50,132,949,407
1728463379694289000,992,1428,0,253,930,146
1728463379695131000,1149,1263,0,405,897,102
1728463379695973000,1309,1063,0,545,822,13
1728463379696815000,1455,842,56,682,722,0
1728463379697657000,1558,633,186,804,610,0
1728463379698499000,1596,429,363,907,480,0
1728463379699341000,1576,226,572,1000,345,42
1728463379700183000,1506,72,810,1063,256,173
1728463379701025000,1355,0,1023,1076,135,320
1728463379701867000,1196,0,1264,1070,52,452
1728463379702661000,913,0,1459,1050,0,629
1728463379703503000,730,34,1584,823,0,708
1728463379704345000,541,165,1664,722,0,879
1728463379705187000,380,360,1736,620,5,975
1728463379706030000,198,556,1695,473,96,1052
1728463379706872000,64,788,1626,337,193,1107
1728463379707714000,0,994,1475,226,314,1103
1728463379708556000,0,1199,1291,122,442,1077
1728463379709397000,0,1364,1053,34,562,973
1728463379710239000,57,1594,826,0,670,868
1728463379711081000,197,1646,605,0,765,737
1728463379711923000,359,1625,395,0,883,593
1728463379712765000,590,1558,197,64,949,438
1728463379713608000,911,1496,98,173,894,301
1728463379714450000,1061,1369,0,285,916,186
1728463379715292000,1191,1221,0,439,889,79
1728463379716143000,1363,1012,0,576,799,9
1728463379716985000,1487,797,81,711,687,0
1728463379717827000,1569,576,232,832,569,0
1728463379718669000,1600,372,410,936,449,0
1728463379719511000,1555,188,642,1008,330,90
1728463379720353000,1472,71,865,1063,225,197
1728463379721195000,1336,0,1088,1089,126,349
1728463379722037000,1155,0,1303,1049,44,493
1728463379722879000,1013,5,1446,973,0,548
1728463379723721000,749,67,1589,861,0,705
1728463379724563000,527,309,1680,755,9,864
1728463379725405000,329,404,1742,583,23,999
1728463379726247000,162,623,1691,432,120,1064
1728463379727089000,25,834,1582,312,231,1112
1728463379727931000,0,1047,1421,188,351,1103
1728463379728772000,0,1242,1231,90,472,1060
1728463379729620000,39,1407,1010,67,587,965
1728463379730462000,56,1531,793,18,689,845
1728463379731304000,217,1612,545,0,791,706
1728463379732146000,405,1632,341,0,866,558
1728463379732988000,594,1645,173,52,917,389
1728463379733830000,823,1472,125,192,971,304
1728463379734672000,1047,1363,0,304,907,261
1728463379735514000,1233,1174,0,470,866,56
1728463379736355000,1392,960,9,613,773,0
1728463379737197000,1514,736,114,748,661,0
1728463379738039000,1584,525,271,858,541,0
1728463379738881000,1596,330,483,960,411,23
1728463379739723000,1542,165,695,1013,298,113
1728463379740565000,1440,18,914,1072,200,229
1728463379741407000,1285,0,1156,1077,79,373
1728463379742249000,1099,0,1358,1042,7,525
1728463379743106000,1010,0,1567,963,0,669
1728463379743948000,773,106,1692,832,0,808
1728463379744790000,350,264,1694,752,0,955
1728463379745632000,276,457,1728,546,47,1013
1728463379746474000,126,668,1662,406,150,1079
1728463379747316000,10,890,1559,274,253,1112
1728463379748158000,0,1111,1378,165,382,1094
1728463379749000000,0,1285,1186,75,512,1034
1728463379749842000,1,1446,998,4,618,937
1728463379750683000,119,1562,706,0,718,878
1728463379751525000,276,1624,488,0,812,712
1728463379752367000,464,1635,289,13,888,509
1728463379753209000,676,1681,109,121,948,346
1728463379754051000,885,1350,0,213,1006,226
1728463379754893000,1098,1259,0,381,952,117
1728463379755735000,1280,1108,0,514,842,37
1728463379756624000,1431,905,20,647,754,0
1728463379757466000,1543,677,149,779,634,0
1728463379758307000,1581,475,320,884,505,0
1728463379759149000,1585,274,523,975,386,39
1728463379759991000,1506,114,762,1040,266,130
1728463379760833000,1396,26,985,1066,163,270
1728463379761675000,1240,0,1199,1061,87,417
1728463379762516000,1041,0,1393,1017,5,569
1728463379763358000,818,18,1591,905,0,701
1728463379764200000,618,167,1746,786,26,836
1728463379765042000,424,313,1648,645,1,1038
1728463379765884000,242,517,1728,498,69,1041
1728463379766726000,92,736,1642,368,170,1089
1728463379767568000,0,948,1522,245,286,1114
1728463379768409000,0,1150,1330,141,411,1088
1728463379769251000,0,1344,1122,49,538,1024
1728463379770050000,40,1457,896,0,680,900
1728463379770892000,153,1570,672,0,760,774
1728463379771734000,321,1615,442,0,821,622
1728463379772576000,554,1625,266,26,885,489
1728463379773418000,647,1551,90,207,911,353
1728463379774260000,896,1407,11,306,927,184
1728463379775102000,1111,1244,0,368,895,98
1728463379775944000,1319,1053,0,546,811,8
1728463379776786000,1456,842,50,680,718,0
1728463379777628000,1560,619,184,815,606,0
1728463379778470000,1600,424,360,914,488,0
1728463379779312000,1573,233,578,1000,347,58
1728463379780154000,1494,87,802,1058,250,173
1728463379780996000,1376,0,1018,1084,148,277
1728463379781837000,1207,8,1248,1056,54,453
1728463379782678000,1007,53,1436,1001,0,570
1728463379783588000,817,142,1583,908,0,710
1728463379784430000,583,72,1669,745,68,850
1728463379785272000,370,306,1728,610,58,967
1728463379786114000,192,583,1702,466,97,1048
1728463379786956000,69,786,1610,340,207,1103
1728463379787798000,0,1007,1477,215,314,1109
1728463379788640000,0,1203,1286,111,434,1060
1728463379789481000,0,1382,1070,34,563,986
1728463379790323000,45,1519,839,0,666,874
1728463379791165000,186,1600,604,0,777,736
1728463379792006000,368,1632,399,0,847,581
1728463379792848000,565,1621,245,52,910,436
1728463379793690000,783,1551,114,162,931,322
1728463379794532000,1013,1368,0,295,939,229
1728463379795374000,1207,1219,0,444,877,36
1728463379796216000,1363,1001,0,594,801,8
1728463379797019000,1493,783,84,718,693,0
1728463379797860000,1576,562,230,832,569,0
1728463379798702000,1602,380,410,938,440,2
1728463379799544000,1569,192,639,1018,335,93
1728463379800386000,1464,42,864,1066,193,197
1728463379801228000,1336,0,1107,1077,103,341
1728463379802070000,1149,0,1318,1052,32,496
1728463379802911000,1026,0,1508,984,0,642
1728463379803752000,826,66,1600,881,0,775
1728463379804594000,434,229,1710,775,0,954
1728463379805436000,293,397,1733,556,31,1001
1728463379806278000,162,625,1681,434,126,1078
1728463379807120000,34,840,1576,312,228,1107
1728463379807962000,0,1055,1422,188,346,1102
1728463379808804000,0,1248,1237,104,480,1057
1728463379809645000,0,1409,1008,10,594,962
1728463379810492000,87,1541,759,0,692,900
1728463379811334000,234,1614,543,0,793,674
1728463379812176000,430,1672,332,0,882,538
1728463379813018000,635,1636,154,74,986,398
1728463379813861000,844,1423,36,215,983,274
1728463379814703000,1071,1301,0,329,856,151
1728463379815544000,1330,1137,0,474,860,56
1728463379816385000,1393,953,5,612,765,0
1728463379817227000,1514,738,123,747,660,0
1728463379818069000,1582,514,287,858,538,0
1728463379818911000,1592,331,472,952,417,34
1728463379819753000,1546,161,706,1028,292,107
1728463379820595000,1414,47,938,1059,192,244
1728463379821436000,1280,2,1157,1079,100,386
1728463379822277000,1093,0,1362,1026,26,538
1728463379823118000,885,2,1601,937,2,696
1728463379823966000,674,146,1706,813,0,850
1728463379824808000,459,264,1650,674,6,1002
1728463379825650000,282,466,1713,541,45,1014
1728463379826492000,125,678,1672,400,142,1080
1728463379827334000,0,896,1548,279,264,1120
1728463379828176000,0,1113,1377,157,385,1097
1728463379829017000,0,1296,1173,64,501,1038
1728463379829859000,11,1455,947,6,614,938
1728463379830701000,115,1546,726,0,705,806
1728463379831543000,353,1624,491,0,811,665
1728463379832385000,513,1624,292,10,882,511
1728463379833227000,625,1563,141,132,921,378
1728463379834069000,866,1465,0,178,933,267
1728463379834911000,1089,1361,15,341,901,117
1728463379835753000,1279,1124,20,507,847,33
1728463379836594000,1432,896,34,650,747,0
1728463379837448000,1540,678,150,778,630,0
1728463379838289000,1593,473,333,879,503,0
1728463379839131000,1583,287,546,977,381,49
1728463379839973000,1518,127,761,1052,273,159
1728463379840815000,1411,10,988,1073,170,267
1728463379841657000,1248,0,1207,1065,85,421
1728463379842498000,1044,0,1411,1020,13,576
1728463379843340000,854,0,1554,927,0,706
1728463379844182000,619,136,1682,786,0,847
1728463379845024000,529,309,1775,660,0,941
1728463379845866000,224,516,1712,519,72,1040
1728463379846708000,93,738,1640,362,176,1095
1728463379847550000,0,955,1504,245,297,1112
1728463379848392000,0,1149,1329,138,418,1081
1728463379849234000,0,1328,1109,52,545,1008
1728463379850076000,34,1479,897,0,642,907
1728463379850923000,159,1588,706,0,743,773
1728463379851765000,320,1634,466,0,836,687
1728463379852607000,524,1614,228,30,903,506
1728463379853449000,791,1553,50,122,916,261
1728463379854291000,970,1506,0,296,936,169
1728463379855133000,1150,1130,0,386,965,87
1728463379855975000,1330,1041,0,549,821,23
1728463379856817000,1466,839,57,682,719,0
1728463379857659000,1549,611,194,812,594,0
1728463379858501000,1600,418,368,916,481,0
1728463379859343000,1571,233,587,987,349,65
1728463379860185000,1484,89,819,1063,247,189
1728463379861027000,1362,0,1050,1080,146,308
1728463379861868000,1199,4,1253,1051,49,473
1728463379862710000,994,4,1452,993,0,608
1728463379863552000,760,116,1615,867,0,704
1728463379864398000,553,165,1793,745,5,868
1728463379865240000,361,405,1776,586,8,970
1728463379866082000,184,580,1698,463,89,1051
1728463379866924000,56,788,1612,335,206,1104
1728463379867766000,0,1012,1464,202,320,1115
1728463379868608000,0,1217,1282,106,433,1072
1728463379869450000,0,1381,1068,36,569,986
1728463379870292000,64,1489,832,0,698,865
1728463379871134000,199,1590,608,0,785,739
1728463379871976000,377,1617,402,0,832,578
1728463379872818000,626,1601,211,57,901,441
1728463379873660000,693,1517,47,231,927,350
1728463379874502000,970,1378,2,237,914,157
1728463379875344000,1148,1194,0,404,864,89
1728463379876186000,1367,989,0,591,800,1
1728463379877028000,1498,790,89,712,688,4
1728463379877881000,1583,559,234,840,565,0
1728463379878723000,1591,357,426,941,442,3
1728463379879565000,1557,193,644,1013,330,94
1728463379880407000,1476,64,872,1068,209,201
1728463379881249000,1321,0,1099,1077,116,336
1728463379882091000,1154,0,1303,1053,54,494
1728463379882932000,942,0,1482,975,0,642
1728463379883774000,725,0,1628,845,58,752
1728463379884616000,490,162,1700,733,46,879
1728463379885458000,325,398,1719,552,0,996
1728463379886300000,149,633,1684,423,110,1072
1728463379887142000,20,852,1579,309,228,1102
1728463379887984000,0,1061,1423,186,357,1105
1728463379888826000,0,1255,1219,81,480,1055
1728463379889667000,0,1418,1006,10,590,963
1728463379890509000,85,1548,777,0,706,834
1728463379891359000,237,1618,546,0,799,704
1728463379892201000,416,1627,417,0,872,545
1728463379893043000,631,1585,205,79,917,400
1728463379893885000,832,1460,0,201,960,334
1728463379894727000,1122,1356,0,341,919,66
1728463379895569000,1239,1274,0,488,866,2
1728463379896410000,1401,947,10,626,778,0
1728463379897252000,1515,722,126,751,659,0
1728463379898094000,1586,505,276,864,535,0
1728463379898936000,1591,320,481,960,405,31
1728463379899778000,1533,154,705,1041,301,122
1728463379900620000,1433,30,947,1077,194,242
1728463379901462000,1280,0,1165,1073,82,390
1728463379902303000,1094,0,1360,1034,21,542
1728463379903145000,866,8,1541,947,0,671
1728463379903987000,604,116,1675,872,0,798
1728463379904847000,435,273,1701,628,0,921
1728463379905689000,250,537,1735,506,54,1011
1728463379906531000,105,683,1663,393,149,1088
1728463379907373000,1,893,1536,270,266,1114
1728463379908215000,0,1120,1376,156,386,1092
1728463379909057000,0,1303,1176,64,512,1026
1728463379909899000,4,1456,945,0,619,935
1728463379910741000,125,1561,688,0,730,789
1728463379911583000,284,1691,482,0,813,639
1728463379912425000,474,1668,291,21,898,490
1728463379913267000,689,1547,125,110,954,365
1728463379914110000,891,1426,0,220,884,234
1728463379914952000,1202,1279,37,374,890,122
1728463379915794000,1145,1074,0,600,824,60
1728463379916636000,1434,888,23,651,750,0
1728463379917478000,1546,668,158,782,619,0
1728463379918315000,1592,466,335,896,500,0
1728463379919157000,1591,261,535,983,386,41
1728463379919999000,1518,121,766,1042,266,157
1728463379920841000,1372,16,1002,1057,162,272
1728463379921683000,1228,0,1216,1066,75,422
1728463379922525000,1036,0,1359,1009,14,581
1728463379923367000,837,29,1561,915,0,715
1728463379924209000,686,188,1632,784,0,744
1728463379925051000,388,436,1713,669,25,916
1728463379925893000,265,585,1685,474,169,1029
1728463379926735000,78,738,1638,362,174,1089
1728463379927577000,0,952,1497,245,294,1108
1728463379928419000,0,1166,1315,136,426,1088
1728463379929260000,0,1344,1112,39,541,1015
1728463379930102000,42,1489,881,0,641,900
1728463379930944000,137,1580,650,36,752,763
1728463379931795000,321,1634,430,1,847,622
1728463379932637000,517,1614,243,40,891,466
1728463379933479000,738,1542,96,133,940,335
1728463379934321000,960,1428,64,254,971,232
1728463379935163000,1157,1265,0,388,874,197
1728463379936005000,1337,1029,0,548,809,85
1728463379936846000,1472,823,64,690,721,0
1728463379937688000,1564,608,205,813,594,0
1728463379938530000,1600,407,385,913,462,0
1728463379939372000,1576,231,602,1002,352,66
1728463379940214000,1490,85,820,1058,237,184
1728463379941056000,1359,0,1049,1088,137,314
1728463379941898000,1187,0,1269,1064,50,462
1728463379942739000,988,0,1447,992,0,609
1728463379943581000,781,55,1605,885,0,741
1728463379944423000,650,178,1706,754,0,866
1728463379945284000,277,369,1721,672,2,1023
1728463379946126000,133,576,1719,393,96,1044
1728463379946968000,52,801,1605,330,206,1111
1728463379947810000,0,1005,1457,213,328,1100
1728463379948651000,0,1215,1265,109,452,1063
1728463379949493000,0,1376,1052,36,568,985
1728463379950335000,64,1516,822,0,675,868
1728463379951177000,205,1602,570,0,774,792
1728463379952019000,386,1634,370,0,851,623
1728463379952861000,576,1600,196,65,901,419
1728463379953703000,799,1565,44,161,940,298
1728463379954545000,993,1281,2,293,1001,157
1728463379955387000,1208,1138,0,472,912,64
1728463379956228000,1390,927,0,601,778,0
1728463379957070000,1495,778,87,712,682,0
1728463379957912000,1578,558,244,847,559,0
1728463379958753000,1590,354,443,941,436,9
1728463379959595000,1560,192,648,1018,330,100
1728463379960437000,1465,50,878,1069,217,210
1728463379961279000,1307,9,1122,1088,109,352
1728463379962121000,1134,0,1313,1034,37,508
1728463379962963000,940,2,1491,953,0,657
1728463379963805000,722,98,1635,851,0,791
1728463379964647000,492,267,1773,705,0,893
1728463379965489000,309,402,1657,565,46,1088
1728463379966331000,213,655,1653,407,114,1009
1728463379967173000,18,862,1579,298,229,1109
1728463379968015000,0,1069,1419,181,361,1112
1728463379968857000,0,1269,1216,81,490,1055
1728463379969699000,0,1426,1006,5,591,967
1728463379970541000,98,1551,773,0,704,835
1728463379971383000,244,1599,552,0,784,696
1728463379972229000,514,1634,338,1,866,551
1728463379973071000,669,1576,162,129,910,394
1728463379973913000,835,1480,34,221,939,266
1728463379974756000,1039,1359,13,308,927,183
1728463379975598000,1221,1197,26,468,847,58
1728463379976439000,1390,942,5,610,770,0
1728463379977281000,1529,713,114,755,666,0
1728463379978123000,1584,505,279,867,533,0
1728463379978965000,1592,313,490,966,402,21
1728463379979807000,1528,145,713,1037,298,130
1728463379980649000,1428,22,933,1072,187,248
1728463379981491000,1269,4,1168,1074,100,389
1728463379982332000,1098,0,1368,1038,18,533
1728463379983174000,882,29,1542,938,0,672
1728463379984016000,663,105,1654,823,0,801
1728463379984858000,466,224,1709,687,10,917
1728463379985710000,381,459,1745,535,36,1016
1728463379986552000,170,686,1631,459,139,1088
1728463379987394000,0,911,1532,261,266,1114
1728463379988236000,0,1124,1368,154,388,1092
1728463379989078000,0,1310,1163,64,516,1023
1728463379989920000,18,1457,949,2,634,933
1728463379990762000,128,1569,705,0,733,802
1728463379991604000,285,1633,489,0,816,660
1728463379992446000,474,1629,354,17,885,498
1728463379993288000,689,1556,146,117,928,408
1728463379994130000,912,1448,0,234,934,245
1728463379994972000,1122,1281,0,381,903,53
1728463379995814000,1289,1183,0,553,852,0
1728463379996656000,1472,960,0,674,751,0
1728463379997498000,1551,658,157,781,626,0
1728463379998340000,1584,455,335,893,497,0
1728463379999266000,1576,261,546,993,377,44
1728463380000108000,1513,109,765,1045,274,153
1728463380000950000,1395,10,992,1078,157,284
1728463380001791000,1183,8,1210,1070,68,427
1728463380002633000,1016,0,1418,1017,5,580
1728463380003475000,808,29,1570,924,0,722
1728463380004317000,605,158,1692,777,0,850
1728463380005159000,386,362,1735,616,17,980
1728463380006001000,218,530,1751,479,90,1035
1728463380006843000,74,760,1705,350,202,1107
1728463380007685000,0,962,1504,242,297,1107
1728463380008527000,0,1163,1330,131,426,1080
1728463380009369000,0,1344,1103,50,549,1011
1728463380010211000,41,1486,884,0,649,905
1728463380011053000,171,1592,648,0,751,767
1728463380011895000,334,1701,425,2,838,604
1728463380012672000,533,1592,238,39,965,459
1728463380013514000,749,1527,79,135,960,335
1728463380014356000,968,1403,0,267,928,193
1728463380015198000,1238,1219,2,408,871,96
1728463380016040000,1277,1035,0,625,789,29
1728463380016882000,1373,832,56,757,695,26
1728463380017723000,1566,618,201,814,592,0
1728463380018565000,1594,402,386,921,466,0
1728463380019407000,1572,226,608,1002,341,74
1728463380020249000,1477,82,823,1054,238,181
1728463380021091000,1357,0,1055,1083,135,321
1728463380021933000,1173,6,1268,1057,50,473
1728463380022774000,980,0,1449,981,2,615
1728463380023615000,767,69,1588,884,0,746
1728463380024457000,561,202,1690,756,0,889
1728463380025299000,343,378,1706,597,23,922
1728463380026141000,226,657,1679,466,94,1034
1728463380026983000,42,718,1603,350,255,1106
1728463380027825000,0,1017,1453,210,329,1110
1728463380028667000,0,1216,1259,101,462,1066
1728463380029508000,0,1387,1056,29,570,982
1728463380030350000,65,1527,821,0,679,868
1728463380031192000,213,1602,585,0,788,725
1728463380032034000,349,1632,368,29,857,581
1728463380032876000,576,1602,201,50,904,431
1728463380033718000,791,1507,56,170,934,296
1728463380034560000,1012,1382,0,288,927,178
1728463380035401000,1199,1174,98,425,896,87
1728463380036243000,1368,986,85,591,823,2
1728463380037085000,1496,781,146,704,674,7
1728463380037927000,1578,546,250,842,558,0
1728463380038769000,1600,362,442,935,429,18
1728463380039622000,1553,183,663,1017,320,93
1728463380040464000,1457,43,885,1073,211,221
1728463380041306000,1314,5,1124,1074,106,362
1728463380042148000,1140,0,1321,1050,30,504
1728463380042990000,931,0,1484,965,0,663
1728463380043832000,722,86,1626,854,0,776
1728463380044674000,546,242,1728,718,0,917
1728463380045516000,206,421,1699,642,23,1029
1728463380046358000,98,626,1690,394,130,1066
1728463380047200000,0,865,1570,261,241,1127
1728463380048042000,0,1069,1413,181,370,1097
1728463380048883000,0,1255,1215,90,493,1050
1728463380049725000,0,1421,992,13,602,960
1728463380050567000,98,1546,764,0,700,836
1728463380051409000,260,1619,533,0,802,685
1728463380052251000,440,1632,311,1,889,590
1728463380053114000,642,1607,138,87,922,383
1728463380053956000,863,1513,39,206,927,258
1728463380054798000,1061,1299,0,344,949,138
1728463380055640000,1274,1093,0,498,788,45
1728463380056482000,1404,905,10,626,713,0
1728463380057324000,1636,710,146,759,637,0
1728463380058166000,1592,498,293,874,533,0
1728463380059008000,1592,312,496,962,404,37
1728463380059850000,1544,141,718,1040,285,120
1728463380060692000,1418,20,952,1080,192,252
1728463380061533000,1269,2,1165,1067,90,394
1728463380062375000,1074,2,1379,1012,10,551
1728463380063217000,881,34,1539,931,0,687
1728463380064059000,656,145,1663,807,0,823
1728463380064901000,438,293,1684,670,0,974
1728463380065743000,306,503,1671,509,57,956
1728463380066579000,84,832,1631,407,174,1054
1728463380067421000,5,981,1530,264,267,1111
1728463380068263000,0,1125,1369,145,393,1095
1728463380069105000,0,1313,1163,65,509,1027
1728463380069947000,13,1468,939,0,630,932
1728463380070789000,133,1569,698,0,727,800
1728463380071631000,301,1637,482,0,823,661
1728463380072473000,542,1624,282,17,878,495
1728463380073315000,672,1554,130,164,922,361
1728463380074158000,904,1442,9,226,928,234
1728463380075000000,1112,1295,0,375,909,110
1728463380075842000,1272,1090,0,512,840,23
1728463380076684000,1444,873,133,653,786,0
1728463380077526000,1541,661,215,787,626,0
1728463380078368000,1595,450,342,897,501,0
1728463380079210000,1573,255,553,986,373,46
1728463380080112000,1510,103,778,1050,261,155
1728463380080954000,1384,2,1009,1080,159,283
1728463380081796000,1222,0,1231,1074,73,437
1728463380082638000,1020,0,1419,1016,9,577
1728463380083480000,824,42,1578,910,0,719
1728463380084322000,610,161,1674,782,0,837
1728463380085164000,493,320,1743,642,0,960
1728463380086006000,289,535,1685,549,74,1045
1728463380086848000,5,756,1661,402,165,1113
1728463380087690000,0,974,1499,207,298,1122
1728463380088532000,0,1167,1313,130,424,1079
1728463380089374000,0,1352,1094,41,549,1010
1728463380090216000,45,1498,877,0,645,893
1728463380091058000,182,1596,651,0,757,762
1728463380091900000,341,1626,420,0,846,613
1728463380092742000,541,1612,215,34,900,501
1728463380093540000,749,1533,90,141,928,306
1728463380094383000,965,1431,0,272,933,192
1728463380095225000,1168,1169,0,409,960,79
1728463380096067000,1324,965,0,586,866,0
1728463380096909000,1497,756,56,700,633,0
1728463380097751000,1566,590,201,820,585,0
1728463380098593000,1601,397,385,916,461,0
1728463380099435000,1567,218,606,1003,341,66
1728463380100277000,1482,64,832,1066,242,185
1728463380101119000,1362,0,1066,1080,138,328
1728463380101960000,1181,0,1273,1057,52,469
1728463380102802000,964,9,1472,986,0,613
1728463380103644000,765,69,1596,883,0,748
1728463380104486000,554,215,1696,746,0,894
1728463380105328000,372,393,1731,591,16,1066
1728463380106170000,201,586,1649,455,122,1113
1728463380107019000,74,804,1564,314,201,1049
1728463380107861000,0,1039,1452,206,327,1103
1728463380108703000,0,1221,1265,106,457,1058
1728463380109544000,0,1383,1045,27,583,985
1728463380110386000,69,1524,804,0,682,866
1728463380111228000,215,1610,586,0,776,724
1728463380112070000,389,1631,370,0,857,565
1728463380112912000,689,1584,185,66,905,426
1728463380113754000,791,1504,57,222,933,299
1728463380114596000,1002,1372,2,337,923,162
1728463380115438000,1188,1182,0,403,873,57
1728463380116280000,1349,1004,0,559,789,41
1728463380117122000,1473,818,109,708,666,0
1728463380117964000,1569,548,257,844,554,0
1728463380118806000,1601,348,440,949,429,12
1728463380119648000,1552,180,680,1014,305,98
1728463380120495000,1452,58,901,1072,209,221
1728463380121337000,1305,0,1129,1082,110,363
1728463380122179000,1124,0,1332,1041,33,496
1728463380123020000,925,0,1506,971,0,658
1728463380123862000,719,101,1635,839,0,778
1728463380124704000,493,244,1691,713,0,916
1728463380125546000,326,401,1728,551,0,1010
1728463380126388000,261,631,1720,427,90,1071
1728463380127230000,5,853,1535,365,233,1135
1728463380128072000,0,1080,1417,179,373,1107
1728463380128914000,0,1271,1209,77,485,1059
1728463380129756000,0,1430,979,9,604,948
1728463380130598000,100,1553,757,0,708,833
1728463380131440000,245,1615,527,0,808,690
1728463380132282000,437,1626,365,0,876,531
1728463380133124000,649,1591,178,89,929,413
1728463380133973000,866,1472,4,202,943,302
1728463380134815000,1076,1327,0,341,909,126
1728463380135657000,1242,1250,0,501,858,0
1728463380136498000,1397,1052,8,657,781,0
1728463380137340000,1567,773,111,754,687,0
1728463380138182000,1600,495,306,869,529,0
1728463380139024000,1596,309,501,972,389,28
1728463380139866000,1524,141,732,1033,285,128
1728463380140708000,1419,21,956,1072,174,257
1728463380141550000,1267,10,1182,1074,85,405
1728463380142392000,1064,0,1378,1030,23,548
1728463380143234000,860,20,1551,942,0,693
1728463380144076000,645,138,1655,788,1,821
1728463380144918000,434,290,1731,666,0,952
1728463380145760000,240,511,1725,505,65,1034
1728463380146602000,113,741,1715,391,192,1093
1728463380147450000,5,903,1439,256,282,1189
1728463380148292000,0,1131,1361,144,400,1092
1728463380149133000,0,1306,1154,64,520,1030
1728463380149975000,23,1470,922,1,637,935
1728463380150817000,144,1573,693,0,737,802
1728463380151659000,302,1632,474,0,819,645
1728463380152501000,491,1593,274,23,943,490
1728463380153344000,708,1546,112,114,912,362
1728463380154186000,983,1431,2,244,923,220
1728463380155028000,1153,1272,1,407,897,112
1728463380155870000,1206,1076,0,602,833,68
1728463380156711000,1375,868,66,704,726,9
1728463380157553000,1505,649,151,748,617,0
1728463380158395000,1600,434,348,906,498,0
1728463380159237000,1600,257,544,987,378,57
1728463380160079000,1513,106,780,1060,253,154
1728463380160939000,1380,0,1019,1088,154,286
1728463380161781000,1223,0,1223,1070,71,436
1728463380162622000,1038,0,1403,1006,10,586
1728463380163464000,837,50,1569,905,0,717
1728463380164306000,610,184,1685,785,0,825
1728463380165148000,401,341,1719,635,2,960
1728463380165990000,229,468,1687,455,153,1020
1728463380166832000,85,711,1610,369,218,1082
1728463380167674000,0,939,1487,209,234,1103
1728463380168515000,0,1185,1309,126,425,1088
1728463380169357000,0,1360,1103,34,546,1007
1728463380170199000,50,1504,867,0,660,892
1728463380171041000,175,1600,644,0,761,752
1728463380171883000,357,1632,422,0,854,609
1728463380172725000,533,1606,231,36,890,459
1728463380173567000,745,1535,90,138,929,320
1728463380174409000,970,1398,68,281,928,202
1728463380175251000,1172,1229,32,415,889,89
1728463380176093000,1340,1019,0,568,799,97
1728463380176935000,1482,798,18,690,722,52
1728463380177777000,1626,606,171,816,576,0
1728463380178619000,1597,391,392,921,457,2
1728463380179461000,1570,217,612,1008,344,74
1728463380180303000,1480,64,842,1066,233,193
1728463380181145000,1345,0,1077,1077,124,327
1728463380181987000,1179,2,1285,1055,42,477
1728463380182829000,970,0,1457,981,0,617
1728463380183671000,759,64,1625,884,0,745
1728463380184513000,537,202,1700,737,0,871
1728463380185355000,349,393,1733,595,9,992
1728463380186197000,129,586,1711,382,93,1057
1728463380187039000,17,853,1621,293,213,1134
1728463380187892000,0,1026,1448,193,330,1091
1728463380188734000,0,1236,1266,101,458,1064
1728463380189576000,0,1393,1047,21,576,975
1728463380190418000,77,1528,818,0,687,862
1728463380191260000,219,1614,584,0,776,721
1728463380192102000,395,1634,377,0,864,564
1728463380192944000,602,1662,178,73,916,407
1728463380193786000,817,1495,49,178,975,282
1728463380194628000,1020,1340,0,320,950,162
1728463380195470000,1223,1162,0,466,872,64
1728463380196311000,1388,944,0,594,751,0
1728463380197153000,1614,756,149,751,640,0
1728463380197995000,1636,521,272,850,533,0
1728463380198837000,1600,335,442,958,434,10
1728463380199679000,1557,173,669,1020,310,105
1728463380200521000,1442,46,901,1072,202,218
1728463380201383000,1302,0,1126,1090,106,366
1728463380202224000,1126,0,1331,1043,37,522
1728463380203065000,910,0,1519,954,0,663
1728463380203907000,700,112,1639,843,0,783
1728463380204749000,495,258,1687,706,4,913
1728463380205591000,305,448,1713,553,42,1013
1728463380206433000,114,773,1664,420,126,1023
1728463380207275000,30,960,1546,314,260,1074
1728463380208117000,0,1015,1381,157,457,1089
1728463380208959000,0,1278,1198,73,510,1053
1728463380209800000,0,1440,978,13,600,952
1728463380210642000,104,1560,749,0,714,818
1728463380211484000,261,1623,516,0,810,685
1728463380212326000,454,1632,320,8,879,530
1728463380213168000,670,1570,148,161,920,383
1728463380214010000,842,1475,23,245,935,261
1728463380214845000,1064,1317,0,341,914,139
1728463380215687000,1257,1132,0,493,846,42
1728463380216529000,1393,925,13,616,757,0
1728463380217371000,1525,677,233,757,680,5
1728463380218213000,1570,526,356,864,532,0
1728463380219055000,1597,296,509,969,394,23
1728463380219897000,1527,141,737,1039,285,138
1728463380220739000,1418,20,962,1072,183,265
1728463380221580000,1261,1,1189,1069,76,407
1728463380222421000,1077,1,1385,1033,18,546
1728463380223263000,856,0,1550,936,0,686
1728463380224105000,650,133,1650,816,0,824
1728463380224947000,441,285,1703,663,0,935
1728463380225789000,255,498,1728,522,52,1033
1728463380226631000,173,697,1632,398,149,1088
1728463380227473000,0,925,1556,309,276,1155
1728463380228388000,0,1141,1364,132,406,1066
1728463380229230000,0,1313,1147,57,524,1028
1728463380230072000,21,1461,916,0,633,919
1728463380230914000,146,1576,680,0,745,793
1728463380231755000,306,1632,470,0,822,642
1728463380232597000,496,1628,269,26,893,488
1728463380233439000,706,1544,131,121,933,423
1728463380234281000,924,1444,0,242,925,263
1728463380235123000,1128,1279,0,381,898,96
1728463380235965000,1296,1075,0,529,834,11
1728463380236807000,1496,874,0,662,722,0
1728463380237648000,1527,746,149,810,633,0
1728463380238490000,1643,514,325,906,481,0
1728463380239332000,1580,250,565,999,366,50
1728463380240174000,1504,104,789,1047,258,162
1728463380241016000,1383,5,1026,1083,145,293
1728463380241795000,1212,0,1233,1064,69,433
1728463380242636000,1010,0,1434,1010,0,594
1728463380243478000,786,57,1582,912,0,736
1728463380244320000,576,174,1696,776,0,867
1728463380245162000,392,360,1728,613,13,961
1728463380246004000,202,546,1708,484,86,1052
1728463380246846000,73,741,1732,334,198,1103
1728463380247688000,0,1003,1551,226,340,1111
1728463380248530000,0,1197,1204,114,415,1165
1728463380249372000,0,1365,1088,36,551,1007
1728463380250214000,49,1496,861,0,658,887
1728463380251056000,181,1600,626,0,757,756
1728463380251898000,352,1640,424,0,845,608
1728463380252740000,553,1612,226,45,907,458
1728463380253582000,767,1508,68,151,972,320
1728463380254424000,982,1378,0,282,917,192
1728463380255280000,1240,1219,0,429,874,87
1728463380256122000,1407,1013,0,563,801,5
1728463380256964000,1564,801,69,700,685,0
1728463380257806000,1481,577,229,884,569,41
1728463380258648000,1541,381,401,861,442,0
1728463380259490000,1571,207,618,1016,329,72
1728463380260332000,1474,66,854,1062,228,194
1728463380261174000,1344,0,1073,1085,126,330
1728463380262016000,1170,2,1288,1054,47,489
1728463380262857000,975,2,1473,985,0,623
1728463380263699000,756,77,1607,872,0,760
1728463380264541000,553,218,1698,741,0,871
1728463380265383000,337,407,1720,587,30,988
1728463380266225000,173,613,1695,448,107,1066
1728463380267067000,46,738,1587,346,274,1098
1728463380267909000,1,992,1439,202,253,1099
1728463380268764000,0,1209,1284,90,401,1064
1728463380269606000,0,1410,1032,20,582,980
1728463380270448000,76,1526,798,0,686,853
1728463380271290000,234,1612,576,0,788,719
1728463380272132000,405,1634,369,0,870,566
1728463380272974000,616,1593,192,79,913,420
1728463380273816000,814,1504,50,174,930,293
1728463380274658000,1023,1353,62,320,923,157
1728463380275500000,1210,1170,40,466,867,66
1728463380276341000,1385,961,0,618,790,41
1728463380277183000,1514,753,43,719,692,57
1728463380278025000,1634,549,237,848,535,0
1728463380278867000,1550,435,437,975,431,0
1728463380279709000,1550,166,674,1026,306,105
1728463380280551000,1449,42,905,1067,202,225
1728463380281393000,1292,0,1146,1078,103,370
1728463380282241000,1117,0,1332,1044,34,522
1728463380283083000,915,5,1504,960,0,665
1728463380283925000,704,106,1652,841,0,783
1728463380284767000,482,251,1723,704,0,914
1728463380285609000,284,455,1735,552,50,1019
1728463380286451000,122,680,1677,397,130,1093
1728463380287293000,0,929,1589,265,242,1099
1728463380288135000,0,1076,1427,159,370,1098
1728463380288977000,0,1284,1293,66,535,1059
1728463380289819000,0,1445,973,2,599,945
1728463380290661000,104,1564,750,0,714,825
1728463380291503000,269,1624,516,0,814,677
1728463380292345000,452,1634,322,5,875,534
1728463380293187000,654,1578,149,98,922,378
1728463380294029000,878,1444,10,214,995,248
1728463380294871000,1095,1294,0,352,938,133
1728463380295717000,1267,1119,0,504,847,37
1728463380296559000,1453,901,17,647,749,0
1728463380297401000,1612,682,168,762,625,0
1728463380298243000,1483,476,298,942,498,25
1728463380299085000,1518,281,529,1014,388,18
1728463380299927000,1528,130,728,1043,285,132
1728463380300769000,1417,18,962,1088,170,261
1728463380301611000,1258,1,1194,1072,82,402
1728463380302452000,1057,0,1383,1024,11,562
1728463380303294000,857,17,1549,937,0,697
1728463380304136000,634,138,1654,802,0,830
1728463380304978000,436,309,1711,661,0,933
1728463380305820000,260,496,1709,519,73,1026
1728463380306662000,106,746,1640,378,160,1091
1728463380307504000,0,862,1514,272,338,1088
1728463380308346000,4,1088,1321,153,321,1072
1728463380309197000,0,1285,1125,43,480,1018
1728463380310039000,26,1475,919,0,633,920
1728463380310881000,142,1583,678,0,743,786
1728463380311723000,314,1628,456,0,836,634
1728463380312565000,509,1628,264,22,892,490
1728463380313407000,714,1557,105,122,930,341
1728463380314250000,922,1425,39,250,931,219
1728463380315092000,1131,1278,52,385,898,112
1728463380315933000,1315,1077,21,537,832,19
1728463380316775000,1450,864,5,673,725,17
1728463380317617000,1556,625,113,794,632,45
1728463380318459000,1661,440,321,897,476,0
1728463380319301000,1582,341,560,1006,372,29
1728463380320143000,1514,88,796,1059,266,166
1728463380320985000,1378,0,1023,1082,149,303
1728463380321826000,1209,0,1248,1054,53,451
1728463380322671000,1016,0,1436,1006,0,590
1728463380323513000,798,52,1588,903,0,736
1728463380324355000,602,170,1694,767,0,857
1728463380325197000,351,354,1713,641,10,964
1728463380326039000,207,537,1713,482,86,1048
1728463380326881000,45,752,1616,335,186,1108
1728463380327723000,0,1029,1496,201,301,1095
1728463380328565000,0,1185,1285,104,437,1060
1728463380329407000,0,1358,1154,34,570,1012
1728463380330249000,50,1509,855,0,665,887
1728463380331091000,186,1603,622,0,762,754
1728463380331933000,357,1635,415,0,847,590
1728463380332775000,559,1603,217,50,904,453
1728463380333617000,772,1528,73,155,929,322
1728463380334459000,978,1371,0,284,983,173
1728463380335301000,1178,1199,0,431,914,89
1728463380336149000,1351,1010,0,572,795,13
1728463380336991000,1481,776,73,698,663,0
1728463380337833000,1663,566,265,841,553,0
1728463380338675000,1664,373,415,942,431,9
1728463380339517000,1509,203,629,1028,320,96
1728463380340359000,1483,65,858,1066,237,192
1728463380341201000,1328,0,1089,1083,122,335
1728463380342043000,1160,0,1298,1055,46,488
1728463380342884000,965,0,1479,979,0,633
1728463380343726000,756,84,1611,872,0,765
1728463380344568000,532,218,1709,732,0,891
1728463380345410000,346,405,1714,593,34,992
1728463380346252000,181,612,1685,444,109,1060
1728463380347094000,38,890,1571,325,225,1082
1728463380347936000,2,1090,1423,178,427,1098
1728463380348778000,0,1156,1234,93,535,1058
1728463380349631000,0,1389,1020,21,613,967
1728463380350473000,73,1535,799,0,690,856
1728463380351315000,207,1618,552,0,791,713
1728463380352157000,411,1642,354,0,867,572
1728463380352999000,617,1598,181,73,922,407
1728463380353842000,826,1495,42,194,937,288
1728463380354684000,1034,1355,2,324,916,156
1728463380355526000,1221,1172,0,466,866,64
1728463380356368000,1380,962,64,608,784,0
1728463380357210000,1526,752,162,739,704,0
1728463380358052000,1572,538,261,839,529,92
1728463380358894000,1589,334,394,938,448,88
1728463380359736000,1549,160,663,1020,304,85
1728463380360578000,1444,33,911,1068,194,232
1728463380361420000,1289,2,1138,1077,101,373
1728463380362262000,1103,0,1350,1044,29,527
1728463380363113000,901,0,1514,960,0,666
1728463380363955000,693,111,1642,826,0,799
1728463380364797000,482,263,1721,692,0,908
1728463380365639000,290,453,1725,547,41,1008
1728463380366481000,128,676,1674,402,136,1090
1728463380367323000,0,894,1567,241,250,1108
1728463380368165000,0,1101,1383,132,366,1125
1728463380369007000,0,1344,1195,53,502,1025
1728463380369849000,1,1444,964,0,604,943
1728463380370691000,109,1565,736,0,715,819
1728463380371533000,261,1624,521,0,809,673
1728463380372375000,463,1633,309,11,887,525
1728463380373218000,676,1575,139,100,925,381
1728463380374060000,881,1472,23,228,938,256
1728463380374902000,1088,1346,0,356,961,125
1728463380375744000,1278,1091,0,512,892,34
1728463380376598000,1426,894,21,643,778,0
1728463380377440000,1543,638,125,770,590,0
1728463380378282000,1717,455,343,899,480,0
1728463380379124000,1654,279,498,1044,367,40
1728463380379966000,1505,126,747,1057,276,142
1728463380380808000,1411,8,975,1080,167,267
1728463380381650000,1257,0,1192,1075,77,409
1728463380382491000,1058,0,1391,1024,14,557
1728463380383333000,846,26,1553,930,0,706
1728463380384175000,641,149,1659,802,0,832
1728463380385017000,430,322,1724,658,0,940
1728463380385859000,245,510,1703,501,68,1034
1728463380386701000,100,726,1637,378,164,1091
1728463380387543000,0,1054,1506,272,292,1074
1728463380388385000,10,1221,1338,148,395,1063
1728463380389227000,0,1204,1136,49,602,1002
1728463380390067000,28,1475,903,0,644,914
1728463380390909000,151,1588,676,0,736,783
1728463380391751000,312,1639,466,0,832,629
1728463380392593000,514,1618,258,38,901,488
1728463380393435000,730,1548,101,122,926,350
1728463380394277000,927,1433,1,249,930,218
1728463380395119000,1126,1258,0,393,890,104
1728463380395961000,1306,1064,4,535,832,25
1728463380396803000,1455,857,45,673,719,0
1728463380397645000,1548,617,282,789,605,0
1728463380398487000,1585,438,433,901,506,0
1728463380399329000,1550,225,489,979,354,149
1728463380400171000,1496,97,802,1058,253,162
1728463380401013000,1372,0,1026,1083,144,310
1728463380401854000,1216,0,1239,1058,75,453
1728463380402695000,1002,0,1441,997,0,605
1728463380403547000,797,57,1593,897,0,732
1728463380404389000,562,149,1711,769,0,853
1728463380405231000,388,350,1728,626,7,971
1728463380406073000,213,553,1713,477,90,1052
1728463380406915000,64,783,1623,355,194,1106
1728463380407757000,0,981,1477,282,313,1160
1728463380408599000,0,1200,1322,144,426,1081
1728463380409441000,0,1368,1090,0,546,980
1728463380410283000,54,1505,847,0,674,885
1728463380411125000,187,1600,608,0,773,750
1728463380411967000,363,1636,403,0,845,597
1728463380412809000,570,1613,210,52,913,440
1728463380413651000,781,1524,66,159,938,312
1728463380414493000,1003,1397,0,284,933,167
1728463380415335000,1186,1219,0,440,874,64
1728463380416176000,1351,1084,0,580,804,0
1728463380417032000,1487,844,68,705,699,0
1728463380417874000,1565,473,218,810,645,0
1728463380418716000,1603,306,409,956,498,0
1728463380419558000,1554,171,641,1015,286,77
1728463380420401000,1472,65,864,1057,228,206
1728463380421243000,1330,0,1091,1079,114,336
1728463380422084000,1147,0,1300,1049,43,477
1728463380422926000,954,0,1483,975,0,637
1728463380423768000,737,82,1617,875,0,763
1728463380424610000,517,234,1712,721,0,898
1728463380425452000,325,423,1729,578,29,995
1728463380426294000,150,617,1683,436,122,1066
1728463380427136000,34,836,1582,312,239,1115
1728463380427978000,0,1029,1353,189,350,1173
1728463380428820000,2,1252,1189,85,500,1109
1728463380429662000,42,1427,965,21,584,904
1728463380430503000,85,1535,786,0,693,849
1728463380431345000,245,1619,555,0,800,710
1728463380432187000,409,1637,354,2,865,558
1728463380433029000,621,1589,175,79,921,411
1728463380433871000,833,1504,34,193,935,282
1728463380434713000,1122,1342,0,325,904,146
1728463380435555000,1287,1156,0,480,853,64
1728463380436397000,1430,954,0,617,775,0
1728463380437239000,1495,736,113,759,659,0
1728463380438081000,1521,527,301,896,543,0
1728463380438923000,1549,325,452,901,418,13
1728463380439765000,1522,224,698,999,298,114
1728463380440607000,1445,41,926,1081,192,231
1728463380441449000,1285,0,1155,1081,97,379
1728463380442291000,1108,0,1344,1044,29,530
1728463380443132000,897,2,1520,950,0,666
1728463380443978000,697,116,1649,840,0,793
1728463380444820000,485,270,1705,693,0,911
1728463380445662000,274,458,1717,549,56,1016
1728463380446504000,136,676,1656,402,139,1088
1728463380447346000,9,876,1553,289,258,1099
1728463380448188000,10,1064,1352,162,299,1090
1728463380449030000,13,1259,1181,74,460,1039
1728463380449872000,109,1422,1008,11,576,936
1728463380450714000,117,1565,719,0,722,812
1728463380451555000,269,1628,509,0,817,663
1728463380452397000,462,1632,293,17,885,518
1728463380453239000,677,1561,122,114,917,370
1728463380454082000,888,1459,23,229,939,250
1728463380454924000,1090,1310,74,361,914,144
1728463380455766000,1275,1111,23,514,839,33
1728463380456608000,1430,906,64,644,744,0
1728463380457457000,1531,677,133,773,640,25
1728463380458299000,1593,455,241,884,533,47
1728463380459141000,1633,294,482,963,372,0
1728463380459983000,1524,232,725,1074,277,101
1728463380460825000,1406,0,978,1088,170,269
1728463380461667000,1248,0,1191,1065,82,417
1728463380462509000,1061,0,1400,1021,5,567
1728463380463351000,840,44,1556,922,0,704
1728463380464193000,632,145,1668,803,0,838
1728463380465035000,426,320,1732,644,0,941
1728463380465877000,226,519,1713,503,66,1037
1728463380466719000,79,725,1641,362,167,1095
1728463380467561000,0,960,1521,242,273,1121
1728463380468403000,0,1181,1344,122,404,1076
1728463380469245000,0,1320,1242,50,562,1046
1728463380470087000,32,1506,984,0,676,918
1728463380470940000,154,1588,669,0,741,784
1728463380471782000,324,1647,456,0,832,636
1728463380472624000,517,1616,264,37,904,481
1728463380473466000,736,1545,96,137,938,348
1728463380474308000,945,1431,0,258,938,215
1728463380475150000,1138,1228,0,404,930,102
1728463380475992000,1320,1041,0,548,807,17
1728463380476833000,1479,832,52,674,704,0
1728463380477675000,1600,625,192,814,603,0
1728463380478517000,1472,405,365,983,463,45
1728463380479359000,1526,234,610,1034,346,56
1728463380480201000,1458,103,813,1025,245,199
1728463380481043000,1359,0,1044,1088,138,303
1728463380481884000,1197,0,1248,1074,58,453
1728463380482725000,1006,0,1447,996,0,609
1728463380483567000,795,65,1588,893,0,737
1728463380484417000,568,192,1687,761,0,861
1728463380485259000,378,357,1707,610,16,968
1728463380486101000,207,576,1698,466,85,1041
1728463380486943000,58,788,1625,345,197,1102
1728463380487785000,0,1003,1472,224,320,1120
1728463380488627000,0,1121,1276,105,497,1059
1728463380489469000,0,1329,1065,49,586,980
1728463380490311000,50,1464,850,0,610,880
1728463380491153000,194,1600,612,0,776,743
1728463380491995000,372,1644,402,0,850,604
1728463380492837000,576,1611,218,64,915,436
1728463380493679000,789,1515,64,170,938,311
1728463380494521000,1003,1387,0,293,928,188
1728463380495363000,1189,1210,0,436,884,79
1728463380496205000,1345,996,79,583,797,4
1728463380497047000,1491,784,113,716,704,0
1728463380497895000,1567,570,216,833,576,38
1728463380498737000,1632,402,376,932,469,47
1728463380499579000,1551,192,611,1019,327,32
1728463380500421000,1500,133,862,1067,215,178
1728463380501263000,1329,0,1095,1081,118,335
1728463380502105000,1145,0,1303,1057,42,494
1728463380502947000,947,0,1489,975,0,645
1728463380503789000,737,93,1627,856,0,775
1728463380504631000,521,231,1703,727,0,887
1728463380505473000,323,414,1742,579,26,1001
1728463380506315000,141,631,1687,426,114,1073
1728463380507157000,29,847,1591,305,218,1107
1728463380507999000,0,1061,1429,184,343,1111
1728463380508841000,0,1248,1209,75,477,1042
1728463380509683000,0,1393,1106,4,622,975
1728463380510525000,66,1571,821,0,688,858
1728463380511363000,229,1615,559,0,800,704
1728463380512205000,421,1641,338,0,874,559
1728463380513047000,629,1588,170,82,914,404
1728463380513889000,835,1487,41,206,938,278
1728463380514731000,1052,1346,0,328,922,161
1728463380515573000,1241,1138,0,482,871,53
1728463380516415000,1396,943,2,624,752,0
1728463380517257000,1569,717,119,746,654,0
1728463380518099000,1634,517,266,856,535,0
1728463380518941000,1467,321,468,1030,389,58
1728463380519783000,1490,151,698,962,293,96
1728463380520625000,1417,71,934,1050,194,260
1728463380521467000,1298,0,1156,1074,100,383
1728463380522309000,1098,0,1358,1042,21,526
1728463380523151000,889,2,1525,949,0,677
1728463380523993000,677,114,1647,832,0,806
1728463380524863000,469,279,1728,687,0,922
1728463380525705000,300,474,1710,548,66,1010
1728463380526547000,130,682,1649,413,149,1073
1728463380527389000,14,893,1557,274,258,1116
1728463380528231000,0,1093,1390,165,382,1088
1728463380529073000,0,1217,1174,90,544,1025
1728463380529914000,42,1397,943,5,541,927
1728463380530756000,159,1532,715,0,670,807
1728463380531598000,282,1633,498,0,821,660
1728463380532440000,466,1632,297,15,887,517
1728463380533282000,682,1570,133,101,924,373
1728463380534125000,889,1455,13,231,932,234
1728463380534967000,1099,1306,0,370,912,129
1728463380535809000,1280,1112,65,509,847,43
1728463380536651000,1424,905,89,645,740,0
1728463380537493000,1537,677,138,773,631,48
1728463380538332000,1586,463,308,889,507,16
1728463380539174000,1595,274,506,962,366,0
1728463380540016000,1543,205,746,1072,270,105
1728463380540858000,1412,0,975,1063,247,279
1728463380541699000,1248,0,1208,1070,86,421
1728463380542540000,1046,0,1407,1016,0,576
1728463380543382000,833,31,1561,917,0,697
1728463380544224000,611,153,1677,797,0,839
1728463380545066000,417,322,1717,651,2,955
1728463380545908000,249,512,1720,506,69,1040
1728463380546750000,73,745,1643,375,180,1095
1728463380547592000,0,960,1508,232,290,1115
1728463380548434000,0,1161,1332,128,412,1093
1728463380549275000,0,1355,1111,38,548,1000
1728463380550117000,18,1451,999,0,673,922
1728463380550959000,146,1610,698,0,748,773
1728463380551814000,331,1638,440,0,839,629
1728463380552656000,522,1627,250,36,901,470
1728463380553498000,736,1538,94,138,932,339
1728463380554341000,952,1416,0,265,921,215
1728463380555183000,1150,1251,0,418,896,97
1728463380556025000,1311,1026,1,554,855,13
1728463380556867000,1462,822,48,682,704,0
1728463380557709000,1563,604,194,814,584,0
1728463380558551000,1654,418,375,916,466,0
1728463380559393000,1570,220,549,1084,338,82
1728463380560235000,1423,78,845,1088,241,181
1728463380561077000,1322,13,1034,1036,135,328
1728463380561919000,1188,0,1268,1061,57,455
1728463380562761000,994,0,1451,996,0,604
1728463380563603000,788,64,1593,893,0,740
1728463380564445000,576,199,1696,758,0,866
1728463380565305000,363,370,1739,610,13,975
1728463380566147000,218,584,1686,462,106,1051
1728463380566989000,39,797,1593,338,202,1082
1728463380567831000,0,1009,1468,214,323,1110
1728463380568673000,0,1187,1256,103,471,1063
1728463380569515000,0,1309,1053,37,616,984
1728463380570357000,90,1465,832,0,699,864
1728463380571199000,192,1583,606,0,728,728
1728463380572041000,380,1647,389,0,857,590
1728463380572883000,579,1607,202,58,905,439
1728463380573725000,789,1528,66,168,936,313
1728463380574567000,1016,1382,0,305,935,178
1728463380575409000,1203,1203,0,456,879,74
1728463380576251000,1356,1007,0,580,797,0
1728463380577092000,1483,779,162,717,689,0
1728463380577934000,1571,569,265,843,576,0
1728463380578771000,1610,369,394,936,451,56
1728463380579613000,1596,226,606,1013,338,133
1728463380580455000,1444,125,847,1080,218,154
1728463380581297000,1344,84,1090,1103,116,324
1728463380582139000,1147,0,1312,1052,32,493
1728463380582980000,945,0,1489,973,0,637
1728463380583822000,727,87,1628,864,0,773
1728463380584664000,516,242,1705,716,0,905
1728463380585506000,327,427,1728,576,29,997
1728463380586348000,156,619,1687,429,116,1061
1728463380587190000,11,844,1575,304,239,1114
1728463380588032000,0,1054,1428,185,338,1107
1728463380588873000,0,1245,1236,69,450,1041
1728463380589715000,0,1421,981,0,581,964
1728463380590557000,64,1594,796,0,693,843
1728463380591399000,244,1624,551,0,801,698
1728463380592248000,424,1637,341,4,875,542
1728463380593090000,633,1585,168,84,919,408
1728463380593932000,846,1484,30,196,936,273
1728463380594774000,1061,1337,0,335,919,145
1728463380595616000,1236,1146,0,485,860,58
1728463380596457000,1399,996,0,629,760,0
1728463380597299000,1520,706,121,744,704,0
1728463380598141000,1589,491,274,863,554,0
1728463380598983000,1592,294,481,963,378,23
1728463380599825000,1668,125,728,1042,257,106
1728463380600667000,1490,13,921,1080,149,233
1728463380601509000,1191,0,1151,1137,79,388
1728463380602350000,1095,0,1359,1033,21,537
1728463380603192000,884,13,1524,942,0,674
1728463380604034000,675,126,1656,832,0,805
1728463380604876000,461,279,1719,695,0,919
1728463380605722000,274,465,1725,540,45,1017
1728463380606564000,121,693,1656,392,153,1091
1728463380607406000,5,907,1513,272,265,1105
1728463380608248000,0,1106,1376,154,388,1098
1728463380609090000,0,1294,1143,77,513,1069
1728463380609932000,58,1454,915,0,599,855
1728463380610774000,106,1680,698,21,730,760
1728463380611616000,282,1684,489,5,821,648
1728463380612458000,474,1625,282,20,887,509
1728463380613300000,690,1571,125,107,924,375
1728463380614142000,898,1456,20,230,934,241
1728463380614984000,1105,1299,0,374,912,125
1728463380615826000,1296,1109,0,514,840,37
1728463380616668000,1407,889,34,692,727,0
1728463380617510000,1508,672,159,804,617,0
1728463380618351000,1573,455,334,877,500,0
1728463380619202000,1559,289,541,957,378,53
1728463380620044000,1512,121,766,1036,277,137
1728463380620886000,1390,30,1070,1074,192,276
1728463380621728000,1229,0,1169,1058,74,482
1728463380622569000,1046,0,1422,1010,2,577
1728463380623411000,835,42,1571,924,0,707
1728463380624253000,612,151,1679,789,0,846
1728463380625095000,412,323,1728,646,0,954
1728463380625937000,234,522,1716,498,69,1036
1728463380626779000,74,709,1633,372,181,1091
1728463380627621000,0,949,1505,249,277,1114
1728463380628463000,0,1156,1324,122,405,1086
1728463380629305000,0,1317,1114,46,497,1003
1728463380630147000,125,1470,939,4,618,907
1728463380630989000,226,1554,629,49,741,784
1728463380631831000,306,1640,437,9,833,635
1728463380632690000,534,1623,246,34,911,463
1728463380633532000,742,1542,82,142,935,337
1728463380634374000,960,1418,0,258,926,202
1728463380635216000,1163,1252,0,410,888,96
1728463380636057000,1328,1050,0,553,817,15
1728463380636899000,1472,832,37,683,716,43
1728463380637741000,1554,616,183,808,587,0
1728463380638583000,1596,417,375,912,472,0
1728463380639425000,1583,294,591,1019,354,39
1728463380640268000,1476,4,813,1068,296,169
1728463380641110000,1387,0,1047,1091,182,301
1728463380641951000,1175,0,1271,1066,47,466
1728463380642793000,988,0,1459,996,0,611
1728463380643635000,778,66,1601,885,0,745
1728463380644477000,565,196,1697,755,0,866
1728463380645319000,370,373,1734,608,18,978
1728463380646159000,192,581,1695,472,106,1060
1728463380647001000,42,794,1612,330,197,1096
1728463380647843000,0,1026,1460,209,330,1106
1728463380648684000,0,1208,1278,105,449,1065
1728463380649525000,0,1359,1142,18,603,997
1728463380650367000,71,1547,887,0,696,882
1728463380651209000,194,1603,506,0,767,811
1728463380652051000,378,1637,370,0,857,588
1728463380652893000,589,1603,197,64,919,434
1728463380653735000,798,1518,58,169,926,302
1728463380654578000,1003,1372,2,304,922,175
1728463380655420000,1204,1197,0,448,882,73
1728463380656262000,1369,984,0,583,818,4
1728463380657104000,1495,759,87,716,668,0
1728463380657946000,1646,547,242,846,548,0
1728463380658788000,1656,358,425,950,441,9
1728463380659641000,1475,181,640,1075,305,133
1728463380660483000,1402,52,882,1052,207,195
1728463380661325000,1282,0,1088,1040,117,373
1728463380662167000,1141,0,1313,1044,33,502
1728463380663009000,940,0,1499,967,0,644
1728463380663851000,722,90,1635,858,0,777
1728463380664693000,512,245,1702,719,0,904
1728463380665535000,320,428,1737,562,36,998
1728463380666377000,156,642,1666,428,126,1064
1728463380667219000,37,847,1567,299,234,1092
1728463380668061000,0,1070,1402,185,357,1096
1728463380668903000,0,1267,1218,88,473,1050
1728463380669745000,0,1303,983,0,669,937
1728463380670587000,57,1462,767,0,750,826
1728463380671429000,273,1586,539,0,719,690
1728463380672271000,431,1634,350,1,864,541
1728463380673124000,639,1592,165,89,925,407
1728463380673966000,857,1485,21,197,948,269
1728463380674808000,1063,1334,0,346,910,141
1728463380675650000,1249,1145,0,488,862,50
1728463380676491000,1394,938,11,616,767,0
1728463380677332000,1513,725,116,743,660,0
1728463380678174000,1587,503,351,869,530,0
1728463380679016000,1588,313,512,965,409,19
1728463380679859000,1552,154,650,1021,320,188
1728463380680701000,1459,23,900,1070,170,174
1728463380681543000,1249,103,1144,1097,102,330
1728463380682385000,1091,0,1369,1034,26,546
1728463380683226000,878,6,1532,945,0,682
1728463380684068000,668,125,1658,815,0,811
1728463380684910000,461,293,1717,674,0,927
1728463380685752000,275,491,1722,535,58,1022
1728463380686615000,126,690,1671,390,138,1079
1728463380687457000,0,911,1544,278,266,1108
1728463380688299000,0,1122,1384,160,383,1099
1728463380689141000,0,1308,1162,43,506,1040
1728463380689983000,0,1459,933,0,610,940
1728463380690825000,110,1623,711,0,719,789
1728463380691667000,264,1600,598,0,843,680
1728463380692509000,480,1627,298,17,888,507
1728463380693351000,689,1563,123,114,930,362
1728463380694193000,916,1445,1,240,943,240
1728463380695035000,1110,1288,2,375,900,125
1728463380695877000,1294,1092,0,524,836,27
1728463380696718000,1442,903,41,658,804,0
1728463380697560000,1541,642,154,786,665,0
1728463380698402000,1592,438,325,890,485,0
1728463380699244000,1639,261,540,988,371,36
1728463380700074000,1578,102,766,1095,242,157
1728463380700916000,1332,0,1034,1120,146,320
1728463380701758000,1181,2,1232,1095,68,407
1728463380702599000,1037,0,1409,1009,8,570
1728463380703441000,817,34,1573,916,0,711
1728463380704283000,610,161,1675,788,0,846
1728463380705125000,414,332,1717,644,0,948
1728463380705967000,221,525,1716,491,78,1035
1728463380706809000,105,750,1618,362,194,1091
1728463380707651000,0,965,1496,244,296,1090
1728463380708493000,0,1175,1312,129,428,1070
1728463380709335000,0,1348,1112,49,542,1005
1728463380710177000,56,1535,868,0,717,863
1728463380711019000,159,1507,633,5,820,744
1728463380711861000,341,1594,421,0,781,612
1728463380712703000,533,1619,237,32,906,466
1728463380713557000,755,1538,85,142,930,330
1728463380714399000,961,1414,0,271,936,202
1728463380715241000,1161,1249,0,409,891,96
1728463380716083000,1334,1045,0,558,809,9
1728463380716925000,1463,835,70,684,711,0
1728463380717767000,1559,615,271,813,591,0
1728463380718609000,1600,407,413,912,467,0
1728463380719451000,1575,229,589,1006,341,85
1728463380720293000,1534,96,799,1062,224,109
1728463380721135000,1344,98,1042,1100,154,271
1728463380721977000,1217,85,1255,1063,43,439
1728463380722819000,987,0,1457,992,0,608
1728463380723661000,765,66,1613,886,0,747
1728463380724503000,553,201,1696,750,0,877
1728463380725345000,363,394,1728,599,23,978
1728463380726187000,182,600,1696,457,105,1070
1728463380727038000,47,798,1605,329,215,1108
1728463380727880000,0,1019,1457,202,322,1106
1728463380728722000,0,1219,1268,105,448,1061
1728463380729564000,0,1395,1059,29,568,988
1728463380730406000,56,1567,821,0,677,842
1728463380731248000,202,1580,677,0,798,727
1728463380732090000,365,1639,437,0,898,576
1728463380732932000,582,1603,202,64,915,431
1728463380733774000,805,1513,58,167,936,297
1728463380734616000,1020,1377,0,305,922,169
1728463380735458000,1210,1197,2,453,884,74
1728463380736300000,1370,984,0,605,797,0
1728463380737142000,1506,824,82,714,751,0
1728463380737984000,1579,534,244,839,591,0
1728463380738826000,1589,341,450,945,430,4
1728463380739668000,1615,177,656,1022,325,89
1728463380740513000,1525,37,884,1063,186,213
1728463380741355000,1216,0,1114,1146,101,394
1728463380742197000,1071,0,1348,1093,26,526
1728463380743039000,930,0,1496,970,0,650
1728463380743881000,723,97,1639,847,0,785
1728463380744723000,497,242,1713,722,0,896
1728463380745565000,320,423,1728,569,42,1000
1728463380746407000,149,642,1678,420,123,1082
1728463380747249000,28,855,1557,297,245,1100
1728463380748091000,0,1065,1406,185,362,1096
1728463380748933000,0,1272,1210,93,493,1032
1728463380749775000,0,1425,999,5,597,962
1728463380750617000,90,1634,738,26,719,792
1728463380751459000,271,1664,525,0,868,670
1728463380752301000,412,1550,312,0,933,522
1728463380753143000,642,1587,157,91,909,392
1728463380753993000,853,1475,38,210,937,261
1728463380754835000,1066,1336,0,341,919,145
1728463380755677000,1260,1143,0,493,856,42
1728463380756519000,1412,932,5,630,764,0
1728463380757361000,1498,712,128,745,651,0
1728463380758203000,1568,501,297,856,530,0
1728463380759045000,1579,313,489,964,397,30
1728463380759887000,1536,138,738,1041,302,116
1728463380760729000,1414,14,832,1058,173,362
1728463380761571000,1260,0,1099,1050,101,463
1728463380762413000,1121,25,1344,1023,28,588
1728463380763255000,869,21,1535,941,0,692
1728463380764097000,664,135,1660,816,0,814
1728463380764939000,450,289,1721,669,0,933
1728463380765781000,269,494,1722,526,64,1020
1728463380766623000,107,700,1649,389,154,1088
1728463380767471000,2,909,1549,257,249,1107
1728463380768313000,0,1115,1376,156,394,1088
1728463380769155000,0,1303,1155,72,517,1035
1728463380769997000,5,1449,935,0,626,935
1728463380770839000,71,1572,698,0,719,786
1728463380771681000,260,1639,474,0,821,682
1728463380772523000,442,1677,312,4,882,495
1728463380773365000,693,1560,111,114,930,359
1728463380774207000,912,1445,10,244,938,221
1728463380775049000,1116,1282,0,386,906,117
1728463380775891000,1296,1088,0,525,837,29
1728463380776732000,1451,874,37,659,741,0
1728463380777574000,1546,744,154,794,626,0
1728463380778416000,1588,517,340,897,500,0
1728463380779258000,1578,237,534,984,415,45
1728463380780100000,1521,87,768,1053,285,144
1728463380780952000,1450,0,1024,1088,114,286
1728463380781794000,1336,0,1269,1092,41,425
1728463380782636000,1103,0,1440,1006,0,586
1728463380783478000,823,43,1569,915,0,715
1728463380784320000,599,169,1681,777,0,837
1728463380785162000,410,334,1728,642,16,960
1728463380786004000,224,538,1707,489,78,1042
1728463380786846000,74,761,1633,357,173,1091
1728463380787688000,0,975,1493,234,305,1112
1728463380788530000,0,1175,1300,122,431,1074
1728463380789371000,0,1357,1095,42,537,1008
1728463380790213000,42,1505,881,0,658,897
1728463380791055000,217,1615,613,0,741,685
1728463380791897000,340,1743,402,0,847,564
1728463380792739000,576,1678,220,53,896,437
1728463380793581000,744,1534,89,149,936,329
1728463380794438000,968,1407,0,274,938,200
1728463380795280000,1163,1239,1,418,885,89
1728463380796122000,1336,1043,0,567,820,11
1728463380796963000,1472,817,66,698,714,0
1728463380797805000,1600,594,198,880,587,0
1728463380798647000,1567,396,393,962,456,1
1728463380799489000,1547,224,616,992,341,68
1728463380800331000,1480,71,820,1060,237,181
1728463380801173000,1344,0,1168,1062,138,321
1728463380802015000,1157,0,1365,1041,79,474
1728463380802856000,962,18,1504,967,5,613
1728463380803698000,770,66,1615,883,0,752
1728463380804540000,546,212,1703,738,0,885
1728463380805382000,360,389,1730,597,30,978
1728463380806224000,186,587,1689,455,106,1056
1728463380807066000,42,813,1600,320,202,1107
1728463380807907000,0,1021,1437,207,327,1095
1728463380808748000,0,1221,1255,107,458,1063
1728463380809590000,0,1385,1042,29,553,980
1728463380810432000,72,1517,817,0,671,857
1728463380811274000,298,1590,604,0,756,714
1728463380812116000,290,1626,363,64,852,618
1728463380812958000,576,1613,180,0,915,427
1728463380813800000,818,1510,50,182,942,290
1728463380814642000,1017,1364,0,321,925,165
1728463380815484000,1216,1183,0,462,875,73
1728463380816325000,1367,978,0,594,780,0
1728463380817167000,1506,772,100,732,671,0
1728463380818009000,1578,542,229,844,564,37
1728463380818851000,1594,352,432,947,431,0
1728463380819693000,1547,248,664,1013,308,91
1728463380820535000,1456,58,896,1072,245,216
1728463380821397000,1296,0,1114,1095,167,352
1728463380822238000,1144,0,1320,1059,84,498
1728463380823080000,947,0,1496,974,0,648
1728463380823922000,709,106,1644,852,0,781
1728463380824764000,490,249,1712,711,0,910
1728463380825606000,306,430,1720,560,41,1001
1728463380826448000,156,645,1671,417,122,1065
1728463380827290000,11,856,1567,305,241,1108
1728463380828132000,0,1088,1408,167,361,1102
1728463380828974000,0,1280,1208,79,490,1052
1728463380829816000,0,1431,983,11,605,949
1728463380830658000,82,1553,765,0,706,832
1728463380831500000,244,1630,564,0,791,776
1728463380832342000,444,1621,250,0,885,604
1728463380833184000,705,1600,111,77,917,320
1728463380834026000,864,1471,15,204,940,261
1728463380834864000,1073,1325,0,341,906,141
1728463380835706000,1256,1148,0,490,852,42
1728463380836548000,1405,929,29,629,762,0
1728463380837390000,1525,717,125,757,649,0
1728463380838231000,1589,488,299,866,505,0
1728463380839073000,1637,303,503,960,383,22
1728463380839915000,1504,130,722,1074,281,126
1728463380840757000,1404,17,953,1053,177,251
1728463380841599000,1227,13,1181,1044,87,429
1728463380842441000,1049,31,1403,1003,18,547
1728463380843283000,844,50,1535,930,0,688
1728463380844125000,654,136,1664,810,0,823
1728463380844967000,448,297,1728,672,0,929
1728463380845809000,261,488,1720,526,64,1032
1728463380846651000,114,700,1650,382,164,1089
1728463380847493000,0,919,1528,266,272,1107
1728463380848343000,0,1130,1359,154,398,1088
1728463380849184000,0,1300,1131,68,523,1005
1728463380850026000,2,1442,921,0,629,931
1728463380850868000,137,1557,689,0,745,785
1728463380851710000,289,1586,474,0,754,637
1728463380852552000,622,1592,297,34,864,494
1728463380853394000,767,1552,113,168,914,370
1728463380854237000,917,1436,0,247,932,224
1728463380855079000,1131,1273,0,391,914,112
1728463380855921000,1301,1092,0,533,832,31
1728463380856763000,1455,873,42,670,728,0
1728463380857605000,1546,651,174,797,616,0
1728463380858447000,1589,450,415,900,501,0
1728463380859289000,1581,255,538,980,370,107
1728463380860132000,1497,100,779,1061,258,138
1728463380860974000,1390,0,1001,1088,159,262
1728463380861824000,1201,104,1200,1090,85,397
1728463380862666000,1031,85,1410,1038,5,531
1728463380863508000,818,66,1566,900,58,689
1728463380864350000,598,170,1682,787,0,852
1728463380865192000,395,346,1728,626,9,962
1728463380866034000,219,546,1707,486,79,1050
1728463380866876000,66,756,1623,355,188,1090
1728463380867718000,0,980,1479,226,302,1105
1728463380868560000,0,1178,1314,130,418,1082
1728463380869402000,0,1357,1104,43,543,1001
1728463380870244000,42,1491,871,0,654,898
1728463380871086000,162,1605,629,0,763,762
1728463380871928000,340,1650,416,0,847,604
1728463380872770000,526,1592,343,51,928,469
1728463380873612000,753,1534,73,152,933,407
1728463380874455000,975,1404,0,277,927,197
1728463380875310000,1175,1229,0,424,896,82
1728463380876152000,1332,1028,0,569,810,14
1728463380876994000,1478,806,67,709,709,0
1728463380877836000,1564,594,218,820,583,0
1728463380878678000,1595,375,386,925,514,0
1728463380879520000,1559,186,610,1008,361,71
1728463380880362000,1473,64,832,1062,228,192
1728463380881204000,1425,0,1074,1089,114,328
1728463380882046000,1248,0,1293,1052,28,463
1728463380882888000,844,0,1457,1059,0,657
1728463380883730000,724,65,1607,901,0,753
1728463380884572000,551,213,1701,736,0,885
1728463380885414000,346,395,1728,600,21,978
1728463380886256000,175,594,1694,453,107,1060
1728463380887098000,46,824,1596,320,210,1111
1728463380887940000,0,1035,1449,200,337,1095
1728463380888784000,0,1212,1243,98,453,1059
1728463380889626000,0,1389,1026,23,585,975
1728463380890468000,87,1535,802,0,687,866
1728463380891309000,226,1617,559,0,773,675
1728463380892151000,372,1752,360,18,877,530
1728463380892993000,622,1640,178,64,990,394
1728463380893835000,821,1472,41,178,948,285
1728463380894677000,1022,1360,5,320,920,165
1728463380895519000,1219,1180,0,466,877,71
1728463380896361000,1382,976,0,597,791,0
1728463380897202000,1504,760,101,732,668,0
1728463380898044000,1579,538,252,858,556,0
1728463380898886000,1575,338,449,971,427,17
1728463380899728000,1533,178,671,1008,304,110
1728463380900570000,1443,41,889,1064,205,210
1728463380901412000,1287,0,1216,1075,114,363
1728463380902259000,1109,23,1380,1028,36,502
1728463380903101000,913,0,1424,954,0,741
1728463380903943000,706,107,1621,844,0,809
1728463380904785000,506,248,1714,709,0,914
1728463380905627000,302,440,1731,556,39,1015
1728463380906469000,132,659,1678,417,136,1070
1728463380907311000,14,864,1557,296,245,1109
1728463380908153000,0,1082,1408,170,363,1099
1728463380908995000,0,1264,1208,84,482,1038
1728463380909837000,0,1436,981,18,597,943
1728463380910679000,109,1556,760,0,704,837
1728463380911521000,177,1609,511,38,805,717
1728463380912363000,405,1631,320,0,871,516
1728463380913205000,645,1609,170,74,933,418
1728463380914047000,864,1476,57,207,938,261
1728463380914889000,1091,1323,10,357,916,129
1728463380915733000,1264,1136,0,501,856,50
1728463380916574000,1421,923,17,638,761,0
1728463380917416000,1522,704,144,760,634,0
1728463380918258000,1591,493,300,882,514,0
1728463380919100000,1581,389,505,965,394,18
1728463380919942000,1528,125,724,1032,322,136
1728463380920784000,1419,15,964,1081,194,249
1728463380921626000,1269,0,1189,1073,20,405
1728463380922467000,1068,0,1383,1018,0,540
1728463380923309000,971,2,1586,945,0,697
1728463380924151000,650,142,1664,817,0,824
1728463380924993000,440,295,1728,671,1,939
1728463380925835000,253,493,1713,517,64,1028
1728463380926677000,106,709,1650,389,154,1081
1728463380927519000,0,920,1522,264,277,1112
1728463380928361000,0,1149,1350,147,407,1094
1728463380929220000,0,1320,1147,64,529,1023
1728463380930062000,15,1470,922,0,632,916
1728463380930904000,144,1582,691,0,740,794
1728463380931746000,337,1637,426,0,821,581
1728463380932588000,506,1743,258,52,911,477
1728463380933431000,719,1448,107,100,1026,344
1728463380934273000,926,1438,0,247,936,226
1728463380935115000,1128,1280,0,381,895,113
1728463380935957000,1306,1089,0,534,834,18
1728463380936799000,1446,861,45,668,730,0
1728463380937641000,1552,649,173,797,625,0
1728463380938483000,1584,441,348,921,483,0
1728463380939325000,1559,260,569,971,362,50
1728463380940167000,1492,105,790,1048,258,170
1728463380941009000,1375,0,1076,1076,146,290
1728463380941850000,1218,18,1306,1065,109,448
1728463380942693000,1016,21,1483,1003,0,657
1728463380943535000,798,50,1505,893,5,799
1728463380944377000,599,178,1689,784,0,853
1728463380945219000,389,348,1730,632,11,962
1728463380946061000,210,543,1707,488,88,1047
1728463380946903000,69,762,1621,343,181,1097
1728463380947745000,0,983,1491,232,312,1103
1728463380948587000,0,1154,1297,128,421,1073
1728463380949429000,0,1357,1093,42,551,997
1728463380950271000,52,1488,872,0,651,882
1728463380951113000,184,1600,633,0,767,749
1728463380951955000,258,1626,449,23,833,631
1728463380952797000,501,1609,196,0,892,455
1728463380953639000,767,1583,93,125,926,313
1728463380954481000,974,1397,0,297,930,193
1728463380955323000,1176,1229,0,429,889,89
1728463380956175000,1347,1024,0,570,802,10
1728463380957017000,1483,823,75,704,707,0
1728463380957859000,1567,585,213,832,589,0
1728463380958701000,1600,389,388,932,463,0
1728463380959543000,1570,260,618,1010,344,69
1728463380960385000,1475,46,840,1063,269,192
1728463380961227000,1344,0,1073,1088,121,325
1728463380962069000,1171,0,1280,1052,10,469
1728463380962911000,1091,0,1501,994,0,613
1728463380963753000,833,71,1652,881,0,753
1728463380964595000,534,219,1698,740,0,888
1728463380965437000,346,401,1728,585,19,983
1728463380966279000,162,608,1700,448,106,1066
1728463380967121000,37,821,1587,314,215,1103
1728463380967963000,0,1037,1452,200,330,1096
1728463380968805000,0,1252,1253,91,462,1056
1728463380969652000,0,1399,1003,25,578,969
1728463380970494000,82,1525,786,0,690,853
1728463380971336000,228,1619,565,0,781,715
1728463380972178000,389,1756,357,13,872,528
1728463380973020000,638,1664,178,64,939,402
1728463380973863000,832,1442,48,201,974,264
1728463380974705000,1027,1355,0,324,922,158
1728463380975547000,1224,1180,0,468,873,67
1728463380976389000,1386,970,5,606,784,0
1728463380977231000,1519,765,105,736,669,0
1728463380978073000,1575,533,265,855,554,0
1728463380978915000,1571,338,450,944,426,17
1728463380979758000,1535,171,677,1017,305,101
1728463380980600000,1431,40,963,1069,203,229
1728463380981442000,1295,0,1169,1084,103,359
1728463380982284000,1109,26,1391,1029,36,515
1728463380983126000,914,0,1429,960,0,747
1728463380983968000,706,119,1600,832,13,841
1728463380984810000,484,252,1713,708,0,914
1728463380985652000,292,450,1728,543,42,1016
1728463380986494000,138,668,1675,410,143,1073
1728463380987336000,8,873,1558,297,245,1109
1728463380988178000,0,1092,1405,165,370,1097
1728463380989019000,0,1278,1201,82,481,1031
1728463380989861000,0,1431,986,9,597,938
1728463380990703000,124,1554,749,0,736,832
1728463380991545000,253,1644,520,0,810,691
1728463380992387000,383,1634,352,47,862,519
1728463380993229000,613,1584,146,74,916,405
1728463380994071000,859,1501,17,197,937,233
1728463380994913000,1088,1316,0,356,903,130
1728463380995755000,1264,1121,0,516,848,41
1728463380996614000,1428,907,29,645,761,0
1728463380997456000,1532,697,141,759,636,0
1728463380998298000,1593,484,308,884,514,0
1728463380999140000,1578,377,506,978,393,18
1728463380999983000,1528,170,724,1034,320,126
1728463381000825000,1415,0,963,1073,202,258
1728463381001667000,1250,0,1187,1080,73,411
1728463381002508000,1074,0,1373,1011,0,532
1728463381003350000,973,0,1569,938,0,689
1728463381004192000,721,125,1700,805,0,811
1728463381005034000,428,298,1737,671,0,942
1728463381005876000,249,498,1708,516,69,1036
1728463381006718000,106,717,1649,376,167,1095
1728463381007560000,0,934,1524,265,279,1102
1728463381008402000,0,1134,1342,149,407,1088
1728463381009244000,0,1321,1131,42,538,1025
1728463381010091000,32,1484,914,0,641,932
1728463381010933000,149,1585,674,0,747,781
1728463381011775000,298,1636,456,0,832,645
1728463381012617000,562,1642,228,21,905,448
1728463381013459000,705,1669,85,148,939,301
1728463381014301000,954,1495,0,244,1009,209
1728463381015143000,1144,1279,0,388,915,113
1728463381015985000,1309,1077,0,533,821,26
1728463381016826000,1460,865,49,670,725,0
1728463381017668000,1550,639,178,797,612,0
1728463381018510000,1600,441,358,909,487,0
1728463381019352000,1561,244,570,1033,360,65
1728463381020194000,1483,97,799,1050,253,168
1728463381021036000,1370,5,1030,1066,149,302
1728463381021877000,1202,0,1248,1062,57,448
1728463381022718000,994,34,1437,992,0,576
1728463381023567000,799,38,1704,892,13,749
1728463381024409000,576,204,1754,770,10,869
1728463381025251000,383,352,1736,624,5,970
1728463381026093000,210,556,1707,481,93,1044
1728463381026935000,66,761,1615,352,194,1099
1728463381027777000,0,984,1475,226,305,1116
1728463381028618000,0,1192,1299,130,429,1071
1728463381029460000,0,1344,1075,37,556,993
1728463381030302000,57,1498,856,0,662,884
1728463381031144000,193,1588,629,0,745,743
1728463381031986000,373,1623,411,0,841,591
1728463381032828000,613,1584,204,53,882,449
1728463381033670000,696,1513,94,198,934,338
1728463381034512000,970,1405,0,245,920,206
1728463381035354000,1182,1224,0,431,888,84
1728463381036196000,1348,1013,0,578,801,9
1728463381037054000,1487,808,77,698,696,0
1728463381037896000,1577,590,229,832,580,0
1728463381038738000,1592,389,424,929,453,2
1728463381039580000,1564,207,602,1008,336,114
1728463381040422000,1475,72,852,1065,222,178
1728463381041264000,1332,34,1088,1079,125,330
1728463381042105000,1163,23,1304,1062,43,474
1728463381042947000,960,0,1463,961,65,625
1728463381043789000,767,31,1603,885,34,756
1728463381044631000,546,192,1707,719,0,887
1728463381045473000,339,402,1731,588,29,993
1728463381046315000,171,610,1682,442,110,1062
1728463381047157000,31,832,1585,320,224,1102
1728463381047999000,0,1034,1432,203,354,1102
1728463381048841000,0,1238,1248,101,471,1057
1728463381049683000,0,1415,1024,13,570,972
1728463381050540000,58,1535,795,0,682,847
1728463381051382000,206,1608,562,0,794,719
1728463381052224000,401,1643,348,0,879,567
1728463381053066000,613,1582,101,69,916,491
1728463381053908000,893,1505,8,181,927,208
1728463381054750000,1030,1462,0,352,930,133
1728463381055592000,1231,1170,0,466,856,57
1728463381056434000,1395,972,4,614,788,0
1728463381057276000,1518,744,105,751,674,0
1728463381058118000,1585,537,261,853,548,0
1728463381058960000,1601,338,465,956,418,17
1728463381059802000,1600,151,695,1029,293,105
1728463381060644000,1418,37,904,1112,199,234
1728463381061486000,1279,0,1137,1109,98,372
1728463381062328000,1098,0,1351,1037,26,516
1728463381063169000,869,4,1501,917,0,685
1728463381064000000,673,169,1653,812,0,785
1728463381064842000,458,247,1829,681,0,925
1728463381065684000,285,458,1742,558,46,1016
1728463381066526000,130,668,1672,402,139,1080
1728463381067368000,11,896,1553,285,241,1113
1728463381068210000,0,1091,1397,171,376,1097
1728463381069052000,0,1278,1194,76,498,1042
1728463381069893000,9,1449,951,10,610,932
1728463381070735000,117,1527,746,0,709,810
1728463381071577000,266,1619,519,0,809,656
1728463381072419000,460,1621,297,10,877,517
1728463381073261000,779,1564,178,104,882,386
1728463381074104000,756,1460,4,290,922,286
1728463381074946000,1017,1308,34,407,907,138
1728463381075787000,1275,1128,0,503,856,47
1728463381076628000,1428,905,25,637,754,0
1728463381077478000,1527,685,144,773,638,0
1728463381078320000,1588,480,320,885,517,0
1728463381079162000,1592,289,521,974,392,37
1728463381080004000,1522,137,785,1044,269,140
1728463381080846000,1408,9,955,1076,178,327
1728463381081687000,1249,0,1172,1070,82,440
1728463381082528000,1061,0,1379,1022,11,551
1728463381083370000,855,21,1536,919,0,637
1728463381084212000,605,247,1654,832,0,790
1728463381085054000,417,178,1701,634,71,919
1728463381085896000,245,512,1720,520,58,1032
1728463381086738000,92,730,1642,373,166,1083
1728463381087580000,0,937,1507,250,285,1112
1728463381088422000,0,1151,1332,137,404,1090
1728463381089263000,0,1328,1137,50,528,1020
1728463381090105000,2,1470,899,0,624,914
1728463381091026000,141,1581,690,0,744,789
1728463381091868000,321,1624,457,0,832,634
1728463381092710000,501,1632,261,20,893,497
1728463381093552000,708,1573,107,106,930,322
1728463381094395000,913,1426,74,246,967,228
1728463381095237000,1135,1276,0,384,890,202
1728463381096079000,1324,1074,0,546,824,18
1728463381096921000,1455,856,54,680,724,0
1728463381097763000,1557,619,178,808,613,0
1728463381098605000,1600,429,356,908,484,0
1728463381099447000,1575,242,576,992,353,58
1728463381100289000,1490,57,794,1054,299,162
1728463381101131000,1373,0,1020,1074,133,292
1728463381101973000,1211,0,1248,1069,39,448
1728463381102814000,1048,0,1439,1004,0,590
1728463381103656000,873,37,1604,901,0,724
1728463381104440000,658,176,1673,803,0,869
1728463381105282000,320,365,1743,672,6,989
1728463381106124000,206,565,1707,471,98,1057
1728463381106966000,64,773,1609,349,197,1101
1728463381107808000,0,995,1477,213,312,1113
1728463381108649000,0,1197,1291,113,441,1065
1728463381109491000,0,1378,1075,38,562,1005
1728463381110333000,64,1509,842,0,661,881
1728463381111174000,188,1602,610,0,762,747
1728463381112016000,382,1642,402,0,850,596
1728463381112858000,561,1612,193,46,907,426
1728463381113700000,810,1575,46,162,938,279
1728463381114542000,984,1316,0,313,983,161
1728463381115384000,1202,1172,0,448,815,74
1728463381116226000,1357,1008,0,579,801,1
1728463381117067000,1488,801,72,704,697,0
1728463381117916000,1573,578,225,832,569,0
1728463381118758000,1600,388,418,923,458,0
1728463381119600000,1565,200,634,1021,333,85
1728463381120442000,1454,64,864,1052,217,197
1728463381121284000,1323,0,1095,1073,121,340
1728463381122126000,1138,5,1303,1044,39,490
1728463381122967000,956,0,1482,979,0,632
1728463381123809000,730,74,1628,847,0,767
1728463381124651000,530,260,1768,715,0,891
1728463381125493000,325,388,1656,579,28,1060
1728463381126335000,164,611,1692,434,112,1065
1728463381127177000,36,834,1586,313,226,1106
1728463381128019000,0,1042,1439,201,348,1103
1728463381128861000,0,1248,1238,92,474,1058
1728463381129703000,0,1406,1013,14,586,978
1728463381130545000,97,1534,800,0,671,846
1728463381131393000,238,1605,565,0,777,708
1728463381132235000,418,1633,354,0,869,565
1728463381133077000,570,1591,180,109,916,416
1728463381133919000,777,1502,42,117,928,266
1728463381134761000,1024,1378,1,298,917,193
1728463381135603000,1217,1193,0,448,855,64
1728463381136444000,1394,967,5,612,778,0
1728463381137286000,1512,741,121,741,662,0
1728463381138128000,1584,533,265,854,545,0
1728463381138970000,1600,338,473,949,421,18
1728463381139812000,1535,158,699,1028,298,112
1728463381140654000,1436,122,912,1065,197,224
1728463381141496000,1289,50,1137,1069,97,373
1728463381142337000,1112,0,1351,1035,69,524
1728463381143179000,890,0,1523,960,25,672
1728463381144021000,714,64,1639,832,0,794
1728463381144881000,500,238,1728,683,0,927
1728463381145723000,343,463,1728,541,31,1008
1728463381146565000,133,663,1664,409,149,1077
1728463381147407000,18,885,1546,279,261,1110
1728463381148249000,0,1099,1384,174,380,1088
1728463381149091000,0,1277,1187,75,501,1034
1728463381149933000,5,1444,949,8,617,940
1728463381150775000,112,1572,723,0,718,823
1728463381151617000,274,1634,506,0,826,666
1728463381152459000,456,1632,288,21,889,518
1728463381153301000,685,1579,98,87,933,410
1728463381154143000,868,1573,0,230,927,194
1728463381154985000,1108,1389,0,388,916,94
1728463381155827000,1288,1054,0,509,911,29
1728463381156669000,1431,905,27,648,745,0
1728463381157511000,1532,683,154,778,629,0
1728463381158350000,1592,471,325,890,514,0
1728463381159192000,1600,287,520,975,391,43
1728463381160034000,1522,128,757,1048,266,137
1728463381160876000,1378,5,992,1123,164,271
1728463381161718000,1227,0,1199,1061,82,413
1728463381162560000,1048,0,1390,1006,13,570
1728463381163402000,815,37,1564,904,0,704
1728463381164244000,613,170,1673,781,0,825
1728463381165086000,405,290,1829,644,21,960
1728463381165928000,239,522,1705,498,66,1080
1728463381166770000,84,736,1642,370,165,1088
1728463381167612000,0,942,1510,250,290,1108
1728463381168454000,0,1154,1331,134,412,1088
1728463381169296000,0,1333,1132,64,520,1013
1728463381170138000,26,1487,913,0,641,901
1728463381170980000,158,1550,661,0,743,766
1728463381171829000,325,1625,448,0,834,629
1728463381172671000,523,1613,260,35,883,474
1728463381173513000,810,1535,127,130,906,345
1728463381174356000,841,1429,0,314,924,258
1728463381175198000,1092,1272,10,430,889,88
1728463381176040000,1312,1054,0,542,833,20
1728463381176882000,1466,843,45,683,719,0
1728463381177724000,1559,626,192,801,601,0
1728463381178566000,1603,422,370,914,476,0
1728463381179408000,1571,245,578,1002,362,69
1728463381180250000,1498,93,802,1056,257,176
1728463381181092000,1367,0,1024,1088,138,289
1728463381181934000,1197,0,1237,1056,64,428
1728463381182775000,995,0,1439,996,0,591
1728463381183617000,785,138,1582,921,1,707
1728463381184459000,597,245,1678,746,74,836
1728463381185315000,388,314,1720,636,56,960
1728463381186157000,197,554,1706,469,89,1056
1728463381186999000,64,787,1615,343,192,1099
1728463381187841000,0,1001,1479,220,320,1098
1728463381188683000,0,1204,1294,114,450,1071
1728463381189524000,0,1379,1068,38,563,993
1728463381190366000,64,1512,847,0,666,879
1728463381191208000,174,1615,610,0,767,740
1728463381192050000,375,1650,409,0,849,594
1728463381192892000,565,1603,210,49,921,444
1728463381193734000,780,1511,0,164,917,382
1728463381194576000,1001,1385,0,290,952,226
1728463381195418000,1224,1216,0,444,871,20
1728463381196260000,1359,1017,0,578,802,1
1728463381197102000,1493,791,82,709,704,0
1728463381197944000,1567,567,235,843,576,0
1728463381198787000,1600,376,418,936,450,5
1728463381199629000,1567,197,633,1017,325,89
1728463381200471000,1529,49,867,1065,217,202
1728463381201313000,1376,0,1088,1075,114,343
1728463381202155000,1138,0,1302,1098,37,495
1728463381202996000,942,0,1486,1002,0,636
1728463381203838000,663,65,1643,879,0,745
1728463381204680000,490,225,1696,700,0,924
1728463381205522000,320,424,1728,562,23,988
1728463381206364000,151,617,1687,429,119,1072
1728463381207206000,28,840,1592,309,232,1103
1728463381208048000,0,1053,1425,184,346,1107
1728463381208890000,0,1249,1231,93,481,1052
1728463381209732000,0,1409,1015,22,590,970
1728463381210574000,92,1539,772,0,704,839
1728463381211416000,245,1626,553,0,791,705
1728463381212266000,409,1623,357,0,873,553
1728463381213108000,634,1586,170,79,914,402
1728463381213951000,942,1472,84,208,907,272
1728463381214793000,914,1336,0,397,910,167
1728463381215635000,1162,1171,16,517,866,71
1728463381216476000,1401,962,0,612,783,0
1728463381217318000,1527,738,114,744,661,0
1728463381218160000,1582,524,281,864,535,0
1728463381219002000,1600,322,473,963,415,20
1728463381219844000,1546,162,698,1028,298,118
1728463381220686000,1431,34,901,1069,192,302
1728463381221528000,1286,0,1144,1082,107,420
1728463381222370000,1102,0,1338,1034,29,505
1728463381223212000,896,10,1520,946,0,662
1728463381224054000,669,224,1639,860,18,761
1728463381224896000,493,322,1713,682,34,897
1728463381225745000,265,386,1703,549,129,1012
1728463381226587000,122,679,1664,406,135,1083
1728463381227429000,0,891,1560,282,261,1111
1728463381228271000,0,1107,1373,161,390,1098
1728463381229113000,0,1287,1163,65,508,1029
1728463381229955000,8,1450,949,0,617,932
1728463381230797000,102,1559,726,0,724,802
1728463381231639000,272,1633,495,0,813,669
1728463381232481000,465,1638,298,11,881,509
1728463381233324000,674,1567,130,106,932,370
1728463381234166000,896,1439,0,218,935,321
1728463381235008000,1151,1321,0,353,908,81
1728463381235850000,1329,1113,0,506,827,0
1728463381236692000,1433,907,23,651,751,0
1728463381237534000,1541,677,153,770,630,0
1728463381238376000,1591,469,335,887,496,0
1728463381239227000,1581,277,535,980,378,43
1728463381240069000,1524,118,749,1043,279,146
1728463381240911000,1458,2,988,1073,156,266
1728463381241753000,1287,0,1210,1088,78,421
1728463381242594000,1026,0,1400,1072,9,568
1728463381243436000,816,29,1560,952,0,708
1728463381244278000,565,137,1688,759,0,816
1728463381245120000,386,324,1715,615,0,974
1728463381245962000,233,496,1701,485,85,1025
1728463381246804000,89,737,1639,377,169,1094
1728463381247646000,0,949,1516,249,292,1102
1728463381248488000,0,1145,1324,138,417,1078
1728463381249330000,0,1345,1113,45,541,1021
1728463381250172000,39,1480,893,0,642,914
1728463381251014000,130,1591,649,2,749,757
1728463381251856000,334,1628,431,0,836,614
1728463381252780000,525,1575,235,31,900,477
1728463381253622000,738,1533,101,133,929,328
1728463381254464000,985,1384,0,258,891,195
1728463381255306000,1272,1240,36,418,862,98
1728463381256148000,1373,1034,1,611,793,18
1728463381256990000,1460,839,53,684,722,0
1728463381257832000,1568,613,194,811,604,0
1728463381258674000,1601,415,365,909,487,0
1728463381259516000,1573,231,583,1009,348,64
1728463381260358000,1489,79,815,1057,249,176
1728463381261200000,1351,0,1103,1080,143,320
1728463381262041000,1189,0,1299,1054,55,467
1728463381262883000,1007,0,1432,989,1,661
1728463381263725000,778,58,1585,899,0,784
1728463381264567000,619,197,1671,753,0,791
1728463381265409000,349,488,1713,624,18,933
1728463381266189000,201,521,1686,433,169,1019
1728463381267031000,50,786,1608,338,197,1106
1728463381267873000,0,1008,1472,202,313,1110
1728463381268715000,0,1207,1287,109,442,1061
1728463381269557000,0,1384,1067,33,568,995
1728463381270399000,57,1509,837,0,671,871
1728463381271241000,170,1600,613,0,760,739
1728463381272082000,367,1636,400,0,845,583
1728463381272924000,559,1610,228,43,899,448
1728463381273766000,789,1530,58,158,943,320
1728463381274608000,1006,1372,90,296,975,194
1728463381275450000,1175,1237,64,440,880,77
1728463381276292000,1355,1002,0,581,781,89
1728463381277134000,1496,782,85,715,698,0
1728463381277975000,1579,576,233,841,565,0
1728463381278817000,1600,370,431,938,448,1
1728463381279831000,1556,193,644,1018,326,96
1728463381280673000,1472,58,874,1070,217,206
1728463381281515000,1319,0,1106,1074,158,341
1728463381282357000,1138,0,1311,1050,29,501
1728463381283199000,944,0,1479,973,0,637
1728463381284041000,762,85,1625,852,0,774
1728463381284883000,608,220,1768,728,0,890
1728463381285725000,215,407,1721,629,23,1044
1728463381286567000,101,638,1686,357,118,1066
1728463381287409000,26,849,1581,303,234,1105
1728463381288251000,0,1058,1432,193,353,1102
1728463381289093000,0,1250,1227,94,481,1051
1728463381289934000,0,1422,1011,10,590,967
1728463381290776000,92,1550,777,0,687,846
1728463381291618000,229,1611,539,1,800,693
1728463381292460000,423,1636,330,0,874,547
1728463381293149000,647,1592,164,78,916,392
1728463381293992000,842,1489,37,202,937,267
1728463381294834000,1042,1248,0,324,997,128
1728463381295675000,1251,1092,0,489,914,53
1728463381296517000,1413,879,9,633,797,0
1728463381297359000,1517,724,122,753,664,0
1728463381298201000,1590,506,269,868,541,0
1728463381299043000,1600,328,482,960,411,37
1728463381299885000,1541,154,704,1034,306,109
1728463381300727000,1436,18,921,1079,192,234
1728463381301568000,1268,0,1154,1060,101,394
1728463381302409000,1080,0,1354,1018,17,540
1728463381303251000,881,21,1525,940,0,675
1728463381304093000,663,113,1663,827,0,805
1728463381304935000,435,298,1777,679,10,917
1728463381305777000,284,450,1637,537,69,1080
1728463381306617000,165,704,1615,394,151,996
1728463381307459000,0,897,1537,267,265,1113
1728463381308301000,0,1105,1373,164,386,1089
1728463381309142000,0,1298,1172,74,513,1029
1728463381309984000,5,1458,952,2,624,937
1728463381310826000,122,1572,709,0,729,809
1728463381311668000,292,1622,472,0,810,658
1728463381312510000,488,1627,290,16,890,501
1728463381313352000,690,1556,136,121,928,368
1728463381314195000,890,1472,21,228,938,250
1728463381315037000,1072,1314,0,334,906,125
1728463381315879000,1264,1136,9,497,836,45
1728463381316720000,1418,943,50,630,745,0
1728463381317562000,1543,671,157,791,625,0
1728463381318404000,1595,469,335,889,506,0
1728463381319246000,1586,276,536,985,382,50
1728463381320098000,1518,116,770,1044,267,149
1728463381320940000,1393,5,999,1080,162,270
1728463381321782000,1228,45,1204,1069,74,405
1728463381322624000,1039,61,1405,1016,10,565
1728463381323466000,834,82,1560,913,0,706
1728463381324308000,619,180,1676,794,18,832
1728463381325150000,410,253,1723,672,41,942
1728463381325992000,229,477,1697,498,26,1040
1728463381326834000,177,724,1683,368,148,1091
1728463381327676000,0,956,1507,244,290,1119
1728463381328518000,0,1148,1319,134,423,1077
1728463381329360000,0,1338,1112,45,540,1014
1728463381330202000,42,1487,886,0,644,901
1728463381331043000,158,1592,661,0,751,773
1728463381331885000,324,1640,435,0,835,626
1728463381332727000,532,1621,242,25,904,476
1728463381333576000,736,1550,79,136,926,330
1728463381334419000,962,1421,0,265,939,198
1728463381335261000,1142,1376,0,417,904,64
1728463381336103000,1317,1161,0,567,821,0
1728463381336944000,1498,923,41,705,725,0
1728463381337786000,1568,610,197,819,603,0
1728463381338628000,1600,418,383,907,468,0
1728463381339470000,1576,237,596,1000,356,66
1728463381340312000,1493,90,818,1061,245,192
1728463381341154000,1367,0,1045,1080,148,314
1728463381341996000,1262,0,1286,1058,41,470
1728463381342837000,1058,0,1453,994,0,608
1728463381343679000,756,56,1608,920,0,747
1728463381344521000,548,192,1694,777,0,882
1728463381345363000,341,370,1721,576,14,1012
1728463381346205000,169,625,1703,448,98,1041
1728463381347055000,48,801,1669,324,240,1112
1728463381347897000,0,1008,1466,205,320,1112
1728463381348739000,0,1219,1275,114,453,1065
1728463381349581000,0,1374,1057,32,578,983
1728463381350423000,64,1508,824,0,671,873
1728463381351265000,206,1608,601,0,775,742
1728463381352107000,392,1636,373,0,855,562
1728463381352949000,576,1578,213,64,914,440
1728463381353791000,804,1504,54,149,925,304
1728463381354634000,1018,1379,5,313,926,174
1728463381355476000,1280,1186,0,441,866,78
1728463381356318000,1268,1005,0,648,789,48
1728463381357160000,1443,779,128,764,664,0
1728463381358002000,1587,559,240,846,570,1
1728463381358844000,1602,357,426,955,448,10
1728463381359686000,1559,192,649,1010,320,97
1728463381360576000,1453,64,877,1073,216,211
1728463381361418000,1327,0,1107,1085,122,351
1728463381362260000,1136,0,1288,1042,41,559
1728463381363102000,933,0,1476,981,0,671
1728463381363944000,721,100,1618,850,0,755
1728463381364786000,509,274,1705,717,0,904
1728463381365628000,313,320,1715,543,106,983
1728463381366470000,170,591,1676,435,58,1053
1728463381367312000,113,818,1571,295,197,1096
1728463381368154000,0,1068,1418,173,349,1108
1728463381368996000,0,1269,1227,87,474,1057
1728463381369838000,0,1423,1003,16,604,962
1728463381370680000,98,1546,767,1,704,836
1728463381371522000,245,1624,545,0,793,697
1728463381372364000,428,1646,341,0,880,538
1728463381373206000,634,1592,162,90,927,402
1728463381374022000,865,1484,36,194,938,274
1728463381374864000,1060,1338,0,338,922,151
1728463381375706000,1308,1154,0,485,847,0
1728463381376548000,1424,931,0,620,767,0
1728463381377390000,1537,813,106,770,654,0
1728463381378232000,1600,506,289,872,546,0
1728463381379074000,1594,309,481,971,409,31
1728463381379916000,1541,154,719,1032,293,129
1728463381380758000,1428,36,938,1080,186,247
1728463381381600000,1272,0,1164,1080,101,390
1728463381382441000,1151,0,1362,1033,11,541
1728463381383283000,851,10,1533,987,0,683
1728463381384125000,650,127,1659,836,0,805
1728463381384967000,440,290,1728,670,0,937
1728463381385809000,250,522,1729,503,50,1006
1728463381386651000,94,680,1760,379,170,1095
1728463381387487000,0,907,1496,267,250,1194
1728463381388329000,0,1122,1378,149,390,1093
1728463381389171000,0,1311,1171,64,505,1040
1728463381390013000,17,1463,945,1,629,925
1728463381390855000,130,1562,712,0,728,804
1728463381391697000,290,1625,485,0,820,656
1728463381392539000,485,1603,298,24,885,500
1728463381393381000,692,1565,128,114,895,370
1728463381394224000,922,1451,0,234,943,242
1728463381395066000,1155,1289,0,401,885,121
1728463381395908000,1194,1088,25,576,828,74
1728463381396750000,1394,888,64,707,740,0
1728463381397592000,1511,660,160,751,613,0
1728463381398434000,1607,455,331,898,505,0
1728463381399276000,1581,261,543,993,379,46
1728463381400118000,1512,110,765,1042,269,155
1728463381400977000,1400,10,1005,1088,162,281
1728463381401819000,1230,0,1221,1070,74,426
1728463381402661000,1052,0,1392,1009,5,567
1728463381403503000,824,55,1560,912,0,704
1728463381404345000,613,212,1672,785,0,833
1728463381405187000,409,373,1735,642,7,954
1728463381406029000,205,450,1712,509,132,1031
1728463381406871000,81,714,1634,355,106,1084
1728463381407713000,58,948,1517,234,276,1095
1728463381408555000,0,1171,1322,129,426,1082
1728463381409396000,0,1352,1103,45,548,1010
1728463381410238000,45,1490,881,0,650,900
1728463381411080000,166,1596,645,0,750,760
1728463381411922000,340,1635,431,0,840,618
1728463381412764000,532,1624,254,36,896,469
1728463381413606000,736,1547,87,137,942,330
1728463381414452000,948,1408,0,266,929,203
1728463381415294000,1138,1236,0,416,900,151
1728463381416136000,1347,1058,0,544,839,77
1728463381416977000,1535,850,42,682,712,0
1728463381417819000,1562,704,202,819,594,0
1728463381418661000,1600,405,382,916,472,0
1728463381419503000,1575,229,605,1005,341,71
1728463381420345000,1481,79,838,1055,238,185
1728463381421187000,1356,0,1047,1084,141,322
1728463381422029000,1183,2,1273,1055,52,475
1728463381422870000,1060,0,1457,992,0,613
1728463381423712000,814,58,1607,946,0,747
1728463381424554000,549,189,1696,778,0,871
1728463381425396000,331,380,1742,569,21,990
1728463381426238000,153,618,1705,428,97,1079
1728463381427080000,37,791,1588,320,209,1097
1728463381427929000,0,1017,1506,209,333,1107
1728463381428771000,0,1216,1272,105,448,1066
1728463381429613000,0,1383,1047,29,570,971
1728463381430455000,69,1520,820,0,677,867
1728463381431297000,215,1608,588,0,784,733
1728463381432139000,386,1635,385,0,853,582
1728463381432981000,591,1600,196,68,909,425
1728463381433823000,800,1489,53,172,937,293
1728463381434665000,1020,1365,0,301,912,161
1728463381435507000,1217,1170,0,450,845,57
1728463381436348000,1497,962,29,618,761,0
1728463381437190000,1567,764,79,756,661,0
1728463381438032000,1551,554,248,873,546,0
1728463381438874000,1592,346,443,946,437,6
1728463381439716000,1564,186,656,1018,320,98
1728463381440558000,1466,55,895,1077,205,217
1728463381441410000,1314,0,1123,1088,108,360
1728463381442252000,1136,0,1317,1050,36,508
1728463381443094000,928,0,1528,964,0,702
1728463381443936000,722,96,1619,858,0,830
1728463381444778000,500,245,1701,721,0,925
1728463381445620000,329,421,1698,562,34,948
1728463381446462000,178,704,1662,430,117,1049
1728463381447304000,0,767,1554,301,306,1072
1728463381448146000,0,1052,1397,185,345,1101
1728463381448988000,0,1261,1204,78,490,1052
1728463381449830000,0,1426,996,8,597,961
1728463381450672000,97,1549,754,0,706,825
1728463381451514000,242,1614,532,0,806,691
1728463381452356000,430,1632,322,0,876,536
1728463381453198000,633,1578,157,82,908,385
1728463381454040000,852,1479,42,206,937,267
1728463381454884000,1067,1338,0,338,924,151
1728463381455726000,1248,1112,74,480,874,64
1728463381456567000,1407,961,75,618,788,0
1728463381457409000,1526,696,33,747,640,87
1728463381458251000,1585,500,293,871,530,10
1728463381459093000,1598,308,496,970,398,30
1728463381459935000,1538,142,726,1039,296,133
1728463381460777000,1424,28,948,1073,182,257
1728463381461619000,1272,0,1176,1074,85,402
1728463381462460000,1088,0,1380,1029,26,543
1728463381463302000,874,10,1540,937,13,690
1728463381464144000,661,110,1654,821,0,809
1728463381464986000,514,279,1717,669,0,932
1728463381465828000,181,481,1719,581,43,1072
1728463381466670000,70,698,1655,325,151,1073
1728463381467512000,0,917,1522,224,256,1135
1728463381468366000,0,1130,1363,150,401,1088
1728463381469208000,0,1311,1163,66,512,1029
1728463381470050000,18,1462,932,1,626,928
1728463381470892000,138,1573,704,0,725,797
1728463381471734000,299,1638,485,0,813,654
1728463381472576000,494,1632,290,23,900,500
1728463381473418000,710,1562,106,117,935,354
1728463381474260000,924,1447,2,245,931,228
1728463381475102000,1117,1278,0,381,904,118
1728463381475944000,1277,1001,0,540,893,26
1728463381476786000,1472,813,21,677,802,0
1728463381477628000,1559,634,170,785,562,0
1728463381478470000,1601,448,345,900,495,0
1728463381479312000,1586,261,538,987,379,50
1728463381480154000,1519,113,772,1052,264,154
1728463381480996000,1384,4,1009,1081,154,289
1728463381481845000,1227,0,1222,1086,74,434
1728463381482687000,1024,0,1410,997,9,581
1728463381483529000,815,46,1601,903,0,717
1728463381484371000,597,166,1735,782,0,848
1728463381485213000,394,327,1735,639,0,1005
1728463381486055000,237,562,1669,480,94,1100
1728463381486897000,87,753,1634,353,164,1028
1728463381487739000,0,1088,1477,270,312,1076
1728463381488581000,0,1174,1311,119,427,1080
1728463381489423000,0,1350,1112,42,536,1008
1728463381490265000,39,1508,882,0,649,892
1728463381491107000,168,1594,654,0,756,761
1728463381491949000,341,1636,421,0,842,616
1728463381492791000,546,1605,244,45,897,465
1728463381493633000,713,1532,89,149,924,330
1728463381494475000,968,1410,0,276,938,207
1728463381495320000,1163,1243,5,405,885,90
1728463381496162000,1310,1071,0,546,808,29
1728463381497004000,1456,874,82,676,710,0
1728463381497846000,1544,578,303,802,610,5
1728463381498688000,1600,400,388,919,459,0
1728463381499530000,1567,218,617,1005,343,64
1728463381500372000,1484,76,832,1063,237,192
1728463381501214000,1354,0,1070,1076,133,329
1728463381502056000,1182,0,1275,1064,42,469
1728463381502898000,978,69,1454,986,0,598
1728463381503739000,767,110,1608,881,0,744
1728463381504581000,547,186,1689,743,18,881
1728463381505423000,365,374,1730,600,10,974
1728463381506265000,293,551,1724,466,65,1045
1728463381507107000,106,797,1587,357,193,1109
1728463381507949000,0,1018,1458,267,320,1142
1728463381508807000,0,1231,1263,106,457,1068
1728463381509648000,0,1392,1043,27,579,980
1728463381510490000,68,1524,809,0,679,863
1728463381511332000,218,1606,580,0,779,718
1728463381512174000,391,1645,381,0,861,569
1728463381513016000,577,1610,188,64,914,432
1728463381513858000,818,1507,41,160,943,298
1728463381514700000,1034,1386,2,320,922,162
1728463381515542000,1223,1194,0,455,875,50
1728463381516384000,1360,1099,0,596,789,0
1728463381517226000,1530,858,82,745,677,0
1728463381518068000,1578,434,250,832,629,0
1728463381518910000,1594,346,448,960,430,9
1728463381519752000,1557,185,673,1018,314,101
1728463381520594000,1451,55,890,1068,209,215
1728463381521436000,1313,0,1128,1081,109,358
1728463381522279000,1136,0,1322,1045,42,506
1728463381523120000,896,0,1501,1003,0,659
1728463381523962000,696,101,1642,842,0,783
1728463381524804000,480,245,1718,706,0,904
1728463381525646000,304,428,1722,558,41,1003
1728463381526488000,146,644,1772,416,175,1097
1728463381527330000,4,866,1474,298,226,1208
1728463381528172000,0,1066,1347,167,381,1149
1728463381529014000,0,1272,1208,77,485,1058
1728463381529856000,0,1419,986,8,601,950
1728463381530698000,102,1545,760,0,704,832
1728463381531540000,256,1620,522,0,803,687
1728463381532382000,441,1630,325,0,864,535
1728463381533224000,650,1566,138,93,917,378
1728463381534067000,874,1464,34,215,930,250
1728463381534909000,1080,1320,2,345,906,130
1728463381535754000,1225,1133,0,485,847,45
1728463381536595000,1309,913,45,677,749,16
1728463381537437000,1482,714,117,690,642,0
1728463381538279000,1546,500,298,834,516,15
1728463381539121000,1589,303,504,973,399,18
1728463381539963000,1537,133,719,1039,287,122
1728463381540805000,1424,26,952,1070,177,257
1728463381541647000,1269,5,1184,1073,89,400
1728463381542488000,1076,0,1387,1032,16,545
1728463381543330000,868,10,1522,940,0,669
1728463381544172000,654,133,1647,822,0,805
1728463381545014000,452,339,1728,672,0,918
1728463381545856000,256,474,1719,525,88,1029
1728463381546698000,149,653,1636,394,193,1080
1728463381547540000,25,888,1530,266,219,1100
1728463381548382000,64,1120,1415,161,378,1088
1728463381549240000,0,1303,1141,64,520,1029
1728463381550082000,18,1472,917,0,631,932
1728463381550923000,144,1573,690,0,733,786
1728463381551765000,297,1629,469,0,821,638
1728463381552607000,490,1620,269,21,890,493
1728463381553449000,701,1565,116,113,916,346
1728463381554292000,914,1442,10,247,939,228
1728463381555134000,1122,1265,0,386,901,117
1728463381555976000,1298,1088,0,529,842,32
1728463381556817000,1467,873,0,651,746,34
1728463381557659000,1588,663,130,786,598,0
1728463381558501000,1571,560,303,917,514,0
1728463381559343000,1590,256,552,990,373,52
1728463381560185000,1505,106,781,1055,261,153
1728463381561027000,1390,0,1013,1083,158,294
1728463381561869000,1217,0,1225,1064,73,441
1728463381562713000,1029,4,1423,1006,2,599
1728463381563555000,890,46,1572,906,0,719
1728463381564397000,570,165,1686,822,0,850
1728463381565239000,378,343,1728,649,5,961
1728463381566081000,211,542,1704,476,67,1048
1728463381566923000,53,800,1633,338,182,1088
1728463381567765000,0,975,1482,221,314,1104
1728463381568606000,0,1168,1392,116,462,1082
1728463381569448000,0,1359,1096,36,537,1007
1728463381570290000,41,1500,881,0,652,892
1728463381571132000,175,1589,638,0,759,751
1728463381571974000,357,1638,429,0,846,618
1728463381572816000,542,1615,239,47,900,455
1728463381573658000,765,1524,92,149,936,325
1728463381574500000,977,1392,0,277,925,192
1728463381575342000,1176,1231,0,423,882,89
1728463381576195000,1336,1027,0,568,802,8
1728463381577037000,1600,791,109,723,672,0
1728463381577879000,1648,580,218,814,569,0
1728463381578721000,1520,401,410,980,448,41
1728463381579563000,1574,215,610,1015,348,74
1728463381580405000,1484,71,837,1062,232,192
1728463381581247000,1351,0,1069,1079,130,322
1728463381582089000,1168,0,1287,1055,48,473
1728463381582930000,974,0,1456,992,0,624
1728463381583772000,756,73,1649,867,0,833
1728463381584614000,543,213,1677,736,0,929
1728463381585456000,341,388,1720,590,21,961
1728463381586298000,181,648,1694,444,98,1059
1728463381587140000,42,713,1589,303,296,1093
1728463381587982000,0,971,1439,224,381,1095
1728463381588824000,13,1196,1245,90,395,1065
1728463381589670000,0,1402,1039,13,576,986
1728463381590512000,72,1535,811,0,682,856
1728463381591354000,210,1618,586,0,784,728
1728463381592196000,404,1635,366,0,872,568
1728463381593038000,607,1602,192,74,906,425
1728463381593880000,788,1509,64,168,923,290
1728463381594722000,1041,1363,0,309,932,169
1728463381595564000,1229,1185,0,462,865,64
1728463381596406000,1380,987,0,602,802,0
1728463381597248000,1493,740,5,727,663,75
1728463381598090000,1593,540,197,843,583,42
1728463381598932000,1657,370,416,943,420,0
1728463381599774000,1550,170,674,1027,313,102
1728463381600616000,1450,45,898,1074,207,226
1728463381601458000,1308,4,1127,1083,104,373
1728463381602300000,1128,0,1344,1041,23,514
1728463381603148000,914,2,1511,967,0,662
1728463381603990000,762,82,1632,847,0,785
1728463381604832000,585,246,1714,698,0,911
1728463381605674000,279,441,1726,602,34,997
1728463381606516000,130,645,1682,410,132,1079
1728463381607358000,0,904,1568,261,234,1135
1728463381608200000,0,1107,1397,149,365,1080
1728463381609042000,0,1249,1304,71,505,1045
1728463381609884000,0,1438,970,2,610,953
1728463381610726000,111,1555,760,0,709,827
1728463381611568000,257,1631,525,0,805,677
1728463381612410000,448,1626,325,10,880,528
1728463381613252000,656,1582,151,90,918,395
1728463381614094000,877,1479,34,209,935,242
1728463381614936000,1082,1303,0,357,909,133
1728463381615778000,1264,1136,0,495,826,49
1728463381616635000,1429,924,20,626,757,0
1728463381617477000,1646,702,192,785,608,0
1728463381618319000,1669,485,334,874,495,0
1728463381619161000,1500,297,526,1023,377,73
1728463381620003000,1535,141,736,1035,284,121
1728463381620845000,1416,14,962,1082,170,258
1728463381621687000,1264,0,1182,1080,89,410
1728463381622529000,1070,0,1390,1015,9,558
1728463381623370000,868,23,1543,939,0,689
1728463381624212000,642,132,1719,811,0,816
1728463381625054000,448,300,1690,660,2,986
1728463381625896000,258,498,1713,527,58,1011
1728463381626738000,92,733,1663,388,159,1088
1728463381627580000,0,810,1506,241,350,1090
1728463381628422000,0,1052,1344,162,456,1064
1728463381629264000,0,1260,1148,68,480,1005
1728463381630107000,12,1472,920,2,633,921
1728463381630949000,141,1577,681,0,741,792
1728463381631791000,307,1633,468,0,823,641
1728463381632633000,498,1621,269,25,896,489
1728463381633475000,710,1562,100,119,929,356
1728463381634317000,921,1450,2,234,921,225
1728463381635159000,1116,1290,9,385,904,106
1728463381636001000,1290,1077,0,535,837,36
1728463381636843000,1448,874,56,656,742,0
1728463381637685000,1529,634,69,789,591,74
1728463381638527000,1629,450,306,897,504,36
1728463381639369000,1568,253,540,991,363,14
1728463381640211000,1505,112,793,1045,248,164
1728463381641053000,1384,2,1026,1088,155,298
1728463381641895000,1216,0,1232,1069,64,448
1728463381642736000,1020,0,1427,1002,5,595
1728463381643588000,808,48,1592,905,0,724
1728463381644430000,615,170,1679,774,0,853
1728463381645272000,450,337,1722,629,7,960
1728463381646114000,192,543,1710,521,77,1048
1728463381646956000,42,765,1632,329,186,1095
1728463381647798000,0,970,1477,201,295,1135
1728463381648640000,0,1209,1303,101,431,1047
1728463381649482000,0,1344,1185,27,562,993
1728463381650324000,43,1506,858,0,658,882
1728463381651166000,177,1600,624,0,765,752
1728463381652008000,352,1636,404,0,846,597
1728463381652850000,557,1605,224,49,900,448
1728463381653692000,766,1526,81,157,942,324
1728463381654534000,980,1377,0,282,929,165
1728463381655376000,1188,1216,0,434,878,64
1728463381656217000,1347,1015,0,576,808,6
1728463381657072000,1483,791,68,704,685,0
1728463381657914000,1710,566,234,836,554,0
1728463381658756000,1674,372,418,943,427,0
1728463381659598000,1479,188,617,1061,333,93
1728463381660440000,1479,73,839,1060,232,197
1728463381661282000,1344,0,1076,1082,121,322
1728463381662124000,1162,0,1281,1053,45,474
1728463381662966000,961,0,1475,992,0,628
1728463381663808000,754,69,1615,879,0,757
1728463381664650000,541,229,1736,734,0,890
1728463381665492000,343,391,1710,586,26,1029
1728463381666334000,171,602,1677,444,103,1051
1728463381667176000,40,896,1579,312,207,1094
1728463381668018000,7,1099,1443,185,338,1080
1728463381668860000,0,1133,1245,90,528,1047
1728463381669702000,0,1330,1020,23,629,960
1728463381670584000,78,1532,802,0,678,862
1728463381671426000,219,1622,576,0,788,713
1728463381672268000,401,1632,370,0,861,564
1728463381673110000,609,1603,189,68,909,425
1728463381673952000,822,1502,46,184,937,285
1728463381674794000,1038,1368,2,325,922,169
1728463381675636000,1218,1180,0,458,866,69
1728463381676477000,1387,970,0,612,784,0
1728463381677319000,1514,767,154,732,683,0
1728463381678161000,1579,560,308,847,549,66
1728463381679003000,1603,326,373,952,455,98
1728463381679845000,1576,178,656,1026,320,79
1728463381680687000,1444,34,911,1073,202,229
1728463381681529000,1298,5,1130,1080,103,380
1728463381682370000,1119,0,1333,1035,31,522
1728463381683212000,909,9,1509,960,0,661
1728463381684022000,690,105,1647,839,0,794
1728463381684864000,485,244,1703,697,0,913
1728463381685706000,369,448,1720,548,30,1003
1728463381686548000,117,656,1676,434,136,1088
1728463381687390000,0,882,1562,320,238,1112
1728463381688232000,0,1090,1379,123,366,1128
1728463381689074000,0,1311,1191,46,488,1055
1728463381689916000,0,1436,980,0,605,949
1728463381690758000,117,1558,733,0,722,821
1728463381691600000,266,1628,512,0,802,682
1728463381692442000,450,1635,328,9,878,517
1728463381693284000,661,1574,146,105,917,383
1728463381694126000,882,1463,13,210,933,256
1728463381694968000,1088,1319,0,361,912,126
1728463381695810000,1266,1095,0,506,852,49
1728463381696651000,1423,913,13,637,763,0
1728463381697495000,1535,673,137,761,601,0
1728463381698337000,1600,453,306,869,469,0
1728463381699179000,1701,263,553,987,360,32
1728463381700021000,1487,126,722,1054,276,138
1728463381700863000,1412,21,974,1076,175,260
1728463381701705000,1257,0,1183,1077,82,412
1728463381702547000,1068,0,1378,1021,21,557
1728463381703389000,851,28,1555,924,0,704
1728463381704231000,634,146,1666,802,0,824
1728463381705073000,434,306,1778,663,0,942
1728463381705915000,253,510,1694,504,66,1095
1728463381706757000,103,718,1629,372,167,1069
1728463381707599000,0,1023,1500,267,279,1068
1728463381708441000,23,1208,1320,146,407,1062
1728463381709283000,0,1248,1120,37,595,1013
1728463381710125000,27,1461,909,0,642,922
1728463381710983000,153,1577,672,0,745,785
1728463381711824000,313,1635,452,0,835,642
1728463381712666000,514,1626,269,29,890,485
1728463381713508000,719,1549,106,129,928,348
1728463381714350000,936,1426,0,250,938,220
1728463381715192000,1159,1274,0,389,893,114
1728463381716034000,1313,1088,0,541,821,23
1728463381716876000,1458,872,52,663,726,0
1728463381717718000,1556,645,231,781,615,0
1728463381718560000,1587,434,449,897,516,2
1728463381719402000,1579,234,480,986,362,148
1728463381720244000,1512,102,782,1060,254,160
1728463381721086000,1384,4,1041,1080,138,301
1728463381721928000,1206,0,1251,1067,65,456
1728463381722770000,1010,0,1442,1010,4,601
1728463381723611000,801,53,1580,898,0,736
1728463381724459000,586,177,1691,782,0,858
1728463381725301000,383,331,1731,629,0,965
1728463381726144000,255,557,1697,472,86,1055
1728463381726986000,58,764,1609,377,184,1095
1728463381727828000,0,980,1497,184,306,1096
1728463381728670000,0,1194,1274,73,442,1090
1728463381729512000,0,1430,1111,10,548,1017
1728463381730354000,53,1514,860,0,654,892
1728463381731196000,181,1596,619,0,769,747
1728463381732038000,360,1632,401,0,850,601
1728463381732880000,561,1607,224,40,900,450
1728463381733722000,767,1534,72,158,932,322
1728463381734564000,991,1397,0,290,932,188
1728463381735406000,1193,1224,0,425,887,92
1728463381736248000,1356,1000,1,576,794,0
1728463381737090000,1463,785,77,704,694,0
1728463381737937000,1581,530,213,836,565,0
1728463381738779000,1577,362,413,917,391,0
1728463381739622000,1645,201,645,1009,305,77
1728463381740464000,1466,64,854,1083,229,199
1728463381741306000,1344,0,1092,1077,119,341
1728463381742148000,1161,0,1294,1055,36,485
1728463381742989000,960,2,1475,983,0,631
1728463381743831000,747,77,1624,873,0,764
1728463381744673000,523,213,1700,730,0,890
1728463381745515000,335,401,1797,585,21,988
1728463381746357000,161,605,1719,440,114,1140
1728463381747199000,36,832,1574,313,226,1136
1728463381748041000,47,1058,1403,193,332,1029
1728463381748883000,0,1311,1218,111,474,1001
1728463381749725000,0,1489,1032,54,592,930
1728463381750567000,78,1535,784,0,690,855
1728463381751417000,228,1610,562,0,789,706
1728463381752259000,411,1637,353,0,872,554
1728463381753101000,613,1594,178,79,917,418
1728463381753943000,821,1496,47,184,930,287
1728463381754785000,983,1348,0,327,910,159
1728463381755627000,1195,1170,2,474,864,66
1728463381756468000,1378,960,0,618,778,0
1728463381757310000,1511,740,111,741,674,0
1728463381758152000,1559,557,280,832,542,17
1728463381758994000,1565,344,463,939,418,6
1728463381759836000,1521,186,772,1022,337,125
1728463381760678000,1448,37,917,1077,197,226
1728463381761520000,1291,0,1149,1088,101,378
1728463381762361000,1109,0,1351,1043,28,529
1728463381763203000,904,0,1505,949,0,671
1728463381764045000,693,114,1644,832,0,799
1728463381764907000,474,334,1713,696,0,903
1728463381765749000,290,433,1712,551,101,1001
1728463381766591000,136,650,1666,398,164,1082
1728463381767433000,8,885,1550,281,244,1112
1728463381768275000,74,1088,1444,186,349,1088
1728463381769117000,40,1272,1195,67,480,1042
1728463381769959000,0,1420,946,84,602,979
1728463381770800000,114,1562,741,0,718,814
1728463381771642000,266,1625,511,0,814,673
1728463381772484000,466,1632,303,11,888,521
1728463381773326000,671,1576,146,105,914,381
1728463381774168000,869,1459,18,224,935,251
1728463381775010000,1096,1304,0,357,924,133
1728463381775852000,1271,1123,0,500,844,47
1728463381776693000,1429,911,13,648,758,0
1728463381777535000,1540,685,146,767,642,0
1728463381778375000,1582,586,285,921,533,0
1728463381779217000,1607,333,506,961,458,13
1728463381780059000,1505,58,721,1073,322,123
1728463381780901000,1414,10,965,1077,178,264
1728463381781743000,1249,0,1198,1068,78,415
1728463381782584000,1055,0,1388,1020,5,559
1728463381783426000,847,34,1555,928,0,692
1728463381784268000,641,151,1663,805,0,837
1728463381785110000,406,308,1722,676,0,946
1728463381785952000,229,510,1714,501,65,1028
1728463381786794000,93,722,1640,373,171,1092
1728463381787636000,0,944,1538,245,281,1120
1728463381788477000,0,1153,1428,132,436,1104
1728463381789319000,0,1355,1196,41,560,1015
1728463381790161000,30,1472,813,0,625,1003
1728463381791003000,153,1588,672,0,743,781
1728463381791849000,321,1632,463,0,832,631
1728463381792691000,509,1631,265,34,893,487
1728463381793533000,724,1543,101,130,929,348
1728463381794375000,938,1432,0,256,930,226
1728463381795217000,1157,1255,0,404,893,94
1728463381796059000,1316,1057,0,546,809,21
1728463381796901000,1460,850,50,684,720,0
1728463381797743000,1568,634,184,806,608,0
1728463381798585000,1581,416,339,979,460,21
1728463381799427000,1524,229,576,1011,354,43
1728463381800270000,1483,94,793,1021,245,192
1728463381801112000,1376,0,1030,1088,145,292
1728463381801953000,1208,0,1250,1065,69,453
1728463381802794000,1008,0,1429,1010,0,597
1728463381803636000,801,53,1592,893,0,735
1728463381804478000,583,186,1680,767,0,858
1728463381805342000,376,361,1711,617,11,952
1728463381806185000,212,626,1694,468,97,1037
1728463381807027000,71,816,1605,349,218,1091
1728463381807869000,0,974,1486,224,329,1114
1728463381808711000,2,1154,1274,103,366,1064
1728463381809553000,0,1331,1073,25,508,981
1728463381810395000,165,1503,890,0,629,885
1728463381811237000,183,1600,608,0,769,745
1728463381812079000,365,1634,409,0,848,595
1728463381812921000,576,1618,214,53,906,452
1728463381813763000,780,1521,66,160,936,320
1728463381814605000,992,1393,0,288,927,189
1728463381815447000,1192,1223,0,424,884,82
1728463381816289000,1348,1028,0,579,806,2
1728463381817131000,1496,802,52,705,683,0
1728463381817973000,1580,576,217,824,588,0
1728463381818813000,1661,397,370,928,434,0
1728463381819655000,1567,293,625,1045,341,64
1728463381820497000,1488,0,853,1045,309,194
1728463381821339000,1335,0,1095,1088,116,341
1728463381822181000,1159,1,1304,1054,46,488
1728463381823023000,943,0,1487,981,0,636
1728463381823865000,740,84,1615,860,0,764
1728463381824707000,522,224,1711,725,0,895
1728463381825549000,308,414,1731,624,26,995
1728463381826391000,149,605,1681,449,121,1063
1728463381827233000,30,832,1577,304,218,1103
1728463381828075000,0,1053,1432,188,344,1109
1728463381828917000,0,1216,1337,81,491,1072
1728463381829759000,0,1424,1088,5,633,981
1728463381830601000,87,1570,815,0,680,954
1728463381831443000,226,1623,562,0,791,704
1728463381832292000,415,1632,352,0,866,556
1728463381833134000,621,1592,169,69,914,413
1728463381833976000,832,1495,39,192,935,279
1728463381834818000,1041,1348,0,329,915,159
1728463381835660000,1239,1159,0,467,847,43
1728463381836502000,1396,960,9,615,757,0
1728463381837344000,1515,746,125,741,658,0
1728463381838186000,1594,517,267,863,542,0
1728463381839028000,1508,325,484,1005,397,66
1728463381839870000,1496,167,688,968,292,84
1728463381840712000,1424,98,953,1058,192,221
1728463381841554000,1298,5,1148,1080,105,386
1728463381842396000,1109,0,1347,1034,21,530
1728463381843237000,893,2,1521,952,0,665
1728463381844079000,680,111,1654,846,0,802
1728463381844921000,476,273,1726,690,0,925
1728463381845770000,290,469,1706,542,45,1000
1728463381846612000,123,736,1663,407,148,1068
1728463381847454000,8,864,1541,277,298,1103
1728463381848296000,0,1093,1386,164,389,1100
1728463381849137000,0,1248,1182,69,420,1035
1728463381849979000,2,1419,952,0,559,937
1728463381850821000,239,1554,776,10,695,815
1728463381851663000,276,1634,503,0,808,666
1728463381852505000,461,1628,303,16,884,514
1728463381853347000,680,1574,125,101,932,378
1728463381854190000,896,1464,14,226,928,242
1728463381855032000,1102,1306,0,368,918,126
1728463381855874000,1280,1116,0,516,849,40
1728463381856715000,1432,912,26,645,749,0
1728463381857557000,1534,685,145,776,636,0
1728463381858399000,1591,466,320,885,514,0
1728463381859249000,1605,279,490,967,386,0
1728463381860091000,1511,224,729,1088,266,98
1728463381860933000,1378,0,983,1070,241,258
1728463381861775000,1250,0,1195,1080,82,418
1728463381862616000,1057,0,1389,1017,16,569
1728463381863458000,855,37,1560,922,0,706
1728463381864300000,627,160,1673,803,0,832
1728463381865142000,427,320,1728,658,2,952
1728463381865984000,281,516,1713,559,56,1039
1728463381866826000,69,730,1641,400,162,1088
1728463381867668000,0,941,1505,242,281,1107
1728463381868510000,0,1157,1333,133,409,1095
1728463381869352000,0,1346,1134,32,522,1002
1728463381870194000,5,1480,1011,0,670,920
1728463381871036000,145,1592,721,0,736,866
1728463381871878000,320,1632,453,0,825,637
1728463381872742000,517,1623,264,45,898,474
1728463381873584000,733,1541,102,136,932,344
1728463381874426000,947,1429,0,253,927,226
1728463381875268000,1147,1263,0,404,897,98
1728463381876110000,1313,1034,0,556,813,11
1728463381876952000,1460,822,44,679,715,0
1728463381877794000,1559,629,194,802,591,0
1728463381878636000,1600,426,372,913,480,0
1728463381879479000,1495,221,609,1051,351,71
1728463381880321000,1439,85,789,1007,234,185
1728463381881163000,1329,33,1070,1056,133,312
1728463381882005000,1198,0,1255,1070,65,457
1728463381882847000,1003,0,1436,1000,0,613
1728463381883689000,794,58,1600,887,0,741
1728463381884531000,576,192,1689,765,0,862
1728463381885373000,369,365,1732,616,17,969
1728463381886212000,199,576,1687,458,87,1037
1728463381887054000,64,851,1610,338,202,1080
1728463381887896000,0,979,1468,218,357,1100
1728463381888738000,0,1189,1280,117,467,1064
1728463381889580000,0,1316,1065,43,594,983
1728463381890422000,47,1473,841,0,610,867
1728463381891264000,303,1578,637,8,740,738
1728463381892106000,378,1640,395,0,866,594
1728463381892948000,576,1607,213,63,901,434
1728463381893790000,783,1519,77,165,937,311
1728463381894633000,1000,1390,0,296,936,192
1728463381895475000,1197,1212,0,444,880,75
1728463381896316000,1352,1002,0,590,802,0
1728463381897158000,1474,791,85,712,698,0
1728463381898000000,1555,579,234,833,577,0
1728463381898842000,1601,361,392,933,448,16
1728463381899685000,1618,213,594,1016,338,0
1728463381900527000,1442,167,832,1088,234,154
1728463381901369000,1344,83,1082,1102,126,320
1728463381902210000,1155,0,1312,1054,36,491
1728463381903052000,946,5,1485,975,0,642
1728463381903894000,736,81,1628,863,0,772
1728463381904736000,514,229,1712,725,0,897
1728463381905578000,330,415,1728,576,36,991
1728463381906420000,201,613,1687,490,116,1072
1728463381907262000,10,842,1582,326,224,1117
1728463381908104000,0,1044,1419,181,352,1098
1728463381908946000,0,1249,1231,82,474,1065
1728463381909788000,0,1461,1009,0,591,960
1728463381910630000,66,1531,767,0,696,837
1728463381911472000,239,1631,622,0,833,711
1728463381912314000,421,1634,343,0,874,549
1728463381913174000,626,1594,169,88,919,407
1728463381914016000,846,1488,36,194,930,274
1728463381914858000,1047,1343,0,333,920,160
1728463381915700000,1237,1164,0,477,863,55
1728463381916541000,1403,949,0,608,778,0
1728463381917383000,1519,741,112,746,653,0
1728463381918225000,1585,517,285,861,530,0
1728463381919067000,1600,305,456,962,386,15
1728463381919909000,1674,156,741,1042,270,116
1728463381920751000,1500,29,890,1144,185,261
1728463381921593000,1208,0,1173,1120,90,402
1728463381922435000,1102,0,1356,1036,29,533
1728463381923277000,896,10,1524,946,0,682
1728463381924119000,679,124,1649,832,0,807
1728463381924961000,471,271,1724,696,0,926
1728463381925803000,285,463,1721,542,50,1019
1728463381926644000,127,682,1634,396,151,1146
1728463381927486000,10,886,1523,277,261,1104
1728463381928328000,0,1102,1359,162,389,1075
1728463381929170000,0,1354,1160,74,509,1023
1728463381930012000,42,1503,935,0,611,903
1728463381930854000,114,1465,698,0,785,791
1728463381931696000,289,1589,473,0,844,666
1728463381932538000,472,1631,293,13,882,508
1728463381933380000,672,1568,133,110,928,373
1728463381934222000,898,1458,2,226,943,242
1728463381935064000,1110,1307,1,368,901,125
1728463381935906000,1282,1111,0,514,842,46
1728463381936747000,1417,890,26,645,741,0
1728463381937589000,1530,686,149,766,625,2
1728463381938431000,1592,482,330,874,493,0
1728463381939273000,1594,287,591,979,392,37
1728463381940121000,1519,109,668,1039,266,251
1728463381940963000,1472,39,962,1073,157,180
1728463381941805000,1242,0,1205,1072,66,383
1728463381942647000,1041,0,1415,1029,10,576
1728463381943488000,838,26,1565,919,0,711
1728463381944330000,623,157,1676,789,0,845
1728463381945172000,416,321,1733,656,0,937
1728463381946014000,237,513,1711,506,75,1041
1728463381946856000,165,722,1634,360,162,1098
1728463381947698000,0,947,1504,293,285,1103
1728463381948540000,0,1151,1332,162,417,1088
1728463381949381000,0,1340,1113,70,539,1024
1728463381950223000,0,1482,901,0,627,899
1728463381951065000,117,1591,660,0,741,801
1728463381951907000,301,1641,460,0,835,634
1728463381952749000,523,1628,242,31,903,484
1728463381953604000,744,1546,98,136,927,330
1728463381954446000,946,1416,0,272,930,204
1728463381955287000,1154,1254,0,404,897,113
1728463381956129000,1328,1066,0,548,821,28
1728463381956970000,1455,850,50,687,711,0
1728463381957812000,1567,621,199,815,609,0
1728463381958654000,1600,418,370,917,480,0
1728463381959496000,1583,197,583,1001,338,53
1728463381960338000,1482,73,811,1048,194,160
1728463381961180000,1472,0,1093,1090,113,300
1728463381962022000,1235,0,1253,1053,64,461
1728463381962863000,994,0,1446,992,0,609
1728463381963705000,786,71,1600,889,0,738
1728463381964547000,565,192,1689,757,0,872
1728463381965389000,370,366,1728,608,10,971
1728463381966231000,207,579,1696,463,98,1050
1728463381967081000,49,792,1656,340,201,1102
1728463381967923000,0,1008,1447,210,324,1165
1728463381968764000,0,1205,1271,111,442,1103
1728463381969606000,0,1381,1025,28,570,1023
1728463381970448000,85,1511,811,0,650,797
1728463381971290000,157,1714,577,11,788,681
1728463381972132000,377,1664,388,0,853,588
1728463381972974000,576,1608,210,54,906,439
1728463381973816000,789,1511,64,170,933,305
1728463381974658000,1006,1380,0,298,925,183
1728463381975500000,1193,1207,0,452,881,73
1728463381976341000,1357,996,0,589,795,0
1728463381977183000,1472,798,82,714,690,0
1728463381978025000,1548,564,237,837,564,0
1728463381978867000,1592,368,430,937,450,1
1728463381979709000,1525,203,649,1010,320,105
1728463381980610000,1455,47,868,1045,221,192
1728463381981452000,1319,17,1194,1070,151,357
1728463381982294000,1136,0,1327,1050,36,498
1728463381983136000,939,0,1485,975,0,637
1728463381983978000,730,94,1623,860,0,776
1728463381984820000,515,244,1716,719,0,901
1728463381985662000,320,423,1731,576,34,1000
1728463381986504000,157,631,1676,425,126,1067
1728463381987346000,32,832,1573,305,277,1101
1728463381988188000,0,1040,1425,186,340,1102
1728463381989030000,0,1248,1231,90,466,1049
1728463381989872000,0,1400,1010,9,554,960
1728463381990713000,196,1530,826,11,671,835
1728463381991555000,299,1615,533,34,786,698
1728463381992397000,427,1634,341,10,874,548
1728463381993239000,632,1586,175,76,912,406
1728463381994035000,843,1495,36,208,936,272
1728463381994877000,1063,1330,0,343,926,146
1728463381995719000,1240,1152,0,482,862,50
1728463381996560000,1402,946,2,612,767,0
1728463381997402000,1500,727,98,745,658,0
1728463381998244000,1592,517,274,870,538,0
1728463381999086000,1600,320,465,960,417,18
1728463381999928000,1528,244,672,1072,298,68
1728463382000770000,1434,0,922,1055,269,220
1728463382001612000,1257,0,1131,1072,162,370
1728463382002453000,1095,0,1359,1031,21,547
1728463382003295000,895,13,1527,945,0,673
1728463382004137000,668,128,1661,832,0,814
1728463382004979000,464,286,1718,680,0,927
1728463382005821000,282,474,1720,533,49,1017
1728463382006663000,109,681,1663,394,151,1080
1728463382007515000,0,898,1535,266,272,1115
1728463382008356000,0,1114,1374,153,383,1095
1728463382009198000,0,1301,1174,65,517,1028
1728463382010039000,0,1412,1035,0,649,952
1728463382010881000,109,1603,770,0,734,810
1728463382011723000,296,1587,401,0,815,737
1728463382012565000,482,1631,288,23,888,502
1728463382013407000,686,1557,126,109,925,372
1728463382014249000,901,1449,5,233,929,244
1728463382015091000,1112,1290,0,373,912,118
1728463382015933000,1282,1106,0,519,835,37
1728463382016774000,1433,869,11,657,719,0
1728463382017616000,1546,661,170,767,613,0
1728463382018458000,1602,458,341,892,494,0
1728463382019300000,1587,258,547,986,380,34
1728463382020142000,1444,107,765,1091,271,202
1728463382021008000,1347,4,990,1020,156,272
1728463382021849000,1208,10,1216,1033,71,452
1728463382022691000,1033,0,1415,1017,2,576
1728463382023533000,836,34,1563,919,0,709
1728463382024375000,626,161,1676,790,0,847
1728463382025217000,411,330,1730,654,0,946
1728463382026059000,234,528,1728,500,78,1040
1728463382026901000,87,737,1624,354,175,1088
1728463382027743000,0,1020,1491,242,294,1089
1728463382028585000,0,1194,1320,142,419,1072
1728463382029427000,0,1316,1102,50,577,1009
1728463382030269000,37,1419,882,7,687,900
1728463382031111000,174,1555,659,0,690,771
1728463382031953000,456,1601,482,0,804,613
1728463382032795000,529,1613,241,25,893,471
1728463382033637000,738,1550,90,137,934,330
1728463382034476000,961,1417,0,273,933,206
1728463382035318000,1160,1256,0,405,892,106
1728463382036160000,1344,1054,0,555,818,17
1728463382037002000,1437,824,64,678,718,0
1728463382037844000,1556,614,199,818,601,0
1728463382038686000,1600,417,394,904,459,0
1728463382039528000,1578,247,598,988,356,71
1728463382040370000,1532,93,788,1051,239,122
1728463382041212000,1367,79,1049,1109,142,285
1728463382042054000,1229,82,1258,1077,50,437
1728463382042895000,986,0,1458,996,0,608
1728463382043737000,782,64,1600,890,0,754
1728463382044579000,564,197,1692,752,0,877
1728463382045421000,367,378,1732,610,16,977
1728463382046263000,183,576,1700,463,98,1057
1728463382047105000,33,788,1592,359,209,1103
1728463382047955000,0,1005,1454,204,320,1102
1728463382048797000,0,1212,1269,98,457,1061
1728463382049639000,0,1380,1054,30,570,992
1728463382050481000,52,1588,832,0,679,866
1728463382051323000,188,1600,712,0,786,747
1728463382052165000,365,1669,474,0,885,569
1728463382053007000,594,1607,192,54,927,434
1728463382053849000,796,1514,53,178,930,299
1728463382054691000,1004,1374,5,306,922,178
1728463382055533000,1208,1191,0,454,882,77
1728463382056375000,1376,996,0,591,798,5
1728463382057217000,1493,766,92,722,673,0
1728463382058059000,1574,549,247,854,540,0
1728463382058901000,1600,346,434,943,429,10
1728463382059743000,1565,197,653,1023,313,101
1728463382060585000,1393,53,919,1116,209,237
1728463382061434000,1281,5,1098,1030,110,354
1728463382062276000,1128,9,1315,1016,29,538
1728463382063118000,939,1,1504,969,0,646
1728463382063960000,718,97,1635,857,0,786
1728463382064802000,516,235,1707,722,0,905
1728463382065644000,320,431,1732,568,31,996
1728463382066486000,144,637,1687,424,122,1077
1728463382067328000,30,948,1551,298,245,1095
1728463382068170000,0,1122,1410,176,352,1090
1728463382069011000,0,1317,1219,83,481,1042
1728463382069853000,0,1402,999,16,628,962
1728463382070695000,116,1487,759,6,730,832
1728463382071537000,242,1591,538,0,737,689
1728463382072379000,537,1623,389,20,840,522
1728463382073221000,645,1580,157,86,932,395
1728463382074063000,856,1486,29,203,936,270
1728463382074910000,1057,1334,2,338,913,137
1728463382075752000,1240,1144,0,491,857,50
1728463382076593000,1410,928,1,637,774,0
1728463382077435000,1529,724,125,749,661,0
1728463382078277000,1583,514,290,875,541,0
1728463382079119000,1590,312,480,960,400,29
1728463382079961000,1546,151,698,1034,298,125
1728463382080803000,1418,70,928,1070,173,182
1728463382081645000,1266,79,1158,1113,90,352
1728463382082487000,1124,64,1359,1038,21,538
1728463382083329000,878,13,1542,937,0,690
1728463382084171000,670,133,1658,824,0,814
1728463382085013000,455,282,1726,682,0,930
1728463382085855000,266,482,1709,522,57,1026
1728463382086697000,114,698,1664,386,142,1088
1728463382087539000,0,906,1551,306,265,1111
1728463382088389000,0,1125,1361,134,389,1097
1728463382089231000,0,1299,1167,48,505,1031
1728463382090073000,0,1466,946,0,618,928
1728463382090915000,114,1546,824,0,761,810
1728463382091757000,284,1639,576,0,860,670
1728463382092599000,482,1630,183,5,863,597
1728463382093441000,696,1563,128,114,935,364
1728463382094283000,910,1450,0,239,941,242
1728463382095125000,1109,1288,0,373,896,119
1728463382095967000,1290,1112,0,530,836,28
1728463382096809000,1448,887,30,661,745,0
1728463382097651000,1548,644,162,786,630,0
1728463382098492000,1600,458,340,896,482,0
1728463382099334000,1580,266,551,984,370,37
1728463382100176000,1518,104,764,1058,269,146
1728463382101018000,1294,9,1029,1134,151,322
1728463382101879000,1182,0,1229,1044,81,405
1728463382102721000,992,5,1402,969,10,598
1728463382103563000,824,34,1576,918,0,716
1728463382104405000,608,162,1677,785,0,850
1728463382105247000,407,341,1728,642,6,960
1728463382106089000,232,527,1707,496,90,1039
1728463382106931000,75,745,1634,359,174,1100
1728463382107773000,0,966,1487,239,301,1088
1728463382108615000,0,1244,1305,132,423,1066
1728463382109457000,0,1383,1098,50,547,992
1728463382110299000,42,1516,877,0,653,892
1728463382111141000,158,1479,625,0,838,743
1728463382111983000,342,1579,424,5,890,608
1728463382112825000,535,1589,226,23,855,466
1728463382113667000,756,1545,82,137,945,320
1728463382114509000,964,1414,0,273,936,202
1728463382115346000,1161,1249,0,416,894,96
1728463382116187000,1331,1042,0,554,808,14
1728463382117029000,1475,836,64,690,719,0
1728463382117871000,1540,613,213,805,586,0
1728463382118713000,1594,420,388,923,466,0
1728463382119555000,1567,237,608,1011,345,66
1728463382120397000,1473,79,805,1063,240,181
1728463382121239000,1377,0,1001,1079,157,372
1728463382122080000,1250,21,1222,1050,46,378
1728463382122922000,989,0,1426,983,0,545
1728463382123764000,767,68,1613,892,0,745
1728463382124606000,552,196,1703,758,0,880
1728463382125448000,360,381,1728,596,18,983
1728463382126290000,181,587,1693,455,106,1052
1728463382127132000,37,796,1602,334,210,1104
1728463382127974000,21,1006,1455,206,320,1107
1728463382128832000,0,1209,1268,161,448,1059
1728463382129673000,0,1387,1049,57,570,981
1728463382130515000,50,1514,815,0,677,869
1728463382131357000,186,1640,598,0,778,756
1728463382132199000,374,1651,372,0,872,559
1728463382133041000,578,1586,309,64,949,450
1728463382133883000,802,1522,53,165,935,306
1728463382134726000,1022,1378,0,308,933,169
1728463382135568000,1208,1191,0,459,874,74
1728463382136409000,1370,988,0,594,789,4
1728463382137251000,1501,773,90,714,677,0
1728463382138093000,1579,523,261,844,562,0
1728463382138935000,1591,341,448,949,441,9
1728463382139777000,1556,178,667,1025,320,97
1728463382140619000,1484,49,899,1076,210,213
1728463382141461000,1284,0,1095,1155,97,391
1728463382142307000,1042,0,1326,1112,23,564
1728463382143149000,869,0,1524,997,0,650
1728463382143991000,715,96,1639,857,0,778
1728463382144833000,495,238,1722,719,0,905
1728463382145675000,320,430,1720,562,47,1008
1728463382146517000,154,645,1673,425,124,1073
1728463382147359000,9,850,1575,299,234,1103
1728463382148201000,0,1063,1386,187,366,1138
1728463382149043000,0,1257,1197,76,485,1029
1728463382149885000,0,1423,981,10,602,936
1728463382150727000,90,1590,758,0,707,832
1728463382151569000,280,1666,510,0,823,673
1728463382152411000,420,1543,321,8,933,535
1728463382153253000,649,1545,167,78,853,388
1728463382154095000,855,1487,16,202,937,269
1728463382154937000,1075,1327,0,345,915,138
1728463382155782000,1248,1145,0,493,853,42
1728463382156624000,1401,927,13,632,762,0
1728463382157466000,1528,714,127,756,658,0
1728463382158308000,1575,514,290,853,521,2
1728463382159150000,1592,315,496,961,408,33
1728463382159992000,1533,138,713,1045,306,129
1728463382160834000,1431,26,921,1065,182,282
1728463382161676000,1280,9,1118,1064,114,450
1728463382162518000,1109,16,1323,1024,41,597
1728463382163359000,914,22,1501,936,0,626
1728463382164201000,653,132,1667,814,0,825
1728463382165043000,454,296,1728,676,0,933
1728463382165885000,269,485,1713,525,64,1026
1728463382166727000,110,714,1658,381,153,1095
1728463382167569000,0,919,1537,261,276,1108
1728463382168411000,53,1116,1367,156,381,1088
1728463382169271000,38,1299,1158,98,514,1029
1728463382170113000,0,1460,930,14,618,927
1728463382170955000,117,1583,705,0,724,802
1728463382171797000,254,1639,471,0,832,670
1728463382172639000,469,1681,282,1,892,485
1728463382173481000,690,1546,207,101,941,354
1728463382174323000,907,1446,2,245,938,229
1728463382175165000,1120,1282,0,380,911,114
1728463382176007000,1305,1088,0,523,832,31
1728463382176848000,1439,876,41,668,736,0
1728463382177690000,1540,648,169,791,625,0
1728463382178532000,1602,457,333,898,501,0
1728463382179374000,1579,257,546,989,366,37
1728463382180216000,1507,109,777,1053,253,162
1728463382181058000,1402,0,1002,1088,141,290
1728463382181900000,1342,0,1282,1080,34,427
1728463382182745000,1130,0,1445,1014,0,576
1728463382183587000,706,40,1554,978,0,738
1728463382184429000,600,165,1680,786,0,855
1728463382185271000,402,341,1730,639,2,960
1728463382186113000,224,545,1715,489,85,1039
1728463382186955000,78,759,1615,359,186,1103
1728463382187797000,0,970,1500,228,296,1113
1728463382188639000,0,1175,1304,125,415,1146
1728463382189481000,0,1350,1083,42,546,1054
1728463382190323000,45,1501,866,0,651,887
1728463382191165000,165,1655,630,0,753,737
1728463382192007000,369,1719,407,5,848,570
1728463382192849000,526,1520,229,41,974,448
1728463382193691000,756,1488,84,146,876,322
1728463382194533000,970,1410,0,280,931,192
1728463382195375000,1168,1235,0,421,893,88
1728463382196218000,1345,1039,0,559,824,13
1728463382197060000,1476,820,64,696,701,0
1728463382197902000,1568,602,207,824,592,0
1728463382198743000,1587,399,393,914,466,2
1728463382199585000,1560,234,602,997,334,90
1728463382200427000,1492,82,832,1063,242,186
1728463382201269000,1344,0,1123,1091,138,334
1728463382202111000,1172,5,1325,1055,37,565
1728463382202953000,975,0,1387,986,0,705
1728463382203795000,781,81,1572,885,0,797
1728463382204637000,549,210,1705,750,0,890
1728463382205479000,353,377,1730,610,21,992
1728463382206321000,186,592,1700,449,101,1067
1728463382207163000,46,818,1596,329,215,1102
1728463382208005000,0,1015,1447,207,335,1105
1728463382208847000,21,1205,1258,98,444,1059
1728463382209698000,64,1377,1037,31,557,974
1728463382210540000,105,1524,816,0,671,856
1728463382211382000,215,1602,576,52,773,728
1728463382212224000,321,1629,393,23,856,576
1728463382213066000,569,1592,165,20,907,442
1728463382213908000,800,1514,52,174,930,296
1728463382214750000,1022,1370,5,309,919,171
1728463382215592000,1217,1195,0,457,866,66
1728463382216433000,1382,983,0,601,789,0
1728463382217275000,1504,761,107,731,685,0
1728463382218117000,1576,548,249,849,559,0
1728463382218959000,1607,360,452,946,423,0
1728463382219801000,1553,185,685,1023,312,90
1728463382220643000,1440,18,897,1072,213,221
1728463382221485000,1318,0,1136,1082,162,363
1728463382222326000,1127,0,1336,1071,66,504
1728463382223174000,935,0,1512,967,0,642
1728463382224016000,711,79,1640,855,0,797
1728463382224858000,496,245,1722,706,0,913
1728463382225700000,313,440,1731,565,53,1002
1728463382226542000,143,642,1671,427,133,1074
1728463382227384000,21,864,1564,292,246,1113
1728463382228226000,0,1080,1404,178,357,1104
1728463382229068000,0,1270,1206,79,490,1037
1728463382229910000,0,1424,1052,8,614,954
1728463382230752000,98,1550,778,0,713,834
1728463382231594000,249,1625,461,0,793,770
1728463382232436000,455,1651,276,0,905,593
1728463382233278000,704,1595,113,82,913,320
1728463382234120000,866,1518,23,210,927,249
1728463382234962000,1074,1328,2,348,918,139
1728463382235804000,1255,1136,0,495,853,50
1728463382236659000,1414,937,25,628,758,0
1728463382237501000,1532,713,139,761,654,0
1728463382238343000,1585,491,299,871,521,0
1728463382239185000,1590,293,503,967,393,23
1728463382240027000,1511,139,746,1035,282,133
1728463382240869000,1407,31,960,1069,184,253
1728463382241710000,1237,0,1174,1035,96,418
1728463382242552000,1042,34,1388,1003,9,552
1728463382243394000,851,9,1534,922,0,672
1728463382244236000,645,138,1699,816,0,821
1728463382245078000,437,293,1728,674,0,940
1728463382245920000,261,485,1714,520,66,1026
1728463382246762000,110,704,1651,389,154,1080
1728463382247604000,0,915,1531,261,273,1113
1728463382248446000,0,1129,1353,146,399,1089
1728463382249288000,0,1349,1141,56,515,1019
1728463382250135000,31,1441,914,0,699,913
1728463382250977000,130,1548,699,0,762,794
1728463382251818000,298,1578,455,0,862,635
1728463382252660000,485,1588,277,4,832,485
1728463382253502000,783,1556,139,117,908,341
1728463382254344000,918,1428,0,252,943,229
1728463382255186000,1127,1277,0,383,901,116
1728463382256028000,1301,1089,0,533,839,23
1728463382256870000,1442,864,41,665,733,0
1728463382257712000,1548,641,162,794,619,0
1728463382258554000,1602,448,346,898,497,0
1728463382259396000,1573,266,564,992,373,50
1728463382260238000,1514,101,760,1055,266,158
1728463382261080000,1394,4,997,1076,156,294
1728463382261922000,1231,107,1202,1075,72,388
1728463382262764000,1028,90,1413,1045,29,561
1728463382263612000,837,98,1554,909,37,707
1728463382264454000,597,165,1684,772,0,855
1728463382265296000,394,350,1730,629,10,960
1728463382266138000,217,549,1706,486,85,1046
1728463382266980000,70,762,1626,348,183,1100
1728463382267822000,0,985,1490,238,306,1107
1728463382268664000,0,1178,1322,138,425,1078
1728463382269506000,0,1348,1091,34,550,1005
1728463382270348000,41,1498,869,0,654,895
1728463382271190000,174,1603,640,0,761,757
1728463382272032000,330,1619,523,0,849,610
1728463382272874000,542,1649,293,26,914,455
1728463382273716000,762,1516,2,142,948,399
1728463382274558000,976,1400,0,282,933,196
1728463382275400000,1168,1233,0,423,893,90
1728463382276242000,1346,1033,0,562,810,18
1728463382277195000,1478,819,81,698,698,0
1728463382278037000,1559,594,217,832,583,0
1728463382278879000,1604,392,392,928,448,0
1728463382279721000,1567,207,612,1009,322,70
1728463382280563000,1477,69,843,1057,229,202
1728463382281405000,1336,0,1059,1084,133,335
1728463382282247000,1093,0,1301,1092,31,531
1728463382283088000,915,0,1496,1018,0,621
1728463382283930000,720,69,1601,824,0,741
1728463382284772000,541,208,1693,743,0,885
1728463382285614000,349,397,1731,587,21,994
1728463382286456000,170,613,1694,450,106,1066
1728463382287298000,55,814,1600,327,226,1102
1728463382288140000,0,1035,1455,199,329,1109
1728463382288981000,0,1231,1252,97,452,1042
1728463382289823000,0,1404,1027,23,578,960
1728463382290571000,79,1600,804,0,682,861
1728463382291413000,225,1600,581,0,816,723
1728463382292255000,393,1558,370,17,904,550
1728463382293097000,596,1557,186,57,859,417
1728463382293939000,925,1497,93,184,911,303
1728463382294781000,1021,1361,0,314,924,160
1728463382295623000,1208,1175,0,463,869,64
1728463382296464000,1386,975,0,616,790,0
1728463382297306000,1509,757,107,725,672,0
1728463382298148000,1578,545,260,858,555,0
1728463382298990000,1582,331,455,960,442,17
1728463382299832000,1540,175,670,1009,308,106
1728463382300674000,1460,58,906,1064,213,226
1728463382301516000,1309,0,1144,1081,106,335
1728463382302358000,1095,117,1301,1049,43,479
1728463382303200000,941,89,1496,975,0,634
1728463382304046000,680,28,1638,832,64,768
1728463382304888000,490,250,1715,708,0,914
1728463382305730000,297,450,1728,548,42,1018
1728463382306572000,132,671,1675,416,136,1084
1728463382307414000,23,874,1558,293,261,1112
1728463382308256000,0,1090,1399,169,364,1103
1728463382309098000,0,1281,1204,70,488,1044
1728463382309940000,0,1439,971,0,602,946
1728463382310782000,103,1558,743,0,712,818
1728463382311624000,260,1625,551,0,810,681
1728463382312466000,434,1665,377,2,880,517
1728463382313309000,651,1555,74,90,937,459
1728463382314151000,930,1490,0,192,918,183
1728463382314993000,1088,1325,0,349,917,133
1728463382315835000,1252,1128,0,501,843,42
1728463382316677000,1420,917,14,648,760,0
1728463382317531000,1530,708,148,759,640,0
1728463382318372000,1594,497,306,878,509,0
1728463382319214000,1592,286,506,960,376,25
1728463382320056000,1534,137,736,1038,274,132
1728463382320898000,1383,23,970,1074,162,269
1728463382321740000,1252,0,1201,1088,85,410
1728463382322582000,1021,0,1399,1023,10,545
1728463382323424000,832,26,1534,896,0,719
1728463382324266000,629,202,1690,792,0,824
1728463382325108000,434,296,1729,679,0,941
1728463382325950000,256,498,1720,514,68,1032
1728463382326792000,104,714,1651,388,156,1088
1728463382327634000,0,924,1529,265,285,1110
1728463382328476000,0,1131,1351,151,402,1093
1728463382329318000,0,1315,1127,50,525,1005
1728463382330159000,23,1538,920,0,626,903
1728463382331009000,138,1600,681,0,759,778
1728463382331851000,305,1607,458,0,868,641
1728463382332693000,527,1586,270,25,805,485
1728463382333536000,832,1564,153,133,891,332
1728463382334378000,802,1412,0,327,917,257
1728463382335220000,1129,1288,0,381,897,121
1728463382336061000,1318,1082,2,536,828,20
1728463382336903000,1450,872,49,672,730,0
1728463382337745000,1552,641,177,797,612,0
1728463382338587000,1600,442,349,904,490,0
1728463382339429000,1560,241,567,983,362,58
1728463382340271000,1498,106,791,1053,257,165
1728463382341113000,1372,0,1009,1081,149,293
1728463382341954000,1219,0,1230,1072,64,437
1728463382342796000,1082,23,1396,1005,4,497
1728463382343638000,783,141,1572,916,0,689
1728463382344490000,621,266,1674,808,2,835
1728463382345332000,393,343,1731,637,2,963
1728463382346174000,205,549,1717,482,92,1053
1728463382347016000,66,766,1615,349,194,1102
1728463382347858000,0,977,1481,229,308,1104
1728463382348700000,0,1189,1301,122,434,1073
1728463382349542000,0,1349,1085,85,546,997
1728463382350384000,26,1497,855,0,660,887
1728463382351226000,171,1594,625,0,758,748
1728463382352068000,341,1640,422,0,849,610
1728463382352910000,546,1592,335,33,935,476
1728463382353752000,751,1522,0,138,909,414
1728463382354594000,988,1401,0,277,944,241
1728463382355436000,1178,1233,0,422,890,93
1728463382356278000,1356,1021,0,570,803,13
1728463382357120000,1479,807,73,704,698,0
1728463382357966000,1562,584,229,826,578,0
1728463382358808000,1596,389,413,929,453,0
1728463382359650000,1571,201,632,1016,320,72
1728463382360492000,1478,64,863,1065,238,192
1728463382361334000,1338,0,1082,1082,129,338
1728463382362176000,1152,0,1299,1061,44,487
1728463382363017000,885,0,1504,1026,0,657
1728463382363859000,685,78,1627,791,0,752
1728463382364701000,489,200,1696,704,0,901
1728463382365543000,340,400,1732,588,26,994
1728463382366385000,167,616,1690,441,113,1060
1728463382367227000,37,820,1586,322,218,1103
1728463382368069000,0,1037,1449,194,337,1099
1728463382368911000,0,1241,1253,98,465,1059
1728463382369753000,0,1407,1018,23,583,952
1728463382370595000,74,1525,787,0,682,832
1728463382371446000,228,1674,564,0,794,704
1728463382372288000,406,1678,357,0,866,565
1728463382373130000,596,1526,170,94,968,405
1728463382373972000,813,1473,42,176,893,277
1728463382374814000,1121,1351,34,321,909,154
1728463382375656000,1219,1173,0,463,869,64
1728463382376498000,1386,960,0,612,786,0
1728463382377339000,1528,754,93,736,682,0
1728463382378181000,1581,537,261,863,543,0
1728463382379023000,1592,334,463,960,421,17
1728463382379865000,1536,177,671,1013,320,109
1728463382380707000,1454,45,905,1070,203,227
1728463382381549000,1298,5,1103,1077,101,378
1728463382382391000,1122,0,1334,1053,30,517
1728463382383232000,922,9,1448,946,18,721
1728463382384074000,736,129,1600,820,0,724
1728463382384931000,452,383,1685,720,10,853
1728463382385773000,295,448,1728,551,39,1013
1728463382386615000,133,666,1672,408,130,1080
1728463382387457000,8,888,1561,286,248,1113
1728463382388299000,0,1090,1392,171,378,1100
1728463382389140000,0,1285,1185,73,504,1049
1728463382389982000,64,1434,970,0,591,946
1728463382390824000,81,1556,741,16,705,810
1728463382391666000,253,1615,519,0,808,673
1728463382392508000,448,1642,320,0,880,537
1728463382393350000,654,1593,133,82,933,362
1728463382394192000,885,1472,98,224,978,261
1728463382395034000,1092,1316,0,345,895,229
1728463382395876000,1276,1119,0,501,844,36
1728463382396717000,1421,921,23,642,754,0
1728463382397559000,1543,686,136,773,653,0
1728463382398403000,1590,479,320,875,513,0
1728463382399245000,1585,293,514,976,394,30
1728463382400087000,1530,122,726,1050,288,138
1728463382400929000,1419,15,963,1072,161,270
1728463382401771000,1267,0,1205,1075,75,413
1728463382402612000,1065,0,1395,1033,0,549
1728463382403454000,930,8,1548,923,0,704
1728463382404296000,565,133,1668,861,0,874
1728463382405138000,394,287,1713,612,0,927
1728463382405980000,244,500,1728,517,68,1034
1728463382406822000,98,717,1640,381,170,1095
1728463382407664000,0,933,1522,253,271,1107
1728463382408506000,0,1137,1349,148,405,1088
1728463382409348000,0,1318,1136,64,532,1017
1728463382410190000,26,1472,895,0,629,961
1728463382411032000,149,1581,665,2,736,762
1728463382411884000,309,1638,453,0,832,618
1728463382412726000,509,1659,253,25,901,487
1728463382413569000,700,1472,96,119,994,351
1728463382414411000,956,1400,4,245,857,221
1728463382415253000,1264,1233,22,394,862,106
1728463382416095000,1315,1076,4,531,821,23
1728463382416937000,1462,876,49,673,719,0
1728463382417779000,1560,645,184,798,613,0
1728463382418620000,1600,434,361,907,484,0
1728463382419462000,1578,252,578,988,362,58
1728463382420304000,1500,107,799,1045,257,158
1728463382421146000,1372,13,1029,1071,157,320
1728463382421988000,1193,2,1241,1053,74,452
1728463382422830000,997,0,1444,1005,0,593
1728463382423672000,802,37,1487,886,0,815
1728463382424514000,608,180,1658,767,8,908
1728463382425368000,389,356,1687,613,9,919
1728463382426210000,218,562,1710,480,97,1051
1728463382427052000,69,772,1616,354,194,1104
1728463382427894000,0,992,1485,218,309,1109
1728463382428736000,0,1192,1292,122,434,1070
1728463382429578000,0,1378,1075,36,562,1006
1728463382430420000,127,1497,859,0,660,884
1728463382431262000,226,1600,615,42,765,749
1728463382432104000,349,1632,408,10,843,591
1728463382432946000,540,1620,217,20,909,455
1728463382433788000,745,1589,85,130,935,311
1728463382434630000,975,1386,93,266,945,199
1728463382435472000,1177,1237,78,421,917,87
1728463382436313000,1350,1022,0,576,802,5
1728463382437155000,1484,806,70,701,698,0
1728463382437997000,1574,583,228,832,576,0
1728463382438837000,1601,383,417,928,457,0
1728463382439679000,1561,199,629,1022,331,85
1728463382440521000,1484,73,866,1056,226,192
1728463382441363000,1327,0,1088,1075,117,321
1728463382442204000,1145,0,1279,1052,42,474
1728463382443045000,971,0,1477,989,11,628
1728463382443887000,733,46,1610,860,0,762
1728463382444729000,655,194,1740,740,0,882
1728463382445571000,234,404,1724,661,17,1001
1728463382446413000,170,608,1683,442,122,1070
1728463382447255000,34,832,1585,320,217,1107
1728463382448097000,0,1038,1443,207,346,1106
1728463382448939000,0,1231,1248,102,474,1057
1728463382449780000,0,1411,1016,17,591,978
1728463382450622000,79,1533,864,0,685,849
1728463382451464000,216,1612,593,0,785,751
1728463382452314000,420,1627,335,2,870,597
1728463382453156000,624,1601,151,64,922,444
1728463382453998000,806,1623,21,202,953,235
1728463382454840000,1090,1418,0,327,918,117
1728463382455682000,1212,1094,0,468,929,46
1728463382456523000,1389,961,0,610,772,0
1728463382457365000,1508,747,117,740,670,0
1728463382458207000,1577,532,269,857,549,0
1728463382459049000,1593,333,461,952,421,18
1728463382459891000,1543,168,686,1038,300,105
1728463382460733000,1418,42,926,1079,205,242
1728463382461575000,1281,0,1146,1084,101,376
1728463382462417000,1112,0,1334,1028,29,528
1728463382463259000,899,5,1522,940,0,665
1728463382464101000,668,162,1657,822,1,791
1728463382464943000,463,245,1810,694,9,922
1728463382465794000,292,463,1795,537,39,1020
1728463382466636000,128,675,1674,409,139,1081
1728463382467478000,13,881,1553,284,257,1113
1728463382468320000,0,1094,1397,162,366,1101
1728463382469162000,0,1285,1194,73,496,1038
1728463382470004000,2,1452,978,5,611,942
1728463382470846000,107,1600,740,0,775,811
1728463382471687000,272,1592,500,0,855,663
1728463382472529000,461,1607,308,2,885,520
1728463382473371000,761,1567,151,98,903,374
1728463382474213000,954,1450,0,242,919,258
1728463382475055000,1030,1303,7,430,904,167
1728463382475897000,1239,1118,0,501,850,37
1728463382476738000,1423,910,25,649,753,0
1728463382477579000,1544,681,139,785,642,0
1728463382478421000,1592,477,310,877,517,0
1728463382479273000,1591,291,517,977,383,41
1728463382480115000,1520,117,745,1045,281,136
1728463382480957000,1401,13,932,1068,176,266
1728463382481799000,1259,0,1176,1062,81,412
1728463382482641000,1053,0,1366,1019,5,560
1728463382483482000,853,33,1520,919,0,729
1728463382484324000,693,146,1622,798,0,753
1728463382485166000,426,402,1709,682,0,901
1728463382486009000,242,434,1710,505,114,1022
1728463382486851000,94,719,1651,372,168,1095
1728463382487693000,0,953,1521,241,279,1125
1728463382488535000,0,1151,1345,141,413,1080
1728463382489377000,0,1326,1138,55,530,1018
1728463382490219000,26,1477,900,0,639,910
1728463382491061000,128,1577,677,0,732,777
1728463382491903000,298,1639,459,0,832,634
1728463382492761000,511,1612,258,26,901,484
1728463382493604000,719,1538,178,118,938,346
1728463382494446000,933,1404,0,253,928,299
1728463382495288000,1169,1264,0,393,928,165
1728463382496130000,1315,1063,0,537,824,0
1728463382496971000,1472,847,49,676,726,0
1728463382497813000,1552,629,185,809,610,0
1728463382498655000,1600,419,358,907,481,0
1728463382499497000,1569,240,576,988,352,64
1728463382500339000,1494,90,804,1053,253,164
1728463382501181000,1373,0,1033,1088,137,302
1728463382502023000,1208,0,1245,1065,64,461
1728463382502864000,1003,0,1441,993,0,610
1728463382503706000,696,52,1588,960,0,756
1728463382504548000,503,168,1728,803,0,868
1728463382505390000,336,356,1717,576,1,997
1728463382506235000,193,562,1702,466,93,1048
1728463382507077000,64,770,1618,346,199,1100
1728463382507919000,0,1001,1479,218,314,1119
1728463382508761000,0,1194,1292,117,440,1070
1728463382509603000,0,1372,1076,36,561,992
1728463382510445000,57,1508,847,0,670,889
1728463382511287000,186,1684,614,0,764,731
1728463382512129000,373,1691,398,0,843,587
1728463382512971000,568,1600,215,50,949,443
1728463382513813000,788,1506,56,142,894,320
1728463382514655000,1096,1395,26,290,907,173
1728463382515497000,1250,1210,0,466,873,85
1728463382516339000,1347,1010,0,581,806,9
1728463382517181000,1496,802,82,698,696,0
1728463382518023000,1576,581,234,835,578,0
1728463382518865000,1589,375,420,927,448,1
1728463382519709000,1562,205,627,1008,333,90
1728463382520551000,1473,64,861,1065,215,193
1728463382521393000,1321,0,1088,1074,120,338
1728463382522235000,1162,0,1275,1055,49,491
1728463382523077000,960,0,1481,969,0,641
1728463382523919000,760,80,1585,861,0,698
1728463382524761000,530,322,1687,760,9,864
1728463382525603000,334,292,1706,558,111,978
1728463382526445000,159,610,1688,448,110,1068
1728463382527287000,31,832,1598,320,234,1109
1728463382528129000,0,1053,1421,186,352,1111
1728463382528971000,0,1237,1234,85,472,1057
1728463382529813000,0,1407,1010,16,586,960
1728463382530655000,81,1535,790,2,692,850
1728463382531497000,217,1616,559,0,791,705
1728463382532339000,409,1634,348,0,864,559
1728463382533198000,618,1591,171,68,920,401
1728463382534040000,826,1528,89,178,961,278
1728463382534882000,1050,1326,0,321,922,230
1728463382535724000,1288,1178,0,461,866,0
1728463382536566000,1400,961,0,615,780,0
1728463382537408000,1520,740,109,734,671,0
1728463382538250000,1587,523,277,864,532,0
1728463382539092000,1592,334,474,952,413,23
1728463382539934000,1548,168,687,1026,305,117
1728463382540776000,1439,37,939,1074,170,229
1728463382541618000,1293,0,1158,1080,92,366
1728463382542460000,1112,0,1359,1045,23,546
1728463382543302000,876,2,1528,949,0,677
1728463382544144000,619,98,1675,870,0,808
1728463382544986000,437,258,1700,645,0,914
1728463382545828000,276,505,1735,526,42,1013
1728463382546668000,126,674,1678,402,138,1090
1728463382547510000,0,885,1551,279,257,1103
1728463382548352000,0,1099,1379,164,381,1099
1728463382549194000,0,1289,1179,66,506,1035
1728463382550035000,2,1446,962,2,608,946
1728463382550877000,116,1575,719,1,722,797
1728463382551719000,276,1667,498,0,812,656
1728463382552561000,465,1641,293,14,927,514
1728463382553403000,676,1555,130,98,944,365
1728463382554246000,1007,1436,40,242,901,250
1728463382555088000,1166,1294,23,352,884,137
1728463382555930000,1174,1110,0,566,834,82
1728463382556772000,1427,902,29,649,756,0
1728463382557614000,1541,679,142,770,641,0
1728463382558456000,1592,472,322,885,504,0
1728463382559298000,1584,281,522,975,389,36
1728463382560147000,1521,119,740,1045,276,144
1728463382560989000,1387,10,969,1053,154,269
1728463382561830000,1248,1,1193,1065,81,410
1728463382562671000,1053,0,1393,1008,14,561
1728463382563513000,856,30,1562,923,0,704
1728463382564355000,608,256,1669,824,0,805
1728463382565197000,429,285,1716,632,79,922
1728463382566039000,263,482,1707,515,111,1029
1728463382566881000,90,736,1649,369,162,1095
1728463382567723000,0,951,1517,244,289,1105
1728463382568565000,0,1156,1344,135,416,1090
1728463382569407000,0,1331,1127,50,537,1014
1728463382570249000,42,1484,905,0,648,915
1728463382571091000,144,1583,666,0,749,769
1728463382571933000,306,1632,455,0,834,627
1728463382572775000,509,1617,252,25,895,480
1728463382573631000,732,1545,132,128,927,335
1728463382574474000,946,1410,0,257,960,274
1728463382575316000,1211,1279,0,397,894,21
1728463382576158000,1315,1052,0,549,809,0
1728463382577000000,1464,852,50,683,728,0
1728463382577842000,1564,616,182,810,608,0
1728463382578684000,1596,420,365,912,480,0
1728463382579526000,1575,237,581,996,351,58
1728463382580368000,1489,86,817,1055,250,174
1728463382581210000,1368,0,1045,1077,137,303
1728463382582052000,1202,0,1262,1060,56,456
1728463382582893000,961,0,1429,999,0,605
1728463382583735000,771,52,1601,894,0,744
1728463382584577000,525,175,1705,734,0,837
1728463382585419000,353,378,1728,581,10,999
1728463382586261000,178,610,1706,456,98,1024
1728463382587112000,57,778,1612,346,196,1103
1728463382587954000,0,1005,1480,210,314,1111
1728463382588796000,0,1208,1288,111,450,1066
1728463382589638000,0,1383,1077,32,559,997
1728463382590480000,64,1504,843,0,670,880
1728463382591322000,196,1678,599,0,770,724
1728463382592164000,375,1683,394,0,846,576
1728463382593006000,565,1575,207,56,948,433
1728463382593849000,786,1506,66,158,922,305
1728463382594691000,1131,1378,52,320,900,162
1728463382595533000,1226,1184,0,526,856,85
1728463382596375000,1257,985,0,657,783,42
1728463382597216000,1497,784,76,708,692,0
1728463382598058000,1575,569,231,836,576,0
1728463382598900000,1600,363,425,941,455,2
1728463382599742000,1557,192,646,1020,320,90
1728463382600635000,1472,58,872,1070,226,202
1728463382601477000,1325,2,1081,1080,114,348
1728463382602319000,1145,0,1290,1052,42,494
1728463382603160000,939,0,1472,973,0,642
1728463382604002000,741,90,1624,865,0,757
1728463382604844000,477,328,1703,741,0,853
1728463382605686000,357,480,1728,569,32,985
1728463382606528000,138,552,1688,454,170,1058
1728463382607370000,18,840,1591,306,225,1114
1728463382608212000,0,1060,1425,184,357,1106
1728463382609053000,0,1250,1234,82,480,1060
1728463382609895000,0,1419,1003,13,587,967
1728463382610737000,84,1539,788,0,704,843
1728463382611579000,209,1609,541,13,799,700
1728463382612421000,407,1632,341,0,864,549
1728463382613263000,619,1584,178,71,916,408
1728463382614064000,835,1499,79,186,941,282
1728463382614906000,1055,1351,41,325,906,233
1728463382615748000,1228,1143,0,466,867,119
1728463382616589000,1414,962,0,612,794,49
1728463382617431000,1524,736,109,744,670,0
1728463382618273000,1585,519,278,851,530,0
1728463382619115000,1600,325,488,960,416,21
1728463382619957000,1536,151,704,1040,296,120
1728463382620799000,1436,30,932,1067,196,242
1728463382621641000,1290,0,1157,1072,79,377
1728463382622483000,1095,1,1371,1041,16,543
1728463382623325000,898,0,1525,948,0,673
1728463382624167000,676,113,1650,834,0,818
1728463382625009000,383,271,1761,725,0,937
1728463382625851000,237,461,1695,491,56,1034
1728463382626693000,100,734,1696,373,157,1082
1728463382627544000,15,895,1547,277,261,1113
1728463382628386000,0,1100,1380,170,382,1093
1728463382629228000,0,1296,1174,66,519,1034
1728463382630070000,10,1452,949,0,617,939
1728463382630912000,119,1567,722,0,728,805
1728463382631754000,282,1620,480,0,832,641
1728463382632596000,476,1713,277,14,885,498
1728463382633438000,685,1544,132,101,975,359
1728463382634280000,890,1447,8,226,933,242
1728463382635122000,1240,1289,7,373,885,114
1728463382635964000,1377,1102,10,510,818,37
1728463382636806000,1344,898,4,717,745,0
1728463382637648000,1546,672,157,783,632,0
1728463382638489000,1600,474,320,885,513,2
1728463382639331000,1594,281,533,980,378,41
1728463382640173000,1521,113,764,1047,269,146
1728463382641023000,1410,6,984,1076,169,279
1728463382641865000,1235,4,1210,1058,74,423
1728463382642707000,1050,5,1386,1014,11,576
1728463382643549000,838,31,1542,914,2,711
1728463382644391000,628,156,1671,797,0,839
1728463382645233000,407,322,1685,651,0,888
1728463382646075000,272,592,1711,509,77,1021
1728463382646917000,89,666,1621,377,245,1093
1728463382647759000,0,954,1510,247,299,1119
1728463382648601000,0,1159,1330,138,418,1080
1728463382649443000,0,1340,1122,52,546,1013
1728463382650285000,37,1490,878,0,651,910
1728463382651127000,165,1594,658,0,750,783
1728463382651969000,301,1625,437,23,837,613
1728463382652811000,511,1610,242,29,898,472
1728463382653653000,733,1545,94,122,927,343
1728463382654499000,952,1423,20,264,937,204
1728463382655341000,1161,1267,45,407,898,100
1728463382656183000,1344,1032,0,549,825,98
1728463382657025000,1483,835,0,681,730,45
1728463382657867000,1559,609,201,813,597,0
1728463382658709000,1600,405,375,919,476,2
1728463382659551000,1574,226,593,992,343,72
1728463382660393000,1487,86,824,1060,238,177
1728463382661235000,1365,0,1049,1095,148,313
1728463382662076000,1197,0,1265,1058,42,463
1728463382662918000,997,0,1455,988,0,617
1728463382663760000,789,57,1603,887,0,733
1728463382664602000,580,186,1706,765,0,887
1728463382665444000,309,369,1760,642,5,988
1728463382666286000,157,577,1680,413,82,1066
1728463382667128000,29,837,1637,306,197,1120
1728463382667979000,0,1010,1460,207,324,1113
1728463382668821000,0,1210,1282,104,442,1074
1728463382669662000,0,1380,1059,36,561,986
1728463382670504000,64,1522,847,0,672,875
1728463382671346000,201,1604,602,0,776,740
1728463382672188000,389,1634,378,0,854,565
1728463382673030000,578,1691,202,64,911,421
1728463382673872000,793,1545,56,162,933,304
1728463382674715000,1005,1361,5,292,939,177
1728463382675557000,1221,1166,0,442,805,68
1728463382676399000,1358,960,0,570,738,5
1728463382677241000,1584,765,137,720,657,0
1728463382678083000,1577,557,233,832,565,0
1728463382678925000,1607,367,433,937,437,5
1728463382679767000,1561,194,641,1017,325,103
1728463382680609000,1461,52,874,1064,218,211
1728463382681459000,1326,0,1105,1088,109,346
1728463382682300000,1127,8,1313,1042,40,503
1728463382683142000,922,0,1498,962,0,648
1728463382683984000,715,110,1620,842,0,786
1728463382684826000,496,244,1712,721,0,921
1728463382685668000,331,444,1685,554,50,1062
1728463382686510000,175,637,1666,421,110,1010
1728463382687352000,40,944,1568,322,237,1088
1728463382688194000,0,1079,1425,181,353,1110
1728463382689036000,0,1257,1236,87,482,1056
1728463382689878000,0,1416,1002,11,599,965
1728463382690720000,93,1548,781,0,693,843
1728463382691561000,245,1624,560,0,792,698
1728463382692403000,509,1623,346,1,857,548
1728463382693245000,624,1584,160,133,924,402
1728463382694088000,836,1486,37,226,925,269
1728463382694938000,1045,1336,2,325,921,146
1728463382695780000,1230,1231,21,466,866,65
1728463382696622000,1377,996,30,601,765,0
1728463382697464000,1500,709,230,736,674,0
1728463382698306000,1579,503,286,869,534,0
1728463382699148000,1592,320,474,957,413,25
1728463382699990000,1541,155,706,1036,292,113
1728463382700832000,1425,20,938,1077,192,245
1728463382701674000,1282,0,1160,1082,109,389
1728463382702516000,1097,0,1354,1034,26,535
1728463382703357000,891,5,1528,943,0,672
1728463382704199000,657,110,1649,824,0,794
1728463382705041000,466,266,1727,690,0,928
1728463382705883000,395,457,1770,546,29,1027
1728463382706725000,0,687,1650,470,138,1102
1728463382707567000,0,892,1561,321,267,1112
1728463382708422000,0,1117,1366,151,394,1102
1728463382709263000,0,1295,1168,66,506,1026
1728463382710105000,18,1454,938,0,633,922
1728463382710947000,129,1567,707,0,729,805
1728463382711789000,285,1628,482,0,821,658
1728463382712631000,478,1627,330,17,882,505
1728463382713473000,682,1560,109,107,929,402
1728463382714316000,906,1455,0,226,935,225
1728463382715158000,1111,1351,0,382,901,82
1728463382716000000,1338,1176,0,546,853,8
1728463382716842000,1440,784,18,646,824,0
1728463382717684000,1540,604,154,784,666,0
1728463382718526000,1601,463,335,895,494,0
1728463382719368000,1579,270,543,978,377,46
1728463382720210000,1514,121,773,1041,271,151
1728463382721052000,1391,13,1000,1081,154,282
1728463382721896000,1240,0,1219,1070,77,425
1728463382722737000,1028,0,1407,1003,5,576
1728463382723579000,832,40,1569,924,0,716
1728463382724421000,610,162,1684,777,0,847
1728463382725263000,405,322,1777,641,2,960
1728463382726106000,215,546,1770,498,75,1035
1728463382726948000,87,709,1565,361,193,1167
1728463382727790000,23,960,1472,237,296,1046
1728463382728632000,0,1159,1320,133,424,1090
1728463382729474000,0,1354,1112,47,546,1024
1728463382730316000,43,1481,884,0,651,901
1728463382731158000,165,1591,652,0,756,761
1728463382732000000,335,1629,434,0,839,621
1728463382732842000,631,1604,242,33,880,470
1728463382733684000,800,1531,84,138,928,325
1728463382734526000,946,1407,0,301,938,205
1728463382735383000,1135,1240,4,382,886,100
1728463382736225000,1315,1061,0,525,805,37
1728463382737067000,1455,890,74,673,722,0
1728463382737909000,1562,618,277,808,603,0
1728463382738751000,1610,409,382,914,461,0
1728463382739593000,1567,229,602,1009,346,57
1728463382740435000,1488,86,832,1053,243,186
1728463382741277000,1357,0,1060,1080,127,322
1728463382742119000,1192,0,1273,1064,64,461
1728463382742961000,985,0,1460,992,0,618
1728463382743803000,776,50,1600,885,0,747
1728463382744645000,560,178,1696,757,0,871
1728463382745487000,439,359,1739,609,1,983
1728463382746329000,256,576,1682,522,96,1076
1728463382747171000,0,796,1639,377,200,1146
1728463382748013000,0,1011,1464,177,335,1105
1728463382748861000,0,1216,1276,109,456,1074
1728463382749703000,0,1388,1050,26,572,993
1728463382750545000,72,1516,826,0,678,874
1728463382751387000,210,1610,589,0,773,732
1728463382752229000,378,1632,386,0,857,582
1728463382753071000,578,1600,183,56,911,503
1728463382753913000,808,1522,42,173,934,302
1728463382754755000,1011,1423,0,301,932,160
1728463382755597000,1216,1259,0,451,883,55
1728463382756439000,1374,869,0,565,873,0
1728463382757281000,1496,715,79,736,741,0
1728463382758123000,1579,535,233,842,558,0
1728463382758965000,1604,356,426,941,449,10
1728463382759807000,1556,186,653,1028,325,88
1728463382760649000,1465,52,884,1071,221,220
1728463382761491000,1317,2,1114,1078,110,363
1728463382762336000,1135,0,1316,1047,26,495
1728463382763178000,930,10,1499,968,0,645
1728463382764020000,725,97,1632,846,0,781
1728463382764862000,502,249,1707,709,0,907
1728463382765704000,316,429,1639,553,37,1073
1728463382766546000,198,660,1634,421,146,1098
1728463382767388000,36,858,1538,293,234,1052
1728463382768230000,0,1106,1416,178,348,1095
1728463382769072000,0,1271,1231,85,483,1048
1728463382769914000,0,1427,999,13,597,966
1728463382770756000,106,1548,761,0,704,835
1728463382771598000,250,1620,537,0,794,688
1728463382772440000,440,1640,339,1,876,542
1728463382773282000,694,1582,168,122,915,399
1728463382774124000,838,1482,31,232,931,272
1728463382774966000,1060,1331,0,335,919,148
1728463382775814000,1239,1169,0,464,855,79
1728463382776656000,1399,980,13,608,760,0
1728463382777498000,1527,704,229,747,658,0
1728463382778340000,1586,508,297,866,532,0
1728463382779182000,1602,308,482,964,413,23
1728463382780024000,1539,145,712,1041,289,116
1728463382780866000,1426,25,948,1074,186,258
1728463382781707000,1274,0,1160,1075,90,395
1728463382782549000,1080,0,1351,1027,20,549
1728463382783391000,892,22,1530,942,0,676
1728463382784233000,668,129,1652,824,0,817
1728463382785075000,459,267,1714,682,0,936
1728463382785917000,395,457,1751,532,18,1021
1728463382786759000,185,683,1647,409,130,1082
1728463382787601000,0,898,1562,311,245,1141
1728463382788443000,0,1117,1361,154,388,1093
1728463382789303000,0,1309,1164,64,507,1029
1728463382790145000,13,1472,941,0,626,924
1728463382790987000,126,1565,712,0,727,796
1728463382791829000,314,1630,476,0,834,655
1728463382792671000,487,1628,316,22,889,493
1728463382793513000,690,1558,117,114,928,418
1728463382794355000,933,1444,0,234,938,221
1728463382795197000,1119,1347,0,375,901,105
1728463382796039000,1298,1180,0,559,840,11
1728463382796881000,1475,913,27,658,807,0
1728463382797723000,1515,591,149,805,685,0
1728463382798565000,1595,457,334,897,491,0
1728463382799407000,1575,258,547,988,375,47
1728463382800249000,1514,113,766,1052,274,157
1728463382801091000,1395,5,1000,1075,154,282
1728463382801933000,1223,2,1229,1065,69,425
1728463382802774000,1004,0,1423,985,0,577
1728463382803616000,812,38,1567,904,0,724
1728463382804458000,599,174,1685,772,0,855
1728463382805300000,400,345,1735,652,0,954
1728463382806142000,228,558,1780,477,96,1043
1728463382806984000,66,732,1545,343,175,1183
1728463382807826000,25,993,1460,220,298,1010
1728463382808668000,0,1163,1315,133,425,1088
1728463382809510000,0,1352,1102,39,552,1018
1728463382810352000,42,1491,888,0,647,906
1728463382811194000,166,1603,648,0,759,766
1728463382812036000,337,1635,437,0,846,614
1728463382812878000,537,1601,228,34,885,461
1728463382813720000,832,1533,88,138,911,325
1728463382814562000,967,1405,0,320,930,199
1728463382815404000,1145,1253,0,437,895,96
1728463382816251000,1277,1053,34,589,809,21
1728463382817093000,1420,835,57,640,708,0
1728463382817935000,1522,653,228,785,586,17
1728463382818777000,1600,410,381,917,469,0
1728463382819619000,1571,234,608,1008,335,66
1728463382820461000,1491,78,839,1064,249,181
1728463382821303000,1352,0,1066,1083,136,323
1728463382822145000,1178,0,1286,1052,47,473
1728463382822986000,990,0,1451,986,0,587
1728463382823828000,773,82,1605,881,0,749
1728463382824670000,560,197,1689,753,2,861
1728463382825512000,364,366,1739,607,20,988
1728463382826354000,193,552,1696,459,26,1055
1728463382827196000,165,789,1637,338,170,1097
1728463382828038000,42,1000,1476,205,298,1094
1728463382828879000,0,1217,1264,106,458,1060
1728463382829727000,0,1392,1047,34,576,985
1728463382830569000,73,1520,821,0,679,869
1728463382831411000,207,1608,580,0,776,724
1728463382832253000,394,1634,370,0,866,565
1728463382833095000,586,1600,224,64,908,429
1728463382833937000,800,1510,93,175,930,293
1728463382834779000,1023,1374,0,306,927,206
1728463382835621000,1206,1202,0,450,878,77
1728463382836463000,1407,993,0,590,778,0
1728463382837305000,1474,884,74,738,683,0
1728463382838147000,1615,612,229,842,550,0
1728463382838989000,1600,350,452,943,433,10
1728463382839831000,1555,193,670,1019,309,106
1728463382840673000,1463,50,889,1070,218,210
1728463382841515000,1306,0,1122,1088,112,362
1728463382842356000,1131,0,1328,1048,34,509
1728463382843207000,895,0,1497,965,0,661
1728463382844049000,707,106,1640,850,0,794
1728463382844891000,476,234,1715,693,0,898
1728463382845733000,306,423,1731,576,37,1009
1728463382846575000,137,642,1677,415,130,1059
1728463382847417000,10,840,1646,292,277,1122
1728463382848259000,0,1108,1455,174,373,1216
1728463382849101000,0,1266,1208,93,498,1050
1728463382849943000,0,1430,986,10,595,952
1728463382850785000,91,1551,757,0,700,821
1728463382851627000,242,1608,540,0,798,687
1728463382852469000,448,1639,322,0,882,543
1728463382853311000,661,1632,151,89,977,381
1728463382854153000,854,1456,30,213,960,256
1728463382854995000,1076,1311,0,346,901,138
1728463382855837000,1315,1138,0,494,847,47
1728463382856696000,1487,907,13,629,738,0
1728463382857538000,1413,693,110,837,644,10
1728463382858380000,1518,485,320,923,522,2
1728463382859222000,1591,305,496,964,397,24
1728463382860064000,1529,136,719,1041,287,127
1728463382860906000,1428,21,939,1075,192,250
1728463382861748000,1268,0,1168,1075,85,400
1728463382862590000,1077,0,1376,1034,18,541
1728463382863432000,868,17,1508,943,0,685
1728463382864274000,666,139,1643,812,1,824
1728463382865116000,457,292,1721,663,0,927
1728463382865958000,256,491,1719,530,50,1014
1728463382866800000,110,568,1646,382,233,1069
1728463382867642000,14,866,1535,271,304,1115
1728463382868484000,0,1083,1364,132,335,1089
1728463382869326000,0,1307,1167,64,523,1031
1728463382870168000,17,1464,928,0,630,928
1728463382871010000,133,1573,705,0,725,798
1728463382871852000,300,1631,490,0,825,642
1728463382872694000,490,1624,284,23,896,500
1728463382873536000,688,1559,112,103,936,362
1728463382874378000,910,1433,9,238,932,226
1728463382875220000,1112,1271,58,385,906,116
1728463382876062000,1300,1091,5,524,843,34
1728463382876904000,1442,856,0,644,715,89
1728463382877746000,1568,678,104,782,642,32
1728463382878588000,1628,441,306,895,491,0
1728463382879430000,1583,260,552,981,372,53
1728463382880272000,1507,108,778,1049,264,153
1728463382881114000,1391,0,1008,1085,161,286
1728463382881955000,1228,0,1217,1061,82,439
1728463382882796000,1024,0,1424,1002,0,587
1728463382883644000,824,42,1584,910,0,714
1728463382884486000,601,172,1685,773,0,858
1728463382885328000,389,345,1713,629,7,967
1728463382886171000,222,542,1714,482,85,1050
1728463382887013000,27,753,1623,324,178,1128
1728463382887855000,0,1018,1498,207,309,1103
1728463382888697000,0,1164,1420,104,433,1107
1728463382889538000,0,1356,1102,40,541,1001
1728463382890380000,48,1501,875,0,661,896
1728463382891222000,173,1592,645,0,762,758
1728463382892064000,344,1634,433,0,838,610
1728463382892906000,552,1618,234,43,900,457
1728463382893748000,749,1607,74,146,935,309
1728463382894591000,981,1397,0,276,1000,192
1728463382895433000,1173,1209,0,428,916,79
1728463382896275000,1344,1026,0,562,821,11
1728463382897130000,1466,786,55,682,657,0
1728463382897972000,1693,581,250,836,555,0
1728463382898814000,1707,386,421,924,441,0
1728463382899656000,1576,215,614,1014,346,74
1728463382900498000,1482,77,835,1062,238,192
1728463382901340000,1353,0,1063,1084,128,322
1728463382902182000,1176,0,1274,1053,53,466
1728463382903023000,973,0,1463,985,0,618
1728463382903865000,756,78,1605,868,0,753
1728463382904707000,545,221,1704,724,0,887
1728463382905549000,352,401,1709,581,16,981
1728463382906391000,192,592,1694,457,106,1064
1728463382907233000,58,806,1564,312,200,1047
1728463382908075000,0,1130,1428,230,348,1062
1728463382908917000,0,1284,1255,87,523,1041
1728463382909759000,0,1401,1034,21,583,988
1728463382910601000,74,1532,811,0,679,866
1728463382911443000,216,1619,583,0,786,717
1728463382912285000,387,1632,371,0,858,566
1728463382913127000,601,1605,188,64,919,426
1728463382913969000,791,1513,50,218,925,297
1728463382914811000,1009,1360,0,303,922,161
1728463382915653000,1208,1186,0,448,871,69
1728463382916494000,1378,986,0,587,794,0
1728463382917335000,1500,798,111,717,666,0
1728463382918177000,1576,546,367,837,585,10
1728463382919019000,1586,394,508,942,440,16
1728463382919861000,1552,178,672,1017,305,100
1728463382920703000,1449,50,905,1072,204,226
1728463382921545000,1309,0,1133,1081,110,362
1728463382922387000,1125,1,1326,1040,33,521
1728463382923228000,919,0,1511,962,0,659
1728463382924078000,717,98,1625,851,0,764
1728463382924920000,488,238,1714,720,0,910
1728463382925762000,308,430,1734,558,29,1008
1728463382926604000,149,657,1680,417,110,1076
1728463382927446000,82,843,1555,350,234,1125
1728463382928288000,0,1068,1397,248,350,1149
1728463382929129000,0,1256,1242,121,480,1039
1728463382929971000,0,1431,992,10,597,953
1728463382930813000,105,1557,754,0,712,836
1728463382931655000,261,1624,517,0,811,685
1728463382932497000,444,1629,320,4,868,530
1728463382933339000,653,1588,146,90,929,386
1728463382934181000,865,1472,0,207,935,298
1728463382935023000,1080,1336,0,346,910,127
1728463382935865000,1269,1137,0,495,862,29
1728463382936706000,1412,962,10,634,762,0
1728463382937559000,1561,756,119,764,629,0
1728463382938401000,1557,383,297,869,577,0
1728463382939243000,1606,261,502,974,310,18
1728463382940085000,1539,138,730,1041,293,128
1728463382940927000,1417,20,962,1079,173,258
1728463382941769000,1270,0,1186,1075,84,397
1728463382942610000,1072,0,1380,1021,15,545
1728463382943452000,870,22,1546,943,0,698
1728463382944294000,649,114,1650,806,0,822
1728463382945136000,440,309,1728,674,0,941
1728463382945978000,253,501,1730,521,58,1034
1728463382946820000,89,698,1663,383,159,1093
1728463382947662000,0,917,1504,251,255,1210
1728463382948504000,0,1115,1291,130,420,1159
1728463382949346000,0,1316,1114,73,530,1042
1728463382950188000,21,1468,921,0,634,925
1728463382951039000,144,1579,688,0,736,796
1728463382951881000,306,1637,473,0,820,642
1728463382952722000,501,1621,276,25,897,493
1728463382953565000,707,1563,106,125,936,361
1728463382954407000,940,1429,9,242,919,220
1728463382955249000,1177,1265,0,388,887,114
1728463382956091000,1266,1070,0,568,832,26
1728463382956933000,1430,864,36,686,726,0
1728463382957775000,1468,634,192,851,595,21
1728463382958616000,1544,419,362,832,489,0
1728463382959458000,1532,260,558,962,362,77
1728463382960300000,1511,101,790,1056,255,155
1728463382961142000,1378,0,1023,1088,148,292
1728463382961984000,1218,0,1230,1079,72,437
1728463382962825000,1016,0,1426,999,5,587
1728463382963667000,809,50,1584,906,0,721
1728463382964513000,604,180,1678,778,0,835
1728463382965355000,386,343,1712,625,10,960
1728463382966197000,218,551,1708,476,78,1041
1728463382967039000,66,740,1634,356,210,1098
1728463382967881000,0,937,1473,213,242,1109
1728463382968723000,5,1156,1316,109,383,1071
1728463382969565000,69,1346,1131,50,522,998
1728463382970407000,42,1504,871,0,661,895
1728463382971249000,178,1607,637,0,765,757
1728463382972091000,354,1641,421,0,841,616
1728463382972933000,555,1615,234,53,910,448
1728463382973775000,761,1525,69,157,938,322
1728463382974617000,973,1401,21,277,925,192
1728463382975459000,1168,1231,0,426,885,133
1728463382976301000,1350,1019,0,576,815,32
1728463382977143000,1496,814,14,689,722,0
1728463382977996000,1549,679,178,832,581,0
1728463382978838000,1614,480,382,952,474,0
1728463382979680000,1562,149,581,1016,405,69
1728463382980522000,1479,66,835,1066,231,186
1728463382981364000,1340,0,1074,1088,126,327
1728463382982206000,1172,0,1278,1064,53,480
1728463382983047000,970,2,1464,978,0,630
1728463382983889000,757,78,1612,869,0,759
1728463382984731000,526,213,1703,744,0,880
1728463382985573000,338,392,1712,581,32,993
1728463382986415000,183,610,1696,448,109,1070
1728463382987257000,43,822,1656,320,217,1103
1728463382988099000,0,1070,1504,192,346,1108
1728463382988941000,0,1244,1253,82,448,1157
1728463382989782000,0,1394,978,27,576,1037
1728463382990624000,75,1535,810,0,685,853
1728463382991473000,225,1611,581,0,788,724
1728463382992315000,398,1637,362,0,861,576
1728463382993157000,612,1596,188,71,906,415
1728463382994000000,826,1498,43,189,942,290
1728463382994842000,1032,1344,0,312,906,165
1728463382995684000,1311,1167,0,466,854,64
1728463382996526000,1442,972,0,604,782,0
1728463382997368000,1479,745,82,791,674,2
1728463382998210000,1514,538,282,892,554,16
1728463382999052000,1563,346,435,905,421,17
1728463382999894000,1546,168,666,1015,312,102
1728463383000736000,1451,34,885,1065,207,221
1728463383001578000,1311,1,1128,1088,110,368
1728463383002420000,1120,0,1331,1047,34,503
1728463383003262000,920,1,1506,961,0,660
1728463383004104000,704,106,1638,838,0,790
1728463383004975000,498,266,1714,710,0,907
1728463383005817000,310,448,1719,559,57,1006
1728463383006660000,141,641,1655,413,141,1089
1728463383007502000,20,842,1562,296,272,1110
1728463383008344000,0,1054,1404,158,311,1108
1728463383009186000,112,1255,1226,87,463,1048
1728463383010028000,64,1428,967,3,598,957
1728463383010870000,110,1557,744,0,705,818
1728463383011712000,261,1623,523,0,810,682
1728463383012554000,455,1634,320,10,885,535
1728463383013396000,663,1578,145,101,921,381
1728463383014239000,873,1475,21,218,940,260
1728463383015081000,1079,1324,41,344,915,138
1728463383015923000,1259,1129,0,491,842,117
1728463383016764000,1421,925,5,637,760,23
1728463383017606000,1557,709,113,753,648,0
1728463383018422000,1630,489,274,866,498,0
1728463383019264000,1573,393,495,997,397,5
1728463383020106000,1527,97,732,1029,297,130
1728463383020948000,1417,40,961,1073,178,272
1728463383021789000,1261,1,1193,1071,88,407
1728463383022630000,1067,0,1384,1028,11,554
1728463383023472000,858,29,1549,933,0,697
1728463383024314000,641,132,1669,809,0,821
1728463383025156000,418,320,1734,666,0,955
1728463383025998000,247,494,1719,510,64,1018
1728463383026840000,110,718,1648,390,165,1097
1728463383027682000,0,939,1528,234,267,1106
1728463383028524000,0,1123,1439,138,434,1101
1728463383029366000,0,1351,1205,43,533,1017
1728463383030208000,34,1472,890,0,640,944
1728463383031050000,143,1580,687,0,737,789
1728463383031910000,311,1633,465,0,825,645
1728463383032752000,498,1617,269,25,893,489
1728463383033594000,716,1563,106,122,934,352
1728463383034437000,936,1439,0,242,954,217
1728463383035279000,1126,1260,0,394,881,107
1728463383036121000,1367,1072,0,530,813,26
1728463383036963000,1489,864,41,662,719,0
1728463383037805000,1444,642,157,865,598,4
1728463383038647000,1527,431,382,941,477,0
1728463383039489000,1541,260,545,934,348,64
1728463383040331000,1504,105,789,1054,260,154
1728463383041173000,1384,5,1022,1083,150,306
1728463383042015000,1216,0,1236,1064,69,448
1728463383042856000,1013,0,1432,1004,0,595
1728463383043698000,805,52,1587,907,0,719
1728463383044540000,589,183,1699,773,0,863
1728463383045393000,402,357,1717,629,11,956
1728463383046235000,234,553,1693,482,89,1037
1728463383047077000,64,767,1628,357,193,1112
1728463383047919000,0,930,1478,242,349,1107
1728463383048761000,0,1145,1299,105,366,1071
1728463383049603000,121,1357,1109,56,517,992
1728463383050445000,66,1504,862,0,666,890
1728463383051287000,181,1600,613,0,767,747
1728463383052129000,362,1637,408,0,847,597
1728463383052971000,557,1614,225,53,908,456
1728463383053813000,770,1528,70,153,937,320
1728463383054655000,977,1392,34,290,917,181
1728463383055497000,1176,1228,50,437,886,80
1728463383056339000,1345,1013,0,576,801,48
1728463383057181000,1481,807,58,704,705,21
1728463383058023000,1639,601,178,826,568,0
1728463383058870000,1570,501,395,962,466,0
1728463383059712000,1600,266,629,1010,360,64
1728463383060554000,1475,65,856,1068,221,192
1728463383061396000,1344,0,1082,1088,125,335
1728463383062238000,1164,0,1288,1053,45,484
1728463383063080000,956,0,1464,976,0,629
1728463383063922000,755,81,1614,881,0,757
1728463383064764000,514,210,1719,737,0,892
1728463383065606000,329,392,1731,591,21,1000
1728463383066448000,162,608,1695,441,101,1068
1728463383067290000,5,846,1601,320,207,1103
1728463383068132000,0,1015,1535,186,373,1120
1728463383068974000,0,1259,1308,82,486,1057
1728463383069816000,0,1426,1000,20,565,1082
1728463383070658000,79,1535,801,0,689,849
1728463383071500000,213,1614,580,0,786,711
1728463383072351000,407,1633,359,0,869,564
1728463383073193000,618,1598,194,74,911,417
1728463383074035000,822,1506,53,189,938,296
1728463383074877000,1040,1333,0,320,916,154
1728463383075719000,1219,1161,0,477,850,56
1728463383076561000,1442,960,0,605,767,0
1728463383077403000,1544,739,101,741,673,0
1728463383078245000,1449,529,236,919,541,34
1728463383079087000,1546,343,493,994,420,17
1728463383079929000,1493,165,687,1002,304,133
1728463383080771000,1443,37,910,1072,206,225
1728463383081613000,1303,0,1132,1081,98,368
1728463383082455000,1110,0,1337,1040,27,515
1728463383083296000,904,0,1515,960,0,665
1728463383084138000,692,112,1642,842,0,794
1728463383084980000,493,274,1720,690,0,924
1728463383085827000,292,462,1715,544,43,997
1728463383086669000,136,662,1672,416,141,1070
1728463383087511000,0,864,1558,293,242,1110
1728463383088353000,0,1039,1392,181,404,1077
1728463383089195000,0,1240,1197,71,427,1029
1728463383090036000,18,1418,961,2,571,934
1728463383090878000,117,1561,741,0,713,828
1728463383091720000,261,1629,517,0,809,669
1728463383092562000,453,1629,320,21,885,519
1728463383093404000,670,1579,145,98,932,388
1728463383094247000,880,1475,21,224,942,253
1728463383095089000,1076,1306,23,361,914,130
1728463383095931000,1267,1121,37,501,855,42
1728463383096773000,1419,912,46,637,750,0
1728463383097615000,1524,697,138,770,645,20
1728463383098457000,1632,498,253,874,534,13
1728463383099350000,1562,405,489,973,393,0
1728463383100192000,1555,182,723,1040,281,97
1728463383101034000,1410,9,966,1088,177,264
1728463383101875000,1252,0,1180,1072,85,410
1728463383102716000,1061,2,1389,1013,9,571
1728463383103558000,851,29,1553,933,0,692
1728463383104400000,631,135,1671,811,0,832
1728463383105242000,433,309,1728,656,0,933
1728463383106084000,229,514,1716,514,64,1033
1728463383106926000,85,727,1648,381,165,1091
1728463383107768000,5,930,1514,260,293,1120
1728463383108610000,0,1200,1364,125,410,1095
1728463383109452000,0,1335,1125,43,523,1013
1728463383110294000,34,1484,1002,2,682,935
1728463383111136000,153,1593,663,0,749,783
1728463383111978000,321,1632,455,0,833,637
1728463383112796000,506,1625,266,34,897,480
1728463383113638000,725,1547,101,128,933,352
1728463383114480000,939,1436,0,245,930,224
1728463383115322000,1136,1239,0,397,942,92
1728463383116164000,1319,1040,0,542,857,18
1728463383117006000,1455,840,37,671,709,0
1728463383117848000,1622,630,186,793,596,0
1728463383118690000,1708,418,389,916,449,0
1728463383119532000,1465,232,552,1061,354,98
1728463383120374000,1448,82,818,1088,250,171
1728463383121216000,1381,0,1033,1093,135,293
1728463383122058000,1205,0,1252,1066,64,453
1728463383122899000,1014,0,1432,1007,2,600
1728463383123741000,800,49,1575,898,0,732
1728463383124583000,594,178,1679,777,0,855
1728463383125425000,383,359,1728,619,11,963
1728463383126269000,216,554,1698,477,98,1051
1728463383127111000,74,771,1602,341,181,1099
1728463383127953000,0,992,1476,229,320,1100
1728463383128795000,25,1248,1279,119,426,1056
1728463383129637000,0,1241,1064,26,637,983
1728463383130479000,41,1402,842,0,714,876
1728463383131321000,181,1606,616,0,769,748
1728463383132163000,356,1634,410,0,850,596
1728463383133005000,559,1612,209,49,908,448
1728463383133847000,781,1526,71,162,930,311
1728463383134689000,985,1395,0,287,932,189
1728463383135531000,1165,1227,0,417,882,91
1728463383136373000,1344,1016,0,562,800,13
1728463383137214000,1481,808,79,697,685,0
1728463383138056000,1574,578,226,834,576,0
1728463383138898000,1594,389,504,914,491,18
1728463383139740000,1567,214,520,1004,309,180
1728463383140582000,1537,91,821,1055,226,120
1728463383141424000,1331,0,1093,1091,121,340
1728463383142266000,1157,0,1292,1049,46,490
1728463383143107000,960,0,1483,969,0,637
1728463383143949000,736,85,1619,869,0,763
1728463383144791000,532,215,1701,737,0,890
1728463383145633000,341,397,1733,585,29,993
1728463383146475000,165,611,1693,432,93,1062
1728463383147317000,40,836,1586,323,226,1114
1728463383148159000,0,1050,1428,194,342,1120
1728463383149000000,0,1248,1244,146,457,1109
1728463383149842000,0,1405,1053,58,576,967
1728463383150684000,41,1535,767,0,679,854
1728463383151526000,230,1618,559,0,797,714
1728463383152368000,414,1643,354,0,864,562
1728463383153231000,617,1592,174,77,917,411
1728463383154073000,834,1498,37,193,939,278
1728463383154915000,1043,1355,0,326,918,154
1728463383155757000,1235,1172,0,474,866,33
1728463383156598000,1383,963,0,613,782,0
1728463383157440000,1516,808,100,736,678,0
1728463383158282000,1587,565,264,852,542,0
1728463383159124000,1565,258,457,961,475,0
1728463383159966000,1564,117,677,1039,278,102
1728463383160808000,1538,21,944,1068,146,221
1728463383161650000,1306,2,1144,1088,103,373
1728463383162491000,1106,0,1345,1040,30,520
1728463383163333000,896,2,1523,951,0,671
1728463383164175000,682,114,1633,832,0,797
1728463383165017000,481,274,1716,693,0,919
1728463383165859000,276,463,1726,533,47,1018
1728463383166695000,114,681,1667,404,136,1077
1728463383167537000,0,887,1556,273,249,1112
1728463383168379000,0,1111,1390,168,382,1098
1728463383169221000,0,1295,1084,65,485,1131
1728463383170063000,0,1450,896,0,639,1003
1728463383170905000,157,1580,697,0,705,725
1728463383171747000,274,1635,517,0,808,672
1728463383172588000,458,1630,309,16,880,517
1728463383173430000,672,1583,136,104,933,385
1728463383174272000,901,1472,10,224,937,245
1728463383175114000,1090,1305,4,370,909,129
1728463383175956000,1358,1108,0,509,835,41
1728463383176798000,1498,898,23,644,741,0
1728463383177640000,1582,694,144,771,624,0
1728463383178481000,1569,476,311,911,520,0
1728463383179323000,1522,274,535,1023,388,10
1728463383180245000,1487,139,741,1012,265,157
1728463383181087000,1355,37,964,1053,165,245
1728463383181929000,1248,0,1192,1083,82,409
1728463383182770000,1065,0,1381,1018,21,564
1728463383183612000,847,33,1557,923,0,705
1728463383184453000,634,151,1667,800,0,825
1728463383185295000,425,312,1730,660,0,943
1728463383186137000,256,513,1709,501,72,1011
1728463383186979000,101,736,1632,378,171,1080
1728463383187821000,0,922,1514,265,288,1102
1728463383188663000,0,1151,1335,137,417,1095
1728463383189505000,1,1290,1130,41,448,1018
1728463383190347000,18,1447,912,0,591,893
1728463383191189000,277,1561,721,15,725,769
1728463383192031000,320,1634,448,0,837,638
1728463383192873000,522,1625,269,34,890,477
1728463383193657000,728,1552,106,138,936,346
1728463383194500000,947,1428,0,257,939,219
1728463383195342000,1154,1262,0,402,892,101
1728463383196184000,1308,1059,47,548,824,21
1728463383197026000,1458,842,64,679,725,58
1728463383197868000,1553,631,169,796,606,39
1728463383198710000,1603,421,354,912,476,1
1728463383199552000,1597,229,549,998,362,8
1728463383200394000,1534,154,770,1061,255,139
1728463383201236000,1362,0,1016,1074,207,278
1728463383202078000,1202,5,1251,1066,66,450
1728463383202919000,1004,0,1443,1002,5,608
1728463383203761000,791,52,1590,900,0,736
1728463383204603000,577,186,1692,755,0,867
1728463383205445000,377,362,1735,616,17,960
1728463383206287000,193,549,1696,474,93,1064
1728463383207134000,73,776,1621,329,197,1103
1728463383207976000,0,1003,1473,218,314,1105
1728463383208818000,0,1203,1299,106,429,1081
1728463383209659000,0,1355,1052,20,557,994
1728463383210501000,53,1486,936,0,704,910
1728463383211343000,194,1609,649,0,765,833
1728463383212185000,357,1639,404,0,851,594
1728463383213027000,570,1606,209,48,911,452
1728463383213869000,790,1526,69,164,942,309
1728463383214711000,992,1389,0,294,928,183
1728463383215553000,1193,1219,0,430,890,79
1728463383216395000,1355,981,0,580,826,2
1728463383217237000,1487,779,79,704,674,0
1728463383218079000,1637,564,229,828,560,0
1728463383218921000,1648,366,413,934,443,0
1728463383219763000,1483,192,636,1076,327,133
1728463383220619000,1416,64,873,1048,218,203
1728463383221461000,1298,0,1093,1048,114,379
1728463383222303000,1155,0,1310,1054,37,495
1728463383223144000,958,0,1482,981,0,631
1728463383223986000,745,90,1624,866,0,770
1728463383224828000,525,217,1698,740,0,892
1728463383225670000,334,407,1736,578,29,991
1728463383226512000,170,626,1671,429,119,1066
1728463383227354000,39,832,1572,303,229,1100
1728463383228196000,0,1047,1429,192,342,1101
1728463383229038000,0,1275,1225,105,471,1057
1728463383229880000,0,1321,1007,1,656,949
1728463383230722000,106,1481,778,0,709,843
1728463383231564000,235,1576,552,0,750,709
1728463383232406000,410,1637,341,0,858,549
1728463383233248000,618,1594,176,75,921,410
1728463383234091000,839,1495,46,192,936,277
1728463383234933000,1055,1358,0,330,925,155
1728463383235775000,1235,1162,1,476,866,58
1728463383236617000,1382,962,0,615,773,0
1728463383237459000,1514,746,199,731,663,0
1728463383238301000,1583,528,327,856,533,0
1728463383239143000,1590,331,431,956,416,82
1728463383239985000,1601,192,641,1017,328,149
1728463383240827000,1430,161,899,1088,194,188
1728463383241669000,1282,94,1147,1081,98,369
1728463383242511000,1103,0,1349,1044,23,529
1728463383243353000,901,13,1528,949,0,683
1728463383244195000,690,128,1652,834,0,794
1728463383245037000,464,272,1725,696,0,920
1728463383245879000,288,461,1720,540,64,1018
1728463383246721000,130,682,1654,407,137,1088
1728463383247561000,0,898,1555,285,264,1118
1728463383248403000,0,1097,1377,154,383,1092
1728463383249245000,0,1300,1176,50,500,1049
1728463383250087000,0,1496,972,0,608,960
1728463383250929000,105,1592,715,0,725,794
1728463383251771000,282,1629,587,0,832,669
1728463383252613000,476,1632,293,7,885,517
1728463383253455000,677,1575,136,109,927,366
1728463383254297000,893,1451,13,232,936,244
1728463383255139000,1103,1308,0,360,906,132
1728463383255981000,1286,1114,0,514,838,36
1728463383256822000,1436,940,26,650,807,0
1728463383257664000,1535,647,143,788,671,0
1728463383258506000,1600,462,330,881,497,0
1728463383259348000,1679,282,535,982,356,33
1728463383260190000,1591,107,724,1110,261,146
1728463383261055000,1344,18,1022,1122,158,278
1728463383261897000,1214,5,1211,1037,64,400
1728463383262738000,1050,0,1410,1019,6,558
1728463383263580000,846,30,1560,927,0,704
1728463383264422000,627,154,1667,792,0,834
1728463383265264000,417,328,1728,655,0,940
1728463383266106000,233,514,1719,498,73,1029
1728463383266948000,101,739,1631,366,171,1095
1728463383267790000,0,960,1509,238,272,1089
1728463383268632000,0,1160,1344,141,410,1065
1728463383269474000,0,1418,1128,64,535,994
1728463383270316000,66,1543,892,0,655,884
1728463383271158000,146,1487,676,8,794,750
1728463383272000000,325,1609,455,0,802,633
1728463383272842000,526,1622,250,30,906,480
1728463383273684000,736,1547,100,132,922,338
1728463383274529000,946,1422,0,266,933,212
1728463383275371000,1152,1248,0,410,899,107
1728463383276213000,1326,1065,0,546,818,31
1728463383277055000,1464,845,64,676,716,0
1728463383277897000,1546,618,246,810,602,0
1728463383278739000,1594,426,417,911,483,0
1728463383279581000,1575,238,586,983,334,145
1728463383280423000,1533,92,765,1053,256,199
1728463383281265000,1375,0,1006,1077,136,245
1728463383282106000,1192,26,1251,1065,52,451
1728463383282948000,999,0,1448,994,0,602
1728463383283790000,782,58,1596,890,0,739
1728463383284632000,570,189,1690,764,0,869
1728463383285474000,378,369,1733,601,18,973
1728463383286316000,197,576,1704,471,88,1032
1728463383287158000,57,782,1621,339,194,1102
1728463383288003000,0,996,1463,207,306,1107
1728463383288845000,0,1202,1284,114,431,1063
1728463383289686000,0,1387,1077,0,555,978
1728463383290528000,21,1516,833,0,666,902
1728463383291370000,165,1657,645,0,767,745
1728463383292212000,373,1639,423,0,851,590
1728463383293054000,576,1607,212,57,912,441
1728463383293896000,780,1520,64,161,935,305
1728463383294738000,1006,1384,5,299,922,177
1728463383295580000,1194,1204,5,448,884,82
1728463383296422000,1363,1026,0,587,798,1
1728463383297264000,1491,836,74,713,701,0
1728463383298106000,1571,545,228,839,614,0
1728463383298948000,1590,370,423,944,469,0
1728463383299790000,1559,162,649,1016,282,74
1728463383300632000,1569,52,907,1068,192,210
1728463383301512000,1232,0,1088,1156,106,370
1728463383302354000,1117,0,1316,1060,37,494
1728463383303196000,941,0,1484,975,0,640
1728463383304037000,736,87,1635,864,0,774
1728463383304879000,520,238,1704,724,0,898
1728463383305721000,304,409,1730,576,34,994
1728463383306563000,122,599,1677,430,130,1064
1728463383307405000,29,850,1570,306,229,1103
1728463383308247000,0,1044,1411,186,357,1100
1728463383309089000,0,1254,1216,97,480,1056
1728463383309930000,33,1441,952,9,636,878
1728463383310772000,106,1543,754,0,686,789
1728463383311614000,205,1732,530,17,824,650
1728463383312456000,427,1657,346,0,882,548
1728463383313298000,629,1598,162,73,914,414
1728463383314141000,841,1499,37,193,948,266
1728463383314964000,1053,1344,0,339,917,149
1728463383315805000,1242,1161,0,473,868,58
1728463383316647000,1436,949,16,643,762,0
1728463383317489000,1491,739,119,776,654,0
1728463383318331000,1560,513,279,880,538,0
1728463383319173000,1579,327,471,954,415,21
1728463383320016000,1535,162,704,1020,304,91
1728463383320858000,1412,39,1007,1069,225,245
1728463383321700000,1265,9,1088,1064,90,480
1728463383322542000,1103,0,1355,1030,26,536
1728463383323383000,894,1,1532,952,0,666
1728463383324225000,673,114,1661,832,0,804
1728463383325067000,469,278,1714,683,0,930
1728463383325909000,279,463,1728,542,42,1010
1728463383326751000,137,656,1643,407,157,1072
1728463383327593000,9,887,1529,277,258,1103
1728463383328445000,0,1103,1392,158,385,1100
1728463383329286000,0,1291,1173,74,508,1026
1728463383330128000,65,1431,935,29,605,933
1728463383330970000,64,1565,722,37,725,849
1728463383331812000,241,1618,480,0,816,642
1728463383332654000,477,1629,297,17,893,503
1728463383333496000,685,1565,116,106,927,370
1728463383334339000,897,1456,4,220,929,239
1728463383335181000,1098,1303,4,372,904,111
1728463383336023000,1280,1106,0,525,842,31
1728463383336864000,1438,898,18,649,747,25
1728463383337706000,1542,680,145,772,626,0
1728463383338548000,1597,500,320,886,509,0
1728463383339390000,1588,304,528,981,377,36
1728463383340232000,1504,29,757,1059,320,138
1728463383341074000,1427,0,992,1064,89,256
1728463383341921000,1233,0,1203,1065,21,426
1728463383342763000,1049,0,1409,1023,10,576
1728463383343605000,834,34,1568,921,0,711
1728463383344447000,626,156,1680,802,0,835
1728463383345289000,415,320,1729,647,0,948
1728463383346131000,237,528,1710,504,77,1043
1728463383346973000,90,738,1637,363,168,1088
1728463383347815000,0,949,1503,244,300,1109
1728463383348657000,0,1154,1326,130,421,1081
1728463383349499000,0,1338,1129,41,538,1019
1728463383350341000,38,1477,780,0,629,993
1728463383351183000,186,1596,616,0,772,832
1728463383352025000,369,1630,404,0,810,552
1728463383352867000,533,1620,245,29,901,477
1728463383353709000,737,1549,90,137,933,334
1728463383354551000,954,1418,0,261,933,205
1728463383355406000,1159,1249,1,404,895,105
1728463383356248000,1323,1053,0,560,824,14
1728463383357089000,1518,832,64,673,709,0
1728463383357931000,1532,610,185,857,594,0
1728463383358773000,1572,417,373,932,466,0
1728463383359615000,1565,228,586,993,360,65
1728463383360457000,1481,114,805,1034,239,169
1728463383361299000,1345,0,1136,1067,166,327
1728463383362141000,1183,34,1324,1052,81,466
1728463383362982000,990,0,1454,994,0,608
1728463383363824000,797,64,1601,895,1,739
1728463383364666000,565,194,1694,757,0,869
1728463383365508000,365,379,1731,604,21,972
1728463383366350000,192,576,1698,468,97,1064
1728463383367192000,56,792,1606,332,203,1098
1728463383368034000,0,1007,1472,217,320,1102
1728463383368887000,0,1208,1279,111,433,1072
1728463383369729000,0,1379,1061,23,546,993
1728463383370571000,170,1514,901,0,634,868
1728463383371413000,261,1600,586,37,749,737
1728463383372255000,270,1634,419,34,847,626
1728463383373097000,580,1604,196,58,913,433
1728463383373939000,797,1515,66,167,930,297
1728463383374781000,1002,1381,0,303,925,178
1728463383375623000,1201,1189,0,450,880,70
1728463383376464000,1369,997,0,589,793,5
1728463383377306000,1495,781,58,706,679,47
1728463383378148000,1570,559,229,842,568,26
1728463383378990000,1600,367,409,941,448,0
1728463383379832000,1562,238,636,1012,324,82
1728463383380674000,1447,0,869,1056,293,184
1728463383381516000,1300,0,1097,1093,169,338
1728463383382354000,1160,0,1315,1057,79,489
1728463383383196000,937,5,1489,965,0,648
1728463383384038000,719,98,1631,860,0,767
1728463383384880000,509,233,1708,719,0,897
1728463383385722000,321,429,1728,564,42,1000
1728463383386564000,154,638,1680,427,114,1060
1728463383387406000,18,862,1583,295,231,1114
1728463383388248000,0,1073,1417,180,367,1093
1728463383389090000,0,1266,1226,86,474,1052
1728463383389932000,0,1431,1006,13,591,969
1728463383390774000,78,1552,824,0,682,906
1728463383391616000,241,1615,451,0,795,778
1728463383392457000,448,1639,276,0,889,578
1728463383393299000,629,1587,165,85,921,392
1728463383394142000,850,1491,30,197,939,267
1728463383394984000,1063,1344,0,338,910,145
1728463383395834000,1240,1151,0,490,864,53
1728463383396676000,1416,937,0,629,786,0
1728463383397518000,1522,714,126,754,643,0
1728463383398359000,1671,499,282,861,517,0
1728463383399201000,1641,312,480,961,404,16
1728463383400043000,1528,141,700,1066,297,114
1728463383400885000,1385,29,930,1031,174,258
1728463383401727000,1255,53,1191,1069,90,381
1728463383402569000,1074,20,1365,1019,21,517
1728463383403411000,882,8,1530,949,0,677
1728463383404252000,669,120,1656,824,0,808
1728463383405094000,471,279,1713,682,0,911
1728463383405936000,265,472,1727,541,58,1017
1728463383406778000,116,683,1678,394,146,1089
1728463383407620000,2,911,1541,277,265,1104
1728463383408462000,0,1091,1364,160,393,1066
1728463383409318000,0,1294,1162,74,507,1021
1728463383410159000,10,1444,946,9,618,933
1728463383411001000,164,1524,709,0,648,794
1728463383411843000,416,1610,514,0,782,663
1728463383412685000,561,1593,324,29,860,500
1728463383413527000,691,1568,122,111,928,358
1728463383414370000,904,1453,9,232,937,237
1728463383415212000,1112,1292,4,375,905,117
1728463383416053000,1288,1105,0,520,840,37
1728463383416894000,1432,889,30,648,742,0
1728463383417736000,1530,671,245,777,621,0
1728463383418578000,1584,458,384,895,498,0
1728463383419420000,1578,282,543,978,373,97
1728463383420262000,1516,125,765,1050,267,138
1728463383421104000,1368,98,977,1103,171,233
1728463383421946000,1242,69,1194,1096,79,389
1728463383422795000,1080,65,1413,1007,0,557
1728463383423637000,826,34,1587,921,0,708
1728463383424479000,604,162,1688,798,0,850
1728463383425321000,416,324,1721,642,13,951
1728463383426163000,231,528,1707,498,69,1036
1728463383427005000,68,738,1644,362,177,1092
1728463383427847000,0,950,1498,238,294,1106
1728463383428689000,0,1171,1326,132,418,1095
1728463383429531000,0,1337,1120,45,549,1006
1728463383430373000,23,1496,890,0,650,910
1728463383431215000,149,1577,631,0,757,762
1728463383432057000,322,1623,513,0,871,634
1728463383432899000,521,1615,149,34,885,559
1728463383433741000,751,1545,84,137,947,330
1728463383434583000,963,1420,0,274,930,203
1728463383435425000,1151,1252,2,405,889,90
1728463383436274000,1320,1044,0,560,814,14
1728463383437116000,1474,834,53,682,718,0
1728463383437958000,1565,590,196,805,631,0
1728463383438800000,1592,399,388,923,451,0
1728463383439642000,1636,215,597,1004,341,66
1728463383440484000,1521,85,821,1067,241,185
1728463383441326000,1278,0,1094,1122,130,333
1728463383442168000,1124,0,1277,987,50,448
1728463383443010000,942,0,1439,952,5,636
1728463383443852000,773,64,1607,883,0,748
1728463383444694000,554,202,1695,752,0,872
1728463383445536000,363,368,1721,610,26,972
1728463383446378000,185,580,1698,453,96,1055
1728463383447220000,46,799,1611,331,209,1098
1728463383448062000,0,1008,1457,206,322,1088
1728463383448904000,0,1219,1249,107,462,1061
1728463383449750000,0,1384,1042,32,576,992
1728463383450592000,64,1529,820,0,678,870
1728463383451434000,201,1538,564,5,839,722
1728463383452276000,407,1600,376,0,866,576
1728463383453118000,708,1591,224,69,874,437
1728463383453960000,802,1514,58,176,945,298
1728463383454802000,1015,1373,0,306,919,175
1728463383455644000,1207,1197,0,450,869,69
1728463383456486000,1365,991,0,597,789,0
1728463383457328000,1505,776,82,723,690,0
1728463383458170000,1567,553,231,832,570,0
1728463383459012000,1591,357,489,946,434,5
1728463383459855000,1546,181,644,1018,325,154
1728463383460697000,1465,53,872,1066,213,204
1728463383461539000,1311,108,1091,1088,106,306
1728463383462381000,1156,85,1304,1088,64,480
1728463383463229000,981,58,1469,983,0,621
1728463383464071000,718,96,1632,849,0,781
1728463383464913000,505,246,1712,715,0,901
1728463383465755000,313,425,1730,565,41,997
1728463383466597000,149,645,1670,419,130,1074
1728463383467439000,25,858,1573,295,226,1101
1728463383468281000,0,1064,1423,185,350,1088
1728463383469123000,0,1249,1200,81,480,1051
1728463383469965000,0,1412,980,0,596,963
1728463383470807000,90,1553,769,0,685,837
1728463383471649000,242,1578,642,0,820,697
1728463383472491000,430,1656,397,0,901,550
1728463383473333000,642,1568,71,74,909,490
1728463383474175000,856,1484,34,209,944,270
1728463383475017000,1068,1323,0,348,919,145
1728463383475859000,1250,1144,0,482,856,57
1728463383476714000,1411,935,18,632,759,0
1728463383477556000,1524,721,133,760,658,0
1728463383478398000,1600,474,277,871,565,0
1728463383479240000,1587,297,491,960,388,32
1728463383480082000,1580,146,712,1032,285,117
1728463383480924000,1418,13,936,1106,189,250
1728463383481766000,1216,4,1208,1109,74,413
1728463383482608000,1051,0,1368,975,11,522
1728463383483450000,853,20,1531,912,0,704
1728463383484292000,660,122,1657,821,0,813
1728463383485134000,453,290,1722,676,0,933
1728463383485976000,267,485,1718,528,64,1016
1728463383486818000,122,698,1656,394,164,1088
1728463383487660000,0,913,1545,266,260,1113
1728463383488502000,0,1127,1368,148,385,1076
1728463383489344000,0,1311,1169,69,517,1025
1728463383490189000,21,1456,936,2,625,924
1728463383491031000,139,1525,714,0,752,793
1728463383491873000,313,1587,482,5,854,646
1728463383492715000,474,1600,292,5,832,500
1728463383493557000,781,1556,138,111,901,372
1728463383494399000,917,1448,5,240,942,224
1728463383495241000,1112,1284,0,384,909,117
1728463383496083000,1293,1088,0,533,835,29
1728463383496925000,1442,878,42,660,736,0
1728463383497767000,1553,661,158,787,617,0
1728463383498609000,1575,448,334,885,498,0
1728463383499451000,1570,258,610,984,370,50
1728463383500293000,1505,106,748,1045,260,181
1728463383501135000,1397,0,995,1075,162,290
1728463383501976000,1268,10,1189,1063,64,369
1728463383502818000,1024,2,1391,1005,0,527
1728463383503667000,832,122,1570,924,0,692
1728463383504509000,600,174,1688,786,0,853
1728463383505351000,398,330,1728,639,1,954
1728463383506193000,225,545,1712,484,81,1052
1728463383507035000,77,759,1629,357,192,1091
1728463383507877000,0,964,1493,238,297,1109
1728463383508719000,0,1169,1301,125,425,1081
1728463383509561000,0,1344,1116,50,542,1005
1728463383510403000,20,1514,879,0,649,912
1728463383511245000,141,1587,642,0,761,766
1728463383512087000,322,1696,436,0,847,605
1728463383512929000,530,1601,351,29,910,459
1728463383513771000,738,1544,105,145,933,386
1728463383514614000,965,1408,0,266,927,192
1728463383515456000,1172,1245,0,418,904,87
1728463383516298000,1332,1039,0,568,812,14
1728463383517156000,1472,823,66,691,709,0
1728463383517998000,1565,605,206,813,587,0
1728463383518840000,1596,393,386,918,502,0
1728463383519682000,1582,210,608,1007,337,66
1728463383520524000,1524,74,833,1062,225,184
1728463383521366000,1296,0,1071,1140,121,320
1728463383522208000,1102,0,1306,1116,47,505
1728463383523050000,900,0,1498,1039,0,608
1728463383523892000,757,51,1607,861,0,750
1728463383524734000,554,206,1698,760,0,875
1728463383525576000,346,375,1740,602,21,979
1728463383526418000,180,590,1695,455,97,1061
1728463383527260000,47,803,1601,334,216,1094
1728463383528102000,0,1015,1459,210,330,1103
1728463383528944000,0,1212,1254,121,457,1040
1728463383529785000,0,1383,1052,25,569,960
1728463383530624000,74,1532,810,0,671,856
1728463383531466000,206,1648,581,0,780,704
1728463383532308000,362,1541,365,0,918,561
1728463383533150000,610,1554,194,58,838,409
1728463383533993000,864,1506,69,178,920,293
1728463383534835000,1016,1378,0,308,925,171
1728463383535677000,1217,1191,0,449,875,67
1728463383536519000,1378,992,0,597,779,0
1728463383537361000,1494,770,105,727,677,0
1728463383538203000,1580,543,254,850,561,0
1728463383539045000,1586,363,442,929,426,20
1728463383539887000,1546,188,738,1018,320,93
1728463383540729000,1450,42,908,1076,207,257
1728463383541571000,1308,0,1063,1073,107,413
1728463383542413000,1156,5,1288,1041,45,557
1728463383543255000,975,13,1473,970,0,565
1728463383544103000,722,90,1632,859,0,776
1728463383544945000,496,245,1710,707,0,912
1728463383545787000,306,432,1729,560,29,999
1728463383546629000,132,637,1676,425,128,1072
1728463383547471000,21,867,1562,298,249,1114
1728463383548313000,0,1069,1412,178,357,1093
1728463383549154000,0,1253,1217,90,481,1041
1728463383549996000,0,1407,996,15,608,953
1728463383550838000,93,1543,751,0,711,839
1728463383551680000,207,1624,532,0,796,690
1728463383552522000,395,1623,309,0,879,543
1728463383553364000,621,1602,159,82,914,378
1728463383554207000,863,1480,58,204,938,266
1728463383555049000,1071,1333,2,352,916,133
1728463383555891000,1259,1130,0,498,858,42
1728463383556732000,1420,932,10,629,775,0
1728463383557584000,1526,709,138,770,642,0
1728463383558426000,1595,500,290,868,530,0
1728463383559268000,1585,362,495,969,403,21
1728463383560110000,1530,119,714,1032,352,122
1728463383560952000,1433,6,953,1080,184,244
1728463383561794000,1270,0,1179,1070,29,389
1728463383562636000,1202,0,1402,1044,0,542
1728463383563478000,967,0,1600,949,0,685
1728463383564320000,663,148,1660,818,0,824
1728463383565162000,448,290,1721,671,0,933
1728463383566004000,260,492,1716,528,64,1026
1728463383566846000,106,704,1655,386,150,1081
1728463383567688000,0,926,1537,266,273,1120
1728463383568530000,0,1130,1363,149,405,1091
1728463383569372000,0,1320,1160,50,517,1027
1728463383570214000,18,1464,926,0,621,919
1728463383571058000,141,1574,699,0,740,804
1728463383571900000,345,1650,427,0,832,576
1728463383572742000,480,1704,250,18,895,448
1728463383573584000,725,1632,90,106,917,341
1728463383574426000,917,1433,0,238,945,228
1728463383575268000,1123,1282,5,383,904,117
1728463383576110000,1303,1089,0,530,832,26
1728463383576951000,1439,881,31,666,740,0
1728463383577793000,1535,645,162,794,618,0
1728463383578635000,1584,444,343,947,493,0
1728463383579477000,1564,263,554,995,373,50
1728463383580319000,1498,110,778,1047,266,165
1728463383581161000,1379,0,1007,1075,154,285
1728463383582003000,1202,8,1246,1052,64,415
1728463383582844000,1013,0,1508,1001,45,597
1728463383583686000,791,68,1628,893,0,714
1728463383584587000,601,175,1674,779,0,857
1728463383585429000,404,341,1728,632,2,960
1728463383586271000,209,540,1716,485,78,1045
1728463383587113000,75,757,1624,353,186,1098
1728463383587955000,0,975,1489,234,295,1107
1728463383588796000,0,1167,1300,132,429,1080
1728463383589638000,0,1345,1100,50,533,997
1728463383590480000,47,1504,856,0,645,897
1728463383591322000,186,1602,642,0,756,762
1728463383592164000,418,1630,418,23,832,602
1728463383593006000,471,1620,250,90,898,504
1728463383593848000,714,1544,77,69,935,320
1728463383594690000,971,1415,0,282,935,192
1728463383595532000,1165,1233,0,426,889,84
1728463383596374000,1344,1033,0,567,817,10
1728463383597216000,1479,832,64,692,705,3
1728463383598019000,1572,597,210,824,591,0
1728463383598861000,1592,391,374,927,466,36
1728463383599703000,1570,225,590,1002,347,114
1728463383600545000,1483,156,824,1058,229,176
1728463383601387000,1346,17,1067,1088,129,314
1728463383602228000,1200,0,1257,1053,136,455
1728463383603070000,960,0,1454,988,64,617
1728463383603912000,799,40,1608,884,0,746
1728463383604754000,542,202,1701,752,0,884
1728463383605596000,349,389,1728,598,25,992
1728463383606438000,183,597,1700,448,109,1065
1728463383607280000,41,814,1600,332,213,1098
1728463383608122000,0,1023,1448,207,338,1106
1728463383608964000,0,1225,1255,93,457,1076
1728463383609806000,0,1407,1042,20,570,994
1728463383610648000,76,1535,814,0,689,843
1728463383611496000,203,1613,583,0,785,729
1728463383612337000,394,1660,441,0,893,576
1728463383613179000,602,1607,94,57,898,504
1728463383614021000,869,1518,20,171,924,206
1728463383614864000,1034,1376,0,308,927,170
1728463383615706000,1217,1189,0,467,859,64
1728463383616548000,1381,994,2,601,785,0
1728463383617390000,1504,767,103,727,674,0
1728463383618231000,1576,546,253,849,555,0
1728463383619073000,1610,340,452,943,421,13
1728463383619915000,1601,179,675,1025,303,105
1728463383620757000,1428,49,911,1103,203,225
1728463383621599000,1289,0,1127,1098,94,361
1728463383622441000,1088,0,1327,992,25,498
1728463383623283000,884,1,1498,916,0,666
1728463383624124000,663,133,1665,837,0,805
1728463383624982000,494,249,1728,709,0,913
1728463383625824000,298,442,1721,558,42,1004
1728463383626667000,137,639,1676,418,133,1072
1728463383627509000,13,864,1569,293,241,1111
1728463383628351000,0,1078,1406,175,373,1098
1728463383629193000,0,1271,1211,82,493,1023
1728463383630034000,0,1432,975,20,605,942
1728463383630876000,113,1554,747,0,718,826
1728463383631718000,267,1601,532,0,809,687
1728463383632560000,413,1559,320,27,924,514
1728463383633402000,651,1542,155,80,863,381
1728463383634245000,943,1472,68,216,914,260
1728463383635087000,1080,1328,0,348,920,128
1728463383635928000,1254,1138,4,501,850,44
1728463383636769000,1415,921,13,639,762,0
1728463383637611000,1530,712,149,754,642,0
1728463383638454000,1592,497,303,877,511,0
1728463383639296000,1574,298,509,963,402,29
1728463383640138000,1522,145,805,1032,281,137
1728463383640980000,1412,26,960,1068,180,321
1728463383641822000,1256,0,1179,1080,84,433
1728463383642664000,1081,0,1318,1023,37,603
1728463383643506000,900,14,1517,924,0,618
1728463383644348000,601,244,1643,832,0,765
1728463383645190000,437,289,1732,682,0,933
1728463383646032000,256,492,1717,517,65,1033
1728463383646874000,104,717,1655,385,167,1090
1728463383647716000,0,914,1524,264,282,1106
1728463383648558000,0,1134,1347,149,402,1090
1728463383649399000,0,1312,1151,55,521,1027
1728463383650241000,2,1464,935,2,618,919
1728463383651083000,125,1577,700,0,741,798
1728463383651933000,301,1643,465,0,839,653
1728463383652775000,474,1643,267,10,882,474
1728463383653617000,683,1578,197,113,970,361
1728463383654460000,917,1425,0,242,943,306
1728463383655302000,1135,1278,0,386,898,102
1728463383656144000,1306,1077,0,538,838,26
1728463383656986000,1455,860,34,678,736,0
1728463383657828000,1553,647,181,789,612,0
1728463383658670000,1595,448,352,905,485,0
1728463383659512000,1578,226,555,994,416,43
1728463383660354000,1512,90,769,1045,245,158
1728463383661196000,1443,0,1012,1088,137,290
1728463383662038000,1242,0,1231,1072,64,425
1728463383662880000,928,0,1402,1071,0,632
1728463383663722000,747,38,1589,933,0,706
1728463383664564000,550,153,1660,736,0,866
1728463383665422000,389,341,1734,641,6,960
1728463383666264000,217,554,1706,482,90,1050
1728463383667106000,74,773,1624,349,178,1095
1728463383667948000,0,977,1495,234,305,1103
1728463383668790000,0,1176,1308,125,430,1075
1728463383669632000,0,1366,1072,25,552,993
1728463383670474000,53,1507,874,0,648,880
1728463383671316000,189,1600,623,0,764,754
1728463383672158000,352,1625,417,0,847,612
1728463383673000000,562,1554,232,64,943,456
1728463383673842000,753,1508,85,162,890,312
1728463383674684000,1060,1376,0,282,911,194
1728463383675526000,1178,1239,0,418,888,88
1728463383676368000,1351,1029,0,577,816,4
1728463383677210000,1478,808,72,705,707,0
1728463383678052000,1570,593,209,821,587,0
1728463383678888000,1600,397,398,930,453,0
1728463383679730000,1553,201,687,1007,338,77
1728463383680572000,1488,70,817,1058,245,257
1728463383681414000,1345,0,1058,1088,123,362
1728463383682256000,1165,0,1280,1058,46,455
1728463383683098000,953,0,1429,980,0,576
1728463383683940000,745,175,1586,898,10,726
1728463383684782000,559,158,1681,714,73,867
1728463383685624000,335,390,1731,599,23,989
1728463383686466000,174,608,1695,443,114,1065
1728463383687308000,43,832,1592,322,213,1108
1728463383688150000,0,1031,1447,197,337,1100
1728463383688992000,0,1225,1252,101,463,1060
1728463383689834000,0,1407,1032,26,578,983
1728463383690676000,78,1522,805,0,669,855
1728463383691518000,211,1617,581,0,788,722
1728463383692372000,402,1640,367,0,874,576
1728463383693214000,609,1605,269,52,948,433
1728463383694056000,796,1480,0,175,944,367
1728463383694898000,1093,1365,0,308,925,87
1728463383695740000,1226,1190,0,458,874,79
1728463383696581000,1390,970,0,605,791,0
1728463383697423000,1504,747,101,737,673,0
1728463383698265000,1581,537,256,853,554,0
1728463383699107000,1600,348,465,946,426,18
1728463383699950000,1653,173,674,1026,295,114
1728463383700792000,1512,42,894,1068,210,229
1728463383701634000,1275,0,1130,1105,100,373
1728463383702476000,1103,0,1335,1053,21,510
1728463383703318000,850,0,1511,916,0,648
1728463383704160000,661,101,1617,789,0,820
1728463383705002000,477,298,1716,671,0,904
1728463383705852000,292,448,1728,562,42,1016
1728463383706694000,137,657,1671,410,138,1073
1728463383707536000,17,876,1559,293,245,1105
1728463383708378000,0,1089,1401,173,369,1093
1728463383709220000,0,1269,1189,81,490,1036
1728463383710062000,5,1442,965,18,613,949
1728463383710904000,116,1549,737,0,708,810
1728463383711746000,261,1622,506,0,807,661
1728463383712588000,458,1626,308,5,882,522
1728463383713430000,767,1564,151,82,889,389
1728463383714272000,948,1472,0,277,932,261
1728463383715114000,1016,1323,13,405,906,180
1728463383715956000,1269,1143,0,495,855,52
1728463383716798000,1423,921,21,637,752,0
1728463383717640000,1530,706,144,768,638,0
1728463383718482000,1594,485,303,877,519,0
1728463383719329000,1589,299,514,970,397,41
1728463383720171000,1521,143,717,1037,282,206
1728463383721013000,1413,16,953,1077,186,289
1728463383721855000,1264,0,1170,1070,86,395
1728463383722697000,1071,0,1382,1018,5,549
1728463383723539000,863,130,1535,964,5,655
1728463383724381000,675,69,1650,795,77,818
1728463383725223000,430,226,1716,678,52,936
1728463383726065000,258,501,1728,522,56,1029
1728463383726907000,94,709,1651,380,165,1090
1728463383727749000,0,930,1514,254,285,1114
1728463383728591000,0,1146,1347,148,398,1091
1728463383729433000,0,1323,1137,58,533,1017
1728463383730275000,21,1462,914,0,634,925
1728463383731117000,135,1585,678,0,739,793
1728463383731959000,320,1638,463,0,815,639
1728463383732813000,503,1638,295,23,902,490
1728463383733655000,722,1570,148,114,921,450
1728463383734497000,949,1440,0,242,939,266
1728463383735339000,1142,1274,0,388,890,52
1728463383736181000,1318,1082,0,539,834,32
1728463383737023000,1456,864,45,669,732,0
1728463383737865000,1563,647,186,801,601,0
1728463383738707000,1595,448,362,907,484,0
1728463383739549000,1578,249,570,989,367,53
1728463383740391000,1580,101,795,1049,237,167
1728463383741233000,1348,0,1025,1125,146,295
1728463383742075000,1190,0,1237,1095,64,448
1728463383742916000,984,0,1434,1032,0,598
1728463383743758000,758,42,1574,846,0,712
1728463383744600000,552,224,1710,747,0,888
1728463383745442000,381,343,1733,615,11,967
1728463383746288000,203,549,1707,473,75,1052
1728463383747130000,66,772,1626,352,196,1090
1728463383747972000,0,979,1475,229,314,1112
1728463383748814000,0,1191,1294,117,437,1082
1728463383749655000,0,1351,1091,45,552,996
1728463383750497000,50,1511,861,0,660,869
1728463383751339000,189,1594,634,0,767,746
1728463383752181000,361,1624,417,0,852,601
1728463383753023000,564,1599,220,46,874,451
1728463383753865000,873,1504,138,164,913,320
1728463383754707000,866,1396,0,360,917,212
1728463383755549000,1133,1221,26,466,867,81
1728463383756391000,1350,1028,0,576,809,5
1728463383757233000,1481,809,69,706,704,0
1728463383758075000,1573,581,224,832,576,0
1728463383758917000,1604,386,405,932,448,0
1728463383759765000,1562,207,622,1010,335,81
1728463383760607000,1472,70,817,1059,234,261
1728463383761449000,1342,0,1064,1080,124,360
1728463383762291000,1165,3,1277,1047,53,465
1728463383763133000,949,50,1467,983,0,608
1728463383763975000,736,162,1604,895,4,724
1728463383764817000,541,213,1694,719,69,858
1728463383765659000,324,354,1735,591,64,979
1728463383766501000,171,613,1687,438,121,1065
1728463383767343000,42,832,1590,326,222,1099
1728463383768185000,0,1050,1446,195,343,1107
1728463383769026000,0,1239,1242,96,466,1056
1728463383769868000,0,1402,1022,18,583,970
1728463383770710000,69,1532,801,0,672,850
1728463383771552000,218,1629,581,0,789,717
1728463383772394000,398,1640,366,0,864,560
1728463383773245000,608,1600,248,65,922,420
1728463383774087000,805,1503,0,180,916,365
1728463383774929000,1056,1345,0,321,954,197
1728463383775771000,1237,1173,0,463,872,23
1728463383776613000,1389,965,1,610,777,0
1728463383777455000,1510,754,110,738,669,0
1728463383778297000,1585,523,266,859,549,0
1728463383779139000,1596,335,455,960,422,20
1728463383779981000,1556,173,682,1034,302,106
1728463383780823000,1525,25,919,1073,188,226
1728463383781665000,1370,0,1128,1075,98,373
1728463383782507000,1141,0,1344,1052,21,517
1728463383783349000,834,1,1520,1003,0,671
1728463383784191000,613,96,1675,893,0,791
1728463383785033000,442,245,1689,650,0,924
1728463383785875000,277,468,1728,535,34,1004
1728463383786726000,128,663,1671,410,137,1077
1728463383787568000,9,884,1549,282,251,1103
1728463383788410000,0,1093,1393,167,365,1091
1728463383789252000,0,1283,1193,71,494,1031
1728463383790094000,0,1442,971,9,609,952
1728463383790936000,121,1565,727,0,723,818
1728463383791778000,271,1630,513,0,806,671
1728463383792620000,463,1635,314,16,881,517
1728463383793462000,674,1530,133,121,968,362
1728463383794304000,882,1432,14,215,888,245
1728463383795146000,1196,1303,37,368,897,122
1728463383795988000,1300,1112,2,535,842,37
1728463383796829000,1429,905,14,648,759,0
1728463383797671000,1534,690,138,766,634,0
1728463383798512000,1594,485,307,880,505,0
1728463383799354000,1585,281,514,977,401,34
1728463383800203000,1520,128,730,1039,287,138
1728463383801045000,1405,14,1024,1074,165,260
1728463383801887000,1249,0,1230,1072,85,405
1728463383802728000,1055,0,1384,1021,17,623
1728463383803570000,847,21,1487,917,8,761
1728463383804412000,686,162,1624,800,0,853
1728463383805254000,425,325,1703,656,2,890
1728463383806096000,240,514,1712,503,67,1035
1728463383806938000,96,719,1648,377,160,1080
1728463383807780000,0,942,1519,253,295,1107
1728463383808622000,0,1145,1337,148,409,1088
1728463383809464000,0,1327,1132,50,533,1018
1728463383810306000,34,1474,908,0,640,918
1728463383811148000,146,1571,669,0,733,777
1728463383811990000,320,1628,469,0,832,644
1728463383812832000,509,1607,258,25,892,486
1728463383813683000,704,1547,104,90,919,369
1728463383814525000,914,1428,18,233,937,224
1728463383815367000,1108,1239,85,381,927,122
1728463383816209000,1315,1069,9,535,823,24
1728463383817051000,1457,861,47,677,727,0
1728463383817893000,1550,633,196,799,605,0
1728463383818735000,1596,435,362,905,483,0
1728463383819577000,1581,247,576,987,357,64
1728463383820419000,1500,146,805,1052,249,170
1728463383821261000,1367,0,1029,1090,180,298
1728463383822103000,1207,0,1253,1057,92,450
1728463383822945000,1014,0,1433,1004,0,594
1728463383823787000,810,23,1594,892,0,742
1728463383824629000,674,156,1738,773,0,864
1728463383825471000,424,352,1705,704,0,991
1728463383826313000,197,562,1715,469,89,1050
1728463383827159000,64,774,1614,353,200,1106
1728463383828001000,0,984,1475,218,314,1108
1728463383828843000,0,1194,1286,117,434,1066
1728463383829685000,0,1364,1075,30,554,994
1728463383830527000,53,1508,817,0,661,885
1728463383831369000,188,1600,602,0,767,757
1728463383832210000,373,1637,402,0,860,591
1728463383833052000,564,1614,213,57,910,444
1728463383833894000,815,1592,50,133,927,293
1728463383834736000,980,1335,0,296,986,174
1728463383835578000,1193,1169,0,410,803,71
1728463383836419000,1366,1016,0,576,815,5
1728463383837261000,1491,810,79,704,693,0
1728463383838103000,1574,584,228,824,577,0
1728463383838945000,1590,378,425,930,449,0
1728463383839787000,1569,218,626,1010,338,98
1728463383840698000,1471,69,865,1055,225,200
1728463383841540000,1316,0,1095,1079,118,338
1728463383842382000,1152,0,1296,1047,46,490
1728463383843224000,952,0,1472,975,0,640
1728463383844065000,731,82,1714,857,23,786
1728463383844907000,512,252,1763,726,0,901
1728463383845749000,330,413,1664,565,56,1058
1728463383846591000,167,615,1692,437,109,1068
1728463383847433000,29,827,1587,320,224,1108
1728463383848275000,0,1029,1425,192,348,1101
1728463383849117000,0,1248,1231,93,485,1060
1728463383849958000,0,1408,1018,26,580,969
1728463383850800000,85,1524,765,0,666,832
1728463383851642000,237,1607,556,0,784,705
1728463383852484000,418,1635,343,0,859,554
1728463383853326000,612,1601,178,74,932,413
1728463383854115000,789,1495,13,144,929,267
1728463383854957000,1013,1358,0,290,918,189
1728463383855798000,1216,1209,2,450,848,37
1728463383856640000,1396,960,0,613,781,0
1728463383857482000,1511,737,105,743,661,0
1728463383858324000,1584,525,276,862,539,0
1728463383859166000,1600,330,480,960,410,13
1728463383860009000,1550,164,690,1033,306,119
1728463383860851000,1440,121,905,1063,200,218
1728463383861692000,1291,47,1144,1088,93,365
1728463383862534000,1106,34,1344,1041,69,512
1728463383863376000,892,0,1525,956,13,669
1728463383864218000,704,57,1636,849,27,781
1728463383865060000,470,237,1728,690,0,904
1728463383865902000,376,450,1783,549,21,1013
1728463383866744000,117,676,1666,398,138,1088
1728463383867595000,10,882,1552,281,245,1105
1728463383868437000,0,1107,1385,165,378,1093
1728463383869278000,0,1285,1192,74,504,1038
1728463383870120000,0,1446,960,4,614,942
1728463383870962000,114,1557,732,0,717,807
1728463383871804000,277,1638,521,0,818,669
1728463383872646000,452,1632,308,11,875,517
1728463383873488000,677,1569,126,96,927,373
1728463383874330000,932,1476,0,224,925,154
1728463383875172000,1064,1422,0,394,928,98
1728463383876014000,1312,1188,0,525,843,5
1728463383876855000,1436,906,23,644,751,0
1728463383877697000,1541,691,149,776,645,0
1728463383878539000,1593,469,314,885,514,0
1728463383879381000,1584,279,517,971,382,40
1728463383880223000,1525,123,738,1043,279,137
1728463383881089000,1384,2,980,1122,170,269
1728463383881931000,1230,0,1198,1098,85,412
1728463383882772000,1037,0,1392,1003,6,570
1728463383883614000,833,29,1556,914,0,699
1728463383884456000,601,199,1703,788,0,822
1728463383885298000,405,285,1822,637,32,964
1728463383886140000,249,514,1643,500,47,1138
1728463383886982000,85,726,1651,382,165,1094
1728463383887824000,0,945,1519,245,286,1112
1728463383888666000,0,1152,1344,141,407,1088
1728463383889507000,0,1330,1130,50,534,1013
1728463383890349000,17,1476,913,0,631,912
1728463383891191000,149,1568,676,1,753,789
1728463383892033000,325,1624,450,0,832,634
1728463383892875000,501,1619,277,36,893,480
1728463383893717000,727,1529,106,133,930,333
1728463383894556000,840,1413,9,304,918,250
1728463383895398000,1088,1254,10,346,884,78
1728463383896240000,1268,1044,0,507,821,37
1728463383897082000,1464,850,41,680,734,5
1728463383897924000,1566,628,185,810,604,0
1728463383898766000,1589,428,362,907,474,0
1728463383899608000,1573,229,576,1000,359,57
1728463383900450000,1501,92,802,1057,250,166
1728463383901292000,1367,8,1024,1079,148,301
1728463383902134000,1203,66,1240,1066,69,440
1728463383902976000,997,34,1429,996,4,593
1728463383903818000,789,82,1585,888,0,732
1728463383904660000,545,100,1684,769,45,842
1728463383905502000,388,302,1724,619,0,961
1728463383906345000,320,537,1752,480,69,1050
1728463383907187000,54,781,1613,346,195,1095
1728463383908031000,0,989,1473,224,320,1105
1728463383908873000,0,1195,1273,113,449,1072
1728463383909715000,0,1377,1065,41,553,993
1728463383910557000,64,1514,847,0,674,872
1728463383911399000,192,1603,608,0,779,739
1728463383912241000,369,1635,404,0,853,595
1728463383913083000,571,1615,213,49,913,444
1728463383913925000,785,1517,42,158,941,308
1728463383914767000,1005,1376,0,284,916,116
1728463383915609000,1169,1333,0,452,888,31
1728463383916450000,1373,1095,0,609,809,0
1728463383917292000,1494,792,75,716,695,0
1728463383918134000,1578,576,234,832,569,0
1728463383918976000,1597,378,423,927,434,0
1728463383919818000,1562,197,634,1011,330,89
1728463383920660000,1474,66,878,1066,221,207
1728463383921514000,1301,4,1093,1122,116,346
1728463383922355000,1128,0,1311,1065,43,494
1728463383923197000,928,0,1479,962,0,639
1728463383924039000,730,81,1627,864,0,785
1728463383924881000,506,224,1706,716,0,883
1728463383925723000,322,434,1805,581,69,1009
1728463383926565000,162,589,1601,429,129,1147
1728463383927407000,27,837,1583,320,226,1108
1728463383928249000,0,1045,1428,193,350,1100
1728463383929091000,0,1241,1223,89,477,1055
1728463383929933000,0,1422,1007,10,584,982
1728463383930775000,90,1543,786,0,704,843
1728463383931617000,231,1600,553,2,786,694
1728463383932459000,422,1625,341,0,865,549
1728463383933301000,631,1589,174,79,913,407
1728463383934143000,837,1489,36,193,938,279
1728463383934993000,976,1338,18,368,916,168
1728463383935835000,1179,1153,0,425,853,43
1728463383936677000,1351,947,0,576,770,0
1728463383937519000,1522,736,107,747,670,0
1728463383938361000,1586,518,273,858,545,0
1728463383939203000,1601,329,470,955,414,18
1728463383940045000,1536,154,709,1036,297,112
1728463383940887000,1436,31,930,1069,197,234
1728463383941729000,1290,5,1139,1072,98,376
1728463383942571000,1103,10,1347,1034,27,512
1728463383943413000,883,74,1519,950,0,662
1728463383944255000,684,153,1647,838,13,802
1728463383945097000,450,185,1718,687,48,916
1728463383945939000,301,424,1714,535,0,1010
1728463383946781000,240,644,1705,415,126,1079
1728463383947623000,5,891,1546,272,253,1120
1728463383948682000,0,1103,1381,160,381,1089
1728463383949524000,0,1284,1183,72,506,1028
1728463383950366000,10,1451,943,2,625,948
1728463383951208000,127,1561,721,0,720,806
1728463383952050000,277,1638,504,0,812,658
1728463383952892000,476,1619,294,7,893,513
1728463383953734000,681,1572,113,94,924,382
1728463383954577000,900,1473,1,218,943,238
1728463383955419000,1120,1362,0,372,911,71
1728463383956261000,1305,1185,0,536,848,10
1728463383957103000,1455,960,0,622,820,0
1728463383957945000,1533,671,151,781,633,0
1728463383958787000,1600,466,320,887,517,0
1728463383959629000,1593,279,524,977,389,41
1728463383960471000,1514,117,761,1052,274,146
1728463383961313000,1402,14,985,1080,171,277
1728463383961953000,1218,0,1200,1064,74,426
1728463383962795000,1031,0,1397,997,1,562
1728463383963637000,821,30,1565,914,0,709
1728463383964479000,623,152,1668,802,0,838
1728463383965321000,399,300,1829,625,0,961
1728463383966163000,224,558,1782,490,85,1032
1728463383967005000,100,713,1553,362,196,1168
1728463383967847000,0,952,1511,235,279,1111
1728463383968689000,0,1162,1344,144,407,1088
1728463383969530000,0,1342,1130,52,534,1010
1728463383970372000,36,1478,890,0,642,908
1728463383971214000,156,1586,656,0,751,777
1728463383972056000,330,1624,448,0,832,622
1728463383972898000,525,1605,250,46,897,469
1728463383973740000,744,1551,102,135,927,343
1728463383974583000,962,1423,0,260,918,210
1728463383975433000,1059,1240,2,465,885,144
1728463383976275000,1266,1042,5,594,816,4
1728463383977117000,1433,833,43,621,709,0
1728463383977959000,1566,622,199,814,606,0
1728463383978801000,1600,416,373,918,480,0
1728463383979643000,1580,231,576,997,362,69
1728463383980485000,1495,89,813,1060,240,169
1728463383981327000,1356,0,1051,1088,141,312
1728463383982169000,1197,0,1231,1061,64,448
1728463383983010000,997,1,1424,992,2,602
1728463383983852000,787,132,1576,891,0,728
1728463383984694000,565,221,1695,764,0,864
1728463383985536000,345,295,1722,619,74,960
1728463383986378000,222,538,1702,452,26,1058
1728463383987220000,174,773,1651,352,162,1098
1728463383988062000,0,1003,1461,210,329,1109
1728463383988919000,0,1208,1287,110,440,1074
1728463383989761000,0,1379,1072,28,556,986
1728463383990603000,64,1514,840,0,670,874
1728463383991445000,196,1607,599,0,773,733
1728463383992287000,368,1640,402,0,844,591
1728463383993129000,570,1611,212,64,915,437
1728463383993971000,786,1511,66,162,925,309
1728463383994813000,1011,1388,0,285,927,197
1728463383995655000,1248,1219,0,448,872,2
1728463383996497000,1351,1116,0,590,791,0
1728463383997339000,1498,887,73,743,699,0
1728463383998181000,1578,562,240,835,563,0
1728463383999023000,1597,369,425,940,448,2
1728463383999866000,1560,192,641,1022,333,97
1728463384000708000,1464,64,875,1064,218,215
1728463384001550000,1322,2,1108,1082,120,343
1728463384002392000,1112,0,1318,1098,37,500
1728463384003234000,919,0,1485,1006,0,650
1728463384004076000,711,84,1628,885,0,771
1728463384004918000,501,221,1714,718,0,897
1728463384005760000,306,454,1743,562,37,988
1728463384006602000,157,650,1782,420,149,1083
1728463384007444000,18,862,1494,304,231,1194
1728463384008286000,0,1051,1428,189,365,1101
1728463384009128000,0,1252,1222,86,478,1061
1728463384009970000,0,1413,1008,10,586,966
1728463384010812000,92,1543,773,0,704,836
1728463384011654000,237,1625,550,0,797,711
1728463384012496000,426,1600,335,0,875,535
1728463384013338000,639,1574,170,87,911,401
1728463384014181000,849,1477,46,197,929,260
1728463384015023000,1088,1345,0,339,916,148
1728463384015870000,1122,1154,0,555,846,87
1728463384016711000,1327,960,41,666,773,0
1728463384017553000,1487,727,117,715,665,0
1728463384018395000,1586,516,278,858,538,0
1728463384019237000,1603,322,480,963,405,21
1728463384020079000,1534,151,708,1034,296,117
1728463384020921000,1425,30,937,1069,192,242
1728463384021763000,1283,2,1167,1081,90,389
1728463384022605000,1090,0,1345,1032,26,576
1728463384023447000,882,10,1519,943,0,668
1728463384024289000,668,115,1641,824,0,789
1728463384025131000,481,325,1720,690,0,909
1728463384025973000,260,386,1720,535,126,1009
1728463384026815000,142,642,1664,393,75,1067
1728463384027657000,85,889,1539,284,237,1105
1728463384028499000,0,1112,1376,164,390,1084
1728463384029353000,0,1291,1169,67,505,1033
1728463384030195000,10,1453,940,4,625,932
1728463384031037000,130,1564,715,0,725,799
1728463384031879000,281,1636,487,0,820,657
1728463384032721000,466,1633,298,18,883,509
1728463384033563000,677,1572,130,109,921,370
1728463384034405000,893,1458,10,229,937,231
1728463384035247000,1103,1285,0,370,911,174
1728463384036089000,1336,1123,0,506,840,26
1728463384036931000,1496,910,0,649,732,0
1728463384037773000,1529,751,153,781,628,0
1728463384038615000,1600,463,330,890,500,0
1728463384039457000,1579,269,540,977,378,45
1728463384040299000,1524,129,765,1050,274,154
1728463384041141000,1402,8,994,1083,171,280
1728463384041982000,1232,0,1208,1072,74,423
1728463384042823000,1103,0,1407,1006,0,576
1728463384043665000,888,33,1571,954,0,705
1728463384044507000,591,154,1679,832,0,844
1728463384045349000,378,306,1729,684,5,953
1728463384046191000,197,533,1700,466,66,1068
1728463384047033000,68,773,1641,347,175,1066
1728463384047875000,0,946,1535,244,296,1110
1728463384048717000,0,1163,1315,132,423,1089
1728463384049559000,0,1344,1112,50,540,1007
1728463384050401000,34,1490,894,0,646,904
1728463384051243000,168,1584,651,0,756,765
1728463384052084000,332,1635,434,0,839,624
1728463384052926000,532,1620,242,42,895,469
1728463384053768000,744,1535,95,148,938,335
1728463384054610000,962,1406,0,277,932,210
1728463384055452000,1170,1218,0,400,842,88
1728463384056304000,1450,1010,37,578,781,8
1728463384057146000,1564,798,87,702,704,0
1728463384057988000,1527,604,192,832,599,0
1728463384058830000,1601,410,379,922,465,0
1728463384059672000,1564,224,595,1002,349,66
1728463384060514000,1493,81,816,1055,242,185
1728463384061356000,1361,0,1054,1082,139,313
1728463384062198000,1180,0,1279,1070,53,466
1728463384063040000,988,0,1465,999,0,608
1728463384063882000,778,64,1586,880,0,819
1728463384064724000,562,198,1676,754,0,906
1728463384065566000,373,362,1695,597,10,909
1728463384066409000,216,661,1684,477,101,1038
1728463384067251000,41,706,1602,325,277,1102
1728463384068093000,0,1001,1478,213,321,1109
1728463384068935000,0,1210,1274,110,450,1072
1728463384069784000,0,1384,1056,23,576,992
1728463384070626000,64,1519,832,0,662,869
1728463384071468000,202,1603,605,0,778,738
1728463384072310000,381,1636,392,0,847,590
1728463384073152000,586,1613,212,57,904,450
1728463384073994000,791,1520,66,162,935,301
1728463384074836000,1009,1372,0,301,933,177
1728463384075677000,1202,1182,92,435,904,114
1728463384076519000,1367,1021,77,590,821,8
1728463384077361000,1495,810,46,704,679,100
1728463384078203000,1580,558,229,843,576,11
1728463384079045000,1600,360,436,938,433,10
1728463384079887000,1557,189,654,1022,325,92
1728463384080729000,1454,45,876,1066,218,215
1728463384081571000,1316,10,1105,1077,117,363
1728463384082413000,1143,0,1315,1044,77,503
1728463384083267000,933,0,1487,968,18,638
1728463384084109000,716,78,1630,850,0,779
1728463384084951000,576,234,1713,717,0,901
1728463384085793000,393,420,1730,585,10,1007
1728463384086635000,64,639,1681,477,122,1129
1728463384087477000,0,861,1567,234,229,1099
1728463384088319000,0,1064,1423,177,348,1103
1728463384089160000,0,1258,1219,85,474,1046
1728463384090002000,0,1434,1005,14,594,971
1728463384090844000,101,1539,767,0,704,835
1728463384091686000,247,1614,541,0,793,696
1728463384092528000,427,1637,338,0,872,543
1728463384093370000,636,1583,164,82,920,402
1728463384094212000,864,1491,29,194,941,270
1728463384095054000,1081,1337,0,343,922,137
1728463384095896000,1236,1029,0,464,928,38
1728463384096746000,1386,858,0,642,824,0
1728463384097588000,1545,666,111,753,589,0
1728463384098430000,1588,513,282,869,529,0
1728463384099272000,1591,314,484,967,413,26
1728463384100114000,1537,149,704,1040,298,119
1728463384100956000,1435,34,938,1074,186,247
1728463384101798000,1273,4,1161,1073,94,386
1728463384102639000,1067,0,1364,1020,20,550
1728463384103481000,874,13,1523,928,0,681
1728463384104323000,658,132,1660,812,0,815
1728463384105165000,450,288,1779,680,0,927
1728463384106007000,274,517,1791,522,77,1021
1728463384106849000,121,685,1589,379,169,1154
1728463384107691000,54,930,1506,261,258,1032
1728463384108533000,0,1116,1373,165,389,1093
1728463384109375000,0,1310,1162,64,518,1038
1728463384110222000,13,1456,939,0,618,937
1728463384111063000,132,1575,708,0,718,804
1728463384111905000,294,1628,485,0,826,656
1728463384112747000,485,1609,277,23,885,495
1728463384113589000,698,1564,130,114,905,351
1728463384114432000,889,1447,10,239,933,246
1728463384115274000,1099,1308,0,377,913,126
1728463384116116000,1234,1106,26,558,842,53
1728463384116957000,1395,882,34,594,732,0
1728463384117799000,1504,671,160,749,614,2
1728463384118641000,1600,456,331,895,501,0
1728463384119483000,1584,266,544,983,369,46
1728463384120325000,1526,118,770,1048,277,145
1728463384121167000,1396,2,1000,1090,159,282
1728463384122009000,1235,0,1231,1067,66,437
1728463384122851000,1039,0,1400,1016,1,562
1728463384123697000,824,114,1560,914,0,688
1728463384124539000,613,186,1675,793,0,835
1728463384125381000,407,309,1728,649,21,947
1728463384126223000,244,485,1714,489,17,1025
1728463384127065000,193,729,1694,388,149,1099
1728463384127907000,47,948,1490,320,285,1116
1728463384128749000,0,1163,1319,132,407,1074
1728463384129590000,0,1352,1109,57,546,1003
1728463384130432000,38,1485,885,0,649,899
1728463384131274000,165,1586,648,0,748,767
1728463384132116000,343,1631,432,0,836,608
1728463384132958000,525,1620,245,42,897,466
1728463384133800000,736,1546,85,133,933,331
1728463384134643000,953,1412,0,273,924,193
1728463384135485000,1164,1253,0,407,894,100
1728463384136327000,1368,1029,0,554,795,0
1728463384137177000,1440,940,41,690,705,0
1728463384138019000,1600,674,192,832,581,0
1728463384138861000,1593,405,397,916,463,0
1728463384139703000,1566,231,602,997,345,78
1728463384140545000,1495,82,832,1060,242,175
1728463384141387000,1353,0,1063,1088,133,320
1728463384142229000,1183,0,1272,1062,52,468
1728463384143071000,1018,0,1464,1054,0,613
1728463384143913000,747,56,1600,917,0,749
1728463384144755000,535,203,1699,738,0,872
1728463384145597000,348,378,1728,601,13,975
1728463384146439000,177,558,1816,450,107,1062
1728463384147281000,30,832,1657,325,210,1098
1728463384148123000,0,975,1368,207,335,1179
1728463384148965000,0,1208,1269,104,453,1069
1728463384149806000,0,1383,1048,32,568,982
1728463384150659000,64,1520,832,0,674,873
1728463384151501000,207,1600,588,0,779,736
1728463384152343000,389,1642,382,0,856,579
1728463384153185000,599,1567,185,65,919,412
1728463384154027000,799,1490,53,178,925,293
1728463384154869000,1016,1361,5,303,916,172
1728463384155711000,1187,1187,0,453,878,74
1728463384156553000,1278,982,18,655,788,39
1728463384157395000,1444,773,90,642,674,0
1728463384158237000,1536,541,245,810,558,18
1728463384159079000,1596,361,448,946,437,5
1728463384159921000,1556,183,658,1023,320,103
1728463384160763000,1464,49,890,1066,209,218
1728463384161605000,1309,0,1120,1080,109,350
1728463384162447000,1125,0,1332,1045,34,505
1728463384163289000,948,1,1484,962,0,631
1728463384164135000,714,192,1617,841,0,767
1728463384164977000,501,306,1699,706,0,890
1728463384165819000,309,409,1730,570,67,1001
1728463384166661000,170,589,1673,429,122,1061
1728463384167503000,88,839,1568,300,206,1103
1728463384168345000,73,1067,1454,184,336,1096
1728463384169187000,0,1265,1216,84,490,1055
1728463384170029000,0,1425,993,7,594,957
1728463384170871000,98,1555,765,0,704,832
1728463384171713000,245,1621,549,0,798,688
1728463384172555000,442,1640,326,0,879,543
1728463384173397000,645,1587,162,87,927,397
1728463384174239000,852,1481,37,207,938,265
1728463384175081000,1072,1328,0,344,920,146
1728463384175923000,1265,1145,0,487,858,41
1728463384176764000,1477,967,0,625,767,0
1728463384177620000,1530,722,100,759,657,0
1728463384178462000,1604,604,253,901,551,0
1728463384179304000,1593,306,485,965,400,23
1728463384180146000,1532,143,717,1037,290,125
1728463384180988000,1425,22,940,1076,189,250
1728463384181830000,1280,0,1163,1069,95,394
1728463384182672000,1088,1,1370,1031,11,543
1728463384183514000,924,9,1535,992,0,682
1728463384184356000,634,130,1648,844,0,815
1728463384185198000,441,288,1721,649,0,933
1728463384186040000,261,490,1728,521,58,1017
1728463384186882000,113,672,1756,381,178,1097
1728463384187724000,0,960,1602,258,277,1118
1728463384188566000,0,1133,1283,139,365,1185
1728463384189407000,0,1305,1172,66,512,1025
1728463384190249000,16,1465,933,0,623,925
1728463384191094000,133,1571,705,0,722,808
1728463384191936000,290,1627,490,0,821,648
1728463384192778000,487,1626,287,23,889,501
1728463384193620000,708,1553,117,118,925,357
1728463384194463000,915,1438,10,237,919,235
1728463384195305000,1126,1275,1,389,902,121
1728463384196147000,1299,1088,0,525,842,28
1728463384196988000,1323,875,17,736,711,37
1728463384197830000,1476,652,192,832,612,0
1728463384198672000,1546,425,341,839,485,0
1728463384199514000,1586,261,546,984,372,50
1728463384200356000,1507,111,767,1048,261,149
1728463384201198000,1391,2,1002,1088,160,286
1728463384202040000,1234,0,1218,1066,82,434
1728463384202881000,1031,0,1413,1010,0,576
1728463384203723000,814,53,1552,908,0,754
1728463384204686000,608,161,1662,783,0,837
1728463384205528000,412,407,1719,634,2,962
1728463384206370000,222,509,1709,487,105,1044
1728463384207212000,101,694,1626,367,109,1088
1728463384208054000,0,942,1490,225,249,1107
1728463384208896000,82,1169,1367,125,388,1079
1728463384209738000,0,1344,1103,43,540,1005
1728463384210580000,52,1489,871,0,663,896
1728463384211422000,178,1600,637,0,753,767
1728463384212264000,346,1633,430,0,842,605
1728463384213106000,543,1612,229,43,900,462
1728463384213948000,750,1532,84,138,940,331
1728463384214790000,962,1417,0,266,929,196
1728463384215632000,1166,1242,0,432,890,96
1728463384216474000,1354,1044,0,546,826,13
1728463384217316000,1533,859,18,674,692,0
1728463384218047000,1544,715,199,822,595,0
1728463384218889000,1588,508,387,960,472,0
1728463384219731000,1573,226,599,1009,343,78
1728463384220573000,1487,82,847,1060,226,185
1728463384221415000,1344,0,1074,1088,133,332
1728463384222257000,1180,0,1272,1054,64,474
1728463384223098000,975,0,1464,984,0,626
1728463384223940000,815,64,1603,890,0,746
1728463384224782000,517,200,1707,796,0,880
1728463384225624000,337,389,1722,590,23,992
1728463384226466000,179,595,1702,451,98,1059
1728463384227308000,31,784,1708,320,225,1116
1728463384228150000,0,1065,1526,192,358,1113
1728463384228992000,0,1223,1153,84,434,1151
1728463384229834000,0,1397,1044,28,567,983
1728463384230676000,70,1517,820,0,682,855
1728463384231526000,213,1614,578,0,783,728
1728463384232368000,392,1632,376,0,853,578
1728463384233210000,591,1605,193,64,907,418
1728463384234052000,807,1504,42,181,939,290
1728463384234894000,1033,1362,0,309,901,157
1728463384235736000,1212,1189,2,460,866,64
1728463384236577000,1383,975,0,597,784,0
1728463384237419000,1574,762,90,716,654,0
1728463384238261000,1487,561,264,898,542,41
1728463384239103000,1566,362,468,883,427,0
1728463384239945000,1558,181,666,1022,320,98
1728463384240787000,1457,53,900,1071,202,217
1728463384241629000,1306,2,1122,1081,106,357
1728463384242470000,1117,0,1332,1047,32,506
1728463384243311000,931,0,1498,969,0,653
1728463384244153000,706,100,1616,847,0,824
1728463384249251000,497,253,1704,712,0,888
1728463384250093000,308,490,1710,564,45,992
1728463384250935000,144,672,1679,415,148,1079
1728463384251777000,4,795,1567,322,295,1091
1728463384252619000,11,1035,1401,177,300,1088
1728463384253461000,0,1242,1210,72,434,1038
1728463384254303000,0,1432,984,5,600,963
1728463384255145000,100,1551,754,0,711,821
1728463384255987000,253,1615,520,0,800,684
1728463384256829000,448,1632,320,1,879,537
1728463384257671000,660,1582,160,91,912,383
1728463384258513000,864,1486,26,215,925,250
1728463384259355000,1071,1327,0,346,925,146
1728463384260197000,1251,1137,0,502,844,46
1728463384261038000,1407,933,43,630,770,0
1728463384261880000,1513,685,66,752,645,64
1728463384262722000,1602,501,235,864,543,21
1728463384263564000,1625,297,466,967,388,0
1728463384264406000,1531,139,723,1042,290,130
1728463384265248000,1421,26,948,1072,178,258
1728463384266089000,1261,0,1173,1070,79,404
1728463384266931000,1084,4,1372,1024,4,551
1728463384267773000,869,24,1539,935,0,689
1728463384268615000,669,121,1658,815,0,818
1728463384269457000,525,286,1722,662,0,935
1728463384270299000,241,491,1715,560,56,1026
1728463384271141000,71,695,1659,352,139,1089
1728463384271983000,0,924,1535,224,261,1131
1728463384272825000,0,1175,1378,141,378,1074
1728463384273667000,0,1291,1249,45,520,1025
1728463384274509000,16,1461,925,0,625,923
1728463384275351000,142,1583,698,0,732,809
1728463384276202000,309,1629,477,0,821,638
1728463384277044000,489,1619,293,29,884,491
1728463384277886000,704,1553,114,114,927,358
1728463384278728000,927,1439,0,245,935,215
1728463384279570000,1114,1254,0,394,901,114
1728463384280412000,1310,1076,0,535,842,34
1728463384281254000,1450,847,29,669,737,0
1728463384282096000,1647,626,185,799,570,0
1728463384282938000,1703,409,395,910,473,0
1728463384283780000,1478,257,544,1056,370,58
1728463384284622000,1511,105,777,1057,256,158
1728463384285464000,1380,0,1018,1088,151,290
1728463384286306000,1221,0,1231,1076,71,440
1728463384287147000,1026,0,1414,1006,10,588
1728463384287988000,813,41,1571,897,0,723
1728463384288830000,591,174,1746,776,0,852
1728463384289665000,395,338,1744,639,11,1017
1728463384290507000,218,549,1697,474,77,1079
1728463384291349000,65,767,1613,346,178,1061
1728463384292191000,0,1061,1469,263,312,1073
1728463384293033000,26,1246,1284,125,429,1055
1728463384293874000,0,1299,1082,43,595,989
1728463384294716000,38,1508,879,0,649,889
1728463384295558000,178,1600,634,0,762,760
1728463384296400000,349,1636,413,0,847,609
1728463384297242000,546,1614,237,45,894,452
1728463384298084000,751,1530,82,149,935,322
1728463384298926000,976,1403,0,260,933,197
1728463384299768000,1167,1226,0,416,878,98
1728463384300610000,1331,1038,0,569,818,5
1728463384301452000,1465,818,64,689,708,0
1728463384302294000,1560,576,292,806,628,10
1728463384303153000,1594,435,450,917,454,1
1728463384303995000,1565,221,581,1010,343,128
1728463384304837000,1488,78,832,1064,246,197
1728463384305679000,1345,0,1072,1080,122,327
1728463384306521000,1171,0,1281,1056,49,474
1728463384307362000,970,0,1475,986,0,627
1728463384308204000,761,71,1610,881,0,766
1728463384309046000,545,184,1696,738,23,884
1728463384309888000,349,378,1724,594,10,974
1728463384310730000,235,582,1683,450,101,1064
1728463384311572000,0,800,1592,378,201,1120
1728463384312414000,0,1033,1460,258,331,1146
1728463384313256000,0,1216,1256,37,466,1040
1728463384314098000,0,1398,1030,4,579,982
1728463384314940000,78,1527,807,0,678,858
1728463384315782000,213,1613,569,0,785,711
1728463384316628000,393,1640,362,0,861,576
1728463384317470000,611,1602,173,64,925,423
1728463384318312000,824,1510,47,185,928,285
1728463384319154000,1042,1362,0,313,916,158
1728463384319996000,1216,1189,0,461,876,64
1728463384320838000,1391,978,0,598,779,0
1728463384321680000,1524,795,87,713,751,0
1728463384322522000,1564,457,253,861,610,0
1728463384323364000,1616,288,440,951,345,8
1728463384324206000,1562,171,669,1028,298,98
1728463384325048000,1450,43,903,1067,206,224
1728463384325890000,1320,2,1130,1078,107,368
1728463384326732000,1123,0,1336,1049,27,519
1728463384327574000,924,5,1508,961,0,657
1728463384328416000,698,103,1637,839,0,793
1728463384329258000,469,240,1712,704,0,903
1728463384330124000,309,440,1721,548,50,1012
1728463384330966000,138,658,1703,424,133,1085
1728463384331808000,11,855,1487,284,231,1185
1728463384332650000,1,1080,1344,162,382,1145
1728463384333492000,42,1282,1168,73,490,966
1728463384334334000,5,1436,976,8,606,954
1728463384335175000,104,1548,743,2,709,832
1728463384336017000,258,1622,514,0,810,682
1728463384336859000,451,1633,314,5,869,530
1728463384337701000,650,1576,151,93,920,386
1728463384338543000,870,1459,14,210,930,260
1728463384339385000,1088,1329,1,352,901,133
1728463384340227000,1266,1135,10,498,842,39
1728463384341068000,1408,924,9,639,744,0
1728463384341910000,1456,696,143,797,637,18
1728463384342752000,1537,491,302,802,501,0
1728463384343602000,1547,324,517,942,382,64
1728463384344444000,1528,143,729,1040,281,130
1728463384345286000,1423,27,960,1082,171,266
1728463384346128000,1266,1,1184,1076,77,402
1728463384346969000,1075,0,1380,1029,8,545
1728463384347811000,864,21,1542,943,0,692
1728463384348653000,645,137,1651,808,0,852
1728463384349495000,441,298,1708,671,0,963
1728463384350337000,254,562,1710,522,64,1016
1728463384351179000,104,741,1639,378,155,1088
1728463384352021000,26,976,1514,258,288,1082
1728463384352862000,0,1058,1358,151,456,1090
1728463384353704000,0,1268,1154,77,560,1012
1728463384354546000,17,1472,925,0,629,922
1728463384355388000,138,1576,686,0,734,791
1728463384356230000,301,1631,461,0,832,639
1728463384357071000,490,1622,281,29,890,489
1728463384357913000,711,1560,111,125,926,361
1728463384358756000,905,1458,5,245,933,213
1728463384359598000,1112,1275,0,389,896,109
1728463384360440000,1296,1076,0,529,835,34
1728463384361282000,1442,875,50,663,732,0
1728463384362124000,1538,638,72,794,597,68
1728463384362966000,1602,421,282,901,520,49
1728463384363808000,1589,246,538,986,352,0
1728463384364650000,1504,105,788,1056,260,156
1728463384365492000,1384,0,1013,1083,153,298
1728463384366333000,1216,5,1228,1059,68,452
1728463384367174000,1018,0,1425,1004,5,596
1728463384368016000,803,55,1579,908,0,725
1728463384368858000,596,161,1686,767,0,852
1728463384369700000,448,344,1718,625,2,967
1728463384370546000,192,548,1704,508,84,1042
1728463384371388000,57,763,1625,341,192,1097
1728463384372230000,0,1013,1505,210,303,1127
1728463384373072000,0,1248,1320,102,427,1051
1728463384373914000,0,1348,1189,25,559,995
1728463384374756000,45,1496,864,0,656,890
1728463384375598000,186,1600,629,0,763,749
1728463384376440000,356,1632,418,0,837,594
1728463384377282000,546,1609,238,49,904,458
1728463384378124000,761,1532,71,148,932,325
1728463384378966000,992,1359,0,289,927,170
1728463384379808000,1168,1211,2,433,885,93
1728463384380650000,1347,1005,0,586,794,1
1728463384381492000,1479,804,75,697,700,0
1728463384382334000,1659,578,260,834,562,0
1728463384383176000,1654,369,402,923,434,0
1728463384384021000,1483,195,645,1060,335,94
1728463384384863000,1486,71,835,1066,228,187
1728463384385705000,1338,0,1075,1088,129,338
1728463384386547000,1169,1,1285,1058,47,490
1728463384387388000,964,0,1460,981,0,628
1728463384388230000,758,81,1608,875,0,757
1728463384389072000,530,225,1743,745,0,883
1728463384389914000,340,392,1712,590,26,1040
1728463384390756000,180,615,1679,448,107,1048
1728463384391598000,42,861,1589,320,218,1100
1728463384392440000,15,1088,1429,197,369,1080
1728463384393282000,0,1142,1252,97,523,1054
1728463384394124000,0,1336,1008,41,616,960
1728463384394966000,68,1538,805,0,682,868
1728463384395808000,226,1606,569,0,791,714
1728463384396650000,402,1634,365,0,861,566
1728463384397509000,605,1595,186,68,916,412
1728463384398351000,821,1496,40,187,938,289
1728463384399193000,1025,1364,0,313,921,165
1728463384400035000,1226,1183,0,462,874,54
1728463384400877000,1381,948,0,611,778,0
1728463384401719000,1510,746,100,736,682,0
1728463384402561000,1583,556,305,850,545,18
1728463384403403000,1602,322,381,946,448,74
1728463384404245000,1596,151,634,1023,297,37
1728463384405087000,1449,39,904,1077,204,229
1728463384405929000,1308,4,1138,1083,109,373
1728463384406771000,1113,0,1339,1039,26,523
1728463384407612000,910,0,1506,963,0,660
1728463384408454000,707,109,1639,837,0,795
1728463384409296000,490,244,1714,704,0,910
1728463384410138000,362,441,1736,554,37,1009
1728463384410981000,111,660,1667,440,133,1088
1728463384411823000,5,881,1557,277,245,1111
1728463384412665000,0,1115,1416,149,361,1120
1728463384413507000,0,1293,1183,58,498,1029
1728463384414349000,5,1408,1088,0,632,954
1728463384415191000,106,1567,738,0,713,832
1728463384416033000,269,1619,517,0,814,673
1728463384416875000,454,1630,313,7,874,522
1728463384417718000,662,1582,146,97,928,383
1728463384418560000,873,1464,10,213,937,253
1728463384419402000,1088,1292,0,347,905,133
1728463384420244000,1288,1120,0,505,853,36
1728463384421086000,1419,912,20,640,746,0
1728463384421928000,1538,687,137,767,638,0
1728463384422770000,1675,464,350,875,485,0
1728463384423612000,1484,290,498,1035,378,76
1728463384424456000,1465,117,745,996,270,119
1728463384425298000,1417,21,971,1091,170,261
1728463384426140000,1255,0,1194,1076,85,404
1728463384426981000,1063,0,1385,1024,13,562
1728463384427823000,852,17,1541,935,0,693
1728463384428665000,654,141,1669,808,0,832
1728463384429507000,434,302,1701,665,0,1017
1728463384430349000,245,496,1707,511,66,1070
1728463384431191000,98,713,1620,377,169,1075
1728463384432033000,0,981,1512,256,272,1103
1728463384432875000,0,1189,1335,128,490,1073
1728463384433717000,0,1226,1128,73,604,1010
1728463384434559000,41,1412,911,4,682,913
1728463384435401000,151,1595,677,0,742,791
1728463384436243000,306,1630,469,0,832,644
1728463384437085000,506,1615,260,32,898,488
1728463384437939000,725,1559,102,117,929,351
1728463384438781000,933,1435,5,250,927,221
1728463384439623000,1117,1293,0,381,889,119
1728463384440465000,1317,1080,0,530,835,28
1728463384441307000,1468,866,46,665,727,0
1728463384442149000,1551,643,183,791,616,0
1728463384442991000,1592,455,394,887,471,66
1728463384443833000,1585,260,492,981,378,121
1728463384444675000,1504,81,759,1048,250,118
1728463384445517000,1378,0,1027,1088,148,303
1728463384446358000,1212,0,1248,1061,64,453
1728463384447199000,1013,0,1432,1003,0,597
1728463384448041000,798,64,1591,906,0,729
1728463384448883000,595,174,1686,778,0,860
1728463384449725000,385,335,1721,619,0,965
1728463384450567000,267,554,1706,476,79,1046
1728463384451420000,49,758,1610,386,192,1094
1728463384452262000,0,984,1480,211,304,1116
1728463384453104000,0,1183,1284,84,440,1088
1728463384453946000,0,1410,1091,26,548,1012
1728463384454788000,46,1508,845,0,669,874
1728463384455630000,186,1601,610,0,761,752
1728463384456472000,356,1639,408,0,849,591
1728463384457314000,576,1602,218,54,912,448
1728463384458156000,778,1528,69,158,930,321
1728463384458998000,986,1400,0,282,928,196
1728463384459840000,1188,1219,0,431,882,80
1728463384460681000,1359,1001,0,579,812,4
1728463384461523000,1486,810,74,714,690,0
1728463384462365000,1573,581,225,837,576,0
1728463384463207000,1720,353,454,947,412,0
1728463384464049000,1628,193,617,1004,306,90
1728463384464906000,1405,66,881,1105,213,210
1728463384465748000,1330,0,1088,1094,125,334
1728463384466590000,1164,0,1285,1047,50,485
1728463384467432000,963,0,1480,975,0,639
1728463384468274000,743,85,1614,868,0,759
1728463384469116000,525,218,1703,738,0,889
1728463384469958000,335,409,1767,578,26,995
1728463384470800000,171,621,1671,436,116,1113
1728463384471642000,33,832,1580,320,218,1091
1728463384472484000,0,1080,1434,193,343,1110
1728463384473326000,10,1313,1232,111,460,1028
1728463384474168000,0,1459,1009,4,658,939
1728463384475010000,66,1441,799,9,740,837
1728463384475852000,226,1619,559,0,794,718
1728463384476694000,415,1646,362,0,862,560
1728463384477536000,615,1593,184,78,919,417
1728463384478378000,832,1497,37,190,941,290
1728463384479220000,1045,1355,0,322,921,157
1728463384480062000,1221,1181,0,463,853,71
1728463384480904000,1387,975,0,613,782,4
1728463384481746000,1505,761,101,736,678,0
1728463384482588000,1567,523,267,857,548,0
1728463384483430000,1570,366,530,960,440,10
1728463384484272000,1551,162,617,1021,331,181
1728463384485114000,1484,64,866,1065,183,157
1728463384485956000,1298,1,1144,1084,109,370
1728463384486798000,1107,0,1350,1042,33,529
1728463384487639000,904,9,1514,952,0,673
1728463384488481000,692,114,1648,832,0,804
1728463384489323000,482,274,1717,697,0,924
1728463384490165000,305,440,1721,549,42,1013
1728463384491007000,194,663,1669,405,121,1082
1728463384491856000,5,883,1561,331,245,1102
1728463384492698000,0,1092,1392,194,370,1104
1728463384493540000,0,1287,1181,0,492,1013
1728463384494382000,0,1440,954,0,590,961
1728463384495224000,90,1614,762,0,712,798
1728463384496066000,269,1623,503,0,810,673
1728463384496908000,463,1640,314,9,875,525
1728463384497750000,660,1578,146,105,926,368
1728463384498593000,885,1456,14,229,942,252
1728463384499435000,1095,1310,0,356,914,139
1728463384500277000,1279,1125,0,510,849,25
1728463384501119000,1426,911,20,648,758,0
1728463384501961000,1528,663,138,778,643,0
1728463384502803000,1600,466,309,884,523,0
1728463384503645000,1575,257,516,980,341,21
1728463384504487000,1621,103,767,1047,261,144
1728463384505342000,1312,20,952,1134,155,306
1728463384506184000,1260,0,1194,1078,79,409
1728463384507026000,1057,0,1392,1024,13,555
1728463384507867000,853,31,1552,931,0,706
1728463384508709000,637,148,1675,802,0,835
1728463384509551000,433,314,1728,663,0,946
1728463384510393000,242,501,1791,509,76,1031
1728463384511235000,93,724,1626,373,169,1157
1728463384512077000,0,942,1508,257,281,1133
1728463384512919000,0,1149,1329,141,405,1054
1728463384513760000,0,1309,1116,54,525,970
1728463384514602000,18,1585,871,17,661,865
1728463384515444000,180,1636,653,0,747,756
1728463384516286000,311,1640,451,0,832,634
1728463384517128000,513,1623,255,30,901,486
1728463384517970000,719,1547,100,122,924,337
1728463384518820000,946,1434,0,256,944,207
1728463384519662000,1144,1266,0,407,902,106
1728463384520504000,1291,1066,0,541,817,28
1728463384521345000,1461,850,58,669,721,0
1728463384522187000,1549,647,175,789,606,0
1728463384523029000,1602,434,363,899,490,0
1728463384523871000,1559,224,667,985,383,85
1728463384524713000,1491,129,864,1045,253,148
1728463384525555000,1376,0,986,1082,162,368
1728463384526397000,1209,0,1249,1061,64,448
1728463384527238000,1016,0,1443,1003,8,600
1728463384528080000,789,55,1589,904,0,730
1728463384528922000,584,178,1691,767,0,866
1728463384529764000,381,359,1730,619,9,975
1728463384530606000,207,533,1695,473,117,1041
1728463384531448000,64,760,1610,346,178,1098
1728463384532294000,31,982,1472,228,308,1109
1728463384533136000,32,1187,1300,121,424,1075
1728463384533978000,0,1373,1069,104,549,1045
1728463384534820000,9,1492,869,26,663,872
1728463384535662000,168,1600,612,0,765,753
1728463384536504000,368,1634,398,0,846,590
1728463384537346000,562,1608,222,50,906,448
1728463384538188000,776,1527,55,154,935,321
1728463384539030000,1002,1390,0,292,938,178
1728463384539872000,1186,1219,0,440,881,85
1728463384540713000,1361,1012,0,576,799,0
1728463384541555000,1489,803,81,705,693,0
1728463384542397000,1575,589,228,834,570,0
1728463384543239000,1606,434,424,936,452,0
1728463384544081000,1548,106,629,1020,398,70
1728463384544923000,1504,23,855,1050,146,210
1728463384545776000,1351,0,1103,1080,90,337
1728463384546618000,1151,0,1309,1057,42,497
1728463384547460000,952,0,1476,977,0,636
1728463384548302000,743,85,1621,865,0,775
1728463384549143000,532,229,1707,740,0,890
1728463384549985000,322,399,1740,583,30,993
1728463384550827000,154,618,1683,426,114,1075
1728463384551670000,33,833,1583,309,234,1103
1728463384552512000,0,1039,1479,194,345,1102
1728463384553354000,0,1250,1274,79,482,1058
1728463384554196000,0,1419,1060,4,566,1065
1728463384555038000,90,1536,717,0,704,916
1728463384555880000,238,1612,535,0,793,665
1728463384556722000,412,1633,343,0,869,558
1728463384557564000,621,1592,174,72,909,409
1728463384558406000,832,1494,41,202,936,281
1728463384559250000,1045,1344,0,327,926,153
1728463384560092000,1237,1161,0,473,869,65
1728463384560933000,1399,954,9,617,765,0
1728463384561775000,1513,736,119,745,658,0
1728463384562617000,1583,521,273,863,538,0
1728463384563459000,1543,343,468,985,417,42
1728463384564301000,1509,168,673,984,301,128
1728463384565143000,1417,96,939,1064,199,229
1728463384565985000,1283,4,1137,1072,106,383
1728463384566826000,1107,0,1344,1038,18,525
1728463384567668000,898,13,1515,952,0,668
1728463384568510000,690,114,1643,834,0,800
1728463384569352000,480,274,1720,690,0,922
1728463384570194000,287,468,1728,540,47,1016
1728463384571036000,132,756,1649,403,145,1066
1728463384571878000,10,932,1536,273,258,1102
1728463384572727000,0,1081,1384,165,414,1091
1728463384573569000,0,1246,1180,88,545,1021
1728463384574411000,21,1410,968,5,546,943
1728463384575253000,106,1551,740,0,670,819
1728463384576095000,309,1634,508,0,809,666
1728463384576937000,471,1640,305,16,893,519
1728463384577779000,677,1572,135,110,921,376
1728463384578621000,890,1459,18,221,930,248
1728463384579463000,1095,1306,0,368,912,124
1728463384580305000,1285,1112,0,517,847,38
1728463384581146000,1432,890,21,641,763,0
1728463384581988000,1533,689,149,781,632,0
1728463384582830000,1586,482,312,880,514,0
1728463384583672000,1573,279,431,974,373,114
1728463384584514000,1572,130,706,1035,261,53
1728463384585356000,1391,117,944,1088,178,197
1728463384586206000,1244,17,1191,1077,79,416
1728463384587048000,1054,0,1400,1023,10,569
1728463384587890000,847,37,1562,920,0,711
1728463384588732000,631,157,1669,797,0,833
1728463384589574000,429,320,1734,655,9,952
1728463384590417000,242,517,1709,509,73,1035
1728463384591259000,74,732,1648,414,170,1088
1728463384592101000,0,947,1512,235,284,1113
1728463384592943000,0,1154,1336,129,410,1088
1728463384593785000,0,1390,1152,28,526,1018
1728463384594627000,6,1517,903,0,641,893
1728463384595469000,144,1579,792,0,786,791
1728463384596311000,320,1639,448,0,833,627
1728463384597153000,520,1618,258,37,898,470
1728463384597995000,725,1546,104,133,930,349
1728463384598837000,946,1423,0,258,934,216
1728463384599681000,1149,1257,0,405,895,101
1728463384600523000,1318,1071,0,553,832,13
1728463384601365000,1456,810,54,682,725,0
1728463384602207000,1557,602,177,810,591,0
1728463384603049000,1602,418,377,918,469,0
1728463384603891000,1669,229,633,1013,330,58
1728463384604733000,1402,96,786,1130,242,224
1728463384605575000,1322,0,1053,1111,135,277
1728463384606417000,1198,2,1252,1064,64,450
1728463384607258000,994,0,1452,1000,4,605
1728463384608100000,788,56,1584,893,0,736
1728463384608942000,576,200,1690,762,0,886
1728463384609784000,378,367,1728,613,21,964
1728463384610626000,194,576,1696,472,93,1088
1728463384611468000,68,783,1602,341,198,1080
1728463384612310000,0,1067,1464,220,320,1092
1728463384613173000,0,1219,1279,116,441,1064
1728463384614015000,0,1255,1044,23,655,977
1728463384614857000,42,1431,834,0,727,865
1728463384615699000,212,1557,612,0,752,738
1728463384616541000,370,1632,393,0,850,590
1728463384617383000,578,1608,207,50,910,442
1728463384618225000,778,1530,65,162,933,306
1728463384619067000,1000,1382,0,302,925,180
1728463384619909000,1193,1216,2,434,873,78
1728463384620751000,1351,1024,0,586,790,9
1728463384621593000,1482,805,90,707,686,0
1728463384622435000,1559,576,234,832,567,0
1728463384623277000,1592,382,421,932,448,1
1728463384624119000,1540,178,552,1002,314,160
1728463384624961000,1517,76,818,1055,207,130
1728463384625803000,1305,39,1082,1066,114,291
1728463384626643000,1154,4,1312,1058,33,495
1728463384627484000,946,0,1494,984,0,637
1728463384628326000,727,79,1637,868,0,773
1728463384629168000,521,232,1701,725,0,903
1728463384630010000,332,417,1733,578,26,993
1728463384630852000,228,613,1688,442,107,1070
1728463384631694000,16,832,1582,354,224,1103
1728463384632536000,0,1053,1419,225,344,1101
1728463384633377000,0,1256,1231,110,469,1065
1728463384634219000,0,1400,985,0,587,960
1728463384635061000,56,1566,776,0,696,871
1728463384635903000,214,1646,546,0,788,686
1728463384636745000,414,1633,353,0,870,553
1728463384637587000,628,1604,158,75,923,409
1728463384638429000,851,1496,36,194,942,272
1728463384639271000,1045,1340,1,333,916,149
1728463384640125000,1240,1154,0,478,864,64
1728463384640966000,1404,956,0,614,767,0
1728463384641808000,1524,705,116,743,663,0
1728463384642650000,1581,505,269,868,543,0
1728463384643492000,1600,325,468,962,418,10
1728463384644334000,1639,151,753,1036,266,113
1728463384645176000,1320,36,911,1140,178,290
1728463384646018000,1208,0,1175,1117,89,382
1728463384646860000,1111,0,1357,1031,17,533
1728463384647702000,897,13,1531,957,0,674
1728463384648544000,673,114,1664,836,0,806
1728463384649386000,472,276,1707,688,0,928
1728463384650228000,284,466,1716,540,46,1015
1728463384651070000,111,668,1643,400,144,1137
1728463384651912000,2,891,1520,266,261,1095
1728463384652754000,0,1159,1376,165,382,1078
1728463384653621000,0,1339,1166,64,501,1027
1728463384654463000,26,1504,937,31,631,905
1728463384655305000,106,1477,704,0,794,793
1728463384656147000,292,1559,493,10,860,651
1728463384656989000,466,1631,307,17,886,511
1728463384657831000,680,1575,121,106,927,378
1728463384658673000,907,1451,5,229,937,234
1728463384659515000,1103,1298,1,373,906,128
1728463384660357000,1280,1106,0,522,842,34
1728463384661198000,1426,904,32,642,746,0
1728463384662040000,1548,694,156,779,629,0
1728463384662881000,1592,448,325,880,514,0
1728463384663723000,1579,279,522,976,389,42
1728463384664565000,1519,104,692,1040,285,192
1728463384665407000,1443,5,949,1077,151,202
1728463384666249000,1212,95,1175,1096,87,378
1728463384667081000,1058,0,1405,1017,18,576
1728463384667923000,837,34,1557,924,0,707
1728463384668765000,616,161,1680,788,0,842
1728463384669607000,418,320,1722,652,2,952
1728463384670449000,242,525,1714,502,71,1034
1728463384671291000,129,730,1641,391,162,1095
1728463384672133000,0,941,1504,277,286,1106
1728463384672975000,0,1158,1338,138,410,1083
1728463384673817000,0,1344,1120,40,530,1019
1728463384674659000,2,1496,906,0,642,952
1728463384675501000,150,1608,659,0,747,754
1728463384676343000,314,1608,541,0,872,649
1728463384677185000,523,1623,261,33,897,467
1728463384678027000,737,1543,94,141,931,341
1728463384678869000,961,1420,0,258,933,212
1728463384679711000,1151,1255,0,410,896,101
1728463384680561000,1320,1048,0,552,821,20
1728463384681403000,1472,832,52,682,725,0
1728463384682245000,1561,624,185,805,597,4
1728463384683087000,1596,417,370,916,481,0
1728463384683929000,1584,229,583,1010,348,64
1728463384684771000,1564,74,799,1103,228,189
1728463384685613000,1285,0,1056,1130,137,356
1728463384686454000,1126,4,1276,1093,54,463
1728463384687296000,1002,0,1445,1000,5,609
1728463384688138000,786,66,1600,884,0,747
1728463384688980000,569,198,1693,755,0,871
1728463384689822000,368,370,1726,613,17,980
1728463384690664000,196,576,1699,458,96,1051
1728463384691506000,64,798,1591,334,212,1154
1728463384692348000,0,1006,1458,221,320,1088
1728463384693190000,0,1210,1264,106,449,1052
1728463384694035000,0,1429,1057,21,561,996
1728463384694877000,79,1577,832,0,692,844
1728463384695719000,203,1535,592,17,839,720
1728463384696561000,416,1601,374,0,785,586
1728463384697403000,589,1612,215,53,906,437
1728463384698245000,784,1520,64,170,936,305
1728463384699087000,1011,1377,0,298,935,175
1728463384699929000,1199,1206,0,448,872,75
1728463384700771000,1359,1004,0,597,798,0
1728463384701613000,1510,788,90,713,693,0
1728463384702455000,1572,576,226,826,576,0
1728463384703297000,1606,370,428,939,440,8
1728463384704139000,1553,189,645,1021,321,88
1728463384704981000,1472,53,794,1050,245,271
1728463384705823000,1378,20,1071,1072,97,267
1728463384706665000,1127,18,1278,1048,32,440
1728463384707522000,938,0,1491,973,0,642
1728463384708364000,725,92,1620,853,0,779
1728463384709206000,514,241,1714,718,0,898
1728463384710048000,320,422,1737,576,38,1000
1728463384710890000,153,641,1671,421,128,1076
1728463384711732000,96,838,1572,293,226,1112
1728463384712574000,0,1047,1419,236,345,1092
1728463384713416000,0,1241,1217,111,480,1046
1728463384714258000,0,1422,992,0,596,968
1728463384715100000,65,1554,750,0,690,866
1728463384715942000,218,1679,564,0,801,684
1728463384716784000,410,1641,321,0,864,540
1728463384717626000,631,1588,157,69,913,401
1728463384718469000,840,1487,34,197,933,255
1728463384719311000,1063,1334,0,338,919,146
1728463384720153000,1253,1154,0,476,862,58
1728463384721006000,1401,948,6,623,761,0
1728463384721848000,1522,738,125,744,656,0
1728463384722690000,1592,482,277,865,533,0
1728463384723532000,1593,320,485,956,405,23
1728463384724374000,1544,162,715,1038,298,113
1728463384725216000,1517,9,953,1081,169,242
1728463384726058000,1161,0,1143,1146,82,431
1728463384726900000,1019,0,1376,1082,0,585
1728463384727741000,888,5,1534,952,0,669
1728463384728583000,674,122,1660,832,2,814
1728463384729425000,461,279,1716,687,0,928
1728463384730267000,277,472,1720,538,43,1018
1728463384731109000,116,682,1662,401,153,1088
1728463384731951000,2,898,1510,267,268,1164
1728463384732793000,0,1110,1353,154,381,1144
1728463384733635000,0,1299,1157,78,514,1009
1728463384734479000,4,1455,943,0,621,927
1728463384735321000,132,1664,693,18,740,776
1728463384736163000,313,1675,470,0,882,637
1728463384737005000,465,1561,285,39,922,501
1728463384737847000,688,1575,121,101,933,372
1728463384738690000,901,1456,13,235,929,231
1728463384739532000,1107,1300,2,373,908,125
1728463384740374000,1291,1102,0,519,843,36
1728463384741215000,1432,892,25,648,743,0
1728463384742057000,1531,668,168,770,609,0
1728463384742899000,1574,469,341,874,493,0
1728463384743741000,1581,285,540,981,381,50
1728463384744583000,1512,114,770,1048,274,149
1728463384745425000,1389,16,939,1074,144,357
1728463384746267000,1216,0,1125,1060,58,517
1728463384747108000,1021,0,1361,1017,21,634
1728463384747962000,832,37,1575,917,0,725
1728463384748804000,613,161,1679,790,0,842
1728463384749646000,409,320,1728,647,0,956
1728463384750488000,231,526,1710,496,79,1044
1728463384751330000,87,743,1628,365,186,1093
1728463384752172000,0,947,1502,242,276,1115
1728463384753014000,56,1156,1317,136,415,1079
1728463384753856000,37,1336,1109,46,525,1013
1728463384754698000,16,1491,884,11,648,904
1728463384755540000,105,1584,656,18,750,746
1728463384756382000,287,1639,409,0,836,622
1728463384757224000,513,1672,256,21,898,450
1728463384758066000,736,1546,90,146,932,333
1728463384758908000,960,1413,0,265,925,199
1728463384759750000,1164,1248,0,415,888,93
1728463384760592000,1327,1051,0,561,818,21
1728463384761441000,1478,832,64,692,712,0
1728463384762283000,1546,613,181,824,597,0
1728463384763124000,1603,412,377,921,465,0
1728463384763966000,1566,207,597,1003,352,65
1728463384764808000,1493,71,801,1061,229,170
1728463384765650000,1495,0,1073,1095,106,306
1728463384766491000,1273,0,1319,1077,26,458
1728463384767333000,1043,0,1451,1023,0,614
1728463384768175000,776,64,1593,886,0,743
1728463384769017000,560,201,1693,755,0,869
1728463384769859000,354,382,1731,605,13,972
1728463384770701000,192,578,1699,480,101,1058
1728463384771543000,53,799,1613,334,200,1097
1728463384772385000,0,1027,1507,210,325,1107
1728463384773227000,0,1210,1254,111,453,1134
1728463384774069000,0,1386,1034,23,576,1035
1728463384774910000,66,1527,809,0,669,898
1728463384775752000,184,1600,573,0,769,663
1728463384776594000,367,1735,370,26,872,546
1728463384777436000,596,1542,192,52,1004,412
1728463384778278000,789,1519,58,171,937,297
1728463384779120000,1013,1367,0,305,926,170
1728463384779962000,1208,1200,0,450,886,74
1728463384780803000,1369,995,0,587,791,5
1728463384781645000,1496,778,90,719,696,0
1728463384782487000,1556,552,242,851,562,0
1728463384783329000,1592,354,429,929,441,11
1728463384784171000,1557,192,651,1009,311,93
1728463384785013000,1448,53,879,1065,210,210
1728463384785855000,1316,0,1204,1080,139,359
1728463384786696000,1128,25,1378,1036,43,500
1728463384787538000,936,0,1392,967,0,715
1728463384788426000,717,90,1631,857,0,776
1728463384789268000,507,254,1707,713,0,919
1728463384790110000,323,431,1732,568,37,1003
1728463384790952000,142,634,1685,431,121,1076
1728463384791794000,25,853,1576,302,239,1111
1728463384792636000,0,1045,1407,173,341,1103
1728463384793478000,0,1258,1219,89,461,1051
1728463384794320000,64,1413,1002,10,597,960
1728463384795162000,144,1546,772,0,687,842
1728463384796004000,122,1603,516,45,777,716
1728463384796846000,352,1627,370,49,869,554
1728463384797688000,621,1565,154,53,919,396
1728463384798530000,864,1486,33,199,944,270
1728463384799372000,1065,1331,0,350,917,138
1728463384800214000,1247,1141,0,490,858,44
1728463384801056000,1407,930,0,629,770,0
1728463384801881000,1523,714,129,749,650,0
1728463384802723000,1604,506,274,864,538,0
1728463384803565000,1592,312,478,960,408,16
1728463384804407000,1536,148,704,1034,300,130
1728463384805249000,1435,58,940,1078,197,234
1728463384806091000,1257,0,1155,1091,153,381
1728463384806933000,1093,0,1351,1042,55,538
1728463384807775000,871,0,1535,943,0,689
1728463384808617000,666,127,1664,824,0,810
1728463384809459000,450,290,1721,680,0,937
1728463384810301000,270,480,1722,528,64,1024
1728463384811143000,114,691,1656,397,148,1082
1728463384811985000,5,906,1541,272,272,1113
1728463384812827000,0,1110,1367,150,392,1090
1728463384813669000,0,1303,1162,64,510,1035
1728463384814511000,18,1455,979,0,623,925
1728463384815349000,100,1583,754,0,736,797
1728463384816190000,274,1601,389,0,807,741
1728463384817032000,517,1636,237,1,902,563
1728463384817874000,693,1583,107,98,924,346
1728463384818717000,915,1444,0,234,939,234
1728463384819559000,1115,1292,0,374,895,121
1728463384820401000,1289,1101,0,520,839,26
1728463384821242000,1441,892,41,654,733,0
1728463384822084000,1544,666,162,786,622,0
1728463384822926000,1602,459,338,893,506,0
1728463384823768000,1588,266,552,984,357,43
1728463384824610000,1487,126,785,1050,263,156
1728463384825452000,1365,10,994,1034,149,288
1728463384826294000,1210,30,1236,1040,64,466
1728463384827136000,1016,26,1422,980,1,610
1728463384827977000,815,41,1582,914,0,719
1728463384828832000,604,158,1675,785,0,845
1728463384829674000,405,333,1732,642,0,956
1728463384830516000,220,538,1717,495,81,1049
1728463384831358000,90,747,1628,361,192,1098
1728463384832200000,0,961,1496,244,293,1103
1728463384833042000,0,1244,1303,127,426,1059
1728463384833883000,0,1369,1095,49,539,997
1728463384834725000,37,1487,872,0,683,903
1728463384835567000,171,1546,639,0,797,762
1728463384836409000,354,1601,430,0,782,608
1728463384837251000,656,1607,295,56,872,456
1728463384838093000,725,1545,81,157,929,339
1728463384838935000,962,1420,0,269,931,194
1728463384839777000,1157,1234,0,420,885,92
1728463384840619000,1336,1042,0,565,818,13
1728463384841460000,1475,834,66,690,711,0
1728463384842309000,1560,612,202,816,586,0
1728463384843151000,1600,404,383,915,471,0
1728463384843993000,1565,230,597,997,340,74
1728463384844835000,1487,88,834,1062,240,177
1728463384845677000,1328,74,1055,1120,141,282
1728463384846519000,1220,58,1255,1065,50,435
1728463384847360000,999,0,1441,967,66,593
1728463384848202000,757,64,1609,889,0,752
1728463384849044000,551,193,1699,754,0,877
1728463384849886000,358,385,1735,599,23,988
1728463384850728000,177,597,1698,457,103,1061
1728463384851570000,53,790,1596,334,218,1099
1728463384852412000,0,1014,1452,207,326,1108
1728463384853254000,0,1217,1264,91,453,1061
1728463384854096000,0,1380,1047,26,576,981
1728463384854938000,69,1525,810,0,683,874
1728463384855788000,207,1608,673,0,825,757
1728463384856630000,370,1652,276,0,842,664
1728463384857472000,628,1608,144,64,914,464
1728463384858314000,803,1509,49,165,932,287
1728463384859156000,1016,1370,0,311,926,173
1728463384859998000,1203,1186,0,462,866,71
1728463384860839000,1376,986,0,604,796,2
1728463384861681000,1505,776,98,723,679,0
1728463384862523000,1574,552,245,846,551,0
1728463384863365000,1594,345,442,952,430,10
1728463384864208000,1530,181,653,1019,309,107
1728463384865050000,1442,46,894,1070,209,226
1728463384865892000,1284,4,1128,1054,104,378
1728463384866734000,1109,49,1344,1026,21,501
1728463384867576000,922,0,1607,960,0,648
1728463384868418000,701,96,1638,850,0,783
1728463384869274000,497,245,1713,709,0,906
1728463384870116000,313,437,1742,564,36,1004
1728463384870958000,138,655,1682,421,128,1088
1728463384871800000,25,864,1568,292,247,1112
1728463384872642000,0,1063,1411,183,410,1093
1728463384873484000,0,1239,1209,79,530,1034
1728463384874326000,0,1412,995,13,626,952
1728463384875168000,97,1554,754,0,693,839
1728463384876010000,362,1603,581,0,765,678
1728463384876852000,482,1630,330,53,852,546
1728463384877694000,558,1567,198,138,905,401
1728463384878536000,863,1478,26,209,935,261
1728463384879378000,1068,1326,2,349,918,142
1728463384880220000,1251,1133,0,495,853,47
1728463384881062000,1410,930,10,638,757,0
1728463384881904000,1529,710,138,757,645,0
1728463384882745000,1587,498,276,870,530,0
1728463384883587000,1600,308,482,970,405,15
1728463384884429000,1535,142,723,1041,282,111
1728463384885271000,1417,0,933,1072,186,244
1728463384886113000,1249,0,1165,1089,148,382
1728463384886955000,1094,0,1376,1038,50,538
1728463384887797000,886,0,1536,931,0,668
1728463384888639000,647,128,1667,818,0,820
1728463384889481000,448,289,1722,680,0,938
1728463384890323000,265,487,1728,516,56,1028
1728463384891165000,104,713,1655,383,153,1097
1728463384892007000,0,923,1532,264,277,1111
1728463384892849000,0,1123,1361,146,390,1095
1728463384893691000,0,1312,1158,57,509,1026
1728463384894532000,5,1461,983,0,626,922
1728463384895374000,129,1586,712,0,735,855
1728463384896227000,299,1618,416,0,842,712
1728463384897069000,533,1644,245,18,873,409
1728463384897911000,682,1656,107,162,938,320
1728463384898754000,918,1442,2,245,934,226
1728463384899596000,1120,1276,0,382,900,98
1728463384900438000,1303,1079,0,530,835,26
1728463384901280000,1440,874,34,670,742,0
1728463384902122000,1547,654,168,794,620,0
1728463384902964000,1600,439,353,897,480,0
1728463384903806000,1572,250,551,992,370,53
1728463384904648000,1490,93,770,1042,253,162
1728463384905490000,1382,13,1018,1088,157,288
1728463384906331000,1205,34,1249,1051,66,414
1728463384907173000,1020,0,1500,1008,18,592
1728463384908015000,818,53,1658,911,29,724
1728463384908857000,593,172,1681,785,0,847
1728463384909705000,400,332,1732,648,9,960
1728463384910548000,217,535,1720,489,82,1045
1728463384911390000,74,767,1628,357,187,1103
1728463384912232000,0,968,1490,239,308,1111
1728463384913074000,0,1147,1312,130,464,1075
1728463384913916000,0,1327,1091,39,569,994
1728463384914758000,42,1482,879,0,644,896
1728463384915600000,231,1600,634,0,757,771
1728463384916442000,418,1617,427,0,832,610
1728463384917284000,450,1607,253,114,898,503
1728463384918126000,705,1518,69,85,927,309
1728463384918968000,967,1412,0,267,925,197
1728463384919810000,1170,1237,0,420,892,81
1728463384920652000,1344,1038,0,566,816,13
1728463384921494000,1472,823,64,695,705,0
1728463384922336000,1559,597,214,810,582,0
1728463384923186000,1596,409,372,914,466,0
1728463384924028000,1573,217,604,1006,340,65
1728463384924870000,1479,78,838,1059,226,194
1728463384925712000,1344,0,1076,1096,134,320
1728463384926554000,1161,0,1277,1079,96,473
1728463384927396000,982,0,1461,989,0,618
1728463384928238000,866,36,1620,892,0,741
1728463384929080000,541,210,1701,748,0,882
1728463384929922000,349,381,1728,606,26,984
1728463384930764000,182,596,1701,452,106,1068
1728463384931606000,42,820,1596,328,217,1103
1728463384932448000,0,1020,1443,210,343,1108
1728463384933289000,0,1221,1251,100,460,1063
1728463384934131000,0,1387,1105,21,576,977
1728463384934973000,69,1531,866,0,683,861
1728463384935815000,210,1619,568,0,788,774
1728463384936663000,407,1639,306,0,900,633
1728463384937505000,586,1613,162,64,909,375
1728463384938347000,842,1582,34,189,942,268
1728463384939189000,1024,1370,0,308,922,169
1728463384940031000,1223,1199,0,458,866,65
1728463384940873000,1381,990,0,600,788,0
1728463384941715000,1502,762,98,727,676,0
1728463384942557000,1567,549,245,845,561,0
1728463384943399000,1603,354,452,944,418,11
1728463384944241000,1531,186,683,1024,312,117
1728463384945083000,1445,50,887,1052,214,228
1728463384945925000,1299,2,1130,1088,104,358
1728463384946767000,1094,46,1348,1022,36,495
1728463384947609000,898,0,1493,945,0,649
1728463384948451000,712,125,1704,842,33,818
1728463384949293000,503,254,1718,711,0,911
1728463384950143000,298,435,1731,565,42,1005
1728463384950985000,141,647,1675,418,137,1080
1728463384951827000,18,864,1560,293,238,1105
1728463384952669000,0,1077,1405,180,366,1101
1728463384953510000,0,1233,1193,83,532,1036
1728463384954352000,0,1406,969,16,644,946
1728463384955194000,108,1539,752,0,688,821
1728463384956036000,313,1619,527,0,802,690
1728463384956878000,525,1615,320,8,859,530
1728463384957720000,579,1579,164,144,914,442
1728463384958562000,832,1481,21,149,928,265
1728463384959404000,1077,1319,2,354,917,138
1728463384960246000,1264,1135,0,494,850,50
1728463384961087000,1419,926,16,638,754,0
1728463384961929000,1524,709,132,761,642,0
1728463384962770000,1589,482,290,885,521,0
1728463384963621000,1584,304,498,963,404,41
1728463384964463000,1546,157,722,1034,293,104
1728463384965305000,1424,20,962,1077,185,250
1728463384966147000,1268,0,1157,1079,90,389
1728463384966988000,1116,53,1359,1010,5,533
1728463384967830000,852,0,1541,922,53,667
1728463384968672000,671,90,1648,815,0,815
1728463384969514000,448,299,1718,666,0,943
1728463384970356000,258,498,1720,515,53,1025
1728463384971198000,96,706,1666,383,160,1088
1728463384972040000,2,926,1520,260,281,1113
1728463384972882000,0,1148,1358,149,393,1096
1728463384973724000,0,1317,1149,47,519,1015
1728463384974566000,10,1463,932,0,629,919
1728463384975408000,141,1583,757,0,738,798
1728463384976250000,299,1633,514,0,818,642
1728463384977106000,498,1627,175,29,882,600
1728463384977948000,748,1571,58,107,949,402
1728463384978790000,910,1562,0,258,929,178
1728463384979632000,1123,1273,5,386,900,113
1728463384980474000,1301,1073,0,538,834,26
1728463384981316000,1457,866,41,663,730,0
1728463384982158000,1559,650,174,794,617,0
1728463384983000000,1589,448,349,903,493,0
1728463384983842000,1588,254,565,997,372,56
1728463384984684000,1508,100,784,1047,251,159
1728463384985526000,1348,0,1021,1081,151,289
1728463384986368000,1223,0,1230,1073,74,438
1728463384987210000,984,0,1402,967,0,613
1728463384988052000,786,69,1602,870,0,760
1728463384988894000,576,237,1698,761,0,834
1728463384989736000,397,338,1731,635,9,964
1728463384990580000,213,546,1712,476,76,1050
1728463384991422000,66,767,1631,359,183,1089
1728463384992264000,0,974,1496,234,309,1114
1728463384993106000,0,1189,1311,117,425,1089
1728463384993948000,0,1433,1088,41,543,980
1728463384994790000,37,1543,866,0,651,874
1728463384995632000,178,1571,625,0,799,749
1728463384996474000,348,1629,429,0,853,609
1728463384997316000,543,1584,238,32,834,448
1728463384998158000,841,1525,122,153,913,314
1728463384999001000,884,1393,14,332,905,224
1728463384999843000,1180,1232,0,421,881,82
1728463385000684000,1344,1022,5,576,808,5
1728463385001526000,1482,815,64,706,706,0
1728463385002368000,1568,594,221,823,584,0
1728463385003210000,1595,393,395,932,453,0
1728463385004076000,1546,215,618,1002,345,79
1728463385004918000,1465,70,818,1053,241,196
1728463385005760000,1355,1,1052,1080,125,337
1728463385006601000,1184,1,1285,1061,56,448
1728463385007443000,960,0,1457,983,0,564
1728463385008285000,768,177,1592,904,9,719
1728463385009127000,563,266,1720,738,66,865
1728463385009969000,341,402,1735,594,29,999
1728463385010811000,181,610,1688,442,122,1070
1728463385011653000,43,824,1592,330,213,1106
1728463385012495000,0,1025,1447,207,341,1101
1728463385013337000,0,1225,1248,103,466,1060
1728463385014178000,0,1397,1025,52,578,983
1728463385015020000,68,1527,804,0,682,853
1728463385015862000,210,1610,571,0,790,716
1728463385016704000,392,1639,364,0,865,566
1728463385017540000,594,1584,293,57,941,441
1728463385018382000,805,1524,0,178,925,365
1728463385019224000,1021,1364,0,320,952,218
1728463385020066000,1222,1184,0,463,866,64
1728463385020907000,1387,975,4,605,777,0
1728463385021749000,1509,759,106,730,672,0
1728463385022591000,1579,533,263,855,551,0
1728463385023433000,1602,343,457,947,426,13
1728463385024275000,1551,170,671,1032,297,92
1728463385025117000,1455,36,917,1075,198,225
1728463385025959000,1301,0,1143,1073,90,371
1728463385026801000,1063,0,1333,1077,13,517
1728463385027643000,832,0,1539,1016,0,683
1728463385028485000,645,88,1632,789,0,773
1728463385029327000,456,254,1709,661,0,918
1728463385030169000,297,452,1731,560,45,1012
1728463385031019000,139,653,1667,420,144,1080
1728463385031861000,11,873,1564,284,241,1109
1728463385032703000,0,1083,1402,178,371,1088
1728463385033545000,0,1273,1199,85,501,1054
1728463385034387000,0,1443,954,1,611,938
1728463385035229000,114,1619,740,0,711,810
1728463385036071000,262,1651,514,0,809,661
1728463385036913000,448,1578,301,2,922,521
1728463385037755000,679,1521,137,90,841,369
1728463385038597000,998,1445,58,228,912,242
1728463385039439000,1163,1311,0,410,908,141
1728463385040281000,1265,1132,0,500,848,44
1728463385041122000,1417,920,16,629,749,0
1728463385041964000,1532,706,141,762,642,0
1728463385042806000,1584,498,312,878,517,0
1728463385043648000,1600,293,501,972,399,34
1728463385044495000,1530,125,738,1042,292,133
1728463385045337000,1409,21,967,1071,174,264
1728463385046179000,1244,1,1170,1068,84,410
1728463385047020000,1063,0,1351,1023,10,589
1728463385047862000,907,34,1507,930,2,731
1728463385048704000,670,121,1639,809,0,752
1728463385049546000,437,375,1708,679,0,924
1728463385050388000,253,496,1716,520,64,1034
1728463385051230000,94,708,1651,381,161,1091
1728463385052072000,0,931,1517,256,279,1112
1728463385052914000,0,1136,1349,149,401,1089
1728463385053755000,0,1321,1139,56,521,1021
1728463385054597000,66,1462,913,0,624,919
1728463385055439000,120,1567,677,18,738,785
1728463385056281000,293,1625,463,0,824,641
1728463385057123000,480,1636,269,13,888,488
1728463385057974000,690,1546,101,106,938,354
1728463385058816000,927,1450,69,229,970,238
1728463385059658000,1136,1271,0,380,897,168
1728463385060500000,1297,1072,1,538,821,21
1728463385061341000,1454,850,43,685,727,0
1728463385062183000,1552,640,189,794,608,0
1728463385063025000,1600,443,358,904,489,0
1728463385063867000,1580,242,564,993,372,58
1728463385064709000,1498,85,778,1053,265,160
1728463385065551000,1386,10,1028,1080,138,301
1728463385066393000,1208,1,1253,1069,64,450
1728463385067234000,1093,0,1431,1011,0,593
1728463385068076000,920,34,1614,906,0,730
1728463385068918000,472,181,1664,842,0,892
1728463385069760000,331,352,1739,649,8,972
1728463385070602000,212,552,1712,474,92,1051
1728463385071451000,71,779,1624,352,186,1104
1728463385072293000,0,989,1485,225,309,1101
1728463385073135000,0,1184,1296,125,431,1070
1728463385073977000,0,1369,1075,32,558,1001
1728463385074819000,52,1507,850,0,654,952
1728463385075661000,176,1603,612,0,762,783
1728463385076503000,362,1632,401,0,852,594
1728463385077345000,558,1677,224,37,901,423
1728463385078187000,808,1603,56,144,926,282
1728463385079029000,985,1320,0,306,970,178
1728463385079871000,1175,1212,0,421,863,90
1728463385080713000,1359,1024,0,576,808,5
1728463385081555000,1476,805,73,706,700,0
1728463385082397000,1572,581,210,820,585,0
1728463385083238000,1600,389,410,924,462,5
1728463385084081000,1567,220,619,1009,328,84
1728463385084939000,1474,71,852,1058,242,197
1728463385085781000,1328,0,1074,1088,128,341
1728463385086622000,1163,0,1291,1041,46,484
1728463385087464000,956,0,1541,970,5,631
1728463385088306000,736,69,1711,858,18,778
1728463385089147000,523,258,1761,726,0,883
1728463385089989000,335,406,1714,583,20,1007
1728463385090831000,167,610,1695,440,109,1058
1728463385091673000,37,824,1592,320,221,1112
1728463385092515000,0,1038,1450,192,338,1103
1728463385093357000,0,1237,1256,98,463,1058
1728463385094199000,0,1406,1035,26,582,975
1728463385095041000,79,1512,800,0,666,849
1728463385095883000,276,1601,569,0,767,713
1728463385096725000,448,1629,362,0,861,553
1728463385097567000,554,1600,178,133,914,450
1728463385098464000,781,1499,30,129,921,277
1728463385099306000,1000,1426,26,298,914,154
1728463385100148000,1235,1175,0,474,874,71
1728463385100990000,1389,963,0,602,783,0
1728463385101832000,1508,743,100,739,661,0
1728463385102674000,1582,538,269,864,551,0
1728463385103516000,1592,334,460,951,425,17
1728463385104358000,1551,175,682,1018,303,117
1728463385105200000,1444,42,901,1074,203,216
1728463385106042000,1301,0,1130,1083,107,373
1728463385106884000,1120,0,1344,1035,30,522
1728463385107725000,893,0,1521,965,26,655
1728463385108567000,714,68,1642,836,0,778
1728463385109409000,471,221,1711,692,0,903
1728463385110251000,309,449,1730,550,33,1017
1728463385111093000,130,663,1673,408,142,1071
1728463385111888000,13,878,1550,290,253,1112
1728463385112730000,0,1097,1389,167,378,1103
1728463385113572000,0,1277,1188,71,498,1039
1728463385114413000,0,1437,960,4,613,936
1728463385115255000,100,1554,814,0,716,819
1728463385116097000,266,1624,562,0,814,673
1728463385116939000,459,1635,290,5,879,562
1728463385117781000,718,1600,101,89,927,289
1728463385118623000,851,1582,0,231,952,210
1728463385119465000,1131,1378,0,356,891,102
1728463385120307000,1269,1122,0,503,852,41
1728463385121148000,1424,919,18,637,752,0
1728463385121990000,1541,697,149,765,642,0
1728463385122832000,1595,485,320,883,512,0
1728463385123674000,1584,290,521,974,393,40
1728463385124516000,1500,132,747,1040,274,145
1728463385125376000,1399,18,980,1077,165,253
1728463385126218000,1233,2,1197,1059,79,418
1728463385127060000,1055,1,1393,1029,13,562
1728463385127902000,832,66,1571,907,0,690
1728463385128744000,619,125,1780,796,20,841
1728463385129586000,418,308,1660,658,0,1038
1728463385130428000,244,501,1713,507,68,1039
1728463385131270000,98,719,1651,377,158,1092
1728463385132112000,0,930,1526,254,282,1110
1728463385132954000,0,1147,1344,141,407,1093
1728463385133796000,0,1321,1138,54,529,1023
1728463385134638000,21,1457,904,0,666,903
1728463385135480000,145,1564,660,0,725,780
1728463385136322000,382,1626,460,0,826,635
1728463385137164000,539,1625,258,26,885,480
1728463385138006000,642,1544,133,169,926,350
1728463385138849000,883,1421,0,213,935,229
1728463385139691000,1109,1321,5,373,895,87
1728463385140533000,1314,1070,0,541,832,20
1728463385141375000,1460,850,40,671,725,0
1728463385142217000,1561,637,192,791,609,0
1728463385143059000,1598,432,368,911,474,0
1728463385143901000,1571,250,584,994,362,64
1728463385144743000,1490,106,798,1058,260,173
1728463385145585000,1378,0,1032,1080,149,293
1728463385146427000,1204,0,1253,1068,64,449
1728463385147268000,1005,0,1431,1015,0,589
1728463385148110000,813,2,1593,900,0,721
1728463385148952000,679,151,1697,776,0,850
1728463385149794000,448,345,1739,617,2,960
1728463385150636000,200,559,1706,473,90,1054
1728463385151478000,54,773,1617,341,186,1093
1728463385152460000,0,981,1486,225,320,1105
1728463385153302000,0,1199,1285,114,443,1082
1728463385154144000,0,1364,1074,34,557,998
1728463385154986000,53,1504,912,0,661,879
1728463385155828000,181,1600,646,0,770,808
1728463385156670000,358,1632,392,0,847,631
1728463385157512000,565,1614,210,46,898,433
1728463385158355000,788,1592,52,192,944,274
1728463385159197000,969,1281,0,277,993,161
1728463385160039000,1204,1134,0,462,906,64
1728463385160880000,1354,1014,0,578,805,0
1728463385161721000,1489,806,73,709,704,5
1728463385162563000,1575,576,215,824,585,0
1728463385163405000,1595,381,410,937,448,0
1728463385164247000,1557,195,630,1009,334,79
1728463385165089000,1480,64,853,1056,234,210
1728463385165808000,1330,0,1092,1080,119,340
1728463385166650000,1157,9,1301,1056,53,482
1728463385167491000,940,0,1487,981,0,634
1728463385168333000,725,82,1700,850,21,772
1728463385169175000,517,235,1664,719,0,987
1728463385170017000,333,389,1677,576,50,1055
1728463385170859000,157,618,1692,431,110,1071
1728463385171701000,34,834,1592,322,215,1105
1728463385172543000,0,1053,1444,192,343,1097
1728463385173384000,0,1244,1237,93,469,1060
1728463385174226000,0,1413,1019,16,587,974
1728463385175068000,85,1517,794,0,669,845
1728463385175910000,261,1607,562,0,776,704
1728463385176752000,474,1621,359,0,855,554
1728463385177594000,591,1600,176,92,912,418
1728463385178436000,788,1492,30,126,944,254
1728463385179286000,1028,1406,17,298,919,166
1728463385180128000,1216,1181,0,448,864,52
1728463385180969000,1396,960,3,612,775,0
1728463385181811000,1511,743,106,740,668,0
1728463385182653000,1584,517,265,863,549,0
1728463385183495000,1591,328,463,951,413,20
1728463385184337000,1544,162,689,1026,306,106
1728463385185179000,1438,32,901,1079,201,228
1728463385186021000,1296,9,1141,1080,101,380
1728463385186863000,1118,0,1344,1038,34,530
1728463385187705000,896,7,1511,960,0,666
1728463385188547000,708,66,1632,822,0,801
1728463385189389000,593,234,1721,685,0,919
1728463385190231000,361,463,1735,535,34,1015
1728463385191073000,133,668,1670,407,149,1088
1728463385191915000,10,889,1557,283,250,1116
1728463385192892000,0,1103,1392,162,378,1090
1728463385193734000,0,1288,1191,74,501,1045
1728463385194576000,5,1440,960,5,616,937
1728463385195418000,122,1555,793,0,721,814
1728463385196260000,272,1626,549,0,816,667
1728463385197102000,458,1624,298,14,882,568
1728463385197944000,673,1574,117,94,930,365
1728463385198786000,879,1554,0,247,960,194
1728463385199628000,1116,1360,0,352,983,111
1728463385200470000,1248,1034,0,517,913,30
1728463385201312000,1433,899,28,638,754,0
1728463385202154000,1534,690,144,773,640,0
1728463385202995000,1586,469,321,886,514,0
1728463385203837000,1579,281,511,975,389,41
1728463385204679000,1530,126,745,1044,285,135
1728463385205521000,1394,8,986,1061,168,274
1728463385206247000,1241,10,1196,1061,87,427
1728463385207089000,1062,0,1390,1008,17,569
1728463385207931000,853,31,1553,926,0,704
1728463385208773000,619,138,1774,786,26,854
1728463385209615000,424,345,1784,644,16,943
1728463385210457000,261,500,1642,500,79,1101
1728463385211299000,89,721,1648,372,171,1099
1728463385212141000,0,940,1505,250,285,1117
1728463385212983000,0,1144,1337,141,407,1088
1728463385213825000,0,1335,1125,50,532,1015
1728463385214667000,30,1483,898,0,638,918
1728463385215509000,162,1561,658,0,741,775
1728463385216351000,321,1613,444,0,812,622
1728463385217193000,581,1613,263,30,889,476
1728463385218035000,707,1548,85,146,932,343
1728463385218878000,930,1426,0,200,931,210
1728463385219725000,1127,1314,17,370,885,117
1728463385220567000,1300,1075,0,537,826,10
1728463385221409000,1465,852,55,672,719,0
1728463385222251000,1553,631,185,804,605,0
1728463385223093000,1592,425,375,909,480,0
1728463385223935000,1572,242,586,992,349,64
1728463385224777000,1497,90,813,1052,252,167
1728463385225619000,1378,0,1050,1084,146,306
1728463385226460000,1201,0,1241,1049,64,450
1728463385227302000,1008,0,1448,992,1,613
1728463385228144000,796,57,1600,899,0,750
1728463385228986000,583,149,1709,757,0,861
1728463385229828000,489,350,1791,630,0,974
1728463385230671000,89,553,1676,530,74,1088
1728463385231513000,54,777,1620,342,202,1108
1728463385232355000,0,995,1466,218,316,1111
1728463385233210000,0,1199,1288,119,441,1072
1728463385234052000,0,1376,1064,34,564,992
1728463385234894000,55,1516,837,0,674,885
1728463385235736000,196,1600,624,0,775,818
1728463385236578000,372,1634,377,0,856,644
1728463385237420000,569,1610,202,49,910,436
1728463385238262000,781,1589,55,148,936,305
1728463385239104000,1022,1443,0,278,1012,162
1728463385239946000,1175,1146,0,455,938,73
1728463385240788000,1384,978,0,578,718,5
1728463385241630000,1495,797,87,711,690,0
1728463385242472000,1570,577,229,832,576,0
1728463385243314000,1603,373,420,937,449,5
1728463385244156000,1559,201,642,1007,321,92
1728463385244998000,1465,64,869,1064,224,192
1728463385245840000,1313,7,1108,1069,113,350
1728463385246685000,1153,9,1301,1037,50,498
1728463385247527000,947,0,1484,972,0,636
1728463385248369000,729,87,1628,864,0,764
1728463385249211000,501,219,1591,713,0,993
1728463385250053000,354,440,1694,564,47,1050
1728463385250896000,151,719,1661,437,128,1025
1728463385251738000,36,832,1580,312,235,1114
1728463385252580000,0,1056,1431,187,346,1111
1728463385253422000,0,1245,1233,90,468,1052
1728463385254264000,0,1416,1009,18,597,970
1728463385255106000,94,1546,779,0,700,856
1728463385255948000,329,1600,542,0,788,700
1728463385256790000,485,1625,343,0,856,545
1728463385257632000,608,1582,175,107,914,408
1728463385258475000,832,1489,36,173,930,279
1728463385259317000,1028,1403,9,320,917,141
1728463385260161000,1252,1136,106,477,896,69
1728463385261003000,1401,962,81,606,809,4
1728463385261845000,1514,736,117,741,661,0
1728463385262687000,1584,517,274,860,543,0
1728463385263529000,1593,320,478,960,416,21
1728463385264372000,1540,154,701,1026,293,122
1728463385265214000,1431,28,925,1088,194,233
1728463385266056000,1273,0,1156,1075,98,377
1728463385266898000,1105,0,1349,1037,32,533
1728463385267739000,900,1,1525,948,0,671
1728463385268581000,692,111,1654,832,0,785
1728463385269423000,569,260,1773,708,0,917
1728463385270265000,154,452,1688,597,37,1053
1728463385271107000,77,687,1676,341,148,1064
1728463385271949000,2,896,1555,279,261,1116
1728463385272791000,0,1108,1382,156,382,1098
1728463385273651000,0,1291,1183,64,500,1037
1728463385274493000,13,1450,960,2,621,934
1728463385275335000,117,1568,727,0,719,813
1728463385276177000,281,1625,477,0,817,736
1728463385277019000,469,1623,285,9,879,546
1728463385277862000,677,1567,129,106,926,367
1728463385278704000,895,1494,4,226,943,235
1728463385279546000,1089,1206,0,381,968,109
1728463385280388000,1301,1053,0,531,889,34
1728463385281230000,1439,869,23,658,700,0
1728463385282072000,1541,674,153,777,632,0
1728463385282914000,1600,466,320,889,507,0
1728463385283756000,1585,273,532,981,389,42
1728463385284598000,1525,119,750,1046,286,148
1728463385285440000,1406,10,985,1088,159,270
1728463385286282000,1230,9,1216,1066,79,426
1728463385288572000,1032,0,1402,1006,5,570
1728463385289414000,811,21,1556,914,0,711
1728463385290256000,613,156,1701,793,0,835
1728463385291098000,395,293,1649,653,0,1032
1728463385291941000,288,550,1690,495,78,968
1728463385292783000,78,832,1640,377,164,1063
1728463385293625000,0,944,1513,245,292,1113
1728463385294467000,0,1155,1336,138,414,1088
1728463385295309000,0,1340,1117,52,535,1016
1728463385296151000,37,1490,901,0,648,901
1728463385296993000,147,1592,661,0,747,784
1728463385297835000,410,1615,444,0,821,622
1728463385298677000,562,1609,245,32,890,471
1728463385299519000,721,1545,98,178,927,338
1728463385300361000,934,1411,0,244,938,208
1728463385301203000,1129,1285,2,380,895,126
1728463385302045000,1317,1098,1,538,816,0
1728463385302887000,1448,852,148,677,719,0
1728463385303729000,1551,614,194,811,602,0
1728463385304571000,1596,412,369,912,482,0
1728463385305413000,1576,238,585,998,350,69
1728463385306255000,1485,79,815,1053,253,179
1728463385307097000,1357,0,1040,1088,138,313
1728463385307939000,1202,2,1262,1056,64,460
1728463385308781000,1002,2,1447,989,5,596
1728463385309623000,777,26,1585,893,0,738
1728463385310465000,576,142,1685,761,32,861
1728463385311307000,372,348,1724,591,0,972
1728463385312149000,290,562,1747,466,77,1054
1728463385312991000,0,796,1607,383,202,1105
1728463385313833000,0,999,1468,221,321,1104
1728463385314675000,0,1210,1282,113,458,1066
1728463385315518000,0,1376,1066,36,568,988
1728463385316360000,64,1515,832,0,677,874
1728463385317202000,202,1605,593,0,775,743
1728463385318044000,370,1646,450,0,862,590
1728463385318886000,584,1592,186,58,917,490
1728463385319728000,789,1515,53,158,933,298
1728463385320570000,1010,1494,0,296,931,143
1728463385321412000,1206,1298,0,474,892,36
1728463385322253000,1412,1047,0,585,822,0
1728463385323095000,1504,736,81,704,747,0
1728463385323937000,1570,570,239,839,564,0
1728463385324779000,1600,365,427,939,448,8
1728463385325621000,1559,198,642,1010,322,98
1728463385326463000,1467,64,879,1065,222,202
1728463385327305000,1311,0,1109,1088,113,343
1728463385328146000,1128,0,1314,1055,42,491
1728463385328995000,945,0,1477,960,0,650
1728463385329837000,722,90,1626,856,0,774
1728463385330679000,505,233,1711,710,1,890
1728463385331521000,320,420,1794,562,73,1024
1728463385332363000,154,619,1587,421,104,1154
1728463385333205000,23,835,1571,314,237,1135
1728463385334047000,0,1059,1410,184,359,1110
1728463385334889000,0,1251,1231,85,482,1063
1728463385335731000,0,1415,1008,17,586,962
1728463385336573000,90,1535,780,0,695,840
1728463385337415000,241,1624,549,0,802,704
1728463385338257000,429,1615,341,0,850,546
1728463385339099000,634,1572,165,85,914,394
1728463385339941000,885,1477,23,213,937,277
1728463385340783000,1010,1330,9,366,904,151
1728463385341625000,1196,1146,0,433,858,66
1728463385342479000,1376,949,0,586,767,17
1728463385343321000,1529,736,118,739,666,0
1728463385344163000,1592,514,285,866,526,0
1728463385345005000,1586,313,481,960,406,17
1728463385345847000,1542,157,700,1030,299,122
1728463385346690000,1434,31,941,1067,182,242
1728463385347532000,1283,0,1167,1081,101,389
1728463385348374000,1090,0,1356,1043,26,529
1728463385349216000,891,11,1521,946,0,682
1728463385350058000,682,117,1648,832,0,810
1728463385350900000,463,203,1734,682,47,916
1728463385351742000,295,421,1717,525,1,1024
1728463385352584000,242,651,1679,405,114,1088
1728463385353426000,21,897,1551,280,261,1107
1728463385354268000,0,1104,1367,162,389,1091
1728463385355110000,0,1293,1161,68,517,1035
1728463385355966000,13,1453,948,4,613,931
1728463385356808000,125,1567,713,2,730,797
1728463385357649000,288,1626,491,0,821,661
1728463385358491000,466,1628,282,8,888,512
1728463385359333000,689,1564,161,103,931,361
1728463385360176000,907,1446,0,229,938,273
1728463385361018000,1152,1322,0,349,901,54
1728463385361860000,1295,1198,0,518,826,0
1728463385362702000,1457,885,0,650,730,0
1728463385363543000,1547,666,158,783,628,0
1728463385364385000,1592,462,330,886,499,0
1728463385365227000,1585,265,533,984,377,41
1728463385366069000,1511,120,773,1047,274,153
1728463385366911000,1396,14,988,1074,170,289
1728463385367753000,1235,0,1216,1063,74,415
1728463385368595000,1034,0,1408,1018,9,576
1728463385369435000,818,45,1567,914,0,719
1728463385370277000,614,170,1682,790,0,854
1728463385371119000,383,337,1728,610,0,984
1728463385371961000,218,540,1707,480,84,1032
1728463385372803000,74,756,1711,346,210,1101
1728463385373645000,0,960,1506,240,286,1109
1728463385374487000,0,1172,1331,130,417,1074
1728463385375329000,0,1350,1122,47,538,1016
1728463385376171000,40,1492,890,0,655,907
1728463385377013000,171,1590,663,0,750,770
1728463385377855000,330,1692,440,0,839,608
1728463385378697000,530,1584,237,36,940,465
1728463385379539000,743,1521,92,133,909,332
1728463385380381000,997,1410,0,265,928,203
1728463385381223000,1210,1236,0,469,874,98
1728463385382065000,1236,1034,0,617,803,58
1728463385382922000,1402,832,88,730,706,0
1728463385383764000,1559,613,192,805,597,0
1728463385384606000,1596,404,380,924,473,0
1728463385385448000,1573,226,591,1006,345,71
1728463385386290000,1485,75,821,1057,241,177
1728463385387132000,1358,0,1049,1080,143,324
1728463385387974000,1192,0,1242,1050,58,465
1728463385388815000,1007,0,1441,989,0,608
1728463385389657000,785,70,1589,885,0,712
1728463385390499000,558,197,1701,757,0,858
1728463385391341000,404,432,1720,600,65,962
1728463385392183000,207,525,1691,477,145,1054
1728463385393025000,58,773,1600,322,155,1095
1728463385393867000,0,1013,1472,203,320,1116
1728463385394708000,0,1218,1274,108,448,1062
1728463385395550000,0,1392,1063,29,570,997
1728463385396390000,72,1513,832,0,677,869
1728463385397232000,206,1603,601,0,770,736
1728463385398074000,368,1633,389,0,855,570
1728463385398916000,581,1600,201,58,911,436
1728463385399758000,791,1505,127,162,929,300
1728463385400600000,1019,1378,0,302,938,205
1728463385401442000,1227,1205,0,451,893,128
1728463385402283000,1441,1016,0,587,802,0
1728463385403125000,1509,817,64,715,681,0
1728463385403967000,1578,558,241,842,567,0
1728463385404809000,1607,356,433,947,450,13
1728463385405651000,1553,186,650,1021,313,96
1728463385406493000,1456,57,886,1068,222,210
1728463385407335000,1320,2,1103,1083,121,360
1728463385408177000,1144,0,1320,1043,26,506
1728463385409019000,929,1,1496,965,0,657
1728463385409870000,685,95,1631,861,0,780
1728463385410712000,501,224,1719,718,0,909
1728463385411554000,287,474,1760,541,22,1023
1728463385412396000,138,618,1786,418,165,1090
1728463385413238000,29,850,1467,288,228,1208
1728463385414080000,0,1067,1417,178,354,1109
1728463385414922000,0,1255,1217,86,481,1044
1728463385415764000,0,1426,1002,18,600,971
1728463385416606000,101,1545,767,0,709,841
1728463385417448000,245,1617,541,0,796,701
1728463385418290000,433,1615,333,0,936,530
1728463385419132000,637,1569,151,86,935,394
1728463385419974000,907,1473,30,192,914,263
1728463385420816000,1088,1338,1,381,914,137
1728463385421658000,1161,1153,9,543,853,85
1728463385422500000,1348,935,21,645,760,0
1728463385423352000,1474,738,119,704,635,0
1728463385424194000,1587,507,289,868,532,0
1728463385425036000,1589,309,483,973,405,30
1728463385425878000,1537,151,714,1044,287,121
1728463385426720000,1421,21,957,1077,185,245
1728463385427562000,1276,0,1165,1081,94,398
1728463385428404000,1097,0,1356,1018,8,521
1728463385429246000,859,15,1529,949,0,656
1728463385430088000,666,122,1663,832,0,802
1728463385430930000,436,256,1717,690,0,939
1728463385431772000,298,448,1716,532,0,1020
1728463385432614000,234,661,1707,407,119,1080
1728463385433456000,66,894,1516,334,255,1120
1728463385434298000,0,1116,1369,148,385,1097
1728463385435140000,0,1308,1161,64,506,1026
1728463385435981000,13,1462,938,1,629,938
1728463385436826000,141,1573,700,0,737,799
1728463385437668000,293,1627,483,0,818,658
1728463385438510000,480,1626,349,18,890,495
1728463385439352000,690,1560,122,111,930,425
1728463385440195000,913,1455,0,242,930,253
1728463385441037000,1122,1293,0,378,917,97
1728463385441879000,1282,1208,0,549,850,0
1728463385442721000,1426,999,23,682,755,0
1728463385443563000,1565,711,161,770,682,0
1728463385444405000,1600,455,342,896,504,0
1728463385445247000,1592,279,546,988,375,55
1728463385446089000,1514,114,774,1047,261,157
1728463385446931000,1388,5,1013,1076,154,277
1728463385447772000,1231,0,1216,1073,74,429
1728463385448614000,1014,0,1419,1013,0,587
1728463385449456000,822,25,1583,917,0,718
1728463385450316000,602,155,1673,789,0,839
1728463385451158000,415,327,1735,651,0,962
1728463385452001000,207,517,1817,480,101,1063
1728463385452843000,69,763,1682,358,173,1188
1728463385453685000,0,952,1456,251,325,1165
1728463385454527000,0,1165,1314,121,430,1091
1728463385455369000,0,1344,1116,42,540,1016
1728463385456211000,42,1497,881,0,653,901
1728463385457053000,174,1586,644,0,760,768
1728463385457895000,335,1637,425,0,842,617
1728463385458737000,538,1600,242,47,926,458
1728463385459579000,791,1525,94,145,921,328
1728463385460421000,1013,1413,0,266,924,210
1728463385461263000,1147,1237,0,442,890,90
1728463385462105000,1250,1039,30,610,802,17
1728463385462947000,1429,805,49,623,700,0
1728463385463790000,1515,626,184,778,591,20
1728463385464632000,1603,409,380,922,469,0
1728463385465474000,1573,220,591,1005,354,74
1728463385466316000,1486,82,821,1061,244,187
1728463385467158000,1353,0,1066,1088,128,320
1728463385468000000,1179,0,1274,1060,64,463
1728463385468842000,981,5,1459,986,0,614
1728463385469684000,775,71,1586,874,0,743
1728463385470526000,559,205,1684,746,0,884
1728463385471368000,356,366,1734,586,20,982
1728463385472211000,196,535,1697,457,36,1057
1728463385473053000,171,791,1632,340,164,1106
1728463385473895000,64,1012,1481,202,306,1088
1728463385474737000,0,1217,1268,110,449,1068
1728463385475579000,0,1389,1049,21,576,981
1728463385476421000,74,1525,820,0,674,872
1728463385477311000,207,1611,593,0,781,718
1728463385478153000,392,1632,386,0,864,576
1728463385478995000,581,1600,193,64,916,431
1728463385479837000,802,1511,106,172,938,293
1728463385480679000,1018,1376,0,309,926,239
1728463385481521000,1216,1190,0,449,880,64
1728463385482363000,1425,993,0,589,773,0
1728463385483205000,1472,791,66,729,681,0
1728463385484047000,1579,629,218,875,576,0
1728463385484889000,1600,354,429,944,448,17
1728463385485731000,1560,185,654,1020,320,96
1728463385486573000,1450,46,890,1070,213,218
1728463385487415000,1310,1,1112,1074,116,358
1728463385488257000,1134,0,1330,1038,34,511
1728463385489098000,936,5,1504,964,0,658
1728463385489940000,700,97,1621,853,0,786
1728463385490752000,498,244,1710,714,0,912
1728463385491594000,314,440,1730,558,33,1010
1728463385492436000,126,650,1685,399,122,1064
1728463385493278000,11,878,1639,286,276,1124
1728463385494120000,0,1088,1456,165,353,1174
1728463385494961000,0,1269,1219,82,485,1046
1728463385495803000,0,1428,1001,10,597,960
1728463385496645000,105,1550,773,0,707,839
1728463385497487000,256,1623,538,0,799,698
1728463385498329000,448,1637,337,0,880,533
1728463385499171000,649,1543,149,94,983,388
1728463385500013000,864,1454,26,201,950,263
1728463385500855000,1143,1323,0,343,906,138
1728463385501697000,1306,1144,0,494,854,44
1728463385502539000,1321,922,0,702,766,10
1728463385503381000,1445,713,146,805,636,21
1728463385504226000,1534,491,284,802,514,0
1728463385505068000,1592,297,484,972,404,22
1728463385505910000,1537,141,716,1033,288,122
1728463385506752000,1417,26,937,1073,177,244
1728463385507594000,1257,0,1172,1085,92,391
1728463385508435000,1088,0,1370,1026,21,541
1728463385509277000,882,21,1520,920,0,692
1728463385510119000,666,132,1653,809,0,784
1728463385510961000,453,282,1703,681,0,924
1728463385511803000,272,488,1728,532,55,1033
1728463385512645000,124,645,1658,405,197,1080
1728463385513487000,2,883,1528,269,224,1113
1728463385514329000,98,1103,1413,156,381,1095
1728463385515171000,0,1314,1160,66,512,1029
1728463385516013000,14,1464,935,0,628,930
1728463385516855000,138,1570,706,1,738,796
1728463385517703000,303,1634,473,0,823,661
1728463385518545000,496,1633,285,22,896,495
1728463385519388000,693,1556,194,116,925,360
1728463385520230000,919,1445,0,229,932,301
1728463385521072000,1117,1287,0,378,904,151
1728463385521914000,1304,1089,0,517,837,9
1728463385522756000,1429,969,0,660,743,0
1728463385523598000,1557,752,157,810,621,0
1728463385524440000,1600,496,330,870,554,0
1728463385525282000,1581,257,549,991,369,49
1728463385526124000,1511,106,782,1046,262,159
1728463385526966000,1385,10,1010,1078,151,285
1728463385527808000,1222,0,1227,1075,71,437
1728463385528650000,1028,0,1424,1005,9,583
1728463385529492000,796,46,1576,906,0,731
1728463385530334000,570,167,1688,766,0,835
1728463385531182000,383,334,1738,634,10,966
1728463385532024000,217,542,1718,489,74,1050
1728463385532866000,66,781,1700,345,197,1095
1728463385533708000,0,960,1412,229,309,1200
1728463385534550000,2,1174,1260,124,450,1126
1728463385535392000,0,1352,1100,34,541,1017
1728463385536234000,40,1497,865,0,655,894
1728463385537076000,165,1587,649,0,757,761
1728463385537918000,349,1640,419,0,854,616
1728463385538760000,549,1615,236,41,900,461
1728463385539602000,744,1520,85,146,909,322
1728463385540444000,1034,1402,0,271,922,194
1728463385541286000,1216,1235,1,408,877,96
1728463385542127000,1301,1047,0,597,813,8
1728463385542969000,1396,818,98,726,696,14
1728463385543811000,1516,608,192,752,578,0
1728463385544659000,1571,416,402,897,448,10
1728463385545501000,1561,213,619,1007,338,78
1728463385546343000,1486,84,832,1059,242,193
1728463385547185000,1356,0,1074,1077,133,332
1728463385548026000,1166,1,1286,1060,46,466
1728463385548867000,970,0,1472,988,0,619
1728463385549709000,778,69,1605,882,0,722
1728463385550551000,529,217,1707,741,0,881
1728463385551393000,363,391,1713,602,28,967
1728463385552235000,183,552,1694,465,139,1061
1728463385553077000,74,781,1601,314,146,1103
1728463385553919000,90,1019,1491,221,302,1099
1728463385554761000,43,1206,1285,105,442,1050
1728463385555602000,0,1393,1033,23,591,981
1728463385556444000,73,1525,814,0,676,866
1728463385557286000,213,1607,580,0,782,713
1728463385558141000,402,1633,368,0,864,565
1728463385558983000,604,1600,181,65,917,425
1728463385559825000,808,1507,122,174,938,289
1728463385560667000,1026,1359,0,325,924,216
1728463385561509000,1216,1183,0,452,873,96
1728463385562350000,1390,984,0,593,789,37
1728463385563192000,1521,754,65,732,668,0
1728463385564034000,1582,646,234,887,576,0
1728463385564876000,1600,406,442,952,435,9
1728463385565718000,1556,179,672,1030,320,97
1728463385566560000,1457,45,892,1077,213,226
1728463385567402000,1308,0,1112,1073,117,369
1728463385568244000,1122,0,1330,1035,26,514
1728463385569085000,916,0,1506,974,0,651
1728463385569927000,679,89,1647,850,0,794
1728463385570769000,485,260,1717,706,0,917
1728463385571620000,303,427,1728,559,23,1008
1728463385572463000,107,660,1686,401,121,1069
1728463385573305000,0,850,1660,267,270,1125
1728463385574147000,0,1103,1480,178,341,1101
1728463385574989000,0,1276,1172,82,490,1082
1728463385575831000,0,1431,992,8,604,953
1728463385576673000,101,1557,757,0,705,832
1728463385577515000,261,1621,535,0,798,690
1728463385578357000,448,1633,340,7,880,525
1728463385579199000,654,1584,153,97,924,401
1728463385580042000,871,1458,26,202,922,261
1728463385580884000,1160,1304,0,357,898,138
1728463385581726000,1297,1124,0,497,850,48
1728463385582568000,1476,917,2,666,753,0
1728463385583410000,1460,706,162,812,632,13
1728463385584252000,1533,485,309,818,535,0
1728463385585100000,1578,308,493,965,402,36
1728463385585942000,1531,138,727,1039,278,125
1728463385586784000,1411,18,954,1078,183,258
1728463385587626000,1261,1,1172,1072,90,399
1728463385588468000,1080,0,1376,1021,28,551
1728463385589309000,863,21,1544,941,0,684
1728463385590151000,653,142,1652,805,0,805
1728463385590993000,436,297,1713,678,0,941
1728463385591835000,264,497,1717,517,58,1032
1728463385592677000,98,653,1663,394,193,1070
1728463385593519000,0,881,1522,247,213,1109
1728463385594361000,111,1103,1383,145,351,1077
1728463385595202000,17,1315,1155,64,503,1026
1728463385596044000,17,1466,929,0,634,922
1728463385596886000,138,1574,690,0,736,791
1728463385597728000,305,1633,477,0,821,650
1728463385598585000,500,1627,288,29,896,482
1728463385599428000,711,1559,109,124,931,362
1728463385600271000,922,1429,45,234,932,228
1728463385601113000,1120,1279,0,392,902,175
1728463385601955000,1295,1067,0,530,833,43
1728463385602796000,1456,874,0,656,747,0
1728463385603638000,1560,643,133,789,609,0
1728463385604480000,1584,551,333,932,514,0
1728463385605322000,1581,258,558,996,373,54
1728463385606164000,1504,100,775,1045,261,162
1728463385607006000,1386,1,1013,1082,146,288
1728463385607848000,1216,10,1230,1066,75,444
1728463385608689000,1026,0,1424,1011,10,588
1728463385609531000,812,50,1577,909,0,724
1728463385610373000,597,169,1680,773,0,850
1728463385611215000,373,361,1737,629,8,960
1728463385612060000,207,550,1706,490,85,1058
1728463385612902000,49,776,1632,320,184,1123
1728463385613744000,0,1017,1487,218,309,1094
1728463385614586000,0,1153,1416,106,466,1094
1728463385615428000,0,1353,1089,37,551,1007
1728463385616270000,55,1510,864,0,654,894
1728463385617112000,178,1600,634,0,766,746
1728463385617954000,342,1632,426,1,844,608
1728463385618796000,554,1610,222,38,914,460
1728463385619638000,759,1572,73,145,925,314
1728463385620480000,967,1365,0,276,967,184
1728463385621322000,1177,1208,0,420,901,86
1728463385622164000,1344,1017,0,570,792,0
1728463385623006000,1603,799,98,697,674,0
1728463385623848000,1674,582,269,839,554,0
1728463385624689000,1656,397,385,964,442,5
1728463385625536000,1575,218,614,1016,341,74
1728463385626378000,1473,66,847,1065,226,188
1728463385627220000,1346,0,1076,1077,132,328
1728463385628062000,1173,0,1284,1053,46,485
1728463385628904000,972,0,1464,985,0,618
1728463385629746000,754,69,1615,871,5,756
1728463385630588000,544,213,1670,738,0,885
1728463385631430000,357,395,1722,594,23,986
1728463385632272000,175,603,1695,458,106,1072
1728463385633114000,89,872,1574,337,229,1077
1728463385633956000,0,945,1432,210,383,1095
1728463385634798000,0,1177,1253,103,496,1048
1728463385635640000,0,1386,1038,28,578,978
1728463385636482000,79,1536,804,0,685,867
1728463385637324000,224,1613,568,0,784,713
1728463385638166000,393,1633,370,0,860,565
1728463385639021000,608,1600,179,64,917,423
1728463385639863000,808,1506,41,169,930,290
1728463385640705000,1018,1368,4,309,920,164
1728463385641547000,1220,1184,57,458,875,65
1728463385642389000,1382,973,30,597,784,0
1728463385643231000,1500,762,145,715,653,42
1728463385644073000,1566,520,194,846,566,49
1728463385644915000,1650,371,405,942,416,0
1728463385645757000,1559,180,674,1023,310,105
1728463385646599000,1441,41,911,1079,202,226
1728463385647441000,1300,0,1134,1080,106,370
1728463385648283000,1122,0,1336,1034,26,522
1728463385649124000,917,0,1513,960,0,650
1728463385649966000,705,97,1647,847,0,777
1728463385650808000,494,264,1720,711,0,919
1728463385651650000,277,441,1728,549,34,1010
1728463385652495000,129,650,1675,410,129,1088
1728463385653337000,0,897,1564,260,250,1140
1728463385654179000,0,1097,1390,161,370,1095
1728463385655021000,0,1268,1319,64,509,1059
1728463385655863000,0,1433,980,10,610,949
1728463385656705000,109,1556,736,0,717,825
1728463385657547000,266,1623,517,0,804,674
1728463385658389000,444,1628,321,6,874,530
1728463385659231000,660,1582,139,90,930,389
1728463385660074000,877,1449,11,215,973,251
1728463385660916000,1076,1304,1,356,904,130
1728463385661758000,1272,1114,0,501,842,44
1728463385662600000,1473,907,14,634,749,0
1728463385663442000,1602,696,138,760,622,0
1728463385664284000,1498,474,288,943,514,34
1728463385665126000,1540,288,498,898,377,18
1728463385665975000,1526,139,729,1044,282,129
1728463385666817000,1416,11,960,1088,178,262
1728463385667659000,1255,0,1179,1075,82,407
1728463385668501000,1069,0,1372,1021,10,552
1728463385669343000,858,28,1542,930,0,683
1728463385670185000,645,139,1651,811,0,824
1728463385671027000,455,308,1720,664,0,913
1728463385671870000,257,510,1717,516,66,1029
1728463385672712000,106,719,1644,377,158,1102
1728463385673554000,0,851,1517,266,320,1099
1728463385674396000,1,1094,1346,138,309,1074
1728463385675238000,58,1298,1151,50,477,1015
1728463385676080000,23,1472,922,0,626,919
1728463385676922000,145,1581,682,0,736,793
1728463385677764000,313,1639,466,0,834,636
1728463385678606000,505,1618,266,34,890,489
1728463385679457000,714,1552,109,117,921,353
1728463385680299000,927,1437,88,249,938,216
1728463385681141000,1127,1261,26,391,901,106
1728463385681983000,1312,1071,0,538,840,78
1728463385682825000,1459,865,26,674,730,2
1728463385683667000,1590,633,148,798,596,0
1728463385684509000,1569,541,322,924,504,0
1728463385685351000,1609,301,553,985,421,40
1728463385686193000,1498,98,791,1057,255,157
1728463385687035000,1376,0,1020,1084,154,303
1728463385687877000,1216,0,1238,1066,64,450
1728463385688718000,1013,0,1420,999,0,594
1728463385689560000,801,53,1583,904,0,722
1728463385690402000,595,168,1682,777,0,864
1728463385691244000,370,345,1741,629,2,971
1728463385692086000,212,559,1710,468,89,1054
1728463385692934000,64,778,1624,350,178,1107
1728463385693776000,0,975,1576,211,344,1126
1728463385694618000,0,1217,1353,109,421,1101
1728463385695460000,0,1344,1006,26,555,1080
1728463385696302000,43,1507,866,0,658,889
1728463385697144000,185,1606,629,0,765,763
1728463385697986000,360,1639,414,0,852,597
1728463385698828000,554,1600,225,50,901,453
1728463385699670000,770,1532,79,153,932,323
1728463385700512000,983,1388,0,289,914,181
1728463385701354000,1244,1210,0,434,877,85
1728463385702196000,1396,1012,0,568,805,9
1728463385703038000,1470,807,69,727,697,0
1728463385703880000,1497,581,244,865,576,0
1728463385704722000,1560,378,392,892,455,22
1728463385705564000,1531,234,628,1002,328,64
1728463385706426000,1472,64,847,1069,232,194
1728463385707268000,1336,0,1075,1088,128,334
1728463385708110000,1159,0,1297,1053,39,485
1728463385708951000,964,0,1472,979,0,624
1728463385709793000,745,79,1619,872,0,770
1728463385710635000,510,224,1700,743,0,888
1728463385711477000,350,402,1722,602,26,978
1728463385712319000,171,591,1701,448,117,1064
1728463385713161000,36,832,1586,320,212,1118
1728463385714003000,114,1016,1468,207,305,1100
1728463385714845000,53,1227,1266,99,442,1049
1728463385715687000,0,1391,1000,90,581,999
1728463385716529000,77,1537,800,0,691,857
1728463385717371000,226,1617,561,0,784,713
1728463385718213000,412,1636,354,0,869,549
1728463385719055000,610,1592,174,77,914,418
1728463385719944000,832,1504,42,181,932,283
1728463385720786000,1032,1354,0,325,924,213
1728463385721628000,1226,1167,0,468,868,98
1728463385722469000,1392,965,0,601,788,0
1728463385723311000,1511,755,97,738,661,0
1728463385724153000,1609,602,259,874,546,0
1728463385724995000,1586,250,442,947,498,2
1728463385725838000,1582,117,661,1033,212,85
1728463385726680000,1440,34,916,1077,202,229
1728463385727522000,1298,5,1138,1074,106,380
1728463385728363000,1112,0,1356,1036,21,530
1728463385729205000,907,7,1516,962,0,665
1728463385730047000,690,101,1646,843,0,798
1728463385730889000,465,250,1703,685,0,923
1728463385731731000,298,462,1728,553,41,1012
1728463385732573000,128,649,1677,405,146,1079
1728463385733375000,8,885,1555,287,254,1127
1728463385734217000,0,1081,1330,162,394,1156
1728463385735059000,21,1301,1143,81,508,1042
1728463385735901000,43,1426,930,2,602,884
1728463385736743000,113,1563,728,0,722,832
1728463385737585000,271,1634,508,0,808,682
1728463385738427000,465,1633,313,13,889,516
1728463385739269000,665,1581,135,98,925,386
1728463385740111000,881,1472,18,215,932,247
1728463385740953000,1145,1311,0,359,901,134
1728463385741795000,1244,1109,0,543,847,42
1728463385742637000,1399,910,27,663,747,0
1728463385743479000,1527,694,142,763,633,0
1728463385744321000,1557,528,337,855,512,17
1728463385745163000,1572,293,513,960,389,26
1728463385746005000,1515,151,820,1028,292,149
1728463385747133000,1401,7,980,1077,167,258
1728463385747975000,1254,0,1195,1084,85,413
1728463385748817000,1060,0,1405,1017,10,571
1728463385749659000,847,29,1560,930,0,700
1728463385750501000,634,137,1673,810,0,833
1728463385751343000,434,306,1708,660,0,942
1728463385752185000,249,493,1708,509,64,1026
1728463385753027000,94,714,1647,380,167,1095
1728463385753869000,0,942,1518,253,285,1125
1728463385754711000,0,1141,1319,212,394,1112
1728463385755553000,0,1319,1154,108,522,1055
1728463385756395000,0,1465,900,0,636,886
1728463385757237000,154,1586,662,0,749,789
1728463385758079000,320,1640,454,0,828,642
1728463385758921000,516,1620,261,37,904,480
1728463385759763000,724,1554,93,130,938,344
1728463385760326000,940,1429,0,250,925,212
1728463385761168000,1134,1264,0,399,892,85
1728463385762010000,1314,1144,0,552,832,9
1728463385762852000,1472,912,47,672,730,0
1728463385763694000,1559,653,172,809,642,0
1728463385764536000,1567,329,351,919,545,0
1728463385765378000,1587,202,549,981,320,53
1728463385766220000,1620,82,832,1066,221,154
1728463385767062000,1365,0,1031,1088,141,298
1728463385767903000,1210,0,1244,1069,69,450
1728463385768745000,1008,0,1430,994,0,601
1728463385769587000,797,58,1588,900,0,730
1728463385770429000,589,181,1689,769,0,864
1728463385771271000,381,370,1723,610,14,964
1728463385772114000,203,568,1705,465,90,1051
1728463385772956000,58,778,1609,346,194,1103
1728463385773813000,0,1002,1459,225,320,1141
1728463385774655000,50,1224,1255,101,431,1000
1728463385775497000,0,1435,1044,40,557,949
1728463385776339000,65,1588,852,17,669,854
1728463385777181000,188,1601,608,0,773,753
1728463385778023000,367,1647,410,0,842,600
1728463385778865000,569,1610,224,57,914,448
1728463385779707000,778,1523,65,165,939,320
1728463385780549000,993,1389,0,289,927,182
1728463385781391000,1153,1218,0,474,875,77
1728463385782233000,1338,1001,0,610,811,7
1728463385783075000,1479,797,69,692,705,0
1728463385783917000,1567,577,225,833,568,0
1728463385784759000,1596,357,410,918,452,0
1728463385785601000,1552,229,684,1001,349,93
1728463385786443000,1472,64,789,1050,220,284
1728463385787293000,1325,0,1098,1082,117,343
1728463385788135000,1153,0,1295,1063,47,490
1728463385788976000,954,0,1478,972,0,643
1728463385789818000,742,88,1616,864,0,770
1728463385790660000,521,220,1705,732,0,892
1728463385791502000,337,394,1728,578,30,989
1728463385792344000,169,608,1683,432,101,1062
1728463385793186000,29,843,1607,313,220,1116
1728463385794028000,0,1057,1437,217,345,1120
1728463385794870000,0,1237,1265,129,458,1099
1728463385795712000,0,1404,1034,0,578,954
1728463385796554000,53,1531,798,0,689,850
1728463385797396000,229,1620,562,0,797,708
1728463385798238000,415,1641,356,0,864,566
1728463385799080000,622,1596,175,81,922,404
1728463385799923000,838,1493,37,194,939,277
1728463385800780000,1047,1359,1,327,917,157
1728463385801622000,1223,1255,0,471,865,34
1728463385802464000,1383,1031,0,613,773,0
1728463385803306000,1521,783,100,737,681,0
1728463385804148000,1586,474,256,848,592,0
1728463385804990000,1600,272,458,969,452,5
1728463385805832000,1535,121,689,1015,253,105
1728463385806674000,1508,30,926,1070,171,235
1728463385807516000,1295,0,1145,1076,109,370
1728463385808358000,1102,0,1351,1046,34,533
1728463385809199000,898,5,1512,950,0,673
1728463385810041000,683,122,1646,826,0,811
1728463385810883000,477,273,1718,690,0,911
1728463385811725000,290,471,1728,541,64,1011
1728463385812567000,119,685,1663,399,146,1088
1728463385813409000,18,898,1528,270,254,1106
1728463385814267000,0,1104,1339,160,383,1149
1728463385815109000,33,1314,1134,64,513,968
1728463385815951000,46,1462,924,0,600,871
1728463385816793000,126,1660,714,5,722,780
1728463385817635000,274,1628,510,0,818,672
1728463385818477000,464,1636,293,10,887,524
1728463385819320000,674,1570,133,107,922,370
1728463385820162000,884,1454,13,233,944,245
1728463385821004000,1098,1302,0,363,914,132
1728463385821846000,1255,1107,8,555,833,39
1728463385822687000,1402,902,26,674,744,0
1728463385823529000,1530,669,144,773,638,0
1728463385824371000,1585,466,309,864,508,0
1728463385825213000,1572,269,576,965,383,31
1728463385826055000,1513,138,817,1037,305,136
1728463385826897000,1397,17,927,1075,168,314
1728463385827729000,1250,0,1208,1068,78,420
1728463385828570000,1053,0,1393,1017,0,558
1728463385829412000,841,32,1561,917,0,711
1728463385830254000,629,147,1681,798,0,839
1728463385831096000,427,325,1728,645,0,958
1728463385831938000,250,520,1709,501,80,1023
1728463385832780000,98,726,1618,374,174,1089
1728463385833622000,0,952,1516,238,274,1118
1728463385834464000,69,1151,1367,145,393,1091
1728463385835306000,53,1322,1146,50,516,1016
1728463385836148000,0,1478,882,47,623,952
1728463385836990000,138,1579,666,10,741,781
1728463385837832000,327,1632,451,0,836,625
1728463385838674000,514,1618,253,37,898,480
1728463385839516000,729,1546,90,130,930,339
1728463385840358000,954,1423,0,267,930,207
1728463385841207000,1144,1250,0,415,896,109
1728463385842049000,1317,1055,0,545,823,58
1728463385842891000,1472,842,39,677,714,0
1728463385843733000,1559,619,181,810,608,0
1728463385844574000,1588,508,362,930,494,0
1728463385845416000,1592,240,570,989,444,49
1728463385846258000,1508,21,811,1075,274,150
1728463385847100000,1362,0,1036,1082,136,312
1728463385847941000,1202,0,1252,1064,64,457
1728463385848783000,1008,0,1437,995,9,605
1728463385849625000,789,65,1600,896,0,737
1728463385850467000,569,199,1692,754,0,860
1728463385851309000,361,359,1729,618,21,973
1728463385852151000,197,579,1698,450,89,1060
1728463385852993000,43,804,1609,330,192,1097
1728463385853835000,0,1003,1472,224,322,1113
1728463385854693000,0,1216,1371,100,473,1088
1728463385855535000,0,1412,1125,23,565,989
1728463385856376000,27,1492,756,0,666,963
1728463385857218000,193,1602,606,0,770,754
1728463385858060000,370,1632,385,0,855,588
1728463385858902000,578,1609,217,53,901,442
1728463385859744000,786,1523,66,168,935,320
1728463385860586000,1001,1384,0,293,927,185
1728463385861428000,1195,1210,0,448,865,79
1728463385862269000,1432,1002,0,581,786,0
1728463385863111000,1562,778,87,718,687,0
1728463385863953000,1600,570,221,871,570,0
1728463385864795000,1511,372,440,994,434,40
1728463385865637000,1511,188,623,965,320,79
1728463385866480000,1434,108,868,1040,229,201
1728463385867322000,1328,2,1102,1080,112,342
1728463385868166000,1140,5,1301,1052,37,491
1728463385869008000,938,0,1479,975,0,632
1728463385869850000,732,88,1614,858,0,770
1728463385870692000,521,233,1715,725,0,894
1728463385871534000,329,418,1728,578,23,974
1728463385872376000,169,636,1672,434,124,1058
1728463385873218000,42,844,1567,309,229,1092
1728463385874060000,0,1046,1434,195,345,1094
1728463385874902000,0,1178,1238,114,520,1050
1728463385875743000,11,1376,997,10,521,970
1728463385876585000,218,1531,805,0,658,848
1728463385877427000,245,1623,558,0,799,698
1728463385878269000,424,1631,346,4,873,550
1728463385879111000,626,1591,164,74,924,409
1728463385879953000,839,1497,42,200,939,272
1728463385880795000,1054,1336,0,338,921,149
1728463385881645000,1244,1157,6,474,878,64
1728463385882487000,1394,951,71,615,767,0
1728463385883329000,1504,734,154,741,660,18
1728463385884171000,1586,512,256,866,546,26
1728463385885013000,1619,335,418,946,440,71
1728463385885855000,1540,269,674,1032,301,58
1728463385886697000,1484,93,902,1091,197,210
1728463385887539000,1285,4,1147,1073,104,385
1728463385888381000,1097,0,1351,1027,18,535
1728463385889223000,895,7,1520,950,0,666
1728463385890065000,677,122,1652,832,2,805
1728463385890907000,465,272,1720,696,0,923
1728463385891749000,289,474,1734,546,42,1008
1728463385892591000,101,677,1669,404,144,1088
1728463385893433000,0,889,1535,265,264,1100
1728463385894275000,0,1108,1385,150,365,1103
1728463385895122000,0,1331,1183,64,502,1008
1728463385895964000,5,1434,1048,0,644,956
1728463385896806000,118,1578,796,0,758,832
1728463385897647000,282,1626,500,0,811,663
1728463385898489000,469,1629,302,18,882,501
1728463385899331000,679,1564,129,104,925,377
1728463385900174000,899,1454,10,229,931,242
1728463385901016000,1103,1315,1,376,910,137
1728463385901858000,1287,1071,0,517,877,34
1728463385902700000,1432,874,21,650,783,0
1728463385903542000,1535,660,148,777,604,0
1728463385904384000,1663,460,327,888,499,0
1728463385905226000,1663,261,521,979,365,49
1728463385906068000,1448,110,766,1096,266,185
1728463385906910000,1374,10,975,1034,160,265
1728463385907752000,1244,0,1202,1075,79,422
1728463385908598000,1050,0,1408,1018,11,571
1728463385909439000,839,37,1561,919,0,715
1728463385910281000,629,157,1665,793,0,836
1728463385911123000,413,322,1728,649,0,949
1728463385911966000,241,521,1701,490,73,1041
1728463385912808000,100,745,1633,372,178,1073
1728463385913650000,0,952,1500,248,292,1098
1728463385914492000,0,1158,1322,137,420,1088
1728463385915333000,13,1384,1108,34,537,990
1728463385916175000,20,1387,881,0,713,896
1728463385917017000,154,1525,659,8,781,767
1728463385917859000,328,1647,442,0,841,640
1728463385918701000,538,1618,248,41,906,472
1728463385919543000,730,1541,86,142,930,345
1728463385920385000,953,1412,0,268,933,206
1728463385921226000,1154,1250,0,410,890,102
1728463385922079000,1311,1047,0,543,810,14
1728463385922921000,1455,832,64,678,722,0
1728463385923763000,1543,608,192,818,597,0
1728463385924605000,1600,408,426,908,469,0
1728463385925447000,1560,255,642,992,327,132
1728463385926289000,1506,82,762,1050,264,232
1728463385927131000,1395,0,1018,1072,107,241
1728463385927973000,1194,5,1264,1070,50,459
1728463385928814000,992,0,1455,993,0,612
1728463385929656000,779,57,1600,885,0,744
1728463385930498000,569,197,1692,749,0,871
1728463385931340000,363,381,1729,605,14,972
1728463385932182000,192,577,1705,463,92,1050
1728463385933024000,33,802,1615,333,198,1112
1728463385933866000,0,1027,1466,213,325,1123
1728463385934707000,0,1206,1286,110,448,1080
1728463385935559000,0,1378,1045,0,555,988
1728463385936401000,36,1552,850,0,663,890
1728463385937243000,165,1639,609,0,776,711
1728463385938085000,368,1642,394,0,858,594
1728463385938927000,587,1603,207,58,917,437
1728463385939769000,794,1521,64,172,938,298
1728463385940611000,1005,1373,0,306,926,180
1728463385941453000,1200,1197,0,448,879,79
1728463385942294000,1373,1076,0,589,794,0
1728463385943136000,1496,764,89,718,751,0
1728463385943978000,1570,532,230,847,587,0
1728463385944820000,1600,352,430,936,430,0
1728463385945662000,1672,181,692,1032,298,84
1728463385946504000,1472,37,856,1149,206,220
1728463385947346000,1242,0,1131,1120,113,370
1728463385948188000,1147,0,1309,1055,33,496
1728463385949039000,939,2,1497,970,0,639
1728463385949881000,728,89,1624,859,0,776
1728463385950723000,516,237,1703,712,0,898
1728463385951565000,314,431,1728,570,33,998
1728463385952407000,169,630,1656,418,126,1066
1728463385953249000,40,853,1580,297,229,1095
1728463385954091000,0,1069,1413,185,357,1092
1728463385954933000,0,1261,1227,86,480,1055
1728463385955775000,10,1474,984,0,633,942
1728463385956617000,85,1472,765,10,738,821
1728463385957459000,264,1571,535,0,716,674
1728463385958301000,429,1637,335,0,873,552
1728463385959143000,636,1584,162,79,917,403
1728463385959985000,846,1487,31,203,938,263
1728463385960827000,1059,1336,0,340,918,149
1728463385961669000,1248,1154,0,484,858,57
1728463385962529000,1398,944,0,618,765,0
1728463385963371000,1519,720,197,743,664,0
1728463385964213000,1580,505,333,869,532,0
1728463385965055000,1592,320,465,960,410,47
1728463385965897000,1600,173,665,1031,293,32
1728463385966739000,1407,137,917,1092,206,204
1728463385967581000,1325,64,1149,1081,82,362
1728463385968423000,1092,0,1359,1040,21,530
1728463385969265000,882,21,1535,946,0,682
1728463385970107000,672,136,1653,823,0,813
1728463385970949000,465,276,1718,676,0,927
1728463385971791000,269,481,1722,533,52,1024
1728463385972633000,101,690,1660,389,149,1088
1728463385973475000,0,900,1545,264,245,1104
1728463385974317000,0,1124,1376,149,369,1095
1728463385975159000,0,1305,1180,64,496,1040
1728463385976000000,0,1481,952,0,613,917
1728463385976842000,116,1545,815,0,741,813
1728463385977684000,281,1669,567,0,821,650
1728463385978526000,478,1631,292,18,885,516
1728463385979368000,693,1562,130,106,927,372
1728463385980210000,897,1455,10,238,933,238
1728463385981052000,1109,1291,0,375,907,125
1728463385981894000,1291,1103,0,517,846,37
1728463385982736000,1439,872,26,655,784,0
1728463385983578000,1544,658,154,782,621,0
1728463385984420000,1592,448,330,895,488,0
1728463385985262000,1610,265,538,983,370,41
1728463385986104000,1423,119,773,1097,266,188
1728463385986946000,1344,0,984,1012,164,272
1728463385987787000,1216,0,1202,1032,79,452
1728463385988629000,1041,0,1405,1021,1,569
1728463385989478000,832,46,1568,914,0,706
1728463385990320000,613,156,1669,787,0,840
1728463385991162000,405,321,1717,641,0,945
1728463385992004000,235,530,1713,493,71,1033
1728463385992846000,84,747,1637,362,173,1079
1728463385993688000,0,962,1504,242,297,1099
1728463385994530000,0,1168,1318,138,415,1068
1728463385995372000,0,1350,1111,46,540,1002
1728463385996214000,21,1402,877,9,698,881
1728463385997056000,186,1542,639,0,684,746
1728463385997898000,452,1623,468,8,809,611
1728463385998740000,526,1623,253,38,903,476
1728463385999582000,746,1542,97,139,932,330
1728463386000424000,960,1419,0,272,933,192
1728463386001266000,1153,1248,0,413,893,98
1728463386002108000,1330,1049,0,553,819,17
1728463386002960000,1458,835,98,676,709,0
1728463386003802000,1558,618,255,809,603,0
1728463386004644000,1581,407,415,916,466,18
1728463386005486000,1571,225,580,995,348,90
1728463386006328000,1524,82,782,1060,241,105
1728463386007170000,1372,77,1033,1114,147,284
1728463386008012000,1241,64,1250,1056,64,426
1728463386008853000,992,0,1452,992,0,614
1728463386009695000,773,69,1600,889,0,741
1728463386010537000,552,196,1700,759,0,875
1728463386011379000,363,381,1721,597,23,975
1728463386012222000,201,583,1697,461,101,1052
1728463386013064000,26,795,1612,341,202,1104
1728463386013906000,0,1000,1460,201,323,1094
1728463386014748000,0,1216,1271,113,449,1067
1728463386015590000,0,1391,1056,25,569,986
1728463386016448000,57,1533,823,0,674,853
1728463386017290000,199,1601,682,0,814,746
1728463386018132000,370,1647,430,0,826,642
1728463386018974000,577,1604,201,53,908,433
1728463386019817000,798,1507,52,162,940,301
1728463386020659000,1019,1379,0,306,919,169
1728463386021501000,1200,1202,0,448,873,74
1728463386022343000,1369,992,0,590,789,0
1728463386023185000,1495,768,89,712,658,0
1728463386024027000,1601,549,245,842,554,0
1728463386024869000,1644,362,444,942,427,9
1728463386025712000,1538,181,660,1044,312,91
1728463386026554000,1426,50,869,1018,214,196
1728463386027396000,1298,30,1132,1058,106,377
1728463386028238000,1119,34,1333,1023,43,503
1728463386029079000,932,0,1491,971,0,649
1728463386029917000,723,92,1625,853,0,773
1728463386030759000,501,234,1716,722,0,907
1728463386031601000,313,421,1733,568,30,997
1728463386032443000,158,635,1682,426,125,1066
1728463386033285000,33,850,1572,314,241,1097
1728463386034127000,0,1068,1418,185,365,1090
1728463386034968000,0,1230,1216,89,478,1040
1728463386035810000,0,1407,984,13,621,953
1728463386036652000,117,1509,763,0,639,839
1728463386037494000,381,1600,545,0,773,690
1728463386038336000,493,1633,350,0,851,530
1728463386039178000,630,1592,158,85,926,402
1728463386040020000,856,1486,21,196,936,265
1728463386040862000,1066,1336,0,343,918,137
1728463386041704000,1245,1145,0,485,857,52
1728463386042545000,1405,937,11,626,765,0
1728463386043398000,1518,730,167,744,648,2
1728463386044240000,1584,510,267,866,535,29
1728463386045082000,1594,320,476,964,409,10
1728463386045924000,1535,225,713,1027,286,105
1728463386046766000,1456,98,922,1064,169,207
1728463386047608000,1241,0,1162,1066,162,378
1728463386048450000,1092,0,1359,1033,66,516
1728463386049292000,873,18,1535,939,0,681
1728463386050134000,655,126,1660,819,0,804
1728463386050976000,458,285,1720,681,0,933
1728463386051818000,266,473,1718,521,52,1015
1728463386052660000,114,694,1658,396,149,1074
1728463386053502000,0,910,1530,274,265,1108
