timestamp_nsec,channel_0,channel_1,channel_2,channel_3,channel_4,channel_5
1728463139372001000,1587,361,349,593,872,10
1728463139372843000,1601,201,577,720,633,2
1728463139373685000,1504,98,797,832,597,0
1728463139374527000,1376,0,1042,925,468,0
1728463139375368000,1193,5,1250,992,333,64
1728463139376210000,1009,0,1439,1047,215,158
1728463139377052000,797,52,1585,1077,128,296
1728463139377894000,560,176,1685,1056,53,466
1728463139378736000,370,356,1731,983,0,625
1728463139379578000,200,568,1756,884,0,765
1728463139380420000,57,775,1600,744,0,905
1728463139381262000,2,1009,1425,585,23,1018
1728463139382104000,5,1191,1266,430,74,975
1728463139382946000,0,1486,1070,311,184,1044
1728463139383788000,48,1512,853,182,295,1088
1728463139384630000,188,1600,620,101,433,1049
1728463139385472000,355,1637,404,20,559,979
1728463139386314000,912,1439,1,210,218,0
1728463139387155000,1109,1275,0,263,186,0
1728463139387996000,1293,1088,0,292,149,0
1728463139388837000,1450,868,46,322,107,2
1728463139389679000,1544,656,161,338,70,36
1728463139390521000,1595,448,324,347,34,133
1728463139391363000,1565,258,541,335,0,137
1728463139392205000,1498,103,782,335,0,148
1728463139393047000,1389,15,1015,303,0,201
1728463139393888000,1209,82,1209,250,0,213
1728463139394729000,1013,106,1392,201,0,247
1728463139395570000,745,121,1565,181,14,286
1728463139396412000,591,169,1687,114,30,328
1728463139397254000,383,337,1735,82,66,335
1728463139398096000,215,549,1710,31,114,327
1728463139398938000,69,760,1623,2,146,314
1728463139399779000,0,978,1490,0,185,277
1728463139400620000,0,1167,1316,4,209,218
1728463139401461000,0,1344,1098,0,232,175
1728463139402302000,42,1487,874,23,252,136
1728463139403144000,162,1585,642,36,267,94
1728463139403986000,258,1627,404,129,261,103
1728463139404828000,485,1609,249,125,245,2
1728463139405670000,725,1517,74,122,229,0
1728463139406511000,970,1414,0,225,218,0
1728463139407352000,1163,1244,0,274,178,0
1728463139408192000,1344,1050,0,303,142,0
1728463139409033000,1476,825,77,327,100,11
1728463139409875000,1566,599,202,348,64,42
1728463139410717000,1590,393,387,334,23,79
1728463139411559000,1560,226,669,338,0,127
1728463139412267000,1473,85,889,325,0,172
1728463139413108000,1344,0,1095,290,0,213
1728463139413949000,1162,34,1344,241,0,264
1728463139414790000,954,23,1513,196,0,383
1728463139415631000,745,54,1529,144,16,401
1728463139416473000,553,202,1701,98,32,335
1728463139417315000,350,381,1732,69,73,333
1728463139418157000,170,591,1700,26,120,325
1728463139418999000,43,802,1592,5,160,304
1728463139419840000,0,1019,1451,0,199,277
1728463139420681000,0,1221,1264,0,235,199
1728463139421522000,0,1390,1038,0,267,171
1728463139422363000,74,1524,811,14,271,129
1728463139423205000,212,1571,580,37,284,69
1728463139424046000,367,1559,370,98,330,15
1728463139424888000,589,1543,189,149,197,5
1728463139425849000,805,1472,41,186,194,0
1728463139426690000,1028,1376,0,231,225,0
1728463139427531000,1212,1197,0,272,174,0
1728463139428372000,1379,992,0,302,129,0
1728463139429213000,1505,772,100,322,89,18
1728463139430054000,1582,559,249,340,42,43
1728463139430896000,1636,341,443,409,14,85
1728463139431738000,1534,178,658,369,4,148
1728463139432580000,1440,50,888,325,0,192
1728463139433421000,1293,0,1116,250,0,231
1728463139434262000,1090,0,1312,182,0,269
1728463139435103000,898,2,1479,149,0,322
1728463139435945000,696,138,1641,134,17,325
1728463139436787000,510,242,1712,97,58,335
1728463139437629000,299,430,1724,53,88,333
1728463139438471000,139,644,1676,21,122,311
1728463139439236000,16,855,1567,0,169,285
1728463139440077000,0,1076,1413,0,202,250
1728463139440918000,0,1259,1205,0,235,208
1728463139441759000,0,1426,986,0,272,164
1728463139442601000,107,1557,745,20,273,112
1728463139443443000,239,1656,514,46,273,26
1728463139444285000,441,1718,314,138,277,0
1728463139445127000,645,1535,138,134,338,0
1728463139445969000,864,1439,23,206,273,0
1728463139446810000,1070,1336,0,242,205,0
1728463139447651000,1252,1149,0,279,161,0
1728463139448492000,1412,938,5,309,118,0
1728463139449333000,1532,719,137,337,75,18
1728463139450175000,1585,515,292,342,45,58
1728463139451017000,1660,296,497,354,0,98
1728463139451859000,1577,133,711,333,0,153
1728463139452668000,1406,21,949,341,0,205
1728463139453509000,1166,0,1160,328,0,276
1728463139454350000,949,0,1359,289,0,312
1728463139455191000,774,10,1530,229,0,354
1728463139456033000,644,132,1664,137,21,321
1728463139456875000,450,285,1722,85,64,334
1728463139457717000,261,485,1711,45,100,330
1728463139458559000,109,704,1660,15,135,311
1728463139459401000,0,917,1525,0,181,279
1728463139460242000,0,1127,1361,0,218,247
1728463139461083000,0,1308,1159,0,248,201
1728463139461924000,26,1464,931,9,277,154
1728463139462765000,133,1578,692,39,276,108
1728463139463607000,286,1606,388,58,261,143
1728463139464449000,535,1641,234,107,279,64
1728463139465291000,757,1583,89,158,231,0
1728463139466132000,909,1443,5,212,224,0
1728463139466973000,1121,1281,2,257,189,0
1728463139467814000,1301,1089,0,293,149,0
1728463139468655000,1442,874,37,324,106,2
1728463139469497000,1549,653,170,333,71,30
1728463139470339000,1595,450,333,342,76,64
1728463139471181000,1577,244,551,341,44,100
1728463139472022000,1513,94,782,327,21,157
1728463139472863000,1387,0,997,308,0,207
1728463139473704000,1236,0,1217,244,0,237
1728463139474545000,1033,0,1419,197,0,277
1728463139475386000,922,10,1580,160,0,320
1728463139476228000,607,168,1685,114,29,322
1728463139477070000,405,333,1731,74,66,332
1728463139477912000,224,537,1705,41,111,325
1728463139478753000,77,754,1628,4,153,311
1728463139479608000,0,965,1489,0,181,277
1728463139480449000,0,1165,1298,0,205,238
1728463139481290000,0,1350,1103,0,250,186
1728463139482131000,47,1495,876,0,274,138
1728463139482973000,165,1600,644,36,269,96
1728463139483815000,314,1682,453,52,270,49
1728463139484656000,523,1594,346,105,279,25
1728463139485498000,751,1563,170,166,280,21
1728463139486339000,961,1415,0,218,218,0
1728463139487180000,1166,1243,0,265,188,0
1728463139488020000,1330,1046,0,298,138,0
1728463139488861000,1472,824,68,323,98,4
1728463139489703000,1564,601,215,346,64,36
1728463139490545000,1600,405,370,338,21,73
1728463139491387000,1571,238,596,338,0,112
1728463139492229000,1478,122,832,325,0,168
1728463139493069000,1351,11,1066,301,0,215
1728463139493910000,1216,40,1268,242,0,240
1728463139494751000,978,0,1462,181,64,277
1728463139495592000,744,0,1602,149,74,305
1728463139496434000,559,205,1704,107,33,324
1728463139497276000,345,386,1735,68,74,335
1728463139498118000,186,585,1692,39,122,322
1728463139498960000,46,802,1600,0,162,301
1728463139499801000,0,1019,1453,0,189,269
1728463139500642000,0,1224,1262,0,218,233
1728463139501483000,0,1385,1049,0,246,170
1728463139502324000,50,1519,824,23,266,125
1728463139503166000,199,1603,596,46,277,81
1728463139504008000,346,1638,361,57,277,71
1728463139504850000,562,1644,202,111,254,0
1728463139505692000,796,1500,128,180,244,0
1728463139506538000,1015,1383,0,233,217,0
1728463139507379000,1201,1201,0,271,166,0
1728463139508220000,1368,994,0,312,130,0
1728463139509061000,1496,776,85,329,89,13
1728463139509903000,1576,562,233,338,54,45
1728463139510745000,1595,368,416,338,21,162
1728463139511587000,1555,193,636,328,5,170
1728463139512429000,1456,52,878,314,0,169
1728463139513270000,1322,17,1106,293,0,225
1728463139514111000,1120,116,1305,262,0,237
1728463139514952000,900,121,1475,199,0,261
1728463139515793000,724,181,1622,158,10,306
1728463139516635000,509,240,1712,93,39,329
1728463139517477000,302,424,1731,53,82,334
1728463139518319000,140,629,1678,22,127,320
1728463139519160000,21,852,1590,0,167,299
1728463139520009000,0,1065,1417,0,199,265
1728463139520850000,0,1253,1220,0,217,209
1728463139521691000,4,1418,1006,2,250,157
1728463139522533000,89,1533,781,23,261,98
1728463139523375000,244,1609,553,66,261,64
1728463139524217000,338,1624,353,149,260,70
1728463139525059000,570,1576,178,142,229,0
1728463139525901000,818,1465,20,160,217,0
1728463139526742000,1064,1337,0,242,210,0
1728463139527582000,1251,1155,0,281,160,0
1728463139528423000,1404,946,5,320,116,0
1728463139529265000,1514,719,122,335,84,21
1728463139530107000,1584,514,277,341,49,57
1728463139530949000,1583,321,540,335,11,111
1728463139531791000,1538,157,736,330,0,139
1728463139532633000,1425,34,949,308,0,258
1728463139533489000,1261,0,1117,281,0,292
1728463139534330000,1088,0,1253,218,0,357
1728463139535171000,869,0,1450,165,21,379
1728463139536013000,674,133,1600,116,37,378
1728463139536855000,461,277,1720,82,53,329
1728463139537697000,264,482,1728,46,96,330
1728463139538539000,105,687,1668,20,137,320
1728463139539380000,1,901,1543,0,180,285
1728463139540221000,0,1112,1363,0,213,254
1728463139541062000,0,1302,1161,0,248,205
1728463139541903000,21,1445,943,0,261,149
1728463139542745000,126,1557,707,26,264,100
1728463139543587000,279,1617,493,72,226,39
1728463139544429000,599,1613,331,128,240,20
1728463139545271000,768,1557,148,146,225,4
1728463139546113000,919,1443,1,260,199,0
1728463139546949000,1119,1297,0,253,193,0
1728463139547790000,1295,1109,0,286,142,0
1728463139548631000,1437,895,36,328,109,0
1728463139549473000,1536,667,165,338,74,30
1728463139550315000,1593,459,325,346,39,69
1728463139551157000,1571,281,542,326,0,114
1728463139551999000,1515,119,770,329,0,158
1728463139552840000,1383,10,999,301,0,206
1728463139553681000,1224,0,1246,269,0,238
1728463139554522000,1018,0,1523,207,0,290
1728463139555363000,814,8,1662,165,37,326
1728463139556205000,612,171,1674,109,31,338
1728463139557047000,413,327,1730,78,69,325
1728463139557889000,225,537,1716,39,106,322
1728463139558730000,74,744,1639,10,148,312
1728463139559571000,0,960,1507,1,185,281
1728463139560422000,0,1155,1298,0,224,242
1728463139561263000,0,1351,1093,0,249,188
1728463139562104000,43,1487,858,5,274,139
1728463139562946000,175,1600,630,42,272,98
1728463139563788000,361,1693,425,71,357,23
1728463139564630000,525,1545,242,144,314,0
1728463139565472000,766,1491,50,183,290,0
1728463139566314000,960,1407,0,213,212,0
1728463139567155000,1162,1256,0,258,181,0
1728463139567996000,1334,1056,0,292,138,0
1728463139568837000,1474,840,66,330,96,5
1728463139569679000,1555,615,201,338,58,25
1728463139570521000,1632,402,377,350,23,79
1728463139571363000,1548,234,596,378,0,136
1728463139572204000,1479,84,826,338,0,177
1728463139573045000,1346,0,1056,305,0,218
1728463139573891000,1144,2,1283,197,0,242
1728463139574732000,930,0,1452,130,0,269
1728463139575573000,724,58,1600,104,0,293
1728463139576414000,559,197,1693,106,34,338
1728463139577256000,360,373,1728,64,82,331
1728463139578098000,192,581,1690,23,113,329
1728463139578940000,46,803,1607,12,157,298
1728463139579781000,0,1012,1461,0,192,269
1728463139580622000,0,1219,1269,0,231,227
1728463139581463000,0,1390,1058,0,257,184
1728463139582304000,64,1506,817,20,267,124
1728463139583146000,206,1615,541,34,290,87
1728463139583988000,377,1616,322,74,287,96
1728463139584830000,639,1612,156,132,245,0
1728463139585671000,814,1505,18,188,235,0
1728463139586512000,999,1385,0,231,210,0
1728463139587389000,1194,1195,0,275,171,0
1728463139588229000,1365,995,0,303,138,0
1728463139589071000,1496,776,90,334,90,16
1728463139589913000,1572,562,242,337,45,47
1728463139590755000,1600,334,437,345,71,82
1728463139591597000,1564,171,653,335,37,146
1728463139592439000,1464,39,880,320,0,184
1728463139593280000,1328,0,1102,285,0,230
1728463139594121000,1141,0,1309,224,0,264
1728463139594962000,940,0,1500,178,0,298
1728463139595803000,720,73,1639,125,0,320
1728463139596645000,509,242,1713,97,49,333
1728463139597487000,306,420,1732,57,85,327
1728463139598329000,148,633,1677,18,128,320
1728463139599171000,25,852,1576,1,165,302
1728463139600012000,0,1061,1422,0,199,261
1728463139600829000,0,1261,1234,0,229,217
1728463139601670000,0,1409,1005,0,244,163
1728463139602512000,79,1543,773,25,265,106
1728463139603353000,234,1626,554,58,286,74
1728463139604195000,391,1653,334,89,264,23
1728463139605037000,612,1574,261,132,282,18
1728463139605879000,837,1498,87,196,210,24
1728463139606720000,1053,1347,0,240,201,0
1728463139607560000,1243,1155,0,284,162,0
1728463139608401000,1408,950,4,313,129,0
1728463139609243000,1514,722,126,337,82,16
1728463139610085000,1586,520,277,341,45,58
1728463139610927000,1593,320,474,338,13,79
1728463139611769000,1535,225,693,335,0,133
1728463139612611000,1433,68,933,309,0,187
1728463139613452000,1293,30,1157,279,0,234
1728463139614301000,1146,51,1344,238,0,258
1728463139615142000,903,52,1504,164,71,293
1728463139615983000,661,53,1634,117,93,320
1728463139616825000,466,286,1720,85,52,336
1728463139617667000,271,468,1729,48,96,330
1728463139618509000,125,675,1660,20,138,314
1728463139619350000,0,895,1533,0,177,290
1728463139620191000,0,1105,1376,0,212,250
1728463139621032000,0,1301,1187,0,237,203
1728463139621873000,16,1464,946,0,244,169
1728463139622715000,96,1567,719,26,261,101
1728463139623557000,247,1628,505,73,285,64
1728463139624399000,426,1614,267,64,264,21
1728463139625240000,648,1608,132,121,249,25
1728463139626081000,866,1513,42,181,213,0
1728463139626922000,1102,1312,0,252,189,0
1728463139627776000,1287,1109,0,282,145,0
1728463139628617000,1440,898,30,320,118,0
1728463139629459000,1533,676,151,338,69,26
1728463139630301000,1594,466,325,346,40,66
1728463139631143000,1577,277,522,337,4,171
1728463139631985000,1515,132,740,330,0,220
1728463139632826000,1395,13,986,301,0,233
1728463139633667000,1244,0,1197,267,0,239
1728463139634508000,1096,4,1372,213,0,203
1728463139635349000,872,9,1524,162,0,250
1728463139636191000,612,196,1640,113,22,274
1728463139637033000,416,320,1724,73,58,341
1728463139637875000,229,525,1720,37,105,323
1728463139638716000,86,732,1643,17,142,309
1728463139639558000,0,944,1505,4,185,279
1728463139640399000,0,1154,1334,0,218,240
1728463139641235000,0,1338,1120,0,241,194
1728463139642076000,49,1478,879,8,270,142
1728463139642917000,161,1586,662,31,252,85
1728463139643759000,383,1631,451,80,265,34
1728463139644600000,596,1606,260,119,241,11
1728463139645442000,679,1541,71,244,229,13
1728463139646283000,891,1429,0,261,217,0
1728463139647124000,1152,1262,0,255,181,0
1728463139647965000,1323,1071,0,292,146,0
1728463139648806000,1472,845,56,320,100,1
1728463139649648000,1561,633,192,338,57,34
1728463139650489000,1592,425,373,354,29,81
1728463139651331000,1560,234,590,334,2,122
1728463139652173000,1486,94,806,314,0,178
1728463139653014000,1359,0,1043,284,0,216
1728463139653855000,1181,2,1280,241,0,245
1728463139654700000,984,0,1562,198,0,297
1728463139655542000,751,77,1690,169,49,327
1728463139656383000,566,188,1714,97,36,348
1728463139657225000,369,369,1728,64,78,334
1728463139658067000,197,578,1702,30,110,322
1728463139658909000,58,789,1613,5,164,297
1728463139659750000,0,1002,1472,0,196,273
1728463139660591000,0,1200,1271,0,228,233
1728463139661432000,0,1376,1067,2,250,172
1728463139662273000,66,1510,820,22,277,135
1728463139663115000,199,1615,591,40,272,85
1728463139663957000,370,1543,386,85,325,26
1728463139664799000,586,1550,202,149,299,0
1728463139665640000,791,1473,54,166,175,0
1728463139666482000,1021,1381,1,225,206,0
1728463139667323000,1195,1211,0,267,178,0
1728463139668181000,1362,1015,0,301,137,0
1728463139669022000,1493,788,87,327,90,10
1728463139669864000,1574,567,232,342,48,37
1728463139670706000,1570,362,427,377,20,90
1728463139671548000,1541,188,651,357,0,138
1728463139672390000,1451,64,868,301,0,192
1728463139673231000,1325,0,1102,273,0,229
1728463139674072000,1117,4,1297,196,0,292
1728463139674913000,907,0,1478,160,0,320
1728463139675754000,698,137,1647,125,10,331
1728463139676596000,509,229,1711,96,42,330
1728463139677438000,320,418,1717,52,82,332
1728463139678280000,159,626,1686,21,124,314
1728463139679121000,36,846,1584,1,167,290
1728463139679962000,0,1055,1429,2,197,249
1728463139680803000,0,1246,1214,0,237,212
1728463139681639000,0,1410,1002,0,258,169
1728463139682481000,97,1543,767,28,277,119
1728463139683323000,240,1615,538,50,282,73
1728463139684165000,421,1745,334,130,290,0
1728463139685007000,650,1658,173,173,261,0
1728463139685848000,826,1362,29,186,314,0
1728463139686689000,1045,1344,1,239,202,0
1728463139687530000,1235,1156,0,285,164,0
1728463139688371000,1403,960,1,320,122,4
1728463139689212000,1520,736,117,330,87,20
1728463139690054000,1579,522,276,345,40,49
1728463139690896000,1590,308,474,350,0,89
1728463139691737000,1620,148,709,331,0,146
1728463139692579000,1517,21,927,312,0,198
1728463139693420000,1328,4,1152,273,0,244
1728463139694261000,1181,0,1359,229,0,286
1728463139695123000,783,17,1510,242,0,350
1728463139695965000,607,117,1677,189,11,354
1728463139696807000,463,270,1729,85,53,334
1728463139697648000,279,461,1721,53,93,330
1728463139698490000,125,674,1656,17,141,314
1728463139699331000,17,897,1545,0,178,288
1728463139700172000,0,1101,1381,2,200,245
1728463139701013000,0,1306,1182,0,248,200
1728463139701854000,2,1453,951,0,255,146
1728463139702696000,105,1568,723,37,274,106
1728463139703537000,274,1634,496,68,282,72
1728463139704379000,474,1624,217,98,266,106
1728463139705220000,677,1573,79,157,266,50
1728463139706062000,938,1487,0,196,235,0
1728463139706903000,1092,1308,2,250,194,0
1728463139707744000,1274,1115,0,290,153,0
1728463139708590000,1428,909,23,320,116,4
1728463139709432000,1540,682,142,329,85,29
1728463139710274000,1590,480,320,340,34,68
1728463139711116000,1582,260,523,343,66,97
1728463139711958000,1517,109,759,332,33,159
1728463139712799000,1403,0,977,305,0,209
1728463139713640000,1250,0,1197,264,0,242
1728463139714481000,1058,0,1385,204,0,297
1728463139715322000,837,4,1559,159,0,314
1728463139716164000,746,122,1713,141,0,340
1728463139717006000,415,309,1732,76,64,341
1728463139717848000,238,509,1712,37,101,331
1728463139718690000,87,721,1648,10,141,311
1728463139719531000,0,944,1513,0,192,285
1728463139720372000,0,1146,1344,1,210,238
1728463139721213000,0,1323,1130,0,244,192
1728463139722056000,25,1483,903,0,264,149
1728463139722897000,153,1595,677,37,273,100
1728463139723739000,320,1632,448,66,269,56
1728463139724581000,509,1607,346,97,308,42
1728463139725423000,715,1583,162,165,244,0
1728463139726265000,935,1415,0,210,201,65
1728463139727106000,1143,1267,5,258,186,0
1728463139727947000,1316,1074,0,295,145,0
1728463139728788000,1459,862,56,327,101,5
1728463139729630000,1563,625,188,342,73,31
1728463139730472000,1593,428,370,340,25,78
1728463139731314000,1575,335,570,340,0,101
1728463139732155000,1498,152,808,335,0,154
1728463139732997000,1376,8,1032,298,29,217
1728463139733838000,1208,23,1248,262,0,249
1728463139734679000,1017,0,1425,197,85,274
1728463139735535000,766,0,1584,153,79,295
1728463139736377000,576,133,1684,132,76,314
1728463139737219000,372,360,1735,69,74,326
1728463139738061000,200,563,1692,33,116,327
1728463139738903000,58,777,1613,3,159,303
1728463139739744000,0,994,1472,0,207,269
1728463139740585000,0,1197,1290,0,220,232
1728463139741426000,0,1358,1064,2,245,186
1728463139742267000,53,1508,846,17,271,133
1728463139743109000,189,1612,619,43,279,92
1728463139743951000,341,1631,399,50,274,43
1728463139744793000,561,1621,210,94,274,37
1728463139745635000,766,1580,84,154,237,5
1728463139746476000,983,1409,0,206,210,0
1728463139747317000,1196,1219,4,267,171,0
1728463139748158000,1358,1023,0,301,133,0
1728463139749002000,1485,809,81,327,89,9
1728463139749844000,1577,580,218,346,66,42
1728463139750686000,1600,382,402,343,23,89
1728463139751528000,1558,205,638,338,0,201
1728463139752369000,1476,68,847,320,0,229
1728463139753210000,1329,0,1077,287,0,237
1728463139754051000,1154,2,1269,237,0,309
1728463139754892000,993,6,1446,202,5,324
1728463139755733000,765,81,1591,146,0,253
1728463139756575000,526,286,1709,105,39,314
1728463139757417000,328,405,1730,57,73,329
1728463139758258000,159,628,1685,26,124,320
1728463139759100000,29,832,1592,5,165,296
1728463139759941000,0,1042,1427,2,206,261
1728463139760782000,0,1238,1230,0,231,218
1728463139761623000,0,1392,1006,4,258,154
1728463139762519000,86,1537,778,18,264,109
1728463139763361000,242,1622,562,56,270,68
1728463139764203000,474,1632,366,97,260,29
1728463139765045000,517,1578,154,224,250,23
1728463139765886000,757,1488,52,248,238,11
1728463139766727000,1029,1349,1,233,197,0
1728463139767568000,1231,1168,0,271,161,0
1728463139768409000,1394,963,0,308,119,0
1728463139769250000,1512,751,116,333,84,18
1728463139770092000,1575,519,272,343,49,47
1728463139770934000,1586,321,463,343,18,97
1728463139771775000,1537,164,769,320,0,149
1728463139772617000,1437,42,998,306,0,192
1728463139773458000,1293,0,1185,276,0,232
1728463139774299000,1095,34,1413,212,2,281
1728463139775140000,885,25,1579,172,0,341
1728463139776937000,689,89,1563,128,4,413
1728463139777779000,480,271,1720,92,56,337
1728463139778621000,285,460,1732,50,87,330
1728463139779463000,121,671,1668,18,137,320
1728463139780305000,2,884,1560,1,173,292
1728463139781146000,0,1090,1388,2,215,256
1728463139781987000,0,1282,1185,0,234,192
1728463139782828000,10,1447,948,2,258,148
1728463139783670000,116,1505,737,25,266,106
1728463139784511000,279,1625,517,66,273,64
1728463139785353000,468,1600,309,106,206,13
1728463139786194000,679,1535,146,162,215,0
1728463139787036000,999,1443,64,226,201,0
1728463139787877000,1094,1312,0,244,194,0
1728463139788718000,1274,1120,2,279,149,0
1728463139789559000,1432,909,23,312,111,0
1728463139790401000,1542,698,145,335,69,30
1728463139791243000,1592,482,320,346,42,50
1728463139792085000,1566,276,517,373,10,104
1728463139792926000,1504,130,744,315,0,162
1728463139793768000,1402,16,988,290,0,210
1728463139794609000,1244,0,1193,266,0,244
1728463139795450000,1043,11,1378,184,0,325
1728463139796291000,824,91,1583,146,2,320
1728463139797133000,615,190,1687,105,30,320
1728463139797975000,429,309,1721,90,66,338
1728463139798817000,245,512,1726,32,98,331
1728463139799659000,94,725,1642,13,133,306
1728463139800500000,0,948,1517,0,185,282
1728463139801341000,0,1145,1344,0,218,242
1728463139802182000,0,1327,1126,0,248,193
1728463139803023000,43,1476,900,9,270,149
1728463139803868000,158,1585,672,18,267,86
1728463139804710000,309,1640,453,65,269,56
1728463139805552000,538,1699,257,118,261,0
1728463139806394000,743,1431,100,144,328,0
1728463139807236000,901,1329,5,217,290,0
1728463139808077000,1140,1258,0,272,192,0
1728463139808918000,1312,1058,0,295,145,0
1728463139809759000,1456,852,39,320,104,2
1728463139810601000,1557,634,178,332,64,42
1728463139811443000,1601,426,361,345,37,69
1728463139812285000,1636,229,578,346,0,117
1728463139813127000,1581,78,799,334,0,164
1728463139813968000,1426,0,1032,296,0,217
1728463139814809000,1244,0,1238,259,0,254
1728463139815650000,1100,0,1457,209,0,298
1728463139816491000,874,53,1582,218,0,330
1728463139817338000,509,177,1682,170,34,379
1728463139818180000,377,356,1731,73,74,334
1728463139819022000,201,568,1701,23,114,324
1728463139819864000,66,782,1624,8,151,311
1728463139820705000,0,1005,1480,0,192,277
1728463139821546000,0,1199,1294,0,221,229
1728463139822387000,0,1377,1074,0,252,177
1728463139823228000,45,1509,853,20,274,133
1728463139824070000,183,1605,616,41,284,89
1728463139824912000,360,1636,386,78,277,42
1728463139825754000,607,1639,170,124,277,49
1728463139826596000,842,1555,26,173,246,0
1728463139827437000,1007,1395,0,224,206,0
1728463139828278000,1180,1221,0,277,180,0
1728463139829118000,1349,1014,0,302,137,0
1728463139829959000,1487,787,71,333,95,10
1728463139830807000,1573,585,226,338,57,52
1728463139831649000,1602,381,406,344,23,85
1728463139832491000,1558,184,629,337,50,120
1728463139833332000,1472,47,860,325,18,178
1728463139834173000,1337,0,1079,285,5,225
1728463139835014000,1158,0,1295,240,0,266
1728463139835855000,982,0,1474,201,0,298
1728463139836696000,744,50,1630,136,0,314
1728463139837538000,637,199,1744,111,0,323
1728463139838380000,326,400,1729,66,78,331
1728463139839222000,168,615,1692,26,126,326
1728463139840064000,41,837,1586,0,166,305
1728463139840905000,0,1049,1444,0,194,263
1728463139841746000,0,1239,1244,1,229,214
1728463139842587000,0,1400,1032,0,242,165
1728463139843428000,75,1532,791,21,266,113
1728463139844297000,210,1612,577,42,270,77
1728463139845138000,395,1633,353,92,269,32
1728463139845980000,597,1570,285,135,276,20
1728463139846822000,834,1509,100,188,263,0
1728463139847663000,1033,1370,20,231,202,64
1728463139848504000,1223,1176,0,288,165,0
1728463139849345000,1387,960,0,308,128,0
1728463139850186000,1506,741,107,334,85,13
1728463139851028000,1580,540,260,343,53,58
1728463139851870000,1600,328,455,338,21,97
1728463139852711000,1545,272,668,329,0,122
1728463139853553000,1440,101,905,311,0,183
1728463139854394000,1288,37,1134,272,0,225
1728463139855235000,1126,43,1328,234,0,253
1728463139856076000,935,65,1496,165,34,288
1728463139856917000,669,37,1639,121,76,314
1728463139857752000,482,226,1712,89,65,320
1728463139858594000,283,456,1731,50,87,332
1728463139859436000,136,660,1663,20,138,314
1728463139860277000,10,885,1546,0,177,298
1728463139861118000,0,1088,1385,0,209,245
1728463139861959000,0,1282,1194,0,242,210
1728463139862799000,0,1440,981,0,249,162
1728463139863640000,110,1555,738,37,261,110
1728463139864482000,233,1615,526,64,270,64
1728463139865324000,412,1628,305,50,260,17
1728463139866166000,621,1572,144,122,247,25
1728463139867008000,850,1512,40,184,226,0
1728463139867849000,1071,1316,0,247,192,0
1728463139868689000,1269,1125,0,296,148,0
1728463139869530000,1430,913,21,314,109,0
1728463139870372000,1529,697,137,335,71,16
1728463139871214000,1586,487,305,349,39,66
1728463139872056000,1600,293,536,343,21,109
1728463139872898000,1521,134,717,322,0,229
1728463139873739000,1412,21,963,304,0,245
1728463139874580000,1259,1,1175,267,0,258
1728463139875421000,1077,1,1329,221,5,338
1728463139876262000,912,41,1514,162,0,226
1728463139877104000,645,130,1623,111,26,270
1728463139877946000,437,307,1721,74,56,338
1728463139878788000,245,505,1719,34,98,323
1728463139879630000,93,722,1660,18,144,312
1728463139880471000,0,936,1514,0,186,289
1728463139881312000,0,1141,1346,0,224,242
1728463139882153000,0,1320,1111,0,238,194
1728463139882994000,30,1473,906,2,241,151
1728463139883835000,148,1580,680,39,253,71
1728463139884693000,309,1629,473,71,267,42
1728463139885535000,381,1610,224,181,256,53
1728463139886377000,634,1554,125,202,237,10
1728463139887219000,871,1440,18,239,212,0
1728463139888060000,1129,1277,0,258,181,0
1728463139888901000,1311,1082,0,298,138,0
1728463139889742000,1458,864,52,322,110,0
1728463139890584000,1549,637,178,340,68,29
1728463139891426000,1600,432,361,350,36,73
1728463139892268000,1571,249,645,334,7,121
1728463139893110000,1499,101,862,325,0,164
1728463139893951000,1370,2,1066,296,0,209
1728463139894792000,1208,0,1278,260,0,252
1728463139895633000,1003,18,1493,202,0,289
1728463139896474000,787,42,1497,153,0,410
1728463139897316000,591,160,1621,105,64,389
1728463139898152000,388,344,1729,65,66,334
1728463139898994000,210,559,1706,30,113,325
1728463139899835000,64,764,1639,9,151,308
1728463139900676000,0,978,1479,0,194,278
1728463139901517000,0,1173,1295,0,224,232
1728463139902358000,0,1352,1065,5,255,169
1728463139903199000,53,1501,837,5,272,130
1728463139904041000,185,1593,622,37,266,76
1728463139904883000,356,1632,412,82,265,42
1728463139905724000,579,1560,207,117,194,9
1728463139906566000,767,1504,66,170,193,0
1728463139907407000,1120,1383,14,235,189,0
1728463139908248000,1181,1229,0,265,183,0
1728463139909089000,1350,1029,0,303,142,0
1728463139909930000,1480,810,71,321,93,12
1728463139910772000,1574,594,213,341,55,36
1728463139911629000,1600,394,405,344,26,90
1728463139912471000,1551,206,618,366,5,133
1728463139913312000,1465,69,839,306,0,181
1728463139914153000,1336,0,1076,270,0,232
1728463139914994000,1159,0,1294,241,0,261
1728463139915835000,952,50,1504,177,0,303
1728463139916676000,717,151,1642,125,14,331
1728463139917517000,527,207,1726,85,58,327
1728463139918359000,338,402,1728,64,84,333
1728463139919201000,171,610,1696,13,117,323
1728463139920043000,42,826,1610,1,154,293
1728463139920884000,0,1046,1461,0,197,257
1728463139921725000,0,1232,1261,0,231,224
1728463139922566000,0,1396,1026,0,256,162
1728463139923407000,75,1525,797,21,273,121
1728463139924249000,224,1617,568,56,277,74
1728463139925098000,402,1648,378,89,274,44
1728463139925940000,645,1652,158,154,269,0
1728463139926782000,816,1373,31,174,313,0
1728463139927624000,1013,1265,0,241,271,0
1728463139928465000,1222,1170,0,282,169,0
1728463139929306000,1384,975,0,312,129,0
1728463139930148000,1507,748,98,325,85,18
1728463139930990000,1583,538,254,342,42,43
1728463139931832000,1597,338,450,345,21,96
1728463139932674000,1622,156,671,335,0,149
1728463139933516000,1413,31,893,357,0,192
1728463139934357000,1285,0,1124,303,0,235
1728463139935198000,1103,0,1344,240,0,277
1728463139936039000,835,0,1512,230,0,340
1728463139936880000,636,117,1664,170,10,314
1728463139937722000,450,252,1695,47,39,338
1728463139938569000,299,448,1724,49,87,330
1728463139939411000,139,662,1672,22,129,313
1728463139940252000,16,885,1557,0,171,288
1728463139941093000,0,1092,1397,0,198,245
1728463139941934000,0,1276,1193,0,229,193
1728463139942775000,0,1439,979,1,268,164
1728463139943617000,96,1566,752,34,276,110
1728463139944458000,245,1624,500,50,285,69
1728463139945300000,455,1635,302,98,267,52
1728463139946142000,674,1591,121,157,245,0
1728463139946984000,832,1573,5,221,245,0
1728463139947825000,1071,1407,0,273,224,0
1728463139948666000,1261,1125,0,292,157,0
1728463139949507000,1417,906,10,313,117,0
1728463139950349000,1530,698,143,330,74,28
1728463139951191000,1591,497,301,346,32,64
1728463139952089000,1586,290,507,348,18,106
1728463139952931000,1521,117,722,330,0,154
1728463139953773000,1517,5,953,301,0,202
1728463139954614000,1336,0,1185,261,0,245
1728463139955455000,1161,0,1399,217,0,293
1728463139956296000,963,7,1600,186,0,309
1728463139957138000,730,119,1678,119,10,324
1728463139957980000,367,285,1731,114,53,345
1728463139958822000,253,496,1713,39,98,330
1728463139959664000,104,710,1656,10,138,314
1728463139960505000,0,929,1521,0,174,282
1728463139961346000,0,1137,1353,0,215,245
1728463139962187000,0,1316,1140,0,244,186
1728463139963028000,23,1472,922,0,261,142
1728463139963870000,138,1567,685,34,274,101
1728463139964712000,296,1634,463,64,281,66
1728463139965504000,490,1632,222,110,248,79
1728463139966345000,706,1537,37,154,266,53
1728463139967187000,954,1444,0,206,224,23
1728463139968028000,1130,1282,0,260,186,0
1728463139968869000,1305,1080,0,299,148,0
1728463139969710000,1450,864,42,325,110,0
1728463139970552000,1551,647,178,333,65,38
1728463139971394000,1593,448,352,347,25,73
1728463139972235000,1576,274,562,346,3,102
1728463139973077000,1498,77,789,330,42,160
1728463139973918000,1378,0,1016,306,10,213
1728463139974759000,1216,0,1225,256,18,247
1728463139975600000,1022,0,1416,221,26,277
1728463139976442000,832,5,1573,146,0,314
1728463139977283000,627,149,1684,109,0,324
1728463139978124000,405,348,1727,69,77,328
1728463139978999000,202,542,1711,36,109,325
1728463139979841000,64,761,1621,5,154,306
1728463139980682000,0,978,1497,0,188,275
1728463139981523000,0,1186,1310,0,220,242
1728463139982364000,0,1357,1100,1,239,181
1728463139983205000,46,1505,864,10,271,138
1728463139984047000,162,1592,642,31,266,93
1728463139984889000,329,1623,419,66,272,53
1728463139985731000,530,1654,228,100,253,5
1728463139986573000,741,1514,182,165,256,9
1728463139987414000,958,1395,64,210,256,4
1728463139988255000,1178,1238,10,266,192,0
1728463139989095000,1344,1039,0,302,136,0
1728463139989936000,1474,814,71,326,94,4
1728463139990778000,1569,591,218,344,64,33
1728463139991619000,1600,397,401,341,21,92
1728463139992457000,1578,235,604,341,0,118
1728463139993298000,1487,81,832,322,0,157
1728463139994139000,1337,32,1068,293,0,218
1728463139994980000,1174,50,1284,254,0,256
1728463139995821000,953,82,1473,234,5,265
1728463139996662000,773,154,1592,170,21,296
1728463139997504000,531,106,1690,102,106,310
1728463139998346000,340,391,1729,66,78,325
1728463139999188000,177,596,1689,37,123,324
1728463140000030000,45,815,1592,0,165,303
1728463140000871000,0,1028,1444,0,197,266
1728463140001712000,0,1232,1253,0,226,234
1728463140002553000,0,1384,1050,0,252,165
1728463140003394000,79,1521,807,17,277,101
1728463140004236000,199,1603,579,57,274,78
1728463140005078000,373,1620,370,94,277,42
1728463140005915000,562,1600,168,94,256,21
1728463140006757000,796,1576,71,169,234,0
1728463140007599000,996,1406,0,215,210,0
1728463140008440000,1209,1199,0,275,168,0
1728463140009280000,1375,986,0,311,129,0
1728463140010122000,1497,765,105,332,89,17
1728463140010964000,1576,552,241,340,55,49
1728463140011806000,1600,362,440,340,20,103
1728463140012648000,1552,185,641,334,2,192
1728463140013490000,1445,53,878,320,0,241
1728463140014331000,1300,0,1108,285,0,265
1728463140015172000,1127,0,1316,237,0,267
1728463140016013000,976,18,1480,185,0,221
1728463140016854000,728,93,1600,133,1,272
1728463140017696000,497,341,1704,117,64,295
1728463140018538000,292,434,1729,53,82,325
1728463140019391000,144,642,1678,33,133,321
1728463140020233000,13,863,1570,0,169,297
1728463140021074000,0,1070,1398,0,204,258
1728463140021915000,0,1272,1210,0,229,224
1728463140022756000,2,1419,988,0,238,162
1728463140023598000,101,1532,753,26,253,96
1728463140024440000,252,1600,543,66,266,58
1728463140025282000,448,1618,330,106,269,33
1728463140026124000,617,1564,122,220,238,10
1728463140026965000,778,1472,40,251,213,18
1728463140027806000,1004,1319,21,292,186,0
1728463140028647000,1258,1145,0,285,151,0
1728463140029488000,1421,936,11,320,121,0
1728463140030330000,1521,709,127,333,77,20
1728463140031172000,1590,498,287,350,42,56
1728463140032014000,1592,313,489,343,20,111
1728463140032931000,1526,144,711,320,0,157
1728463140033772000,1415,25,1011,307,0,197
1728463140034613000,1259,0,1210,276,0,239
1728463140035454000,1073,0,1417,224,0,276
1728463140036295000,854,26,1639,169,39,329
1728463140037137000,642,161,1704,106,26,330
1728463140037979000,448,269,1635,64,64,407
1728463140038821000,260,487,1728,42,87,328
1728463140039663000,101,699,1658,25,141,320
1728463140040504000,0,914,1533,0,178,289
1728463140041345000,0,1114,1362,0,214,257
1728463140042186000,0,1314,1152,0,245,210
1728463140043027000,31,1464,917,2,268,153
1728463140043869000,136,1562,692,16,265,85
1728463140044711000,293,1629,485,74,276,42
1728463140045553000,487,1610,286,111,268,20
1728463140046331000,681,1525,107,154,194,0
1728463140047173000,1029,1423,53,218,185,0
1728463140048014000,1221,1280,34,256,162,0
1728463140048855000,1301,1097,0,292,141,0
1728463140049696000,1447,878,37,328,101,0
1728463140050538000,1545,661,171,338,73,34
1728463140051380000,1600,452,338,347,38,69
1728463140052222000,1583,264,553,340,2,116
1728463140053064000,1506,111,777,320,0,162
1728463140053905000,1376,6,1018,293,0,206
1728463140054746000,1216,0,1223,258,0,245
1728463140055587000,1018,0,1427,209,0,290
1728463140056429000,794,17,1586,154,10,309
1728463140057271000,602,138,1784,113,68,352
1728463140058112000,413,346,1776,66,71,325
1728463140058954000,213,541,1705,34,106,318
1728463140059799000,72,741,1630,10,146,300
1728463140060641000,0,963,1495,0,189,274
1728463140061482000,0,1173,1305,0,224,241
1728463140062323000,0,1347,1095,0,253,186
1728463140063164000,57,1494,864,4,269,132
1728463140064005000,157,1600,621,45,269,89
1728463140064847000,341,1635,415,85,277,36
1728463140065689000,554,1550,229,123,325,0
1728463140066531000,750,1484,53,185,298,0
1728463140067372000,1010,1368,0,207,133,0
1728463140068213000,1179,1224,0,265,165,0
1728463140069054000,1335,1040,0,289,126,0
1728463140069895000,1480,826,68,334,104,2
1728463140070737000,1561,601,213,340,64,37
1728463140071579000,1600,398,391,350,29,84
1728463140072421000,1568,225,613,333,0,125
1728463140073269000,1479,77,837,346,0,174
1728463140074111000,1333,0,1066,281,0,218
1728463140074952000,1163,0,1282,234,0,257
1728463140075793000,936,0,1471,141,0,277
1728463140076634000,730,69,1596,107,5,342
1728463140077476000,521,254,1728,85,33,332
1728463140078318000,359,381,1744,64,81,329
1728463140079160000,172,593,1692,33,119,322
1728463140080002000,46,803,1608,5,159,301
1728463140080843000,0,1015,1465,0,196,261
1728463140081684000,0,1224,1258,0,233,229
1728463140082525000,0,1374,1018,0,257,178
1728463140083366000,81,1522,802,17,273,126
1728463140084208000,222,1608,581,58,277,69
1728463140085050000,381,1632,372,90,272,28
1728463140085892000,616,1656,174,170,264,0
1728463140086742000,842,1555,36,175,266,0
1728463140087583000,1039,1252,0,215,277,0
1728463140088424000,1220,1185,0,272,175,0
1728463140089265000,1379,993,0,308,122,0
1728463140090107000,1498,771,100,327,85,9
1728463140090949000,1570,551,261,348,52,46
1728463140091791000,1597,361,434,343,29,98
1728463140092633000,1655,175,662,331,0,139
1728463140093474000,1519,46,892,327,0,182
1728463140094315000,1332,0,1111,329,0,226
1728463140095156000,1126,0,1327,266,0,270
1728463140095997000,809,0,1487,249,0,341
1728463140096838000,653,98,1656,192,16,354
1728463140097680000,470,266,1694,34,55,346
1728463140098522000,320,433,1728,55,77,329
1728463140099364000,145,650,1679,31,132,311
1728463140100222000,17,862,1567,1,171,296
1728463140101063000,0,1067,1402,0,205,258
1728463140101904000,0,1262,1202,1,242,215
1728463140102745000,0,1438,986,0,274,168
1728463140103587000,98,1552,759,13,276,114
1728463140104429000,239,1617,541,64,277,64
1728463140105271000,439,1633,328,96,273,2
1728463140106113000,682,1586,128,149,245,0
1728463140106954000,833,1601,9,224,247,0
1728463140107795000,1066,1429,0,270,213,0
1728463140108636000,1261,1146,0,274,162,0
1728463140109477000,1407,937,5,320,113,0
1728463140110319000,1525,725,130,331,77,16
1728463140111161000,1581,506,284,341,41,58
1728463140112003000,1584,320,484,340,18,107
1728463140112844000,1549,138,715,330,0,157
1728463140113685000,1508,23,945,306,0,197
1728463140114526000,1332,0,1166,278,0,238
1728463140115367000,1131,0,1376,228,0,277
1728463140116208000,933,0,1514,180,0,310
1728463140117050000,569,108,1623,194,13,378
1728463140117892000,389,269,1751,122,45,346
1728463140118734000,266,476,1728,42,85,328
1728463140119576000,106,693,1659,26,133,306
1728463140120417000,2,898,1536,0,180,284
1728463140121258000,0,1107,1364,0,215,248
1728463140122099000,0,1309,1161,0,241,207
1728463140122940000,26,1457,930,0,269,151
1728463140123782000,136,1569,704,16,269,107
1728463140124623000,287,1635,489,78,274,53
1728463140125465000,481,1621,277,107,269,23
1728463140126306000,737,1583,54,157,280,56
1728463140127198000,952,1473,0,199,203,0
1728463140128039000,1134,1281,0,240,165,0
1728463140128880000,1299,1103,0,292,145,0
1728463140129721000,1442,890,37,328,103,0
1728463140130563000,1546,663,165,338,72,31
1728463140131405000,1600,458,327,345,37,69
1728463140132247000,1579,270,538,340,11,116
1728463140133089000,1519,91,767,330,10,154
1728463140133931000,1392,2,1000,304,0,206
1728463140134772000,1220,0,1217,261,0,245
1728463140135613000,1034,0,1420,218,0,276
1728463140136454000,793,5,1588,170,0,314
1728463140137296000,715,129,1709,132,0,331
1728463140138138000,471,312,1750,64,45,325
1728463140138980000,224,533,1712,37,101,325
1728463140139822000,74,741,1637,8,149,309
1728463140140629000,0,960,1507,2,186,276
1728463140141470000,0,1164,1316,0,222,240
1728463140142311000,0,1347,1111,0,247,197
1728463140143152000,37,1488,884,1,276,141
1728463140143994000,162,1600,653,23,264,101
1728463140144836000,329,1633,442,79,269,46
1728463140145678000,529,1607,260,125,274,18
1728463140146520000,761,1560,139,169,261,0
1728463140147361000,960,1456,47,209,229,0
1728463140148202000,1160,1277,46,245,181,0
1728463140149043000,1336,1054,0,294,141,0
1728463140149884000,1473,836,64,325,96,9
1728463140150726000,1566,615,203,340,53,30
1728463140151568000,1593,407,383,346,30,85
1728463140152410000,1570,229,594,341,4,137
1728463140153251000,1491,166,816,321,0,165
1728463140154092000,1359,29,1048,294,0,206
1728463140154933000,1186,37,1264,257,0,253
1728463140155774000,996,46,1456,203,0,278
1728463140156615000,762,0,1595,141,84,304
1728463140157457000,560,145,1692,126,75,320
1728463140158299000,365,346,1728,57,26,321
1728463140159141000,190,584,1695,32,110,320
1728463140159983000,42,808,1606,5,162,306
1728463140160824000,0,1013,1472,0,194,265
1728463140161665000,0,1216,1274,0,231,224
1728463140162506000,0,1387,1045,0,253,184
1728463140163347000,36,1510,820,16,274,125
1728463140164189000,188,1600,597,42,272,77
1728463140165031000,374,1641,381,87,267,36
1728463140165873000,560,1620,213,125,261,10
1728463140166715000,770,1505,33,171,245,0
1728463140167561000,996,1352,90,218,247,0
1728463140168402000,1200,1201,58,261,177,0
1728463140169243000,1376,994,0,303,129,0
1728463140170084000,1497,777,86,335,82,10
1728463140170926000,1569,564,250,336,47,34
1728463140171768000,1596,358,441,350,23,92
1728463140172610000,1553,186,653,333,0,139
1728463140173451000,1463,49,873,305,0,171
1728463140174292000,1315,69,1103,285,0,209
1728463140175133000,1141,43,1313,234,0,265
1728463140175974000,922,96,1479,192,0,265
1728463140176815000,740,157,1611,162,13,301
1728463140177657000,506,122,1693,78,121,320
1728463140178499000,320,410,1720,47,101,333
1728463140179341000,147,637,1680,27,117,320
1728463140180183000,21,855,1582,0,171,288
1728463140181035000,0,1066,1429,0,205,267
1728463140181876000,0,1256,1220,0,232,217
1728463140182717000,0,1419,997,1,245,158
1728463140183559000,106,1550,767,18,270,112
1728463140184401000,242,1606,540,56,251,65
1728463140185242000,436,1630,333,98,265,36
1728463140186084000,570,1592,215,197,252,2
1728463140186925000,805,1484,17,151,228,0
1728463140187766000,1026,1322,0,206,193,0
1728463140188607000,1250,1152,0,276,171,0
1728463140189448000,1401,937,0,309,122,0
1728463140190290000,1525,719,122,338,77,20
1728463140191131000,1592,510,289,341,37,53
1728463140191973000,1586,314,487,350,11,100
1728463140192814000,1535,141,747,335,0,145
1728463140193656000,1434,32,916,302,0,250
1728463140194505000,1274,0,1144,269,0,303
1728463140195346000,1091,0,1358,226,0,320
1728463140196187000,879,2,1460,170,8,386
1728463140197028000,683,138,1615,123,46,373
1728463140197870000,482,271,1666,73,49,264
1728463140198712000,277,477,1716,40,106,333
1728463140199554000,112,690,1664,13,131,321
1728463140200395000,4,910,1541,0,170,282
1728463140201236000,0,1121,1378,0,213,250
1728463140202077000,0,1301,1164,0,235,199
1728463140202917000,25,1447,947,0,269,153
1728463140203759000,126,1559,709,26,274,101
1728463140204600000,287,1604,490,73,273,64
1728463140205442000,484,1628,290,114,261,32
1728463140206284000,810,1568,188,175,215,14
1728463140207126000,981,1452,26,203,194,0
1728463140207970000,1167,1276,0,324,176,0
1728463140208811000,1294,1095,0,290,156,0
1728463140209652000,1437,885,28,322,101,0
1728463140210494000,1546,666,154,341,69,26
1728463140211336000,1600,463,331,350,33,66
1728463140212178000,1583,277,540,344,8,106
1728463140213020000,1504,110,767,322,0,157
1728463140213861000,1395,5,999,295,0,213
1728463140214702000,1231,0,1281,256,0,257
1728463140215543000,1041,0,1405,224,0,288
1728463140216384000,826,25,1675,158,34,330
1728463140217226000,613,200,1740,110,43,320
1728463140218068000,401,298,1639,71,64,418
1728463140218910000,237,522,1710,37,116,327
1728463140219752000,84,743,1642,10,145,320
1728463140220593000,0,960,1508,0,176,272
1728463140221487000,0,1159,1333,0,212,237
1728463140222328000,0,1349,1120,0,247,189
1728463140223169000,33,1503,887,18,266,137
1728463140224011000,173,1584,639,36,282,84
1728463140224853000,322,1620,432,70,279,53
1728463140225695000,530,1616,242,119,263,20
1728463140226537000,756,1503,93,159,203,0
1728463140227379000,962,1402,0,217,185,0
1728463140228220000,1274,1226,20,270,148,0
1728463140229061000,1327,1042,0,298,154,0
1728463140229902000,1465,832,53,324,98,5
1728463140230744000,1559,612,188,336,66,37
1728463140231586000,1601,409,382,349,27,74
1728463140232428000,1569,234,586,333,2,122
1728463140233270000,1472,71,818,309,0,171
1728463140234111000,1354,0,1045,283,0,221
1728463140234911000,1174,0,1258,239,0,261
1728463140235752000,984,0,1445,201,0,299
1728463140236593000,754,96,1615,119,0,346
1728463140237435000,548,241,1712,91,25,320
1728463140238277000,345,357,1823,66,106,351
1728463140239119000,199,577,1697,34,128,323
1728463140239960000,53,799,1613,5,153,303
1728463140240801000,0,1013,1472,0,186,268
1728463140241642000,0,1209,1289,0,220,220
1728463140242483000,0,1386,1061,0,245,174
1728463140243324000,66,1518,822,11,264,81
1728463140244166000,207,1602,602,53,286,66
1728463140245008000,383,1640,383,94,274,43
1728463140245850000,580,1605,210,130,255,0
1728463140246692000,790,1386,53,185,320,0
1728463140247533000,996,1295,0,252,271,0
1728463140248389000,1189,1136,0,288,220,0
1728463140249230000,1372,993,0,309,141,0
1728463140250071000,1496,777,81,333,90,13
1728463140250913000,1570,562,229,334,53,45
1728463140251754000,1592,359,429,343,16,84
1728463140252596000,1557,201,641,336,0,137
1728463140253437000,1431,44,875,366,0,186
1728463140254278000,1306,0,1090,312,0,232
1728463140255119000,1121,0,1306,269,0,277
1728463140255960000,906,0,1487,199,0,306
1728463140256801000,657,82,1659,169,5,330
1728463140257642000,469,240,1692,43,29,361
1728463140258484000,290,448,1747,37,87,329
1728463140259326000,149,626,1678,25,122,320
1728463140260168000,26,845,1565,2,167,294
1728463140261009000,0,1058,1424,0,197,261
1728463140261852000,0,1251,1231,0,226,217
1728463140262693000,0,1421,1000,0,250,163
1728463140263535000,82,1550,762,14,261,111
1728463140264377000,234,1620,558,53,288,73
1728463140265219000,436,1634,338,101,267,31
1728463140266061000,617,1652,149,143,249,0
1728463140266903000,877,1557,21,206,229,0
1728463140267745000,1055,1348,2,228,276,0
1728463140268586000,1242,1091,0,275,210,0
1728463140269427000,1398,950,10,320,117,0
1728463140270269000,1521,723,117,343,84,20
1728463140271111000,1583,520,282,335,36,58
1728463140271953000,1596,322,485,343,5,92
1728463140272795000,1540,156,706,335,0,158
1728463140273637000,1500,18,929,309,0,194
1728463140274478000,1321,0,1155,290,0,241
1728463140275330000,1130,0,1354,234,0,276
1728463140276171000,950,0,1529,172,0,303
1728463140277012000,546,97,1629,193,9,354
1728463140277854000,410,266,1731,126,33,335
1728463140278696000,266,468,1724,40,98,329
1728463140279538000,117,674,1664,21,137,320
1728463140280379000,2,894,1544,0,170,289
1728463140281220000,0,1107,1378,0,206,254
1728463140282061000,0,1295,1169,0,232,197
1728463140282902000,11,1455,942,1,258,154
1728463140283744000,117,1577,714,26,282,107
1728463140284585000,289,1625,493,64,267,64
1728463140285427000,472,1628,266,107,274,23
1728463140286268000,721,1584,74,133,261,30
1728463140287110000,940,1472,0,197,197,0
1728463140287951000,1146,1323,0,245,181,0
1728463140288808000,1284,1116,0,287,157,0
1728463140289649000,1433,895,34,320,106,0
1728463140290491000,1540,665,151,346,71,26
1728463140291333000,1594,469,322,338,39,72
1728463140292175000,1590,285,538,341,2,110
1728463140293017000,1513,109,761,330,0,158
1728463140293859000,1402,0,995,303,0,207
1728463140294700000,1233,0,1203,263,0,248
1728463140295541000,1042,0,1404,228,0,285
1728463140296382000,942,4,1600,173,0,309
1728463140297224000,700,133,1721,117,0,326
1728463140298066000,309,303,1726,133,50,370
1728463140298908000,244,510,1710,42,117,329
1728463140299750000,87,738,1632,11,150,312
1728463140300591000,0,949,1509,0,178,279
1728463140301432000,0,1149,1333,0,214,239
1728463140302264000,0,1344,1113,0,239,188
1728463140303105000,28,1487,898,13,266,131
1728463140303947000,153,1561,663,32,282,91
1728463140304789000,313,1612,442,84,282,58
1728463140305631000,522,1617,245,119,266,17
1728463140306472000,736,1520,21,162,229,92
1728463140307314000,960,1400,0,213,226,57
1728463140308155000,1163,1255,0,257,203,34
1728463140308996000,1330,1055,0,297,151,0
1728463140309837000,1464,839,56,324,100,4
1728463140310679000,1555,608,188,352,58,34
1728463140311521000,1600,413,372,340,33,77
1728463140312362000,1578,238,582,334,0,137
1728463140313203000,1503,178,802,321,0,162
1728463140314044000,1367,0,1033,292,42,201
1728463140314885000,1191,0,1253,249,34,253
1728463140315726000,986,0,1439,213,2,289
1728463140316567000,773,1,1586,167,52,298
1728463140317409000,581,170,1692,89,0,328
1728463140318251000,501,348,1760,69,25,320
1728463140319093000,194,576,1703,32,122,324
1728463140319935000,47,788,1608,11,157,303
1728463140320776000,0,1008,1464,0,194,270
1728463140321617000,0,1202,1293,0,226,227
1728463140322458000,0,1385,1067,0,250,185
1728463140323299000,47,1526,846,2,258,117
1728463140324141000,174,1606,618,46,278,84
1728463140324983000,350,1642,397,90,276,46
1728463140325825000,576,1605,221,130,261,5
1728463140326667000,767,1541,154,185,266,0
1728463140327508000,981,1411,47,224,210,65
1728463140328349000,1181,1212,0,264,164,74
1728463140329208000,1364,997,0,306,138,0
1728463140330049000,1486,778,87,334,92,10
1728463140330891000,1572,569,231,335,57,42
1728463140331733000,1592,363,418,341,20,93
1728463140332575000,1566,198,642,338,2,139
1728463140333416000,1464,101,863,313,0,174
1728463140334257000,1322,0,1088,287,29,224
1728463140335098000,1147,0,1300,249,34,263
1728463140335939000,944,0,1479,188,10,299
1728463140336780000,732,4,1621,157,56,320
1728463140337621000,558,194,1705,101,0,341
1728463140338463000,465,400,1761,64,57,330
1728463140339305000,157,624,1686,28,122,322
1728463140340147000,31,840,1586,0,170,297
1728463140340988000,0,1059,1434,0,196,264
1728463140341829000,0,1254,1234,0,225,213
1728463140342679000,0,1423,1013,0,253,170
1728463140343520000,74,1543,781,20,260,98
1728463140344362000,218,1621,568,52,267,74
1728463140345204000,412,1636,348,98,271,42
1728463140346046000,629,1592,172,137,249,5
1728463140346888000,834,1477,130,181,256,0
1728463140347730000,1029,1372,66,233,215,0
1728463140348571000,1234,1178,78,277,196,0
1728463140349412000,1389,948,4,309,117,0
1728463140350254000,1517,722,106,346,85,14
1728463140351096000,1588,522,277,338,45,55
1728463140351938000,1596,326,473,345,10,98
1728463140352780000,1535,148,697,338,0,145
1728463140353622000,1447,93,914,320,0,181
1728463140354463000,1280,46,1140,274,0,225
1728463140355304000,1096,45,1344,234,0,266
1728463140356155000,898,26,1527,178,0,301
1728463140356997000,651,11,1632,119,78,297
1728463140357839000,467,202,1705,105,90,305
1728463140358681000,282,427,1714,38,64,324
1728463140359523000,117,677,1653,14,136,320
1728463140360364000,5,893,1551,0,171,293
1728463140361205000,0,1097,1383,0,205,245
1728463140362046000,0,1294,1180,0,235,204
1728463140362887000,5,1453,951,1,261,159
1728463140363729000,106,1557,723,29,274,112
1728463140364571000,267,1615,505,69,269,66
1728463140365413000,455,1618,274,87,270,31
1728463140366255000,668,1568,136,126,245,2
1728463140367096000,890,1520,26,181,225,0
1728463140367937000,1070,1348,8,224,181,0
1728463140368778000,1271,1136,0,276,148,0
1728463140369621000,1426,901,28,320,110,2
1728463140370463000,1536,672,146,351,73,25
1728463140371305000,1600,468,324,339,34,64
1728463140372147000,1589,285,522,341,2,101
1728463140372988000,1522,122,760,330,0,151
1728463140373830000,1405,4,961,302,0,241
1728463140374671000,1233,0,1188,262,0,273
1728463140375512000,1050,0,1382,229,0,310
1728463140376353000,861,38,1535,165,1,245
1728463140377195000,629,141,1644,113,13,264
1728463140378037000,420,405,1701,106,64,286
1728463140378879000,245,471,1711,39,148,320
1728463140379721000,87,726,1635,21,148,314
1728463140380562000,0,948,1509,0,186,285
1728463140381403000,0,1150,1344,0,210,242
1728463140382244000,0,1335,1121,0,237,192
1728463140383093000,29,1479,901,5,255,133
1728463140383935000,159,1567,677,39,270,82
1728463140384777000,322,1633,448,80,277,50
1728463140385619000,517,1623,258,117,269,18
1728463140386460000,645,1538,105,215,237,33
1728463140387302000,881,1434,18,252,212,0
1728463140388143000,1088,1262,2,189,178,0
1728463140388984000,1314,1061,0,288,148,0
1728463140389825000,1455,847,55,329,106,1
1728463140390667000,1556,631,183,331,64,34
1728463140391509000,1600,421,378,343,26,75
1728463140392351000,1575,249,578,340,9,127
1728463140393193000,1493,92,857,321,0,174
1728463140394034000,1365,0,1048,298,0,303
1728463140394875000,1198,0,1266,261,0,327
1728463140395716000,1001,0,1425,200,0,345
1728463140396566000,800,29,1522,138,5,402
1728463140397408000,607,201,1650,106,47,381
1728463140398250000,414,372,1697,64,58,260
1728463140399092000,196,562,1703,34,110,325
1728463140399934000,58,776,1607,10,158,305
1728463140400775000,0,1000,1480,0,188,282
1728463140401616000,0,1199,1285,0,213,225
1728463140402457000,0,1375,1072,0,242,183
1728463140403298000,57,1509,847,10,264,114
1728463140404140000,186,1587,618,46,250,81
1728463140404982000,369,1619,395,96,267,45
1728463140405824000,577,1606,224,130,254,16
1728463140406665000,855,1499,93,186,201,0
1728463140407506000,901,1383,0,308,196,0
1728463140408347000,1068,1216,0,341,167,34
1728463140409188000,1352,1003,0,303,130,0
1728463140410025000,1495,784,73,335,96,5
1728463140410867000,1572,576,217,335,58,43
1728463140411709000,1600,372,412,340,18,87
1728463140412551000,1563,207,634,344,0,137
1728463140413392000,1457,53,857,313,0,183
1728463140414233000,1326,0,1162,287,0,232
1728463140415074000,1146,0,1306,250,0,268
1728463140415915000,945,0,1508,192,0,302
1728463140416757000,741,85,1698,127,65,350
1728463140417599000,517,266,1748,85,26,378
1728463140418441000,338,409,1661,50,104,389
1728463140419283000,162,618,1690,26,125,322
1728463140420125000,29,836,1589,0,155,301
1728463140420966000,0,1052,1443,0,197,265
1728463140421807000,0,1248,1241,0,225,224
1728463140422648000,0,1416,1018,0,247,173
1728463140423504000,91,1538,782,21,276,106
1728463140424346000,225,1614,576,50,272,82
1728463140425188000,410,1624,351,111,277,37
1728463140426030000,625,1589,186,141,258,8
1728463140426872000,847,1451,29,174,165,0
1728463140427713000,1047,1319,9,221,126,0
1728463140428554000,1216,1125,0,270,106,0
1728463140429395000,1400,960,5,309,121,0
1728463140430237000,1506,730,113,341,84,14
1728463140431079000,1584,522,264,338,52,53
1728463140431921000,1600,330,460,338,13,102
1728463140432763000,1543,165,693,336,0,141
1728463140433605000,1426,26,919,301,0,194
1728463140434446000,1280,0,1141,265,0,238
1728463140435287000,1095,0,1345,230,0,274
1728463140436128000,894,4,1520,177,0,306
1728463140436972000,674,164,1665,117,16,311
1728463140437814000,466,250,1820,79,66,349
1728463140438656000,281,480,1772,42,85,412
1728463140439498000,126,678,1662,21,133,320
1728463140440340000,10,892,1560,0,168,292
1728463140441181000,0,1098,1402,0,202,265
1728463140442022000,0,1294,1189,0,234,208
1728463140442863000,8,1444,968,0,263,151
1728463140443705000,116,1555,715,33,277,93
1728463140444547000,282,1624,501,77,279,64
1728463140445389000,464,1605,306,100,265,17
1728463140446231000,671,1565,136,162,261,0
1728463140447072000,913,1413,0,204,267,0
1728463140447913000,1103,1258,0,238,136,0
1728463140448754000,1286,1088,0,283,113,0
1728463140449595000,1424,897,13,320,114,0
1728463140450455000,1536,688,138,330,78,25
1728463140451297000,1589,471,320,341,33,59
1728463140452139000,1592,291,514,341,16,106
1728463140452980000,1521,121,746,327,0,156
1728463140453822000,1388,5,970,298,0,205
1728463140454663000,1231,0,1186,261,0,250
1728463140455504000,1048,4,1386,205,0,290
1728463140456345000,833,22,1561,138,0,320
1728463140457187000,606,206,1688,94,11,334
1728463140458029000,391,301,1721,64,64,324
1728463140458871000,215,508,1789,32,121,332
1728463140459713000,96,728,1634,18,149,310
1728463140460554000,0,942,1520,0,178,279
1728463140461395000,0,1139,1344,0,206,232
1728463140462236000,0,1335,1141,0,247,192
1728463140463077000,23,1479,907,8,263,135
1728463140463912000,160,1582,677,36,276,93
1728463140464753000,322,1630,448,77,274,50
1728463140465595000,514,1620,264,116,265,2
1728463140466436000,730,1584,93,171,245,0
1728463140467278000,923,1310,0,201,297,0
1728463140468119000,1108,1161,0,257,253,0
1728463140468960000,1317,1000,5,294,207,0
1728463140469801000,1461,847,42,329,106,2
1728463140470643000,1554,634,175,333,66,34
1728463140471485000,1600,430,361,348,26,69
1728463140472327000,1567,253,576,341,8,119
1728463140473168000,1504,93,802,326,0,172
1728463140474009000,1421,0,1031,320,0,213
1728463140474850000,1257,0,1241,295,0,256
1728463140475691000,1058,0,1430,205,0,292
1728463140476532000,840,43,1567,194,0,326
1728463140477382000,501,171,1706,160,22,360
1728463140478224000,330,361,1708,10,66,314
1728463140479066000,180,557,1700,17,111,326
1728463140479908000,65,773,1613,13,154,303
1728463140480749000,0,988,1477,0,186,277
1728463140481590000,0,1190,1300,0,218,234
1728463140482431000,0,1368,1072,0,245,187
1728463140483272000,53,1505,846,9,260,126
1728463140484113000,186,1608,625,41,289,83
1728463140484955000,346,1637,410,87,277,43
1728463140485797000,558,1613,209,116,261,15
1728463140486639000,778,1536,33,164,250,41
1728463140487481000,1001,1411,0,226,226,26
1728463140488322000,1256,1248,0,264,175,0
1728463140489163000,1357,1021,0,300,142,0
1728463140490004000,1479,796,79,330,87,9
1728463140490848000,1573,578,224,342,58,46
1728463140491690000,1600,382,429,340,19,91
1728463140492532000,1559,215,632,340,0,137
1728463140493373000,1480,64,861,321,10,171
1728463140494214000,1328,0,1090,288,0,228
1728463140495055000,1149,0,1300,250,0,261
1728463140495896000,962,0,1474,197,0,294
1728463140496737000,749,26,1610,128,0,325
1728463140497579000,657,197,1752,110,8,341
1728463140498421000,404,391,1715,142,78,340
1728463140499263000,158,610,1695,29,122,324
1728463140500105000,38,832,1588,9,164,299
1728463140500946000,0,1037,1432,0,206,265
1728463140501787000,0,1232,1236,0,226,221
1728463140502628000,0,1408,1020,0,250,177
1728463140503469000,86,1539,789,10,266,117
1728463140504331000,237,1618,558,39,270,69
1728463140505173000,421,1633,354,106,271,37
1728463140506015000,622,1600,174,138,276,8
1728463140506857000,842,1534,94,175,250,0
1728463140507698000,1037,1405,50,233,189,64
1728463140508539000,1220,1216,53,274,162,0
1728463140509380000,1397,969,0,305,138,0
1728463140510222000,1506,745,111,335,82,13
1728463140511064000,1581,528,260,345,50,50
1728463140511906000,1600,335,453,338,13,101
1728463140512748000,1548,175,681,330,0,149
1728463140513589000,1443,96,905,313,0,177
1728463140514430000,1289,26,1133,277,42,230
1728463140515271000,1118,26,1338,238,21,272
1728463140516112000,904,0,1512,186,32,297
1728463140516953000,647,25,1625,138,76,308
1728463140517791000,501,224,1710,82,0,325
1728463140518633000,283,426,1728,34,34,308
1728463140519475000,127,665,1676,21,133,320
1728463140520317000,10,879,1558,0,174,296
1728463140521158000,0,1093,1397,0,210,253
1728463140521999000,0,1282,1193,0,242,209
1728463140522840000,0,1448,975,0,253,167
1728463140523682000,82,1540,746,29,254,103
1728463140524524000,261,1611,525,64,267,65
1728463140525365000,448,1618,325,111,271,29
1728463140526207000,661,1544,122,152,254,2
1728463140527048000,864,1505,21,173,222,0
1728463140527889000,1082,1376,12,224,188,0
1728463140528730000,1265,1157,0,266,146,0
1728463140529571000,1439,907,18,320,122,0
1728463140530413000,1530,683,137,343,74,23
1728463140531264000,1600,471,298,349,37,64
1728463140532106000,1589,285,500,340,16,104
1728463140532947000,1533,138,736,333,0,160
1728463140533788000,1420,10,945,305,0,234
1728463140534629000,1252,0,1168,265,0,245
1728463140535470000,1059,1,1367,220,0,281
1728463140536311000,846,16,1535,169,0,298
1728463140537152000,643,128,1636,121,14,257
1728463140537994000,426,404,1712,106,68,303
1728463140538836000,248,393,1697,20,169,300
1728463140539678000,93,721,1649,13,138,311
1728463140540519000,0,933,1520,4,180,282
1728463140541360000,0,1134,1354,0,213,242
1728463140542201000,0,1322,1146,0,245,198
1728463140543042000,25,1482,910,2,264,154
1728463140543884000,138,1558,697,30,257,96
1728463140544744000,325,1626,476,75,273,50
1728463140545586000,506,1623,277,124,266,11
1728463140546427000,705,1541,122,163,250,0
1728463140547269000,826,1418,0,277,218,23
1728463140548110000,1050,1278,14,309,186,34
1728463140548951000,1236,1061,21,334,137,20
1728463140549792000,1459,853,39,320,107,1
1728463140550634000,1553,640,177,343,69,29
1728463140551476000,1586,430,357,346,31,71
1728463140552318000,1578,249,557,344,9,122
1728463140553160000,1508,100,783,321,0,177
1728463140554001000,1376,0,1092,289,0,212
1728463140554842000,1220,0,1298,254,0,253
1728463140555683000,1016,0,1465,207,0,288
1728463140556524000,800,50,1623,157,2,312
1728463140557366000,582,181,1704,107,10,430
1728463140558207000,407,350,1658,57,98,414
1728463140559049000,274,559,1678,33,100,250
1728463140559891000,58,767,1629,10,146,302
1728463140560732000,0,975,1487,5,192,276
1728463140561573000,0,1178,1310,0,224,235
1728463140562414000,0,1356,1092,0,247,186
1728463140563255000,49,1496,847,14,267,137
1728463140564096000,192,1600,626,28,266,74
1728463140564938000,356,1621,407,85,273,30
1728463140565780000,568,1607,224,136,254,0
1728463140566621000,767,1524,79,181,218,0
1728463140567463000,1090,1370,0,235,173,0
1728463140568304000,1298,1223,25,282,149,0
1728463140569145000,1442,1015,0,298,123,0
1728463140569986000,1487,810,74,322,104,5
1728463140570828000,1567,591,215,342,58,29
1728463140571677000,1592,382,404,345,26,81
1728463140572519000,1564,210,617,338,0,133
1728463140573360000,1483,77,853,320,0,189
1728463140574201000,1329,0,1076,281,0,224
1728463140575042000,1151,0,1293,233,0,260
1728463140575883000,950,0,1472,200,0,293
1728463140576724000,725,73,1621,138,12,322
1728463140577566000,525,197,1788,90,90,352
1728463140578408000,335,421,1684,40,64,442
1728463140579250000,177,606,1656,21,122,357
1728463140580091000,28,824,1600,2,156,293
1728463140580932000,0,1029,1447,5,196,267
1728463140581773000,0,1225,1256,0,229,225
1728463140582614000,0,1394,1027,0,253,175
1728463140583455000,76,1534,790,14,271,133
1728463140584297000,229,1608,577,45,274,85
1728463140585143000,405,1634,366,98,264,38
1728463140585984000,604,1598,188,146,258,2
1728463140586826000,810,1426,41,194,285,0
1728463140587667000,1034,1314,0,247,234,0
1728463140588508000,1242,1148,0,277,199,0
1728463140589349000,1391,970,0,304,119,0
1728463140590191000,1507,754,106,331,74,11
1728463140591033000,1575,541,258,348,45,42
1728463140591874000,1592,337,460,345,21,93
1728463140592716000,1551,165,674,335,0,145
1728463140593557000,1439,47,898,348,0,199
1728463140594398000,1286,0,1130,306,0,238
1728463140595239000,1103,0,1344,263,0,270
1728463140596080000,906,2,1511,201,0,300
1728463140596921000,629,93,1653,117,10,288
1728463140597762000,453,261,1711,68,50,354
1728463140598614000,272,490,1728,27,87,324
1728463140599456000,145,654,1672,21,135,312
1728463140600298000,10,877,1560,0,171,289
1728463140601139000,0,1088,1402,5,206,245
1728463140601980000,0,1269,1202,0,238,205
1728463140602821000,0,1434,962,2,261,158
1728463140603663000,79,1544,700,10,276,113
1728463140604505000,266,1620,513,50,276,64
1728463140605347000,459,1639,303,101,266,21
1728463140606188000,645,1580,139,156,252,0
1728463140607030000,850,1539,10,234,254,0
1728463140607871000,1088,1378,0,265,207,0
1728463140608712000,1284,1193,0,295,160,0
1728463140609553000,1424,914,18,310,119,0
1728463140610395000,1526,695,130,338,68,29
1728463140611237000,1583,490,303,352,40,57
1728463140612129000,1582,289,513,346,14,104
1728463140612970000,1532,137,720,325,0,161
1728463140613812000,1479,9,968,297,0,204
1728463140614653000,1311,0,1175,259,0,245
1728463140615494000,1123,0,1376,242,0,282
1728463140616335000,877,26,1546,210,0,306
1728463140617176000,548,125,1691,171,0,358
1728463140618018000,383,284,1717,10,50,313
1728463140618860000,234,506,1728,10,85,357
1728463140619702000,107,711,1649,16,137,306
1728463140620543000,0,927,1521,0,175,273
1728463140621384000,0,1131,1359,0,210,246
1728463140622225000,0,1316,1155,0,237,196
1728463140623066000,26,1472,916,10,264,149
1728463140623908000,138,1591,689,25,277,105
1728463140624750000,310,1632,455,69,267,57
1728463140625559000,514,1631,277,124,269,14
1728463140626400000,711,1560,114,168,253,0
1728463140627242000,907,1541,0,244,234,0
1728463140628083000,1112,1388,0,258,195,0
1728463140628924000,1284,1190,0,306,169,0
1728463140629765000,1455,862,42,320,106,1
1728463140630607000,1552,639,165,338,64,23
1728463140631449000,1589,436,349,345,33,71
1728463140632291000,1578,246,562,352,10,118
1728463140633133000,1511,104,775,322,0,174
1728463140633974000,1388,0,1010,290,0,214
1728463140634815000,1309,0,1230,258,0,249
1728463140635656000,1114,0,1417,210,0,285
1728463140636497000,863,42,1575,154,0,307
1728463140637339000,658,156,1695,101,14,327
1728463140638181000,313,346,1739,104,64,372
1728463140639031000,164,541,1692,0,100,306
1728463140639873000,64,767,1632,8,148,302
1728463140640714000,0,976,1495,4,193,277
1728463140641555000,0,1184,1314,0,225,238
1728463140642396000,0,1358,1102,0,249,186
1728463140643237000,50,1498,860,14,270,138
1728463140644079000,161,1586,644,29,282,100
1728463140644921000,354,1633,421,74,279,42
1728463140645763000,548,1615,234,129,270,9
1728463140646604000,745,1532,73,173,234,0
1728463140647446000,967,1384,0,215,229,45
1728463140648287000,1196,1248,0,261,197,36
1728463140649128000,1376,1038,0,290,154,50
1728463140649969000,1487,808,68,320,97,13
1728463140650811000,1561,583,210,342,57,34
1728463140651653000,1593,386,399,345,25,85
1728463140652506000,1566,205,610,338,0,133
1728463140653347000,1477,74,832,320,0,184
1728463140654188000,1347,0,1065,281,32,221
1728463140655029000,1179,0,1281,238,29,262
1728463140655870000,967,0,1456,200,15,290
1728463140656711000,759,53,1605,142,42,309
1728463140657553000,538,149,1699,90,0,325
1728463140658395000,448,373,1771,69,50,322
1728463140659237000,234,585,1660,93,98,328
1728463140660079000,26,811,1600,1,159,293
1728463140660920000,0,1029,1445,5,194,256
1728463140661761000,0,1220,1258,0,229,221
1728463140662602000,0,1389,1039,0,253,172
1728463140663443000,70,1533,799,13,269,126
1728463140664285000,212,1613,582,34,278,81
1728463140665127000,397,1635,369,81,266,32
1728463140665975000,597,1600,192,145,260,8
1728463140666817000,821,1505,64,179,250,0
1728463140667658000,1022,1416,41,213,213,0
1728463140668499000,1219,1230,44,266,169,0
1728463140669340000,1386,985,0,292,122,73
1728463140670181000,1507,761,98,330,78,9
1728463140671023000,1576,552,260,352,47,41
1728463140671865000,1600,339,450,346,22,94
1728463140672707000,1552,185,667,330,1,149
1728463140673548000,1455,56,905,309,0,203
1728463140674389000,1315,64,1120,277,0,224
1728463140675230000,1125,41,1328,231,0,261
1728463140676071000,912,26,1503,192,10,295
1728463140676912000,699,29,1647,134,66,313
1728463140677754000,508,194,1706,105,87,325
1728463140678596000,298,416,1732,39,34,335
1728463140679438000,207,645,1682,24,130,312
1728463140680280000,8,866,1567,2,169,295
1728463140681121000,0,1072,1407,0,206,254
1728463140681962000,0,1259,1205,0,233,206
1728463140682803000,0,1429,975,0,261,162
1728463140683644000,103,1556,752,20,267,122
1728463140684486000,241,1613,538,53,266,55
1728463140685328000,432,1644,325,101,258,26
1728463140686169000,633,1580,154,148,250,0
1728463140687011000,850,1448,98,189,234,0
1728463140687852000,1061,1293,73,228,218,2
1728463140688693000,1253,1130,107,270,174,2
1728463140689534000,1415,919,34,309,117,0
1728463140690376000,1533,707,130,337,70,16
1728463140691218000,1585,490,303,341,38,53
1728463140692060000,1590,285,509,350,10,101
1728463140692915000,1534,144,730,330,0,163
1728463140693756000,1429,21,956,304,0,192
1728463140694597000,1271,0,1161,269,0,224
1728463140695438000,1082,34,1366,224,0,267
1728463140696279000,864,88,1524,181,0,297
1728463140697120000,663,217,1647,161,34,301
1728463140697962000,458,181,1709,66,139,320
1728463140698804000,270,437,1714,50,130,322
1728463140699646000,106,705,1652,16,146,306
1728463140700487000,0,924,1531,2,181,285
1728463140701328000,0,1122,1359,0,213,246
1728463140702169000,0,1308,1161,0,242,196
1728463140703010000,18,1458,917,8,266,148
1728463140703852000,138,1574,690,26,282,110
1728463140704693000,306,1632,480,66,271,64
1728463140705535000,458,1623,282,120,255,23
1728463140706375000,683,1551,117,162,249,1
1728463140707216000,853,1436,0,165,222,0
1728463140708057000,1078,1276,0,205,189,1
1728463140708898000,1267,1093,0,247,138,16
1728463140709739000,1445,868,37,320,106,0
1728463140710581000,1554,650,165,344,64,25
1728463140711423000,1592,442,345,341,34,70
1728463140712265000,1573,252,555,346,5,117
1728463140713106000,1512,102,766,321,0,162
1728463140713947000,1387,0,994,294,0,303
1728463140714788000,1225,0,1205,253,0,309
1728463140715629000,1027,0,1400,210,0,350
1728463140716470000,818,46,1567,165,5,347
1728463140717312000,658,170,1655,106,18,264
1728463140718154000,394,452,1710,90,82,301
1728463140718996000,244,567,1700,14,192,312
1728463140719850000,64,761,1632,8,145,303
1728463140720691000,0,967,1493,2,184,279
1728463140721532000,0,1173,1317,0,218,234
1728463140722373000,0,1355,1111,0,249,189
1728463140723214000,42,1492,866,11,267,139
1728463140724056000,181,1590,658,39,261,89
1728463140724898000,360,1634,435,83,270,49
1728463140725740000,541,1605,233,130,253,10
1728463140726581000,743,1533,84,178,247,0
1728463140727423000,905,1397,11,266,205,0
1728463140728264000,1099,1238,0,296,175,0
1728463140729105000,1282,1038,8,327,132,0
1728463140729946000,1485,818,65,327,101,2
1728463140730788000,1559,599,203,346,58,31
1728463140731630000,1594,391,388,345,29,77
1728463140732472000,1567,221,591,338,2,130
1728463140733321000,1482,79,832,320,0,184
1728463140734162000,1354,0,1106,290,0,220
1728463140735003000,1183,0,1320,242,0,259
1728463140735844000,968,1,1512,204,0,346
1728463140736685000,760,64,1601,151,9,362
1728463140737527000,548,188,1638,99,64,388
1728463140738369000,402,402,1690,58,69,270
1728463140739211000,164,722,1684,52,141,286
1728463140740052000,41,815,1604,4,156,295
1728463140740893000,0,1023,1463,2,194,266
1728463140741734000,0,1216,1274,0,229,224
1728463140742575000,0,1390,1042,0,251,176
1728463140743416000,65,1527,813,18,266,130
1728463140744257000,215,1589,583,47,274,73
1728463140745099000,394,1629,388,93,265,41
1728463140745941000,591,1588,218,151,256,10
1728463140746790000,832,1504,58,194,244,0
1728463140747631000,1080,1353,0,289,194,2
1728463140748472000,1216,1178,0,341,148,13
1728463140749313000,1456,975,0,303,98,0
1728463140750154000,1511,762,90,330,79,10
1728463140750996000,1575,549,244,345,49,41
1728463140751838000,1600,341,437,351,21,90
1728463140752680000,1560,181,651,336,2,146
1728463140753521000,1459,53,893,309,0,201
1728463140754362000,1315,0,1112,276,0,229
1728463140755203000,1123,1,1320,232,0,272
1728463140756044000,917,2,1525,186,0,297
1728463140756886000,706,93,1683,139,13,325
1728463140757728000,491,249,1754,85,26,404
1728463140758570000,298,418,1661,37,90,407
1728463140759412000,203,654,1634,11,121,237
1728463140760268000,17,862,1570,5,170,296
1728463140761109000,0,1077,1415,5,202,260
1728463140761950000,0,1257,1217,0,233,211
1728463140762791000,0,1423,981,2,258,166
1728463140763632000,96,1556,754,18,274,122
1728463140764474000,256,1616,528,53,272,58
1728463140765316000,440,1632,331,106,272,21
1728463140766158000,644,1575,165,165,253,1
1728463140767000000,855,1462,26,202,194,0
1728463140767841000,1070,1293,0,235,149,0
1728463140768682000,1250,1102,0,267,109,0
1728463140769523000,1402,902,5,301,77,0
1728463140770365000,1523,707,122,325,74,21
1728463140771207000,1593,507,293,350,45,56
1728463140772049000,1590,306,506,345,14,101
1728463140772891000,1539,138,714,337,0,152
1728463140773735000,1430,36,946,303,0,215
1728463140774576000,1256,0,1176,253,0,247
1728463140775417000,1065,0,1372,215,0,281
1728463140776258000,865,18,1533,171,0,305
1728463140777099000,649,137,1666,109,14,330
1728463140777941000,448,258,1824,71,66,338
1728463140778783000,266,529,1781,30,110,329
1728463140779625000,114,696,1628,13,136,375
1728463140780466000,0,915,1539,2,182,279
1728463140781307000,0,1125,1369,0,210,245
1728463140782148000,0,1304,1171,0,241,201
1728463140782989000,21,1458,928,5,269,149
1728463140783831000,132,1580,690,22,274,109
1728463140784673000,303,1626,480,73,277,44
1728463140785515000,487,1628,284,117,267,2
1728463140786357000,700,1551,126,165,253,0
1728463140787199000,914,1393,0,221,250,0
1728463140788040000,1136,1248,0,258,109,0
1728463140788881000,1320,1056,0,282,71,0
1728463140789722000,1450,870,37,312,101,4
1728463140790564000,1545,663,165,341,69,20
1728463140791406000,1592,448,340,346,37,66
1728463140792248000,1584,269,554,340,8,117
1728463140793089000,1515,117,778,326,0,173
1728463140793930000,1391,2,1005,290,0,205
1728463140794771000,1226,1,1222,245,0,250
1728463140795612000,1012,0,1413,206,0,277
1728463140796453000,804,37,1573,156,2,315
1728463140797295000,591,202,1694,96,32,341
1728463140798137000,386,341,1707,50,68,330
1728463140798979000,203,559,1784,26,137,325
1728463140799821000,71,752,1629,15,145,311
1728463140800677000,0,963,1509,2,186,276
1728463140801518000,0,1157,1317,0,224,229
1728463140802359000,0,1351,1097,0,250,192
1728463140803200000,37,1494,880,5,261,146
1728463140804042000,173,1589,629,32,264,68
1728463140804883000,320,1646,417,85,276,49
1728463140805725000,530,1609,240,137,266,13
1728463140806566000,744,1521,69,164,252,0
1728463140807408000,938,1329,0,220,261,0
1728463140808249000,1170,1191,0,276,213,0
1728463140809090000,1347,986,0,320,180,0
1728463140809931000,1487,832,64,322,105,5
1728463140810773000,1564,605,207,346,64,37
1728463140811615000,1593,398,382,350,30,81
1728463140812457000,1571,229,597,333,0,132
1728463140813299000,1495,90,832,322,0,180
1728463140814148000,1333,0,1061,336,0,220
1728463140814989000,1153,0,1268,282,0,260
1728463140815830000,960,0,1458,238,0,290
1728463140816671000,741,57,1607,178,4,320
1728463140817513000,514,189,1684,53,37,330
1728463140818355000,337,437,1760,42,69,372
1728463140819197000,181,576,1708,23,125,314
1728463140820039000,45,799,1611,10,157,301
1728463140820880000,0,1014,1458,0,192,269
1728463140821721000,0,1212,1272,1,226,224
1728463140822562000,0,1383,1049,0,257,176
1728463140823403000,66,1530,816,11,272,133
1728463140824245000,205,1603,579,56,266,74
1728463140825087000,378,1635,369,87,274,33
1728463140825929000,586,1601,200,149,261,0
1728463140826771000,805,1508,53,192,244,0
1728463140827613000,1027,1358,0,237,214,0
1728463140828453000,1202,1216,0,260,170,0
1728463140829294000,1376,992,0,297,129,0
1728463140830135000,1509,770,90,325,98,16
1728463140830977000,1582,555,245,346,55,45
1728463140831819000,1593,353,437,349,21,91
1728463140832661000,1560,178,648,341,2,141
1728463140833503000,1466,64,884,309,0,199
1728463140834344000,1405,0,1110,285,0,229
1728463140835185000,1242,0,1316,239,0,266
1728463140836026000,998,0,1492,192,0,299
1728463140836867000,744,86,1635,138,8,327
1728463140837709000,398,237,1698,166,33,369
1728463140838551000,258,444,1766,93,89,363
1728463140839393000,110,644,1672,0,122,335
1728463140840235000,18,863,1576,2,169,288
1728463140841087000,0,1074,1418,5,202,253
1728463140841928000,0,1259,1230,1,234,213
1728463140842769000,0,1426,1010,4,260,162
1728463140843610000,94,1545,758,20,269,122
1728463140844452000,239,1606,554,46,274,69
1728463140845294000,435,1642,343,103,267,26
1728463140846136000,628,1584,159,156,234,5
1728463140846978000,853,1472,21,202,234,0
1728463140847819000,1067,1336,0,234,229,37
1728463140848660000,1280,1157,0,276,187,50
1728463140849501000,1448,954,0,313,136,45
1728463140850343000,1519,709,119,337,69,14
1728463140851185000,1585,505,285,351,42,58
1728463140852027000,1594,304,490,346,14,105
1728463140852869000,1533,146,705,334,0,153
1728463140853710000,1434,26,937,298,0,199
1728463140854557000,1283,0,1160,274,21,237
1728463140855398000,1088,0,1357,225,0,266
1728463140856239000,875,0,1524,181,26,299
1728463140857081000,660,106,1664,126,13,328
1728463140857923000,570,272,1755,89,26,329
1728463140858765000,329,461,1716,27,73,322
1728463140859607000,26,685,1648,69,126,349
1728463140860448000,0,912,1540,1,174,279
1728463140861289000,0,1108,1370,0,213,245
1728463140862130000,0,1300,1168,0,242,202
1728463140862971000,11,1452,932,8,261,149
1728463140863813000,130,1577,696,21,277,112
1728463140864655000,298,1633,490,46,274,65
1728463140865497000,465,1635,290,110,261,16
1728463140866339000,683,1560,128,146,266,2
1728463140867181000,910,1472,46,201,233,0
1728463140868157000,1093,1292,0,242,170,73
1728463140868998000,1273,1067,0,271,151,53
1728463140869839000,1439,882,0,309,117,48
1728463140870681000,1540,669,165,341,67,21
1728463140871522000,1592,457,341,346,41,69
1728463140872364000,1584,276,549,341,10,119
1728463140873205000,1505,117,772,322,0,171
1728463140874046000,1405,10,1006,305,0,206
1728463140874887000,1244,0,1216,260,40,241
1728463140875728000,1036,0,1410,214,29,278
1728463140876569000,823,26,1565,173,53,297
1728463140877410000,613,106,1690,122,64,322
1728463140878252000,426,286,1719,58,4,332
1728463140879094000,349,509,1764,57,69,320
1728463140879936000,133,733,1641,11,126,300
1728463140880777000,0,960,1511,2,185,279
1728463140881498000,0,1154,1322,1,221,234
1728463140882339000,0,1344,1113,0,247,189
1728463140883180000,34,1486,878,8,265,138
1728463140884022000,165,1586,656,37,273,92
1728463140884863000,337,1625,431,64,273,36
1728463140885705000,533,1623,253,132,263,10
1728463140886546000,741,1540,89,165,253,0
1728463140887388000,960,1421,0,201,215,0
1728463140888229000,1147,1242,100,247,210,11
1728463140889070000,1317,1043,74,286,173,0
1728463140889911000,1479,833,93,322,101,0
1728463140890753000,1562,621,206,343,64,36
1728463140891595000,1603,405,381,349,29,74
1728463140892437000,1573,224,586,336,5,127
1728463140893279000,1493,96,825,324,0,182
1728463140894120000,1368,42,1056,296,0,212
1728463140894971000,1186,66,1263,254,0,244
1728463140895812000,984,60,1444,206,0,284
1728463140896653000,767,93,1604,153,1,309
1728463140897495000,552,74,1695,94,113,308
1728463140898337000,351,320,1722,73,101,329
1728463140899179000,165,555,1692,15,64,308
1728463140900021000,48,788,1612,7,157,298
1728463140900862000,0,1009,1459,0,197,273
1728463140901703000,0,1202,1272,0,228,224
1728463140902544000,0,1384,1046,0,260,178
1728463140903386000,58,1524,825,4,261,138
1728463140904228000,184,1597,610,50,257,82
1728463140905070000,353,1636,392,90,267,36
1728463140905912000,576,1593,202,148,257,10
1728463140906754000,770,1529,68,173,245,0
1728463140907595000,977,1428,10,207,204,0
1728463140908445000,1189,1244,0,244,165,0
1728463140909286000,1354,1013,8,289,121,0
1728463140910127000,1495,775,90,330,87,3
1728463140910969000,1567,554,237,352,52,49
1728463140911811000,1600,361,434,341,25,89
1728463140912653000,1557,192,650,336,0,142
1728463140913494000,1472,50,878,320,0,178
1728463140914335000,1334,5,1090,282,0,210
1728463140915176000,1137,0,1301,240,0,239
1728463140916017000,936,0,1483,198,0,292
1728463140916858000,723,156,1616,138,10,314
1728463140917700000,540,314,1700,110,48,308
1728463140918542000,320,311,1710,40,157,302
1728463140919384000,148,553,1669,34,181,297
1728463140920225000,16,846,1583,4,159,293
1728463140921066000,0,1063,1420,0,206,258
1728463140921909000,0,1257,1231,0,235,217
1728463140922750000,0,1426,998,0,256,169
1728463140923591000,94,1556,773,16,269,122
1728463140924433000,250,1615,559,57,258,64
1728463140925275000,426,1642,354,105,264,21
1728463140926116000,603,1590,175,154,260,8
1728463140926958000,811,1497,29,196,239,0
1728463140927799000,980,1331,9,237,186,0
1728463140928640000,1202,1160,0,213,157,0
1728463140929481000,1361,947,0,255,114,0
1728463140930323000,1517,723,121,338,79,10
1728463140931165000,1583,508,285,354,49,53
1728463140932007000,1592,320,476,345,20,102
1728463140932849000,1539,154,701,329,0,154
1728463140933691000,1439,26,936,314,0,192
1728463140934532000,1283,2,1135,269,0,303
1728463140935371000,1088,0,1338,225,0,331
1728463140936212000,875,6,1519,185,0,350
1728463140937054000,668,113,1638,128,21,354
1728463140937895000,506,286,1688,75,33,267
1728463140938737000,258,576,1708,66,101,290
1728463140939579000,160,745,1669,16,154,297
1728463140940420000,0,905,1551,1,174,289
1728463140941261000,0,1102,1379,1,210,250
1728463140942102000,0,1307,1177,0,241,207
1728463140942943000,10,1449,947,2,260,156
1728463140943784000,128,1576,719,29,266,116
1728463140944626000,293,1613,498,65,272,53
1728463140945468000,474,1615,296,106,250,18
1728463140946310000,682,1562,137,165,242,0
1728463140947152000,906,1449,10,203,222,0
1728463140947993000,980,1290,0,311,173,25
1728463140948864000,1192,1090,0,346,135,28
1728463140949705000,1368,874,52,366,101,26
1728463140950547000,1535,663,154,336,66,23
1728463140951388000,1588,453,321,349,34,64
1728463140952230000,1587,270,538,344,14,114
1728463140953072000,1523,125,752,330,0,167
1728463140953914000,1401,6,993,308,0,199
1728463140954755000,1242,1,1263,264,0,244
1728463140955596000,1035,0,1466,218,0,288
1728463140956438000,826,29,1587,165,0,311
1728463140957279000,619,148,1669,117,31,349
1728463140958121000,466,346,1682,73,71,340
1728463140958963000,220,608,1688,41,113,265
1728463140959805000,97,824,1626,37,160,269
1728463140960646000,0,960,1506,2,187,285
1728463140961487000,0,1154,1328,0,219,240
1728463140962321000,0,1338,1128,0,247,194
1728463140963162000,33,1488,883,0,265,151
1728463140964004000,157,1587,660,31,272,87
1728463140964846000,322,1618,448,84,276,42
1728463140965688000,523,1600,244,132,258,16
1728463140966529000,738,1544,94,169,249,0
1728463140967371000,973,1419,0,225,213,0
1728463140968212000,1061,1253,0,329,161,15
1728463140969053000,1217,1058,0,362,130,28
1728463140969894000,1381,832,64,375,96,42
1728463140970736000,1562,618,186,347,65,37
1728463140971578000,1600,418,378,341,30,77
1728463140972420000,1575,234,586,341,0,121
1728463140973262000,1497,87,815,327,0,173
1728463140974103000,1367,0,1054,295,0,224
1728463140974944000,1187,0,1328,253,0,262
1728463140975793000,985,0,1513,207,0,293
1728463140976634000,781,64,1648,146,9,328
1728463140977476000,562,194,1651,96,18,402
1728463140978318000,391,378,1677,57,87,366
1728463140979160000,210,553,1663,31,114,272
1728463140980002000,50,863,1600,13,159,290
1728463140980843000,0,1002,1472,0,192,274
1728463140981684000,0,1201,1285,0,219,234
1728463140982525000,0,1372,1059,0,240,173
1728463140983366000,66,1509,832,14,264,118
1728463140984208000,196,1602,604,45,281,87
1728463140985050000,373,1618,393,96,267,37
1728463140985892000,585,1600,196,132,249,2
1728463140986733000,796,1520,78,178,238,0
1728463140987575000,1096,1376,14,240,181,0
1728463140988416000,1284,1187,21,273,148,0
1728463140989262000,1468,993,33,309,109,0
1728463140990103000,1525,784,87,362,85,11
1728463140990945000,1572,567,228,336,58,41
1728463140991787000,1602,370,431,340,18,90
1728463140992628000,1560,202,650,338,0,137
1728463140993470000,1461,53,875,321,0,184
1728463140994311000,1333,2,1099,287,0,234
1728463140995152000,1133,0,1308,242,0,267
1728463140995993000,930,0,1484,185,0,299
1728463140996834000,727,88,1663,138,21,330
1728463140997676000,513,234,1788,79,76,354
1728463140998518000,310,404,1633,47,72,425
1728463140999360000,154,620,1632,21,158,376
1728463141000202000,30,842,1577,5,170,298
1728463141001043000,0,1052,1432,0,198,265
1728463141001884000,0,1249,1223,0,229,215
1728463141002738000,0,1421,1009,0,247,170
1728463141003579000,87,1537,776,18,261,110
1728463141004420000,234,1624,562,56,289,82
1728463141005262000,423,1628,333,105,269,21
1728463141006104000,634,1586,170,146,261,13
1728463141006946000,850,1490,32,193,235,0
1728463141007787000,1066,1308,2,253,233,0
1728463141008628000,1259,1111,0,284,81,0
1728463141009469000,1419,901,2,305,64,0
1728463141010311000,1524,720,111,340,82,18
1728463141011153000,1584,514,270,341,47,56
1728463141011995000,1593,320,469,343,11,93
1728463141012837000,1541,167,692,330,0,149
1728463141013679000,1437,23,932,313,0,194
1728463141014520000,1262,0,1142,264,0,242
1728463141015361000,1088,0,1357,225,0,279
1728463141016210000,874,10,1520,162,0,306
1728463141017052000,668,116,1650,119,13,326
1728463141017894000,450,306,1718,69,58,322
1728463141018736000,270,446,1823,34,126,343
1728463141019578000,123,709,1728,16,137,306
1728463141020420000,1,898,1552,0,171,293
1728463141021261000,0,1105,1394,0,202,249
1728463141022102000,0,1293,1180,0,233,195
1728463141022943000,13,1461,953,0,254,154
1728463141023784000,117,1567,727,29,274,96
1728463141024626000,278,1621,482,52,276,45
1728463141025468000,473,1629,286,119,275,18
1728463141026310000,684,1565,132,158,250,2
1728463141027152000,900,1438,0,196,234,0
1728463141027993000,1088,1225,0,253,244,0
1728463141028834000,1255,1031,0,295,221,0
1728463141029680000,1408,826,7,335,165,0
1728463141030522000,1541,676,138,339,82,29
1728463141031364000,1591,469,327,339,37,69
1728463141032206000,1580,282,523,346,10,106
1728463141033048000,1521,117,757,330,0,156
1728463141033890000,1413,5,981,304,0,206
1728463141034731000,1208,0,1197,309,0,250
1728463141035572000,1034,0,1395,258,0,292
1728463141036413000,819,34,1555,192,0,320
1728463141037254000,612,149,1674,133,17,331
1728463141038096000,378,322,1722,42,65,352
1728463141038938000,229,537,1719,21,109,314
1728463141039780000,71,730,1738,2,180,330
1728463141040621000,0,952,1517,0,180,283
1728463141041462000,0,1156,1344,0,210,242
1728463141042303000,0,1346,1128,0,239,192
1728463141043158000,34,1490,896,10,258,140
1728463141044000000,157,1592,670,36,277,96
1728463141044842000,329,1621,448,79,277,52
1728463141045684000,529,1619,244,116,267,0
1728463141046525000,735,1545,99,165,242,0
1728463141047366000,932,1431,0,224,221,0
1728463141048207000,1143,1354,0,288,206,0
1728463141049048000,1311,1169,0,321,158,0
1728463141049889000,1479,925,47,362,114,0
1728463141050731000,1557,616,178,335,69,34
1728463141051573000,1600,417,370,338,23,77
1728463141052415000,1575,239,579,338,0,123
1728463141053256000,1502,82,807,329,0,173
1728463141054097000,1372,0,1037,293,0,218
1728463141054938000,1305,0,1248,258,0,260
1728463141055779000,1088,0,1433,205,0,292
1728463141056624000,839,53,1593,147,1,322
1728463141057466000,555,186,1696,138,21,333
1728463141058308000,309,374,1765,109,69,345
1728463141059149000,151,564,1680,0,112,320
1728463141059991000,33,783,1603,0,149,329
1728463141060832000,0,996,1474,0,186,271
1728463141061673000,0,1200,1292,0,224,236
1728463141062514000,0,1377,1072,0,244,181
1728463141063355000,64,1509,837,16,274,128
1728463141064197000,196,1600,610,45,285,89
1728463141065039000,357,1636,394,85,274,43
1728463141065881000,564,1606,210,120,242,13
1728463141066722000,795,1525,66,181,238,0
1728463141067564000,997,1406,0,224,213,0
1728463141068405000,1239,1224,0,260,160,0
1728463141069246000,1411,1022,0,290,128,0
1728463141070087000,1484,805,53,327,85,0
1728463141070929000,1570,576,226,338,54,45
1728463141071771000,1600,373,417,344,15,82
1728463141072613000,1562,207,645,335,0,138
1728463141073454000,1472,64,875,322,0,186
1728463141074295000,1333,0,1093,290,0,229
1728463141075136000,1152,0,1304,250,0,267
1728463141075977000,948,0,1481,188,0,295
1728463141076819000,797,72,1615,138,2,324
1728463141077661000,613,225,1712,98,21,338
1728463141078503000,220,405,1720,128,74,370
1728463141079345000,98,595,1719,69,117,305
1728463141080187000,10,840,1587,0,156,301
1728463141081028000,0,1043,1437,0,194,265
1728463141081869000,0,1239,1231,0,226,210
1728463141082710000,0,1417,1010,0,247,170
1728463141083557000,87,1544,783,21,274,110
1728463141084398000,232,1608,553,56,274,71
1728463141085240000,404,1624,341,92,278,41
1728463141086082000,629,1587,178,130,261,8
1728463141086924000,834,1496,33,193,232,0
1728463141087765000,1034,1349,0,229,205,39
1728463141088606000,1236,1166,0,274,186,30
1728463141089447000,1410,960,0,313,154,41
1728463141090288000,1523,740,97,327,85,11
1728463141091130000,1587,529,281,333,42,57
1728463141091972000,1592,331,473,346,12,94
1728463141092814000,1539,156,700,335,0,146
1728463141093656000,1447,42,925,314,0,197
1728463141094497000,1288,0,1141,277,0,238
1728463141095338000,1101,0,1344,224,25,277
1728463141096179000,896,0,1529,173,18,305
1728463141097028000,677,107,1650,136,32,320
1728463141097870000,453,224,1717,76,0,312
1728463141098712000,385,439,1773,59,77,326
1728463141099554000,14,656,1632,82,117,334
1728463141100395000,9,885,1554,0,173,296
1728463141101236000,0,1098,1397,0,207,256
1728463141102077000,0,1292,1185,1,235,204
1728463141102918000,10,1451,954,0,261,153
1728463141103759000,119,1554,727,26,278,109
1728463141104601000,258,1615,511,66,277,71
1728463141105443000,462,1634,299,102,276,26
1728463141106285000,676,1579,149,156,253,0
1728463141107127000,894,1464,17,201,226,0
1728463141107968000,1088,1303,85,237,232,0
1728463141108809000,1265,1101,94,276,192,5
1728463141109650000,1407,913,113,311,133,2
1728463141110500000,1538,680,137,332,78,25
1728463141111342000,1589,476,320,334,34,64
1728463141112184000,1592,292,523,345,13,114
1728463141113026000,1527,124,749,335,0,153
1728463141113867000,1406,7,980,302,0,207
1728463141114708000,1251,92,1186,271,0,233
1728463141115549000,1055,69,1380,217,0,274
1728463141116390000,845,122,1540,161,1,306
1728463141117232000,633,177,1671,114,19,328
1728463141118074000,389,224,1712,75,116,302
1728463141118916000,244,442,1704,64,170,314
1728463141119757000,122,684,1638,16,81,305
1728463141120598000,0,946,1514,0,184,282
1728463141121439000,0,1150,1350,0,215,245
1728463141122280000,0,1336,1136,0,241,198
1728463141123121000,34,1487,906,9,263,138
1728463141123967000,151,1588,674,32,282,89
1728463141124809000,281,1639,458,81,263,66
1728463141125651000,498,1621,264,122,266,18
1728463141126492000,705,1553,121,170,249,0
1728463141127333000,941,1437,0,215,216,0
1728463141128174000,1096,1270,5,233,173,0
1728463141129015000,1289,1088,0,263,148,5
1728463141129856000,1417,896,65,296,93,0
1728463141130698000,1552,626,175,338,66,34
1728463141131540000,1600,418,365,338,27,73
1728463141132382000,1581,247,576,340,6,116
1728463141133223000,1498,87,807,329,0,170
1728463141134065000,1373,0,1029,298,0,212
1728463141134906000,1202,0,1224,260,0,306
1728463141135747000,1005,0,1421,202,0,282
1728463141136588000,815,51,1581,148,1,298
1728463141137441000,583,256,1681,106,26,322
1728463141138283000,412,437,1715,81,66,304
1728463141139125000,176,474,1690,46,170,320
1728463141139967000,82,719,1612,21,196,301
1728463141140808000,0,996,1484,0,181,269
1728463141141649000,0,1198,1294,0,220,229
1728463141142490000,0,1383,1079,0,254,185
1728463141143331000,50,1506,853,13,264,133
1728463141144173000,192,1596,618,47,277,85
1728463141145014000,363,1632,397,90,269,57
1728463141145856000,562,1608,229,128,253,26
1728463141146697000,762,1515,75,186,238,0
1728463141147539000,970,1386,0,221,207,0
1728463141148380000,1141,1216,0,224,174,0
1728463141149221000,1328,1002,0,269,132,4
1728463141150062000,1460,832,79,306,91,47
1728463141150914000,1576,577,227,335,52,46
1728463141151756000,1602,375,405,349,28,78
1728463141152598000,1560,189,629,338,0,128
1728463141153439000,1479,56,853,322,0,178
1728463141154280000,1332,0,1081,285,0,224
1728463141155121000,1159,0,1266,247,0,330
1728463141155962000,949,0,1464,183,0,354
1728463141156803000,739,79,1600,146,5,350
1728463141157645000,530,227,1695,100,42,320
1728463141158487000,313,503,1717,85,110,294
1728463141159329000,194,670,1674,13,174,290
1728463141160171000,14,745,1566,8,213,274
1728463141161012000,0,1044,1443,0,192,258
1728463141161853000,0,1240,1240,0,221,213
1728463141162694000,0,1415,1022,0,261,174
1728463141163535000,81,1535,789,18,272,122
1728463141164390000,220,1605,564,54,273,74
1728463141165232000,413,1623,366,93,265,37
1728463141166074000,618,1589,186,144,250,5
1728463141166916000,823,1505,45,196,242,0
1728463141167757000,1007,1349,0,249,210,0
1728463141168598000,1150,1156,26,327,164,17
1728463141169439000,1303,945,28,354,110,13
1728463141170280000,1473,736,101,266,79,2
1728463141171122000,1588,535,273,343,42,47
1728463141171964000,1589,340,466,345,14,93
1728463141172806000,1543,162,689,340,0,142
1728463141173647000,1459,37,907,320,0,197
1728463141174488000,1294,0,1138,274,0,238
1728463141175329000,1112,0,1432,237,0,279
1728463141176170000,900,5,1578,173,0,311
1728463141177012000,689,111,1686,136,10,324
1728463141177857000,473,261,1664,89,53,378
1728463141178699000,320,467,1679,53,123,382
1728463141179541000,137,668,1642,16,122,264
1728463141180383000,10,968,1548,0,169,272
1728463141181224000,0,1090,1400,0,202,253
1728463141182065000,0,1281,1189,0,225,206
1728463141182906000,0,1431,963,0,261,148
1728463141183748000,116,1554,730,25,277,110
1728463141184590000,261,1616,507,64,270,64
1728463141185432000,460,1612,320,105,253,21
1728463141186274000,669,1545,132,157,242,0
1728463141187116000,882,1472,26,208,231,0
1728463141187957000,1163,1294,23,257,180,0
1728463141188798000,1370,1111,39,296,139,0
1728463141189639000,1501,898,52,320,90,0
1728463141190481000,1496,683,141,346,66,26
1728463141191330000,1604,484,306,346,34,53
1728463141192172000,1587,297,521,346,10,117
1728463141193014000,1530,122,738,335,0,154
1728463141193855000,1416,15,970,306,0,205
1728463141194696000,1257,1,1189,267,0,250
1728463141195537000,1056,0,1394,210,0,286
1728463141196378000,849,26,1624,165,0,309
1728463141197220000,630,154,1712,122,26,331
1728463141198062000,437,304,1629,79,50,420
1728463141198904000,247,513,1660,30,126,393
1728463141199746000,138,726,1594,0,121,233
1728463141200587000,0,936,1525,0,180,276
1728463141201428000,0,1144,1346,0,218,238
1728463141202269000,0,1329,1137,0,244,206
1728463141203110000,31,1472,912,9,266,146
1728463141203952000,141,1575,671,28,274,101
1728463141204799000,312,1612,455,77,274,54
1728463141205641000,514,1617,274,119,253,14
1728463141206483000,714,1545,106,170,217,0
1728463141207325000,938,1420,0,218,220,0
1728463141208166000,1242,1242,32,270,165,0
1728463141209007000,1416,1038,31,303,110,0
1728463141209848000,1541,842,57,303,77,2
1728463141210690000,1551,636,185,338,58,26
1728463141211531000,1594,426,357,352,32,74
1728463141212373000,1583,235,563,346,10,117
1728463141213214000,1511,90,786,323,0,173
1728463141214055000,1378,0,1027,299,0,214
1728463141214896000,1211,2,1240,250,0,253
1728463141215737000,1006,0,1439,201,0,290
1728463141216578000,789,53,1584,160,4,308
1728463141217419000,580,170,1711,113,36,327
1728463141218262000,386,394,1773,53,90,338
1728463141219104000,213,559,1646,37,126,390
1728463141219946000,117,791,1583,8,162,213
1728463141220787000,0,992,1487,0,192,277
1728463141221628000,0,1189,1303,2,224,237
1728463141222469000,0,1357,1089,0,250,181
1728463141223310000,56,1504,855,14,276,137
1728463141224152000,181,1594,631,39,267,92
1728463141224994000,367,1637,411,78,273,37
1728463141225836000,554,1596,218,134,264,14
1728463141226678000,779,1522,47,186,247,0
1728463141227520000,992,1397,0,226,222,0
1728463141228361000,1177,1177,0,248,122,0
1728463141229202000,1334,981,0,277,75,0
1728463141230043000,1579,786,85,331,52,0
1728463141230885000,1569,587,224,341,64,37
1728463141231735000,1589,384,408,345,26,85
1728463141232577000,1568,205,618,340,5,130
1728463141233419000,1479,69,847,311,0,188
1728463141234260000,1338,0,1080,281,0,229
1728463141235100000,1151,4,1288,235,0,264
1728463141235941000,942,0,1475,185,0,298
1728463141236782000,725,82,1618,130,5,320
1728463141237624000,520,210,1708,97,42,327
1728463141238466000,337,388,1720,41,100,330
1728463141239308000,170,650,1770,26,133,320
1728463141240150000,30,825,1509,0,150,382
1728463141240991000,0,1038,1447,2,199,263
1728463141241832000,0,1238,1260,0,231,224
1728463141242673000,0,1396,1029,0,253,165
1728463141243515000,78,1530,794,17,273,122
1728463141244357000,221,1613,580,56,266,74
1728463141245206000,402,1638,366,101,271,16
1728463141246047000,610,1590,189,151,261,1
1728463141246889000,832,1459,37,197,245,0
1728463141247731000,1038,1354,0,234,217,0
1728463141248572000,1250,1120,0,296,209,0
1728463141249413000,1397,898,0,329,146,0
1728463141250254000,1514,693,101,321,26,0
1728463141251096000,1581,530,257,345,55,48
1728463141251938000,1600,334,448,342,21,96
1728463141252780000,1549,165,676,327,0,142
1728463141253622000,1451,38,905,314,0,185
1728463141254463000,1304,7,1134,276,0,234
1728463141255304000,1088,0,1344,256,0,270
1728463141256145000,890,0,1507,183,0,306
1728463141256987000,687,113,1634,125,20,337
1728463141257829000,490,260,1724,79,50,338
1728463141258677000,279,426,1830,42,113,342
1728463141259519000,136,695,1743,16,148,314
1728463141260360000,21,860,1454,0,167,395
1728463141261201000,0,1093,1396,0,209,258
1728463141262042000,0,1282,1198,0,242,207
1728463141262883000,1,1436,974,0,260,157
1728463141263725000,110,1559,742,26,261,106
1728463141264567000,261,1624,523,64,279,74
1728463141265409000,442,1630,312,109,272,14
1728463141266250000,668,1584,139,154,257,0
1728463141267092000,885,1441,18,202,230,0
1728463141267933000,1076,1294,2,245,201,0
1728463141268774000,1253,1059,0,312,210,0
1728463141269615000,1420,878,18,338,156,0
1728463141270457000,1555,658,146,333,23,18
1728463141271299000,1591,495,304,343,43,66
1728463141272443000,1592,294,512,340,14,109
1728463141273284000,1530,138,737,335,0,154
1728463141274125000,1412,21,974,313,0,196
1728463141274966000,1266,0,1195,274,0,249
1728463141275807000,1033,0,1397,267,0,294
1728463141276648000,832,10,1545,204,0,320
1728463141277490000,620,132,1646,130,26,325
1728463141278332000,418,301,1722,53,53,335
1728463141279174000,233,551,1733,26,92,312
1728463141280016000,69,680,1753,4,151,312
1728463141280857000,0,924,1583,0,192,285
1728463141281698000,0,1135,1346,0,217,254
1728463141282539000,0,1317,1144,0,242,196
1728463141283380000,34,1472,910,0,266,148
1728463141284221000,146,1577,682,37,266,93
1728463141285063000,305,1630,466,71,276,45
1728463141285620000,518,1624,252,114,274,9
1728463141286462000,721,1559,93,162,247,0
1728463141287304000,935,1430,0,215,224,0
1728463141288145000,1122,1359,0,266,186,0
1728463141288986000,1286,1192,0,320,150,0
1728463141289827000,1465,958,34,348,118,0
1728463141290669000,1550,677,177,337,67,34
1728463141291511000,1596,439,352,348,34,78
1728463141292353000,1580,250,568,338,9,121
1728463141293195000,1507,106,792,325,0,170
1728463141294036000,1378,5,1028,303,0,209
1728463141294877000,1220,0,1244,260,0,257
1728463141295718000,1089,0,1427,209,0,290
1728463141296559000,847,42,1582,162,0,320
1728463141297401000,629,167,1677,107,29,325
1728463141298243000,313,341,1754,119,54,378
1728463141299091000,165,562,1705,0,102,352
1728463141299933000,49,786,1641,0,150,324
1728463141300774000,0,984,1484,0,194,276
1728463141301615000,0,1188,1293,0,224,231
1728463141302456000,0,1358,1088,0,248,183
1728463141303297000,50,1498,856,13,260,129
1728463141304139000,170,1600,629,47,269,79
1728463141304981000,325,1633,425,90,276,46
1728463141305823000,552,1600,193,129,271,13
1728463141306664000,770,1524,69,170,244,0
1728463141307506000,999,1400,0,228,218,0
1728463141308347000,1239,1249,0,258,154,0
1728463141309188000,1388,1038,0,296,114,0
1728463141310029000,1464,787,47,327,111,0
1728463141310871000,1569,583,202,341,64,37
1728463141311713000,1600,380,399,339,21,83
1728463141312567000,1575,210,617,337,0,125
1728463141313409000,1475,72,845,325,0,170
1728463141314250000,1344,0,1078,287,0,230
1728463141315091000,1163,0,1295,245,0,265
1728463141315932000,970,0,1456,198,0,296
1728463141316773000,754,78,1602,138,0,330
1728463141317615000,602,210,1703,86,33,334
1728463141318457000,226,399,1716,137,76,356
1728463141319299000,111,597,1721,65,121,320
1728463141320141000,0,832,1608,0,154,296
1728463141320982000,0,1039,1444,0,200,271
1728463141321823000,0,1229,1257,0,226,221
1728463141322664000,0,1402,1042,0,257,173
1728463141323506000,74,1529,807,21,261,114
1728463141324348000,213,1613,579,49,274,78
1728463141325190000,394,1634,374,96,276,41
1728463141326032000,592,1607,185,141,261,10
1728463141326873000,821,1490,31,196,234,0
1728463141327714000,1039,1356,0,231,200,0
1728463141328555000,1208,1183,0,274,192,53
1728463141329396000,1384,966,0,297,154,45
1728463141330237000,1569,775,73,333,84,0
1728463141331079000,1573,535,247,340,52,53
1728463141331921000,1600,337,448,341,18,93
1728463141332762000,1544,175,672,335,0,142
1728463141333604000,1450,34,905,322,0,193
1728463141334445000,1308,0,1124,279,0,234
1728463141335286000,1120,0,1338,235,37,272
1728463141336127000,915,0,1498,192,34,305
1728463141336969000,698,82,1633,128,16,320
1728463141337811000,499,247,1712,87,41,327
1728463141338653000,383,433,1775,64,64,334
1728463141339503000,13,647,1659,86,121,357
1728463141340345000,0,864,1594,34,167,308
1728463141341186000,0,1092,1407,0,199,267
1728463141342027000,0,1276,1206,0,235,204
1728463141342868000,0,1440,978,0,246,160
1728463141343710000,104,1559,752,33,269,105
1728463141344551000,253,1615,533,64,277,66
1728463141345393000,450,1642,320,98,270,36
1728463141346234000,663,1578,156,145,257,15
1728463141347076000,866,1475,27,200,232,0
1728463141347917000,1065,1329,0,245,199,0
1728463141348758000,1245,1148,50,281,146,2
1728463141349599000,1411,948,77,308,114,0
1728463141350440000,1538,682,42,330,64,114
1728463141351282000,1592,494,294,341,45,66
1728463141352124000,1600,295,509,347,10,100
1728463141352976000,1528,135,727,334,0,157
1728463141353817000,1409,13,964,308,0,207
1728463141354658000,1264,0,1178,273,0,247
1728463141355499000,1073,53,1368,231,0,273
1728463141356340000,861,68,1529,165,0,313
1728463141357182000,650,112,1655,122,82,320
1728463141358024000,442,286,1728,82,76,325
1728463141358866000,254,468,1723,32,57,329
1728463141359708000,199,707,1702,29,111,314
1728463141360550000,64,915,1517,30,164,290
1728463141361391000,0,1128,1354,0,207,237
1728463141362232000,0,1314,1152,0,245,194
1728463141363073000,21,1467,919,5,264,139
1728463141363914000,132,1573,687,26,272,98
1728463141364756000,296,1619,474,74,276,57
1728463141365598000,501,1624,274,100,261,26
1728463141366455000,719,1565,113,165,247,0
1728463141367297000,938,1446,5,202,241,0
1728463141368138000,1122,1279,42,258,197,0
1728463141368979000,1278,1059,98,276,170,0
1728463141369820000,1418,853,136,299,139,9
1728463141370662000,1544,664,212,327,70,71
1728463141371504000,1603,448,352,346,29,65
1728463141372346000,1585,261,564,338,1,110
1728463141373187000,1501,101,793,335,0,170
1728463141374029000,1386,0,1020,299,0,218
1728463141374870000,1223,2,1242,256,0,261
1728463141375711000,1025,77,1409,209,0,284
1728463141376552000,811,105,1573,154,0,306
1728463141377394000,608,202,1684,112,46,320
1728463141378236000,386,288,1734,84,113,322
1728463141379078000,224,503,1696,29,64,324
1728463141379915000,202,766,1686,10,125,309
1728463141380756000,50,975,1504,0,161,288
1728463141381597000,0,1177,1310,0,226,226
1728463141382438000,0,1359,1097,0,244,178
1728463141383279000,38,1496,868,20,266,133
1728463141384121000,178,1586,628,40,277,86
1728463141384963000,349,1636,420,73,272,51
1728463141385805000,542,1618,234,125,250,18
1728463141386646000,753,1531,85,178,249,0
1728463141387487000,967,1417,0,224,219,0
1728463141388328000,1151,1249,0,261,180,0
1728463141389169000,1326,1054,0,284,141,0
1728463141390010000,1464,792,143,313,110,11
1728463141390852000,1559,605,252,341,53,40
1728463141391694000,1602,396,401,350,33,69
1728463141392536000,1562,215,622,343,1,130
1728463141393395000,1481,77,842,314,0,180
1728463141394236000,1352,0,1070,288,0,229
1728463141395077000,1178,0,1282,242,0,266
1728463141395918000,971,2,1454,192,0,286
1728463141396759000,764,154,1600,146,10,302
1728463141397601000,545,264,1695,104,40,330
1728463141398443000,362,434,1729,54,151,320
1728463141399285000,170,534,1687,39,151,309
1728463141400127000,74,776,1584,0,87,293
1728463141400968000,0,1031,1451,0,201,261
1728463141401809000,0,1223,1265,0,234,214
1728463141402650000,0,1392,1039,0,253,173
1728463141403491000,66,1520,800,21,270,125
1728463141404333000,209,1609,583,42,277,79
1728463141405174000,372,1640,373,82,248,48
1728463141406016000,576,1587,197,139,226,9
1728463141406856000,805,1507,58,192,242,0
1728463141407697000,1002,1367,0,235,210,0
1728463141408538000,1181,1178,0,235,162,9
1728463141409379000,1354,986,0,266,125,16
1728463141410220000,1460,761,75,284,82,34
1728463141411061000,1577,557,250,340,42,50
1728463141411903000,1594,348,448,348,26,87
1728463141412744000,1549,170,661,340,0,139
1728463141413586000,1456,36,892,311,0,192
1728463141414427000,1307,0,1119,277,0,233
1728463141415268000,1125,0,1303,228,0,333
1728463141416109000,922,10,1486,186,0,366
1728463141416951000,706,98,1623,137,20,349
1728463141417793000,491,244,1695,94,46,314
1728463141418635000,335,537,1704,73,98,299
1728463141419477000,145,525,1662,8,201,297
1728463141420336000,0,805,1554,18,210,273
1728463141421177000,0,1074,1411,0,206,260
1728463141422018000,0,1269,1220,5,233,211
1728463141422859000,0,1427,981,4,261,160
1728463141423701000,102,1559,751,18,276,114
1728463141424542000,257,1624,545,56,271,70
1728463141425384000,450,1630,329,103,261,34
1728463141426226000,628,1576,146,159,261,9
1728463141427068000,866,1472,26,205,224,0
1728463141427909000,1056,1325,0,250,200,0
1728463141428750000,1200,1129,0,213,151,0
1728463141429591000,1375,925,11,256,114,0
1728463141430432000,1511,709,130,299,79,56
1728463141431274000,1592,495,292,346,47,64
1728463141432116000,1592,296,490,348,13,106
1728463141432958000,1536,138,713,340,0,156
1728463141433789000,1427,26,954,301,0,203
1728463141434630000,1271,2,1172,269,0,239
1728463141435471000,1076,1,1388,221,0,341
1728463141436312000,864,23,1508,169,0,352
1728463141437154000,644,133,1652,125,18,354
1728463141437996000,448,290,1710,85,56,325
1728463141438838000,261,589,1709,74,110,290
1728463141439680000,117,716,1643,0,218,297
1728463141440522000,0,817,1533,2,231,258
1728463141441363000,0,1122,1362,1,224,246
1728463141442204000,0,1311,1160,0,242,202
1728463141443045000,20,1472,930,11,264,149
1728463141443886000,138,1572,705,23,271,105
1728463141444728000,297,1633,480,66,267,54
1728463141445570000,487,1616,295,121,264,16
1728463141446411000,712,1530,129,174,261,0
1728463141447269000,912,1437,0,210,225,0
1728463141448110000,1099,1282,0,261,192,0
1728463141448951000,1181,1068,0,346,129,26
1728463141449792000,1361,866,68,370,90,29
1728463141450634000,1500,647,162,269,64,11
1728463141451476000,1600,436,341,348,43,66
1728463141452318000,1580,260,540,340,9,117
1728463141453159000,1509,103,777,320,0,165
1728463141454000000,1393,1,1010,298,0,209
1728463141454841000,1231,2,1220,264,0,256
1728463141455682000,1023,2,1493,205,0,293
1728463141456523000,816,42,1639,160,9,306
1728463141457365000,601,165,1724,114,30,332
1728463141458207000,394,331,1720,64,66,352
1728463141459049000,282,569,1684,36,103,231
1728463141459891000,58,877,1603,25,157,267
1728463141460749000,0,1072,1484,26,200,234
1728463141461590000,0,1165,1313,1,228,233
1728463141462431000,0,1347,1093,0,244,188
1728463141463272000,41,1492,866,4,265,138
1728463141464114000,170,1587,647,33,267,92
1728463141464956000,354,1640,424,79,270,49
1728463141465797000,540,1601,242,128,235,8
1728463141466638000,753,1521,86,181,245,0
1728463141467480000,968,1410,0,226,222,0
1728463141468321000,1217,1239,0,260,175,0
1728463141469162000,1437,1026,46,309,105,0
1728463141470003000,1547,798,90,324,64,0
1728463141470845000,1465,586,218,395,47,56
1728463141471687000,1608,395,386,351,37,79
1728463141472529000,1569,218,599,341,5,125
1728463141473370000,1487,79,837,324,0,176
1728463141474211000,1354,0,1077,296,0,220
1728463141475052000,1180,1,1281,252,0,259
1728463141475893000,967,0,1464,194,0,298
1728463141476734000,770,64,1693,151,18,322
1728463141477576000,550,206,1728,101,47,334
1728463141478418000,346,385,1746,45,58,394
1728463141479260000,176,591,1635,23,133,373
1728463141480102000,105,815,1566,2,161,231
1728463141480943000,0,1010,1434,0,201,240
1728463141481784000,0,1219,1265,0,226,228
1728463141482625000,0,1388,1039,0,258,178
1728463141483466000,73,1528,812,8,261,133
1728463141484308000,210,1603,602,46,265,78
1728463141485150000,386,1638,377,92,276,45
1728463141485992000,602,1594,186,146,265,9
1728463141486833000,813,1504,52,185,212,0
1728463141487683000,1013,1364,0,218,180,0
1728463141488524000,1216,1173,0,260,129,0
1728463141489365000,1371,953,0,297,72,0
1728463141490206000,1610,754,96,335,47,11
1728463141491048000,1622,549,250,346,47,47
1728463141491890000,1594,356,440,346,20,92
1728463141492732000,1553,181,666,335,0,139
1728463141493574000,1463,53,897,320,0,185
1728463141494415000,1311,4,1118,279,0,228
1728463141495256000,1124,0,1329,237,0,279
1728463141496097000,909,0,1503,178,0,305
1728463141496938000,701,85,1632,132,23,320
1728463141497780000,498,242,1713,94,37,331
1728463141498622000,301,455,1799,46,129,337
1728463141499464000,141,637,1605,16,133,394
1728463141500305000,34,860,1515,5,184,343
1728463141501155000,0,1066,1397,0,214,252
1728463141501996000,0,1267,1209,0,238,212
1728463141502837000,0,1425,994,2,249,170
1728463141503679000,107,1550,762,21,267,111
1728463141504521000,245,1624,533,53,273,66
1728463141505363000,440,1626,305,101,267,20
1728463141506205000,653,1566,142,149,269,0
1728463141507047000,868,1475,11,199,229,0
1728463141507888000,1065,1325,0,244,193,0
1728463141508729000,1278,1088,5,289,175,0
1728463141509570000,1426,898,6,312,37,0
1728463141510411000,1511,673,126,330,26,18
1728463141511253000,1606,490,285,349,55,57
1728463141512095000,1590,309,490,340,11,110
1728463141512937000,1542,146,714,328,0,148
1728463141513778000,1429,23,953,308,0,193
1728463141514626000,1271,0,1163,269,0,250
1728463141515467000,1055,5,1383,250,0,292
1728463141516308000,869,10,1530,164,4,309
1728463141517150000,641,133,1651,109,21,330
1728463141517992000,448,293,1728,78,50,331
1728463141518834000,241,460,1837,41,120,337
1728463141519676000,101,713,1740,7,171,344
1728463141520517000,0,945,1605,0,178,285
1728463141521358000,0,1122,1368,0,220,247
1728463141522199000,0,1310,1165,0,235,201
1728463141523040000,13,1466,946,0,258,151
1728463141523882000,127,1569,714,31,274,93
1728463141524724000,288,1632,490,68,276,68
1728463141525566000,496,1626,282,114,267,5
1728463141526407000,704,1559,111,167,261,0
1728463141527249000,917,1445,7,213,224,0
1728463141528103000,1114,1288,8,250,192,0
1728463141528944000,1320,1130,0,277,226,0
1728463141529785000,1427,798,26,322,184,0
1728463141530627000,1535,583,151,361,114,20
1728463141531469000,1606,450,325,346,48,66
1728463141532311000,1583,261,538,347,4,107
1728463141533153000,1513,114,769,322,0,162
1728463141533994000,1392,2,1003,302,0,210
1728463141534835000,1229,1,1222,263,0,257
1728463141535676000,993,0,1404,250,0,286
1728463141536518000,812,37,1564,188,9,320
1728463141537360000,597,165,1673,103,26,332
1728463141538202000,394,338,1730,64,64,333
1728463141539044000,183,576,1719,14,96,306
1728463141539886000,55,733,1724,0,179,324
1728463141540727000,0,1002,1582,0,217,295
1728463141541562000,0,1172,1326,0,212,234
1728463141542403000,0,1349,1105,2,242,184
1728463141543244000,40,1499,884,9,266,132
1728463141544086000,165,1593,661,42,274,90
1728463141544928000,333,1633,432,82,277,54
1728463141545770000,555,1615,233,114,266,2
1728463141546612000,747,1543,100,181,242,0
1728463141547454000,960,1414,0,220,214,0
1728463141548295000,1162,1242,0,266,185,0
1728463141549136000,1344,1054,0,283,218,0
1728463141549977000,1455,738,57,330,170,0
1728463141550819000,1562,535,186,359,114,26
1728463141551660000,1599,404,385,348,18,77
1728463141552502000,1567,226,599,338,1,122
1728463141553344000,1490,69,825,321,0,172
1728463141554186000,1358,0,1054,286,0,229
1728463141555038000,1184,0,1266,250,0,261
1728463141555879000,960,0,1450,245,0,295
1728463141556720000,741,64,1600,205,0,320
1728463141557561000,535,200,1696,101,34,325
1728463141558403000,350,370,1732,58,74,325
1728463141559245000,169,605,1671,4,110,314
1728463141560087000,42,777,1706,0,188,311
1728463141560928000,0,1045,1519,0,210,249
1728463141561769000,0,1216,1272,4,226,235
1728463141562610000,0,1385,1051,0,250,177
1728463141563451000,71,1518,826,18,273,123
1728463141564293000,205,1610,583,42,274,84
1728463141565135000,382,1635,381,85,266,30
1728463141565977000,591,1607,196,141,265,4
1728463141566819000,802,1510,43,202,241,0
1728463141567661000,1009,1369,0,229,210,0
1728463141568518000,1216,1224,0,276,173,0
1728463141569359000,1414,1067,0,297,125,0
1728463141570200000,1525,736,89,309,165,1
1728463141571042000,1579,506,245,348,104,34
1728463141571884000,1600,366,437,354,21,96
1728463141572726000,1557,185,661,338,0,141
1728463141573568000,1464,56,879,320,0,192
1728463141574409000,1321,4,1114,278,0,245
1728463141575250000,1140,1,1324,232,0,276
1728463141576091000,995,0,1498,193,0,301
1728463141576932000,700,96,1628,198,8,320
1728463141577774000,487,237,1720,114,44,333
1728463141578616000,289,412,1724,22,81,335
1728463141579458000,124,693,1695,4,124,313
1728463141580300000,10,889,1568,0,167,276
1728463141581141000,0,1071,1419,0,202,256
1728463141581977000,0,1255,1218,4,232,210
1728463141582818000,0,1416,1000,0,258,164
1728463141583660000,93,1543,754,27,272,114
1728463141584502000,252,1624,541,52,274,78
1728463141585344000,442,1632,335,101,271,29
1728463141586186000,626,1586,146,153,250,0
1728463141587027000,855,1476,16,197,237,0
1728463141587868000,1061,1330,0,239,202,0
1728463141588709000,1281,1148,0,282,157,0
1728463141589550000,1442,942,0,302,106,0
1728463141590392000,1504,821,96,361,97,0
1728463141591234000,1585,533,286,346,42,43
1728463141592076000,1593,306,485,343,17,100
1728463141592918000,1540,154,714,329,0,157
1728463141593760000,1431,34,948,304,0,207
1728463141594601000,1285,0,1162,274,0,238
1728463141595453000,1103,0,1365,226,0,281
1728463141596294000,967,6,1530,174,0,301
1728463141597136000,727,112,1653,124,16,324
1728463141597978000,448,285,1724,112,57,338
1728463141598820000,218,478,1728,0,81,303
1728463141599662000,90,687,1649,0,133,325
1728463141600503000,0,965,1557,0,181,285
1728463141601344000,0,1112,1371,5,212,248
1728463141602185000,0,1303,1160,0,239,199
1728463141603026000,13,1457,931,0,261,153
1728463141603868000,130,1575,704,26,266,106
1728463141604710000,288,1634,489,71,277,54
1728463141605552000,471,1623,271,96,254,21
1728463141606393000,704,1574,126,164,257,0
1728463141607235000,924,1457,21,209,218,0
1728463141608076000,1103,1287,0,245,180,0
1728463141608926000,1345,1120,0,286,138,0
1728463141609767000,1422,994,10,325,120,0
1728463141610609000,1546,745,149,367,82,0
1728463141611451000,1600,460,327,354,39,69
1728463141612292000,1587,265,546,341,4,114
1728463141613134000,1520,114,762,331,0,160
1728463141613975000,1396,6,996,298,0,201
1728463141614816000,1233,0,1216,266,0,246
1728463141615657000,1032,0,1407,213,0,285
1728463141616498000,926,28,1565,173,0,314
1728463141617340000,700,154,1668,111,20,326
1728463141618182000,397,325,1728,119,56,329
1728463141619024000,159,519,1749,66,96,320
1728463141619866000,36,741,1615,0,145,306
1728463141620707000,0,960,1510,0,185,303
1728463141621548000,0,1170,1322,0,224,245
1728463141622392000,0,1348,1127,0,242,194
1728463141623233000,37,1491,885,4,261,141
1728463141624075000,165,1593,650,37,274,85
1728463141624917000,330,1631,441,78,277,50
1728463141625759000,516,1605,202,116,252,17
1728463141626600000,752,1538,73,164,257,0
1728463141627441000,965,1415,0,205,216,0
1728463141628282000,1167,1252,0,257,178,0
1728463141629123000,1365,1061,0,293,154,26
1728463141629964000,1535,852,18,321,109,0
1728463141630806000,1618,624,168,333,47,0
1728463141631648000,1600,399,372,345,33,84
1728463141632490000,1568,224,602,331,0,130
1728463141633332000,1495,87,819,325,0,177
1728463141634173000,1361,0,1045,292,0,211
1728463141635014000,1190,2,1269,250,0,260
1728463141635943000,980,0,1449,202,29,292
1728463141636784000,772,53,1600,161,37,320
1728463141637626000,561,185,1695,100,20,328
1728463141638468000,410,373,1732,66,58,333
1728463141639310000,101,564,1669,100,102,338
1728463141640152000,0,794,1630,57,138,337
1728463141640993000,0,1007,1498,48,186,305
1728463141641834000,0,1216,1274,0,231,229
1728463141642675000,0,1387,1060,0,254,181
1728463141643516000,66,1521,834,18,261,128
1728463141644358000,200,1607,604,47,277,73
1728463141645200000,381,1632,393,92,282,42
1728463141646042000,562,1576,211,141,267,10
1728463141646884000,786,1515,57,177,253,0
1728463141647725000,1016,1381,0,237,210,0
1728463141648566000,1195,1208,0,272,171,0
1728463141649337000,1358,1010,34,298,118,14
1728463141650179000,1494,773,0,322,85,98
1728463141651021000,1569,544,184,338,74,106
1728463141651863000,1600,356,421,343,28,87
1728463141652705000,1561,192,644,334,0,141
1728463141653547000,1464,58,878,312,0,192
1728463141654388000,1320,0,1106,285,0,226
1728463141655229000,1147,0,1314,239,0,276
1728463141656070000,937,32,1476,192,0,296
1728463141656911000,720,70,1617,137,57,313
1728463141657753000,517,226,1715,87,66,335
1728463141658595000,316,421,1728,50,68,332
1728463141659437000,237,613,1720,32,109,322
1728463141660279000,92,824,1557,0,148,297
1728463141661120000,0,1052,1396,64,186,286
1728463141661961000,0,1252,1225,0,226,215
1728463141662808000,0,1418,994,0,253,158
1728463141663650000,95,1551,770,19,276,117
1728463141664492000,244,1615,551,64,277,72
1728463141665334000,426,1625,332,101,273,29
1728463141666176000,624,1604,162,153,261,8
1728463141667017000,841,1479,42,199,229,0
1728463141667858000,1054,1332,0,240,207,0
1728463141668699000,1229,1171,20,269,168,0
1728463141669540000,1402,954,82,301,160,2
1728463141670381000,1510,756,180,330,69,86
1728463141671223000,1561,506,218,343,53,110
1728463141672065000,1597,321,492,346,8,98
1728463141672906000,1544,157,709,338,0,149
1728463141673748000,1429,23,941,309,0,197
1728463141674589000,1290,0,1162,277,0,242
1728463141675430000,1093,0,1359,231,0,279
1728463141676284000,885,72,1518,180,0,298
1728463141677126000,669,106,1652,117,74,320
1728463141677968000,458,255,1713,84,69,329
1728463141678810000,268,452,1728,42,56,332
1728463141679652000,237,672,1700,29,117,306
1728463141680493000,87,888,1567,0,146,284
1728463141681334000,30,1106,1373,0,200,249
1728463141682175000,0,1300,1184,0,234,199
1728463141683016000,10,1454,943,5,261,148
1728463141683858000,122,1563,714,27,274,103
1728463141684699000,293,1621,491,68,279,64
1728463141685541000,471,1622,293,114,264,26
1728463141686382000,691,1573,125,154,245,0
1728463141687224000,890,1470,9,202,225,0
1728463141688065000,1101,1297,0,254,185,0
1728463141688906000,1268,1080,78,282,162,0
1728463141689752000,1429,853,128,301,145,17
1728463141690593000,1547,708,213,329,93,23
1728463141691435000,1601,465,314,343,34,106
1728463141692277000,1585,282,535,344,11,106
1728463141693119000,1514,122,766,330,0,170
1728463141693960000,1406,0,993,308,0,212
1728463141694801000,1236,0,1216,258,0,257
1728463141695642000,1042,0,1403,218,0,278
1728463141696483000,832,106,1557,157,2,301
1728463141697325000,617,212,1670,122,20,309
1728463141698167000,409,313,1729,79,98,334
1728463141699009000,266,466,1706,50,141,320
1728463141699851000,83,714,1640,5,98,320
1728463141700692000,101,927,1556,17,148,261
1728463141701533000,0,1153,1328,0,213,234
1728463141702374000,0,1344,1109,0,245,184
1728463141703223000,29,1487,884,9,264,138
1728463141704064000,164,1579,656,41,281,90
1728463141704906000,321,1634,430,69,276,52
1728463141705748000,517,1626,256,130,261,13
1728463141706590000,729,1535,90,164,250,0
1728463141707432000,941,1425,0,200,215,0
1728463141708273000,1140,1265,1,250,170,0
1728463141709114000,1286,1068,0,266,148,18
1728463141709955000,1443,905,69,305,98,0
1728463141710797000,1550,606,202,321,57,34
1728463141711639000,1600,418,373,347,21,68
1728463141712481000,1577,226,589,343,5,122
1728463141713323000,1498,74,816,329,0,173
1728463141714164000,1369,0,1042,293,0,218
1728463141715005000,1193,0,1256,247,0,261
1728463141715846000,998,0,1434,202,0,306
1728463141716690000,779,64,1580,151,0,301
1728463141717532000,565,276,1678,103,37,312
1728463141718374000,371,393,1731,71,77,329
1728463141719216000,188,501,1693,34,159,308
1728463141720058000,75,747,1600,0,77,290
1728463141720899000,0,979,1468,0,132,267
1728463141721740000,0,1204,1298,2,226,231
1728463141722581000,0,1380,1069,0,254,178
1728463141723422000,60,1510,832,15,270,128
1728463141724264000,202,1604,618,37,276,85
1728463141725106000,377,1629,394,91,267,40
1728463141725948000,537,1596,221,109,237,0
1728463141726789000,784,1511,69,186,239,0
1728463141727630000,992,1399,0,222,215,0
1728463141728471000,1200,1207,0,266,178,0
1728463141729312000,1351,1038,15,279,129,13
1728463141730153000,1468,832,89,320,89,0
1728463141730995000,1554,542,341,333,66,53
1728463141731837000,1600,361,418,349,23,87
1728463141732679000,1556,199,632,335,2,139
1728463141733520000,1474,58,874,314,0,188
1728463141734361000,1327,1,1102,284,0,226
1728463141735202000,1151,0,1307,248,0,263
1728463141736043000,942,0,1466,186,0,320
1728463141736884000,722,87,1615,137,10,307
1728463141737726000,517,309,1691,95,42,322
1728463141738568000,324,442,1728,48,81,325
1728463141739410000,125,543,1682,27,177,303
1728463141740252000,34,797,1583,29,209,266
1728463141741093000,0,1012,1418,0,128,242
1728463141741934000,0,1248,1231,0,229,218
1728463141742775000,0,1427,1009,0,260,175
1728463141743633000,93,1540,776,16,274,117
1728463141744475000,235,1620,557,52,266,69
1728463141745316000,418,1637,349,107,273,26
1728463141746158000,604,1587,187,156,264,13
1728463141746999000,826,1490,29,192,225,0
1728463141747840000,1025,1325,5,232,183,0
1728463141748681000,1227,1148,0,261,162,0
1728463141749522000,1362,954,0,266,110,4
1728463141750364000,1493,746,124,309,75,36
1728463141751205000,1571,560,289,313,34,36
1728463141752047000,1593,313,463,346,17,98
1728463141752889000,1535,149,696,327,0,145
1728463141753731000,1447,29,932,312,0,192
1728463141754572000,1288,2,1152,276,0,242
1728463141755413000,1093,0,1355,238,0,270
1728463141756254000,887,9,1508,178,0,373
1728463141757106000,660,117,1637,130,21,369
1728463141757948000,472,282,1706,82,56,320
1728463141758790000,284,505,1720,50,98,320
1728463141759632000,133,736,1656,5,212,293
1728463141760473000,0,803,1543,2,245,281
1728463141761314000,0,1023,1404,26,258,247
1728463141762155000,0,1290,1170,0,242,210
1728463141762996000,9,1459,949,0,261,157
1728463141763838000,126,1562,716,21,279,107
1728463141764679000,278,1630,498,64,274,64
1728463141765521000,465,1625,303,105,269,26
1728463141766363000,663,1551,118,164,245,0
1728463141767205000,898,1456,11,201,225,0
1728463141768046000,1081,1304,2,244,196,0
1728463141768886000,1242,1106,0,292,149,0
1728463141769727000,1363,885,52,357,93,4
1728463141770574000,1485,682,146,256,68,0
1728463141771416000,1570,471,320,320,34,71
1728463141772258000,1593,283,523,342,13,121
1728463141773100000,1523,126,758,325,0,165
1728463141773941000,1419,13,992,306,0,203
1728463141774782000,1248,1,1205,270,0,244
1728463141775623000,1047,0,1402,213,0,280
1728463141776464000,832,33,1631,166,1,313
1728463141777306000,622,148,1653,119,30,386
1728463141778148000,418,314,1717,69,64,362
1728463141778990000,240,522,1703,40,100,288
1728463141779832000,90,808,1636,53,165,274
1728463141780674000,10,1001,1495,0,257,261
1728463141781515000,0,1124,1319,0,279,229
1728463141782356000,0,1344,1125,0,245,199
1728463141783197000,33,1480,894,1,261,148
1728463141784327000,151,1583,666,34,267,92
1728463141785169000,320,1630,451,85,278,57
1728463141786011000,517,1612,250,120,266,18
1728463141786853000,736,1542,102,170,252,0
1728463141787695000,949,1415,0,226,213,0
1728463141788536000,1153,1257,0,258,181,0
1728463141789377000,1364,1056,0,356,109,0
1728463141790218000,1369,841,55,389,87,39
1728463141791060000,1501,617,224,385,50,32
1728463141791902000,1579,416,366,334,34,79
1728463141792744000,1575,233,583,343,0,111
1728463141793586000,1504,93,813,325,0,171
1728463141794427000,1364,0,1047,298,0,224
1728463141795268000,1191,0,1261,266,0,258
1728463141796109000,1002,0,1452,209,0,298
1728463141796950000,783,58,1650,146,10,322
1728463141797520000,576,196,1724,102,34,409
1728463141798362000,375,366,1709,64,79,350
1728463141799204000,260,586,1679,38,106,234
1728463141800046000,34,894,1584,13,173,261
1728463141800888000,0,1090,1463,22,199,237
1728463141801729000,0,1202,1288,0,222,242
1728463141802570000,0,1370,1066,0,244,173
1728463141803411000,64,1515,837,13,271,124
1728463141804253000,186,1602,616,46,272,85
1728463141805095000,367,1632,394,90,274,45
1728463141805937000,579,1614,221,127,245,17
1728463141806779000,797,1527,69,181,224,0
1728463141807620000,989,1380,0,234,201,0
1728463141808461000,1198,1214,0,272,189,0
1728463141809302000,1429,981,23,309,105,0
1728463141810144000,1547,774,42,393,71,17
1728463141810989000,1472,565,210,397,41,79
1728463141811830000,1600,370,412,352,20,92
1728463141812672000,1557,195,637,340,0,126
1728463141813513000,1472,57,870,322,0,184
1728463141814354000,1334,0,1088,293,0,234
1728463141815195000,1149,0,1301,245,0,269
1728463141816036000,938,0,1484,181,0,301
1728463141816877000,720,86,1610,132,13,325
1728463141817718000,521,226,1756,98,37,325
1728463141818560000,331,418,1764,56,90,325
1728463141819402000,159,610,1614,21,129,404
1728463141820244000,56,857,1550,2,192,350
1728463141821085000,23,1062,1391,0,199,174
1728463141821926000,0,1256,1238,0,228,229
1728463141822767000,0,1411,1019,0,249,169
1728463141823608000,98,1542,788,21,274,117
1728463141824469000,226,1614,569,57,274,81
1728463141825310000,413,1621,348,94,268,34
1728463141826152000,626,1552,170,136,263,1
1728463141826994000,847,1487,30,197,232,0
1728463141827835000,1046,1337,0,237,178,0
1728463141828676000,1242,1159,0,279,157,0
1728463141829517000,1407,912,0,299,64,0
1728463141830359000,1512,698,96,325,34,8
1728463141831201000,1688,490,321,352,17,53
1728463141832043000,1594,331,465,349,14,103
1728463141832885000,1544,161,690,333,0,139
1728463141833727000,1434,26,923,313,0,194
1728463141834568000,1298,0,1141,289,0,239
1728463141835409000,1106,0,1351,232,0,281
1728463141836250000,877,4,1520,154,0,305
1728463141837091000,672,117,1644,114,10,335
1728463141837932000,469,274,1716,79,46,327
1728463141838774000,269,458,1743,49,87,327
1728463141839616000,125,706,1706,13,114,393
1728463141840457000,10,891,1475,0,168,373
1728463141841298000,0,1088,1316,0,213,320
1728463141842139000,0,1300,1188,1,234,206
1728463141842980000,7,1447,962,0,256,148
1728463141843822000,106,1566,736,28,266,98
1728463141844664000,274,1619,509,72,276,64
1728463141845506000,466,1628,303,105,274,33
1728463141846348000,680,1575,138,164,250,0
1728463141847190000,893,1439,10,214,229,0
1728463141848031000,1093,1288,0,250,201,0
1728463141848872000,1271,1113,0,286,151,0
1728463141849713000,1404,811,29,349,170,0
1728463141850555000,1551,642,138,338,0,21
1728463141851404000,1652,457,320,338,4,64
1728463141852246000,1598,282,517,344,21,101
1728463141853088000,1524,122,747,333,0,164
1728463141853929000,1401,7,981,305,0,205
1728463141854770000,1248,0,1194,267,0,250
1728463141855611000,1058,0,1381,217,0,288
1728463141856452000,818,26,1546,202,0,322
1728463141857294000,613,154,1666,138,23,341
1728463141858136000,421,316,1719,64,65,325
1728463141858978000,237,507,1720,41,101,331
1728463141859820000,82,699,1746,0,167,322
1728463141860661000,0,949,1600,0,209,307
1728463141861502000,0,1170,1426,0,234,260
1728463141862343000,0,1329,1129,0,237,185
1728463141863184000,34,1479,893,5,269,138
1728463141864026000,144,1581,678,36,272,93
1728463141864880000,320,1624,452,74,274,52
1728463141865722000,516,1618,269,114,260,21
1728463141866563000,725,1560,100,170,242,0
1728463141867405000,924,1427,0,218,221,0
1728463141868246000,1145,1272,0,265,197,0
1728463141869087000,1313,1116,0,293,145,0
1728463141869928000,1449,945,37,366,107,0
1728463141870770000,1577,698,167,321,137,5
1728463141871612000,1592,352,370,341,98,56
1728463141872454000,1579,241,578,341,0,118
1728463141873296000,1505,97,799,324,0,162
1728463141874137000,1367,0,1044,298,0,220
1728463141874978000,1205,0,1249,255,0,258
1728463141875819000,1008,0,1431,207,0,292
1728463141876660000,880,42,1581,149,0,320
1728463141877502000,650,181,1685,104,22,338
1728463141878341000,373,354,1728,95,82,329
1728463141879183000,149,558,1711,66,110,326
1728463141880025000,21,779,1600,0,151,320
1728463141880866000,0,1006,1476,0,199,311
1728463141881707000,0,1203,1286,0,221,237
1728463141882548000,0,1370,1076,0,245,177
1728463141883389000,66,1508,845,14,269,128
1728463141884230000,178,1607,613,42,269,89
1728463141885072000,362,1630,398,85,274,44
1728463141885914000,565,1607,215,130,269,10
1728463141886756000,783,1536,58,167,242,2
1728463141887598000,990,1393,0,224,213,0
1728463141888439000,1200,1223,0,268,187,0
1728463141889280000,1356,1021,0,290,137,34
1728463141890122000,1535,800,37,330,84,0
1728463141890964000,1548,707,210,356,69,16
1728463141891810000,1601,421,409,341,21,87
1728463141892652000,1561,205,637,337,0,128
1728463141893494000,1468,64,868,324,0,181
1728463141894335000,1338,0,1088,297,0,232
1728463141895176000,1158,0,1304,239,0,272
1728463141896017000,960,0,1486,194,0,298
1728463141896859000,773,77,1617,138,0,330
1728463141897701000,578,220,1706,96,41,326
1728463141898543000,312,397,1726,90,77,332
1728463141899385000,106,613,1704,21,117,306
1728463141900227000,0,820,1567,0,154,303
1728463141901068000,0,1038,1426,0,178,278
1728463141901909000,0,1243,1237,0,230,207
1728463141902750000,0,1407,1018,0,258,161
1728463141903591000,73,1533,791,21,266,117
1728463141904433000,229,1615,558,58,277,75
1728463141905284000,410,1632,351,87,266,34
1728463141906126000,621,1596,176,148,256,1
1728463141906967000,824,1487,0,186,242,0
1728463141907808000,1049,1350,0,234,218,0
1728463141908649000,1216,1163,0,277,169,0
1728463141909490000,1391,938,0,314,151,37
1728463141910332000,1564,754,50,313,94,0
1728463141911174000,1567,525,228,325,37,0
1728463141912016000,1598,325,459,345,16,85
1728463141912858000,1548,162,687,337,4,149
1728463141913700000,1442,40,912,314,0,198
1728463141914541000,1296,0,1132,269,0,240
1728463141915382000,1114,1,1355,228,0,285
1728463141916223000,906,0,1514,176,26,312
1728463141917064000,688,93,1636,129,0,312
1728463141917906000,543,260,1719,89,50,335
1728463141918753000,274,457,1722,79,87,330
1728463141919595000,64,661,1700,53,114,320
1728463141920437000,0,887,1569,16,158,272
1728463141921278000,0,1116,1393,0,207,244
1728463141922119000,0,1284,1199,1,240,205
1728463141922960000,17,1442,968,4,261,159
1728463141923802000,110,1566,732,33,274,112
1728463141924644000,267,1623,514,55,266,64
1728463141925486000,458,1634,306,110,274,20
1728463141926328000,660,1586,149,162,254,5
1728463141927169000,882,1450,2,218,238,0
1728463141928010000,1090,1310,0,248,203,0
1728463141928851000,1277,1118,0,289,162,0
1728463141929692000,1430,907,0,302,132,64
1728463141930534000,1607,709,101,336,58,0
1728463141931376000,1577,511,293,359,49,18
1728463141932233000,1584,281,517,346,15,106
1728463141933074000,1524,126,733,330,0,162
1728463141933916000,1413,14,971,297,0,211
1728463141934757000,1257,2,1198,270,0,250
1728463141935598000,1066,0,1384,218,0,280
1728463141936439000,849,17,1544,167,42,313
1728463141937281000,636,122,1671,122,13,327
1728463141938123000,466,297,1718,79,53,333
1728463141938965000,279,510,1718,30,90,335
1728463141939807000,0,729,1674,72,137,354
1728463141940648000,0,935,1535,0,173,258
1728463141941489000,0,1125,1330,0,203,225
1728463141942330000,0,1333,1139,0,250,196
1728463141943171000,23,1479,906,8,269,145
1728463141944013000,150,1584,682,27,272,101
1728463141944854000,313,1627,468,70,265,49
1728463141945705000,506,1626,261,123,266,25
1728463141946546000,728,1553,100,170,258,0
1728463141947388000,928,1442,0,211,234,0
1728463141948229000,1121,1269,0,260,177,0
1728463141949070000,1312,1075,0,285,146,0
1728463141949911000,1455,839,0,303,90,98
1728463141950753000,1546,637,121,324,87,78
1728463141951595000,1655,462,320,346,30,0
1728463141952437000,1586,237,568,346,18,124
1728463141953279000,1500,92,801,327,0,171
1728463141954120000,1379,0,1026,296,0,217
1728463141954961000,1214,0,1256,253,0,261
1728463141955802000,1016,0,1434,210,0,292
1728463141956643000,794,29,1579,156,64,308
1728463141957485000,591,146,1681,113,79,324
1728463141958327000,388,341,1721,71,64,333
1728463141959165000,251,554,1704,33,104,322
1728463141960007000,122,761,1610,30,132,302
1728463141960849000,0,973,1481,64,178,321
1728463141961690000,0,1159,1298,45,226,260
1728463141962531000,0,1372,1075,0,249,186
1728463141963372000,52,1504,843,13,269,136
1728463141964214000,192,1600,625,41,269,79
1728463141965056000,354,1638,409,82,273,39
1728463141965898000,551,1609,224,130,261,20
1728463141966740000,779,1501,66,177,258,0
1728463141967581000,988,1400,0,218,218,0
1728463141968422000,1186,1230,0,267,178,0
1728463141969263000,1344,1008,32,290,137,0
1728463141970104000,1479,835,149,322,130,18
1728463141970946000,1577,607,138,330,41,149
1728463141971788000,1605,373,357,348,32,137
1728463141972642000,1566,212,631,337,0,139
1728463141973484000,1479,72,861,320,0,181
1728463141974325000,1338,0,1092,290,0,224
1728463141975166000,1162,2,1294,244,0,266
1728463141976007000,960,1,1481,197,0,313
1728463141976848000,746,121,1614,149,20,311
1728463141977690000,533,196,1689,96,87,329
1728463141978532000,339,394,1730,53,68,327
1728463141979374000,267,590,1707,32,97,321
1728463141980216000,122,811,1605,1,146,303
1728463141981057000,58,1032,1456,0,183,261
1728463141981898000,18,1221,1234,31,229,225
1728463141982739000,0,1402,1023,0,253,173
1728463141983580000,79,1533,793,13,264,114
1728463141984422000,218,1615,578,52,273,69
1728463141985264000,407,1632,351,96,274,38
1728463141986107000,608,1600,173,138,261,5
1728463141986949000,826,1504,50,187,234,0
1728463141987790000,1029,1348,0,240,194,0
1728463141988631000,1211,1183,0,260,158,0
1728463141989472000,1380,1003,8,286,104,0
1728463141990313000,1504,756,217,322,89,2
1728463141991155000,1546,546,346,330,86,68
1728463141991997000,1598,338,466,342,25,110
1728463141992839000,1546,165,670,331,0,141
1728463141993680000,1447,42,914,311,0,188
1728463141994521000,1301,0,1151,283,0,234
1728463141995362000,1120,2,1346,235,0,272
1728463141996203000,906,5,1505,185,0,327
1728463141997044000,701,101,1628,138,23,308
1728463141997886000,488,330,1692,90,57,327
1728463141998728000,298,485,1720,39,89,320
1728463141999581000,103,583,1671,30,194,305
1728463142000423000,20,805,1551,23,220,286
1728463142001264000,13,1045,1401,0,133,252
1728463142002105000,0,1281,1193,0,241,212
1728463142002946000,0,1439,960,0,266,160
1728463142003788000,111,1560,736,14,269,116
1728463142004630000,260,1631,514,57,274,58
1728463142005472000,457,1632,309,106,271,34
1728463142006314000,661,1582,141,153,257,5
1728463142007155000,857,1472,25,188,217,0
1728463142007996000,1074,1338,0,257,192,0
1728463142008837000,1266,1130,0,274,154,0
1728463142009678000,1389,911,9,265,106,9
1728463142010520000,1504,756,158,320,77,37
1728463142011362000,1577,462,306,335,46,56
1728463142012204000,1584,286,512,338,4,110
1728463142013055000,1530,133,736,341,0,147
1728463142013897000,1416,20,970,306,0,196
1728463142014738000,1256,4,1185,266,0,238
1728463142015579000,1060,0,1391,226,0,287
1728463142016420000,847,20,1528,170,4,365
1728463142017262000,644,141,1645,116,23,369
1728463142018104000,438,305,1716,79,57,325
1728463142018946000,249,563,1715,37,100,314
1728463142019788000,100,602,1653,5,213,289
1728463142020629000,0,844,1520,2,244,277
1728463142021470000,0,1069,1333,14,273,226
1728463142022311000,0,1328,1144,0,241,202
1728463142023152000,23,1473,919,10,257,141
1728463142023994000,139,1579,690,32,277,93
1728463142024835000,299,1632,463,71,277,58
1728463142025677000,501,1614,267,121,269,18
1728463142026524000,706,1546,90,169,258,0
1728463142027366000,916,1440,2,212,214,2
1728463142028207000,1131,1266,2,258,170,0
1728463142029048000,1304,1073,2,295,153,0
1728463142029889000,1377,846,64,356,90,0
1728463142030730000,1515,638,159,288,58,37
1728463142031572000,1568,444,357,322,39,117
1728463142032414000,1581,256,560,338,2,122
1728463142033256000,1508,101,789,322,0,165
1728463142034097000,1378,0,1027,299,0,208
1728463142034938000,1216,2,1230,254,0,264
1728463142035779000,1015,1,1427,209,0,298
1728463142036620000,800,42,1630,158,6,314
1728463142037462000,584,181,1660,106,34,402
1728463142038304000,389,353,1714,64,65,356
1728463142039146000,202,607,1709,34,101,320
1728463142039988000,107,842,1610,18,153,282
1728463142040829000,0,1034,1466,0,258,248
1728463142041670000,18,1231,1289,0,261,206
1728463142042511000,0,1368,1095,0,250,192
1728463142043352000,47,1504,860,4,258,132
1728463142044194000,178,1603,645,45,273,84
1728463142045036000,345,1632,415,84,279,48
1728463142045878000,554,1615,224,129,269,10
1728463142046720000,776,1510,89,178,237,0
1728463142047562000,981,1392,0,234,213,0
1728463142048403000,1178,1238,0,266,173,0
1728463142049244000,1351,1033,5,300,130,0
1728463142050085000,1544,806,49,405,90,23
1728463142050927000,1472,580,221,400,64,89
1728463142051769000,1552,383,394,383,37,71
1728463142052611000,1567,205,610,337,0,132
1728463142053464000,1483,68,842,320,0,178
1728463142054305000,1342,0,1082,290,0,222
1728463142055146000,1166,0,1277,245,0,258
1728463142055987000,964,0,1473,199,0,312
1728463142056829000,746,69,1608,146,16,323
1728463142057671000,537,210,1777,97,46,334
1728463142058513000,346,398,1766,57,76,331
1728463142059355000,164,604,1687,20,117,338
1728463142060196000,69,825,1535,0,176,348
1728463142061037000,33,1058,1412,0,194,193
1728463142061878000,29,1241,1221,0,235,164
1728463142062719000,0,1397,1023,0,258,173
1728463142063560000,79,1529,801,8,266,130
1728463142064402000,217,1615,587,55,276,75
1728463142065244000,400,1633,357,97,270,40
1728463142066086000,604,1601,178,138,262,8
1728463142066933000,818,1489,45,186,218,0
1728463142067774000,1034,1359,0,249,197,0
1728463142068615000,1230,1186,0,273,164,0
1728463142069456000,1391,970,10,306,98,0
1728463142070298000,1609,741,136,346,53,10
1728463142071140000,1656,522,266,352,37,43
1728463142071982000,1524,338,461,395,9,117
1728463142072824000,1549,171,670,343,0,137
1728463142073665000,1451,45,907,314,0,184
1728463142074506000,1303,0,1135,281,0,238
1728463142075347000,1116,0,1340,239,0,276
1728463142076188000,921,0,1508,186,1,308
1728463142077029000,681,101,1638,123,14,325
1728463142077871000,489,257,1802,96,46,331
1728463142078713000,292,448,1749,46,90,320
1728463142079555000,122,645,1605,20,133,381
1728463142080413000,38,885,1506,0,192,334
1728463142081254000,50,1100,1354,0,205,163
1728463142082095000,0,1274,1178,0,218,181
1728463142082936000,0,1435,977,8,249,156
1728463142083778000,101,1549,747,23,272,111
1728463142084620000,260,1620,518,64,278,74
1728463142085462000,448,1624,311,98,268,27
1728463142086304000,664,1576,146,148,262,2
1728463142087146000,875,1479,20,202,202,0
1728463142087987000,1072,1308,5,245,181,0
1728463142088828000,1256,1114,5,279,148,0
1728463142089669000,1419,905,13,311,77,0
1728463142090511000,1669,682,168,348,40,16
1728463142091353000,1684,482,334,335,21,64
1728463142092195000,1578,302,505,370,1,105
1728463142093036000,1526,145,738,330,0,150
1728463142093890000,1413,14,974,309,0,201
1728463142094731000,1266,2,1180,277,0,258
1728463142095572000,1071,0,1380,222,0,282
1728463142096413000,856,21,1546,165,5,309
1728463142097254000,636,138,1664,114,20,334
1728463142098096000,430,297,1728,72,58,328
1728463142098938000,257,491,1762,45,101,332
1728463142099780000,90,721,1561,4,126,417
1728463142100621000,0,904,1464,0,185,378
1728463142101462000,0,1132,1312,11,234,300
1728463142102303000,0,1315,1144,0,237,192
1728463142103144000,17,1472,920,0,265,140
1728463142103986000,133,1575,690,34,272,105
1728463142104828000,306,1627,458,72,277,65
1728463142105670000,500,1617,269,106,265,23
1728463142106512000,714,1535,105,177,242,0
1728463142107348000,922,1426,0,218,226,0
1728463142108189000,1118,1274,0,260,192,0
1728463142109030000,1291,1056,0,302,151,0
1728463142109871000,1442,786,23,339,151,0
1728463142110712000,1569,605,151,325,10,23
1728463142111554000,1723,404,362,362,0,58
1728463142112396000,1583,255,555,352,10,110
1728463142113238000,1508,101,790,328,0,168
1728463142114079000,1386,0,1010,302,0,213
1728463142114920000,1223,5,1223,254,0,261
1728463142115761000,1026,1,1417,207,0,292
1728463142116602000,785,50,1600,189,0,320
1728463142117444000,583,173,1680,106,23,323
1728463142118286000,373,346,1731,64,68,338
1728463142119128000,204,545,1705,30,105,325
1728463142119970000,73,769,1681,0,164,305
1728463142120822000,0,978,1600,0,226,302
1728463142121663000,0,1189,1407,0,252,245
1728463142122504000,0,1354,1093,2,242,178
1728463142123345000,42,1507,868,10,267,133
1728463142124187000,177,1596,642,43,276,87
1728463142125029000,344,1632,420,81,277,43
1728463142125871000,554,1611,231,120,265,21
1728463142126713000,744,1542,87,186,246,0
1728463142127555000,970,1404,0,230,216,0
1728463142128396000,1176,1231,2,269,178,0
1728463142129237000,1344,1033,5,304,140,0
1728463142130078000,1519,872,47,327,90,0
1728463142130920000,1552,504,204,338,132,30
1728463142131762000,1612,348,397,341,0,69
1728463142132604000,1570,207,610,340,0,130
1728463142133446000,1487,66,839,325,0,181
1728463142134289000,1344,0,1063,283,0,229
1728463142135130000,1172,0,1271,245,0,261
1728463142135971000,979,0,1464,194,0,295
1728463142136812000,738,68,1606,192,0,320
1728463142137654000,525,213,1697,127,36,324
1728463142138496000,342,389,1731,57,82,330
1728463142139338000,169,608,1688,16,122,331
1728463142140179000,21,815,1582,0,158,290
1728463142141020000,0,994,1551,0,215,270
1728463142141861000,0,1226,1355,0,264,237
1728463142142702000,0,1400,1046,0,253,174
1728463142143543000,71,1525,801,21,272,119
1728463142144385000,215,1616,586,43,273,85
1728463142145227000,401,1633,370,90,269,39
1728463142146068000,594,1601,196,141,261,11
1728463142146910000,789,1507,57,202,240,0
1728463142147761000,1026,1370,2,234,211,0
1728463142148602000,1216,1187,0,276,175,0
1728463142149443000,1389,989,0,308,135,0
1728463142150285000,1522,810,81,306,162,0
1728463142151127000,1549,473,237,354,107,28
1728463142151969000,1610,276,448,362,0,84
1728463142152811000,1552,168,666,338,0,144
1728463142153653000,1459,43,896,312,0,197
1728463142154494000,1311,8,1119,274,0,249
1728463142155335000,1132,1,1330,238,0,274
1728463142156176000,914,1,1504,186,0,298
1728463142157017000,764,98,1634,144,10,322
1728463142157859000,468,240,1712,138,45,341
1728463142158701000,288,438,1714,64,90,333
1728463142159543000,137,648,1674,14,125,315
1728463142160385000,5,931,1600,0,178,296
1728463142161227000,0,1129,1430,0,206,246
1728463142162068000,0,1276,1208,0,247,200
1728463142162909000,0,1432,977,0,258,162
1728463142163750000,106,1555,739,21,274,114
1728463142164592000,258,1624,523,53,270,74
1728463142165434000,452,1632,322,104,270,26
1728463142166276000,644,1582,154,155,253,0
1728463142167118000,884,1475,2,197,237,0
1728463142167959000,1088,1326,0,244,201,0
1728463142168800000,1261,1134,0,290,162,0
1728463142169641000,1426,938,0,311,125,36
1728463142170483000,1589,712,92,321,64,0
1728463142171325000,1567,607,277,372,43,18
1728463142172167000,1596,356,501,357,18,94
1728463142173008000,1536,133,724,334,0,156
1728463142173849000,1422,23,952,308,0,204
1728463142174716000,1269,5,1169,266,0,256
1728463142175556000,1077,0,1376,224,0,290
1728463142176397000,873,21,1546,171,2,314
1728463142177238000,654,111,1656,130,42,320
1728463142178080000,443,281,1722,82,44,335
1728463142178922000,288,488,1710,37,96,327
1728463142179764000,39,693,1639,64,132,327
1728463142180605000,0,922,1562,30,182,279
1728463142181446000,0,1126,1376,0,202,209
1728463142182287000,0,1312,1159,0,245,195
1728463142183128000,21,1464,926,8,266,154
1728463142183970000,133,1572,682,23,274,101
1728463142184812000,298,1625,476,71,269,50
1728463142185654000,497,1623,274,116,274,17
1728463142186496000,698,1562,121,173,250,0
1728463142187338000,913,1441,0,205,226,0
1728463142188178000,1114,1275,0,241,201,0
1728463142189019000,1289,1092,0,272,143,0
1728463142189860000,1437,852,0,309,117,42
1728463142190702000,1600,668,130,330,64,0
1728463142191544000,1565,562,322,362,47,16
1728463142192386000,1582,266,548,338,6,114
1728463142193228000,1514,105,778,321,0,170
1728463142194070000,1391,11,1012,299,0,218
1728463142194911000,1226,0,1230,261,0,250
1728463142195752000,1036,0,1419,213,0,285
1728463142196593000,814,32,1583,165,18,324
1728463142197435000,598,144,1671,114,18,327
1728463142198277000,493,325,1728,66,52,335
1728463142199119000,253,549,1707,89,105,334
1728463142199961000,2,745,1647,64,158,354
1728463142200802000,0,961,1520,15,180,274
1728463142201634000,0,1173,1295,0,224,229
1728463142202475000,0,1354,1094,0,250,186
1728463142203316000,48,1497,866,6,265,141
1728463142204158000,168,1589,634,37,274,84
1728463142205000000,341,1632,420,77,277,48
1728463142205842000,538,1604,226,133,263,13
1728463142206683000,760,1538,73,173,245,0
1728463142207525000,960,1411,0,216,210,0
1728463142208366000,1162,1236,0,273,173,0
1728463142209207000,1348,1045,0,301,136,0
1728463142210048000,1483,826,0,320,125,72
1728463142210890000,1611,612,169,340,52,0
1728463142211732000,1610,368,350,346,10,16
1728463142212574000,1573,220,613,330,0,132
1728463142213416000,1487,79,833,325,0,178
1728463142214257000,1352,0,1064,293,0,217
1728463142215105000,1182,5,1280,249,0,269
1728463142215946000,967,0,1463,202,0,298
1728463142216787000,767,42,1597,150,55,309
1728463142217629000,552,189,1695,98,57,333
1728463142218471000,435,385,1728,64,58,331
1728463142219313000,215,591,1693,27,109,309
1728463142220155000,0,798,1592,78,148,341
1728463142220996000,0,1022,1462,57,197,309
1728463142221837000,0,1223,1296,26,220,237
1728463142222678000,0,1396,1054,0,249,180
1728463142223519000,69,1532,816,17,261,127
1728463142224360000,210,1609,594,50,279,72
1728463142225202000,389,1632,378,93,284,41
1728463142226044000,590,1588,192,148,256,13
1728463142226886000,816,1492,56,174,253,0
1728463142227727000,1026,1376,0,226,211,0
1728463142228589000,1211,1201,2,276,165,0
1728463142229430000,1379,975,0,301,138,0
1728463142230271000,1504,795,165,324,122,23
1728463142231113000,1570,568,306,344,37,149
1728463142231955000,1600,348,359,335,41,151
1728463142232797000,1559,181,671,332,0,142
1728463142233639000,1460,51,890,313,0,194
1728463142234480000,1313,0,1119,282,0,228
1728463142235321000,1137,2,1323,235,0,272
1728463142236161000,917,2,1500,185,0,298
1728463142237003000,705,174,1630,146,18,306
1728463142237845000,504,297,1707,87,64,327
1728463142238687000,312,416,1723,45,112,335
1728463142239529000,136,634,1677,21,113,306
1728463142240371000,129,839,1585,5,129,283
1728463142241212000,88,1045,1460,17,165,251
1728463142242054000,66,1254,1255,2,207,210
1728463142242895000,0,1435,1002,0,257,169
1728463142243736000,103,1551,760,15,266,114
1728463142244578000,250,1624,544,64,276,64
1728463142245420000,441,1627,322,105,270,26
1728463142246262000,644,1581,153,161,259,1
1728463142247104000,864,1484,41,192,233,0
1728463142247945000,1063,1330,0,237,199,0
1728463142248786000,1248,1157,0,276,157,0
1728463142249627000,1407,935,5,313,121,0
1728463142250469000,1515,693,194,322,86,10
1728463142251311000,1584,525,353,346,73,58
1728463142252153000,1600,320,386,334,0,201
1728463142252995000,1539,148,716,335,0,145
1728463142253837000,1428,23,948,306,0,192
1728463142254678000,1269,0,1169,270,0,244
1728463142255571000,1076,0,1374,228,0,285
1728463142256412000,875,16,1532,178,0,320
1728463142257253000,657,229,1637,121,26,313
1728463142258095000,455,320,1712,82,49,320
1728463142258937000,260,467,1713,43,132,325
1728463142259779000,116,679,1656,18,125,320
1728463142260620000,5,865,1525,0,122,283
1728463142261461000,0,1093,1356,0,149,245
1728463142262302000,0,1278,1164,0,193,194
1728463142263143000,7,1461,929,2,258,146
1728463142263985000,127,1573,704,28,273,94
1728463142264827000,302,1623,474,66,282,56
1728463142265669000,484,1624,274,109,268,23
1728463142266511000,697,1557,121,153,249,0
1728463142267353000,904,1455,18,213,226,0
1728463142268194000,1106,1300,2,254,178,0
1728463142268994000,1281,1093,0,289,148,0
1728463142269835000,1421,890,37,301,106,1
1728463142270677000,1520,646,146,330,57,23
1728463142271519000,1583,440,437,330,69,83
1728463142272361000,1578,281,597,335,5,117
1728463142273202000,1511,117,777,330,0,159
1728463142274044000,1389,0,1010,301,0,207
1728463142274885000,1239,0,1221,262,0,249
1728463142275726000,1032,0,1418,228,0,287
1728463142276567000,818,34,1565,158,8,320
1728463142277409000,608,199,1674,114,26,312
1728463142278251000,401,413,1716,74,69,320
1728463142279093000,232,517,1701,37,142,320
1728463142279935000,74,711,1626,17,197,304
1728463142280776000,2,926,1494,1,107,269
1728463142281617000,0,1127,1312,0,149,226
1728463142282478000,0,1346,1099,0,241,185
1728463142283319000,34,1506,875,7,265,138
1728463142284161000,165,1587,648,40,282,89
1728463142285002000,333,1637,420,70,277,50
1728463142285844000,537,1612,235,125,260,18
1728463142286685000,751,1539,85,173,235,0
1728463142287527000,939,1425,0,212,210,0
1728463142288368000,1148,1255,5,251,184,0
1728463142289209000,1338,1042,0,298,146,0
1728463142290050000,1448,821,40,277,107,8
1728463142290891000,1540,669,228,320,57,58
1728463142291733000,1594,433,392,325,26,65
1728463142292575000,1570,234,612,341,5,128
1728463142293417000,1485,85,833,324,0,186
1728463142294258000,1361,0,1061,297,0,217
1728463142295099000,1184,0,1274,255,0,265
1728463142295936000,981,0,1458,210,0,295
1728463142296777000,766,64,1592,146,8,354
1728463142297619000,559,205,1688,105,37,374
1728463142298461000,357,388,1717,58,73,320
1728463142299303000,188,621,1687,32,119,313
1728463142300145000,85,852,1589,5,154,277
1728463142300986000,0,956,1459,0,267,262
1728463142301827000,0,1108,1256,0,289,201
1728463142302668000,0,1386,1042,0,260,171
1728463142303509000,65,1535,824,14,267,130
1728463142304351000,209,1601,591,50,281,79
1728463142305193000,383,1633,375,87,279,42
1728463142306035000,587,1601,196,133,256,5
1728463142306877000,801,1511,73,196,245,0
1728463142307718000,992,1376,2,237,213,0
1728463142308559000,1195,1186,0,274,165,0
1728463142309408000,1370,975,0,313,133,0
1728463142310249000,1444,760,81,289,85,0
1728463142311091000,1547,544,217,298,46,73
1728463142311933000,1574,413,451,320,21,79
1728463142312775000,1553,183,653,338,0,138
1728463142313617000,1463,55,874,312,0,192
1728463142314458000,1329,1,1103,281,0,237
1728463142315299000,1138,0,1307,236,0,273
1728463142316140000,933,0,1490,180,0,307
1728463142316981000,715,98,1628,133,8,378
1728463142317823000,500,245,1695,94,49,369
1728463142318665000,312,428,1704,53,90,312
1728463142319507000,146,669,1677,11,116,313
1728463142320349000,52,919,1554,0,224,272
1728463142321191000,0,970,1416,0,284,244
1728463142322032000,0,1173,1219,5,293,220
1728463142322880000,0,1427,1002,1,257,170
1728463142323721000,93,1545,759,27,277,119
1728463142324563000,242,1620,546,45,267,75
1728463142325405000,434,1635,335,110,276,26
1728463142326247000,634,1582,170,153,261,2
1728463142327089000,832,1472,29,201,228,0
1728463142327930000,1056,1328,0,244,202,0
1728463142328771000,1248,1146,0,278,170,0
1728463142329612000,1407,937,1,305,110,0
1728463142330454000,1484,718,119,298,68,26
1728463142331296000,1557,542,309,321,47,69
1728463142332138000,1585,310,463,335,30,98
1728463142332980000,1539,141,704,330,0,149
1728463142333821000,1439,23,942,302,0,202
1728463142334662000,1279,0,1156,272,0,240
1728463142335503000,1098,0,1365,234,0,275
1728463142336354000,881,21,1533,177,0,295
1728463142337195000,657,125,1629,125,18,397
1728463142338037000,459,284,1702,77,58,321
1728463142338879000,277,555,1712,45,97,313
1728463142339721000,109,718,1657,21,136,309
1728463142340563000,0,779,1523,0,248,265
1728463142341404000,0,1017,1359,1,282,240
1728463142342245000,0,1239,1152,0,307,206
1728463142343086000,13,1466,947,0,258,153
1728463142343928000,139,1574,713,34,274,101
1728463142344770000,281,1630,488,69,273,57
1728463142345611000,473,1621,294,113,270,23
1728463142346453000,690,1564,114,161,255,0
1728463142347295000,887,1452,8,206,218,1
1728463142348136000,1095,1280,0,253,180,0
1728463142348977000,1287,1088,1,297,151,0
1728463142349822000,1442,885,28,324,114,0
1728463142350664000,1482,666,183,366,64,18
1728463142351505000,1553,433,309,301,21,66
1728463142352347000,1544,292,549,313,10,138
1728463142353188000,1517,112,760,320,0,169
1728463142354029000,1399,5,996,303,0,201
1728463142354870000,1234,0,1210,264,0,248
1728463142355711000,1038,2,1410,213,0,284
1728463142356552000,824,41,1571,167,1,306
1728463142357393000,602,153,1747,118,45,333
1728463142358235000,404,325,1758,64,66,331
1728463142359077000,239,532,1692,39,110,357
1728463142359919000,84,747,1632,18,148,278
1728463142360760000,0,960,1484,0,186,232
1728463142361601000,0,1275,1297,18,228,185
1728463142362442000,0,1437,1098,13,261,169
1728463142363292000,37,1488,880,1,261,144
1728463142364134000,165,1586,652,36,261,93
1728463142364975000,327,1636,431,82,274,46
1728463142365817000,533,1614,244,128,272,18
1728463142366658000,746,1545,79,170,250,0
1728463142367500000,964,1416,0,217,207,0
1728463142368341000,1161,1240,0,264,165,0
1728463142369182000,1330,1041,4,296,121,0
1728463142370023000,1541,813,66,331,93,0
1728463142370865000,1612,594,174,410,45,64
1728463142371707000,1504,401,392,388,16,121
1728463142372549000,1542,238,598,309,0,121
1728463142373391000,1504,82,825,327,0,174
1728463142374232000,1353,0,1055,293,0,215
1728463142375073000,1188,0,1269,261,0,252
1728463142375914000,988,0,1461,205,0,302
1728463142376772000,776,58,1600,151,5,320
1728463142377614000,558,203,1729,100,40,333
1728463142378456000,367,373,1754,64,77,329
1728463142379298000,184,585,1679,26,114,362
1728463142380140000,85,804,1571,1,154,220
1728463142380982000,0,1006,1432,0,185,207
1728463142381823000,0,1250,1259,0,218,185
1728463142382664000,0,1410,1045,1,250,167
1728463142383505000,74,1519,823,14,269,124
1728463142384347000,199,1610,602,52,271,89
1728463142385189000,378,1632,382,85,272,42
1728463142386031000,585,1605,209,133,257,10
1728463142386873000,802,1522,54,188,237,0
1728463142387715000,1012,1375,10,233,210,0
1728463142388556000,1210,1206,0,277,183,0
1728463142389397000,1370,1007,0,308,133,0
1728463142390233000,1576,770,133,338,68,9
1728463142391075000,1472,559,217,412,47,69
1728463142391917000,1536,362,469,383,17,113
1728463142392759000,1553,194,661,335,2,134
1728463142393601000,1453,50,881,320,0,186
1728463142394442000,1324,0,1104,293,0,234
1728463142395283000,1141,0,1314,240,0,270
1728463142396124000,936,0,1496,192,0,306
1728463142396966000,722,98,1635,134,14,335
1728463142397808000,510,234,1776,89,46,326
1728463142398650000,303,422,1708,56,82,397
1728463142399492000,149,635,1666,26,132,334
1728463142400333000,58,842,1543,0,157,229
1728463142401174000,0,1091,1392,2,197,201
1728463142402015000,0,1365,1198,25,250,162
1728463142402856000,0,1426,1000,0,261,169
1728463142403703000,89,1539,765,26,270,117
1728463142404545000,242,1616,535,47,276,71
1728463142405387000,430,1634,340,92,266,40
1728463142406228000,636,1592,162,149,262,2
1728463142407070000,850,1464,33,194,210,0
1728463142407911000,1074,1326,4,247,206,0
1728463142408752000,1244,1149,1,286,149,0
1728463142409593000,1416,938,0,322,128,0
1728463142410435000,1609,709,157,339,57,25
1728463142411277000,1644,498,267,373,18,64
1728463142412118000,1504,320,493,404,5,132
1728463142412960000,1544,149,704,334,2,153
1728463142413802000,1431,21,933,322,0,201
1728463142414643000,1286,1,1151,267,0,240
1728463142415484000,1095,0,1358,224,0,282
1728463142416325000,885,18,1528,176,0,312
1728463142417175000,661,130,1648,125,23,331
1728463142418016000,463,290,1714,81,64,330
1728463142418858000,276,475,1770,48,94,330
1728463142419700000,110,690,1681,10,137,344
1728463142420542000,0,887,1472,0,181,353
1728463142421383000,0,1095,1323,0,226,305
1728463142422224000,4,1319,1118,0,250,242
1728463142423065000,16,1457,947,1,269,154
1728463142423907000,122,1565,717,34,273,109
1728463142424749000,282,1625,501,64,266,64
1728463142425591000,481,1624,292,114,264,21
1728463142426433000,684,1575,132,162,251,0
1728463142427275000,911,1444,1,218,206,0
1728463142428116000,1108,1286,0,256,188,0
1728463142428957000,1287,1095,0,290,146,0
1728463142429798000,1436,884,30,312,104,0
1728463142430648000,1669,645,170,340,29,21
1728463142431490000,1671,461,322,340,17,65
1728463142432332000,1494,269,529,418,0,151
1728463142433174000,1520,117,752,327,0,165
1728463142434016000,1404,6,992,293,0,217
1728463142434857000,1243,0,1216,263,0,250
1728463142435698000,1052,0,1402,218,0,283
1728463142436539000,833,53,1562,165,4,320
1728463142437380000,599,157,1679,110,34,330
1728463142438222000,405,326,1788,70,68,337
1728463142439064000,234,533,1752,31,98,388
1728463142439906000,78,749,1633,10,143,345
1728463142440747000,37,990,1472,0,192,325
1728463142441588000,48,1188,1290,1,218,154
1728463142442429000,34,1349,1088,0,242,107
1728463142443270000,30,1487,890,5,258,146
1728463142444137000,165,1588,661,37,269,90
1728463142444979000,322,1640,444,74,271,58
1728463142445821000,526,1618,249,130,264,25
1728463142446662000,736,1541,87,170,256,0
1728463142447504000,951,1397,0,210,197,0
1728463142448345000,1156,1231,0,272,171,0
1728463142449186000,1331,1042,0,290,119,0
1728463142450027000,1468,832,64,320,90,0
1728463142450869000,1644,593,257,361,26,26
1728463142451711000,1500,394,334,405,26,90
1728463142452553000,1509,224,589,368,0,144
1728463142453395000,1501,85,817,320,0,174
1728463142454236000,1365,0,1053,296,0,213
1728463142455077000,1191,0,1257,251,0,262
1728463142455918000,985,0,1447,207,0,298
1728463142456759000,788,53,1592,157,14,320
1728463142457595000,559,193,1692,93,29,333
1728463142458437000,362,373,1786,58,74,328
1728463142459279000,181,572,1692,30,119,361
1728463142460121000,49,800,1569,0,157,341
1728463142460962000,30,1002,1418,0,192,170
1728463142461803000,41,1216,1248,0,222,156
1728463142462644000,5,1391,1034,4,244,130
1728463142463485000,54,1526,833,10,266,122
1728463142464327000,189,1600,616,46,272,82
1728463142465169000,375,1647,378,82,271,52
1728463142466011000,583,1608,209,128,252,13
1728463142466852000,794,1523,64,186,229,0
1728463142467694000,996,1377,0,229,196,0
1728463142468535000,1192,1210,0,269,173,0
1728463142469376000,1362,994,2,306,130,0
1728463142470217000,1573,775,75,327,64,13
1728463142471062000,1651,561,265,335,26,36
1728463142471904000,1657,345,413,362,0,77
1728463142472745000,1507,192,648,381,0,139
1728463142473587000,1463,53,881,320,0,192
1728463142474428000,1330,0,1094,289,0,234
1728463142475269000,1151,1,1311,252,0,281
1728463142476110000,946,0,1487,186,0,306
1728463142476951000,732,85,1628,138,17,324
1728463142477793000,509,233,1704,96,40,331
1728463142478635000,311,426,1731,50,84,330
1728463142479477000,150,622,1728,21,122,320
1728463142480319000,13,853,1627,0,157,393
1728463142481160000,0,1037,1329,0,181,350
1728463142482001000,0,1227,1138,0,245,285
1728463142482842000,1,1416,992,2,252,180
1728463142483683000,82,1545,774,15,269,120
1728463142484541000,244,1615,551,58,274,73
1728463142485383000,424,1636,332,93,274,39
1728463142486225000,635,1586,165,148,258,2
1728463142487067000,842,1487,29,196,234,0
1728463142487908000,1057,1333,0,244,202,0
1728463142488749000,1236,1146,4,282,164,0
1728463142489590000,1397,939,5,320,122,0
1728463142490432000,1545,685,92,338,75,13
1728463142491274000,1601,480,279,325,0,50
1728463142492116000,1706,314,526,361,0,90
1728463142492958000,1560,162,704,333,0,139
1728463142493799000,1440,33,938,313,0,200
1728463142494640000,1284,0,1149,276,0,242
1728463142495481000,1102,2,1351,227,0,285
1728463142496322000,896,9,1517,174,5,309
1728463142497164000,657,116,1649,141,5,325
1728463142498007000,452,276,1720,77,57,325
1728463142498849000,273,466,1719,43,97,333
1728463142499691000,114,686,1712,9,138,325
1728463142500533000,8,917,1612,0,206,296
1728463142501374000,0,1138,1432,0,201,245
1728463142502215000,0,1303,1216,0,215,290
1728463142503056000,1,1455,945,0,258,155
1728463142503897000,122,1565,718,27,276,106
1728463142504739000,277,1632,491,55,277,69
1728463142505581000,472,1626,294,106,265,25
1728463142506423000,686,1566,128,161,253,0
1728463142507265000,895,1456,11,218,226,0
1728463142508106000,1095,1297,0,242,196,0
1728463142508947000,1276,1105,2,287,154,0
1728463142509788000,1434,890,19,320,109,0
1728463142510630000,1520,541,129,320,146,5
1728463142511474000,1610,414,306,361,90,42
1728463142512316000,1587,238,517,330,0,101
1728463142513158000,1520,116,760,330,0,162
1728463142513999000,1402,1,975,302,0,208
1728463142514840000,1244,2,1199,258,0,257
1728463142515681000,1050,0,1392,213,0,286
1728463142516522000,847,38,1559,162,5,320
1728463142517363000,659,154,1672,166,17,329
1728463142518205000,389,320,1721,106,50,334
1728463142519047000,226,516,1708,26,104,324
1728463142519889000,79,745,1639,4,139,321
1728463142520731000,0,1001,1528,0,178,282
1728463142521572000,0,1162,1329,0,213,234
1728463142522413000,0,1335,1188,0,242,175
1728463142523254000,26,1485,901,10,261,144
1728463142524096000,161,1583,655,41,279,96
1728463142524953000,325,1642,442,73,281,64
1728463142525795000,527,1618,258,122,261,10
1728463142526636000,736,1545,100,173,250,0
1728463142527477000,954,1425,0,229,221,0
1728463142528318000,1148,1252,0,260,186,0
1728463142529159000,1321,1049,0,293,143,0
1728463142530000000,1472,841,42,322,105,8
1728463142530842000,1544,709,157,363,77,0
1728463142531684000,1625,463,354,340,78,46
1728463142532526000,1566,125,570,329,79,100
1728463142533367000,1494,85,810,322,0,175
1728463142534208000,1370,0,1036,299,0,224
1728463142535049000,1197,0,1244,253,0,267
1728463142535890000,996,0,1434,197,0,294
1728463142536731000,796,58,1593,149,15,322
1728463142537573000,685,185,1688,109,18,329
1728463142538420000,452,366,1738,64,64,329
1728463142539261000,197,565,1695,79,109,322
1728463142540103000,39,799,1614,31,157,320
1728463142540944000,0,1005,1492,10,197,269
1728463142541785000,0,1208,1278,0,221,214
1728463142542626000,0,1389,1061,0,234,197
1728463142543467000,50,1520,845,10,262,130
1728463142544309000,188,1600,608,45,274,84
1728463142545151000,369,1637,383,82,269,50
1728463142545993000,577,1605,213,133,258,5
1728463142546834000,778,1523,66,185,240,0
1728463142547676000,988,1370,0,229,216,0
1728463142548517000,1190,1200,1,273,177,0
1728463142549358000,1353,1001,0,311,138,0
1728463142550199000,1505,796,64,329,98,25
1728463142551041000,1624,589,202,333,42,0
1728463142551889000,1580,493,402,350,21,36
1728463142552730000,1575,265,633,365,4,106
1728463142553572000,1472,50,866,320,0,189
1728463142554413000,1330,5,1088,284,0,237
1728463142555254000,1153,5,1293,238,0,267
1728463142556095000,951,0,1481,186,0,305
1728463142556937000,730,86,1621,144,0,320
1728463142557779000,520,215,1703,98,26,320
1728463142558621000,401,400,1728,53,74,331
1728463142559463000,149,623,1687,57,117,329
1728463142560305000,4,842,1586,23,162,297
1728463142561146000,0,1045,1440,0,197,244
1728463142561987000,0,1241,1223,0,240,213
1728463142562828000,0,1407,988,0,258,168
1728463142563669000,85,1539,778,21,274,119
1728463142564511000,232,1617,558,46,266,78
1728463142565362000,418,1632,341,101,266,26
1728463142566204000,618,1596,170,153,257,0
1728463142567046000,840,1492,31,203,237,0
1728463142567887000,1045,1351,0,233,210,0
1728463142568728000,1228,1178,0,273,175,0
1728463142569569000,1380,961,0,301,116,0
1728463142570410000,1514,730,74,323,84,64
1728463142571252000,1645,538,226,341,39,0
1728463142572094000,1566,440,457,368,21,65
1728463142572936000,1545,210,692,340,0,133
1728463142573777000,1444,33,918,304,0,197
1728463142574618000,1288,4,1148,266,0,250
1728463142575459000,1103,0,1353,226,0,279
1728463142576300000,907,8,1524,185,0,306
1728463142577142000,675,121,1653,133,18,322
1728463142577984000,466,249,1724,87,38,329
1728463142578829000,369,453,1712,48,89,331
1728463142579671000,169,679,1656,16,121,320
1728463142580513000,0,879,1542,56,159,314
1728463142581354000,0,1100,1375,53,197,285
1728463142582195000,0,1292,1221,57,229,238
1728463142583036000,0,1437,964,15,261,158
1728463142583877000,121,1562,712,26,278,108
1728463142584719000,277,1633,497,53,269,74
1728463142585561000,467,1632,302,107,274,20
1728463142586403000,669,1572,129,162,254,0
1728463142587245000,880,1433,9,210,231,0
1728463142588086000,1090,1306,0,242,197,0
1728463142588927000,1280,1120,0,288,162,0
1728463142589768000,1424,917,16,306,122,6
1728463142590610000,1545,708,183,333,46,105
1728463142591452000,1592,458,253,341,57,122
1728463142592306000,1647,296,476,341,10,41
1728463142593148000,1524,125,753,329,0,162
1728463142593989000,1410,10,987,302,0,213
1728463142594830000,1250,7,1201,260,0,268
1728463142595671000,1054,0,1399,218,0,282
1728463142596512000,844,29,1557,169,0,313
1728463142597354000,626,198,1663,122,27,325
1728463142598196000,423,285,1721,77,106,330
1728463142599038000,240,490,1699,34,126,323
1728463142599879000,92,709,1637,9,123,299
1728463142600721000,106,927,1539,8,157,266
1728463142601562000,97,1124,1383,13,184,234
1728463142602403000,66,1313,1180,2,210,181
1728463142603244000,26,1477,901,5,265,146
1728463142604086000,154,1585,669,31,274,98
1728463142604928000,324,1630,448,74,274,46
1728463142605771000,519,1618,253,119,276,20
1728463142606613000,728,1544,90,179,241,0
1728463142607454000,944,1448,0,210,229,0
1728463142608295000,1120,1274,0,250,186,0
1728463142609136000,1314,1072,0,294,142,0
1728463142609977000,1472,847,43,306,98,0
1728463142610819000,1549,631,261,322,98,39
1728463142611661000,1577,429,261,343,5,154
1728463142612503000,1575,188,485,331,17,187
1728463142613344000,1504,90,800,320,0,175
1728463142614186000,1379,0,1034,298,0,226
1728463142615027000,1212,0,1250,256,0,261
1728463142615868000,1016,0,1442,206,0,296
1728463142616709000,785,64,1600,162,5,324
1728463142617551000,577,260,1679,110,39,320
1728463142618393000,378,407,1720,64,74,325
1728463142619244000,201,558,1700,27,127,324
1728463142620086000,58,770,1619,10,178,295
1728463142620927000,0,965,1491,0,122,271
1728463142621768000,0,1165,1290,0,170,229
1728463142622609000,2,1338,1069,0,207,180
1728463142623450000,58,1518,838,8,270,137
1728463142624292000,192,1607,622,45,270,89
1728463142625133000,362,1635,402,84,276,31
1728463142625975000,562,1601,218,137,265,17
1728463142626817000,778,1523,66,189,245,0
1728463142627659000,986,1388,0,215,202,0
1728463142628500000,1170,1218,0,247,170,0
1728463142629341000,1345,1009,0,298,122,0
1728463142630182000,1496,800,74,325,97,5
1728463142631023000,1554,570,201,323,56,37
1728463142631865000,1580,366,507,345,64,105
1728463142632715000,1543,207,543,327,0,226
1728463142633557000,1475,66,852,320,0,175
1728463142634398000,1336,2,1090,290,0,221
1728463142635239000,1157,0,1299,245,0,261
1728463142636080000,946,0,1475,194,0,298
1728463142636921000,738,82,1616,149,13,328
1728463142637763000,522,227,1691,92,43,320
1728463142638605000,334,474,1716,56,78,312
1728463142639447000,162,612,1684,22,166,310
1728463142640289000,40,816,1584,2,183,298
1728463142641131000,18,1028,1424,0,127,249
1728463142641972000,4,1206,1248,0,162,213
1728463142642813000,0,1376,1027,0,194,166
1728463142643655000,88,1544,788,22,270,121
1728463142644497000,225,1621,562,50,273,69
1728463142645339000,416,1636,354,96,282,33
1728463142646185000,616,1593,170,148,261,4
1728463142647027000,837,1497,42,192,235,0
1728463142647868000,1035,1344,9,224,197,0
1728463142648708000,1226,1164,0,270,160,0
1728463142649549000,1386,970,4,309,114,0
1728463142650391000,1503,730,109,325,87,18
1728463142651233000,1552,576,282,330,43,46
1728463142652075000,1586,320,565,328,29,107
1728463142652917000,1537,154,778,320,10,169
1728463142653758000,1447,37,913,313,0,195
1728463142654599000,1292,0,1130,274,0,232
1728463142655440000,1110,0,1344,232,0,273
1728463142656281000,896,4,1514,185,0,309
1728463142657122000,681,110,1645,142,20,327
1728463142657964000,474,266,1692,79,53,373
1728463142658806000,290,458,1705,50,85,313
1728463142659679000,122,725,1655,16,134,290
1728463142660521000,5,936,1550,5,174,285
1728463142661362000,16,1152,1373,21,206,226
1728463142662203000,5,1344,1173,0,282,192
1728463142663044000,5,1351,965,0,322,148
1728463142663886000,114,1566,721,26,264,107
1728463142664728000,266,1625,505,64,277,53
1728463142665570000,459,1629,296,107,269,29
1728463142666412000,672,1576,133,164,258,1
1728463142667254000,887,1472,16,199,226,0
1728463142668095000,1058,1315,0,249,192,0
1728463142668936000,1274,1120,0,290,146,0
1728463142669777000,1426,912,23,320,114,0
1728463142670619000,1495,693,151,373,73,34
1728463142671461000,1549,469,285,309,36,58
1728463142672303000,1561,340,538,308,0,109
1728463142673129000,1519,136,741,325,0,154
1728463142673970000,1410,28,979,306,0,207
1728463142674811000,1251,0,1195,270,0,248
1728463142675652000,1052,0,1394,224,0,289
1728463142676493000,847,23,1555,178,0,312
1728463142677334000,637,142,1664,119,34,330
1728463142678176000,431,312,1700,75,59,378
1728463142679018000,247,511,1701,37,103,313
1728463142679860000,100,759,1639,21,151,299
1728463142680702000,0,1003,1495,10,188,250
1728463142681543000,25,1208,1330,0,215,226
1728463142682384000,0,1207,1133,0,320,180
1728463142683225000,23,1474,901,1,266,144
1728463142684067000,141,1583,680,33,274,98
1728463142684909000,320,1625,452,76,284,53
1728463142685751000,510,1622,257,119,265,20
1728463142686597000,725,1556,100,167,244,0
1728463142687438000,933,1431,0,215,203,0
1728463142688279000,1109,1269,0,261,178,0
1728463142689120000,1297,1063,0,296,146,0
1728463142689961000,1464,855,49,331,116,7
1728463142690803000,1508,634,194,377,64,42
1728463142691645000,1560,436,348,299,26,96
1728463142692487000,1556,325,591,325,0,105
1728463142693329000,1498,98,810,330,0,178
1728463142694170000,1380,0,1023,298,0,215
1728463142695011000,1205,0,1241,255,0,258
1728463142695852000,1013,0,1420,210,0,293
1728463142696693000,797,53,1588,151,2,322
1728463142697534000,584,185,1719,114,26,391
1728463142698376000,377,354,1715,73,76,381
1728463142699218000,212,560,1679,25,122,311
1728463142700107000,64,836,1609,0,148,294
1728463142700948000,0,1072,1456,26,188,229
1728463142701789000,26,1259,1286,4,219,201
1728463142702630000,9,1437,1073,18,267,151
1728463142703471000,47,1514,851,14,274,141
1728463142704313000,192,1603,613,37,279,89
1728463142705155000,355,1633,402,73,266,46
1728463142705997000,562,1608,220,132,266,4
1728463142706838000,770,1530,74,183,246,0
1728463142707680000,985,1388,0,228,210,0
1728463142708521000,1185,1221,0,272,171,0
1728463142709361000,1358,1018,0,304,138,0
1728463142710202000,1484,797,75,323,93,14
1728463142711044000,1495,583,250,392,47,48
1728463142711886000,1554,382,404,288,21,71
1728463142712728000,1522,217,644,311,1,174
1728463142713540000,1476,66,846,320,0,178
1728463142714381000,1348,0,1076,286,0,232
1728463142715222000,1170,0,1298,240,0,274
1728463142716063000,960,0,1474,198,0,302
1728463142716904000,747,84,1616,145,9,321
1728463142717746000,525,228,1797,96,39,327
1728463142718588000,333,399,1709,64,81,397
1728463142719430000,174,612,1667,22,136,354
1728463142720272000,36,832,1582,4,153,277
1728463142721113000,2,1049,1419,0,186,202
1728463142721954000,0,1252,1226,2,225,149
1728463142722795000,0,1487,1023,9,256,124
1728463142723637000,75,1525,796,21,266,117
1728463142724479000,233,1610,576,46,279,77
1728463142725321000,412,1638,360,98,265,39
1728463142726163000,604,1596,184,138,258,0
1728463142727009000,832,1496,30,197,242,0
1728463142727850000,1039,1344,4,246,205,0
1728463142728691000,1230,1162,0,274,165,0
1728463142729532000,1402,969,0,306,139,0
1728463142730373000,1522,750,106,330,79,18
1728463142731215000,1636,520,242,418,23,64
1728463142732057000,1524,321,501,392,18,107
1728463142732899000,1510,162,645,281,0,148
1728463142733741000,1448,36,901,309,0,194
1728463142734582000,1309,0,1131,274,0,239
1728463142735423000,1116,0,1336,237,0,273
1728463142736264000,909,5,1511,180,0,302
1728463142737106000,685,114,1649,137,18,328
1728463142737948000,480,266,1782,87,57,345
1728463142738790000,296,458,1714,39,90,395
1728463142739632000,130,665,1652,16,121,338
1728463142740500000,10,890,1551,9,174,282
1728463142741341000,33,1113,1371,5,197,182
1728463142742182000,0,1258,1162,0,232,160
1728463142743023000,0,1565,927,0,272,132
1728463142743864000,114,1560,738,18,272,114
1728463142744706000,261,1621,520,64,261,64
1728463142745548000,451,1630,320,105,272,21
1728463142746389000,665,1575,133,158,253,2
1728463142747231000,881,1472,11,203,235,0
1728463142748072000,1091,1308,1,242,180,0
1728463142748913000,1276,1112,0,274,146,0
1728463142749754000,1423,913,21,320,103,0
1728463142750596000,1548,679,141,345,75,18
1728463142751438000,1641,474,286,407,26,69
1728463142752280000,1504,290,522,382,0,149
1728463142753122000,1461,114,752,357,0,146
1728463142753948000,1423,18,962,303,0,202
1728463142754789000,1254,2,1186,270,0,245
1728463142755630000,1064,0,1386,229,0,277
1728463142756471000,853,30,1559,171,0,320
1728463142757313000,642,137,1662,119,23,327
1728463142758155000,429,293,1716,71,66,331
1728463142758997000,257,505,1784,37,104,326
1728463142759839000,94,719,1638,13,138,348
1728463142760681000,0,926,1502,0,181,329
1728463142761522000,0,1140,1300,0,237,299
1728463142762363000,23,1336,1069,0,255,242
1728463142763204000,50,1462,872,1,269,149
1728463142764046000,158,1583,682,33,277,101
1728463142764888000,303,1637,466,74,274,52
1728463142765730000,506,1618,266,122,265,21
1728463142766572000,714,1546,93,164,251,0
1728463142767423000,929,1441,0,208,219,0
1728463142768264000,1139,1271,0,260,178,0
1728463142769105000,1308,1065,0,288,148,0
1728463142769946000,1460,864,50,322,98,0
1728463142770788000,1550,613,167,338,21,21
1728463142771630000,1730,404,394,362,0,66
1728463142772472000,1650,266,565,326,0,141
1728463142773314000,1486,101,796,361,0,164
1728463142774156000,1381,0,1028,298,0,210
1728463142774997000,1217,1,1244,257,0,251
1728463142775837000,1009,0,1431,207,0,284
1728463142776678000,799,42,1587,156,7,320
1728463142777520000,586,177,1684,112,34,334
1728463142778362000,366,343,1729,52,64,333
1728463142779204000,197,549,1697,26,105,320
1728463142780046000,64,767,1661,13,154,310
1728463142780905000,0,984,1558,0,231,297
1728463142781746000,0,1209,1351,0,237,226
1728463142782587000,0,1399,1137,0,249,181
1728463142783428000,48,1497,847,4,261,136
1728463142784270000,186,1600,629,43,277,83
1728463142785112000,348,1628,411,85,273,47
1728463142785954000,549,1600,231,129,261,16
1728463142786796000,766,1530,73,178,237,0
1728463142787638000,983,1357,0,218,210,0
1728463142788479000,1186,1224,0,260,174,0
1728463142789319000,1352,1026,0,293,132,0
1728463142790160000,1479,803,75,330,94,0
1728463142791002000,1573,523,216,362,93,29
1728463142791844000,1615,360,394,330,0,79
1728463142792686000,1695,186,658,346,0,133
1728463142793528000,1484,73,853,320,0,176
1728463142794368000,1344,0,1077,290,0,218
1728463142795209000,1165,0,1293,253,0,270
1728463142796050000,955,0,1476,201,0,299
1728463142796891000,749,66,1609,154,16,321
1728463142797733000,526,221,1699,122,41,350
1728463142798575000,338,397,1729,50,86,327
1728463142799417000,154,603,1693,26,120,320
1728463142800259000,37,809,1613,0,165,299
1728463142801100000,0,1009,1532,0,234,285
1728463142801941000,0,1210,1347,0,256,251
1728463142802782000,0,1396,1106,0,290,184
1728463142803624000,85,1532,794,13,277,115
1728463142804466000,209,1609,578,56,271,72
1728463142805308000,405,1638,357,94,279,40
1728463142806150000,609,1600,183,138,257,14
1728463142806991000,832,1506,46,192,228,0
1728463142807837000,1038,1359,0,237,206,0
1728463142808678000,1229,1177,0,277,162,0
1728463142809519000,1382,967,0,320,129,0
1728463142810360000,1509,727,77,320,96,13
1728463142811202000,1615,484,249,357,85,50
1728463142812044000,1593,320,461,334,0,89
1728463142812886000,1664,159,723,356,0,130
1728463142813728000,1454,37,899,320,0,194
1728463142814569000,1300,0,1120,279,0,237
1728463142815410000,1114,0,1332,229,0,277
1728463142816251000,914,8,1507,178,0,311
1728463142817093000,693,116,1637,133,10,325
1728463142817935000,460,257,1714,82,46,324
1728463142818777000,281,442,1715,44,89,331
1728463142819619000,126,665,1672,1,125,320
1728463142820461000,10,878,1625,0,162,290
1728463142821310000,0,1115,1456,0,235,250
1728463142822151000,0,1300,1259,0,237,199
1728463142822992000,0,1475,1032,0,261,250
1728463142823834000,109,1554,740,29,277,113
1728463142824675000,261,1621,529,50,269,66
1728463142825517000,448,1631,329,110,261,27
1728463142826359000,658,1580,151,157,258,1
1728463142827201000,866,1461,22,202,228,0
1728463142828042000,1089,1303,0,253,197,0
1728463142828883000,1268,1128,0,287,163,0
1728463142829724000,1424,921,18,312,117,0
1728463142830565000,1537,661,132,333,74,14
1728463142831407000,1600,429,288,360,87,47
1728463142832249000,1603,258,500,335,0,105
1728463142833091000,1664,105,756,342,0,157
1728463142833932000,1426,15,954,308,0,207
1728463142834778000,1261,0,1175,260,0,252
1728463142835619000,1070,0,1383,217,0,286
1728463142836460000,861,26,1536,170,0,308
1728463142837302000,642,144,1661,122,26,320
1728463142838144000,423,297,1720,122,65,334
1728463142838986000,239,500,1710,34,104,330
1728463142839828000,98,719,1648,6,136,312
1728463142840670000,0,935,1530,0,178,282
1728463142841511000,0,1116,1472,0,224,258
1728463142842352000,0,1306,1234,0,285,216
1728463142843193000,4,1454,1002,9,303,156
1728463142844035000,141,1582,690,36,270,101
1728463142844877000,313,1634,474,69,269,53
1728463142845719000,498,1626,279,121,266,27
1728463142846561000,713,1548,107,173,250,0
1728463142847403000,933,1433,0,210,229,0
1728463142848259000,1135,1276,0,258,185,0
1728463142849100000,1308,1077,0,301,144,0
1728463142849941000,1459,871,45,321,101,0
1728463142850783000,1552,609,173,337,95,14
1728463142851625000,1589,366,325,372,76,53
1728463142852467000,1593,214,545,325,0,109
1728463142853308000,1634,89,779,322,0,170
1728463142854150000,1391,0,1018,296,0,209
1728463142854991000,1217,0,1235,257,0,250
1728463142855832000,1015,1,1421,206,0,288
1728463142856673000,802,53,1579,164,9,320
1728463142857515000,597,165,1680,117,47,326
1728463142858357000,370,344,1728,87,64,339
1728463142859199000,197,554,1708,22,107,322
1728463142860041000,64,761,1622,9,154,306
1728463142860882000,0,984,1482,0,192,284
1728463142861722000,0,1169,1351,0,232,233
1728463142862563000,0,1337,1199,0,257,186
1728463142863404000,36,1505,927,0,264,139
1728463142864246000,167,1601,631,37,272,81
1728463142865088000,340,1629,415,82,273,42
1728463142865930000,549,1621,224,124,266,28
1728463142866771000,766,1529,74,170,249,0
1728463142867612000,974,1402,0,220,206,0
1728463142868453000,1170,1237,0,273,170,0
1728463142869294000,1343,1029,0,293,126,0
1728463142870135000,1479,826,74,329,98,1
1728463142870977000,1578,654,206,346,64,37
1728463142871819000,1588,305,378,337,98,69
1728463142872661000,1578,157,625,367,33,119
1728463142873503000,1487,64,850,332,0,178
1728463142874344000,1347,0,1083,290,0,221
1728463142875192000,1166,0,1290,253,0,268
1728463142876033000,962,0,1472,201,0,299
1728463142876874000,754,69,1611,151,16,322
1728463142877716000,540,207,1700,98,33,331
1728463142878558000,327,389,1724,103,73,330
1728463142879400000,162,594,1695,16,121,325
1728463142880242000,29,808,1587,2,158,298
1728463142881083000,0,1050,1444,0,189,277
1728463142881924000,0,1277,1276,0,232,221
1728463142882765000,0,1444,1042,0,261,162
1728463142883607000,93,1533,805,25,281,119
1728463142884449000,213,1615,581,49,274,81
1728463142885290000,394,1632,352,93,274,34
1728463142886132000,608,1594,181,139,267,2
1728463142886974000,832,1506,47,194,242,0
1728463142887816000,1034,1368,0,224,205,0
1728463142888673000,1231,1198,0,274,170,0
1728463142889514000,1386,992,2,305,128,0
1728463142890355000,1504,760,106,334,89,21
1728463142891197000,1566,640,237,382,77,16
1728463142892039000,1650,413,448,341,26,75
1728463142892880000,1532,112,680,333,53,127
1728463142893722000,1449,49,907,313,0,184
1728463142894563000,1300,0,1140,279,0,240
1728463142895404000,1128,0,1336,237,0,278
1728463142896245000,913,5,1514,188,0,314
1728463142897086000,709,112,1635,136,29,330
1728463142897928000,594,245,1716,84,31,335
1728463142898770000,357,434,1728,50,83,325
1728463142899612000,116,645,1679,58,130,321
1728463142900454000,2,874,1558,9,170,302
1728463142901295000,0,1071,1393,0,201,240
1728463142902137000,0,1272,1186,0,231,221
1728463142902978000,0,1440,992,0,244,182
1728463142903820000,101,1557,746,22,269,106
1728463142904662000,266,1618,522,65,279,69
1728463142905504000,448,1640,306,100,274,40
1728463142906346000,654,1577,153,149,250,0
1728463142907188000,864,1473,23,204,229,0
1728463142908029000,1077,1322,0,250,199,0
1728463142908870000,1265,1129,0,282,156,0
1728463142909711000,1424,924,20,320,121,0
1728463142910553000,1533,701,119,337,79,2
1728463142911395000,1586,481,264,338,37,1
1728463142912237000,1614,369,480,368,11,69
1728463142913079000,1562,119,697,322,64,128
1728463142913921000,1417,14,962,306,0,202
1728463142914762000,1269,0,1170,272,0,248
1728463142915605000,1080,0,1376,226,0,292
1728463142916446000,865,23,1530,170,1,313
1728463142917288000,661,138,1663,123,31,334
1728463142918130000,516,295,1719,82,43,327
1728463142918972000,296,490,1723,41,89,326
1728463142919814000,82,707,1642,47,138,312
1728463142920656000,0,921,1527,10,175,286
1728463142921497000,0,1130,1363,0,203,224
1728463142922338000,0,1315,1146,0,235,192
1728463142923179000,0,1476,906,0,255,153
1728463142924021000,136,1578,698,32,277,100
1728463142924863000,301,1632,469,69,277,64
1728463142925705000,500,1623,276,117,265,16
1728463142926547000,714,1559,117,165,253,0
1728463142927389000,914,1441,4,218,221,0
1728463142928230000,1115,1264,0,251,196,0
1728463142929076000,1299,1080,0,295,153,0
1728463142929917000,1442,850,10,320,111,8
1728463142930759000,1556,649,162,324,69,20
1728463142931601000,1608,443,322,341,25,5
1728463142932443000,1596,325,551,375,8,89
1728463142933285000,1528,9,764,311,73,148
1728463142934126000,1388,0,1000,294,0,222
1728463142934967000,1223,5,1231,260,0,266
1728463142935808000,1029,0,1422,207,0,293
1728463142936649000,823,52,1576,159,4,320
1728463142937491000,593,177,1685,119,30,332
1728463142938333000,501,325,1728,72,58,335
1728463142939175000,276,544,1693,25,105,330
1728463142940017000,53,766,1629,47,136,311
1728463142940858000,0,975,1498,29,186,269
1728463142941699000,0,1171,1346,32,222,239
1728463142942552000,0,1351,1116,0,245,167
1728463142943393000,21,1496,850,0,258,158
1728463142944235000,175,1602,638,34,271,96
1728463142945077000,351,1646,428,85,271,57
1728463142945919000,546,1615,234,134,269,9
1728463142946761000,756,1530,82,184,247,0
1728463142947603000,970,1407,0,217,218,0
1728463142948444000,1169,1231,0,253,171,0
1728463142949285000,1344,1032,0,299,138,0
1728463142950126000,1479,827,53,321,96,17
1728463142950968000,1579,596,180,345,71,64
1728463142951809000,1649,405,363,343,16,5
1728463142952651000,1547,333,578,350,10,85
1728463142953493000,1504,144,839,325,0,154
1728463142954334000,1357,0,1060,293,0,220
1728463142955175000,1180,0,1276,245,0,261
1728463142956068000,973,0,1461,201,0,293
1728463142956909000,757,73,1597,149,5,320
1728463142957750000,549,208,1698,104,40,335
1728463142958592000,352,376,1730,64,64,332
1728463142959434000,256,591,1688,26,107,322
1728463142960276000,81,808,1591,20,158,304
1728463142961117000,0,1021,1450,41,192,274
1728463142961958000,0,1191,1271,47,221,261
1728463142962799000,0,1381,1057,21,250,175
1728463142963641000,50,1523,804,0,264,125
1728463142964483000,210,1615,585,49,279,79
1728463142965325000,389,1635,372,93,279,42
1728463142966167000,589,1600,183,144,258,5
1728463142967009000,811,1504,47,185,232,0
1728463142967851000,1021,1367,0,232,202,0
1728463142968692000,1199,1197,0,260,153,0
1728463142969493000,1373,993,0,296,117,0
1728463142970335000,1490,765,98,330,90,18
1728463142971177000,1589,553,212,330,53,87
1728463142972019000,1619,337,413,349,0,21
1728463142972861000,1554,277,656,367,4,107
1728463142973703000,1456,82,898,314,0,192
1728463142974544000,1309,0,1127,285,0,232
1728463142975385000,1133,0,1336,239,0,274
1728463142976226000,922,0,1505,189,0,308
1728463142977067000,708,98,1632,146,18,330
1728463142977909000,505,248,1716,93,41,327
1728463142978751000,383,434,1722,49,74,336
1728463142979593000,186,636,1673,70,125,320
1728463142980435000,0,860,1567,17,162,293
1728463142981276000,0,1072,1435,28,194,265
1728463142982117000,0,1263,1233,25,224,204
1728463142982964000,0,1423,999,0,244,133
1728463142983806000,96,1556,753,23,273,121
1728463142984648000,254,1619,527,54,277,70
1728463142985490000,437,1628,320,98,261,29
1728463142986332000,657,1581,148,159,260,0
1728463142987174000,859,1477,41,198,233,0
1728463142988015000,1061,1324,0,250,196,0
1728463142988856000,1250,1140,0,290,162,0
1728463142989697000,1421,930,0,308,122,0
1728463142990539000,1529,717,114,326,77,20
1728463142991381000,1647,516,254,346,18,0
1728463142992223000,1556,424,474,360,23,50
1728463142993065000,1562,197,705,357,0,113
1728463142993907000,1431,23,950,309,0,199
1728463142994748000,1280,1,1166,266,0,250
1728463142995589000,1079,0,1381,218,0,285
1728463142996454000,874,21,1542,185,0,308
1728463142997296000,650,136,1665,123,23,325
1728463142998138000,444,276,1724,87,49,335
1728463142998980000,346,476,1707,40,92,323
1728463142999822000,149,704,1649,7,136,320
1728463143000663000,0,916,1533,26,165,282
1728463143001504000,0,1121,1355,64,207,276
1728463143002345000,0,1308,1166,40,234,250
1728463143003186000,0,1448,958,47,264,176
1728463143004028000,137,1573,687,26,277,100
1728463143004870000,304,1632,477,64,279,64
1728463143005712000,495,1624,278,117,260,18
1728463143006553000,701,1564,114,165,254,0
1728463143007395000,919,1441,0,213,228,0
1728463143008236000,1112,1283,0,249,192,0
1728463143009077000,1288,1098,0,285,159,0
1728463143009910000,1437,881,25,314,119,3
1728463143010752000,1551,653,164,343,66,26
1728463143011594000,1608,450,282,346,71,122
1728463143012436000,1632,269,517,330,0,43
1728463143013277000,1556,109,741,322,0,106
1728463143014118000,1381,0,996,293,0,207
1728463143014959000,1239,2,1220,257,0,265
1728463143015800000,1034,0,1426,210,0,301
1728463143016641000,817,41,1573,151,0,320
1728463143017483000,612,174,1683,114,23,330
1728463143018325000,394,320,1728,69,125,330
1728463143019167000,220,517,1702,34,138,322
1728463143020009000,75,740,1625,1,129,305
1728463143020851000,15,969,1497,0,169,277
1728463143021692000,85,1151,1376,8,185,218
1728463143022533000,77,1332,1149,2,217,174
1728463143023382000,117,1466,858,4,249,156
1728463143024224000,170,1594,639,37,281,90
1728463143025066000,345,1633,426,81,272,43
1728463143025908000,541,1621,244,130,266,11
1728463143026750000,747,1526,98,178,244,0
1728463143027592000,967,1404,0,221,221,0
1728463143028433000,1168,1237,0,258,186,0
1728463143029274000,1345,1039,0,290,144,0
1728463143030116000,1472,832,64,312,100,9
1728463143030958000,1564,607,201,348,64,32
1728463143031800000,1584,365,312,335,21,165
1728463143032642000,1587,220,535,331,29,184
1728463143033484000,1558,104,786,306,0,110
1728463143034325000,1363,0,1066,295,0,224
1728463143035166000,1180,0,1274,250,0,261
1728463143036007000,976,1,1459,200,0,298
1728463143036910000,762,70,1612,148,5,320
1728463143037752000,554,205,1696,106,39,336
1728463143038594000,359,370,1728,58,127,331
1728463143039436000,179,581,1693,23,94,314
1728463143040278000,71,797,1603,13,146,300
1728463143041119000,11,1017,1456,0,192,266
1728463143041960000,79,1216,1310,0,207,229
1728463143042801000,64,1387,1080,0,228,177
1728463143043642000,130,1521,815,64,253,135
1728463143044484000,205,1618,597,47,264,78
1728463143045326000,381,1632,382,104,269,41
1728463143046168000,595,1594,197,143,266,10
1728463143047010000,810,1512,45,188,245,0
1728463143047852000,1013,1376,2,234,202,0
1728463143048693000,1204,1200,0,269,170,0
1728463143049534000,1393,993,0,302,136,0
1728463143050322000,1492,770,97,335,90,10
1728463143051164000,1569,546,295,333,65,49
1728463143052006000,1594,386,482,334,9,187
1728463143052848000,1543,146,586,327,0,215
1728463143053690000,1502,50,864,320,0,124
1728463143054531000,1314,2,1114,281,0,233
1728463143055372000,1130,0,1327,245,0,277
1728463143056213000,928,0,1508,193,0,309
1728463143057054000,714,87,1628,141,18,330
1728463143057896000,501,249,1716,85,40,346
1728463143058738000,312,401,1719,50,138,320
1728463143059580000,149,626,1670,25,125,320
1728463143060422000,20,850,1566,0,157,296
1728463143061263000,0,1037,1421,0,168,261
1728463143062104000,0,1231,1208,0,185,218
1728463143062945000,72,1404,986,0,210,160
1728463143063790000,157,1544,758,25,264,103
1728463143064632000,238,1618,536,64,274,71
1728463143065474000,436,1634,325,97,274,37
1728463143066316000,648,1583,165,149,253,5
1728463143067157000,869,1486,23,205,228,0
1728463143067998000,1061,1337,0,242,201,0
1728463143068839000,1250,1145,0,269,167,0
1728463143069680000,1393,943,11,311,117,0
1728463143070522000,1520,719,122,322,84,18
1728463143071364000,1579,498,372,327,55,64
1728463143072206000,1577,320,586,327,46,125
1728463143073047000,1507,173,765,330,0,233
1728463143073889000,1418,20,943,313,0,202
1728463143074730000,1269,0,1172,279,0,240
1728463143075571000,1088,0,1376,226,0,281
1728463143076412000,874,21,1544,172,0,309
1728463143077265000,661,134,1661,122,21,341
1728463143078107000,457,295,1717,82,64,320
1728463143078949000,260,530,1724,45,99,320
1728463143079791000,114,676,1648,20,179,312
1728463143080632000,2,900,1542,0,186,290
1728463143081473000,2,1076,1363,0,141,226
1728463143082314000,0,1277,1161,0,188,198
1728463143083155000,0,1426,930,0,220,144
1728463143083997000,125,1569,707,29,269,104
1728463143084838000,289,1624,478,74,277,64
1728463143085680000,484,1624,286,105,265,26
1728463143086521000,695,1565,117,164,244,0
1728463143087363000,907,1447,4,212,222,0
1728463143088204000,1115,1282,2,254,197,0
1728463143089045000,1275,1090,2,277,145,0
1728463143089886000,1442,878,31,327,106,5
1728463143090735000,1556,676,171,334,69,34
1728463143091577000,1577,481,334,330,25,58
1728463143092419000,1592,280,635,339,42,129
1728463143093261000,1529,141,821,322,1,192
1728463143094103000,1396,5,1002,303,0,217
1728463143094944000,1231,0,1226,261,0,256
1728463143095785000,1038,0,1424,212,0,286
1728463143096626000,826,43,1576,164,0,320
1728463143097468000,606,162,1684,120,31,325
1728463143098310000,418,400,1714,74,82,324
1728463143099152000,228,576,1694,33,129,321
1728463143099994000,78,727,1632,11,181,297
1728463143100836000,0,946,1496,0,212,272
1728463143101677000,2,1123,1307,2,253,238
1728463143102518000,0,1306,1103,0,181,176
1728463143103359000,34,1453,864,1,210,117
1728463143104218000,167,1590,646,39,272,94
1728463143105060000,339,1635,432,77,273,46
1728463143105902000,530,1624,233,126,258,2
1728463143106744000,749,1547,87,178,250,0
1728463143107586000,970,1414,0,224,228,0
1728463143108427000,1157,1248,0,253,184,0
1728463143109268000,1319,1039,0,276,144,0
1728463143110109000,1461,832,58,296,93,10
1728463143110951000,1552,613,194,340,58,26
1728463143111793000,1576,377,474,334,37,84
1728463143112635000,1554,237,669,327,36,124
1728463143113477000,1487,69,714,320,0,264
1728463143114319000,1368,0,1056,292,0,217
1728463143115160000,1183,2,1280,245,0,257
1728463143116001000,981,0,1457,202,0,287
1728463143116842000,761,69,1607,153,10,324
1728463143117681000,562,202,1689,98,43,334
1728463143118523000,352,450,1720,64,70,322
1728463143119365000,188,650,1691,26,151,308
1728463143120207000,52,789,1600,4,192,298
1728463143121048000,0,1007,1459,0,205,273
1728463143121889000,0,1152,1257,11,269,210
1728463143122730000,9,1331,1034,4,298,174
1728463143123571000,69,1488,828,0,197,122
1728463143124413000,207,1611,599,45,277,74
1728463143125255000,373,1635,383,93,277,45
1728463143126097000,588,1614,201,137,266,18
1728463143126939000,808,1510,58,185,248,0
1728463143127780000,1013,1373,0,234,202,0
1728463143128621000,1199,1205,5,277,164,0
1728463143129462000,1364,989,2,302,129,0
1728463143130303000,1504,767,104,322,94,18
1728463143131149000,1584,558,235,342,50,53
1728463143131991000,1584,334,535,327,32,93
1728463143132833000,1557,177,750,329,23,149
1728463143133674000,1450,91,952,320,0,180
1728463143134515000,1319,0,1112,286,0,226
1728463143135356000,1136,0,1311,238,0,275
1728463143136197000,928,0,1496,188,0,305
1728463143137038000,715,85,1628,143,17,320
1728463143137880000,509,245,1712,89,37,324
1728463143138722000,320,437,1720,64,81,312
1728463143139564000,145,730,1675,23,130,306
1728463143140406000,29,899,1559,2,168,279
1728463143141247000,0,1099,1417,0,207,267
1728463143142088000,0,1194,1208,0,322,199
1728463143142929000,0,1324,981,0,322,144
1728463143143771000,109,1483,752,33,320,90
1728463143144646000,234,1621,548,56,274,64
1728463143145487000,432,1629,330,105,277,32
1728463143146329000,637,1592,153,146,260,10
1728463143147171000,861,1481,32,194,234,0
1728463143148012000,1061,1329,0,242,194,0
1728463143148853000,1240,1159,0,293,167,0
1728463143149694000,1370,940,13,313,112,0
1728463143150536000,1500,704,119,338,78,18
1728463143151378000,1561,503,272,314,37,53
1728463143152220000,1569,357,499,325,5,85
1728463143153061000,1521,129,804,306,8,148
1728463143153903000,1426,32,1022,299,0,203
1728463143154744000,1280,0,1165,271,0,240
1728463143155585000,1090,0,1355,229,0,282
1728463143156426000,880,11,1517,171,0,305
1728463143157268000,671,125,1645,121,25,329
1728463143158090000,453,281,1721,86,57,327
1728463143158932000,261,511,1713,42,97,314
1728463143159774000,114,737,1643,9,136,304
1728463143160615000,4,938,1537,0,196,290
1728463143161456000,0,1106,1362,0,277,234
1728463143162297000,0,1216,1161,0,293,186
1728463143163138000,0,1377,954,25,320,136
1728463143163980000,125,1544,718,30,288,101
1728463143164821000,284,1624,482,68,279,65
1728463143165663000,480,1632,285,106,263,34
1728463143166504000,699,1564,119,161,252,0
1728463143167346000,902,1455,8,210,226,0
1728463143168187000,1102,1289,2,264,188,0
1728463143169028000,1268,1074,0,290,144,0
1728463143169869000,1433,875,37,321,105,5
1728463143170711000,1540,682,158,338,69,42
1728463143171563000,1564,458,335,296,34,58
1728463143172405000,1544,298,549,314,2,125
1728463143173247000,1483,133,773,327,0,158
1728463143174089000,1402,0,1006,309,0,210
1728463143174930000,1239,2,1208,261,0,256
1728463143175771000,1040,2,1405,213,0,293
1728463143176612000,836,38,1567,161,5,320
1728463143177454000,613,161,1673,117,20,327
1728463143178296000,407,324,1717,82,66,358
1728463143179138000,233,523,1695,40,113,320
1728463143179980000,84,744,1620,2,145,303
1728463143180822000,0,1020,1496,0,175,264
1728463143181663000,0,1264,1297,22,239,189
1728463143182504000,0,1439,1095,22,261,159
1728463143183345000,64,1559,853,23,264,113
1728463143184186000,161,1581,655,37,281,93
1728463143185036000,334,1635,424,71,276,52
1728463143185878000,532,1618,245,125,258,11
1728463143186720000,746,1543,77,173,253,0
1728463143187562000,952,1422,0,226,224,0
1728463143188403000,1153,1263,9,263,176,0
1728463143189244000,1330,1031,2,298,133,0
1728463143190085000,1474,832,57,329,101,10
1728463143190927000,1564,616,202,335,64,40
1728463143191769000,1532,410,409,394,23,111
1728463143192611000,1522,229,599,285,0,118
1728463143193453000,1439,81,823,282,0,192
1728463143194294000,1360,0,1057,292,0,224
1728463143195135000,1193,0,1260,250,0,269
1728463143195976000,989,0,1455,196,0,293
1728463143196817000,786,64,1603,154,9,320
1728463143197659000,558,197,1693,109,37,325
1728463143198506000,360,373,1770,64,74,334
1728463143199348000,189,580,1685,25,117,395
1728463143200189000,58,797,1586,0,156,360
1728463143201030000,0,1005,1445,0,183,286
1728463143201871000,36,1225,1237,0,250,257
1728463143202712000,40,1397,1017,5,260,71
1728463143203554000,78,1501,799,10,267,79
1728463143204396000,200,1607,590,42,276,89
1728463143205238000,378,1636,383,84,272,48
1728463143206079000,583,1601,199,133,252,4
1728463143206921000,788,1519,64,185,238,0
1728463143207762000,1002,1376,0,241,213,0
1728463143208603000,1216,1200,0,273,171,0
1728463143209444000,1369,969,0,309,107,0
1728463143210286000,1499,781,79,327,96,9
1728463143211128000,1589,559,242,347,55,40
1728463143211974000,1656,357,407,416,4,90
1728463143212816000,1481,181,653,398,0,180
1728463143213657000,1407,64,913,359,0,202
1728463143214498000,1319,0,1096,276,0,234
1728463143215339000,1148,4,1311,234,0,276
1728463143216180000,941,0,1485,186,0,299
1728463143217022000,722,98,1628,141,15,321
1728463143217864000,506,235,1711,106,45,332
1728463143218706000,309,425,1797,43,87,334
1728463143219548000,153,642,1720,18,121,382
1728463143220390000,23,854,1562,1,166,330
1728463143221231000,0,1060,1411,0,207,280
1728463143222072000,0,1268,1181,0,240,261
1728463143222913000,23,1428,960,0,242,64
1728463143223754000,106,1541,737,14,261,38
1728463143224596000,242,1632,554,49,270,78
1728463143225447000,421,1631,343,100,269,25
1728463143226289000,637,1584,168,148,265,2
1728463143227131000,847,1481,29,203,233,0
1728463143227972000,1049,1340,0,237,203,0
1728463143228813000,1248,1136,0,277,162,0
1728463143229654000,1407,936,0,309,117,1
1728463143230496000,1527,718,122,330,47,9
1728463143231338000,1601,509,277,346,47,57
1728463143232180000,1672,293,506,354,0,100
1728463143233022000,1428,132,672,395,0,177
1728463143233864000,1362,16,942,356,0,245
1728463143234705000,1287,8,1152,274,0,245
1728463143235546000,1098,0,1358,229,0,274
1728463143236387000,893,16,1525,178,5,301
1728463143237228000,667,122,1655,136,20,330
1728463143238070000,466,285,1720,79,56,334
1728463143238920000,269,474,1715,34,87,333
1728463143239762000,112,699,1721,10,137,320
1728463143240604000,4,902,1583,0,178,299
1728463143241445000,0,1111,1397,4,210,298
1728463143242286000,0,1327,1217,0,226,292
1728463143243127000,15,1448,868,0,250,245
1728463143243969000,103,1561,661,22,274,160
1728463143244811000,286,1636,496,64,269,68
1728463143245653000,472,1613,299,109,272,25
1728463143246494000,690,1560,128,170,252,1
1728463143247336000,901,1455,2,203,229,0
1728463143248177000,1103,1298,4,244,186,0
1728463143249017000,1295,1103,0,287,148,0
1728463143249858000,1440,896,10,308,109,0
1728463143250700000,1540,674,151,342,79,23
1728463143251542000,1593,450,325,350,0,57
1728463143252394000,1712,261,548,354,0,101
1728463143253236000,1603,116,789,324,0,152
1728463143254078000,1461,8,993,304,0,204
1728463143254919000,1241,8,1207,262,0,256
1728463143255760000,1044,2,1410,212,0,282
1728463143256601000,832,34,1570,170,1,314
1728463143257443000,619,149,1672,129,34,329
1728463143258285000,417,325,1729,66,58,338
1728463143259127000,226,530,1712,32,110,325
1728463143259969000,77,734,1639,5,148,308
1728463143260810000,0,949,1552,0,192,278
1728463143261651000,0,1132,1416,0,224,241
1728463143262492000,0,1310,1219,0,271,202
1728463143263333000,34,1504,989,0,293,158
1728463143264175000,162,1591,661,29,261,108
1728463143265017000,326,1634,444,75,276,40
1728463143265858000,528,1619,253,125,272,16
1728463143266699000,736,1540,90,176,245,0
1728463143267541000,953,1420,0,211,222,0
1728463143268382000,1146,1256,2,256,178,0
1728463143269223000,1330,1060,0,293,124,0
1728463143270064000,1463,851,53,329,100,1
1728463143270906000,1565,629,186,343,68,27
1728463143271748000,1616,298,367,334,100,64
1728463143272590000,1594,178,576,357,39,122
1728463143273432000,1515,57,824,321,0,165
1728463143274273000,1368,1,1052,296,0,224
1728463143275114000,1187,0,1262,253,0,250
1728463143275955000,994,0,1445,202,0,296
1728463143276796000,776,64,1603,156,10,322
1728463143277638000,576,192,1690,103,40,333
1728463143278480000,352,365,1736,98,69,330
1728463143279337000,174,583,1702,18,114,324
1728463143280179000,45,778,1603,2,157,294
1728463143281020000,0,997,1460,0,194,271
1728463143281861000,0,1258,1299,0,224,230
1728463143282702000,0,1435,1084,0,247,169
1728463143283543000,49,1527,836,2,273,116
1728463143284385000,194,1615,602,39,274,79
1728463143285227000,362,1628,386,87,273,35
1728463143286069000,576,1605,199,133,265,5
1728463143286910000,789,1522,66,186,242,0
1728463143287751000,999,1383,2,230,202,0
1728463143288592000,1216,1216,0,266,173,0
1728463143289433000,1372,1011,0,292,128,0
1728463143290275000,1501,797,92,325,90,10
1728463143291117000,1578,576,234,349,69,37
1728463143291959000,1632,440,399,348,18,71
1728463143292821000,1545,103,644,333,68,119
1728463143293663000,1487,10,857,333,34,177
1728463143294504000,1328,4,1103,285,0,242
1728463143295345000,1141,0,1317,245,0,269
1728463143296186000,954,0,1489,194,0,302
1728463143297027000,730,82,1623,149,20,328
1728463143297869000,516,229,1709,87,41,335
1728463143298711000,383,413,1721,53,78,325
1728463143299553000,129,629,1684,56,122,320
1728463143300395000,10,843,1579,0,173,300
1728463143301236000,0,1048,1426,0,194,261
1728463143302077000,0,1248,1216,0,221,233
1728463143302918000,0,1424,993,0,237,178
1728463143303759000,64,1587,808,0,261,126
1728463143304601000,233,1632,556,57,278,74
1728463143305443000,427,1632,338,101,281,36
1728463143306271000,629,1588,167,148,250,6
1728463143307113000,850,1492,34,194,230,0
1728463143307955000,1044,1347,9,237,200,0
1728463143308796000,1229,1151,0,283,162,0
1728463143309637000,1397,960,0,308,125,5
1728463143310479000,1538,726,106,334,89,17
1728463143311321000,1592,513,256,344,37,37
1728463143312163000,1579,420,452,370,18,47
1728463143313005000,1554,202,693,335,37,111
1728463143313847000,1413,0,918,320,50,178
1728463143314688000,1291,0,1151,277,0,237
1728463143315529000,1111,0,1351,229,0,279
1728463143316370000,889,11,1521,182,0,308
1728463143317211000,677,125,1653,123,18,330
1728463143318053000,474,282,1724,82,58,332
1728463143318895000,353,466,1724,44,82,332
1728463143319740000,109,682,1660,64,137,320
1728463143320582000,0,900,1553,21,165,290
1728463143321423000,0,1106,1386,26,198,257
1728463143322264000,0,1305,1212,31,234,235
1728463143323105000,0,1461,999,33,260,151
1728463143323947000,82,1575,705,0,266,111
1728463143324789000,277,1629,497,65,284,64
1728463143325631000,469,1628,304,103,264,25
1728463143326473000,682,1570,132,161,250,0
1728463143327315000,887,1450,14,210,228,0
1728463143328156000,1091,1303,0,250,196,0
1728463143328997000,1273,1122,0,281,154,0
1728463143329838000,1426,894,23,320,112,0
1728463143330680000,1538,674,139,325,72,28
1728463143331522000,1605,473,306,343,34,41
1728463143332364000,1545,386,511,357,9,64
1728463143333217000,1541,200,736,353,0,129
1728463143334059000,1405,64,973,290,10,186
1728463143334900000,1250,0,1202,260,0,254
1728463143335741000,1052,0,1397,209,0,292
1728463143336582000,842,37,1562,172,0,314
1728463143337424000,621,158,1677,119,23,331
1728463143338266000,419,320,1728,78,68,338
1728463143339108000,306,516,1710,29,93,330
1728463143339950000,64,733,1642,66,133,306
1728463143340791000,0,953,1513,21,183,283
1728463143341632000,0,1156,1344,18,199,249
1728463143342473000,0,1331,1170,32,238,180
1728463143343314000,0,1479,890,0,261,129
1728463143344156000,138,1584,661,6,269,112
1728463143344998000,320,1634,453,74,272,47
1728463143345840000,520,1615,256,133,269,18
1728463143346684000,738,1544,94,175,250,0
1728463143347526000,948,1422,0,216,222,0
1728463143348367000,1143,1254,0,254,177,0
1728463143349208000,1329,1061,0,285,144,0
1728463143350049000,1473,844,42,320,105,2
1728463143350891000,1559,626,186,347,66,26
1728463143351733000,1606,420,345,345,34,20
1728463143352575000,1566,341,549,345,18,79
1728463143353417000,1529,181,784,348,0,165
1728463143354258000,1386,0,1030,292,32,213
1728463143355099000,1198,0,1262,250,0,256
1728463143355940000,994,0,1445,215,0,299
1728463143356781000,784,64,1596,154,8,322
1728463143357623000,578,194,1686,105,37,334
1728463143358465000,377,376,1729,64,69,335
1728463143359307000,266,565,1698,33,117,320
1728463143360164000,34,776,1612,57,149,299
1728463143361005000,0,992,1472,23,192,269
1728463143361846000,0,1191,1290,36,225,265
1728463143362687000,0,1388,1105,21,234,194
1728463143363528000,0,1512,878,53,253,121
1728463143364370000,186,1601,608,37,279,71
1728463143365212000,362,1640,396,89,274,42
1728463143366054000,570,1603,208,133,266,10
1728463143366895000,789,1525,72,181,246,0
1728463143367736000,995,1391,0,226,205,0
1728463143368577000,1183,1216,0,258,166,0
1728463143369418000,1358,1014,0,306,138,0
1728463143370259000,1479,802,82,320,93,8
1728463143371101000,1562,580,222,335,42,42
1728463143371943000,1610,377,368,336,47,125
1728463143372785000,1592,209,610,330,0,75
1728463143373672000,1429,175,845,342,2,139
1728463143374513000,1336,0,1098,287,0,220
1728463143375354000,1149,2,1308,244,0,277
1728463143376195000,942,0,1495,192,0,305
1728463143377036000,738,77,1630,146,18,325
1728463143377878000,525,233,1709,92,40,338
1728463143378720000,335,399,1728,55,94,323
1728463143379562000,171,608,1687,26,113,320
1728463143380404000,90,832,1577,4,157,293
1728463143381245000,22,1047,1424,0,192,260
1728463143382086000,64,1221,1253,0,210,213
1728463143382927000,85,1408,1024,0,234,177
1728463143383768000,0,1527,767,85,257,164
1728463143384610000,224,1612,559,53,265,72
1728463143385452000,417,1624,338,103,274,32
1728463143386294000,626,1587,170,144,263,8
1728463143387096000,842,1496,34,194,232,0
1728463143387937000,1051,1353,0,242,200,0
1728463143388778000,1235,1178,1,270,149,0
1728463143389619000,1404,965,5,309,122,0
1728463143390461000,1512,751,117,343,87,20
1728463143391303000,1592,523,272,344,57,56
1728463143392145000,1600,366,510,333,16,87
1728463143392987000,1539,162,618,330,0,229
1728463143393829000,1473,64,890,308,8,220
1728463143394670000,1284,2,1154,282,0,233
1728463143395511000,1103,0,1359,238,0,277
1728463143396352000,889,2,1529,178,0,308
1728463143397193000,681,122,1662,132,21,333
1728463143398035000,480,274,1720,84,52,346
1728463143398877000,282,434,1717,43,162,320
1728463143399719000,125,653,1661,18,136,312
1728463143400576000,9,877,1544,0,169,290
1728463143401417000,0,1094,1392,0,196,257
1728463143402258000,29,1253,1189,0,188,202
1728463143403099000,117,1431,988,9,224,139
1728463143403941000,197,1551,738,16,261,109
1728463143404783000,270,1621,500,65,274,64
1728463143405625000,466,1632,293,103,274,29
1728463143406467000,674,1567,138,153,250,0
1728463143407309000,888,1467,15,206,228,0
1728463143408150000,1090,1302,1,253,194,0
1728463143408991000,1256,1122,0,286,158,0
1728463143409832000,1424,906,23,312,103,4
1728463143410674000,1520,687,145,334,74,28
1728463143411516000,1601,475,322,349,45,64
1728463143412358000,1600,313,576,340,5,197
1728463143413199000,1520,109,687,331,10,242
1728463143414040000,1437,20,930,295,0,261
1728463143414881000,1252,0,1193,266,0,253
1728463143415722000,1056,0,1392,215,0,286
1728463143416563000,850,30,1568,162,0,320
1728463143417405000,632,156,1665,117,18,327
1728463143418247000,421,308,1727,78,64,334
1728463143419089000,244,497,1706,36,154,322
1728463143419931000,93,713,1639,11,168,309
1728463143420773000,0,934,1520,0,157,274
1728463143421614000,0,1143,1344,0,207,234
1728463143422455000,93,1320,1139,0,197,192
1728463143423296000,159,1475,960,21,247,138
1728463143424138000,235,1583,704,40,244,93
1728463143424979000,320,1636,453,77,274,58
1728463143425821000,517,1617,266,117,256,10
1728463143426662000,725,1551,102,174,250,0
1728463143427514000,944,1420,0,220,224,0
1728463143428355000,1144,1250,0,261,193,0
1728463143429196000,1303,1055,0,277,145,0
1728463143430037000,1460,853,37,306,107,10
1728463143430878000,1562,636,186,328,64,37
1728463143431720000,1597,429,360,346,37,66
1728463143432562000,1557,258,658,338,41,130
1728463143433404000,1506,106,858,320,2,170
1728463143434245000,1368,0,946,290,0,299
1728463143435086000,1208,0,1248,258,0,261
1728463143435927000,1007,0,1440,198,0,295
1728463143436768000,791,58,1587,156,0,309
1728463143437610000,579,197,1692,109,36,331
1728463143438452000,384,359,1731,68,81,338
1728463143439294000,202,642,1697,32,108,320
1728463143440136000,66,821,1612,2,207,293
1728463143440984000,0,993,1483,0,221,266
1728463143441825000,0,1223,1287,0,274,210
1728463143442666000,0,1282,1061,0,322,184
1728463143443508000,49,1428,833,23,321,125
1728463143444350000,186,1567,616,37,210,82
1728463143445192000,362,1635,405,79,274,45
1728463143446034000,560,1611,224,132,265,9
1728463143446876000,772,1520,71,184,242,0
1728463143447718000,994,1379,0,229,218,0
1728463143448559000,1194,1216,0,265,186,0
1728463143449400000,1316,997,0,301,123,0
1728463143450241000,1487,778,85,334,87,17
1728463143451083000,1573,576,225,335,43,43
1728463143451925000,1572,376,415,322,18,96
1728463143452767000,1547,206,631,327,0,114
1728463143453609000,1472,47,961,309,0,201
1728463143454453000,1333,0,1110,290,0,226
1728463143455294000,1163,0,1296,244,0,260
1728463143456135000,962,1,1482,193,0,298
1728463143456976000,737,87,1620,146,10,320
1728463143457818000,532,215,1706,106,45,330
1728463143458660000,335,407,1731,57,80,338
1728463143459502000,166,701,1678,29,125,302
1728463143460344000,32,862,1591,5,224,290
1728463143461185000,0,1025,1424,0,228,257
1728463143462026000,0,1156,1234,5,299,209
1728463143462867000,0,1333,1008,20,313,157
1728463143463709000,104,1486,770,11,207,106
1728463143464551000,258,1615,562,50,274,70
1728463143465393000,410,1628,352,93,270,33
1728463143466235000,624,1600,165,141,263,4
1728463143467077000,836,1496,36,188,233,0
1728463143467928000,1056,1354,0,238,207,0
1728463143468769000,1240,1170,2,282,173,0
1728463143469610000,1367,965,0,303,119,0
1728463143470452000,1490,756,126,321,85,17
1728463143471294000,1586,538,262,341,57,53
1728463143472136000,1586,331,504,320,23,104
1728463143472978000,1541,162,773,321,37,160
1728463143473819000,1441,73,975,313,0,189
1728463143474660000,1299,0,1140,279,0,245
1728463143475501000,1109,0,1353,233,0,271
1728463143476342000,897,10,1520,182,0,309
1728463143477183000,690,109,1646,125,17,327
1728463143478025000,471,272,1724,85,50,333
1728463143478867000,279,511,1724,64,96,314
1728463143479709000,129,705,1661,13,186,308
1728463143480551000,10,864,1543,0,224,290
1728463143481392000,0,1076,1388,0,224,244
1728463143482233000,0,1227,1179,12,285,192
1728463143483074000,13,1400,962,2,192,158
1728463143483916000,66,1519,733,23,221,103
1728463143484758000,272,1627,508,56,279,65
1728463143485600000,462,1632,300,98,266,34
1728463143486442000,671,1574,137,153,255,0
1728463143487284000,889,1459,16,204,240,0
1728463143488125000,1090,1310,0,253,197,0
1728463143488966000,1266,1111,0,282,149,0
1728463143489807000,1426,906,25,292,114,0
1728463143490649000,1518,676,132,320,64,37
1728463143491490000,1589,485,312,334,21,56
1728463143492332000,1567,257,625,335,18,104
1728463143493174000,1518,122,820,334,23,169
1728463143494016000,1408,21,1010,290,0,282
1728463143494863000,1257,0,1207,261,0,248
1728463143495704000,1066,2,1398,215,0,293
1728463143496545000,849,23,1558,168,0,300
1728463143497386000,637,146,1672,125,34,320
1728463143498228000,436,306,1724,85,65,341
1728463143499070000,248,584,1707,37,106,314
1728463143499912000,101,762,1642,14,165,302
1728463143500754000,0,917,1510,0,225,277
1728463143501595000,0,1129,1345,0,250,232
1728463143502436000,0,1245,1123,0,324,186
1728463143503277000,26,1415,900,29,314,138
1728463143504119000,188,1544,663,32,224,87
1728463143504961000,314,1633,452,68,272,56
1728463143505803000,516,1628,261,121,273,18
1728463143506644000,721,1552,101,170,256,0
1728463143507486000,933,1423,0,218,218,0
1728463143508346000,1138,1260,0,264,192,0
1728463143509186000,1269,1059,0,296,138,0
1728463143510027000,1430,847,47,320,106,5
1728463143510869000,1541,637,181,341,65,33
1728463143511711000,1600,431,351,329,37,69
1728463143512553000,1556,305,599,324,0,109
1728463143513395000,1487,100,810,322,0,170
1728463143514237000,1368,0,1131,282,21,235
1728463143515078000,1210,0,1242,260,0,257
1728463143515919000,1015,0,1428,207,0,290
1728463143516760000,796,56,1580,154,6,312
1728463143517602000,570,179,1695,109,29,325
1728463143518444000,382,356,1724,69,74,329
1728463143519286000,207,596,1696,30,109,305
1728463143520128000,64,837,1615,5,152,291
1728463143520969000,0,1023,1484,0,194,264
1728463143521812000,0,1216,1304,0,231,230
1728463143522653000,0,1376,1082,0,325,148
1728463143523494000,26,1406,832,20,335,116
1728463143524336000,201,1547,630,56,303,74
1728463143525178000,356,1644,414,85,276,46
1728463143526020000,561,1603,218,134,261,9
1728463143526861000,778,1524,69,179,253,0
1728463143527703000,983,1390,0,225,210,0
1728463143528544000,1183,1216,0,260,170,0
1728463143529385000,1358,1015,2,299,125,0
1728463143530226000,1468,801,77,324,75,13
1728463143531068000,1549,577,231,343,56,32
1728463143531910000,1603,376,394,330,37,87
1728463143532752000,1550,253,634,320,0,138
1728463143533594000,1475,66,838,302,0,165
1728463143534435000,1331,0,1171,277,0,225
1728463143535283000,1163,5,1290,245,0,266
1728463143536124000,954,0,1472,199,0,298
1728463143536965000,756,74,1610,149,21,320
1728463143537807000,534,224,1702,100,43,334
1728463143538649000,338,405,1732,53,71,329
1728463143539491000,162,608,1669,26,119,303
1728463143540333000,39,903,1581,9,169,283
1728463143541174000,0,1096,1432,0,206,258
1728463143542015000,0,1314,1234,0,234,200
1728463143542856000,20,1481,1015,4,242,154
1728463143543698000,66,1465,805,14,345,82
1728463143544540000,221,1579,570,64,312,64
1728463143545382000,405,1631,349,94,274,30
1728463143546223000,615,1602,175,141,274,9
1728463143547065000,826,1495,42,192,229,0
1728463143547906000,1034,1359,0,235,212,0
1728463143548754000,1220,1175,2,273,168,0
1728463143549595000,1386,960,1,310,123,0
1728463143550437000,1489,745,96,335,74,29
1728463143551279000,1565,522,263,346,58,53
1728463143552121000,1550,325,459,289,9,86
1728463143552963000,1500,160,657,277,0,157
1728463143553805000,1413,78,930,288,0,196
1728463143554646000,1284,0,1134,276,0,244
1728463143555487000,1117,0,1336,233,0,270
1728463143556328000,906,0,1513,186,0,309
1728463143557169000,682,106,1637,130,17,324
1728463143558011000,489,260,1714,90,50,330
1728463143558853000,290,461,1731,49,90,331
1728463143559695000,132,663,1649,18,133,309
1728463143560537000,13,877,1539,0,177,273
1728463143561378000,0,1109,1391,0,212,249
1728463143562224000,0,1393,1173,27,250,170
1728463143563065000,0,1559,944,10,269,122
1728463143563906000,135,1656,738,43,270,93
1728463143564748000,261,1626,527,64,274,71
1728463143565590000,457,1629,295,104,274,26
1728463143566432000,673,1577,138,149,258,2
1728463143567274000,884,1472,20,206,233,0
1728463143568115000,1075,1317,0,242,192,0
1728463143568956000,1274,1121,0,284,146,0
1728463143569796000,1420,901,20,320,105,0
1728463143570638000,1530,693,138,337,69,17
1728463143571480000,1604,493,304,340,52,64
1728463143572322000,1639,295,494,410,0,119
1728463143573164000,1450,122,770,388,0,183
1728463143574006000,1351,11,1009,359,0,186
1728463143574847000,1262,1,1192,269,0,254
1728463143575696000,1069,0,1388,224,0,277
1728463143576537000,863,32,1547,168,9,320
1728463143577378000,645,142,1672,121,21,326
1728463143578220000,440,305,1728,81,64,327
1728463143579062000,244,498,1760,41,106,328
1728463143579904000,96,725,1639,5,143,373
1728463143580745000,0,932,1500,0,180,334
1728463143581586000,0,1135,1338,0,209,258
1728463143582427000,0,1330,1080,0,262,242
1728463143583268000,77,1500,872,0,277,48
1728463143584110000,144,1566,642,26,274,32
1728463143584952000,305,1641,453,58,275,64
1728463143585794000,509,1624,266,114,266,22
1728463143586635000,719,1556,105,167,242,0
1728463143587477000,927,1438,0,213,225,0
1728463143588318000,1124,1274,5,261,185,0
1728463143589168000,1320,1078,0,297,149,0
1728463143590009000,1456,847,42,321,90,5
1728463143590851000,1552,629,186,335,55,26
1728463143591693000,1607,437,357,347,30,66
1728463143592535000,1562,238,549,414,0,157
1728463143593377000,1413,84,815,370,0,215
1728463143594218000,1312,0,1045,330,0,225
1728463143595059000,1216,5,1237,254,0,270
1728463143595900000,1018,0,1425,207,0,292
1728463143596741000,808,52,1586,165,2,321
1728463143597583000,589,180,1687,122,36,328
1728463143598425000,389,347,1731,73,72,335
1728463143599267000,202,553,1769,28,114,330
1728463143600109000,71,770,1666,10,151,307
1728463143600950000,0,983,1472,0,198,332
1728463143601791000,0,1188,1290,5,220,262
1728463143602639000,0,1351,1015,0,261,251
1728463143603480000,73,1513,805,10,276,181
1728463143604322000,224,1600,585,39,256,18
1728463143605164000,357,1635,410,82,271,45
1728463143606006000,549,1615,231,130,260,10
1728463143606847000,762,1525,78,192,237,0
1728463143607689000,981,1392,0,228,212,0
1728463143608530000,1177,1229,4,265,180,0
1728463143609371000,1350,1014,0,298,138,0
1728463143610212000,1495,804,70,322,94,5
1728463143611054000,1583,587,218,340,53,37
1728463143611896000,1600,392,404,354,21,79
1728463143612737000,1672,183,658,350,0,122
1728463143613579000,1552,64,818,337,0,193
1728463143614420000,1245,0,1052,351,0,273
1728463143615261000,1169,0,1286,245,0,260
1728463143616117000,970,0,1465,193,0,286
1728463143616958000,746,82,1615,154,10,320
1728463143617800000,535,215,1704,100,46,333
1728463143618642000,345,405,1719,52,84,334
1728463143619484000,165,621,1692,16,114,325
1728463143620326000,33,832,1653,4,164,290
1728463143621167000,0,1035,1491,0,197,267
1728463143622008000,0,1233,1289,1,229,224
1728463143622849000,0,1435,1092,0,276,178
1728463143623690000,70,1579,868,2,271,135
1728463143624531000,209,1616,532,39,279,154
1728463143625373000,410,1635,369,90,277,31
1728463143626215000,601,1596,192,144,257,13
1728463143627057000,824,1494,49,193,237,0
1728463143627898000,1025,1351,0,232,203,0
1728463143628739000,1224,1178,0,271,164,0
1728463143629583000,1380,983,0,308,129,0
1728463143630424000,1515,746,104,330,85,16
1728463143631266000,1592,537,253,341,53,45
1728463143632108000,1592,303,450,353,23,85
1728463143632950000,1566,114,674,341,0,125
1728463143633791000,1440,2,893,303,0,181
1728463143634632000,1439,0,1137,270,0,234
1728463143635473000,1130,0,1338,238,0,269
1728463143636314000,913,4,1504,181,0,302
1728463143637156000,690,111,1641,139,16,320
1728463143637998000,489,253,1715,93,50,330
1728463143638840000,301,450,1728,46,88,333
1728463143639682000,128,662,1672,5,125,314
1728463143640524000,10,874,1565,0,174,293
1728463143641365000,0,1088,1406,0,205,249
1728463143642206000,0,1285,1206,0,238,210
1728463143643049000,0,1448,960,0,267,149
1728463143643890000,124,1562,832,4,305,133
1728463143644732000,266,1634,561,56,269,64
1728463143645574000,450,1630,324,106,277,26
1728463143646416000,666,1570,146,167,261,0
1728463143647258000,874,1472,13,197,234,0
1728463143648099000,1077,1314,0,240,192,0
1728463143648940000,1267,1128,0,278,157,0
1728463143649781000,1433,919,10,316,114,0
1728463143650623000,1534,698,133,338,82,0
1728463143651465000,1592,482,289,353,43,57
1728463143652307000,1585,228,482,338,74,101
1728463143653149000,1553,97,722,333,18,162
1728463143653991000,1411,0,962,292,0,201
1728463143654832000,1258,0,1179,269,0,242
1728463143655673000,1075,0,1383,224,0,284
1728463143656529000,852,20,1550,177,2,312
1728463143657370000,645,145,1661,117,29,333
1728463143658212000,440,301,1724,70,54,335
1728463143659054000,247,509,1719,47,101,320
1728463143659896000,96,706,1649,8,148,311
1728463143660737000,0,926,1520,0,181,288
1728463143661578000,0,1134,1348,0,215,245
1728463143662419000,0,1377,1171,0,234,189
1728463143663260000,0,1505,927,0,261,136
1728463143664102000,114,1561,799,34,297,118
1728463143664944000,303,1628,469,71,283,53
1728463143665786000,497,1626,261,110,266,21
1728463143666627000,709,1556,116,161,244,0
1728463143667468000,927,1437,5,215,218,0
1728463143668309000,1128,1280,0,253,180,0
1728463143669150000,1309,1093,2,294,149,0
1728463143669994000,1464,873,34,312,113,0
1728463143670836000,1552,645,172,338,53,2
1728463143671678000,1592,446,353,353,37,69
1728463143672520000,1622,310,546,351,4,94
1728463143673362000,1508,10,784,322,58,154
1728463143674204000,1385,0,1013,320,25,209
1728463143675045000,1220,0,1244,264,0,257
1728463143675886000,1025,0,1433,213,0,295
1728463143676727000,808,42,1583,170,9,320
1728463143677569000,595,170,1693,109,32,331
1728463143678411000,398,350,1728,69,66,334
1728463143679253000,197,538,1711,86,105,328
1728463143680095000,53,753,1621,50,158,305
1728463143680936000,0,975,1480,0,193,277
1728463143681777000,0,1180,1308,0,217,239
1728463143682618000,0,1365,1079,0,244,171
1728463143683495000,5,1508,850,0,253,158
1728463143684337000,141,1614,642,17,272,94
1728463143685178000,359,1633,412,82,282,44
1728463143686020000,553,1611,213,130,268,11
1728463143686861000,766,1535,69,170,241,0
1728463143687703000,980,1405,0,225,207,0
1728463143688544000,1172,1239,0,264,181,0
1728463143689385000,1331,1035,0,289,136,0
1728463143690226000,1478,802,55,325,110,7
1728463143691068000,1573,594,205,333,66,33
1728463143691910000,1606,402,402,341,25,84
1728463143692752000,1583,309,609,373,10,85
1728463143693594000,1502,137,839,314,32,165
1728463143694435000,1336,0,1066,287,65,215
1728463143695276000,1165,0,1285,253,0,266
1728463143696117000,970,0,1466,199,0,301
1728463143696936000,750,77,1615,141,8,327
1728463143697778000,542,213,1697,98,34,327
1728463143698620000,343,397,1734,65,85,341
1728463143699462000,224,601,1688,64,127,328
1728463143700304000,18,811,1600,25,154,306
1728463143701145000,0,1029,1445,15,186,260
1728463143701986000,0,1229,1260,1,228,220
1728463143702827000,0,1390,1036,0,248,162
1728463143703668000,28,1521,779,0,265,133
1728463143704509000,202,1649,586,11,279,107
1728463143705351000,394,1640,372,88,266,42
1728463143706193000,602,1585,185,141,249,0
1728463143707035000,815,1503,52,192,237,0
1728463143707876000,1030,1363,0,237,207,0
1728463143708717000,1219,1170,0,279,169,0
1728463143709558000,1383,975,0,313,132,0
1728463143710408000,1492,753,84,325,78,13
1728463143711250000,1583,546,232,338,49,53
1728463143712092000,1610,346,450,346,22,84
1728463143712934000,1532,282,661,367,9,109
1728463143713776000,1492,114,888,320,0,162
1728463143714617000,1328,0,1117,265,65,215
1728463143715458000,1125,0,1333,233,0,277
1728463143716299000,919,1,1508,178,0,309
1728463143717141000,711,110,1643,136,10,323
1728463143717983000,489,261,1715,85,50,336
1728463143718825000,302,450,1724,49,91,330
1728463143719667000,197,650,1671,11,118,320
1728463143720509000,0,869,1559,45,167,290
1728463143721350000,0,1091,1410,37,201,249
1728463143722191000,0,1278,1211,18,229,210
1728463143723032000,0,1430,1018,38,255,175
1728463143723881000,57,1547,733,0,267,85
1728463143724723000,226,1620,523,17,274,82
1728463143725565000,448,1636,323,111,274,26
1728463143726407000,649,1580,157,157,256,1
1728463143727249000,871,1472,11,207,232,0
1728463143728090000,1075,1333,0,244,203,0
1728463143728931000,1257,1132,0,279,160,0
1728463143729772000,1418,922,8,302,129,0
1728463143730614000,1529,714,130,338,69,21
1728463143731456000,1572,490,293,335,47,52
1728463143732298000,1588,296,481,338,15,58
1728463143733140000,1553,133,676,327,0,98
1728463143733981000,1403,130,934,312,0,164
1728463143734822000,1258,101,1168,266,0,228
1728463143735663000,1077,0,1376,229,0,282
1728463143736504000,872,26,1548,169,0,309
1728463143737404000,645,132,1661,128,26,331
1728463143738246000,448,303,1721,84,64,345
1728463143739088000,261,498,1729,34,93,333
1728463143739929000,151,700,1656,16,114,306
1728463143740771000,90,922,1534,0,170,277
1728463143741612000,42,1122,1370,0,206,248
1728463143742453000,37,1308,1160,0,226,210
1728463143743294000,0,1472,898,73,239,181
1728463143744136000,69,1569,733,68,258,117
1728463143744978000,265,1605,485,95,261,53
1728463143745819000,494,1624,277,116,267,11
1728463143746661000,704,1553,124,165,250,0
1728463143747503000,922,1443,0,213,226,0
1728463143748344000,1124,1272,0,253,186,0
1728463143749185000,1308,1080,0,285,151,0
1728463143750026000,1445,873,41,321,105,1
1728463143750818000,1557,654,166,335,73,18
1728463143751660000,1605,441,336,348,36,69
1728463143752502000,1593,269,498,338,25,165
1728463143753343000,1577,121,748,333,0,94
1728463143754185000,1385,71,983,313,0,160
1728463143755026000,1219,42,1221,263,0,250
1728463143755867000,1021,0,1427,213,0,295
1728463143756708000,816,39,1580,162,5,320
1728463143757550000,600,180,1690,111,34,340
1728463143758392000,404,346,1728,74,64,329
1728463143759234000,211,532,1707,34,102,327
1728463143760076000,143,749,1632,10,141,308
1728463143760917000,18,969,1487,0,185,277
1728463143761758000,20,1168,1305,0,213,231
1728463143762599000,0,1358,1070,64,239,215
1728463143763440000,0,1493,875,53,266,162
1728463143764305000,117,1586,642,33,273,78
1728463143765147000,345,1633,414,77,277,50
1728463143765989000,544,1614,238,125,260,10
1728463143766830000,763,1537,77,178,242,0
1728463143767672000,967,1407,0,224,217,0
1728463143768513000,1172,1234,0,266,186,0
1728463143769354000,1330,1042,0,304,145,0
1728463143770195000,1460,821,65,320,101,10
1728463143771037000,1557,604,213,334,64,40
1728463143771879000,1605,401,388,338,29,84
1728463143772721000,1641,250,576,322,0,36
1728463143773563000,1467,162,834,324,0,135
1728463143774404000,1345,77,1061,330,0,192
1728463143775245000,1176,0,1278,242,0,269
1728463143776086000,973,0,1472,193,0,303
1728463143776927000,758,73,1610,145,3,330
1728463143777823000,546,213,1700,101,39,329
1728463143778665000,346,388,1735,64,79,334
1728463143779507000,264,583,1687,31,109,324
1728463143780349000,101,806,1602,5,149,299
1728463143781190000,0,1023,1450,17,197,266
1728463143782031000,0,1223,1259,40,218,225
1728463143782872000,0,1370,1039,60,248,210
1728463143783714000,0,1504,839,64,258,138
1728463143784556000,168,1591,589,0,269,55
1728463143785398000,395,1632,373,82,269,41
1728463143786240000,597,1608,192,140,261,9
1728463143787082000,808,1506,53,193,238,0
1728463143787923000,1028,1362,0,238,215,0
1728463143788764000,1216,1186,0,276,168,0
1728463143789605000,1383,970,0,316,128,0
1728463143790446000,1505,767,93,320,100,14
1728463143791240000,1579,558,248,338,34,49
1728463143792082000,1597,350,430,356,21,79
1728463143792924000,1607,180,610,331,0,66
1728463143793766000,1474,45,858,305,0,136
1728463143794607000,1297,124,1105,290,0,197
1728463143795448000,1133,0,1335,232,0,276
1728463143796289000,927,2,1504,192,0,304
1728463143797131000,704,106,1637,137,18,327
1728463143797973000,506,245,1715,97,60,334
1728463143798815000,306,442,1720,54,97,338
1728463143799657000,146,638,1676,18,110,313
1728463143800498000,96,860,1570,0,157,282
1728463143801339000,23,1071,1405,0,197,264
1728463143802180000,25,1260,1205,0,233,210
1728463143803021000,0,1420,962,71,256,193
1728463143803863000,18,1554,786,68,258,151
1728463143804712000,197,1623,536,0,266,45
1728463143805554000,434,1637,322,101,269,21
1728463143806395000,645,1583,153,154,260,4
1728463143807237000,873,1483,12,200,239,0
1728463143808078000,1067,1324,0,245,193,0
1728463143808919000,1255,1130,0,282,157,0
1728463143809760000,1407,921,13,303,114,0
1728463143810602000,1520,715,126,328,85,15
1728463143811444000,1586,502,293,340,46,68
1728463143812285000,1573,286,482,343,21,106
1728463143813127000,1560,139,670,322,4,192
1728463143813968000,1441,21,932,314,0,132
1728463143814809000,1263,50,1153,266,0,194
1728463143815650000,1074,0,1376,226,0,277
1728463143816491000,868,22,1543,175,1,322
1728463143817333000,656,127,1660,128,27,331
1728463143818182000,448,296,1726,73,50,338
1728463143819024000,264,493,1728,38,92,325
1728463143819866000,197,698,1668,15,132,320
1728463143820708000,77,913,1538,0,172,290
1728463143821549000,6,1120,1357,0,203,244
1728463143822390000,25,1308,1159,5,239,210
1728463143823231000,0,1450,917,66,242,186
1728463143824073000,65,1571,730,74,261,114
1728463143824915000,245,1616,487,16,260,48
1728463143825757000,488,1633,282,107,266,26
1728463143826598000,706,1548,117,165,250,0
1728463143827440000,924,1443,0,213,218,0
1728463143828281000,1114,1287,0,261,189,0
1728463143829122000,1294,1088,0,293,149,0
1728463143829963000,1448,873,47,322,114,2
1728463143830805000,1541,659,162,343,71,34
1728463143831646000,1600,437,312,341,34,68
1728463143832488000,1600,261,525,342,2,139
1728463143833330000,1570,129,750,338,0,98
1728463143834172000,1370,122,1001,314,0,169
1728463143835013000,1231,69,1208,265,0,220
1728463143835854000,1030,4,1412,207,0,300
1728463143836695000,821,42,1569,161,8,320
1728463143837536000,609,170,1680,116,25,327
1728463143838378000,395,349,1728,75,65,326
1728463143839220000,224,538,1715,37,109,326
1728463143840062000,159,752,1632,5,138,312
1728463143840903000,45,965,1488,0,174,265
1728463143841744000,25,1178,1318,0,212,229
1728463143842585000,21,1349,1117,0,229,166
1728463143843426000,0,1478,853,85,249,167
1728463143844268000,79,1585,661,85,265,124
1728463143845119000,322,1632,431,57,266,53
1728463143845961000,547,1615,238,130,262,11
1728463143846802000,757,1543,87,178,254,0
1728463143847644000,960,1404,0,234,215,0
1728463143848485000,1162,1233,0,265,181,0
1728463143849326000,1337,1033,0,298,143,0
1728463143850167000,1472,818,55,311,106,10
1728463143851009000,1560,609,202,324,64,37
1728463143851851000,1591,405,372,343,37,74
1728463143852693000,1603,233,569,345,18,160
1728463143853535000,1524,79,796,314,0,126
1728463143854377000,1338,0,1023,276,0,181
1728463143855218000,1180,11,1276,244,0,272
1728463143856059000,985,0,1460,201,0,297
1728463143856900000,767,66,1610,146,16,320
1728463143857742000,544,198,1703,113,36,333
1728463143858598000,357,385,1729,58,82,341
1728463143859440000,184,586,1686,23,104,322
1728463143860282000,126,795,1604,4,146,290
1728463143861123000,34,1008,1455,0,196,265
1728463143861964000,34,1210,1269,0,215,226
1728463143862805000,64,1368,1061,0,229,178
1728463143863647000,0,1509,785,82,249,153
1728463143864489000,149,1610,634,96,254,98
1728463143865331000,386,1637,378,87,274,30
1728463143866173000,589,1600,196,141,266,4
1728463143867014000,809,1508,49,197,242,0
1728463143867855000,1016,1372,0,228,210,0
1728463143868696000,1209,1193,4,271,165,0
1728463143869537000,1370,1005,0,297,130,0
1728463143870378000,1500,778,98,324,77,18
1728463143871220000,1588,559,249,345,56,49
1728463143872108000,1604,356,434,347,21,89
1728463143872949000,1553,160,580,330,2,213
1728463143873791000,1486,69,852,320,2,237
1728463143874632000,1371,29,1077,287,0,162
1728463143875473000,1136,0,1331,237,0,260
1728463143876314000,925,0,1505,192,0,297
1728463143877156000,704,90,1640,141,18,325
1728463143877998000,506,247,1714,90,53,338
1728463143878840000,312,434,1740,56,81,330
1728463143879682000,154,632,1671,21,116,322
1728463143880524000,111,841,1560,2,161,293
1728463143881365000,23,1066,1405,0,193,256
1728463143882206000,42,1254,1204,0,232,210
1728463143883047000,90,1417,1029,0,238,173
1728463143883889000,21,1545,730,85,261,139
1728463143884731000,170,1640,563,101,264,113
1728463143885540000,440,1628,321,106,277,31
1728463143886382000,640,1584,149,146,256,1
1728463143887224000,860,1478,25,201,231,0
1728463143888065000,1067,1333,0,241,202,0
1728463143888906000,1250,1151,0,277,158,0
1728463143889747000,1387,953,11,304,117,0
1728463143890589000,1513,719,125,338,93,25
1728463143891431000,1580,514,290,341,46,64
1728463143892273000,1601,309,476,334,10,96
1728463143893115000,1593,171,676,314,0,56
1728463143893956000,1426,18,930,298,0,158
1728463143894797000,1249,101,1153,282,0,194
1728463143895638000,1088,0,1368,224,0,279
1728463143896479000,874,17,1547,173,0,320
1728463143897321000,658,125,1658,129,17,326
1728463143898163000,453,293,1731,84,53,335
1728463143899009000,264,485,1715,45,98,337
1728463143899851000,205,686,1658,11,130,314
1728463143900693000,58,904,1538,0,162,278
1728463143901534000,4,1117,1363,3,209,242
1728463143902375000,0,1304,1165,29,234,202
1728463143903216000,0,1446,930,78,245,188
1728463143904057000,56,1557,732,71,271,114
1728463143904899000,246,1603,473,9,261,42
1728463143905741000,490,1626,281,114,261,18
1728463143906582000,698,1567,118,171,246,0
1728463143907424000,916,1444,1,213,224,0
1728463143908265000,1110,1278,0,261,192,0
1728463143909106000,1297,1093,0,292,157,0
1728463143909947000,1456,877,31,309,114,0
1728463143910789000,1540,661,160,327,69,28
1728463143911631000,1589,453,320,348,34,64
1728463143912486000,1581,258,535,349,14,122
1728463143913328000,1574,129,724,331,0,96
1728463143914170000,1391,101,976,295,0,170
1728463143915011000,1245,34,1184,250,0,203
1728463143915852000,1035,0,1416,218,0,285
1728463143916693000,828,49,1573,170,9,320
1728463143917535000,599,162,1681,114,27,331
1728463143918377000,402,341,1721,69,66,333
1728463143919219000,233,541,1712,28,107,333
1728463143920061000,138,745,1632,8,149,302
1728463143920902000,64,961,1497,0,165,264
1728463143921743000,30,1157,1323,0,220,232
1728463143922584000,33,1347,1117,0,242,193
1728463143923425000,116,1511,875,0,253,146
1728463143924267000,66,1600,651,101,258,142
1728463143925109000,303,1640,440,111,277,42
1728463143925950000,530,1612,245,137,266,17
1728463143926791000,747,1535,93,180,250,0
1728463143927632000,962,1415,0,218,219,0
1728463143928473000,1157,1241,0,261,183,0
1728463143929314000,1332,1035,0,298,149,0
1728463143930155000,1466,833,64,313,94,10
1728463143930997000,1550,607,202,337,66,32
1728463143931839000,1593,402,383,335,37,79
1728463143932681000,1560,224,545,338,0,192
1728463143933522000,1472,69,777,312,4,245
1728463143934364000,1383,0,1012,281,0,270
1728463143935205000,1205,2,1257,247,0,237
1728463143936046000,970,0,1455,202,0,298
1728463143936887000,769,65,1615,151,10,322
1728463143937729000,558,197,1703,106,37,337
1728463143938571000,360,377,1728,58,77,343
1728463143939420000,186,586,1693,30,110,320
1728463143940262000,47,796,1604,5,161,297
1728463143941103000,0,997,1463,0,180,266
1728463143941944000,0,1200,1272,0,210,218
1728463143942785000,0,1347,1042,0,202,178
1728463143943627000,202,1501,850,26,238,133
1728463143944469000,290,1584,604,46,244,64
1728463143945311000,366,1631,382,93,260,42
1728463143946153000,591,1600,199,141,264,8
1728463143946995000,802,1510,57,186,242,0
1728463143947837000,1015,1370,0,226,204,0
1728463143948678000,1202,1189,0,267,164,0
1728463143949519000,1376,992,0,309,126,0
1728463143950360000,1491,778,89,325,81,0
1728463143951202000,1576,546,238,341,56,42
1728463143952044000,1600,357,430,343,33,93
1728463143952908000,1575,188,562,333,0,226
1728463143953750000,1474,57,824,308,10,244
1728463143954591000,1390,31,1074,282,0,158
1728463143955432000,1138,0,1320,242,0,266
1728463143956273000,933,0,1491,189,0,306
1728463143957115000,717,92,1633,138,18,329
1728463143957957000,514,245,1710,93,43,334
1728463143958799000,309,433,1728,52,85,330
1728463143959641000,146,616,1678,23,158,320
1728463143960483000,22,840,1567,4,146,293
1728463143961324000,0,1053,1409,0,186,260
1728463143962165000,26,1258,1216,0,213,210
1728463143963006000,71,1421,1049,17,217,149
1728463143963848000,170,1529,786,20,252,105
1728463143964690000,125,1600,522,118,269,107
1728463143965532000,430,1632,333,105,265,32
1728463143966368000,646,1587,165,150,253,0
1728463143967210000,851,1496,31,199,233,0
1728463143968051000,1047,1325,0,242,197,0
1728463143968892000,1258,1145,0,283,170,0
1728463143969733000,1386,952,11,314,114,0
1728463143970575000,1522,718,125,329,85,23
1728463143971417000,1571,516,293,334,41,52
1728463143972259000,1575,324,484,345,17,96
1728463143973101000,1545,146,649,338,21,205
1728463143973943000,1493,38,909,305,0,132
1728463143974784000,1298,0,1144,258,0,202
1728463143975625000,1088,0,1376,221,0,284
1728463143976466000,884,7,1545,178,0,308
1728463143977308000,661,130,1657,126,23,330
1728463143978150000,457,274,1721,87,54,330
1728463143978992000,282,480,1716,42,98,337
1728463143979836000,114,674,1653,18,116,309
1728463143980678000,58,901,1544,0,161,277
1728463143981519000,70,1102,1367,0,203,246
1728463143982360000,43,1301,1167,0,237,212
1728463143983201000,125,1429,985,5,235,148
1728463143984043000,193,1563,690,86,242,109
1728463143984885000,215,1623,497,125,256,105
1728463143985727000,480,1634,297,113,269,28
1728463143986569000,695,1560,116,167,252,0
1728463143987411000,909,1456,0,205,229,0
1728463143988252000,1120,1294,0,249,201,0
1728463143989093000,1287,1098,0,286,141,0
1728463143989934000,1422,896,34,320,103,0
1728463143990776000,1556,676,167,330,68,21
1728463143991618000,1600,459,334,345,37,66
1728463143992460000,1586,277,514,349,9,111
1728463143993721000,1514,93,693,314,0,229
1728463143994562000,1416,20,954,304,0,242
1728463143995403000,1268,2,1162,261,0,281
1728463143996244000,1037,0,1413,212,0,282
1728463143997085000,822,36,1570,167,2,320
1728463143997927000,612,160,1677,121,36,338
1728463143998769000,418,332,1730,68,73,341
1728463143999611000,226,533,1712,39,95,320
1728463144000452000,84,724,1630,10,185,298
1728463144001294000,0,937,1508,0,174,276
1728463144002135000,0,1148,1317,0,204,233
1728463144002976000,0,1331,1108,0,237,186
1728463144003817000,110,1456,887,8,250,139
1728463144004659000,257,1573,696,40,240,93
1728463144005501000,200,1640,418,141,266,79
1728463144006343000,530,1617,234,123,267,17
1728463144006780000,744,1547,85,170,248,0
1728463144007621000,960,1408,0,215,215,0
1728463144008462000,1163,1248,0,264,177,0
1728463144009303000,1335,1050,0,302,135,0
1728463144010144000,1456,842,64,320,96,0
1728463144010986000,1527,617,202,332,56,34
1728463144011828000,1589,416,373,338,41,89
1728463144012670000,1578,232,608,330,7,129
1728463144013511000,1498,69,740,309,0,254
1728463144014353000,1382,2,1011,293,0,283
1728463144015194000,1245,9,1253,253,0,192
1728463144016035000,990,0,1448,205,0,298
1728463144016876000,776,74,1600,146,10,333
1728463144017718000,568,198,1696,106,37,330
1728463144018560000,357,378,1728,58,70,327
1728463144019402000,186,583,1700,28,114,324
1728463144020268000,50,783,1611,0,141,301
1728463144021109000,0,1003,1466,0,176,274
1728463144021950000,0,1201,1272,0,210,218
1728463144022791000,56,1389,1069,0,226,162
1728463144023633000,142,1509,875,29,234,123
1728463144024475000,264,1582,589,110,250,85
1728463144025317000,320,1600,397,122,269,50
1728463144026159000,587,1607,204,144,260,11
1728463144027000000,798,1519,64,186,241,0
1728463144027842000,997,1369,1,233,206,0
1728463144028683000,1204,1194,0,289,174,0
1728463144029524000,1369,985,0,303,128,0
1728463144030365000,1500,785,94,322,93,14
1728463144031206000,1578,564,235,332,53,52
1728463144032048000,1604,364,425,344,29,90
1728463144032890000,1545,183,591,343,0,205
1728463144033728000,1461,42,805,327,8,239
1728463144034569000,1388,10,1042,274,4,173
1728463144035410000,1150,1,1302,231,0,251
1728463144036251000,935,1,1492,184,0,309
1728463144037092000,727,91,1627,137,11,320
1728463144037934000,506,239,1715,93,43,339
1728463144038776000,314,421,1725,65,79,333
1728463144039618000,157,641,1687,15,125,321
1728463144040460000,23,843,1574,0,157,290
1728463144041301000,0,1053,1423,1,184,251
1728463144042142000,0,1248,1227,0,234,213
1728463144042983000,78,1402,1006,0,218,162
1728463144043825000,201,1564,832,29,243,118
1728463144044667000,303,1612,551,98,260,74
1728463144045509000,427,1640,341,105,279,37
1728463144046351000,628,1580,165,153,261,0
1728463144047197000,860,1476,29,202,235,0
1728463144048038000,1056,1344,0,245,207,0
1728463144048878000,1240,1150,0,274,165,0
1728463144049719000,1400,933,6,298,130,0
1728463144050561000,1504,730,114,324,70,21
1728463144051403000,1573,517,285,335,42,46
1728463144052245000,1582,314,474,331,20,101
1728463144053087000,1532,141,612,322,0,239
1728463144053929000,1425,8,869,299,0,267
1728463144054770000,1285,0,1097,266,2,298
1728463144055611000,1102,5,1363,228,0,285
1728463144056452000,879,14,1532,176,0,301
1728463144057294000,666,114,1658,132,26,329
1728463144058136000,463,277,1712,84,57,340
1728463144058978000,273,477,1728,45,87,329
1728463144059820000,110,662,1658,18,164,304
1728463144060678000,0,889,1540,0,183,290
1728463144061519000,0,1088,1373,0,207,244
1728463144062360000,0,1280,1165,1,218,198
1728463144063201000,0,1400,926,0,210,143
1728463144064043000,226,1540,766,36,238,92
1728463144064885000,337,1620,466,138,253,65
1728463144065727000,467,1630,290,113,272,18
1728463144066568000,696,1564,121,167,264,0
1728463144067410000,898,1447,13,206,218,0
1728463144068251000,1113,1298,0,245,192,0
1728463144069092000,1293,1107,0,288,146,0
1728463144069933000,1434,886,21,301,94,0
1728463144070775000,1527,677,159,336,71,34
1728463144071617000,1596,470,325,344,52,71
1728463144072459000,1587,277,538,331,9,117
1728463144073301000,1532,104,674,322,0,244
1728463144074137000,1425,25,939,295,7,269
1728463144074978000,1258,18,1167,255,0,288
1728463144075819000,1037,0,1413,221,0,282
1728463144076660000,840,40,1562,162,18,320
1728463144077502000,616,157,1679,116,23,338
1728463144078344000,410,327,1730,74,64,328
1728463144079186000,234,525,1712,41,110,328
1728463144080028000,84,724,1628,4,133,313
1728463144080869000,0,942,1504,0,168,277
1728463144081710000,0,1144,1322,0,203,233
1728463144082551000,0,1340,1120,0,224,184
1728463144083392000,141,1486,952,22,231,122
1728463144084234000,226,1576,654,34,260,86
1728463144085076000,200,1634,414,133,271,97
1728463144085918000,530,1614,244,117,267,20
1728463144086760000,746,1554,87,174,253,0
1728463144087608000,949,1420,0,217,218,0
1728463144088449000,1143,1249,4,261,181,0
1728463144089290000,1333,1051,0,302,145,0
1728463144090131000,1444,861,52,306,93,17
1728463144090973000,1566,618,198,327,74,42
1728463144091815000,1599,426,386,346,28,70
1728463144092657000,1557,213,565,336,5,125
1728463144093499000,1501,93,770,314,5,224
1728463144094341000,1401,0,1020,279,0,158
1728463144095182000,1234,0,1229,228,0,212
1728463144096023000,1002,0,1457,202,0,295
1728463144096864000,773,64,1605,160,8,320
1728463144097706000,561,192,1703,107,40,335
1728463144098548000,368,374,1724,64,78,341
1728463144099390000,192,586,1702,34,109,330
1728463144100232000,58,778,1607,4,151,293
1728463144101084000,37,994,1466,0,180,269
1728463144101925000,41,1185,1273,0,218,224
1728463144102766000,52,1368,1058,0,250,179
1728463144103607000,130,1504,808,64,249,155
1728463144104449000,114,1592,612,100,249,116
1728463144105291000,332,1626,383,20,260,11
1728463144106133000,580,1601,202,143,263,10
1728463144106975000,792,1514,57,182,242,0
1728463144107817000,1006,1376,3,229,212,0
1728463144108658000,1199,1201,0,263,169,0
1728463144109499000,1369,994,0,305,125,0
1728463144110341000,1487,763,90,330,103,5
1728463144111183000,1566,565,237,341,64,46
1728463144112025000,1592,363,416,336,21,89
1728463144112867000,1576,192,628,325,0,154
1728463144113709000,1518,73,836,309,0,103
1728463144114557000,1359,0,1074,284,0,154
1728463144115398000,1149,39,1289,249,0,226
1728463144116239000,927,0,1492,194,0,305
1728463144117080000,721,82,1625,139,13,325
1728463144117922000,514,236,1706,93,37,338
1728463144118764000,320,435,1728,54,85,338
1728463144119606000,154,634,1694,23,135,322
1728463144120448000,117,832,1576,5,153,293
1728463144121289000,52,1052,1418,1,194,258
1728463144122130000,14,1252,1237,0,219,215
1728463144122971000,42,1420,1015,0,235,158
1728463144123813000,136,1535,759,90,261,130
1728463144124655000,157,1618,581,101,282,97
1728463144125497000,395,1635,338,68,272,34
1728463144126339000,634,1586,169,145,258,2
1728463144127180000,850,1490,37,197,229,0
1728463144128066000,1047,1344,0,240,201,0
1728463144128907000,1244,1165,0,277,164,0
1728463144129748000,1400,949,0,309,124,0
1728463144130589000,1508,712,114,334,85,20
1728463144131431000,1566,521,281,334,46,56
1728463144132273000,1593,322,471,330,14,102
1728463144133114000,1538,153,634,322,1,210
1728463144133956000,1476,33,883,289,0,240
1728463144134797000,1332,23,1113,265,0,153
1728463144135638000,1098,0,1353,231,0,276
1728463144136479000,894,9,1523,184,2,312
1728463144137321000,673,122,1656,122,18,335
1728463144138163000,461,283,1717,78,51,333
1728463144139005000,264,462,1725,41,85,322
1728463144139847000,117,681,1657,17,141,320
1728463144140688000,5,888,1549,0,154,289
1728463144141498000,0,1091,1383,0,192,250
1728463144142339000,10,1295,1186,0,226,206
1728463144143180000,117,1455,1005,13,218,146
1728463144144022000,202,1562,748,32,250,96
1728463144144864000,176,1618,507,122,266,106
1728463144145706000,471,1624,301,113,265,28
1728463144146547000,685,1569,139,164,255,0
1728463144147389000,898,1454,10,213,229,0
1728463144148230000,1101,1293,0,253,193,0
1728463144149071000,1283,1096,0,297,157,0
1728463144149912000,1442,894,20,304,105,0
1728463144150754000,1543,664,151,338,73,33
1728463144151596000,1596,471,325,343,27,57
1728463144152438000,1578,265,522,346,16,111
1728463144153280000,1511,106,690,338,11,201
1728463144154122000,1453,0,948,292,0,123
1728463144154977000,1266,0,1163,256,0,189
1728463144155818000,1054,2,1400,215,0,290
1728463144156659000,832,31,1572,164,0,308
1728463144157501000,618,151,1678,119,32,331
1728463144158343000,418,324,1719,69,66,336
1728463144159185000,232,523,1712,29,98,331
1728463144160027000,83,726,1646,20,129,303
1728463144160869000,53,939,1509,0,176,277
1728463144161710000,49,1144,1326,0,210,237
1728463144162551000,30,1340,1114,0,242,199
1728463144163392000,109,1477,871,1,257,153
1728463144164234000,69,1585,660,79,261,141
1728463144165076000,264,1643,458,109,272,25
1728463144165918000,524,1615,250,122,269,13
1728463144166760000,738,1550,84,169,251,0
1728463144167602000,948,1420,0,217,215,0
1728463144168450000,1157,1256,0,265,188,0
1728463144169291000,1319,1057,0,297,136,0
1728463144170132000,1461,857,64,324,103,0
1728463144170974000,1553,624,197,334,70,34
1728463144171816000,1587,424,370,341,36,79
1728463144172658000,1578,234,591,325,5,125
1728463144173500000,1570,120,782,320,0,79
1728463144174342000,1353,0,1039,297,0,160
1728463144175183000,1191,0,1241,245,0,201
1728463144176024000,989,0,1455,207,0,293
1728463144176865000,786,57,1600,158,13,329
1728463144177707000,570,186,1704,104,34,333
1728463144178549000,381,381,1728,66,78,330
1728463144179391000,189,576,1706,37,117,329
1728463144180233000,146,767,1608,7,142,301
1728463144181074000,56,994,1458,0,184,271
1728463144181911000,48,1200,1282,0,215,241
1728463144182752000,9,1371,1068,0,233,178
1728463144183593000,138,1498,824,13,245,119
1728463144184435000,98,1589,607,107,261,128
1728463144185277000,321,1619,418,117,271,36
1728463144186119000,577,1610,210,133,258,13
1728463144186961000,794,1526,64,192,239,0
1728463144187802000,1000,1387,4,229,218,0
1728463144188643000,1187,1211,0,272,169,0
1728463144189484000,1363,1009,0,309,130,0
1728463144190325000,1486,794,92,320,90,0
1728463144191167000,1576,578,225,344,64,47
1728463144192009000,1607,383,424,345,23,96
1728463144192851000,1565,197,624,334,0,133
1728463144193692000,1509,79,821,314,4,244
1728463144194534000,1396,21,1066,292,0,137
1728463144195384000,1216,7,1281,235,0,194
1728463144196225000,946,0,1484,194,0,305
1728463144197066000,736,90,1632,137,13,335
1728463144197908000,529,233,1712,96,48,332
1728463144198750000,320,416,1734,58,81,334
1728463144199592000,157,633,1680,20,130,321
1728463144200434000,32,824,1586,0,142,297
1728463144201275000,56,1045,1424,0,178,258
1728463144202116000,58,1239,1225,0,229,209
1728463144202957000,29,1422,1010,0,261,174
1728463144203799000,148,1535,767,85,250,128
1728463144204641000,149,1612,568,90,266,84
1728463144205483000,375,1631,333,50,258,0
1728463144206325000,622,1602,170,144,257,5
1728463144207166000,832,1486,36,199,237,0
1728463144208007000,1049,1336,0,245,202,0
1728463144208862000,1233,1151,0,286,161,0
1728463144209703000,1396,949,0,306,122,0
1728463144210545000,1523,722,112,322,88,25
1728463144211387000,1571,539,279,338,53,64
1728463144212229000,1573,325,476,343,20,93
1728463144213070000,1554,165,666,329,2,169
1728463144213912000,1460,32,905,305,0,136
1728463144214753000,1269,0,1128,274,0,177
1728463144215594000,1099,93,1332,230,0,239
1728463144216435000,889,18,1525,178,0,313
1728463144217277000,672,114,1657,135,23,327
1728463144218119000,469,277,1713,83,57,335
1728463144218961000,284,474,1728,43,87,333
1728463144219803000,117,687,1663,14,137,308
1728463144220645000,67,890,1545,0,165,293
1728463144221486000,2,1103,1380,45,211,253
1728463144222329000,0,1293,1186,10,226,205
1728463144223170000,0,1434,960,33,249,165
1728463144224012000,69,1551,742,58,254,104
1728463144224854000,228,1620,497,23,269,93
1728463144225696000,462,1634,302,109,269,34
1728463144226537000,686,1570,128,159,265,0
1728463144227379000,895,1459,13,207,224,0
1728463144228220000,1094,1299,0,266,194,0
1728463144229061000,1278,1108,0,287,154,0
1728463144229902000,1426,900,25,314,109,0
1728463144230744000,1539,673,105,338,68,29
1728463144231586000,1600,464,282,343,50,64
1728463144232428000,1594,277,520,342,2,106
1728463144233270000,1514,235,734,335,0,112
1728463144234112000,1453,74,970,309,0,175
1728463144234953000,1287,42,1182,266,0,228
1728463144235798000,1053,18,1396,217,0,286
1728463144236639000,855,30,1559,162,4,313
1728463144237481000,627,157,1672,119,20,329
1728463144238323000,413,321,1729,72,64,335
1728463144239165000,242,517,1722,42,107,328
1728463144240007000,98,743,1639,8,137,321
1728463144240849000,0,944,1514,34,174,274
1728463144241690000,0,1148,1336,42,211,229
1728463144242531000,0,1337,1127,26,242,188
1728463144243372000,0,1481,933,49,253,144
1728463144244214000,96,1583,670,0,270,69
1728463144245056000,290,1642,442,37,278,81
1728463144245898000,525,1615,257,122,265,14
1728463144246739000,727,1551,100,176,245,0
1728463144247581000,942,1422,0,226,218,0
1728463144248422000,1138,1254,1,260,185,0
1728463144249319000,1316,1054,0,299,144,0
1728463144250160000,1454,843,37,314,113,8
1728463144251002000,1545,628,184,325,53,33
1728463144251844000,1583,418,352,338,23,69
1728463144252686000,1578,239,577,352,8,114
1728463144253528000,1524,82,777,320,0,116
1728463144254369000,1332,91,1005,303,0,177
1728463144255210000,1177,113,1224,264,0,225
1728463144256051000,997,0,1445,197,0,297
1728463144256892000,796,53,1593,159,10,314
1728463144257734000,576,193,1694,116,36,325
1728463144258576000,373,362,1728,66,74,337
1728463144259418000,196,576,1697,29,117,327
1728463144260259000,146,779,1612,1,143,302
1728463144261100000,50,990,1472,0,181,267
1728463144261941000,50,1187,1285,0,213,221
1728463144262742000,17,1372,1070,3,247,186
1728463144263583000,121,1499,816,85,248,154
1728463144264425000,117,1600,642,90,262,110
1728463144265267000,331,1622,402,36,266,32
1728463144266109000,579,1614,210,137,272,5
1728463144266951000,778,1522,71,186,241,0
1728463144267792000,992,1382,0,232,213,0
1728463144268633000,1188,1216,0,265,173,0
1728463144269474000,1357,1013,0,298,132,0
1728463144270316000,1494,789,82,320,94,18
1728463144271158000,1578,585,229,341,65,42
1728463144272000000,1592,369,415,349,23,85
1728463144272842000,1568,201,636,335,0,122
1728463144273683000,1473,52,834,314,0,122
1728463144274524000,1317,77,1074,298,0,170
1728463144275365000,1151,110,1282,269,0,207
1728463144276235000,960,1,1487,194,0,299
1728463144277076000,725,81,1629,149,11,325
1728463144277918000,526,231,1709,96,45,335
1728463144278760000,329,412,1728,49,79,335
1728463144279602000,155,631,1687,21,128,322
1728463144280444000,128,820,1586,11,162,296
1728463144281285000,38,1034,1425,0,194,258
1728463144282126000,31,1236,1225,0,224,213
1728463144282967000,20,1408,1010,4,254,170
1728463144283809000,0,1537,761,74,265,164
1728463144284651000,154,1625,581,86,269,84
1728463144285493000,361,1617,322,47,276,26
1728463144286335000,617,1585,164,149,261,4
1728463144287177000,838,1496,34,184,234,0
1728463144288018000,1043,1349,1,240,196,0
1728463144288859000,1244,1170,0,277,161,0
1728463144289696000,1398,968,1,306,116,0
1728463144290538000,1506,745,116,331,89,10
1728463144291380000,1578,526,270,339,57,55
1728463144292222000,1586,338,442,328,26,101
1728463144293064000,1553,165,700,332,0,146
1728463144293906000,1479,56,903,304,0,133
1728463144294747000,1262,4,1131,274,0,192
1728463144295588000,1081,97,1323,242,0,238
1728463144296429000,897,0,1521,185,0,308
1728463144297270000,680,114,1645,125,21,334
1728463144298112000,476,272,1731,86,42,333
1728463144298954000,277,466,1723,47,89,327
1728463144299796000,128,672,1666,21,144,322
1728463144300638000,100,877,1545,0,158,288
1728463144301479000,43,1090,1390,0,192,253
1728463144302320000,46,1288,1182,0,226,207
1728463144303162000,25,1443,973,0,242,149
1728463144304004000,164,1543,711,101,254,105
1728463144304846000,203,1600,533,116,265,87
1728463144305688000,426,1632,306,43,267,13
1728463144306530000,673,1569,133,162,244,0
1728463144307372000,888,1461,15,206,232,0
1728463144308213000,1088,1310,0,250,194,0
1728463144309054000,1273,1117,0,290,154,0
1728463144309895000,1430,895,25,320,113,0
1728463144310737000,1528,674,141,334,81,29
1728463144311579000,1592,476,314,345,33,55
1728463144312421000,1581,271,509,341,11,100
1728463144313263000,1525,120,709,330,0,184
1728463144314105000,1486,24,930,293,0,130
1728463144314946000,1282,0,1149,256,0,185
1728463144315787000,1059,0,1366,213,0,249
1728463144316638000,843,32,1556,171,0,320
1728463144317480000,634,148,1671,117,30,323
1728463144318322000,418,320,1726,74,64,341
1728463144319164000,242,521,1714,37,110,333
1728463144320006000,98,731,1648,8,138,313
1728463144320847000,66,939,1513,0,161,277
1728463144321688000,46,1146,1346,0,206,233
1728463144322529000,32,1322,1141,0,242,193
1728463144323370000,82,1481,905,1,245,154
1728463144324212000,42,1587,672,82,264,139
1728463144325054000,261,1640,466,9,260,26
1728463144325896000,506,1628,266,128,269,11
1728463144326737000,721,1549,110,169,249,0
1728463144327579000,936,1420,0,221,221,0
1728463144328420000,1138,1266,0,254,188,0
1728463144329261000,1315,1063,0,290,149,0
1728463144330102000,1458,843,42,320,90,1
1728463144330944000,1545,637,184,343,74,29
1728463144331786000,1578,423,365,341,37,74
1728463144332628000,1588,245,570,338,5,98
1728463144333470000,1515,81,777,312,0,100
1728463144334311000,1351,95,1013,314,0,170
1728463144335152000,1170,105,1240,282,0,221
1728463144335993000,1006,13,1438,212,0,287
1728463144336834000,787,53,1600,154,5,320
1728463144337676000,576,189,1687,101,34,333
1728463144338518000,381,362,1730,64,70,335
1728463144339360000,207,578,1704,30,125,325
1728463144340202000,78,778,1624,16,153,306
1728463144341043000,21,983,1475,0,181,269
1728463144341884000,0,1195,1284,37,224,234
1728463144342725000,0,1372,1081,14,238,187
1728463144343578000,0,1494,874,64,257,151
1728463144344420000,141,1593,609,0,266,96
1728463144345262000,329,1641,407,58,269,85
1728463144346104000,565,1610,222,133,267,14
1728463144346946000,781,1521,65,177,240,0
1728463144347787000,989,1391,0,228,215,0
1728463144348628000,1184,1216,0,270,176,0
1728463144349469000,1349,1012,0,301,132,0
1728463144350310000,1474,798,81,338,98,13
1728463144351152000,1565,577,181,327,46,37
1728463144351994000,1605,373,393,337,30,89
1728463144352836000,1567,202,626,334,0,130
1728463144353677000,1470,161,837,321,0,133
1728463144354518000,1330,100,1062,320,0,192
1728463144355359000,1178,87,1280,274,0,239
1728463144356200000,954,0,1478,193,0,303
1728463144357049000,746,79,1615,141,7,327
1728463144357891000,528,226,1704,98,42,327
1728463144358733000,328,404,1736,55,88,329
1728463144359575000,164,617,1682,30,132,324
1728463144360417000,82,832,1588,0,149,301
1728463144361258000,34,1041,1430,42,186,258
1728463144362099000,0,1239,1237,41,225,215
1728463144362940000,0,1413,1017,26,252,162
1728463144363781000,0,1535,816,64,269,139
1728463144364623000,169,1615,549,0,266,52
1728463144365465000,387,1664,352,72,265,42
1728463144366307000,614,1602,176,145,261,1
1728463144367149000,826,1504,39,199,235,0
1728463144367990000,1045,1345,0,240,210,0
1728463144368831000,1226,1170,0,279,165,0
1728463144369671000,1385,960,0,309,123,0
1728463144370521000,1511,747,112,321,85,21
1728463144371363000,1574,538,260,335,42,45
1728463144372205000,1576,346,457,344,18,103
1728463144373047000,1557,161,682,343,5,141
1728463144373889000,1422,156,900,320,0,157
1728463144374730000,1273,101,1121,285,0,197
1728463144375571000,1102,93,1330,260,0,240
1728463144376412000,898,5,1522,180,0,306
1728463144377253000,678,113,1655,138,20,338
1728463144378095000,488,270,1716,87,69,335
1728463144378937000,288,462,1726,45,92,338
1728463144379779000,121,674,1667,13,133,312
1728463144380621000,55,880,1551,4,165,293
1728463144381462000,33,1091,1386,0,205,258
1728463144382303000,0,1267,1181,27,233,203
1728463144383144000,0,1438,953,11,268,158
1728463144383991000,37,1552,752,64,255,140
1728463144384833000,235,1627,520,5,264,45
1728463144385675000,417,1632,306,74,260,64
1728463144386517000,666,1576,141,161,260,4
1728463144387358000,884,1466,9,199,232,0
1728463144388199000,1088,1312,0,246,188,0
1728463144389040000,1274,1121,0,284,142,0
1728463144389881000,1423,907,20,313,104,0
1728463144390723000,1532,698,157,338,79,17
1728463144391565000,1600,482,292,346,37,66
1728463144392407000,1601,295,511,331,21,113
1728463144393249000,1536,130,741,334,0,117
1728463144394090000,1392,129,951,325,0,138
1728463144394931000,1217,96,1179,289,0,193
1728463144395772000,1058,82,1372,249,0,248
1728463144396613000,855,26,1554,174,5,322
1728463144397461000,638,144,1674,118,26,338
1728463144398303000,428,311,1728,81,58,330
1728463144399145000,240,504,1726,42,106,327
1728463144399987000,92,725,1634,8,148,320
1728463144400828000,46,942,1520,49,170,290
1728463144401669000,0,1130,1344,40,205,240
1728463144402510000,0,1322,1128,38,240,189
1728463144403351000,0,1465,910,42,258,137
1728463144404193000,84,1567,682,0,267,73
1728463144405035000,286,1642,427,34,277,81
1728463144405877000,490,1649,264,98,258,26
1728463144406718000,728,1551,99,170,245,0
1728463144407560000,932,1429,0,214,220,0
1728463144408401000,1130,1262,0,266,186,0
1728463144409242000,1305,1062,0,297,145,0
1728463144410083000,1464,846,34,322,106,6
1728463144410941000,1541,645,149,328,64,42
1728463144411783000,1600,426,343,346,32,65
1728463144412625000,1590,250,559,343,10,112
1728463144413467000,1504,149,783,321,0,132
1728463144414309000,1408,93,1018,309,0,194
1728463144415150000,1248,78,1231,257,0,239
1728463144415991000,1010,43,1424,195,0,292
1728463144416832000,802,53,1589,160,0,315
1728463144417674000,576,181,1689,110,33,330
1728463144418516000,382,356,1728,66,75,338
1728463144419358000,202,578,1714,23,110,331
1728463144420200000,64,783,1617,3,148,303
1728463144421041000,0,994,1479,44,186,265
1728463144421882000,0,1188,1303,25,218,235
1728463144422723000,0,1363,1081,15,250,181
1728463144423564000,0,1506,874,43,258,145
1728463144424414000,130,1596,622,0,258,90
1728463144425256000,324,1670,436,58,256,53
1728463144426098000,558,1607,224,133,269,14
1728463144426940000,772,1521,69,181,240,0
1728463144427782000,985,1394,0,234,218,0
1728463144428623000,1183,1218,0,261,174,0
1728463144429464000,1344,1010,2,296,130,0
1728463144430305000,1487,803,71,330,89,10
1728463144431147000,1569,576,202,343,64,36
1728463144431989000,1602,378,402,343,28,69
1728463144432831000,1565,207,623,352,4,128
1728463144433673000,1487,133,846,349,0,137
1728463144434515000,1368,49,1066,280,0,202
1728463144435356000,1200,64,1288,258,0,249
1728463144436197000,960,0,1473,196,0,304
1728463144437038000,733,82,1620,146,9,325
1728463144437883000,530,224,1703,102,43,335
1728463144438725000,338,405,1734,57,81,328
1728463144439567000,165,626,1690,26,129,331
1728463144440409000,25,824,1591,37,162,301
1728463144441250000,0,1031,1436,47,205,261
1728463144442091000,0,1234,1238,32,229,224
1728463144442932000,0,1404,1032,7,249,178
1728463144443773000,40,1536,820,52,263,106
1728463144444615000,192,1635,554,14,274,112
1728463144445457000,397,1682,365,76,271,26
1728463144446299000,609,1592,167,144,257,5
1728463144447141000,832,1493,31,194,233,0
1728463144447982000,1037,1351,0,234,197,0
1728463144448823000,1229,1173,1,277,168,0
1728463144449664000,1386,972,0,309,126,0
1728463144450506000,1506,747,110,328,89,18
1728463144451353000,1578,522,238,330,64,47
1728463144452195000,1607,338,441,343,20,79
1728463144453037000,1558,168,683,327,0,132
1728463144453878000,1405,156,889,324,0,133
1728463144454719000,1268,101,1122,302,0,197
1728463144455560000,1116,74,1311,255,0,244
1728463144456401000,909,0,1509,186,1,306
1728463144457243000,690,109,1644,133,18,328
1728463144458085000,484,266,1714,84,42,333
1728463144458927000,277,449,1728,47,90,330
1728463144459769000,132,666,1662,13,138,311
1728463144460611000,77,878,1558,0,171,297
1728463144461452000,0,1084,1393,47,194,247
1728463144462293000,0,1276,1187,39,228,199
1728463144463134000,0,1446,971,26,257,154
1728463144463976000,26,1540,757,64,261,97
1728463144464825000,215,1619,487,16,274,79
1728463144465667000,442,1683,327,65,266,36
1728463144466509000,663,1577,145,157,244,0
1728463144467350000,869,1473,18,205,229,0
1728463144468191000,1080,1316,4,247,197,0
1728463144469032000,1269,1123,0,286,157,0
1728463144469873000,1421,901,10,314,113,0
1728463144470715000,1542,698,138,326,78,33
1728463144471557000,1601,490,308,352,32,56
1728463144472399000,1582,273,506,341,2,94
1728463144473240000,1535,128,736,338,0,156
1728463144474082000,1464,95,960,308,0,194
1728463144474923000,1278,2,1182,242,55,234
1728463144475764000,1047,0,1376,212,39,261
1728463144476605000,848,26,1557,177,0,308
1728463144477447000,631,139,1678,125,26,330
1728463144478298000,434,308,1720,77,69,335
1728463144479140000,250,504,1715,33,100,330
1728463144479982000,98,722,1650,13,154,306
1728463144480824000,0,927,1525,39,181,282
1728463144481665000,0,1128,1342,16,215,244
1728463144482506000,0,1327,1142,0,245,197
1728463144483347000,18,1476,905,0,257,149
1728463144484189000,119,1589,676,0,261,114
1728463144485031000,298,1671,463,64,277,20
1728463144485873000,495,1610,354,121,298,32
1728463144486715000,720,1561,96,162,253,0
1728463144487557000,932,1439,0,207,217,0
1728463144488398000,1135,1280,0,258,178,0
1728463144489239000,1318,1076,0,290,136,0
1728463144490080000,1456,865,50,320,114,0
1728463144490921000,1553,639,167,343,69,18
1728463144491766000,1607,448,357,343,37,64
1728463144492608000,1585,257,565,335,0,110
1728463144493450000,1511,111,794,325,0,128
1728463144494292000,1354,0,1016,303,50,199
1728463144495133000,1178,0,1231,265,37,241
1728463144495974000,1009,0,1429,229,37,286
1728463144496815000,804,52,1586,154,9,320
1728463144497657000,585,180,1685,104,32,335
1728463144498499000,378,352,1728,71,75,327
1728463144499341000,205,549,1709,33,122,322
1728463144500183000,64,769,1612,5,151,306
1728463144501024000,0,982,1490,10,184,277
1728463144501865000,0,1184,1304,9,224,229
1728463144502706000,0,1361,1078,0,242,181
1728463144503547000,28,1495,853,0,266,128
1728463144504389000,153,1635,642,13,282,111
1728463144505243000,345,1656,396,64,277,37
1728463144506085000,540,1603,302,117,271,20
1728463144506927000,767,1529,73,181,238,0
1728463144507768000,979,1403,0,228,218,0
1728463144508609000,1178,1223,0,266,175,0
1728463144509450000,1352,1022,0,305,146,0
1728463144510291000,1475,796,72,325,94,4
1728463144511133000,1574,591,202,330,66,43
1728463144511975000,1600,385,409,338,16,82
1728463144512817000,1570,222,617,343,8,136
1728463144513659000,1476,148,832,321,0,154
1728463144514500000,1384,40,1082,290,0,194
1728463144515341000,1206,42,1284,242,0,249
1728463144516182000,964,0,1472,192,21,298
1728463144517023000,746,72,1621,139,4,323
1728463144517865000,537,226,1701,98,47,331
1728463144518711000,335,404,1736,64,87,334
1728463144519553000,162,608,1690,30,119,323
1728463144520394000,39,825,1588,3,165,297
1728463144521235000,29,1036,1444,37,186,265
1728463144522076000,0,1231,1249,49,215,213
1728463144522917000,0,1403,1032,33,248,170
1728463144523758000,11,1534,827,64,264,106
1728463144524600000,184,1601,549,0,266,64
1728463144525442000,383,1660,370,75,277,47
1728463144526284000,605,1600,185,141,257,2
1728463144527126000,821,1503,42,188,234,0
1728463144527967000,1025,1361,0,239,207,0
1728463144528808000,1220,1173,0,277,171,0
1728463144529649000,1378,960,0,309,122,0
1728463144530491000,1508,745,90,330,90,13
1728463144531333000,1572,535,241,324,49,51
1728463144532191000,1594,341,437,345,18,64
1728463144533033000,1543,170,671,340,0,141
1728463144533875000,1439,127,881,340,14,159
1728463144534717000,1324,77,1113,293,0,215
1728463144535558000,1140,53,1327,214,23,258
1728463144536399000,911,2,1514,183,0,308
1728463144537240000,690,116,1642,132,11,322
1728463144538082000,486,253,1715,93,53,334
1728463144538924000,303,450,1715,43,101,333
1728463144539766000,130,672,1672,24,128,320
1728463144540608000,0,878,1568,42,165,285
1728463144541449000,0,1083,1402,36,205,255
1728463144542290000,0,1281,1196,16,234,217
1728463144543131000,0,1430,970,5,257,160
1728463144543972000,69,1553,741,0,266,87
1728463144544814000,207,1618,505,13,260,84
1728463144545657000,422,1684,341,82,261,18
1728463144546499000,653,1572,145,156,256,0
1728463144547340000,878,1482,11,201,235,0
1728463144548181000,1088,1314,0,244,202,0
1728463144549022000,1266,1126,2,281,151,0
1728463144549863000,1422,914,13,313,114,0
1728463144550705000,1533,698,122,335,79,18
1728463144551547000,1590,468,287,338,45,64
1728463144552389000,1591,297,505,345,2,92
1728463144553231000,1536,135,736,329,0,157
1728463144554073000,1421,100,960,346,0,165
1728463144554914000,1288,64,1170,303,0,213
1728463144555755000,1093,50,1376,210,0,250
1728463144556596000,852,16,1551,173,1,314
1728463144557437000,644,145,1666,126,26,341
1728463144558279000,442,302,1730,73,64,338
1728463144559125000,250,500,1713,42,101,322
1728463144559967000,97,707,1654,16,148,314
1728463144560809000,0,921,1528,46,178,287
1728463144561650000,0,1133,1346,39,210,247
1728463144562491000,0,1308,1132,23,241,192
1728463144563332000,5,1472,913,10,265,151
1728463144564174000,97,1573,682,0,260,66
1728463144565016000,282,1627,450,34,274,82
1728463144565858000,477,1668,287,94,263,8
1728463144566699000,711,1559,97,161,252,0
1728463144567541000,933,1434,0,217,221,0
1728463144568382000,1140,1276,0,253,188,0
1728463144569223000,1310,1088,0,296,137,0
1728463144570064000,1450,878,39,320,106,0
1728463144570906000,1547,648,159,331,67,30
1728463144571748000,1604,450,337,338,37,77
1728463144572600000,1592,255,549,333,9,114
1728463144573442000,1508,111,789,325,0,165
1728463144574283000,1359,121,1010,322,0,168
1728463144575124000,1198,97,1240,290,2,224
1728463144575965000,1041,82,1424,241,0,265
1728463144576806000,802,52,1581,151,5,325
1728463144577648000,593,176,1685,106,26,331
1728463144578490000,388,352,1730,70,71,335
1728463144579332000,210,550,1707,36,114,327
1728463144580174000,65,765,1623,5,157,304
1728463144581015000,0,974,1482,39,183,278
1728463144581856000,0,1185,1301,37,213,237
1728463144582697000,0,1359,1091,28,253,178
1728463144583538000,11,1496,862,26,261,137
1728463144584380000,130,1584,610,0,269,93
1728463144585222000,320,1680,434,54,273,68
1728463144586071000,541,1632,226,116,258,8
1728463144586913000,761,1535,72,176,245,0
1728463144587755000,975,1400,0,226,224,0
1728463144588596000,1169,1228,0,269,175,0
1728463144589437000,1348,1023,0,309,137,0
1728463144590278000,1482,818,69,325,98,7
1728463144591120000,1565,588,201,334,64,43
1728463144591962000,1603,395,402,343,30,57
1728463144592804000,1548,212,617,341,10,130
1728463144593646000,1485,96,837,334,0,164
1728463144594487000,1377,58,1053,300,0,202
1728463144595328000,1206,64,1285,252,0,235
1728463144596169000,975,0,1458,194,58,281
1728463144597010000,760,74,1614,149,4,320
1728463144597852000,545,212,1714,101,50,334
1728463144598694000,342,395,1728,64,83,334
1728463144599539000,173,605,1692,18,121,329
1728463144600380000,42,822,1600,1,164,297
1728463144601221000,0,1031,1443,45,192,262
1728463144602062000,0,1219,1254,33,233,221
1728463144602903000,0,1392,1031,21,250,174
1728463144603744000,52,1538,798,43,274,124
1728463144604586000,189,1621,569,2,272,104
1728463144605428000,375,1697,378,74,276,29
1728463144606270000,594,1600,226,144,266,2
1728463144607112000,832,1496,36,196,249,0
1728463144607953000,1027,1366,2,233,203,0
1728463144608794000,1216,1177,0,276,162,0
1728463144609635000,1384,971,0,300,124,0
1728463144610477000,1513,754,101,331,82,9
1728463144611319000,1570,546,244,333,53,56
1728463144612161000,1620,339,448,351,33,73
1728463144613010000,1536,181,666,336,0,133
1728463144613851000,1455,110,892,325,0,160
1728463144614692000,1337,72,1124,290,0,209
1728463144615533000,1149,55,1330,225,5,250
1728463144616374000,907,0,1511,181,17,296
1728463144617215000,700,98,1638,138,26,325
1728463144618057000,489,261,1719,88,50,338
1728463144618899000,295,453,1730,47,85,330
1728463144619741000,129,658,1671,20,133,320
1728463144620583000,16,882,1564,5,177,298
1728463144621424000,0,1081,1399,26,204,254
1728463144622265000,0,1273,1209,16,226,207
1728463144623106000,0,1432,980,21,251,162
1728463144623947000,56,1548,756,0,261,91
1728463144624789000,212,1631,504,14,269,98
1728463144625631000,436,1682,343,81,269,37
1728463144626479000,657,1577,145,150,264,2
1728463144627321000,869,1473,21,206,224,0
1728463144628162000,1079,1317,0,251,192,0
1728463144629003000,1268,1135,0,282,151,0
1728463144629844000,1415,925,23,320,116,0
1728463144630686000,1511,704,130,325,69,21
1728463144631528000,1590,487,277,338,50,64
1728463144632370000,1588,298,500,329,2,109
1728463144633212000,1546,138,720,343,0,151
1728463144634054000,1436,103,949,329,0,174
1728463144634895000,1252,79,1169,305,0,215
1728463144635736000,1103,50,1360,239,0,256
1728463144636577000,869,23,1535,165,2,314
1728463144637418000,645,138,1668,119,20,335
1728463144638260000,448,301,1723,79,64,328
1728463144639102000,247,500,1731,42,101,333
1728463144640234000,98,717,1649,8,141,320
1728463144641075000,66,914,1521,0,170,279
1728463144641916000,43,1128,1356,2,210,250
1728463144642757000,18,1316,1150,39,229,197
1728463144643598000,4,1464,922,40,253,138
1728463144644440000,50,1584,725,79,270,130
1728463144645282000,253,1625,469,23,266,42
1728463144646124000,471,1634,279,84,258,53
1728463144646966000,711,1557,107,169,245,0
1728463144647808000,919,1442,2,219,225,0
1728463144648649000,1116,1270,0,257,185,0
1728463144649490000,1296,1076,0,293,149,0
1728463144650331000,1451,865,33,322,106,2
1728463144651173000,1555,648,161,334,71,28
1728463144652015000,1589,441,332,347,33,64
1728463144652857000,1577,259,543,345,4,96
1728463144653426000,1508,98,779,335,0,168
1728463144654268000,1378,87,978,325,2,177
1728463144655109000,1237,79,1201,274,0,228
1728463144655950000,1050,65,1408,213,0,269
1728463144656791000,810,48,1578,162,0,312
1728463144657633000,591,170,1685,119,32,332
1728463144658475000,391,338,1733,72,72,336
1728463144659317000,212,553,1705,26,105,333
1728463144660159000,75,765,1625,7,149,309
1728463144661000000,0,978,1490,30,194,290
1728463144661841000,0,1170,1310,36,218,235
1728463144662682000,0,1351,1088,18,244,186
1728463144663523000,29,1500,865,0,264,137
1728463144664365000,141,1607,629,0,261,122
1728463144665207000,312,1671,409,56,274,23
1728463144666049000,522,1592,335,117,293,31
1728463144666899000,760,1538,69,183,245,0
1728463144667741000,975,1404,0,220,213,0
1728463144668582000,1173,1239,0,257,174,0
1728463144669423000,1344,1040,0,303,133,0
1728463144670264000,1480,818,73,326,101,0
1728463144671106000,1566,602,218,338,58,21
1728463144671948000,1604,392,392,349,21,78
1728463144672790000,1569,220,615,335,0,122
1728463144673632000,1495,77,841,322,0,167
1728463144674473000,1322,0,1076,286,45,209
1728463144675314000,1159,0,1287,250,50,246
1728463144676155000,975,0,1459,226,28,296
1728463144676997000,756,73,1615,153,13,325
1728463144677839000,543,210,1707,94,38,334
1728463144678681000,343,395,1728,57,82,334
1728463144679523000,181,591,1693,26,122,321
1728463144680381000,38,818,1596,5,164,303
1728463144681223000,0,1025,1448,0,193,274
1728463144682064000,0,1221,1258,0,218,218
1728463144682905000,0,1394,1045,0,253,167
1728463144683746000,58,1533,805,10,267,119
1728463144684588000,205,1644,579,40,276,64
1728463144685430000,389,1607,469,79,282,47
1728463144686272000,603,1616,250,137,274,10
1728463144687114000,809,1509,53,184,235,0
1728463144687955000,1018,1363,2,239,207,0
1728463144688796000,1211,1190,1,277,171,0
1728463144689637000,1369,976,1,306,125,0
1728463144690478000,1510,762,97,329,85,10
1728463144691320000,1587,545,245,341,46,30
1728463144692162000,1601,354,448,348,21,89
1728463144693004000,1545,173,661,334,0,144
1728463144693843000,1461,13,885,320,25,186
1728463144694684000,1319,0,1105,293,36,234
1728463144695525000,1145,0,1329,247,17,263
1728463144696366000,931,0,1506,195,0,298
1728463144697207000,701,107,1643,136,21,320
1728463144698049000,488,245,1712,90,50,336
1728463144698891000,303,440,1720,47,101,331
1728463144699733000,138,654,1669,20,122,320
1728463144700575000,11,876,1568,5,169,288
1728463144701416000,0,1075,1401,0,203,257
1728463144702257000,0,1265,1208,0,234,210
1728463144703098000,0,1429,973,0,253,164
1728463144703939000,64,1558,744,0,266,117
1728463144704781000,232,1676,543,30,273,64
1728463144705623000,421,1615,423,90,285,38
1728463144706465000,631,1578,180,133,258,1
1728463144707349000,868,1472,10,202,234,0
1728463144708190000,1070,1333,0,241,200,0
1728463144709031000,1258,1134,0,284,162,0
1728463144709872000,1421,929,8,306,129,0
1728463144710714000,1524,698,130,330,73,25
1728463144711556000,1589,498,290,335,37,21
1728463144712398000,1557,301,500,345,16,94
1728463144713240000,1533,149,711,329,0,149
1728463144714082000,1418,0,943,289,43,187
1728463144714923000,1248,0,1166,260,47,226
1728463144715764000,1046,0,1359,239,26,256
1728463144716606000,858,10,1545,173,0,311
1728463144717448000,651,130,1653,125,26,325
1728463144718290000,447,298,1724,74,58,335
1728463144719132000,269,498,1728,38,107,324
1728463144719974000,101,706,1660,20,138,312
1728463144720790000,0,921,1531,0,180,288
1728463144721631000,0,1127,1365,0,211,245
1728463144722472000,0,1314,1156,0,240,202
1728463144723313000,11,1465,926,0,258,153
1728463144724155000,132,1635,712,10,277,96
1728463144724997000,274,1600,588,66,288,58
1728463144725839000,487,1645,332,104,287,22
1728463144726681000,704,1554,113,160,246,0
1728463144727523000,919,1447,5,213,215,0
1728463144728364000,1120,1283,0,253,194,0
1728463144729205000,1292,1088,0,290,146,0
1728463144730046000,1442,865,42,325,106,0
1728463144730888000,1562,654,162,345,74,29
1728463144731730000,1600,448,335,342,30,57
1728463144732572000,1591,267,546,345,2,125
1728463144733413000,1520,87,777,320,0,158
1728463144734256000,1362,0,1012,313,26,194
1728463144735097000,1231,0,1215,292,25,234
1728463144735938000,1034,0,1392,204,0,279
1728463144736779000,814,46,1578,154,0,322
1728463144737621000,599,181,1681,116,25,335
1728463144738463000,395,335,1729,70,74,332
1728463144739305000,212,545,1706,40,114,326
1728463144740147000,74,762,1633,2,148,309
1728463144740989000,0,974,1490,0,182,270
1728463144741830000,0,1193,1312,0,224,238
1728463144742671000,0,1359,1103,0,240,184
1728463144743513000,38,1496,870,8,274,136
1728463144744355000,153,1582,746,27,306,96
1728463144745197000,325,1656,497,58,292,53
1728463144746039000,532,1611,154,119,257,69
1728463144746880000,756,1542,86,180,251,0
1728463144747734000,971,1400,0,226,224,0
1728463144748575000,1162,1234,0,262,178,0
1728463144749416000,1344,1032,0,302,145,0
1728463144750257000,1474,815,65,320,92,10
1728463144751099000,1564,602,201,341,50,18
1728463144751941000,1602,402,386,348,36,85
1728463144752783000,1569,202,597,345,10,130
1728463144753625000,1487,64,824,322,0,181
1728463144754466000,1357,0,1053,261,0,224
1728463144755307000,1194,0,1284,229,0,258
1728463144756148000,992,0,1464,192,0,293
1728463144756989000,759,79,1608,149,11,330
1728463144757831000,557,204,1696,104,47,335
1728463144758673000,348,386,1731,58,73,335
1728463144759515000,184,596,1695,26,114,320
1728463144760357000,42,810,1603,8,164,304
1728463144761196000,0,1023,1447,0,197,273
1728463144762037000,0,1209,1258,0,233,221
1728463144762878000,0,1395,1034,0,266,183
1728463144763720000,68,1530,811,5,262,133
1728463144764562000,206,1607,695,37,309,89
1728463144765404000,378,1649,425,87,266,68
1728463144766246000,580,1571,106,133,270,100
1728463144767088000,810,1507,43,184,242,0
1728463144767929000,1013,1368,0,226,202,0
1728463144768769000,1216,1192,2,272,165,0
1728463144769610000,1377,984,0,309,122,0
1728463144770451000,1501,767,105,325,89,11
1728463144771293000,1577,557,258,346,53,42
1728463144772135000,1604,354,429,343,18,84
1728463144772977000,1530,158,666,329,0,132
1728463144773819000,1454,30,893,327,0,174
1728463144774666000,1300,0,1112,302,26,213
1728463144775507000,1136,0,1330,258,26,258
1728463144776348000,924,0,1500,193,0,293
1728463144777189000,706,91,1640,144,21,322
1728463144778031000,498,246,1718,90,48,335
1728463144778873000,309,442,1728,55,89,330
1728463144779715000,136,645,1684,23,133,320
1728463144780557000,23,866,1564,0,177,298
1728463144781398000,0,1073,1401,0,210,258
1728463144782239000,0,1260,1210,0,234,210
1728463144783080000,0,1423,983,0,252,157
1728463144783922000,84,1559,749,13,276,106
1728463144784764000,226,1600,642,39,294,81
1728463144785606000,422,1664,377,85,298,35
1728463144786448000,629,1581,68,132,245,79
1728463144787290000,871,1479,25,194,234,0
1728463144788170000,1059,1330,0,250,196,0
1728463144789011000,1250,1145,0,273,157,0
1728463144789852000,1403,924,23,307,113,0
1728463144790694000,1521,704,123,337,79,23
1728463144791536000,1594,501,298,341,42,58
1728463144792378000,1598,282,480,329,14,98
1728463144793220000,1530,142,715,334,0,152
1728463144794061000,1434,0,954,309,0,210
1728463144794902000,1280,0,1178,263,0,242
1728463144795743000,1095,0,1364,210,0,277
1728463144796584000,872,4,1542,168,0,320
1728463144797425000,663,133,1664,125,26,327
1728463144798267000,441,287,1725,90,64,334
1728463144799109000,265,481,1728,45,104,330
1728463144799951000,106,704,1655,9,137,320
1728463144800793000,0,913,1533,0,171,279
1728463144801669000,0,1123,1359,0,224,240
1728463144802510000,0,1320,1157,0,240,202
1728463144803351000,2,1456,933,1,258,148
1728463144804193000,113,1575,735,17,277,90
1728463144805035000,293,1633,567,54,306,75
1728463144805877000,483,1624,180,105,237,104
1728463144806719000,704,1555,117,169,258,0
1728463144807561000,914,1438,0,215,225,0
1728463144808402000,1112,1284,0,250,192,0
1728463144809243000,1298,1088,0,289,149,0
1728463144810084000,1448,878,37,312,103,10
1728463144810926000,1550,650,167,335,64,25
1728463144811768000,1603,448,343,352,45,64
1728463144812610000,1581,229,546,353,11,113
1728463144813452000,1509,98,772,324,0,164
1728463144814294000,1415,0,985,287,0,194
1728463144815093000,1260,0,1216,258,0,249
1728463144815934000,1151,0,1457,229,0,271
1728463144816776000,834,40,1575,165,8,314
1728463144817617000,606,161,1673,122,36,329
1728463144818459000,402,343,1732,64,66,337
1728463144819301000,225,548,1712,38,103,325
1728463144820143000,73,750,1633,11,149,299
1728463144820984000,0,969,1493,0,194,279
1728463144821825000,0,1167,1314,0,224,237
1728463144822666000,0,1353,1098,0,253,189
1728463144823507000,36,1500,877,0,258,142
1728463144824349000,162,1601,746,30,309,109
1728463144825191000,330,1668,485,66,278,39
1728463144826033000,538,1587,154,121,287,104
1728463144826875000,754,1536,92,175,242,0
1728463144827717000,967,1408,0,224,212,0
1728463144828568000,1167,1242,4,264,176,0
1728463144829408000,1332,1034,0,295,132,0
1728463144830249000,1476,832,64,325,103,5
1728463144831091000,1551,599,193,346,66,23
1728463144831933000,1600,400,375,338,29,65
1728463144832775000,1560,205,599,344,0,114
1728463144833617000,1488,64,841,322,0,171
1728463144834458000,1356,0,1055,285,0,199
1728463144835299000,1175,0,1276,235,0,260
1728463144836140000,973,0,1451,193,0,302
1728463144836981000,766,71,1606,149,10,325
1728463144837823000,552,207,1699,94,34,335
1728463144838665000,352,386,1728,64,79,323
1728463144839507000,181,597,1695,27,121,333
1728463144840349000,48,807,1601,5,165,301
1728463144841190000,0,1019,1462,0,192,269
1728463144842034000,0,1219,1269,0,225,232
1728463144842875000,0,1388,1052,0,245,168
1728463144843716000,64,1530,817,15,273,121
1728463144844558000,207,1596,676,40,320,109
1728463144845400000,384,1648,422,79,261,128
1728463144846242000,594,1582,130,142,271,71
1728463144847084000,806,1516,57,186,240,0
1728463144847926000,1008,1368,10,234,210,0
1728463144848767000,1203,1187,0,276,174,0
1728463144849608000,1378,992,0,307,133,4
1728463144850449000,1504,762,87,322,94,13
1728463144851291000,1586,553,244,341,47,40
1728463144852133000,1596,335,431,342,23,85
1728463144852975000,1550,180,666,338,0,148
1728463144853817000,1466,52,871,313,0,197
1728463144854658000,1458,0,1138,286,0,233
1728463144855503000,1262,0,1352,240,0,271
1728463144856344000,1023,0,1544,197,0,292
1728463144857186000,716,98,1634,138,18,320
1728463144858028000,501,241,1712,94,52,334
1728463144858870000,311,440,1731,52,85,343
1728463144859712000,158,644,1678,23,133,320
1728463144860553000,17,857,1569,4,168,297
1728463144861394000,0,1063,1416,0,203,257
1728463144862235000,0,1255,1295,0,238,210
1728463144863076000,0,1429,1044,0,261,165
1728463144863917000,90,1558,794,13,266,123
1728463144864759000,242,1602,433,49,265,138
1728463144865601000,427,1630,258,92,292,82
1728463144866442000,690,1607,113,136,239,0
1728463144867284000,856,1482,28,194,235,0
1728463144868125000,1064,1336,0,235,197,0
1728463144868978000,1250,1155,0,273,154,0
1728463144869819000,1411,930,5,314,118,0
1728463144870661000,1523,719,128,334,82,18
1728463144871503000,1579,473,298,345,43,46
1728463144872345000,1586,302,491,346,15,88
1728463144873187000,1534,133,711,327,0,150
1728463144874029000,1452,14,960,309,0,195
1728463144874870000,1384,0,1214,282,0,235
1728463144875711000,1162,0,1423,233,0,282
1728463144876552000,945,0,1555,172,0,316
1728463144877394000,655,128,1663,128,26,329
1728463144878236000,458,290,1720,77,57,341
1728463144879078000,266,485,1722,42,101,324
1728463144879920000,112,691,1658,18,138,314
1728463144880762000,0,909,1529,0,181,287
1728463144881603000,0,1120,1438,0,215,253
1728463144882447000,0,1306,1231,0,241,207
1728463144883288000,25,1463,968,2,258,159
1728463144884129000,126,1575,741,21,282,98
1728463144884971000,279,1613,405,64,260,149
1728463144885813000,532,1637,232,114,289,73
1728463144886655000,733,1565,101,151,240,0
1728463144887497000,906,1456,5,208,229,0
1728463144888338000,1111,1290,0,253,193,0
1728463144889179000,1292,1099,0,289,153,0
1728463144890020000,1433,880,46,320,104,1
1728463144890862000,1544,654,158,346,74,30
1728463144891704000,1600,450,346,341,33,68
1728463144892546000,1591,263,546,340,1,114
1728463144893388000,1509,109,779,331,0,162
1728463144894230000,1498,0,1012,307,0,210
1728463144895071000,1285,0,1215,261,0,244
1728463144895914000,1151,0,1453,229,0,276
1728463144896756000,864,38,1579,158,0,320
1728463144897598000,612,162,1683,116,25,329
1728463144898440000,399,327,1729,74,66,333
1728463144899282000,237,536,1707,37,125,327
1728463144900124000,78,745,1628,9,146,310
1728463144900965000,0,962,1498,0,180,271
1728463144901806000,0,1165,1326,0,213,231
1728463144902647000,0,1352,1107,0,245,185
1728463144903488000,27,1486,919,10,264,133
1728463144904330000,171,1609,685,26,277,127
1728463144905172000,335,1626,353,65,293,114
1728463144906014000,565,1626,203,119,247,0
1728463144906856000,747,1544,82,174,246,0
1728463144907697000,962,1415,0,224,219,0
1728463144908538000,1156,1231,0,263,182,0
1728463144909392000,1344,1032,0,300,153,0
1728463144910233000,1472,825,53,325,100,10
1728463144911075000,1565,608,194,338,53,34
1728463144911917000,1589,404,377,349,34,68
1728463144912759000,1577,226,577,341,0,135
1728463144913601000,1491,77,818,312,0,184
1728463144914442000,1482,0,1088,281,0,228
1728463144915283000,1285,0,1302,264,0,257
1728463144916124000,1066,0,1504,194,0,290
1728463144916965000,766,65,1603,154,6,321
1728463144917807000,557,202,1689,105,41,329
1728463144918649000,366,386,1733,55,79,338
1728463144919491000,181,591,1697,36,121,320
1728463144920333000,41,801,1606,5,160,298
1728463144921174000,0,1009,1508,0,194,266
1728463144922015000,0,1226,1320,0,232,236
1728463144922866000,0,1386,1098,0,253,178
1728463144923707000,71,1525,804,8,258,170
1728463144924549000,207,1615,557,43,285,122
1728463144925391000,426,1635,353,85,261,0
1728463144926233000,576,1720,185,144,267,0
1728463144927075000,802,1509,64,176,234,0
1728463144927916000,1018,1370,0,234,218,0
1728463144928757000,1200,1199,0,273,170,0
1728463144929598000,1366,992,0,310,128,0
1728463144930439000,1494,766,96,330,92,11
1728463144931281000,1581,546,227,339,26,49
1728463144932123000,1600,362,440,335,2,93
1728463144932965000,1561,189,660,340,2,128
1728463144933807000,1455,21,887,324,0,178
1728463144934648000,1201,0,1088,346,0,270
1728463144935489000,1035,0,1317,304,0,320
1728463144936346000,862,0,1520,229,0,323
1728463144937188000,719,93,1637,146,10,320
1728463144938030000,508,245,1708,93,50,322
1728463144938872000,320,426,1728,64,90,333
1728463144939714000,149,645,1684,16,122,325
1728463144940556000,23,858,1572,0,160,291
1728463144941397000,0,1073,1429,0,206,326
1728463144942238000,0,1266,1208,0,236,274
1728463144943079000,0,1421,990,0,256,215
1728463144943921000,96,1541,746,25,274,145
1728463144944762000,313,1643,498,49,269,5
1728463144945604000,413,1747,309,107,274,0
1728463144946446000,670,1660,146,169,264,0
1728463144947288000,858,1480,29,202,242,0
1728463144948129000,1058,1338,0,238,200,0
1728463144948970000,1249,1149,0,285,165,0
1728463144949810000,1403,937,0,303,118,0
1728463144950651000,1523,718,122,332,73,17
1728463144951493000,1585,519,276,340,34,52
1728463144952335000,1600,303,495,352,20,104
1728463144953177000,1536,156,706,329,0,162
1728463144954019000,1387,31,945,308,0,206
1728463144954860000,1190,1,1173,323,0,285
1728463144955701000,1010,0,1381,273,0,312
1728463144956542000,801,21,1558,210,0,320
1728463144957384000,661,121,1656,126,26,322
1728463144958226000,454,282,1718,81,58,335
1728463144959068000,267,480,1720,45,89,325
1728463144959910000,117,696,1653,18,138,303
1728463144960752000,5,912,1535,1,181,294
1728463144961593000,0,1109,1375,0,213,314
1728463144962434000,0,1297,1136,0,252,253
1728463144963280000,14,1457,917,0,263,189
1728463144964122000,129,1571,704,26,269,110
1728463144964964000,285,1623,466,64,270,1
1728463144965806000,477,1716,277,139,287,5
1728463144966648000,717,1615,101,141,321,0
1728463144967490000,903,1452,5,205,224,0
1728463144968331000,1111,1297,0,257,185,0
1728463144969172000,1291,1102,1,286,142,0
1728463144970013000,1436,891,36,314,109,0
1728463144970855000,1538,674,164,337,74,34
1728463144971697000,1600,457,341,341,34,69
1728463144972539000,1582,266,550,338,4,116
1728463144973381000,1509,113,767,324,0,160
1728463144974223000,1379,0,1019,314,0,216
1728463144975064000,1173,0,1230,290,0,247
1728463144975905000,988,0,1394,149,0,276
1728463144976758000,803,16,1554,122,4,320
1728463144977600000,609,156,1680,117,21,327
1728463144978442000,406,330,1728,74,68,338
1728463144979284000,226,526,1704,37,109,330
1728463144980126000,78,750,1637,4,142,314
1728463144980968000,0,962,1504,0,186,272
1728463144981809000,0,1160,1299,0,209,277
1728463144982650000,0,1347,1092,2,245,225
1728463144983491000,37,1487,871,5,266,126
1728463144984333000,171,1674,631,37,277,64
1728463144985175000,374,1708,422,82,261,32
1728463144986017000,509,1529,229,130,334,0
1728463144986859000,749,1517,82,178,269,0
1728463144987700000,960,1415,0,218,218,0
1728463144988541000,1156,1249,0,257,182,0
1728463144989382000,1336,1054,0,294,148,0
1728463144990221000,1472,841,68,313,94,13
1728463144991063000,1567,613,194,336,69,27
1728463144991905000,1572,410,375,352,26,90
1728463144992747000,1534,220,606,342,0,138
1728463144993588000,1481,87,839,309,0,147
1728463144994429000,1327,0,1048,261,0,221
1728463144995270000,1153,0,1258,212,0,276
1728463144996111000,960,30,1472,175,0,305
1728463144996952000,757,64,1607,157,9,320
1728463144997794000,559,197,1692,98,41,334
1728463144998636000,359,373,1728,64,68,335
1728463144999478000,185,591,1695,29,118,321
1728463145000320000,49,788,1610,5,167,302
1728463145001161000,0,1017,1459,0,194,267
1728463145002002000,0,1209,1253,0,231,208
1728463145002843000,0,1456,1047,0,249,165
1728463145003700000,65,1557,820,10,265,112
1728463145004542000,226,1668,583,31,330,57
1728463145005384000,373,1567,370,106,335,39
1728463145006226000,617,1565,205,132,188,5
1728463145007067000,799,1513,58,186,234,0
1728463145007909000,1008,1373,0,228,212,0
1728463145008750000,1196,1205,0,267,170,0
1728463145009591000,1363,994,0,304,130,0
1728463145010432000,1496,774,86,328,100,13
1728463145011274000,1541,553,237,340,58,58
1728463145012116000,1577,357,429,338,18,90
1728463145012958000,1561,192,636,320,5,137
1728463145013800000,1459,64,884,304,0,204
1728463145014641000,1304,30,1111,263,0,218
1728463145015482000,1134,5,1303,222,0,261
1728463145016323000,935,0,1562,170,0,313
1728463145017164000,717,90,1628,139,5,320
1728463145018006000,508,242,1705,94,48,322
1728463145018848000,320,434,1730,53,90,341
1728463145019690000,156,641,1691,21,130,325
1728463145020532000,28,851,1577,2,157,292
1728463145021373000,0,1137,1413,0,201,244
1728463145022214000,0,1327,1226,0,232,197
1728463145023055000,0,1468,995,0,256,154
1728463145023897000,97,1579,766,21,279,121
1728463145024739000,229,1533,555,69,327,64
1728463145025581000,450,1600,341,98,189,18
1728463145026423000,774,1561,199,162,220,0
1728463145027265000,853,1482,28,196,240,0
1728463145028106000,1055,1344,0,237,203,0
1728463145028946000,1248,1152,0,277,169,0
1728463145029787000,1409,938,0,304,126,0
1728463145030640000,1523,720,119,338,74,13
1728463145031482000,1551,498,285,340,31,49
1728463145032324000,1583,313,482,343,10,106
1728463145033166000,1520,164,704,334,0,158
1728463145034008000,1431,26,938,302,0,197
1728463145034849000,1285,52,1163,247,0,232
1728463145035690000,1071,37,1372,213,0,256
1728463145036531000,864,17,1582,160,2,299
1728463145037373000,660,120,1663,127,18,324
1728463145038215000,457,290,1718,82,56,341
1728463145039057000,282,477,1728,45,98,320
1728463145039899000,109,695,1661,15,137,313
1728463145040740000,0,903,1551,9,178,290
1728463145041581000,0,1201,1371,0,215,226
1728463145042422000,0,1368,1156,0,245,188
1728463145043263000,10,1521,933,0,261,154
1728463145044156000,133,1600,709,23,308,100
1728463145044998000,270,1567,471,77,322,50
1728463145045840000,482,1594,288,97,212,16
1728463145046682000,820,1561,164,170,253,0
1728463145047524000,906,1457,4,202,226,0
1728463145048365000,1107,1290,0,251,186,0
1728463145049206000,1300,1103,0,290,157,0
1728463145050047000,1431,894,25,320,110,0
1728463145050889000,1535,662,159,335,70,26
1728463145051731000,1576,454,324,322,46,74
1728463145052573000,1583,287,532,335,7,122
1728463145053415000,1510,122,760,322,0,157
1728463145054256000,1368,0,999,302,0,210
1728463145055097000,1201,0,1325,253,2,265
1728463145055938000,1030,0,1504,207,20,320
1728463145056779000,819,74,1642,154,23,327
1728463145057585000,618,162,1684,121,26,330
1728463145058427000,409,321,1731,73,68,338
1728463145059269000,226,517,1715,48,104,331
1728463145060111000,87,740,1640,5,148,305
1728463145060953000,0,961,1512,0,180,279
1728463145061794000,0,1138,1322,0,270,232
1728463145062635000,0,1323,1110,0,304,170
1728463145063476000,37,1473,887,10,306,137
1728463145064318000,157,1580,650,36,253,93
1728463145065160000,322,1592,442,66,230,53
1728463145066002000,634,1615,295,132,244,11
1728463145066844000,794,1535,85,250,232,10
1728463145067685000,952,1411,0,220,220,0
1728463145068526000,1149,1255,0,255,181,0
1728463145069367000,1326,1054,0,294,145,0
1728463145070209000,1468,835,58,320,98,5
1728463145071057000,1561,618,197,338,64,32
1728463145071899000,1588,431,393,340,21,87
1728463145072741000,1560,220,591,335,8,125
1728463145073583000,1496,87,824,321,0,184
1728463145074425000,1377,0,1078,301,0,219
1728463145075266000,1199,10,1256,246,0,356
1728463145076107000,992,0,1344,198,0,373
1728463145076949000,770,64,1551,149,9,388
1728463145077791000,562,192,1694,104,42,330
1728463145078633000,363,370,1728,58,69,337
1728463145079475000,188,580,1699,26,115,322
1728463145080317000,46,794,1624,10,156,306
1728463145081158000,0,1010,1461,1,197,277
1728463145081999000,0,1178,1266,0,257,226
1728463145082840000,0,1351,1047,0,293,176
1728463145083681000,64,1505,822,12,253,119
1728463145084536000,266,1595,599,41,241,69
1728463145085378000,450,1618,426,84,251,23
1728463145086220000,469,1606,166,188,247,55
1728463145087062000,773,1517,55,193,238,0
1728463145087904000,1000,1381,0,225,207,0
1728463145088745000,1195,1207,0,278,174,0
1728463145089585000,1365,1007,0,305,133,0
1728463145090427000,1491,781,102,330,93,11
1728463145091269000,1572,576,229,338,56,52
1728463145092111000,1601,376,429,345,26,85
1728463145092953000,1545,210,654,337,0,130
1728463145093795000,1426,57,882,322,0,185
1728463145094636000,1313,0,1029,277,0,316
1728463145095477000,1136,0,1240,224,0,343
1728463145096318000,930,0,1428,175,5,370
1728463145097159000,730,87,1623,136,17,320
1728463145098005000,506,235,1715,96,46,331
1728463145098847000,322,417,1734,57,87,336
1728463145099689000,154,632,1686,17,133,324
1728463145100531000,26,849,1575,0,162,306
1728463145101372000,0,1053,1424,2,210,250
1728463145102213000,0,1234,1218,0,272,207
1728463145103054000,0,1395,999,0,285,154
1728463145103896000,84,1521,770,17,256,117
1728463145104738000,357,1586,583,66,240,72
1728463145105580000,490,1620,342,92,249,43
1728463145106422000,671,1574,138,228,229,11
1728463145107263000,850,1491,31,194,245,0
1728463145108104000,1049,1340,0,244,200,0
1728463145108945000,1236,1149,0,277,162,0
1728463145109786000,1394,940,8,309,124,0
1728463145110628000,1520,729,106,325,84,20
1728463145111473000,1580,514,274,320,18,57
1728463145112315000,1600,325,482,346,30,98
1728463145113157000,1531,159,704,331,2,154
1728463145113999000,1436,26,930,309,0,197
1728463145114840000,1274,17,1204,262,0,298
1728463145115681000,1093,9,1262,212,0,389
1728463145116522000,901,2,1444,170,0,370
1728463145117364000,674,122,1652,130,20,320
1728463145118206000,466,279,1720,93,57,341
1728463145119048000,277,474,1729,42,88,334
1728463145119890000,119,694,1664,17,129,320
1728463145120731000,2,905,1549,0,175,274
1728463145121572000,0,1084,1381,0,250,245
1728463145122413000,0,1279,1176,2,256,201
1728463145123254000,6,1429,945,9,245,146
1728463145124096000,125,1568,727,21,258,109
1728463145124964000,367,1624,530,74,258,58
1728463145125806000,388,1620,273,192,254,23
1728463145126648000,613,1564,153,210,253,9
1728463145127490000,897,1457,5,212,233,0
1728463145128331000,1101,1293,0,247,192,0
1728463145129172000,1285,1106,2,292,151,0
1728463145130013000,1439,896,30,320,105,0
1728463145130855000,1540,661,152,338,73,21
1728463145131697000,1600,466,320,335,50,57
1728463145132539000,1584,274,525,345,14,114
1728463145133381000,1519,121,756,329,0,162
1728463145134222000,1397,10,969,298,0,207
1728463145135063000,1237,0,1154,250,0,320
1728463145135904000,1052,0,1348,210,8,341
1728463145136746000,880,64,1521,157,1,228
1728463145137588000,615,155,1681,119,23,333
1728463145138419000,417,327,1731,74,56,333
1728463145139261000,226,523,1715,36,106,330
1728463145140103000,90,750,1638,2,148,312
1728463145140945000,0,960,1511,0,186,281
1728463145141786000,0,1145,1332,0,201,238
1728463145142627000,1,1330,1121,0,224,186
1728463145143468000,114,1479,900,5,260,138
1728463145144309000,184,1584,663,34,271,98
1728463145145151000,199,1619,427,146,271,82
1728463145145993000,474,1614,270,144,253,9
1728463145146835000,704,1542,79,132,249,1
1728463145147677000,946,1422,0,218,221,0
1728463145148518000,1153,1249,0,261,182,0
1728463145149359000,1330,1052,0,299,148,0
1728463145150200000,1465,832,46,324,102,1
1728463145151042000,1565,617,192,333,68,36
1728463145151898000,1589,420,373,341,31,72
1728463145152740000,1568,238,579,334,0,130
1728463145153582000,1493,84,811,325,0,174
1728463145154424000,1372,0,1029,296,0,226
1728463145155265000,1256,17,1212,245,2,293
1728463145156106000,1050,5,1408,193,0,219
1728463145156947000,780,36,1569,162,0,253
1728463145157789000,564,189,1699,107,39,337
1728463145158631000,366,363,1730,66,74,341
1728463145159473000,194,576,1700,25,109,326
1728463145160315000,64,789,1607,6,169,296
1728463145161156000,0,1010,1470,0,193,266
1728463145161997000,64,1182,1279,0,206,224
1728463145162838000,52,1360,1069,0,238,173
1728463145163679000,132,1504,824,11,261,129
1728463145164521000,239,1594,606,36,260,81
1728463145165363000,299,1629,392,146,276,87
1728463145166205000,517,1610,210,142,250,0
1728463145167047000,760,1516,69,133,242,0
1728463145167888000,1001,1380,0,233,218,0
1728463145168729000,1198,1216,0,266,177,0
1728463145169570000,1364,1002,0,306,135,0
1728463145170412000,1504,792,84,328,98,11
1728463145171254000,1567,577,233,342,54,40
1728463145172096000,1600,372,431,346,26,85
1728463145172938000,1559,199,640,329,1,144
1728463145173780000,1472,69,874,306,0,197
1728463145174621000,1330,2,1068,277,0,255
1728463145175462000,1183,21,1259,230,0,309
1728463145176303000,993,15,1445,186,0,207
1728463145177144000,732,87,1623,138,18,301
1728463145177986000,517,234,1704,96,49,338
1728463145178832000,325,415,1728,57,79,328
1728463145179674000,158,628,1689,22,135,322
1728463145180516000,28,839,1579,10,169,297
1728463145181357000,0,1060,1421,0,207,261
1728463145182198000,43,1239,1225,0,221,217
1728463145183039000,57,1408,1009,0,229,168
1728463145183880000,130,1536,777,18,258,109
1728463145184722000,146,1601,551,105,273,93
1728463145185564000,354,1623,357,142,258,25
1728463145186406000,590,1592,160,81,250,5
1728463145187247000,843,1495,32,189,229,0
1728463145188088000,1048,1351,0,237,202,0
1728463145188929000,1240,1161,0,280,165,0
1728463145189770000,1404,952,2,306,128,0
1728463145190612000,1518,728,114,339,82,21
1728463145191454000,1586,517,270,338,50,53
1728463145192312000,1590,338,474,341,10,96
1728463145193154000,1535,168,693,337,0,154
1728463145193996000,1435,29,926,320,0,181
1728463145194837000,1345,0,1119,270,0,167
1728463145195678000,1112,0,1322,229,0,224
1728463145196519000,865,125,1505,189,0,271
1728463145197361000,682,132,1651,132,18,330
1728463145198203000,462,272,1727,85,57,335
1728463145199045000,285,470,1721,45,104,333
1728463145199887000,121,680,1663,15,133,320
1728463145200728000,8,900,1544,0,169,286
1728463145201569000,47,1103,1393,1,202,245
1728463145202410000,26,1287,1178,0,234,206
1728463145203251000,69,1437,940,36,257,153
1728463145204092000,117,1565,711,52,279,113
1728463145204933000,215,1617,532,100,269,79
1728463145205785000,436,1632,288,58,258,15
1728463145206627000,661,1600,136,138,252,26
1728463145207469000,901,1459,5,212,231,0
1728463145208310000,1104,1305,0,245,202,0
1728463145209151000,1275,1107,0,279,143,0
1728463145209992000,1431,890,23,320,105,0
1728463145210834000,1541,671,145,331,64,20
1728463145211676000,1582,468,265,336,23,68
1728463145212518000,1595,279,516,343,14,119
1728463145213360000,1538,130,744,320,1,144
1728463145214201000,1408,14,992,298,0,193
1728463145215042000,1255,0,1166,269,0,173
1728463145215883000,1052,0,1376,210,0,224
1728463145216724000,815,183,1544,176,13,262
1728463145217566000,615,156,1677,125,27,335
1728463145218408000,421,321,1722,70,70,335
1728463145219249000,234,527,1716,37,94,325
1728463145220091000,83,744,1647,13,148,303
1728463145220933000,0,952,1523,0,188,279
1728463145221774000,50,1144,1332,0,205,242
1728463145222615000,40,1334,1123,0,234,185
1728463145223456000,92,1475,890,1,265,139
1728463145224298000,137,1584,666,60,264,91
1728463145225140000,257,1628,482,106,271,42
1728463145225982000,489,1620,240,77,263,29
1728463145226824000,705,1600,111,146,249,4
1728463145227666000,944,1409,0,210,213,0
1728463145228507000,1157,1255,0,258,192,0
1728463145229348000,1322,1058,0,290,138,0
1728463145230189000,1468,841,50,322,94,0
1728463145231031000,1558,618,194,342,68,36
1728463145231873000,1590,423,363,341,29,84
1728463145232730000,1583,237,562,328,5,125
1728463145233572000,1513,89,790,320,0,178
1728463145234413000,1369,0,1040,293,0,207
1728463145235254000,1254,9,1221,250,0,178
1728463145236095000,1009,0,1415,197,0,228
1728463145236936000,762,165,1568,169,8,281
1728463145237778000,576,188,1696,101,27,335
1728463145238620000,373,373,1731,66,65,331
1728463145239462000,192,576,1703,37,114,323
1728463145240304000,56,801,1620,2,162,308
1728463145241145000,0,1003,1463,0,196,273
1728463145241986000,71,1198,1295,0,212,237
1728463145242827000,42,1376,1072,0,242,178
1728463145243668000,85,1511,842,64,256,122
1728463145244510000,178,1601,618,66,269,82
1728463145245352000,327,1633,400,13,269,34
1728463145246195000,545,1633,221,96,244,37
1728463145247037000,786,1570,90,165,242,0
1728463145247878000,1001,1385,0,228,221,0
1728463145248719000,1181,1205,0,273,170,0
1728463145249560000,1355,1000,0,303,138,0
1728463145250401000,1487,779,74,328,91,10
1728463145251243000,1572,576,226,333,49,49
1728463145252085000,1599,360,397,341,29,79
1728463145252927000,1562,201,637,338,0,133
1728463145253768000,1473,57,858,327,0,181
1728463145254609000,1332,5,1088,284,0,207
1728463145255450000,1130,118,1274,253,0,228
1728463145256291000,909,110,1465,213,5,276
1728463145257132000,762,154,1603,148,16,289
1728463145257974000,513,225,1711,98,45,335
1728463145258816000,322,417,1728,58,84,334
1728463145259665000,161,624,1690,18,122,325
1728463145260507000,28,841,1575,0,169,293
1728463145261348000,0,1054,1432,0,202,260
1728463145262189000,37,1237,1239,64,234,217
1728463145263030000,0,1392,1002,46,254,165
1728463145263872000,65,1533,770,26,272,119
1728463145264714000,213,1617,565,34,271,69
1728463145265555000,378,1651,341,64,274,64
1728463145266397000,594,1642,185,122,258,0
1728463145267239000,824,1486,106,179,238,0
1728463145268080000,1050,1352,0,241,202,0
1728463145268921000,1236,1168,0,269,160,0
1728463145269762000,1397,960,8,309,114,0
1728463145270604000,1511,741,110,330,84,12
1728463145271446000,1578,522,277,346,47,50
1728463145272288000,1600,335,458,330,18,89
1728463145274619000,1549,161,681,330,0,132
1728463145275461000,1442,47,936,313,0,202
1728463145276302000,1284,65,1153,279,0,215
1728463145277143000,1109,64,1345,260,0,252
1728463145277984000,901,72,1510,203,2,273
1728463145278825000,672,130,1649,127,34,322
1728463145279667000,469,269,1721,90,48,335
1728463145280509000,286,466,1728,46,98,327
1728463145281351000,114,677,1663,18,138,322
1728463145282193000,2,882,1543,2,175,284
1728463145283034000,0,1095,1380,0,218,249
1728463145283875000,23,1285,1176,0,233,207
1728463145284716000,26,1441,955,64,247,151
1728463145285558000,103,1555,725,58,265,98
1728463145286400000,220,1610,513,90,266,57
1728463145287242000,436,1615,286,78,266,41
1728463145288084000,674,1619,159,139,265,0
1728463145288926000,889,1461,10,205,224,0
1728463145289767000,1095,1308,0,244,185,0
1728463145290608000,1287,1120,2,288,161,0
1728463145291449000,1426,910,21,320,111,0
1728463145292291000,1538,676,146,335,73,23
1728463145293133000,1600,473,299,347,52,64
1728463145293975000,1593,292,520,352,5,107
1728463145294817000,1522,132,732,322,0,153
1728463145295658000,1408,18,981,302,0,207
1728463145296499000,1287,8,1175,260,0,192
1728463145297340000,1053,0,1369,217,0,228
1728463145298181000,840,148,1535,194,41,281
1728463145299023000,629,153,1672,117,19,338
1728463145299865000,418,320,1731,74,64,332
1728463145300707000,240,509,1712,42,106,327
1728463145301614000,89,729,1639,16,151,320
1728463145302455000,0,944,1508,0,193,283
1728463145303296000,18,1138,1336,0,201,242
1728463145304137000,64,1323,1124,2,229,193
1728463145304978000,74,1475,901,1,258,138
1728463145305820000,130,1578,669,57,272,96
1728463145306662000,257,1644,458,98,269,45
1728463145307504000,490,1632,260,81,263,50
1728463145308346000,704,1601,112,150,241,0
1728463145309188000,935,1417,0,212,218,0
1728463145310029000,1138,1261,4,261,186,0
1728463145310870000,1315,1058,0,298,144,0
1728463145311711000,1460,844,42,325,107,5
1728463145312553000,1560,626,184,330,64,35
1728463145313395000,1581,431,363,343,33,71
1728463145314237000,1585,239,576,340,8,100
1728463145315034000,1506,93,815,330,0,158
1728463145315875000,1361,0,1041,293,0,215
1728463145316716000,1186,96,1249,279,4,226
1728463145317557000,1039,79,1438,234,0,266
1728463145318399000,814,117,1578,146,38,293
1728463145319241000,565,181,1698,106,36,330
1728463145320083000,373,369,1720,64,79,341
1728463145320925000,199,580,1700,26,109,330
1728463145321767000,58,785,1614,8,159,293
1728463145322608000,0,1000,1475,0,194,276
1728463145323449000,0,1192,1295,58,218,231
1728463145324290000,0,1363,1072,37,249,178
1728463145325131000,29,1504,832,34,268,130
1728463145325973000,178,1611,616,34,266,92
1728463145326815000,334,1653,405,58,266,57
1728463145327657000,559,1622,201,121,261,0
1728463145328491000,767,1488,161,160,261,5
1728463145329333000,992,1387,0,224,206,0
1728463145330174000,1199,1216,0,270,171,0
1728463145331015000,1359,1013,0,301,128,0
1728463145331857000,1487,794,87,330,97,1
1728463145332699000,1565,569,224,341,57,36
1728463145333541000,1604,376,382,341,29,69
1728463145334383000,1556,202,638,329,0,137
1728463145335224000,1489,69,853,321,0,181
1728463145336065000,1344,5,1093,290,0,230
1728463145336906000,1168,16,1297,229,65,240
1728463145337747000,946,0,1464,173,65,285
1728463145338589000,719,2,1600,149,66,308
1728463145339431000,527,229,1723,98,37,334
1728463145340273000,324,423,1728,57,84,333
1728463145341115000,165,619,1681,25,130,321
1728463145341973000,30,837,1588,0,165,299
1728463145342814000,0,1048,1437,0,193,264
1728463145343655000,0,1248,1240,32,221,215
1728463145344496000,0,1411,1021,29,245,164
1728463145345337000,64,1548,794,8,265,114
1728463145346179000,212,1612,564,42,277,73
1728463145347021000,389,1689,369,72,274,21
1728463145347863000,602,1585,285,127,265,5
1728463145348705000,823,1515,117,186,261,0
1728463145349546000,1036,1350,0,238,202,0
1728463145350387000,1229,1169,0,281,164,0
1728463145351227000,1389,952,0,309,129,0
1728463145352069000,1513,730,101,334,78,7
1728463145352911000,1577,522,271,345,39,49
1728463145353753000,1607,337,458,341,16,77
1728463145354595000,1535,162,671,334,0,117
1728463145355434000,1448,33,916,320,0,194
1728463145356275000,1304,13,1126,284,0,230
1728463145357116000,1127,73,1330,253,0,247
1728463145357957000,921,64,1491,210,0,274
1728463145358798000,685,82,1637,101,89,320
1728463145359640000,474,270,1715,89,54,330
1728463145360482000,288,453,1726,50,93,330
1728463145361324000,133,671,1661,16,149,320
1728463145362166000,5,890,1554,0,173,297
1728463145363007000,0,1094,1390,0,203,252
1728463145363848000,42,1280,1185,0,225,201
1728463145364689000,45,1447,960,29,257,152
1728463145365531000,96,1566,734,62,270,105
1728463145366373000,245,1632,504,75,277,53
1728463145367215000,432,1632,298,69,261,56
1728463145368057000,661,1607,134,138,247,0
1728463145368908000,874,1461,100,201,234,0
1728463145369749000,1095,1315,0,250,197,0
1728463145370590000,1273,1114,0,285,153,0
1728463145371431000,1431,910,17,314,121,0
1728463145372273000,1533,689,142,330,69,26
1728463145373115000,1585,481,320,338,36,53
1728463145373957000,1587,290,522,346,2,94
1728463145374799000,1516,144,743,328,0,138
1728463145375640000,1401,18,981,303,0,197
1728463145376481000,1248,52,1183,277,0,215
1728463145377322000,1083,58,1378,242,0,250
1728463145378163000,874,100,1547,162,7,274
1728463145379005000,619,125,1671,125,47,320
1728463145379847000,428,320,1722,77,70,337
1728463145380689000,250,509,1716,36,106,325
1728463145381531000,89,726,1646,16,146,306
1728463145382385000,0,935,1519,0,186,277
1728463145383226000,0,1142,1342,0,221,241
1728463145384067000,0,1317,1130,43,242,196
1728463145384908000,5,1472,893,32,265,142
1728463145385750000,138,1581,669,16,277,103
1728463145386592000,282,1639,450,33,269,73
1728463145387434000,487,1673,277,105,269,6
1728463145388275000,718,1553,112,157,266,1
1728463145389117000,941,1433,0,214,225,0
1728463145389958000,1139,1265,0,254,181,0
1728463145390799000,1320,1070,0,285,145,0
1728463145391640000,1459,858,47,321,94,0
1728463145392482000,1547,637,192,338,64,31
1728463145393324000,1600,429,354,341,40,78
1728463145394166000,1594,258,562,335,10,119
1728463145395008000,1508,97,799,320,0,162
1728463145395848000,1383,0,1038,299,0,212
1728463145396689000,1205,101,1246,289,1,225
1728463145397530000,1044,65,1436,217,0,277
1728463145398372000,804,0,1601,145,89,320
1728463145399214000,582,192,1695,107,33,341
1728463145400056000,382,356,1728,66,65,330
1728463145400898000,197,557,1707,32,114,326
1728463145401740000,64,770,1614,9,159,308
1728463145402581000,0,992,1479,0,194,276
1728463145403422000,0,1186,1295,37,215,234
1728463145404263000,0,1372,1072,23,234,185
1728463145405104000,38,1504,848,48,257,124
1728463145405946000,164,1589,617,37,272,83
1728463145406788000,334,1632,393,56,272,74
1728463145407630000,548,1662,242,114,260,1
1728463145408472000,767,1504,183,179,260,0
1728463145409320000,985,1397,0,226,215,0
1728463145410161000,1183,1216,0,267,181,0
1728463145411002000,1353,1008,0,303,133,0
1728463145411843000,1493,796,69,338,98,13
1728463145412685000,1565,578,220,333,57,37
1728463145413527000,1601,381,397,343,16,65
1728463145414369000,1568,207,626,338,5,122
1728463145415211000,1486,64,846,327,0,174
1728463145416052000,1344,0,1077,298,0,229
1728463145416893000,1176,74,1264,261,1,250
1728463145417734000,980,64,1475,197,0,277
1728463145418575000,776,0,1602,128,89,303
1728463145419417000,528,224,1704,97,45,330
1728463145420259000,343,407,1728,57,92,334
1728463145421101000,165,618,1682,29,124,329
1728463145421943000,37,836,1600,2,162,295
1728463145422789000,0,1052,1436,0,192,261
1728463145423630000,0,1246,1248,56,225,218
1728463145424471000,0,1401,1024,38,253,168
1728463145425312000,65,1534,794,43,271,122
1728463145426154000,212,1615,564,43,277,78
1728463145426996000,388,1668,376,64,270,64
1728463145427838000,596,1630,178,125,266,0
1728463145428680000,810,1508,37,175,235,0
1728463145429521000,1042,1346,0,240,212,0
1728463145430362000,1228,1168,0,279,165,0
1728463145431203000,1385,960,0,314,122,0
1728463145432045000,1509,737,93,327,81,12
1728463145432887000,1575,530,258,338,39,42
1728463145433729000,1602,345,453,330,21,105
1728463145434571000,1559,161,673,338,0,122
1728463145435413000,1416,45,906,310,0,192
1728463145436257000,1298,4,1144,282,0,237
1728463145437098000,1122,77,1330,260,0,241
1728463145437939000,933,69,1495,192,0,266
1728463145438781000,657,9,1641,122,85,324
1728463145439623000,481,254,1713,90,55,330
1728463145440465000,292,459,1724,45,90,334
1728463145441307000,122,673,1671,11,133,309
1728463145442149000,5,881,1559,0,174,289
1728463145442990000,0,1095,1395,1,212,258
1728463145443831000,0,1276,1186,36,234,214
1728463145444672000,0,1433,967,33,267,156
1728463145445513000,98,1552,736,26,266,110
1728463145446355000,255,1627,516,52,277,65
1728463145447197000,426,1680,323,87,258,5
1728463145448039000,656,1553,141,154,261,0
1728463145448880000,884,1472,104,198,277,5
1728463145449747000,1080,1312,0,241,189,0
1728463145450588000,1277,1122,0,297,154,0
1728463145451429000,1427,907,16,309,106,0
1728463145452271000,1528,692,143,334,73,25
1728463145453113000,1600,480,306,349,45,64
1728463145453955000,1600,290,490,329,13,103
1728463145454796000,1528,132,732,320,0,157
1728463145455638000,1416,20,967,314,0,194
1728463145456479000,1257,64,1183,266,0,218
1728463145457320000,1092,74,1377,245,0,273
1728463145458161000,888,87,1539,159,93,305
1728463145459003000,637,97,1657,119,79,330
1728463145459845000,430,311,1728,78,53,335
1728463145460687000,241,504,1715,42,101,330
1728463145461529000,96,714,1654,16,148,311
1728463145462371000,0,946,1515,0,180,293
1728463145463211000,0,1136,1344,0,213,242
1728463145464052000,0,1322,1136,18,245,192
1728463145464893000,5,1475,911,0,257,139
1728463145465735000,130,1578,684,27,272,98
1728463145466576000,299,1653,469,64,279,53
1728463145467418000,496,1608,372,103,281,39
1728463145468260000,716,1585,193,157,285,5
1728463145469102000,935,1439,23,215,221,23
1728463145469943000,1128,1270,5,266,187,0
1728463145470784000,1301,1068,0,293,143,0
1728463145471625000,1457,855,50,323,109,0
1728463145472467000,1554,648,188,335,64,39
1728463145473309000,1601,437,362,348,26,66
1728463145474151000,1559,255,559,349,8,85
1728463145474993000,1504,98,794,335,0,164
1728463145475835000,1377,0,1035,296,0,220
1728463145476681000,1202,0,1231,245,43,249
1728463145477522000,992,0,1428,196,53,288
1728463145478363000,799,0,1578,173,39,306
1728463145479205000,576,165,1689,111,28,330
1728463145480047000,385,354,1728,64,77,335
1728463145480889000,202,557,1713,21,106,327
1728463145481731000,64,778,1613,9,154,303
1728463145482572000,0,981,1483,0,192,274
1728463145483413000,0,1189,1306,0,229,233
1728463145484254000,0,1354,1078,0,245,183
1728463145485095000,43,1501,841,0,269,130
1728463145485937000,176,1600,629,26,265,93
1728463145486779000,350,1642,393,64,271,34
1728463145487621000,549,1605,295,119,306,32
1728463145488463000,757,1543,122,167,229,52
1728463145489305000,980,1404,0,224,213,0
1728463145490159000,1181,1228,0,260,181,0
1728463145491000000,1350,1026,1,296,130,0
1728463145491841000,1485,810,79,331,89,5
1728463145492683000,1569,591,225,342,64,32
1728463145493525000,1602,386,409,353,26,74
1728463145494367000,1569,213,618,341,2,130
1728463145495209000,1486,74,857,320,0,168
1728463145496050000,1349,0,1082,290,0,213
1728463145496891000,1191,53,1275,226,0,238
1728463145497732000,968,0,1464,178,64,266
1728463145498574000,730,9,1607,170,78,308
1728463145499416000,526,220,1705,101,42,335
1728463145500258000,339,402,1734,64,79,330
1728463145501100000,167,606,1687,26,125,322
1728463145501942000,33,816,1588,2,165,296
1728463145502783000,0,1041,1436,0,207,264
1728463145503622000,0,1229,1239,14,231,220
1728463145504463000,0,1396,1026,0,245,171
1728463145505305000,65,1530,802,10,267,114
1728463145506147000,210,1608,561,46,276,78
1728463145506989000,388,1635,437,78,314,52
1728463145507831000,583,1612,231,132,234,71
1728463145508673000,828,1469,0,194,234,48
1728463145509514000,1029,1359,5,234,207,0
1728463145510355000,1216,1169,0,277,162,0
1728463145511196000,1385,968,0,309,128,0
1728463145512038000,1513,737,101,334,89,16
1728463145512880000,1584,530,264,335,42,53
1728463145513722000,1604,337,434,356,15,69
1728463145514564000,1550,174,684,335,0,145
1728463145515405000,1448,33,901,314,0,196
1728463145516246000,1303,0,1128,284,0,242
1728463145517093000,1118,0,1323,235,29,273
1728463145517934000,925,0,1516,192,23,305
1728463145518775000,711,101,1634,133,0,322
1728463145519617000,485,270,1719,90,54,342
1728463145520459000,293,452,1721,47,92,329
1728463145521301000,132,665,1666,16,136,312
1728463145522143000,22,880,1556,0,174,285
1728463145522984000,0,1091,1401,0,196,251
1728463145523825000,0,1286,1199,0,235,202
1728463145524666000,0,1436,975,0,256,158
1728463145525508000,103,1554,744,18,270,111
1728463145526350000,258,1621,516,57,277,66
1728463145527192000,458,1621,409,101,309,41
1728463145528034000,650,1615,209,154,254,0
1728463145528876000,833,1445,0,201,210,68
1728463145529717000,1081,1307,0,249,200,0
1728463145530613000,1268,1130,0,281,161,0
1728463145531454000,1418,910,14,313,117,0
1728463145532296000,1541,686,138,338,79,23
1728463145533137000,1587,487,305,345,38,56
1728463145533979000,1586,292,520,344,15,101
1728463145534821000,1528,90,717,325,0,137
1728463145535662000,1401,0,960,305,0,197
1728463145536503000,1258,0,1173,273,0,242
1728463145537344000,1079,0,1372,239,31,261
1728463145538185000,853,0,1535,192,42,295
1728463145539026000,646,96,1667,111,0,323
1728463145539868000,434,305,1729,74,65,333
1728463145540710000,253,513,1723,33,100,340
1728463145541552000,105,719,1651,10,146,306
1728463145542394000,0,931,1527,0,178,282
1728463145543235000,0,1138,1352,11,218,244
1728463145544045000,0,1314,1144,0,238,197
1728463145544886000,8,1473,910,0,265,149
1728463145545728000,141,1585,676,18,266,109
1728463145546570000,305,1637,469,64,281,52
1728463145547412000,490,1623,366,107,309,42
1728463145548254000,711,1577,154,160,260,29
1728463145549096000,938,1426,0,207,226,50
1728463145549937000,1130,1268,0,253,182,0
1728463145550777000,1311,1081,0,285,149,0
1728463145551618000,1453,857,40,320,100,0
1728463145552460000,1546,644,180,340,64,21
1728463145553302000,1600,431,345,353,34,70
1728463145554144000,1573,250,543,338,9,109
1728463145554986000,1514,105,791,330,0,168
1728463145555827000,1387,13,1028,298,0,210
1728463145556667000,1221,37,1239,254,37,244
1728463145557550000,1020,0,1433,197,57,276
1728463145558391000,786,0,1583,181,64,299
1728463145559233000,592,162,1679,107,1,329
1728463145560075000,389,352,1730,77,68,337
1728463145560917000,206,552,1706,35,114,320
1728463145561759000,64,762,1616,10,151,301
1728463145562601000,0,983,1479,0,192,274
1728463145563442000,0,1181,1297,0,231,234
1728463145564283000,0,1361,1090,0,244,184
1728463145565124000,30,1497,853,0,255,129
1728463145565966000,164,1593,629,36,269,85
1728463145566808000,325,1645,410,72,274,40
1728463145567650000,551,1619,309,125,297,20
1728463145568492000,759,1549,40,174,218,82
1728463145569334000,975,1405,0,225,218,0
1728463145570175000,1173,1236,2,265,178,0
1728463145570984000,1344,1021,0,302,136,0
1728463145571825000,1465,808,69,326,97,9
1728463145572667000,1563,593,214,342,64,45
1728463145573509000,1595,389,409,345,16,75
1728463145574351000,1562,196,618,333,5,133
1728463145575193000,1483,68,840,326,0,185
1728463145576034000,1354,0,1074,293,0,228
1728463145576875000,1185,0,1280,265,29,258
1728463145577716000,994,0,1468,194,0,297
1728463145578558000,756,50,1607,142,0,321
1728463145579400000,545,210,1703,105,43,337
1728463145580242000,340,397,1722,54,85,334
1728463145581084000,170,598,1694,27,114,320
1728463145581925000,37,821,1593,21,164,293
1728463145582766000,0,1039,1448,0,196,271
1728463145583607000,0,1229,1254,0,229,221
1728463145584455000,0,1393,1021,0,255,180
1728463145585297000,73,1529,787,5,274,124
1728463145586139000,214,1611,634,44,266,69
1728463145586981000,392,1667,441,96,301,42
1728463145587823000,597,1581,110,132,260,97
1728463145588665000,833,1504,0,180,257,45
1728463145589506000,1026,1357,0,228,199,0
1728463145590347000,1230,1184,0,270,171,0
1728463145591188000,1381,975,0,306,117,0
1728463145592030000,1504,755,107,341,85,11
1728463145592872000,1576,540,269,343,54,50
1728463145593714000,1600,330,455,343,23,96
1728463145594556000,1547,149,677,335,0,138
1728463145595397000,1465,42,914,314,0,178
1728463145596238000,1306,5,1138,285,0,229
1728463145597079000,1103,0,1355,230,0,277
1728463145597935000,1034,0,1546,197,0,305
1728463145598776000,808,96,1685,149,0,313
1728463145599618000,489,250,1716,87,45,335
1728463145600460000,289,448,1728,50,90,324
1728463145601302000,138,656,1669,26,133,320
1728463145602144000,11,870,1558,0,171,292
1728463145602985000,0,1080,1402,0,202,257
1728463145603826000,0,1284,1195,0,234,222
1728463145604667000,0,1437,974,0,255,153
1728463145605508000,93,1551,759,21,266,104
1728463145606350000,249,1624,553,66,277,69
1728463145607192000,448,1633,225,90,258,117
1728463145608034000,655,1552,73,141,266,64
1728463145608876000,931,1487,0,194,229,0
1728463145609717000,1080,1320,1,245,202,0
1728463145610558000,1260,1132,0,285,153,0
1728463145611398000,1417,917,21,322,118,0
1728463145612240000,1530,689,139,335,78,25
1728463145613082000,1589,486,306,338,34,64
1728463145613924000,1600,277,509,337,8,93
1728463145614766000,1539,128,727,335,0,149
1728463145615608000,1421,10,955,313,0,194
1728463145616449000,1268,0,1184,274,0,238
1728463145617290000,1082,0,1378,201,0,276
1728463145618131000,858,0,1525,154,0,306
1728463145618973000,757,130,1712,138,0,314
1728463145619815000,441,309,1728,79,69,338
1728463145620657000,256,497,1715,45,101,329
1728463145621499000,105,714,1656,10,144,315
1728463145622341000,0,936,1534,0,178,288
1728463145623181000,0,1137,1352,0,206,242
1728463145624022000,0,1316,1145,0,234,192
1728463145624871000,5,1473,914,0,265,138
1728463145625713000,126,1576,692,33,272,98
1728463145626555000,301,1634,498,64,285,58
1728463145627397000,502,1666,324,114,266,18
1728463145628239000,696,1561,42,159,257,74
1728463145629081000,963,1446,0,213,241,28
1728463145629922000,1123,1269,0,257,192,0
1728463145630763000,1302,1072,0,299,153,0
1728463145631604000,1450,852,36,320,109,4
1728463145632446000,1553,646,165,338,64,33
1728463145633288000,1600,450,350,345,35,75
1728463145634130000,1579,226,542,348,11,116
1728463145634972000,1506,83,774,326,0,169
1728463145635813000,1381,0,1008,278,0,222
1728463145636654000,1221,0,1236,257,0,252
1728463145637495000,1028,0,1424,196,0,284
1728463145638350000,941,37,1605,165,0,320
1728463145639192000,693,160,1724,121,21,325
1728463145640034000,389,345,1721,69,73,334
1728463145640876000,213,557,1708,32,105,327
1728463145641718000,68,772,1630,10,149,301
1728463145642559000,0,994,1494,0,194,279
1728463145643400000,0,1178,1305,0,226,233
1728463145644241000,0,1364,1089,0,255,186
1728463145645082000,42,1506,860,5,270,138
1728463145645924000,181,1601,709,32,267,90
1728463145646766000,343,1645,458,75,274,42
1728463145647608000,569,1604,149,132,258,105
1728463145648450000,805,1552,28,168,272,50
1728463145649292000,994,1403,0,210,203,0
1728463145650133000,1173,1228,0,274,178,0
1728463145650974000,1348,1029,0,297,132,0
1728463145651815000,1475,815,82,325,98,2
1728463145652657000,1557,591,210,341,64,46
1728463145653499000,1600,393,389,343,31,87
1728463145654341000,1541,194,610,332,0,116
1728463145655183000,1487,74,842,329,0,170
1728463145656024000,1346,0,1077,292,0,224
1728463145656865000,1170,0,1294,248,0,258
1728463145657706000,1102,0,1496,220,0,299
1728463145658548000,851,64,1640,153,0,326
1728463145659390000,583,213,1706,141,30,337
1728463145660232000,338,394,1729,58,75,322
1728463145661074000,178,594,1699,29,122,320
1728463145661916000,42,821,1588,0,165,309
1728463145662757000,0,1030,1450,0,197,269
1728463145663598000,0,1223,1254,0,234,218
1728463145664439000,0,1397,1038,0,255,170
1728463145665288000,64,1532,847,11,270,121
1728463145666129000,210,1603,602,50,274,73
1728463145666971000,388,1638,288,87,279,130
1728463145667813000,657,1615,142,137,269,0
1728463145668655000,844,1500,14,184,226,0
1728463145669497000,1018,1365,0,242,211,0
1728463145670338000,1218,1183,0,273,168,0
1728463145671179000,1384,974,0,306,129,0
1728463145672020000,1504,762,93,322,89,26
1728463145672862000,1580,549,247,342,45,45
1728463145673704000,1588,340,437,346,18,82
1728463145674546000,1547,161,674,334,0,142
1728463145675388000,1453,53,905,309,0,192
1728463145676229000,1321,5,1138,279,0,245
1728463145677070000,1237,0,1376,239,0,285
1728463145677911000,1018,0,1562,194,0,312
1728463145678761000,744,101,1624,203,0,340
1728463145679603000,496,247,1720,96,53,334
1728463145680445000,298,442,1728,49,96,338
1728463145681287000,138,655,1671,21,125,320
1728463145682129000,18,870,1563,4,176,287
1728463145682970000,0,1084,1404,0,213,260
1728463145683811000,0,1271,1223,0,235,210
1728463145684652000,0,1425,1028,0,258,156
1728463145685493000,98,1552,798,13,270,112
1728463145686335000,254,1624,554,47,270,106
1728463145687177000,450,1625,264,105,297,90
1728463145688019000,696,1603,116,146,253,0
1728463145688861000,913,1487,0,202,218,0
1728463145689702000,1072,1316,0,248,202,0
1728463145690543000,1259,1130,0,276,155,0
1728463145691384000,1416,928,10,308,119,0
1728463145692230000,1535,704,137,340,76,17
1728463145693072000,1600,500,302,343,49,55
1728463145693914000,1584,284,509,352,14,106
1728463145694756000,1529,114,710,330,0,143
1728463145695598000,1423,13,960,302,0,204
1728463145696439000,1271,0,1185,274,0,250
1728463145697280000,1193,0,1402,229,0,266
1728463145698121000,983,0,1590,192,0,296
1728463145698963000,712,121,1646,164,5,333
1728463145699805000,440,292,1731,75,50,333
1728463145700647000,264,491,1715,43,94,325
1728463145701489000,98,698,1651,16,141,311
1728463145702331000,2,917,1526,1,192,284
1728463145703172000,0,1125,1353,0,218,245
1728463145704013000,0,1313,1144,0,246,201
1728463145704854000,18,1461,1002,0,257,151
1728463145705712000,138,1576,711,29,276,96
1728463145706554000,292,1628,458,64,277,84
1728463145707396000,557,1653,226,104,277,0
1728463145708238000,753,1559,65,151,234,0
1728463145709079000,893,1557,0,224,226,0
1728463145709920000,1128,1284,9,254,181,0
1728463145710761000,1301,1088,0,290,151,0
1728463145711602000,1448,868,42,320,107,0
1728463145712444000,1557,650,168,339,75,31
1728463145713286000,1600,441,338,345,38,69
1728463145714128000,1585,258,562,341,0,116
1728463145714969000,1511,113,786,325,0,158
1728463145715811000,1381,0,1018,299,0,213
1728463145716652000,1231,0,1229,263,0,258
1728463145717493000,1109,0,1464,210,0,288
1728463145718334000,872,23,1564,202,0,309
1728463145719176000,517,162,1696,172,17,376
1728463145720018000,389,348,1733,66,65,333
1728463145720860000,215,542,1709,40,107,322
1728463145721702000,82,762,1621,9,164,309
1728463145722543000,0,981,1493,0,181,281
1728463145723384000,0,1179,1312,0,213,229
1728463145724225000,0,1355,1167,0,260,178
1728463145725066000,32,1500,919,8,264,135
1728463145725908000,171,1584,648,45,276,159
1728463145726750000,352,1634,407,78,289,87
1728463145727592000,601,1634,202,133,264,0
1728463145728433000,788,1546,66,169,233,0
1728463145729275000,952,1498,0,253,238,0
1728463145730116000,1173,1232,0,265,183,0
1728463145730957000,1344,1022,0,301,139,0
1728463145731798000,1483,805,58,330,106,9
1728463145732702000,1564,596,210,335,55,45
1728463145733544000,1600,397,394,341,26,79
1728463145734386000,1560,198,608,340,0,122
1728463145735228000,1490,73,824,322,0,192
1728463145736069000,1352,0,1064,287,0,231
1728463145736910000,1218,0,1290,247,0,266
1728463145737751000,1077,0,1500,207,0,292
1728463145738592000,839,58,1593,135,0,320
1728463145739434000,460,217,1702,154,34,362
1728463145740276000,348,392,1728,64,84,346
1728463145741118000,185,602,1702,21,122,325
1728463145741960000,42,814,1600,5,150,296
1728463145742801000,0,1034,1455,5,199,258
1728463145743642000,0,1228,1272,0,229,219
1728463145744483000,0,1396,1046,0,253,175
1728463145745325000,69,1530,891,16,274,127
1728463145746126000,217,1612,622,42,274,82
1728463145746968000,383,1635,331,87,266,73
1728463145747810000,641,1602,161,137,250,0
1728463145748652000,802,1578,30,194,234,0
1728463145749493000,1002,1448,0,233,210,0
1728463145750333000,1217,1187,0,270,177,0
1728463145751174000,1377,975,0,301,136,0
1728463145752015000,1504,758,98,327,76,13
1728463145752857000,1573,549,250,340,52,46
1728463145753699000,1592,338,442,343,20,94
1728463145754541000,1547,175,661,335,0,149
1728463145755383000,1450,30,901,320,0,184
1728463145756224000,1326,0,1126,284,0,229
1728463145757065000,1202,0,1364,243,0,261
1728463145757906000,989,0,1525,185,0,297
1728463145758748000,605,97,1623,205,13,372
1728463145759588000,482,253,1720,94,42,343
1728463145760430000,305,436,1728,52,82,323
1728463145761272000,133,639,1675,23,132,320
1728463145762114000,20,868,1563,0,173,297
1728463145762955000,0,1076,1404,0,207,257
1728463145763796000,0,1272,1216,0,234,210
1728463145764637000,0,1435,1034,0,253,170
1728463145765479000,101,1547,733,21,277,167
1728463145766321000,249,1617,518,56,277,106
1728463145767163000,472,1632,292,90,259,0
1728463145768005000,649,1680,138,173,266,0
1728463145768847000,925,1553,10,201,242,0
1728463145769688000,1071,1327,0,244,202,0
1728463145770529000,1260,1140,0,285,164,0
1728463145771370000,1404,924,15,314,114,0
1728463145772212000,1525,707,127,333,75,23
1728463145773061000,1586,501,293,334,34,64
1728463145773903000,1591,306,503,346,11,102
1728463145774745000,1533,142,727,332,0,158
1728463145775587000,1391,18,962,313,0,210
1728463145776428000,1238,2,1171,279,0,253
1728463145777269000,989,0,1372,273,0,327
1728463145778111000,802,18,1582,210,0,335
1728463145778953000,593,141,1655,74,13,320
1728463145779795000,457,293,1720,85,68,334
1728463145780637000,253,482,1713,39,98,330
1728463145781479000,103,697,1648,14,132,306
1728463145782321000,0,917,1535,0,180,277
1728463145783162000,0,1129,1362,0,213,242
1728463145784003000,0,1303,1131,0,242,261
1728463145784844000,25,1454,901,2,272,192
1728463145785686000,133,1569,681,26,273,122
1728463145786533000,293,1629,469,66,269,42
1728463145787375000,482,1719,260,153,285,0
1728463145788217000,733,1621,109,157,261,0
1728463145789058000,904,1338,0,215,305,0
1728463145789899000,1114,1282,0,250,194,0
1728463145790740000,1295,1094,0,290,145,0
1728463145791581000,1442,877,37,311,98,2
1728463145792423000,1555,660,178,337,81,26
1728463145793265000,1588,455,345,346,37,78
1728463145794107000,1584,256,562,342,9,111
1728463145794949000,1479,100,763,322,0,170
1728463145795791000,1386,5,1012,303,0,212
1728463145796632000,1212,0,1236,261,0,253
1728463145797473000,960,0,1448,249,0,289
1728463145798315000,765,45,1583,156,13,314
1728463145799157000,576,151,1664,81,31,362
1728463145800014000,395,338,1730,68,64,340
1728463145800856000,218,543,1706,34,111,323
1728463145801698000,69,740,1644,10,149,307
1728463145802539000,0,968,1498,0,192,279
1728463145803380000,0,1167,1303,0,225,229
1728463145804221000,0,1350,1072,0,257,247
1728463145805062000,39,1489,847,1,260,189
1728463145805904000,177,1592,628,36,273,84
1728463145806746000,334,1634,427,75,277,46
1728463145807588000,562,1700,218,148,266,0
1728463145808430000,768,1516,68,148,320,0
1728463145809272000,954,1323,0,226,261,0
1728463145810113000,1167,1238,0,270,172,0
1728463145810953000,1344,1036,0,295,141,0
1728463145811794000,1474,828,74,322,96,2
1728463145812636000,1566,603,202,345,66,46
1728463145813528000,1600,389,377,340,34,77
1728463145814370000,1574,217,608,339,0,125
1728463145815212000,1459,69,847,329,0,178
1728463145816053000,1340,0,1073,297,0,229
1728463145816893000,1159,0,1279,253,0,269
1728463145817734000,894,0,1483,250,0,335
1728463145818576000,724,64,1613,78,2,296
1728463145819418000,521,207,1684,74,33,352
1728463145820260000,346,390,1739,64,77,340
1728463145821102000,177,590,1699,31,117,320
1728463145821944000,52,818,1606,1,160,306
1728463145822786000,0,1023,1464,0,188,255
1728463145823627000,0,1225,1274,2,239,218
1728463145824468000,0,1404,1028,0,256,205
1728463145825310000,71,1518,811,14,269,106
1728463145826152000,209,1665,581,43,282,66
1728463145826946000,392,1683,372,85,276,41
1728463145827788000,578,1514,193,138,335,0
1728463145828630000,811,1439,58,212,279,0
1728463145829472000,1040,1327,0,228,151,0
1728463145830313000,1220,1194,0,270,175,0
1728463145831154000,1376,983,0,306,132,0
1728463145831995000,1506,771,93,326,89,25
1728463145832837000,1573,553,240,338,53,41
1728463145833679000,1588,345,442,344,18,88
1728463145834521000,1536,181,651,330,0,143
1728463145835363000,1461,56,898,306,0,198
1728463145836204000,1317,8,1118,260,0,233
1728463145837045000,1124,0,1323,213,0,265
1728463145837886000,901,10,1485,149,0,325
1728463145838728000,690,161,1656,117,11,322
1728463145839570000,484,245,1804,79,54,340
1728463145840424000,309,438,1720,50,79,327
1728463145841266000,138,663,1687,23,129,328
1728463145842107000,23,858,1572,4,175,296
1728463145842948000,0,1067,1411,1,206,257
1728463145843789000,0,1265,1212,0,234,213
1728463145844630000,0,1430,984,0,254,150
1728463145845472000,101,1612,747,21,266,93
1728463145846314000,247,1658,541,56,279,73
1728463145847156000,439,1575,325,106,320,20
1728463145847997000,672,1544,154,153,242,0
1728463145848839000,862,1458,28,185,173,0
1728463145849680000,1130,1318,10,242,175,0
1728463145850521000,1254,1141,0,282,165,0
1728463145851362000,1405,940,4,307,118,0
1728463145852204000,1531,704,122,335,84,18
1728463145853046000,1584,497,279,339,45,57
1728463145853902000,1594,309,490,335,11,109
1728463145854744000,1530,137,730,322,0,136
1728463145855585000,1411,26,951,306,0,207
1728463145856426000,1263,0,1167,261,0,249
1728463145857267000,1061,0,1372,199,0,302
1728463145858108000,856,56,1550,156,9,306
1728463145858950000,645,130,1633,94,18,325
1728463145859792000,448,289,1741,79,58,330
1728463145860634000,257,485,1726,47,98,327
1728463145861476000,117,698,1653,13,148,313
1728463145862318000,0,916,1542,0,173,295
1728463145863159000,0,1120,1370,6,207,250
1728463145864000000,0,1308,1145,0,234,186
1728463145864841000,15,1465,930,0,264,128
1728463145865682000,126,1652,693,31,272,98
1728463145866524000,298,1659,469,67,284,55
1728463145867366000,481,1512,267,89,330,8
1728463145868208000,687,1493,99,185,276,0
1728463145869050000,929,1418,10,196,162,0
1728463145869891000,1110,1290,0,254,192,0
1728463145870732000,1287,1099,0,293,146,0
1728463145871573000,1447,874,29,320,113,0
1728463145872415000,1542,664,162,330,65,33
1728463145873257000,1595,455,341,355,28,64
1728463145874099000,1557,282,562,345,10,127
1728463145874941000,1500,116,773,325,0,156
1728463145875783000,1372,5,1008,299,0,212
1728463145876624000,1217,0,1220,245,0,247
1728463145877465000,978,0,1403,151,0,285
1728463145878307000,778,47,1573,139,0,335
1728463145879148000,576,210,1703,96,21,299
1728463145879990000,394,332,1730,73,71,338
1728463145880838000,224,533,1706,30,109,325
1728463145881680000,89,750,1634,14,144,301
1728463145882521000,0,970,1498,0,181,274
1728463145883362000,0,1171,1326,0,224,231
1728463145884203000,0,1352,1097,0,250,210
1728463145885044000,33,1492,863,9,270,130
1728463145885886000,168,1592,634,33,277,75
1728463145886728000,345,1673,426,71,282,41
1728463145887570000,552,1663,229,110,349,0
1728463145888412000,725,1464,82,189,298,0
1728463145889254000,988,1358,0,238,230,0
1728463145890095000,1166,1258,0,258,184,0
1728463145890935000,1332,1044,0,292,139,0
1728463145891776000,1477,828,53,320,107,5
1728463145892618000,1559,610,202,343,58,36
1728463145893460000,1592,410,386,340,29,71
1728463145894316000,1562,207,583,345,2,130
1728463145895158000,1486,81,826,320,0,193
1728463145896000000,1354,0,1064,288,0,234
1728463145896841000,1182,0,1280,238,0,261
1728463145897682000,952,0,1458,141,0,288
1728463145898523000,741,74,1602,109,7,352
1728463145899365000,532,247,1717,98,37,348
1728463145900207000,361,389,1738,64,77,335
1728463145901049000,194,591,1691,25,117,321
1728463145901891000,40,801,1610,5,154,287
1728463145902732000,0,1012,1468,0,199,265
1728463145903573000,0,1216,1276,0,230,229
1728463145904414000,0,1386,1022,0,256,221
1728463145905256000,69,1516,805,10,266,107
1728463145906098000,215,1645,584,45,276,66
1728463145906940000,379,1679,378,90,271,36
1728463145907781000,618,1651,184,127,325,0
1728463145908623000,776,1435,42,194,292,0
1728463145909465000,1012,1339,0,245,237,0
1728463145910306000,1211,1198,0,276,165,0
1728463145911147000,1379,989,0,303,128,0
1728463145911988000,1495,773,98,329,87,7
1728463145912830000,1567,549,248,343,53,45
1728463145913672000,1601,354,427,342,26,92
1728463145914514000,1529,185,665,330,0,151
1728463145915356000,1436,41,897,322,0,185
1728463145916197000,1310,0,1114,285,0,229
1728463145917038000,1116,0,1332,245,0,269
1728463145917879000,852,0,1517,159,0,279
1728463145918721000,674,78,1609,90,14,322
1728463145919563000,474,273,1722,56,41,363
1728463145920405000,320,433,1728,53,82,328
1728463145921252000,141,642,1679,23,130,325
1728463145922094000,21,855,1565,1,170,292
1728463145922935000,0,1073,1421,0,205,250
1728463145923776000,0,1264,1220,0,233,213
1728463145924617000,0,1432,966,0,258,230
1728463145925459000,101,1548,740,20,267,157
1728463145926301000,244,1614,530,55,274,54
1728463145927143000,434,1693,320,100,274,21
1728463145927985000,679,1651,156,132,250,0
1728463145928827000,843,1392,13,192,297,0
1728463145929668000,1060,1267,0,249,242,0
1728463145930509000,1250,1149,0,277,165,0
1728463145931350000,1405,936,5,312,117,0
1728463145932191000,1524,710,111,331,77,20
1728463145933033000,1585,506,290,340,49,64
1728463145933875000,1595,314,482,343,9,105
1728463145934726000,1535,148,714,332,0,151
1728463145935567000,1403,20,958,311,0,209
1728463145936408000,1269,0,1164,282,0,247
1728463145937249000,1044,0,1370,264,0,308
1728463145938090000,804,11,1575,213,0,303
1728463145938932000,613,126,1644,64,8,314
1728463145939774000,437,293,1721,76,58,325
1728463145940616000,257,482,1729,45,94,331
1728463145941458000,109,704,1653,21,139,312
1728463145942300000,5,914,1551,0,175,281
1728463145943141000,0,1120,1366,0,206,242
1728463145943982000,0,1311,1173,0,231,200
1728463145944823000,8,1459,925,4,264,201
1728463145945665000,128,1566,693,33,271,137
1728463145946507000,286,1624,480,69,276,42
1728463145947349000,481,1710,277,116,277,0
1728463145948200000,733,1642,114,181,263,0
1728463145949042000,881,1345,2,200,297,0
1728463145949883000,1118,1268,0,259,217,0
1728463145950724000,1289,1092,0,292,149,0
1728463145951565000,1436,882,26,320,106,0
1728463145952407000,1544,661,161,334,74,29
1728463145953249000,1598,461,329,346,43,66
1728463145954091000,1575,261,541,340,9,110
1728463145954933000,1505,106,745,330,0,165
1728463145955775000,1384,0,995,299,0,222
1728463145956616000,1231,0,1219,254,0,274
1728463145957457000,963,0,1438,250,0,312
1728463145958298000,766,36,1574,106,0,290
1728463145959140000,561,146,1663,74,23,353
1728463145959982000,412,332,1723,73,71,335
1728463145960824000,228,529,1707,43,100,321
1728463145961675000,76,750,1635,10,148,302
1728463145962517000,0,962,1511,0,188,277
1728463145963358000,0,1162,1322,0,224,238
1728463145964199000,0,1344,1093,0,250,224
1728463145965040000,36,1494,858,8,265,185
1728463145965882000,168,1592,632,36,271,84
1728463145966724000,330,1694,433,71,278,36
1728463145967566000,551,1687,235,133,264,0
1728463145968408000,778,1581,71,162,330,0
1728463145969249000,943,1344,0,232,267,0
1728463145970090000,1157,1248,0,256,175,0
1728463145970931000,1333,1047,0,302,133,0
1728463145971773000,1466,833,65,320,98,0
1728463145972615000,1556,611,204,337,64,37
1728463145973457000,1600,409,378,341,34,74
1728463145974299000,1547,210,585,339,0,139
1728463145975142000,1464,78,834,326,0,177
1728463145975983000,1336,0,1069,296,0,217
1728463145976824000,1170,0,1285,249,0,266
1728463145977665000,928,0,1472,142,0,272
1728463145978506000,736,64,1586,106,9,343
1728463145979348000,554,249,1713,77,42,333
1728463145980190000,362,376,1735,66,66,330
1728463145981032000,178,581,1704,33,120,321
1728463145981874000,50,796,1604,2,163,301
1728463145982715000,0,1021,1466,0,193,279
1728463145983556000,0,1220,1278,0,226,226
1728463145984397000,0,1381,1028,0,258,226
1728463145985238000,64,1521,807,17,272,132
1728463145986080000,199,1603,591,47,274,70
1728463145986922000,383,1687,370,82,277,32
1728463145987764000,622,1658,178,114,272,2
1728463145988615000,791,1421,45,184,298,0
1728463145989457000,1018,1322,0,249,250,0
1728463145990298000,1201,1202,0,272,170,0
1728463145991139000,1361,993,1,303,126,0
1728463145991981000,1497,775,85,333,96,11
1728463145992823000,1578,576,240,334,50,50
1728463145993665000,1606,366,436,339,20,84
1728463145994507000,1525,189,658,341,0,142
1728463145995349000,1441,50,881,320,0,182
1728463145996190000,1317,2,1120,273,0,228
1728463145997031000,1124,0,1321,213,0,269
1728463145997872000,882,0,1509,169,0,282
1728463145998713000,671,90,1628,105,0,341
1728463145999555000,476,271,1723,82,45,322
1728463146000397000,314,424,1724,50,89,334
1728463146001239000,149,634,1678,11,122,320
1728463146002092000,18,861,1577,2,165,294
1728463146002933000,0,1064,1419,0,208,248
1728463146003774000,0,1260,1227,0,229,217
1728463146004615000,0,1416,980,5,258,204
1728463146005457000,93,1535,748,20,274,97
1728463146006299000,244,1623,538,46,269,64
1728463146007141000,429,1678,330,100,264,25
1728463146007983000,612,1469,159,144,341,0
1728463146008825000,855,1416,13,226,277,0
1728463146009666000,1064,1272,0,253,241,0
1728463146010507000,1248,1150,0,277,169,0
1728463146011348000,1408,940,4,306,114,0
1728463146012189000,1523,726,125,334,73,22
1728463146013031000,1587,509,285,346,57,50
1728463146013873000,1586,320,473,346,16,101
1728463146014715000,1536,146,698,330,0,158
1728463146015555000,1425,18,948,298,0,207
1728463146016396000,1279,0,1156,274,0,246
1728463146017237000,1085,0,1368,232,0,289
1728463146018078000,832,2,1559,209,0,301
1728463146018920000,625,127,1633,81,20,338
1728463146019762000,456,320,1728,68,52,338
1728463146020604000,271,482,1736,41,90,335
1728463146021446000,121,704,1658,17,132,320
1728463146022288000,0,911,1547,0,176,287
1728463146023129000,0,1109,1379,4,217,245
1728463146023970000,0,1301,1170,0,241,202
1728463146024811000,10,1452,919,0,258,206
1728463146025653000,125,1565,704,21,266,138
1728463146026495000,289,1623,484,64,269,55
1728463146027337000,480,1693,297,114,271,9
1728463146028179000,704,1476,122,146,329,0
1728463146029029000,894,1388,5,232,274,0
1728463146029870000,1111,1253,0,257,228,0
1728463146030711000,1292,1100,0,289,144,0
1728463146031552000,1438,897,32,320,114,0
1728463146032394000,1542,658,157,338,77,28
1728463146033236000,1592,462,322,346,37,69
1728463146034078000,1585,272,535,335,9,117
1728463146034920000,1486,116,770,332,0,164
1728463146035761000,1376,20,1003,302,0,206
1728463146036602000,1236,8,1217,267,0,266
1728463146037443000,997,0,1416,239,0,288
1728463146038285000,778,26,1543,110,0,302
1728463146039127000,585,177,1687,87,18,357
1728463146039969000,393,335,1730,66,68,334
1728463146040811000,221,529,1712,36,104,327
1728463146041653000,75,746,1634,10,149,304
1728463146042492000,0,965,1514,0,184,279
1728463146043333000,0,1163,1336,0,213,237
1728463146044174000,0,1345,1124,0,241,186
1728463146045015000,34,1495,885,8,266,168
1728463146045857000,154,1588,648,33,276,78
1728463146046699000,328,1675,432,74,279,40
1728463146047541000,551,1672,233,121,263,1
1728463146048383000,735,1445,77,170,316,0
1728463146049225000,965,1361,0,229,252,0
1728463146050066000,1159,1249,0,262,178,0
1728463146050907000,1329,1052,0,296,146,0
1728463146051748000,1472,834,50,322,105,5
1728463146052590000,1560,612,192,334,60,40
1728463146053431000,1600,414,373,353,26,74
1728463146054273000,1572,225,599,338,0,138
1728463146055114000,1478,71,814,327,0,181
1728463146055963000,1330,0,1045,253,0,215
1728463146056804000,1189,0,1268,237,0,263
1728463146057645000,946,0,1448,137,0,293
1728463146058487000,741,73,1584,122,0,346
1728463146059329000,535,241,1721,90,28,324
1728463146060171000,362,365,1730,69,77,338
1728463146061013000,192,578,1698,23,116,327
1728463146061855000,52,796,1615,7,157,297
1728463146062696000,0,1008,1468,0,192,258
1728463146063537000,0,1204,1286,0,228,226
1728463146064378000,0,1380,1054,0,258,218
1728463146065219000,64,1512,811,18,266,125
1728463146066061000,200,1600,586,42,279,67
1728463146066903000,389,1674,389,89,279,34
1728463146067745000,583,1500,205,130,322,0
1728463146068587000,778,1438,49,202,290,0
1728463146069439000,1042,1337,0,233,195,0
1728463146070280000,1202,1211,0,269,175,0
1728463146071120000,1369,997,0,298,133,0
1728463146071962000,1505,785,85,320,97,16
1728463146072804000,1570,571,241,349,55,39
1728463146073646000,1590,362,436,339,26,85
1728463146074488000,1528,188,641,335,0,137
1728463146075330000,1472,68,888,314,0,202
1728463146076171000,1315,0,1111,282,0,237
1728463146077011000,1155,2,1320,247,0,273
1728463146077852000,866,0,1520,239,0,327
1728463146078693000,681,78,1619,69,14,309
1728463146079535000,471,253,1700,41,38,368
1728463146080377000,320,426,1731,49,80,341
1728463146081219000,157,629,1680,25,123,314
1728463146082061000,18,841,1586,2,168,293
1728463146082911000,0,1053,1424,0,202,256
1728463146083752000,0,1248,1230,1,234,214
1728463146084593000,0,1417,960,0,258,224
1728463146085435000,93,1552,754,13,266,159
1728463146086277000,246,1615,538,53,282,53
1728463146087119000,418,1663,335,100,275,29
1728463146087961000,618,1482,154,125,337,0
1728463146088803000,848,1436,28,210,274,0
1728463146089644000,1075,1299,0,245,215,0
1728463146090485000,1247,1159,0,276,150,0
1728463146091326000,1406,951,8,314,133,0
1728463146092168000,1511,722,121,336,81,16
1728463146093010000,1582,521,275,338,49,64
1728463146093852000,1588,322,480,340,8,94
1728463146094694000,1513,154,713,334,0,151
1728463146095536000,1415,37,946,306,0,192
1728463146096405000,1277,2,1163,277,0,242
1728463146097246000,1097,0,1365,240,0,285
1728463146098087000,853,23,1540,148,0,344
1728463146098929000,650,165,1672,117,14,308
1728463146099771000,457,240,1826,84,98,346
1728463146100613000,284,466,1720,49,104,327
1728463146101455000,114,683,1662,16,138,314
1728463146102296000,4,898,1550,0,170,282
1728463146103137000,0,1109,1384,0,204,247
1728463146103978000,0,1306,1176,0,242,202
1728463146104819000,5,1443,937,4,261,132
1728463146105661000,132,1615,705,29,282,93
1728463146106503000,279,1632,493,64,313,58
1728463146107345000,475,1614,292,106,289,15
1728463146108187000,699,1527,130,154,201,0
1728463146109029000,1034,1433,10,215,192,0
1728463146109865000,1217,1264,26,261,174,0
1728463146110706000,1288,1103,0,289,149,0
1728463146111547000,1437,893,20,320,106,1
1728463146112389000,1544,673,161,338,73,21
1728463146113231000,1592,458,322,345,40,64
1728463146114073000,1584,272,525,343,17,112
1728463146114915000,1522,122,761,311,0,165
1728463146115756000,1411,10,992,297,0,202
1728463146116597000,1241,5,1204,258,0,253
1728463146117438000,1039,0,1413,210,0,276
1728463146118280000,837,21,1663,153,18,327
1728463146119122000,610,170,1760,107,64,348
1728463146119964000,410,333,1633,56,64,405
1728463146120806000,231,523,1715,42,93,320
1728463146121648000,78,738,1646,10,149,313
1728463146122490000,0,956,1509,0,186,282
1728463146123337000,0,1165,1332,0,218,249
1728463146124178000,0,1344,1117,0,254,198
1728463146125019000,42,1566,889,1,261,125
1728463146125861000,165,1621,661,47,330,78
1728463146126703000,322,1611,448,74,299,47
1728463146127545000,522,1583,239,122,230,4
1728463146128387000,727,1504,82,161,190,0
1728463146129229000,1066,1399,42,233,197,0
1728463146130070000,1209,1251,2,262,175,0
1728463146130911000,1331,1052,0,306,146,0
1728463146131752000,1464,837,57,320,101,4
1728463146132594000,1557,616,186,339,65,36
1728463146133436000,1600,409,365,344,32,74
1728463146134278000,1583,231,584,341,8,121
1728463146135120000,1476,101,817,324,0,164
1728463146135961000,1344,0,1055,284,0,220
1728463146136798000,1183,1,1268,248,0,258
1728463146137639000,965,2,1444,186,0,293
1728463146138481000,750,44,1582,130,10,314
1728463146139323000,565,186,1770,101,71,338
1728463146140165000,360,377,1712,64,71,360
1728463146141007000,194,576,1701,29,116,324
1728463146141849000,56,796,1608,9,161,309
1728463146142690000,0,1014,1477,0,193,287
1728463146143531000,0,1203,1287,0,224,233
1728463146144372000,0,1380,1068,0,252,171
1728463146145213000,56,1593,832,18,267,117
1728463146146055000,193,1646,616,42,302,77
1728463146146897000,362,1615,383,82,295,37
1728463146147739000,598,1568,199,105,189,13
1728463146148581000,909,1499,106,192,214,0
1728463146149423000,1057,1359,0,224,186,0
1728463146150277000,1200,1201,0,270,174,0
1728463146151118000,1363,997,0,303,133,0
1728463146151960000,1495,782,84,327,89,10
1728463146152802000,1588,569,234,335,53,42
1728463146153644000,1600,362,421,346,34,89
1728463146154486000,1568,193,644,342,9,131
1728463146155328000,1475,56,876,314,0,192
1728463146156169000,1327,0,1095,274,0,240
1728463146157010000,1151,10,1308,239,0,274
1728463146157851000,929,8,1563,181,18,299
1728463146158693000,709,69,1519,137,0,408
1728463146159535000,526,238,1641,92,71,362
1728463146160377000,322,416,1731,52,77,335
1728463146161219000,151,629,1681,22,126,320
1728463146162061000,23,836,1587,4,169,295
1728463146162902000,0,1049,1429,5,207,262
1728463146163745000,0,1240,1223,0,234,215
1728463146164586000,0,1398,1002,0,326,157
1728463146165428000,90,1520,775,15,298,117
1728463146166270000,238,1603,548,53,260,64
1728463146167112000,455,1626,344,96,261,29
1728463146167954000,698,1567,173,146,245,0
1728463146168796000,741,1472,26,266,226,21
1728463146169638000,970,1338,13,277,194,0
1728463146170479000,1239,1166,2,280,164,0
1728463146171320000,1399,960,2,309,122,0
1728463146172162000,1513,727,113,334,84,17
1728463146173004000,1580,521,270,338,42,53
1728463146173846000,1594,320,476,343,13,101
1728463146174688000,1525,149,705,322,4,149
1728463146175530000,1422,34,935,308,0,200
1728463146176371000,1281,2,1151,271,0,248
1728463146177274000,1095,0,1356,228,0,281
1728463146178115000,885,0,1428,165,9,389
1728463146178957000,703,128,1602,129,41,376
1728463146179799000,490,290,1690,64,42,266
1728463146180641000,277,470,1726,49,98,338
1728463146181483000,117,674,1657,15,135,320
1728463146182325000,17,894,1546,0,181,287
1728463146183166000,0,1109,1381,1,203,247
1728463146184007000,0,1300,1180,0,237,202
1728463146184848000,8,1425,955,0,266,153
1728463146185690000,122,1550,711,25,258,106
1728463146186531000,361,1614,490,64,263,58
1728463146187373000,510,1623,293,108,266,18
1728463146188215000,554,1566,114,218,233,36
1728463146189057000,808,1450,28,250,224,21
1728463146189898000,1039,1288,21,292,181,0
1728463146190690000,1285,1122,0,282,156,0
1728463146191531000,1436,896,24,320,114,0
1728463146192373000,1552,677,154,333,79,29
1728463146193215000,1596,473,322,346,41,58
1728463146194057000,1576,277,540,346,5,107
1728463146194899000,1527,106,757,334,2,166
1728463146195740000,1396,26,981,295,0,219
1728463146196581000,1234,2,1208,256,0,250
1728463146197422000,1062,0,1406,216,0,286
1728463146198263000,834,29,1458,165,0,397
1728463146199105000,618,122,1615,109,50,389
1728463146199947000,459,303,1684,79,54,263
1728463146200789000,237,517,1713,33,101,333
1728463146201631000,95,736,1643,11,157,306
1728463146202473000,0,945,1511,0,180,277
1728463146203314000,0,1149,1335,5,217,245
1728463146204159000,0,1329,1128,0,244,189
1728463146205000000,32,1442,882,10,320,137
1728463146205842000,162,1572,658,29,257,106
1728463146206684000,375,1621,457,71,266,47
1728463146207526000,559,1611,253,125,260,14
1728463146208368000,633,1535,73,242,245,41
1728463146209210000,880,1423,0,277,215,36
1728463146210051000,1077,1256,4,303,170,11
1728463146210892000,1325,1062,0,290,139,0
1728463146211733000,1472,842,56,322,101,1
1728463146212575000,1552,623,194,341,64,26
1728463146213417000,1592,410,373,346,34,73
1728463146214259000,1576,237,583,337,8,134
1728463146215101000,1491,102,813,312,0,182
1728463146215943000,1374,0,1044,293,0,207
1728463146216784000,1198,9,1259,253,0,258
1728463146217639000,986,5,1485,206,0,341
1728463146218480000,770,64,1496,139,0,405
1728463146219322000,565,192,1647,92,54,382
1728463146220164000,372,380,1712,56,64,296
1728463146221006000,194,576,1703,34,115,327
1728463146221848000,54,783,1609,8,157,306
1728463146222689000,0,1009,1472,0,193,274
1728463146223530000,0,1203,1281,0,225,229
1728463146224371000,0,1385,1066,0,250,188
1728463146225212000,57,1503,837,10,285,130
1728463146226054000,193,1596,610,46,261,82
1728463146226896000,412,1622,394,90,267,41
1728463146227738000,490,1608,213,186,253,29
1728463146228580000,695,1513,105,232,226,9
1728463146229421000,939,1379,0,164,203,0
1728463146230262000,1169,1202,0,254,167,0
1728463146231101000,1359,1001,0,306,138,0
1728463146231943000,1494,776,74,333,94,8
1728463146232785000,1572,568,229,332,47,46
1728463146233627000,1596,369,407,341,23,81
1728463146234469000,1557,196,637,338,0,142
1728463146235310000,1468,50,818,314,0,184
1728463146236151000,1317,0,1061,278,0,230
1728463146236992000,1153,0,1286,247,0,274
1728463146237833000,943,0,1426,178,0,362
1728463146238674000,787,98,1584,133,1,226
1728463146239516000,519,343,1677,105,50,279
1728463146240358000,330,414,1728,57,89,338
1728463146241200000,154,628,1693,18,117,324
1728463146242042000,33,843,1588,0,157,293
1728463146242883000,0,1059,1438,0,202,260
1728463146243724000,0,1252,1238,0,233,210
1728463146244623000,0,1412,1015,1,250,174
1728463146245465000,126,1523,776,21,265,121
1728463146246307000,306,1610,555,48,264,73
1728463146247149000,448,1631,349,128,261,30
1728463146247991000,546,1589,206,194,253,29
1728463146248833000,805,1495,23,146,229,0
1728463146249675000,1014,1350,0,207,206,0
1728463146250516000,1248,1158,0,277,175,0
1728463146251357000,1393,953,2,306,117,0
1728463146252199000,1519,731,112,335,77,13
1728463146253041000,1583,517,277,346,47,53
1728463146253883000,1595,320,462,346,21,105
1728463146254725000,1524,158,679,321,0,146
1728463146255567000,1443,37,918,320,0,192
1728463146256408000,1295,6,1138,277,0,239
1728463146257249000,1105,2,1357,229,0,273
1728463146258057000,919,28,1487,183,18,341
1728463146258898000,706,116,1616,133,10,264
1728463146259740000,441,382,1697,105,77,293
1728463146260582000,279,462,1728,52,87,327
1728463146261424000,117,677,1669,17,125,322
1728463146262266000,4,890,1555,0,178,296
1728463146263107000,0,1106,1378,0,213,252
1728463146263948000,0,1305,1176,0,247,219
1728463146264789000,9,1432,960,0,245,156
1728463146265631000,202,1549,719,26,252,97
1728463146266473000,321,1622,503,65,270,54
1728463146267315000,450,1624,303,133,273,30
1728463146268157000,621,1570,145,192,253,0
1728463146268999000,866,1457,0,170,237,5
1728463146269840000,1063,1302,0,199,192,11
1728463146270681000,1279,1116,0,286,144,0
1728463146271518000,1432,903,25,322,113,0
1728463146272360000,1534,678,156,338,74,26
1728463146273202000,1591,481,311,346,41,66
1728463146274044000,1592,281,518,338,8,111
1728463146274886000,1534,127,730,320,0,158
1728463146275728000,1402,17,975,306,0,206
1728463146276568000,1253,1,1183,260,0,245
1728463146277409000,1053,0,1398,218,0,293
1728463146278250000,842,2,1492,164,18,381
1728463146279092000,688,164,1625,114,30,233
1728463146279934000,420,429,1701,105,69,285
1728463146280776000,234,512,1729,45,104,334
1728463146281618000,89,722,1640,16,149,312
1728463146282460000,0,948,1513,0,178,287
1728463146283301000,0,1160,1344,0,215,251
1728463146284142000,0,1329,1124,0,241,186
1728463146284997000,42,1463,890,4,242,133
1728463146285839000,224,1568,670,38,257,93
1728463146286681000,377,1615,448,72,264,52
1728463146287523000,506,1620,249,148,260,18
1728463146288365000,662,1547,133,210,239,0
1728463146289207000,890,1426,0,149,217,0
1728463146290048000,1092,1252,0,212,186,0
1728463146290889000,1320,1065,0,299,144,0
1728463146291730000,1461,842,50,327,106,2
1728463146292572000,1562,628,184,335,64,34
1728463146293414000,1604,427,365,344,21,73
1728463146294256000,1572,235,583,343,11,122
1728463146295098000,1495,90,781,335,0,169
1728463146295939000,1369,0,1017,285,0,221
1728463146296780000,1188,0,1244,250,0,261
1728463146297621000,1003,0,1421,201,0,302
1728463146298459000,855,69,1544,145,0,221
1728463146299301000,551,292,1671,101,41,285
1728463146300143000,397,421,1702,73,71,304
1728463146300985000,197,565,1703,21,109,329
1728463146301827000,64,786,1618,5,149,302
1728463146302668000,0,1007,1477,0,196,272
1728463146303509000,0,1194,1291,0,229,233
1728463146304350000,0,1368,1072,0,250,181
1728463146305191000,151,1504,836,16,255,130
1728463146306033000,255,1600,612,32,266,90
1728463146306875000,407,1632,398,103,264,40
1728463146307716000,526,1618,215,156,264,25
1728463146308558000,743,1512,70,132,241,0
1728463146309400000,952,1397,0,180,205,16
1728463146310241000,1146,1221,0,247,163,0
1728463146311082000,1359,1005,0,293,130,0
1728463146311932000,1496,793,79,328,85,6
1728463146312774000,1566,585,226,343,56,52
1728463146313616000,1602,362,404,348,33,82
1728463146314458000,1564,201,634,335,0,139
1728463146315300000,1455,64,853,309,0,178
1728463146316141000,1338,1,1096,282,0,226
1728463146316982000,1162,5,1298,242,0,266
1728463146317823000,946,1,1463,188,0,235
1728463146318665000,757,74,1600,146,1,249
1728463146319507000,523,328,1684,136,64,303
1728463146320349000,331,453,1735,55,114,327
1728463146321191000,154,613,1689,23,119,322
1728463146322033000,31,841,1584,2,164,306
1728463146322874000,0,1054,1434,0,206,265
1728463146323715000,0,1248,1236,0,245,224
1728463146324556000,0,1415,1013,0,258,170
1728463146325408000,167,1524,788,16,249,113
1728463146326250000,303,1607,576,56,265,66
1728463146327092000,402,1632,354,132,270,37
1728463146327934000,553,1569,178,193,250,23
1728463146328776000,786,1472,30,121,226,0
1728463146329618000,1015,1349,0,205,196,4
1728463146330459000,1240,1168,0,274,167,0
1728463146331299000,1390,962,10,313,125,0
1728463146332141000,1510,736,106,334,84,21
1728463146332983000,1588,525,261,341,55,53
1728463146333825000,1589,325,460,345,10,90
1728463146334667000,1543,165,686,332,0,137
1728463146335509000,1447,34,913,305,0,194
1728463146336350000,1289,0,1133,265,0,235
1728463146337190000,1112,0,1332,224,0,281
1728463146338031000,911,0,1445,168,26,353
1728463146338879000,736,136,1614,117,0,252
1728463146339721000,448,398,1704,101,58,289
1728463146340563000,279,466,1723,47,96,334
1728463146341405000,124,684,1667,14,137,322
1728463146342247000,13,890,1555,0,178,293
1728463146343088000,0,1105,1392,0,213,250
1728463146343929000,0,1292,1192,0,242,203
1728463146344770000,13,1447,965,0,249,145
1728463146345612000,181,1558,738,28,266,111
1728463146346454000,284,1623,510,109,274,69
1728463146347296000,453,1626,309,130,264,20
1728463146348138000,618,1588,122,106,253,1
1728463146348980000,858,1492,34,184,224,5
1728463146349821000,1058,1350,21,233,194,0
1728463146350662000,1276,1117,0,282,160,0
1728463146351503000,1426,906,16,312,116,5
1728463146352356000,1535,680,138,337,66,17
1728463146353198000,1590,480,312,346,40,60
1728463146354040000,1586,274,518,341,11,106
1728463146354882000,1526,130,745,323,0,146
1728463146355724000,1422,21,974,302,0,196
1728463146356565000,1255,0,1181,258,0,229
1728463146357406000,1064,0,1392,226,0,274
1728463146358247000,813,130,1541,178,5,260
1728463146359089000,656,224,1654,149,37,301
1728463146359931000,413,210,1730,73,122,329
1728463146360773000,242,516,1713,38,109,329
1728463146361615000,87,721,1647,13,151,322
1728463146362456000,0,938,1514,0,185,286
1728463146363297000,0,1147,1337,4,225,242
1728463146364138000,0,1333,1126,0,245,197
1728463146364979000,96,1472,912,0,250,148
1728463146365833000,121,1585,671,68,274,98
1728463146366675000,299,1625,450,64,274,53
1728463146367517000,500,1617,250,107,263,20
1728463146368359000,718,1600,114,142,244,0
1728463146369201000,937,1426,18,203,221,0
1728463146370042000,1136,1246,106,254,206,0
1728463146370883000,1314,1072,0,297,144,0
1728463146371724000,1457,849,47,322,106,1
1728463146372566000,1553,633,178,333,65,32
1728463146373408000,1593,426,367,335,23,70
1728463146374250000,1575,244,585,338,5,113
1728463146375092000,1506,99,802,326,0,148
1728463146375933000,1376,0,1034,305,0,208
1728463146376774000,1217,5,1235,257,0,249
1728463146377615000,1012,1,1436,207,0,290
1728463146378457000,833,114,1589,142,7,297
1728463146379294000,569,96,1695,105,111,306
1728463146380136000,393,310,1706,73,13,314
1728463146380978000,205,557,1700,25,117,325
1728463146381820000,64,778,1618,18,151,299
1728463146382661000,0,997,1477,1,186,270
1728463146383502000,0,1195,1298,0,225,226
1728463146384343000,0,1363,1071,0,250,176
1728463146385184000,26,1507,847,63,265,138
1728463146386025000,166,1600,609,64,274,79
1728463146386867000,345,1632,401,67,265,45
1728463146387709000,559,1615,215,136,267,9
1728463146388551000,757,1535,82,170,244,0
1728463146389393000,984,1382,85,229,261,8
1728463146390234000,1176,1239,79,253,241,0
1728463146391075000,1350,1013,0,295,138,0
1728463146391916000,1487,799,77,325,85,8
1728463146392764000,1577,585,229,348,50,31
1728463146393606000,1591,377,427,343,23,82
1728463146394448000,1559,204,629,337,0,138
1728463146395290000,1472,64,847,324,0,180
1728463146396131000,1347,0,1088,290,0,229
1728463146396972000,1159,1,1300,256,0,266
1728463146397813000,962,20,1484,201,0,292
1728463146398654000,777,149,1615,136,23,298
1728463146399496000,516,137,1705,119,105,337
1728463146400338000,354,370,1738,52,11,338
1728463146401180000,159,617,1687,23,123,320
1728463146402022000,26,828,1593,9,164,299
1728463146402863000,0,1035,1438,0,202,261
1728463146403704000,0,1234,1245,0,234,221
1728463146404545000,0,1404,1014,0,261,181
1728463146405386000,58,1526,784,64,270,121
1728463146406246000,213,1607,562,77,276,70
1728463146407088000,394,1630,357,93,271,34
1728463146407930000,617,1593,176,142,260,5
1728463146408772000,832,1487,146,178,272,17
1728463146409614000,1033,1380,75,236,206,0
1728463146410455000,1231,1170,50,274,165,0
1728463146411296000,1385,965,0,312,122,0
1728463146412138000,1508,735,111,338,84,13
1728463146412980000,1582,530,269,340,48,52
1728463146413822000,1600,332,458,338,20,101
1728463146414664000,1546,164,686,334,0,142
1728463146415506000,1448,0,919,320,0,189
1728463146416347000,1300,0,1137,286,0,234
1728463146417188000,1111,0,1344,231,0,270
1728463146418029000,904,0,1518,175,53,286
1728463146418871000,697,53,1637,149,55,320
1728463146419714000,474,239,1704,84,5,314
1728463146420556000,345,449,1728,49,82,328
1728463146421398000,128,672,1667,23,144,320
1728463146422240000,10,890,1557,0,169,293
1728463146423081000,0,1097,1396,0,200,253
1728463146423922000,0,1295,1194,0,245,207
1728463146424763000,2,1449,969,0,262,149
1728463146425605000,98,1556,733,17,269,107
1728463146426447000,261,1624,509,64,277,64
1728463146427289000,459,1632,346,106,269,26
1728463146428131000,663,1581,212,149,298,0
1728463146428973000,868,1457,0,194,215,72
1728463146429815000,1100,1293,0,242,226,50
1728463146430656000,1269,1120,0,281,157,0
1728463146431497000,1426,910,18,312,116,0
1728463146432339000,1537,685,144,335,69,21
1728463146433188000,1592,484,313,343,42,64
1728463146434030000,1589,279,509,347,12,110
1728463146434871000,1538,125,722,312,5,154
1728463146435712000,1415,9,970,293,0,210
1728463146436553000,1250,0,1187,262,0,261
1728463146437394000,1065,0,1398,224,0,284
1728463146438235000,855,0,1549,183,40,308
1728463146439077000,642,122,1682,114,0,324
1728463146439919000,552,292,1773,87,34,343
1728463146440761000,245,512,1716,38,97,335
1728463146441603000,94,725,1651,10,145,305
1728463146442445000,0,938,1523,0,186,281
1728463146443286000,0,1149,1348,0,217,253
1728463146444127000,0,1319,1138,0,250,195
1728463146444968000,14,1475,907,0,266,148
1728463146445810000,137,1584,680,21,269,97
1728463146446660000,301,1631,469,66,271,50
1728463146447502000,497,1618,330,118,266,18
1728463146448344000,713,1581,154,157,245,0
1728463146449186000,919,1400,0,206,217,64
1728463146450027000,1137,1236,0,254,196,33
1728463146450868000,1316,1069,0,298,138,0
1728463146451709000,1464,857,53,320,98,0
1728463146452551000,1551,630,183,343,66,34
1728463146453393000,1598,424,354,342,37,78
1728463146454235000,1586,244,570,334,5,125
1728463146455077000,1506,71,804,331,0,167
1728463146455918000,1376,0,1025,298,0,218
1728463146456759000,1202,0,1252,260,0,253
1728463146457600000,1005,0,1415,213,0,288
1728463146458441000,817,0,1566,170,41,306
1728463146459283000,593,138,1681,89,0,325
1728463146460128000,498,335,1760,74,42,322
1728463146460970000,194,551,1710,30,113,322
1728463146461812000,65,776,1610,5,160,308
1728463146462653000,0,994,1482,0,186,282
1728463146463494000,0,1180,1295,0,229,231
1728463146464335000,0,1367,1076,0,254,178
1728463146465176000,40,1504,852,9,256,125
1728463146466018000,178,1603,625,36,274,85
1728463146466860000,354,1629,395,78,274,46
1728463146467702000,557,1620,242,119,257,20
1728463146468544000,799,1547,29,171,225,79
1728463146469386000,981,1399,0,222,213,65
1728463146470227000,1175,1218,0,266,199,44
1728463146471068000,1351,1013,0,298,134,0
1728463146471909000,1481,800,69,327,94,6
1728463146472751000,1567,594,225,329,49,53
1728463146473605000,1608,383,414,346,34,82
1728463146474447000,1556,203,631,343,0,133
1728463146475289000,1481,55,854,320,0,170
1728463146476130000,1344,0,1096,290,0,224
1728463146476971000,1165,0,1297,242,0,277
1728463146477812000,956,0,1485,197,0,282
1728463146478654000,788,66,1632,151,0,311
1728463146479496000,609,204,1758,110,18,330
1728463146480338000,242,400,1741,101,85,375
1728463146481180000,170,613,1692,30,118,321
1728463146482022000,33,824,1589,4,165,293
1728463146482863000,0,1038,1442,0,207,266
1728463146483704000,0,1230,1244,0,228,216
1728463146484545000,0,1396,1021,8,258,170
1728463146485387000,71,1533,871,8,271,129
1728463146486229000,217,1612,628,46,267,73
1728463146487071000,404,1631,370,97,277,98
1728463146487913000,618,1593,165,144,271,34
1728463146488755000,880,1526,0,186,242,0
1728463146489596000,1064,1346,0,228,192,0
1728463146490437000,1251,1172,0,266,149,0
1728463146491278000,1396,972,0,306,117,0
1728463146492120000,1509,743,109,328,82,7
1728463146492962000,1592,525,261,345,55,54
1728463146493804000,1593,338,465,343,11,101
1728463146494646000,1551,170,687,337,0,141
1728463146495487000,1445,29,916,306,0,192
1728463146496328000,1296,0,1147,280,0,250
1728463146497169000,1124,0,1363,242,0,276
1728463146498010000,982,0,1522,188,0,320
1728463146498852000,766,81,1648,126,0,320
1728463146499694000,394,250,1720,142,25,370
1728463146500545000,257,450,1735,73,77,338
1728463146501387000,125,657,1669,22,137,320
1728463146502229000,18,877,1550,0,184,293
1728463146503070000,0,1088,1395,0,207,258
1728463146503911000,0,1282,1192,0,234,206
1728463146504752000,2,1442,975,0,261,154
1728463146505594000,109,1554,806,23,276,110
1728463146506436000,261,1615,545,64,276,72
1728463146507278000,461,1624,295,98,269,52
1728463146508120000,679,1573,106,154,245,15
1728463146508962000,882,1466,0,203,214,0
1728463146509803000,1053,1436,0,256,200,0
1728463146510644000,1271,1182,0,297,156,0
1728463146511485000,1428,913,14,310,115,0
1728463146512327000,1544,688,144,330,67,28
1728463146513168000,1592,480,309,350,32,54
1728463146514028000,1586,287,522,344,16,109
1728463146514869000,1530,125,740,333,0,158
1728463146515711000,1416,11,982,306,0,198
1728463146516552000,1260,0,1197,266,0,234
1728463146517393000,1076,0,1400,218,0,272
1728463146518234000,945,2,1567,173,0,313
1728463146519075000,706,127,1679,112,10,322
1728463146519917000,322,296,1725,132,55,381
1728463146520759000,234,514,1713,34,103,335
1728463146521601000,101,718,1644,5,146,312
1728463146522442000,0,939,1521,0,185,277
1728463146523283000,0,1142,1347,9,215,238
1728463146524124000,0,1324,1140,0,242,186
1728463146524965000,18,1475,916,5,266,151
1728463146525807000,138,1578,757,34,274,104
1728463146526648000,308,1624,516,65,276,64
1728463146527485000,505,1622,253,114,258,64
1728463146528327000,736,1551,47,165,269,55
1728463146529169000,986,1430,0,205,210,0
1728463146530010000,1194,1300,0,253,178,0
1728463146530851000,1310,1082,0,290,148,0
1728463146531692000,1458,852,37,320,112,2
1728463146532534000,1553,637,174,338,64,30
1728463146533376000,1592,431,354,352,27,66
1728463146534218000,1575,240,565,338,2,114
1728463146535060000,1508,78,783,324,0,171
1728463146535901000,1383,0,1020,293,0,215
1728463146536741000,1218,0,1245,254,0,261
1728463146537582000,1017,0,1439,205,0,296
1728463146538423000,804,18,1600,154,0,302
1728463146539265000,706,154,1729,132,2,322
1728463146540107000,466,334,1730,74,53,338
1728463146540958000,206,554,1712,26,105,327
1728463146541800000,77,777,1623,9,162,299
1728463146542641000,0,992,1489,1,192,272
1728463146543482000,0,1185,1311,0,221,231
1728463146544323000,0,1359,1093,1,250,178
1728463146545164000,37,1506,852,1,269,136
1728463146546006000,178,1600,629,30,269,87
1728463146546848000,360,1632,464,82,273,40
1728463146547690000,549,1603,247,135,265,23
1728463146548532000,767,1504,0,183,260,64
1728463146549374000,989,1399,0,218,247,43
1728463146550215000,1216,1244,0,251,184,0
1728463146551056000,1352,1023,0,293,134,0
1728463146551897000,1492,804,74,329,96,5
1728463146552739000,1568,576,218,346,64,42
1728463146553581000,1600,374,400,350,27,88
1728463146554432000,1565,208,619,333,0,136
1728463146555274000,1493,74,832,322,0,181
1728463146556115000,1347,0,1062,290,0,220
1728463146556956000,1160,0,1282,245,0,257
1728463146557797000,960,0,1472,205,0,301
1728463146558638000,745,37,1607,128,0,322
1728463146559480000,628,197,1747,103,11,330
1728463146560322000,224,398,1704,123,58,361
1728463146561164000,170,602,1691,25,130,322
1728463146562006000,36,815,1592,10,162,302
1728463146562847000,0,1034,1436,0,201,264
1728463146563688000,0,1232,1258,0,232,222
1728463146564529000,0,1395,1030,0,253,177
1728463146565370000,68,1525,797,9,260,109
1728463146566212000,217,1610,654,45,282,75
1728463146567054000,400,1632,416,94,273,36
1728463146567899000,602,1596,178,130,260,36
1728463146568741000,826,1487,0,186,248,56
1728463146569582000,1048,1377,0,233,229,50
1728463146570423000,1261,1199,0,273,174,10
1728463146571264000,1394,972,0,310,135,0
1728463146572106000,1511,749,101,337,85,20
1728463146572948000,1577,538,257,338,50,52
1728463146573790000,1601,343,456,345,16,90
1728463146574632000,1546,183,680,335,0,146
1728463146575474000,1444,18,924,314,0,181
1728463146576315000,1305,0,1128,285,0,228
1728463146577156000,1120,0,1329,242,0,277
1728463146577997000,906,0,1511,181,0,306
1728463146578838000,719,50,1650,125,0,321
1728463146579680000,616,237,1744,104,9,330
1728463146580522000,356,421,1724,81,69,325
1728463146581371000,129,655,1668,18,132,320
1728463146582213000,21,873,1559,2,170,295
1728463146583054000,0,1088,1401,0,202,253
1728463146583895000,0,1276,1194,2,232,204
1728463146584736000,0,1439,968,0,253,162
1728463146585577000,96,1550,739,18,274,110
1728463146586419000,250,1615,512,57,270,64
1728463146587261000,455,1624,362,105,267,29
1728463146588103000,663,1581,170,150,251,1
1728463146588945000,882,1470,0,202,224,65
1728463146589786000,1072,1309,0,237,218,41
1728463146590627000,1267,1113,0,277,168,31
1728463146591468000,1416,910,11,320,113,0
1728463146592310000,1536,700,141,340,75,25
1728463146593152000,1598,491,314,342,36,64
1728463146593994000,1587,297,514,346,11,114
1728463146594846000,1530,129,736,338,0,157
1728463146595688000,1425,9,960,306,0,188
1728463146596529000,1256,0,1186,273,0,249
1728463146597370000,1058,0,1392,229,0,286
1728463146598211000,860,0,1558,178,29,306
1728463146599053000,650,101,1673,126,0,320
1728463146599895000,538,266,1748,87,26,322
1728463146600737000,320,498,1712,36,106,333
1728463146601579000,101,712,1656,20,137,311
1728463146602421000,0,930,1525,0,181,277
1728463146603262000,0,1140,1351,0,217,247
1728463146604103000,0,1314,1146,0,242,201
1728463146604944000,15,1462,920,8,266,141
1728463146605786000,137,1579,679,18,286,101
1728463146606628000,293,1623,465,64,266,58
1728463146607470000,490,1623,325,113,264,10
1728463146608318000,671,1564,165,164,258,0
1728463146609160000,916,1407,0,205,212,71
1728463146610001000,1124,1249,0,245,177,74
1728463146610842000,1290,1076,0,290,146,14
1728463146611683000,1454,860,43,321,101,4
1728463146612525000,1546,644,179,340,66,26
1728463146613367000,1588,427,346,343,34,69
1728463146614209000,1584,250,554,338,10,121
1728463146615051000,1512,96,788,331,0,168
1728463146615892000,1388,0,1016,302,0,212
1728463146616733000,1216,0,1228,266,0,250
1728463146617574000,1018,0,1416,215,0,274
1728463146618415000,810,0,1570,170,41,308
1728463146619257000,597,149,1669,93,0,331
1728463146620099000,508,325,1776,72,33,335
1728463146620941000,199,559,1710,45,109,320
1728463146621797000,64,765,1628,8,153,306
1728463146622638000,0,977,1495,0,192,274
1728463146623479000,0,1185,1301,0,226,237
1728463146624320000,0,1361,1093,0,245,186
1728463146625161000,46,1504,868,0,266,137
1728463146626003000,164,1593,634,37,273,79
1728463146626845000,338,1633,418,74,273,47
1728463146627687000,547,1603,282,128,258,13
1728463146628528000,765,1575,139,167,253,0
1728463146629370000,965,1389,0,217,196,64
1728463146630211000,1169,1206,0,254,178,42
1728463146631052000,1340,1027,0,304,136,0
1728463146631893000,1475,807,68,322,94,5
1728463146632735000,1567,581,207,341,66,42
1728463146633577000,1593,391,400,340,20,90
1728463146634419000,1572,207,613,338,0,122
1728463146635259000,1473,47,847,314,0,161
1728463146636100000,1330,0,1074,302,0,220
1728463146636941000,1173,0,1285,250,0,261
1728463146637782000,962,0,1465,202,0,298
1728463146638624000,767,36,1601,143,0,322
1728463146639466000,530,186,1703,90,0,330
1728463146640308000,410,381,1759,53,57,334
1728463146641150000,165,597,1693,26,121,322
1728463146641992000,42,818,1605,0,162,301
1728463146642833000,0,1041,1448,1,196,266
1728463146643674000,0,1230,1259,0,225,218
1728463146644515000,0,1401,1039,0,261,167
1728463146645356000,50,1534,810,5,267,132
1728463146646197000,207,1606,580,38,273,78
1728463146647039000,392,1629,369,84,277,41
1728463146647881000,604,1600,242,132,261,18
1728463146648738000,832,1540,117,178,274,0
1728463146649580000,1028,1362,0,237,201,100
1728463146650421000,1216,1170,0,275,153,82
1728463146651262000,1376,970,0,320,125,0
1728463146652103000,1507,746,98,335,90,9
1728463146652945000,1577,542,251,335,45,53
1728463146653787000,1600,339,450,345,11,92
1728463146654629000,1552,166,673,338,2,146
1728463146655470000,1463,40,893,321,0,193
1728463146656311000,1310,0,1120,276,0,235
1728463146657152000,1126,4,1336,235,0,272
1728463146657993000,925,2,1505,186,0,309
1728463146658835000,687,5,1638,126,86,309
1728463146659677000,506,210,1716,114,98,314
1728463146660519000,309,407,1727,67,47,324
1728463146661361000,138,656,1667,16,136,324
1728463146662206000,17,873,1564,1,162,289
1728463146663047000,0,1080,1402,0,207,261
1728463146663887000,0,1269,1206,0,233,199
1728463146664728000,0,1429,976,0,258,151
1728463146665569000,78,1548,746,70,266,101
1728463146666411000,237,1615,522,96,274,66
1728463146667253000,434,1626,320,92,270,27
1728463146668095000,650,1583,144,148,256,2
1728463146668937000,851,1486,13,181,237,0
1728463146669779000,1038,1296,87,233,224,0
1728463146670620000,1258,1131,85,282,201,4
1728463146671461000,1419,923,10,313,118,0
1728463146672303000,1527,704,132,328,71,21
1728463146673145000,1594,501,302,344,37,58
1728463146673987000,1592,298,510,345,18,113
1728463146674829000,1525,131,728,330,0,157
1728463146675671000,1412,22,960,320,0,206
1728463146676512000,1252,4,1173,269,0,250
1728463146677353000,1072,0,1378,218,0,289
1728463146678194000,869,50,1532,181,0,306
1728463146679035000,676,197,1653,97,52,303
1728463146679877000,421,218,1720,89,107,326
1728463146680719000,261,450,1711,30,46,325
1728463146681561000,109,706,1657,16,142,309
1728463146682403000,0,926,1526,0,184,282
1728463146683244000,0,1128,1355,0,213,245
1728463146684085000,0,1307,1150,0,250,196
1728463146684926000,21,1463,919,3,261,149
1728463146685768000,112,1567,686,74,271,101
1728463146686610000,282,1617,477,93,272,53
1728463146687452000,484,1626,274,102,265,22
1728463146688294000,687,1568,117,157,245,0
1728463146689143000,916,1441,4,206,234,0
1728463146689984000,1103,1260,85,249,193,0
1728463146690825000,1294,1054,79,274,149,0
1728463146691666000,1451,864,41,321,101,0
1728463146692508000,1550,660,170,338,69,26
1728463146693350000,1587,440,357,346,34,66
1728463146694192000,1584,258,553,338,5,118
1728463146695033000,1509,106,783,325,0,170
1728463146695875000,1380,2,1020,300,0,197
1728463146696716000,1217,0,1242,261,0,234
1728463146697557000,1022,11,1422,216,0,284
1728463146698398000,808,87,1566,173,5,292
1728463146699240000,611,73,1674,101,127,311
1728463146700082000,393,272,1710,90,119,334
1728463146700924000,212,533,1709,30,89,321
1728463146701766000,74,754,1631,11,153,306
1728463146702615000,0,974,1481,0,193,282
1728463146703456000,0,1174,1306,0,229,235
1728463146704297000,0,1353,1088,0,247,184
1728463146705138000,49,1496,864,11,267,138
1728463146705980000,151,1589,641,71,265,87
1728463146706821000,320,1632,420,103,272,43
1728463146707663000,538,1613,224,122,266,18
1728463146708504000,740,1544,58,133,254,21
1728463146709346000,952,1464,4,200,207,0
1728463146710187000,1154,1259,0,257,180,0
1728463146711028000,1344,1029,0,290,135,0
1728463146711869000,1474,815,64,328,96,2
1728463146712711000,1571,595,197,341,64,42
1728463146713553000,1600,394,383,342,36,79
1728463146714395000,1566,214,613,340,0,123
1728463146715237000,1489,68,833,313,0,159
1728463146716088000,1353,0,1075,285,0,213
1728463146716929000,1166,0,1279,245,0,264
1728463146717770000,975,1,1470,196,0,284
1728463146718611000,736,170,1586,164,14,269
1728463146719453000,576,277,1697,107,33,299
1728463146720295000,309,305,1721,64,138,320
1728463146721137000,168,599,1705,28,119,325
1728463146721979000,42,822,1600,1,164,308
1728463146722820000,0,1028,1456,0,192,267
1728463146723661000,0,1225,1255,0,241,226
1728463146724501000,0,1396,1052,0,249,178
1728463146725342000,159,1518,816,30,255,119
1728463146726184000,244,1604,597,100,267,85
1728463146727026000,370,1627,373,132,270,43
1728463146727868000,582,1598,199,129,254,5
1728463146728710000,775,1497,50,159,229,0
1728463146729565000,1003,1407,14,220,201,0
1728463146730406000,1197,1217,2,260,170,0
1728463146731247000,1378,974,4,308,132,0
1728463146732088000,1506,759,90,334,89,18
1728463146732930000,1581,544,247,340,47,50
1728463146733772000,1598,346,448,346,21,85
1728463146734614000,1548,168,666,341,0,141
1728463146735455000,1463,40,881,321,0,181
1728463146736296000,1320,0,1106,279,0,226
1728463146737137000,1130,6,1316,234,0,284
1728463146737978000,927,0,1491,186,0,308
1728463146738820000,736,208,1617,180,26,293
1728463146739662000,516,305,1703,82,132,314
1728463146740504000,298,370,1720,73,144,325
1728463146741346000,140,656,1677,17,125,325
1728463146742188000,23,872,1568,1,178,292
1728463146743037000,0,1082,1412,0,214,250
1728463146743878000,0,1265,1209,0,237,210
1728463146744719000,0,1434,990,0,264,165
1728463146745560000,151,1554,762,74,267,110
1728463146746402000,233,1616,532,85,265,70
1728463146747244000,434,1626,322,98,274,26
1728463146748086000,647,1584,159,146,254,1
1728463146748928000,839,1531,46,192,229,0
1728463146749769000,1048,1345,0,224,205,0
1728463146750610000,1229,1177,0,252,162,0
1728463146751451000,1412,924,1,308,114,0
1728463146752293000,1532,697,122,332,72,13
1728463146753135000,1577,488,290,341,37,56
1728463146753977000,1581,292,491,353,13,100
1728463146754818000,1532,137,716,328,0,153
1728463146755659000,1432,26,946,291,0,199
1728463146756558000,1272,7,1162,269,0,247
1728463146757399000,1086,4,1368,224,0,254
1728463146758240000,873,20,1541,170,6,302
1728463146759081000,613,224,1650,162,34,289
1728463146759923000,469,335,1704,65,101,320
1728463146760765000,225,392,1713,29,154,321
1728463146761607000,102,709,1656,11,138,314
1728463146762449000,0,913,1535,0,188,287
1728463146763290000,0,1120,1365,0,215,247
1728463146764131000,0,1301,1152,5,242,198
1728463146764972000,20,1464,920,0,270,151
1728463146765814000,199,1564,689,21,260,106
1728463146766656000,346,1629,476,119,257,64
1728463146767497000,470,1611,279,138,270,23
1728463146768339000,686,1556,107,179,250,0
1728463146769181000,898,1446,0,158,224,0
1728463146769982000,1098,1288,0,212,175,10
1728463146770823000,1291,1122,5,262,141,5
1728463146771664000,1455,883,38,320,106,1
1728463146772506000,1547,653,168,338,77,28
1728463146773348000,1600,448,333,348,34,69
1728463146774190000,1578,264,558,335,1,119
1728463146775031000,1514,107,792,328,0,160
1728463146775873000,1404,11,1003,301,0,209
1728463146776714000,1230,0,1219,258,0,255
1728463146777555000,1039,0,1428,214,0,289
1728463146778396000,832,37,1572,168,4,308
1728463146779237000,585,226,1653,106,31,272
1728463146780079000,427,416,1720,96,70,290
1728463146780921000,207,466,1697,31,173,321
1728463146781763000,76,748,1626,11,156,310
1728463146782604000,0,976,1494,0,194,281
1728463146783447000,0,1165,1311,0,218,234
1728463146784288000,0,1351,1102,0,248,192
1728463146785129000,45,1491,880,11,261,133
1728463146785971000,255,1587,637,37,266,84
1728463146786813000,392,1623,424,77,265,42
1728463146787655000,525,1614,234,165,261,15
1728463146788497000,723,1520,82,206,245,0
1728463146789339000,935,1414,0,160,218,0
1728463146790180000,1122,1247,0,220,177,0
1728463146791021000,1303,1028,0,272,136,1
1728463146791862000,1472,820,65,324,98,1
1728463146792704000,1558,602,200,335,58,37
1728463146793546000,1591,398,386,349,23,79
1728463146794388000,1568,226,610,337,5,119
1728463146795230000,1477,75,838,320,0,177
1728463146796071000,1348,0,1057,293,0,217
1728463146796920000,1190,4,1258,241,0,267
1728463146797761000,976,0,1455,192,0,301
1728463146798602000,791,74,1575,143,5,255
1728463146799444000,550,279,1683,103,40,288
1728463146800286000,380,440,1732,58,69,320
1728463146801128000,180,576,1687,28,143,322
1728463146801970000,45,805,1602,9,155,301
1728463146802811000,0,1024,1456,0,195,265
1728463146803652000,0,1221,1265,0,229,220
1728463146804493000,0,1391,1050,0,257,182
1728463146805334000,69,1524,820,18,270,131
1728463146806176000,261,1600,583,45,270,78
1728463146807018000,365,1625,373,128,261,41
1728463146807860000,583,1601,194,157,258,2
1728463146808702000,757,1508,39,143,229,0
1728463146809544000,993,1380,7,215,204,4
1728463146810399000,1193,1237,7,253,174,4
1728463146811240000,1377,977,0,301,125,0
1728463146812081000,1507,762,93,333,82,5
1728463146812923000,1576,554,247,352,52,42
1728463146813765000,1593,343,445,345,20,86
1728463146814607000,1552,181,663,335,0,141
1728463146815449000,1472,47,879,306,0,192
1728463146816290000,1329,3,1117,279,0,218
1728463146817131000,1144,0,1322,241,0,249
1728463146817972000,927,5,1508,199,0,282
1728463146818814000,677,206,1615,161,25,272
1728463146819656000,540,314,1693,96,53,309
1728463146820498000,310,363,1720,64,145,313
1728463146821340000,137,653,1680,20,125,320
1728463146822181000,19,862,1569,11,173,295
1728463146823022000,0,1065,1405,0,207,255
1728463146823863000,0,1268,1202,0,241,215
1728463146824704000,0,1434,988,0,256,169
1728463146825546000,168,1546,757,26,261,110
1728463146826388000,218,1611,539,98,266,69
1728463146827230000,418,1624,328,141,270,26
1728463146828071000,634,1577,151,138,263,1
1728463146828913000,832,1507,26,158,228,14
1728463146829755000,1051,1389,0,220,205,0
1728463146830596000,1234,1149,0,269,170,0
1728463146831437000,1405,930,6,316,120,0
1728463146832279000,1525,709,118,333,82,16
1728463146833121000,1588,494,290,338,42,53
1728463146833963000,1592,312,485,341,17,101
1728463146834805000,1528,137,719,329,0,162
1728463146835647000,1438,18,922,308,0,181
1728463146836488000,1263,5,1157,274,0,242
1728463146837332000,1081,0,1359,224,0,287
1728463146838173000,880,21,1546,173,0,316
1728463146839015000,697,214,1652,122,11,311
1728463146839857000,418,214,1731,90,114,327
1728463146840699000,265,441,1715,39,36,321
1728463146841541000,111,700,1657,16,137,320
1728463146842383000,0,919,1544,0,171,284
1728463146843224000,0,1127,1367,1,213,241
1728463146844065000,0,1311,1163,0,245,206
1728463146844906000,2,1459,943,3,265,154
1728463146845747000,98,1562,704,84,265,106
1728463146846589000,274,1622,485,90,266,58
1728463146847431000,474,1623,289,98,258,20
1728463146848273000,685,1567,124,162,250,0
1728463146849115000,904,1423,5,210,233,0
1728463146849956000,1103,1253,90,235,220,2
1728463146850802000,1272,1075,53,277,145,0
1728463146851643000,1448,875,15,321,114,0
1728463146852485000,1547,655,162,338,64,25
1728463146853327000,1591,451,341,345,34,54
1728463146854169000,1583,253,541,346,10,112
1728463146855011000,1515,106,764,323,0,170
1728463146855853000,1385,2,993,298,0,206
1728463146856694000,1231,0,1219,263,0,245
1728463146857535000,1033,0,1421,215,0,287
1728463146858376000,816,45,1571,167,1,320
1728463146859218000,598,57,1662,116,105,320
1728463146860060000,453,282,1728,79,118,335
1728463146860902000,341,511,1728,46,78,322
1728463146861744000,68,745,1639,11,149,306
1728463146862585000,0,960,1492,0,192,276
1728463146863426000,0,1178,1310,0,226,245
1728463146864279000,0,1344,1097,0,254,184
1728463146865120000,43,1490,874,2,263,138
1728463146865962000,154,1589,642,66,273,87
1728463146866804000,321,1626,435,70,273,48
1728463146867646000,535,1606,231,127,272,18
1728463146868487000,759,1545,79,166,244,0
1728463146869329000,963,1404,82,210,254,0
1728463146870170000,1157,1235,78,250,209,0
1728463146871011000,1325,1059,64,293,162,0
1728463146871852000,1472,823,65,325,96,11
1728463146872694000,1569,599,197,344,65,34
1728463146873536000,1602,404,390,340,25,82
1728463146874378000,1575,226,608,338,11,126
1728463146875220000,1479,72,835,327,0,175
1728463146876061000,1367,0,1059,293,0,218
1728463146876902000,1189,0,1271,255,0,256
1728463146877763000,985,5,1457,199,0,290
1728463146878604000,773,13,1611,149,49,314
1728463146879446000,543,137,1700,126,90,320
1728463146880288000,346,352,1738,55,31,329
1728463146881130000,265,576,1720,30,111,325
1728463146881972000,46,803,1608,1,157,306
1728463146882813000,0,1024,1463,0,194,271
1728463146883654000,0,1212,1264,0,226,213
1728463146884495000,0,1390,1050,0,258,170
1728463146885337000,64,1524,820,21,269,125
1728463146886179000,192,1600,589,37,277,82
1728463146887021000,373,1634,374,73,267,42
1728463146887863000,583,1604,195,138,254,11
1728463146888704000,788,1504,119,180,264,0
1728463146889546000,996,1396,57,222,215,0
1728463146890387000,1198,1202,0,262,156,89
1728463146891230000,1368,992,0,300,130,19
1728463146892071000,1501,772,90,320,84,13
1728463146892913000,1572,559,250,340,50,42
1728463146893755000,1600,345,442,346,29,90
1728463146894596000,1555,184,658,341,0,146
1728463146895438000,1464,52,899,310,0,196
1728463146896279000,1320,0,1125,282,0,235
1728463146897120000,1143,0,1324,239,0,277
1728463146897961000,927,0,1504,188,0,300
1728463146898803000,719,33,1627,157,50,312
1728463146899645000,512,194,1704,84,0,322
1728463146900487000,413,386,1753,53,32,322
1728463146901329000,159,636,1673,25,119,320
1728463146902171000,18,861,1571,2,170,299
1728463146903012000,0,1061,1415,0,206,257
1728463146903853000,0,1256,1212,4,233,212
1728463146904695000,0,1415,985,5,262,160
1728463146905537000,89,1546,754,34,274,117
1728463146906378000,234,1616,533,47,266,68
1728463146907220000,427,1637,329,93,274,29
1728463146908062000,640,1582,161,148,261,2
1728463146908904000,846,1458,121,198,264,0
1728463146909745000,1069,1361,64,242,233,0
1728463146910586000,1244,1176,57,267,169,0
1728463146911427000,1408,934,13,308,114,0
1728463146912268000,1520,715,128,332,82,16
1728463146913110000,1584,497,293,341,45,52
1728463146913952000,1583,312,482,339,13,105
1728463146914794000,1537,141,714,335,0,154
1728463146915636000,1439,31,922,309,0,177
1728463146916477000,1276,0,1159,273,0,229
1728463146917318000,1064,7,1359,230,0,279
1728463146918172000,874,21,1527,181,0,314
1728463146919014000,693,173,1652,116,94,309
1728463146919856000,462,229,1710,104,114,330
1728463146920698000,287,469,1727,30,37,331
1728463146921540000,109,696,1665,17,138,320
1728463146922382000,0,906,1535,0,178,282
1728463146923223000,0,1122,1368,0,226,250
1728463146924064000,0,1306,1161,0,242,202
1728463146924905000,18,1457,941,0,255,151
1728463146925746000,104,1568,712,45,266,101
1728463146926588000,267,1632,494,57,274,66
1728463146927430000,470,1612,286,109,266,25
1728463146928272000,699,1560,113,154,254,0
1728463146929114000,911,1430,106,196,248,0
1728463146929956000,1088,1311,84,245,220,0
1728463146930797000,1273,1119,69,282,170,0
1728463146931638000,1436,883,33,320,111,6
1728463146932480000,1548,658,159,338,73,26
1728463146933322000,1593,450,330,346,30,64
1728463146934164000,1580,266,541,337,9,114
1728463146935006000,1514,105,776,328,0,166
1728463146935847000,1401,2,997,305,0,217
1728463146936688000,1234,0,1206,250,0,247
1728463146937529000,1043,0,1413,205,0,287
1728463146938370000,824,21,1563,162,0,308
1728463146939212000,617,105,1676,128,64,309
1728463146940054000,390,274,1738,66,2,325
1728463146940896000,324,498,1741,42,84,325
1728463146941738000,78,746,1636,14,146,305
1728463146942579000,0,967,1505,0,176,272
1728463146943420000,0,1170,1327,4,221,229
1728463146944261000,0,1356,1113,0,249,181
1728463146945172000,34,1490,893,9,264,136
1728463146946014000,146,1593,650,22,273,97
1728463146946856000,329,1628,437,64,271,50
1728463146947698000,519,1613,247,122,261,10
1728463146948540000,738,1544,90,184,245,0
1728463146949381000,961,1425,74,221,266,0
1728463146950222000,1167,1262,53,250,219,0
1728463146951063000,1316,1076,50,290,175,2
1728463146951904000,1472,821,54,320,97,2
1728463146952746000,1556,609,197,338,64,29
1728463146953588000,1592,398,388,354,26,82
1728463146954430000,1569,213,591,334,8,128
1728463146955271000,1487,79,820,320,0,183
1728463146956112000,1368,1,1042,290,0,224
1728463146956953000,1199,0,1256,257,0,245
1728463146957794000,988,0,1438,202,0,296
1728463146958581000,770,66,1594,146,15,321
1728463146959423000,549,130,1683,116,85,321
1728463146960265000,377,343,1703,42,9,328
1728463146961107000,303,569,1720,29,84,320
1728463146961949000,50,797,1607,8,164,302
1728463146962790000,0,1013,1466,0,199,272
1728463146963631000,0,1208,1276,0,229,229
1728463146964472000,0,1383,1058,0,257,177
1728463146965313000,66,1521,821,8,264,129
1728463146966155000,178,1600,596,65,266,75
1728463146966996000,366,1636,383,77,277,34
1728463146967838000,576,1600,205,130,261,9
1728463146968680000,782,1523,53,169,238,0
1728463146969522000,983,1360,103,218,234,0
1728463146970363000,1197,1205,81,266,209,8
1728463146971204000,1365,1001,74,293,149,0
1728463146972055000,1504,778,87,330,93,4
1728463146972896000,1570,558,245,342,55,40
1728463146973738000,1600,365,426,339,25,90
1728463146974580000,1553,184,653,330,0,142
1728463146975422000,1466,58,884,320,0,192
1728463146976263000,1326,5,1123,288,0,218
1728463146977104000,1144,0,1322,247,0,258
1728463146977945000,928,0,1498,197,0,298
1728463146978786000,725,114,1613,145,17,305
1728463146979628000,496,133,1698,88,120,320
1728463146980470000,343,376,1715,64,0,322
1728463146981312000,242,617,1690,23,113,312
1728463146982154000,23,842,1570,2,167,297
1728463146982995000,0,1059,1412,3,210,260
1728463146983836000,0,1256,1224,0,231,218
1728463146984677000,0,1425,994,0,253,165
1728463146985568000,98,1549,757,21,266,113
1728463146986410000,224,1612,541,74,277,73
1728463146987252000,410,1623,333,92,267,32
1728463146988094000,631,1584,164,144,253,8
1728463146988936000,862,1494,28,178,229,0
1728463146989778000,1066,1334,94,229,237,1
1728463146990619000,1241,1151,82,273,197,0
1728463146991460000,1403,941,17,308,126,0
1728463146992302000,1520,722,121,332,79,15
1728463146993144000,1588,510,288,338,41,57
1728463146993986000,1595,320,497,345,18,98
1728463146994828000,1531,153,711,331,0,159
1728463146995670000,1434,32,940,309,0,199
1728463146996511000,1282,0,1153,270,0,237
1728463146997352000,1099,1,1357,231,0,285
1728463146998193000,885,13,1537,174,0,296
1728463146999001000,637,58,1660,138,75,312
1728463146999843000,455,245,1722,74,0,333
1728463147000685000,389,452,1730,46,69,320
1728463147001527000,122,688,1664,19,138,312
1728463147002369000,0,911,1541,0,180,285
1728463147003210000,0,1116,1378,0,211,241
1728463147004051000,0,1297,1167,0,245,201
1728463147004892000,18,1463,937,2,266,160
1728463147005734000,117,1565,704,11,281,105
1728463147006576000,274,1624,488,52,266,59
1728463147007418000,472,1627,290,102,266,18
1728463147008260000,674,1559,183,154,250,0
1728463147009102000,900,1463,78,210,254,0
1728463147009943000,1096,1320,42,234,207,0
1728463147010784000,1273,1109,34,272,137,42
1728463147011625000,1441,884,29,320,101,0
1728463147012469000,1543,663,158,335,73,18
1728463147013311000,1595,453,325,347,38,72
1728463147014153000,1584,271,529,340,10,122
1728463147014995000,1520,107,762,322,0,165
1728463147015836000,1406,0,993,293,0,207
1728463147016677000,1231,0,1210,266,0,241
1728463147017518000,1039,0,1401,210,0,285
1728463147018359000,832,30,1560,169,5,314
1728463147019201000,640,114,1661,112,0,344
1728463147020043000,539,294,1743,79,16,320
1728463147020885000,314,511,1749,37,81,320
1728463147021727000,77,739,1637,9,148,308
1728463147022569000,0,962,1507,0,185,276
1728463147023410000,0,1162,1320,0,226,242
1728463147024251000,0,1352,1120,0,245,202
1728463147025092000,47,1489,887,11,264,134
1728463147025948000,145,1587,658,23,273,87
1728463147026790000,313,1632,448,70,273,52
1728463147027632000,526,1607,305,116,264,14
1728463147028474000,743,1544,137,165,247,0
1728463147029316000,939,1442,42,209,195,0
1728463147030157000,1149,1239,0,261,170,57
1728463147030998000,1326,1026,0,303,141,68
1728463147031839000,1473,832,53,322,98,1
1728463147032681000,1560,612,198,338,64,34
1728463147033523000,1600,407,374,348,26,78
1728463147034365000,1570,228,590,338,4,121
1728463147035207000,1482,81,824,330,0,177
1728463147036048000,1355,0,1042,308,0,212
1728463147036889000,1192,0,1250,247,0,257
1728463147037730000,981,0,1439,201,0,289
1728463147038571000,778,53,1594,151,8,309
1728463147039418000,559,162,1682,86,0,313
1728463147040260000,458,357,1773,78,45,324
1728463147041102000,57,565,1656,89,107,354
1728463147041944000,50,800,1617,8,154,301
1728463147042785000,0,1016,1464,0,194,265
1728463147043626000,0,1210,1280,0,232,218
1728463147044467000,0,1386,1058,0,261,175
1728463147045308000,58,1519,839,17,269,129
1728463147046150000,185,1602,601,46,279,96
1728463147046992000,366,1632,394,77,269,46
1728463147047834000,576,1600,218,132,254,5
1728463147048676000,792,1518,98,186,245,0
1728463147049518000,1015,1404,41,225,213,64
1728463147050359000,1183,1183,0,256,164,68
1728463147051200000,1344,960,0,287,130,64
1728463147052042000,1498,776,90,322,89,17
1728463147052888000,1570,567,240,340,56,49
1728463147053730000,1601,353,424,349,28,90
1728463147054572000,1560,186,637,333,4,141
1728463147055414000,1465,64,874,322,0,194
1728463147056255000,1321,0,1101,285,0,218
1728463147057096000,1145,0,1310,242,0,271
1728463147057937000,936,0,1490,192,0,322
1728463147058778000,722,77,1632,148,0,334
1728463147059620000,625,224,1760,104,23,337
1728463147060462000,199,426,1720,120,64,373
1728463147061304000,96,613,1721,58,122,320
1728463147062146000,28,842,1576,9,173,303
1728463147062987000,0,1058,1414,0,207,261
1728463147063828000,0,1252,1217,0,242,213
1728463147064669000,0,1413,1003,0,254,165
1728463147065511000,90,1541,767,17,265,116
1728463147066363000,226,1613,647,50,272,72
1728463147067205000,421,1632,378,100,272,37
1728463147068047000,634,1582,149,145,253,31
1728463147068889000,855,1490,18,198,226,18
1728463147069730000,1116,1359,0,249,203,0
1728463147070571000,1273,1149,0,273,144,0
1728463147071412000,1408,944,0,306,121,0
1728463147072254000,1522,732,118,334,82,26
1728463147073096000,1592,515,284,338,49,58
1728463147073938000,1589,326,484,345,14,98
1728463147074780000,1532,154,712,335,0,149
1728463147075622000,1433,23,942,314,0,199
1728463147076463000,1284,0,1144,269,0,240
1728463147077304000,1098,0,1370,230,0,282
1728463147078145000,891,5,1533,177,1,309
1728463147078987000,744,101,1664,132,2,321
1728463147079839000,362,266,1703,146,42,377
1728463147080681000,242,466,1724,0,100,320
1728463147081523000,111,689,1658,2,133,325
1728463147082364000,5,901,1546,0,174,285
1728463147083205000,0,1107,1376,0,224,242
1728463147084046000,0,1300,1170,0,240,207
1728463147084887000,4,1445,944,0,258,151
1728463147085729000,122,1566,708,25,279,105
1728463147086571000,282,1632,530,57,274,69
1728463147087413000,477,1623,276,106,261,85
1728463147088254000,678,1560,109,159,252,29
1728463147089096000,949,1461,0,210,218,0
1728463147089937000,1089,1397,0,244,197,0
1728463147090778000,1257,1228,0,297,162,0
1728463147091619000,1437,898,29,320,107,5
1728463147092461000,1544,674,159,333,71,20
1728463147093301000,1585,462,331,345,33,64
1728463147094143000,1584,276,532,335,13,114
1728463147094985000,1518,122,767,320,0,169
1728463147095826000,1407,9,999,309,0,205
1728463147096667000,1239,0,1217,266,0,244
1728463147097508000,1047,0,1415,218,0,299
1728463147098349000,833,20,1567,170,0,309
1728463147099191000,578,138,1664,197,18,353
1728463147100033000,341,321,1764,109,53,325
1728463147100875000,184,548,1701,0,101,333
1728463147101717000,88,729,1633,11,154,308
1728463147102559000,0,954,1504,0,185,284
1728463147103400000,0,1156,1319,0,221,242
1728463147104241000,0,1336,1114,0,246,193
1728463147105082000,37,1487,891,0,260,146
1728463147105923000,154,1591,715,34,274,93
1728463147106773000,322,1624,437,74,277,110
1728463147107615000,520,1617,226,117,265,57
1728463147108457000,740,1540,90,170,244,0
1728463147109299000,951,1412,0,219,215,0
1728463147110140000,1125,1363,0,276,194,0
1728463147110981000,1326,1043,0,290,121,0
1728463147111822000,1460,825,58,325,98,0
1728463147112664000,1557,608,192,341,64,37
1728463147113506000,1600,412,378,343,23,79
1728463147114348000,1576,232,597,340,2,121
1728463147115190000,1490,81,819,325,0,178
1728463147116031000,1370,0,1066,298,0,218
1728463147116872000,1198,0,1266,252,0,260
1728463147117713000,994,0,1448,201,0,292
1728463147118555000,789,64,1600,154,2,330
1728463147119397000,498,202,1731,159,26,351
1728463147120247000,341,373,1709,23,78,342
1728463147121089000,179,637,1712,9,125,320
1728463147121931000,50,789,1612,5,148,298
1728463147122772000,0,1007,1449,0,197,261
1728463147123613000,0,1212,1276,0,226,228
1728463147124454000,0,1377,1066,0,248,175
1728463147125295000,66,1517,832,18,272,131
1728463147126137000,202,1604,588,37,280,142
1728463147126979000,375,1632,380,85,266,37
1728463147127821000,576,1608,198,145,253,0
1728463147128663000,791,1556,58,184,242,0
1728463147129505000,1040,1450,0,231,206,0
1728463147130346000,1221,1248,0,244,221,0
1728463147131187000,1379,882,0,277,210,0
1728463147132029000,1496,782,84,327,82,6
1728463147132871000,1568,558,234,338,56,41
1728463147133729000,1595,363,423,341,29,87
1728463147134571000,1558,199,637,329,0,146
1728463147135413000,1468,54,869,314,0,176
1728463147136254000,1296,10,1106,290,0,234
1728463147137095000,1113,0,1311,247,0,278
1728463147137936000,906,0,1498,197,0,304
1728463147138777000,718,77,1635,141,21,324
1728463147139619000,469,231,1689,41,41,363
1728463147140461000,296,471,1737,39,82,303
1728463147141303000,141,623,1781,14,170,338
1728463147142145000,26,849,1575,0,169,300
1728463147142986000,0,1060,1429,0,194,257
1728463147143827000,0,1251,1234,0,232,213
1728463147144668000,0,1422,1009,0,250,168
1728463147145510000,90,1543,785,20,273,108
1728463147146352000,234,1613,533,57,273,50
1728463147147202000,421,1700,330,89,276,16
1728463147148044000,632,1635,175,142,254,0
1728463147148886000,845,1481,30,194,265,0
1728463147149728000,1023,1245,0,232,261,0
1728463147150569000,1217,1069,0,293,221,0
1728463147151410000,1394,872,0,332,169,0
1728463147152252000,1520,724,116,328,82,20
1728463147153094000,1592,522,272,343,42,53
1728463147153936000,1588,325,473,345,14,107
1728463147154777000,1548,146,695,334,2,146
1728463147155619000,1432,29,921,304,0,201
1728463147156460000,1268,0,1160,277,0,247
1728463147157301000,1097,0,1359,224,0,287
1728463147158142000,895,8,1520,170,0,309
1728463147158984000,661,133,1661,122,11,343
1728463147159826000,453,309,1728,71,52,321
1728463147160664000,267,468,1814,28,125,360
1728463147161506000,126,682,1650,9,125,395
1728463147162348000,0,895,1563,2,174,292
1728463147163189000,0,1106,1386,1,215,254
1728463147164030000,0,1284,1175,0,241,199
1728463147164871000,16,1451,945,1,267,151
1728463147165713000,117,1566,719,26,272,114
1728463147166554000,282,1711,494,64,266,45
1728463147167396000,469,1668,303,110,265,14
1728463147168237000,690,1555,122,162,290,0
1728463147169079000,904,1406,0,206,277,0
1728463147169920000,1122,1243,0,266,218,0
1728463147170761000,1313,1066,0,297,69,0
1728463147171602000,1439,881,29,309,66,0
1728463147172444000,1537,672,154,340,71,25
1728463147173286000,1593,467,320,348,42,69
1728463147174198000,1600,280,533,338,9,114
1728463147175040000,1519,122,762,331,0,156
1728463147175881000,1403,9,989,304,0,197
1728463147176722000,1224,0,1211,254,0,245
1728463147177563000,1023,0,1407,221,0,274
1728463147178404000,842,26,1559,166,9,320
1728463147179246000,596,151,1656,79,39,357
1728463147180088000,402,346,1724,64,64,320
1728463147180930000,226,520,1806,37,153,330
1728463147181772000,85,733,1641,14,149,325
1728463147182614000,0,956,1508,0,188,282
1728463147183455000,0,1156,1327,0,223,239
1728463147184295000,0,1333,1109,0,253,192
1728463147185136000,29,1479,900,0,254,141
1728463147185978000,159,1585,663,42,266,97
1728463147186820000,322,1629,434,73,277,37
1728463147187610000,528,1694,242,122,269,10
1728463147188452000,738,1579,84,166,250,0
1728463147189294000,963,1320,0,205,297,0
1728463147190135000,1122,1184,2,266,247,0
1728463147190976000,1306,978,0,312,201,0
1728463147191817000,1460,837,64,323,101,4
1728463147192659000,1562,621,192,340,66,37
1728463147193501000,1596,416,373,341,26,74
1728463147194343000,1588,239,586,339,8,117
1728463147195185000,1488,85,813,327,0,173
1728463147196027000,1365,0,1050,298,0,224
1728463147196868000,1178,0,1267,258,0,266
1728463147197709000,974,5,1455,206,0,308
1728463147198551000,781,56,1612,154,1,320
1728463147199393000,549,192,1700,84,34,357
1728463147200235000,341,425,1760,53,73,325
1728463147201075000,193,549,1812,21,141,340
1728463147201917000,56,783,1607,5,162,306
1728463147202758000,0,1004,1472,0,189,279
1728463147203599000,0,1200,1280,1,224,228
1728463147204440000,0,1361,1057,0,256,167
1728463147205281000,56,1515,840,18,267,122
1728463147206123000,186,1600,596,42,272,118
1728463147206965000,372,1632,373,82,276,26
1728463147207807000,576,1664,200,126,258,6
1728463147208649000,796,1553,64,181,239,0
1728463147209490000,1038,1439,0,226,224,0
1728463147210331000,1237,1271,0,273,185,0
1728463147211172000,1392,1065,0,287,226,0
1728463147212013000,1492,778,89,334,95,10
1728463147212855000,1576,582,230,339,64,58
1728463147213697000,1607,372,421,346,23,85
1728463147214553000,1560,192,639,340,0,137
1728463147215394000,1472,54,862,327,0,186
1728463147216235000,1328,2,1088,287,0,233
1728463147217076000,1149,2,1300,242,0,274
1728463147217917000,949,2,1479,192,0,320
1728463147218758000,718,96,1632,148,2,325
1728463147219600000,458,238,1698,26,34,306
1728463147220442000,293,410,1714,20,81,353
1728463147221284000,157,658,1675,0,130,306
1728463147222126000,26,843,1586,5,158,298
1728463147222967000,0,1055,1429,0,210,254
1728463147223808000,0,1255,1234,0,240,211
1728463147224649000,0,1413,1015,1,253,165
1728463147225491000,93,1536,782,20,276,111
1728463147226333000,232,1620,535,42,277,139
1728463147227175000,421,1632,330,93,265,25
1728463147228026000,629,1581,165,149,264,0
1728463147228868000,841,1517,37,198,250,0
1728463147229709000,1058,1421,0,271,218,0
1728463147230550000,1274,1228,0,285,169,0
1728463147231391000,1432,1022,0,314,119,0
1728463147232233000,1516,730,111,325,75,22
1728463147233075000,1580,517,271,341,44,42
1728463147233917000,1596,322,473,345,17,103
1728463147234759000,1540,158,692,334,0,151
1728463147235601000,1438,30,926,307,0,197
1728463147236442000,1289,0,1145,273,0,237
1728463147237283000,1103,0,1357,229,0,281
1728463147238124000,895,0,1527,182,1,302
1728463147238965000,671,110,1649,138,28,338
1728463147239807000,420,258,1749,132,41,327
1728463147240649000,253,469,1728,13,85,363
1728463147241540000,104,715,1669,6,132,295
1728463147242382000,2,891,1551,0,177,290
1728463147243223000,0,1099,1384,4,215,250
1728463147244064000,0,1285,1176,1,242,202
1728463147244904000,10,1444,949,5,261,154
1728463147245746000,122,1565,718,25,276,105
1728463147246588000,279,1624,494,64,272,133
1728463147247430000,462,1638,285,106,267,73
1728463147248272000,700,1565,120,164,258,0
1728463147249114000,904,1526,0,207,237,0
1728463147249955000,1088,1404,0,270,206,0
1728463147250796000,1289,1189,0,320,154,0
1728463147251637000,1447,969,1,321,110,0
1728463147252479000,1535,673,149,338,74,26
1728463147253321000,1593,464,313,345,43,64
1728463147254163000,1578,279,522,343,8,113
1728463147254964000,1528,125,746,325,0,155
1728463147255806000,1399,5,977,305,0,210
1728463147256647000,1244,2,1208,267,0,250
1728463147257488000,1046,0,1406,217,0,281
1728463147258329000,821,34,1547,173,10,320
1728463147259171000,560,141,1683,154,18,337
1728463147260013000,366,309,1720,9,64,309
1728463147260855000,204,538,1725,10,105,352
1728463147261697000,74,736,1640,5,154,320
1728463147262539000,0,942,1503,0,197,282
1728463147263380000,0,1146,1336,0,212,241
1728463147264221000,0,1329,1121,5,237,186
1728463147265062000,34,1477,893,4,261,135
1728463147265904000,149,1584,671,33,274,95
1728463147266746000,320,1632,423,75,274,104
1728463147267588000,527,1614,245,117,274,0
1728463147268435000,730,1601,89,170,234,0
1728463147269277000,943,1500,0,224,220,0
1728463147270118000,1181,1325,4,266,192,0
1728463147270959000,1344,1125,0,298,138,0
1728463147271800000,1464,853,52,324,119,0
1728463147272642000,1557,624,186,332,66,34
1728463147273484000,1596,421,365,345,23,71
1728463147274326000,1566,238,587,338,5,128
1728463147275168000,1499,89,805,331,0,174
1728463147276009000,1372,0,1037,291,0,231
1728463147276850000,1202,0,1259,254,0,266
1728463147277691000,1013,0,1448,203,0,299
1728463147278532000,783,58,1594,165,0,329
1728463147279374000,506,178,1735,142,21,329
1728463147280216000,340,354,1710,27,64,363
1728463147281058000,178,622,1728,11,110,333
1728463147281919000,65,779,1616,5,156,306
1728463147282760000,0,999,1474,0,192,265
1728463147283601000,0,1198,1287,6,225,220
1728463147284442000,0,1370,1072,0,253,178
1728463147285283000,55,1506,834,18,266,131
1728463147286125000,195,1606,601,40,274,133
1728463147286967000,373,1633,377,82,274,77
1728463147287809000,565,1608,201,130,258,0
1728463147288651000,780,1566,66,181,248,0
1728463147289492000,992,1475,0,258,227,0
1728463147290333000,1224,1287,0,282,173,0
1728463147291174000,1401,1100,0,320,148,0
1728463147292016000,1506,795,82,329,96,8
1728463147292858000,1565,582,230,338,50,37
1728463147293700000,1600,370,415,345,26,82
1728463147294542000,1560,205,638,335,7,139
1728463147295383000,1468,69,865,320,0,185
1728463147296224000,1336,0,1096,290,0,207
1728463147297065000,1159,0,1311,245,0,266
1728463147297906000,941,0,1491,195,0,286
1728463147298747000,732,72,1631,150,14,322
1728463147299589000,454,217,1728,133,49,360
1728463147300431000,288,413,1713,0,71,330
1728463147301273000,125,674,1707,9,126,309
1728463147302115000,23,832,1588,5,167,296
1728463147302956000,0,1041,1423,5,202,263
1728463147303797000,0,1242,1234,0,239,220
1728463147304638000,0,1405,1009,0,258,166
1728463147305479000,85,1541,777,10,265,128
1728463147306321000,228,1613,593,50,266,125
1728463147307163000,405,1625,325,96,270,81
1728463147308005000,622,1586,153,151,258,16
1728463147308855000,837,1496,42,186,234,0
1728463147309696000,1019,1467,0,253,210,0
1728463147310537000,1234,1272,0,306,172,0
1728463147311378000,1404,1031,0,334,133,0
1728463147312220000,1511,729,112,333,85,17
1728463147313062000,1584,527,264,349,51,58
1728463147313904000,1594,329,474,335,14,104
1728463147314746000,1535,162,682,330,0,144
1728463147315588000,1433,30,919,311,0,197
1728463147316429000,1300,0,1146,277,0,238
1728463147317270000,1103,0,1346,233,0,276
1728463147318111000,898,0,1523,186,0,306
1728463147318952000,653,101,1664,130,11,339
1728463147319794000,407,257,1738,124,43,320
1728463147320636000,242,456,1721,18,88,363
1728463147321478000,98,730,1676,0,125,298
1728463147322326000,9,888,1562,1,169,296
1728463147323167000,0,1097,1390,0,203,245
1728463147324008000,0,1294,1189,0,228,202
1728463147324849000,2,1447,960,2,258,151
1728463147325691000,114,1560,730,28,276,101
1728463147326533000,269,1625,487,58,273,117
1728463147327375000,461,1619,295,106,261,17
1728463147328217000,674,1592,141,161,258,0
1728463147329059000,884,1472,8,206,231,0
1728463147329901000,1127,1344,0,237,205,0
1728463147330742000,1304,1012,0,271,253,0
1728463147331583000,1423,810,21,308,182,0
1728463147332425000,1544,682,148,334,77,21
1728463147333267000,1585,467,322,345,39,59
1728463147334109000,1586,287,509,336,13,114
1728463147334951000,1525,121,745,320,0,159
1728463147335790000,1407,11,976,305,0,199
1728463147336631000,1234,0,1199,272,0,249
1728463147337472000,1045,0,1399,217,0,279
1728463147338313000,823,25,1559,170,0,309
1728463147339155000,624,144,1664,106,29,335
1728463147339997000,405,370,1736,47,57,330
1728463147340839000,226,490,1823,37,122,325
1728463147341681000,82,732,1719,9,180,306
1728463147342522000,0,941,1516,0,183,279
1728463147343363000,0,1154,1344,0,219,242
1728463147344204000,0,1340,1130,0,251,199
1728463147345045000,34,1480,909,1,264,146
1728463147345887000,151,1589,677,34,274,85
1728463147346729000,320,1627,448,82,277,34
1728463147347571000,514,1694,256,122,270,10
1728463147348412000,728,1603,93,164,249,0
1728463147349268000,942,1376,0,217,264,0
1728463147350109000,1123,1175,0,261,245,0
1728463147350950000,1289,987,0,301,201,0
1728463147351791000,1462,789,53,338,142,4
1728463147352633000,1555,633,181,334,69,37
1728463147353475000,1600,428,361,340,32,81
1728463147354317000,1578,241,576,335,8,114
1728463147355159000,1506,90,808,326,1,171
1728463147356000000,1372,0,1031,299,0,217
1728463147356841000,1181,0,1252,258,0,265
1728463147357682000,988,0,1439,202,0,282
1728463147358523000,779,47,1595,152,2,322
1728463147359365000,553,164,1688,87,26,325
1728463147360207000,357,381,1717,43,75,329
1728463147361049000,181,555,1785,23,146,348
1728463147361891000,34,778,1608,2,142,346
1728463147362739000,0,992,1474,0,188,264
1728463147363580000,0,1203,1296,0,225,233
1728463147364421000,0,1372,1080,0,249,170
1728463147365262000,64,1509,850,13,279,124
1728463147366103000,192,1600,618,50,274,85
1728463147366945000,357,1632,388,78,271,25
1728463147367787000,576,1656,210,134,264,0
1728463147368629000,779,1567,66,178,257,0
1728463147369470000,983,1301,0,222,273,0
1728463147370311000,1183,1141,0,298,229,0
1728463147371152000,1347,913,0,301,210,0
1728463147371993000,1484,798,65,325,96,9
1728463147372835000,1579,578,218,335,58,44
1728463147373677000,1589,393,413,345,26,87
1728463147374519000,1559,200,636,336,4,132
1728463147375360000,1468,57,858,323,0,181
1728463147376207000,1329,0,1085,290,0,235
1728463147377048000,1143,0,1313,239,0,282
1728463147377889000,942,0,1479,197,0,302
1728463147378731000,725,97,1621,147,10,320
1728463147379573000,493,224,1703,64,45,343
1728463147380415000,320,462,1731,41,79,314
1728463147381257000,167,606,1781,5,159,334
1728463147382099000,37,835,1600,2,165,295
1728463147382940000,0,1051,1436,2,197,265
1728463147383781000,0,1231,1244,0,234,210
1728463147384622000,0,1404,1016,0,261,165
1728463147385463000,79,1535,788,20,272,116
1728463147386305000,230,1612,548,42,274,64
1728463147387147000,415,1722,352,93,274,18
1728463147387989000,612,1635,178,148,257,0
1728463147388831000,836,1482,34,189,289,0
1728463147389690000,1034,1290,0,250,262,0
1728463147390531000,1237,1120,0,298,210,0
1728463147391372000,1407,911,0,320,155,0
1728463147392214000,1514,751,110,330,85,12
1728463147393056000,1584,535,266,343,50,64
1728463147393898000,1600,332,460,339,26,96
1728463147394740000,1545,162,686,327,0,139
1728463147395582000,1437,37,917,308,0,189
1728463147396423000,1269,8,1153,277,0,232
1728463147397264000,1096,0,1355,233,0,282
1728463147398105000,893,2,1528,165,2,314
1728463147398947000,688,109,1648,122,26,330
1728463147399789000,465,312,1733,64,46,335
1728463147400631000,266,437,1829,37,119,346
1728463147401473000,110,666,1611,9,122,409
1728463147402315000,8,885,1551,0,178,297
1728463147403162000,0,1089,1388,0,213,251
1728463147404003000,0,1280,1189,0,240,206
1728463147404844000,5,1440,962,1,261,151
1728463147405686000,110,1563,736,21,273,106
1728463147406528000,263,1707,516,64,274,50
1728463147407370000,463,1682,293,104,273,21
1728463147408212000,674,1593,136,149,277,0
1728463147409054000,884,1447,11,201,231,0
1728463147409895000,1092,1255,0,277,237,0
1728463147410736000,1288,1072,0,290,96,0
1728463147411577000,1442,846,21,313,36,0
1728463147412419000,1541,688,133,335,79,30
1728463147413261000,1592,476,309,345,38,58
1728463147414103000,1584,288,522,341,9,101
1728463147414944000,1518,122,747,338,0,157
1728463147415785000,1413,9,975,311,0,207
1728463147416626000,1240,0,1187,252,0,254
1728463147417467000,1045,0,1389,211,0,279
1728463147418308000,842,31,1552,161,1,320
1728463147419150000,632,151,1678,128,29,325
1728463147419992000,413,314,1717,74,64,322
1728463147420834000,242,549,1797,30,135,343
1728463147421676000,96,756,1650,2,126,413
1728463147422517000,0,933,1521,0,171,273
1728463147423358000,0,1144,1350,0,226,238
1728463147424199000,0,1336,1146,0,242,188
1728463147425040000,20,1475,924,13,264,141
1728463147425882000,149,1577,683,37,277,98
1728463147426723000,312,1722,453,66,272,40
1728463147427565000,514,1660,257,119,257,0
1728463147428406000,727,1575,100,168,320,0
1728463147429248000,925,1405,0,218,247,0
1728463147430109000,1146,1205,0,274,229,0
1728463147430950000,1328,1020,0,301,192,0
1728463147431791000,1473,807,34,333,158,0
1728463147432632000,1556,629,176,343,64,25
1728463147433474000,1600,427,356,343,42,65
1728463147434316000,1575,240,564,343,5,122
1728463147435158000,1500,100,795,320,0,170
1728463147435999000,1376,0,1022,288,0,221
1728463147436840000,1189,2,1243,258,0,267
1728463147437681000,989,0,1433,203,0,301
1728463147438522000,792,64,1588,160,1,328
1728463147439364000,559,184,1698,114,25,338
1728463147440206000,345,362,1738,38,71,362
1728463147441048000,194,601,1730,5,111,314
1728463147441890000,54,773,1713,0,153,325
1728463147442731000,0,998,1486,0,193,270
1728463147443571000,0,1186,1302,0,225,231
1728463147444412000,0,1368,1084,1,252,181
1728463147445254000,53,1507,858,5,267,130
1728463147446096000,185,1600,622,37,268,87
1728463147446938000,366,1640,398,82,277,32
1728463147447780000,561,1672,224,132,265,2
1728463147448622000,774,1551,71,192,244,0
1728463147449464000,992,1397,0,232,282,0
1728463147450305000,1173,1112,0,247,245,0
1728463147451146000,1359,885,0,281,197,0
1728463147451987000,1485,757,64,330,122,0
1728463147452829000,1568,578,222,341,66,47
1728463147453671000,1596,378,401,348,28,85
1728463147454513000,1566,200,625,332,0,137
1728463147455355000,1475,68,861,320,0,178
1728463147456196000,1340,1,1088,288,0,235
1728463147457038000,1145,0,1299,245,0,266
1728463147457879000,946,0,1479,197,0,299
1728463147458720000,740,71,1613,153,16,322
1728463147459562000,512,218,1694,58,40,349
1728463147460404000,325,450,1745,37,69,320
1728463147461246000,156,596,1790,23,164,341
1728463147462088000,37,826,1609,4,168,297
1728463147462929000,0,1041,1429,0,204,266
1728463147463770000,0,1236,1256,0,228,222
1728463147464611000,0,1399,1024,0,250,170
1728463147465452000,87,1540,793,18,277,117
1728463147466294000,221,1618,570,52,276,81
1728463147467136000,407,1711,341,88,275,18
1728463147467978000,617,1644,170,136,257,1
1728463147468820000,838,1479,40,188,266,0
1728463147469661000,1009,1298,0,251,256,0
1728463147470513000,1216,1105,0,297,218,0
1728463147471354000,1399,922,0,322,168,0
1728463147472196000,1515,751,106,331,93,18
1728463147473038000,1586,537,261,338,45,46
1728463147473880000,1591,335,463,341,18,90
1728463147474722000,1533,168,700,333,0,144
1728463147475563000,1448,39,910,320,0,197
1728463147476404000,1268,4,1134,273,0,237
1728463147477245000,1095,0,1349,206,0,274
1728463147478086000,897,2,1524,181,0,312
1728463147478928000,670,124,1650,133,23,325
1728463147479770000,450,279,1731,69,58,320
1728463147480612000,273,421,1823,37,117,353
1728463147481454000,122,692,1724,2,122,367
1728463147482296000,8,879,1560,0,162,290
1728463147483137000,0,1090,1397,7,206,242
1728463147483986000,0,1275,1201,0,237,207
1728463147484827000,0,1437,970,0,258,154
1728463147485669000,113,1560,736,26,274,122
1728463147486511000,272,1704,506,56,277,57
1728463147487353000,458,1675,312,105,271,13
1728463147488195000,661,1554,146,158,298,0
1728463147489037000,885,1448,17,206,254,0
1728463147489878000,1120,1272,0,253,192,0
1728463147490719000,1289,1088,0,274,82,0
1728463147491560000,1429,875,14,312,56,0
1728463147492402000,1534,697,141,335,78,18
1728463147493243000,1584,481,314,343,40,58
1728463147494085000,1594,290,518,342,18,106
1728463147494926000,1532,141,737,325,0,169
1728463147495768000,1415,14,973,301,0,199
1728463147496609000,1261,0,1181,261,0,247
1728463147497454000,1057,0,1381,213,0,284
1728463147498295000,856,26,1555,164,4,321
1728463147499136000,650,133,1674,132,30,331
1728463147499978000,433,298,1761,58,64,331
1728463147500820000,253,540,1786,39,109,324
1728463147501662000,94,690,1574,16,142,386
1728463147502504000,0,925,1517,5,185,278
1728463147503345000,0,1136,1350,0,221,250
1728463147504186000,0,1320,1130,0,245,193
1728463147505027000,32,1482,914,1,265,159
1728463147505869000,149,1575,681,28,266,94
1728463147506711000,306,1696,457,74,272,45
1728463147507553000,509,1589,254,127,320,10
1728463147508394000,715,1535,101,162,282,0
1728463147509236000,924,1427,0,219,226,0
1728463147510077000,1141,1231,0,245,138,0
1728463147510936000,1301,1045,0,282,106,0
1728463147511777000,1511,832,57,320,64,0
1728463147512619000,1557,629,170,335,71,30
1728463147513461000,1600,434,362,338,31,75
1728463147514303000,1576,255,565,340,5,122
1728463147515145000,1498,89,791,325,0,165
1728463147515987000,1373,0,1013,297,0,216
1728463147516828000,1196,5,1234,252,0,258
1728463147517669000,995,5,1429,197,0,293
1728463147518510000,794,61,1594,149,2,324
1728463147519352000,590,186,1696,114,43,338
1728463147520194000,377,377,1789,66,65,386
1728463147521036000,213,561,1642,23,141,395
1728463147521878000,121,809,1600,0,141,233
1728463147522719000,0,987,1493,0,194,269
1728463147523560000,0,1187,1305,0,225,229
1728463147524399000,0,1378,1095,0,250,196
1728463147525240000,46,1499,868,16,269,133
1728463147526082000,178,1600,625,40,275,89
1728463147526924000,357,1608,405,75,325,47
1728463147527766000,551,1585,233,132,257,5
1728463147528608000,765,1508,77,184,237,0
1728463147529450000,1042,1384,0,225,201,0
1728463147530291000,1303,1208,46,285,158,0
1728463147531132000,1473,1008,42,314,116,0
1728463147531973000,1565,797,82,320,75,21
1728463147532815000,1567,585,224,338,57,30
1728463147533657000,1593,381,399,348,29,89
1728463147534499000,1568,206,612,335,8,136
1728463147535341000,1475,66,853,320,0,184
1728463147536182000,1344,0,1080,298,0,224
1728463147537023000,1165,16,1287,234,0,266
1728463147537886000,952,5,1482,194,0,291
1728463147538728000,730,75,1615,150,10,330
1728463147539570000,530,222,1722,90,33,360
1728463147540412000,348,405,1680,53,98,386
1728463147541254000,202,605,1661,23,105,264
1728463147542096000,42,927,1589,8,167,279
1728463147542937000,0,1038,1442,0,200,270
1728463147543778000,0,1231,1250,0,233,224
1728463147544619000,0,1400,1035,0,258,173
1728463147545461000,81,1530,802,18,261,122
1728463147546303000,221,1610,585,56,276,81
1728463147547145000,405,1609,368,97,265,31
1728463147547987000,679,1584,178,138,247,5
1728463147548829000,878,1488,49,192,225,0
1728463147549670000,1103,1344,2,237,189,0
1728463147550511000,1288,1171,0,272,144,0
1728463147551346000,1426,960,0,383,109,0
1728463147552188000,1479,743,107,354,87,13
1728463147553030000,1580,538,245,338,53,56
1728463147553872000,1601,337,456,345,17,91
1728463147554714000,1541,169,674,337,0,138
1728463147555555000,1450,40,910,322,0,197
1728463147556396000,1300,0,1128,279,0,237
1728463147557237000,1110,0,1330,231,0,277
1728463147558078000,920,9,1506,173,9,320
1728463147558920000,693,106,1639,120,20,329
1728463147559762000,477,266,1615,78,34,414
1728463147560604000,309,452,1678,53,114,381
1728463147561446000,124,655,1640,14,132,260
1728463147562288000,11,892,1557,0,168,293
1728463147563129000,0,1088,1400,0,205,245
1728463147563970000,0,1279,1199,0,244,207
1728463147564823000,0,1437,975,1,258,154
1728463147565664000,101,1549,743,34,272,110
1728463147566506000,261,1618,518,58,306,66
1728463147567348000,450,1612,309,97,253,26
1728463147568190000,668,1565,145,154,241,0
1728463147569032000,925,1472,21,202,224,0
1728463147569874000,1134,1308,5,261,181,0
1728463147570715000,1340,1110,10,282,136,0
1728463147571556000,1477,905,2,379,100,10
1728463147572398000,1529,704,138,329,70,28
1728463147573240000,1586,487,306,340,40,52
1728463147574082000,1583,296,514,346,11,107
1728463147574923000,1528,125,736,338,0,158
1728463147575765000,1413,14,962,302,0,203
1728463147576606000,1253,0,1187,261,0,260
1728463147577447000,1061,0,1388,215,0,282
1728463147578291000,845,8,1552,171,0,301
1728463147579132000,634,137,1669,122,34,332
1728463147579974000,431,261,1652,84,75,413
1728463147580816000,301,506,1693,37,82,261
1728463147581658000,78,832,1646,42,157,276
1728463147582499000,0,926,1531,0,182,282
1728463147583340000,0,1123,1348,1,219,242
1728463147584181000,0,1308,1137,0,245,196
1728463147585022000,25,1472,913,10,263,153
1728463147585864000,144,1580,691,29,267,105
1728463147586706000,314,1608,466,79,304,50
1728463147587548000,498,1606,273,119,253,20
1728463147588389000,810,1538,106,171,253,0
1728463147589231000,973,1429,0,213,217,0
1728463147590072000,1181,1272,0,322,167,16
1728463147590913000,1187,1074,0,368,132,8
1728463147591766000,1368,868,37,382,109,46
1728463147592608000,1551,644,178,338,73,30
1728463147593450000,1592,440,349,343,32,68
1728463147594292000,1577,250,562,345,2,119
1728463147595134000,1513,107,791,328,0,167
1728463147595976000,1377,1,1021,295,0,206
1728463147596817000,1201,0,1243,256,0,263
1728463147597658000,1021,0,1427,202,0,293
1728463147598499000,795,50,1583,157,8,322
1728463147599341000,581,170,1692,116,25,331
1728463147600183000,434,356,1692,64,56,250
1728463147601025000,192,654,1688,57,122,288
1728463147601867000,93,824,1589,9,146,272
1728463147602708000,0,980,1486,0,197,279
1728463147603549000,0,1183,1309,0,218,237
1728463147604390000,0,1363,1092,0,242,181
1728463147605290000,45,1503,868,10,267,126
1728463147606132000,173,1600,629,39,274,90
1728463147606974000,448,1621,407,79,261,42
1728463147607816000,625,1601,239,128,261,14
1728463147608657000,794,1528,78,226,229,0
1728463147609499000,954,1399,0,250,210,0
1728463147610340000,1097,1217,30,321,177,10
1728463147611181000,1256,1022,17,352,132,38
1728463147612023000,1418,800,84,305,89,0
1728463147612865000,1579,589,211,337,68,40
1728463147613707000,1601,389,395,352,20,79
1728463147614549000,1560,207,620,338,2,133
1728463147615391000,1476,64,834,323,0,178
1728463147616232000,1344,0,1062,284,0,236
1728463147617073000,1159,2,1288,234,0,267
1728463147617914000,969,0,1472,192,0,300
1728463147618707000,757,82,1612,153,11,323
1728463147619549000,537,218,1697,101,42,354
1728463147620391000,405,418,1696,55,73,254
1728463147621233000,151,733,1675,36,132,287
1728463147622075000,79,893,1601,20,162,274
1728463147622916000,0,1039,1451,1,198,261
1728463147623757000,0,1226,1262,5,229,216
1728463147624598000,0,1399,1045,0,250,173
1728463147625439000,69,1528,807,21,266,121
1728463147626280000,224,1615,576,45,279,84
1728463147627122000,404,1614,366,84,256,41
1728463147627964000,700,1581,192,144,245,0
1728463147628806000,864,1490,53,192,228,0
1728463147629647000,1061,1350,0,238,196,0
1728463147630488000,1190,1170,0,351,153,5
1728463147631329000,1462,973,0,346,116,0
1728463147632175000,1432,756,98,375,84,43
1728463147633017000,1585,541,254,340,50,41
1728463147633859000,1588,335,451,346,21,90
1728463147634701000,1551,175,672,332,0,145
1728463147635543000,1454,50,898,306,0,199
1728463147636384000,1311,0,1122,277,0,228
1728463147637225000,1133,5,1332,233,0,277
1728463147638066000,887,15,1509,185,0,298
1728463147638907000,685,106,1643,133,21,325
1728463147639749000,482,258,1662,81,57,384
1728463147640591000,346,470,1696,31,74,258
1728463147641433000,100,775,1648,42,146,261
1728463147642275000,11,917,1564,2,171,270
1728463147643116000,0,1080,1407,8,207,257
1728463147643957000,0,1277,1203,0,237,210
1728463147644798000,0,1440,970,0,264,165
1728463147645653000,110,1567,749,23,267,117
1728463147646495000,256,1623,533,64,274,55
1728463147647337000,530,1614,314,110,256,25
1728463147648179000,713,1572,143,149,253,4
1728463147649021000,855,1472,32,226,221,0
1728463147649862000,1012,1313,10,272,197,0
1728463147650703000,1204,1130,21,320,149,0
1728463147651544000,1354,922,28,245,121,0
1728463147652386000,1524,693,128,336,84,21
1728463147653228000,1592,490,296,335,37,66
1728463147654070000,1585,298,498,341,11,100
1728463147654912000,1525,138,730,332,0,162
1728463147655754000,1422,20,956,304,0,205
1728463147656595000,1257,0,1175,257,0,247
1728463147657436000,1071,0,1361,219,0,282
1728463147658277000,875,26,1532,160,0,309
1728463147659131000,649,140,1669,117,14,321
1728463147659973000,420,386,1705,109,71,292
1728463147660815000,263,365,1705,21,178,309
1728463147661657000,96,645,1656,40,185,306
1728463147662499000,0,925,1533,0,178,279
1728463147663340000,0,1131,1364,0,218,245
1728463147664181000,0,1320,1150,0,245,202
1728463147665022000,23,1458,918,10,267,146
1728463147665864000,157,1576,690,29,281,102
1728463147666706000,350,1621,465,82,261,53
1728463147667548000,477,1628,279,149,261,26
1728463147668390000,704,1553,106,195,250,0
1728463147669231000,914,1450,0,195,225,0
1728463147670072000,1095,1268,2,215,178,8
1728463147670913000,1275,1117,5,272,128,0
1728463147671754000,1448,914,53,299,94,0
1728463147672594000,1546,649,180,337,66,28
1728463147673436000,1600,448,344,345,34,72
1728463147674278000,1581,252,562,334,1,114
1728463147675120000,1516,109,794,324,0,161
1728463147675962000,1378,0,1027,305,0,217
1728463147676803000,1226,0,1242,262,0,238
1728463147677644000,1023,0,1426,213,0,277
1728463147678485000,806,46,1560,164,7,309
1728463147679327000,599,167,1678,114,33,325
1728463147680169000,383,258,1716,74,138,314
1728463147681011000,233,500,1711,42,29,320
1728463147681853000,133,725,1632,5,109,296
1728463147682694000,0,978,1486,0,186,279
1728463147683535000,0,1183,1306,0,217,238
1728463147684376000,0,1355,1089,0,245,178
1728463147685217000,57,1506,862,9,277,132
1728463147686074000,170,1593,637,43,274,87
1728463147686916000,327,1628,413,106,274,42
1728463147687758000,537,1612,225,109,261,17
1728463147688599000,757,1542,77,172,238,0
1728463147689441000,973,1405,0,215,218,0
1728463147690282000,1162,1253,0,249,181,0
1728463147691123000,1323,1058,0,285,137,0
1728463147691964000,1460,786,74,309,109,10
1728463147692806000,1565,597,203,332,57,42
1728463147693648000,1602,406,405,345,18,79
1728463147694490000,1563,212,621,341,4,122
1728463147695332000,1478,67,843,330,0,182
1728463147696173000,1346,0,1070,282,0,233
1728463147697014000,1177,0,1280,250,0,263
1728463147697855000,978,0,1472,186,0,287
1728463147698696000,758,93,1616,148,5,320
1728463147699542000,546,209,1711,106,43,325
1728463147700384000,320,303,1715,79,138,320
1728463147701226000,182,565,1685,2,53,320
1728463147702068000,173,791,1621,5,133,295
1728463147702909000,0,1037,1447,0,199,264
1728463147703750000,0,1228,1259,0,232,217
1728463147704591000,0,1392,1038,0,260,170
1728463147705433000,78,1522,802,20,274,124
1728463147706275000,209,1613,585,42,269,82
1728463147707117000,378,1632,383,128,261,36
1728463147707959000,578,1603,193,128,260,14
1728463147708801000,813,1498,46,187,242,0
1728463147709643000,1016,1366,0,228,210,0
1728463147710484000,1208,1170,0,264,165,0
1728463147711325000,1365,971,16,279,121,0
1728463147712166000,1480,746,197,325,109,23
1728463147713009000,1577,544,257,346,47,52
1728463147713851000,1602,344,450,342,30,90
1728463147714693000,1550,174,675,330,0,149
1728463147715535000,1455,45,909,314,0,192
1728463147716376000,1308,0,1135,277,0,229
1728463147717217000,1120,2,1325,234,0,271
1728463147718058000,911,4,1494,194,0,312
1728463147718900000,715,96,1623,141,26,325
1728463147719742000,495,226,1710,88,64,340
1728463147720584000,320,397,1733,43,9,321
1728463147721426000,260,637,1721,41,106,314
1728463147722268000,90,864,1568,0,158,308
1728463147723109000,0,1079,1401,0,210,256
1728463147723950000,0,1273,1209,0,233,212
1728463147724791000,0,1437,982,1,253,157
1728463147725633000,101,1559,753,21,273,103
1728463147726483000,265,1614,522,64,279,66
1728463147727325000,436,1639,320,89,274,40
1728463147728167000,651,1573,153,149,256,0
1728463147729009000,866,1473,78,201,233,0
1728463147729850000,1070,1322,49,234,203,0
1728463147730691000,1245,1161,73,277,177,0
1728463147731532000,1419,941,50,309,117,26
1728463147732374000,1521,705,64,322,82,82
1728463147733216000,1595,490,297,343,41,50
1728463147734058000,1585,295,505,352,13,107
1728463147734900000,1536,133,720,333,0,154
1728463147735741000,1421,22,960,301,0,205
1728463147736582000,1265,1,1169,266,0,249
1728463147737423000,1079,0,1372,213,0,269
1728463147738264000,867,0,1549,174,0,299
1728463147739106000,642,125,1664,136,23,320
1728463147739969000,448,261,1716,77,21,325
1728463147740811000,383,485,1742,48,69,333
1728463147741653000,180,717,1676,5,114,311
1728463147742495000,0,930,1532,23,183,280
1728463147743336000,0,1130,1363,0,213,245
1728463147744177000,0,1314,1162,1,242,196
1728463147745018000,25,1462,924,5,266,146
1728463147745860000,145,1582,693,28,273,105
1728463147746702000,301,1637,480,68,269,64
1728463147747544000,482,1620,277,113,267,9
1728463147748386000,698,1552,181,165,256,0
1728463147749228000,916,1439,33,201,228,0
1728463147750069000,1120,1312,57,239,186,0
1728463147750910000,1298,1103,0,282,133,79
1728463147751752000,1438,853,0,310,116,78
1728463147752594000,1541,641,168,338,72,29
1728463147753429000,1600,434,338,350,36,73
1728463147754271000,1579,254,555,333,4,122
1728463147755113000,1511,101,789,329,0,164
1728463147755955000,1381,4,1013,298,0,213
1728463147756796000,1226,0,1227,253,0,265
1728463147757637000,1025,0,1418,209,0,290
1728463147758478000,817,34,1577,166,5,316
1728463147759319000,597,156,1680,107,33,329
1728463147760161000,526,320,1750,75,14,328
1728463147761003000,284,533,1709,37,90,335
1728463147761845000,0,736,1632,74,154,366
1728463147762686000,0,969,1487,0,192,277
1728463147763527000,0,1172,1311,0,218,234
1728463147764368000,0,1355,1097,0,242,192
1728463147765209000,50,1498,866,13,260,133
1728463147766051000,178,1601,637,42,277,96
1728463147766902000,345,1637,416,73,277,44
1728463147767744000,538,1612,302,117,264,14
1728463147768585000,751,1534,116,172,242,0
1728463147769427000,965,1412,0,221,218,13
1728463147770268000,1159,1211,0,258,164,64
1728463147771108000,1346,1026,0,293,138,71
1728463147771949000,1490,817,10,325,129,74
1728463147772791000,1563,602,204,338,64,42
1728463147773633000,1601,394,394,343,20,76
1728463147774475000,1569,221,623,340,2,136
1728463147775317000,1480,75,836,321,0,185
1728463147776158000,1346,0,1062,285,0,224
1728463147776999000,1176,0,1258,248,0,256
1728463147777840000,966,0,1472,200,0,293
1728463147778681000,757,64,1601,153,5,314
1728463147779523000,549,206,1694,97,42,325
1728463147780812000,456,381,1776,73,53,337
1728463147781654000,58,585,1669,96,111,338
1728463147782496000,0,796,1622,52,146,313
1728463147783337000,0,1031,1454,1,202,263
1728463147784178000,0,1223,1263,0,229,217
1728463147785019000,0,1392,1039,0,258,174
1728463147785860000,74,1525,804,15,271,130
1728463147786702000,215,1607,577,45,281,78
1728463147787544000,386,1633,436,90,264,32
1728463147788386000,594,1603,249,133,261,4
1728463147789228000,806,1504,53,186,237,39
1728463147790070000,1020,1376,0,226,213,10
1728463147790911000,1216,1199,0,261,194,37
1728463147791752000,1397,992,0,284,151,41
1728463147792593000,1556,773,64,320,65,0
1728463147793435000,1579,558,254,339,55,57
1728463147793866000,1594,346,456,348,18,96
1728463147794708000,1551,186,669,333,0,149
1728463147795550000,1451,47,896,313,0,184
1728463147796391000,1322,4,1127,282,0,237
1728463147797232000,1129,0,1331,245,0,270
1728463147798073000,922,0,1507,186,0,303
1728463147798915000,705,84,1659,141,9,314
1728463147799757000,498,242,1720,87,40,331
1728463147800599000,218,433,1736,106,87,376
1728463147801441000,76,646,1699,0,124,309
1728463147802283000,0,863,1559,0,164,327
1728463147803124000,0,1072,1408,0,210,257
1728463147803965000,0,1272,1208,0,234,216
1728463147804806000,0,1440,986,1,254,168
1728463147805648000,106,1549,749,23,279,103
1728463147806490000,250,1620,533,64,276,74
1728463147807320000,437,1632,370,95,271,56
1728463147808161000,650,1579,139,148,254,50
1728463147809003000,867,1475,14,197,236,4
1728463147809844000,1069,1328,0,242,198,0
1728463147810685000,1296,1127,0,277,146,0
1728463147811526000,1423,917,0,320,106,0
1728463147812368000,1512,794,113,358,82,0
1728463147813210000,1593,494,306,340,35,64
1728463147814052000,1588,309,491,344,13,103
1728463147814894000,1532,137,724,331,0,154
1728463147815735000,1416,17,946,313,0,207
1728463147816576000,1265,0,1162,274,0,244
1728463147817417000,1088,0,1378,218,0,284
1728463147818258000,874,18,1553,180,0,297
1728463147819099000,661,138,1653,125,10,320
1728463147819941000,381,281,1719,114,47,341
1728463147820786000,202,481,1721,10,84,301
1728463147821628000,82,704,1648,0,132,321
1728463147822470000,0,943,1538,0,178,279
1728463147823311000,0,1128,1369,0,213,250
1728463147824152000,0,1317,1161,1,245,194
1728463147824993000,26,1464,932,8,269,151
1728463147825835000,133,1576,692,26,272,100
1728463147826677000,305,1632,480,68,273,51
1728463147827519000,489,1629,266,114,269,68
1728463147828361000,708,1569,98,165,254,0
1728463147829203000,916,1440,0,209,228,0
1728463147830044000,1128,1372,0,252,186,0
1728463147830885000,1271,1209,0,298,156,0
1728463147831726000,1473,967,26,346,116,0
1728463147832568000,1545,683,170,335,92,28
1728463147833410000,1594,448,336,343,34,74
1728463147834269000,1584,260,553,341,8,117
1728463147835111000,1511,107,773,328,0,162
1728463147835953000,1385,5,1010,304,0,207
1728463147836794000,1221,1,1230,258,0,245
1728463147837634000,1026,0,1435,214,0,281
1728463147838475000,809,26,1589,162,0,306
1728463147839317000,598,168,1680,116,36,329
1728463147840159000,336,335,1756,119,64,354
1728463147841001000,177,553,1697,0,101,348
1728463147841843000,53,815,1663,0,153,312
1728463147842684000,0,978,1496,0,194,284
1728463147843525000,0,1176,1324,0,218,235
1728463147844366000,0,1351,1103,0,248,189
1728463147845207000,41,1497,873,11,266,130
1728463147846049000,167,1594,650,40,274,90
1728463147846891000,341,1628,428,78,277,85
1728463147847738000,543,1615,228,122,260,2
1728463147848580000,762,1602,79,177,244,0
1728463147849422000,961,1449,0,220,212,0
1728463147850263000,1173,1300,0,285,186,0
1728463147851104000,1373,1092,0,308,132,0
1728463147851946000,1460,692,50,309,182,0
1728463147852788000,1565,602,200,341,52,37
1728463147853630000,1602,394,388,346,37,74
1728463147854472000,1568,215,599,344,5,136
1728463147855314000,1488,72,835,314,0,178
1728463147856156000,1356,0,1071,286,0,225
1728463147856997000,1163,0,1280,250,0,270
1728463147857838000,970,0,1459,203,0,306
1728463147858679000,766,71,1608,154,14,320
1728463147859521000,549,203,1701,106,29,340
1728463147860363000,340,441,1753,41,66,322
1728463147861207000,180,569,1793,18,138,334
1728463147862049000,36,828,1672,0,185,313
1728463147862890000,0,1017,1464,0,199,266
1728463147863731000,0,1216,1260,2,242,224
1728463147864572000,0,1393,1041,0,255,173
1728463147865414000,73,1525,823,9,265,125
1728463147866256000,210,1606,587,50,266,74
1728463147867098000,388,1703,363,89,274,37
1728463147867940000,595,1657,186,138,266,0
1728463147868781000,808,1534,44,185,267,0
1728463147869623000,1020,1355,0,233,249,0
1728463147870464000,1198,1114,0,284,220,0
1728463147871305000,1359,904,0,308,188,0
1728463147872147000,1518,724,89,330,18,6
1728463147872989000,1579,546,245,344,58,46
1728463147873831000,1594,354,444,343,16,92
1728463147874673000,1557,183,665,327,0,133
1728463147875515000,1455,54,893,313,0,192
1728463147876356000,1305,0,1121,284,0,233
1728463147877197000,1109,0,1332,242,0,269
1728463147878038000,910,0,1500,184,0,303
1728463147878880000,700,93,1627,126,21,330
1728463147879722000,506,250,1718,89,47,334
1728463147880564000,290,421,1831,39,103,343
1728463147881406000,136,685,1751,15,158,325
1728463147882248000,10,845,1463,0,158,382
1728463147883089000,0,1073,1413,0,197,255
1728463147883930000,0,1266,1216,0,228,205
1728463147884771000,0,1427,990,0,260,151
1728463147885613000,97,1547,767,21,274,114
1728463147886454000,249,1622,538,64,279,82
1728463147887296000,437,1716,320,96,270,13
1728463147888153000,650,1630,148,151,250,0
1728463147888995000,861,1460,29,205,261,0
1728463147889836000,1069,1317,0,245,218,0
1728463147890677000,1264,1082,0,301,202,0
1728463147891518000,1415,877,4,324,157,0
1728463147892359000,1536,674,129,320,10,15
1728463147893201000,1595,504,292,346,39,55
1728463147894043000,1586,310,501,341,12,103
1728463147894885000,1538,142,728,335,0,153
1728463147895727000,1428,26,944,304,0,201
1728463147896568000,1274,0,1174,266,0,247
1728463147897409000,1056,2,1383,226,0,291
1728463147898250000,849,9,1547,178,0,309
1728463147899092000,637,125,1667,130,16,307
1728463147899934000,430,285,1738,75,52,335
1728463147900776000,240,484,1703,26,90,321
1728463147901628000,107,705,1730,6,165,323
1728463147902470000,0,938,1573,0,156,356
1728463147903311000,0,1120,1366,2,213,242
1728463147904152000,0,1306,1167,0,242,198
1728463147904993000,10,1458,948,9,264,143
1728463147905835000,138,1576,696,29,279,103
1728463147906677000,298,1627,482,58,273,64
1728463147907519000,490,1703,276,111,266,1
1728463147908361000,695,1592,119,177,251,0
1728463147909203000,914,1426,0,210,266,0
1728463147910044000,1120,1272,0,250,222,0
1728463147910885000,1282,1018,0,299,199,0
1728463147911726000,1451,809,18,341,141,0
1728463147912568000,1545,634,165,336,27,17
1728463147913410000,1589,448,337,354,37,66
1728463147914252000,1580,258,537,335,11,114
1728463147915094000,1515,113,773,321,0,169
1728463147915936000,1390,2,1002,298,0,200
1728463147916777000,1229,0,1216,261,0,242
1728463147917618000,1022,0,1421,213,0,300
1728463147918460000,819,42,1570,157,17,320
1728463147919302000,608,175,1675,106,32,335
1728463147920144000,389,348,1728,64,57,330
1728463147920986000,199,568,1769,23,125,327
1728463147921828000,69,727,1539,5,145,395
1728463147922670000,0,970,1458,0,192,338
1728463147923511000,0,1172,1329,0,215,238
1728463147924352000,0,1349,1116,0,244,185
1728463147925193000,45,1500,881,10,261,138
1728463147926035000,165,1595,656,36,272,84
1728463147926877000,348,1632,436,85,289,50
1728463147927719000,541,1619,242,129,303,13
1728463147928568000,751,1517,90,170,284,0
1728463147929410000,960,1407,0,224,219,0
1728463147930251000,1163,1202,0,264,116,0
1728463147931092000,1344,997,0,286,77,0
1728463147931934000,1474,805,71,329,58,5
1728463147932776000,1586,608,202,340,64,46
1728463147933618000,1598,403,393,342,28,74
1728463147934460000,1564,215,602,343,2,129
1728463147935301000,1486,66,821,325,0,174
1728463147936142000,1360,0,1052,287,0,224
1728463147936983000,1181,0,1274,249,0,267
1728463147937824000,974,0,1456,202,0,299
1728463147938665000,766,82,1615,148,4,320
1728463147939507000,548,202,1699,105,41,335
1728463147940349000,345,369,1801,50,114,339
1728463147941191000,184,581,1600,13,110,412
1728463147942046000,70,814,1562,0,168,356
1728463147942887000,0,1023,1467,0,197,261
1728463147943728000,0,1218,1287,0,229,232
1728463147944569000,0,1392,1055,0,253,182
1728463147945411000,72,1521,819,10,274,128
1728463147946253000,221,1608,599,41,283,89
1728463147947095000,386,1627,386,98,325,32
1728463147947937000,582,1568,202,138,293,0
1728463147948778000,807,1481,50,192,228,0
1728463147949620000,1016,1367,0,226,209,0
1728463147950461000,1299,1168,5,269,125,0
1728463147951302000,1507,965,13,320,89,0
1728463147952144000,1612,753,145,346,65,0
1728463147952985000,1572,548,244,341,53,42
1728463147953827000,1600,345,426,348,23,90
1728463147954669000,1557,180,656,329,0,139
1728463147955514000,1467,52,888,320,0,184
1728463147956355000,1316,1,1107,286,0,226
1728463147957196000,1136,13,1322,240,0,282
1728463147958037000,913,5,1504,186,0,306
1728463147958878000,699,105,1629,141,13,328
1728463147959720000,504,250,1711,93,52,345
1728463147960562000,312,470,1792,55,97,325
1728463147961404000,151,621,1607,21,144,391
1728463147962246000,79,880,1512,0,184,303
1728463147963087000,0,1059,1420,0,203,260
1728463147963928000,0,1264,1216,0,239,210
1728463147964769000,0,1433,986,0,260,171
1728463147965611000,105,1546,766,25,274,112
1728463147966453000,245,1619,541,57,275,65
1728463147967295000,436,1642,320,97,338,21
1728463147968137000,637,1565,161,144,298,0
1728463147968983000,855,1459,26,192,213,0
1728463147969825000,1066,1321,0,237,182,0
1728463147970666000,1242,1117,0,258,106,0
1728463147971507000,1418,911,13,304,73,0
1728463147972349000,1619,704,181,358,52,0
1728463147973191000,1584,501,292,338,43,56
1728463147974033000,1590,320,489,345,7,103
1728463147974875000,1538,149,716,330,0,145
1728463147975716000,1422,26,956,312,0,201
1728463147976557000,1272,0,1168,284,0,242
1728463147977398000,1078,0,1372,220,0,288
1728463147978239000,878,20,1532,167,2,313
1728463147979081000,660,132,1653,118,10,329
1728463147979923000,448,285,1728,71,66,333
1728463147980765000,250,450,1643,46,98,402
1728463147981607000,167,719,1632,8,137,229
1728463147982455000,13,894,1520,0,158,215
1728463147983296000,0,1121,1370,0,215,250
1728463147984137000,0,1304,1168,0,237,201
1728463147984978000,18,1452,939,2,270,150
1728463147985820000,133,1571,704,29,277,109
1728463147986662000,290,1628,487,58,269,64
1728463147987504000,490,1600,281,114,298,18
1728463147988346000,696,1552,121,161,237,4
1728463147989188000,972,1433,2,209,212,0
1728463147990029000,1153,1289,0,249,179,0
1728463147990870000,1396,1075,29,302,124,0
1728463147991711000,1530,874,50,309,79,4
1728463147992553000,1439,669,136,400,43,41
1728463147993395000,1593,461,335,348,40,77
1728463147994237000,1587,266,546,347,16,117
1728463147995079000,1509,109,765,325,0,165
1728463147995935000,1399,5,1002,312,0,207
1728463147996776000,1236,1,1224,258,0,250
1728463147997617000,1001,7,1413,209,0,279
1728463147998458000,824,48,1577,169,10,313
1728463147999300000,603,154,1675,117,37,328
1728463148000142000,398,325,1699,69,64,365
1728463148000984000,266,549,1648,25,121,370
1728463148001826000,100,741,1621,2,130,240
1728463148002667000,0,1027,1476,0,184,229
1728463148003508000,0,1163,1320,0,225,237
1728463148004349000,0,1343,1102,0,261,194
1728463148005190000,37,1485,881,2,257,141
1728463148006032000,169,1600,651,36,267,88
1728463148006874000,331,1640,437,75,274,47
1728463148007716000,532,1591,235,122,245,18
1728463148008558000,745,1516,77,170,233,0
1728463148009398000,1035,1405,0,213,204,0
1728463148010239000,1231,1244,2,265,158,0
1728463148011080000,1418,1039,33,308,121,0
1728463148011921000,1525,821,64,369,90,11
1728463148012763000,1495,583,197,386,64,45
1728463148013605000,1600,402,378,345,36,79
1728463148014447000,1575,225,600,340,0,121
1728463148015289000,1490,87,834,330,0,173
1728463148016130000,1348,0,1064,293,0,224
1728463148016971000,1188,0,1272,250,0,261
1728463148017812000,985,1,1456,193,0,303
1728463148018653000,765,77,1603,149,10,321
1728463148019495000,553,205,1695,97,34,334
1728463148020337000,348,393,1775,64,74,412
1728463148021179000,178,585,1653,21,137,389
1728463148022021000,109,818,1562,0,151,230
1728463148022871000,0,1020,1459,0,192,266
1728463148023712000,0,1216,1280,2,226,225
1728463148024553000,0,1388,1062,0,245,174
1728463148025394000,64,1523,832,21,270,125
1728463148026236000,197,1602,610,47,274,85
1728463148027078000,382,1636,382,87,279,41
1728463148027920000,588,1578,199,129,276,5
1728463148028762000,803,1504,65,185,231,0
1728463148029604000,1061,1364,0,239,205,0
1728463148030445000,1330,1169,10,274,133,0
1728463148031286000,1497,965,11,312,90,0
1728463148032128000,1592,739,133,338,64,1
1728463148032970000,1577,554,232,335,47,46
1728463148033812000,1608,359,432,345,29,84
1728463148034654000,1551,181,654,346,0,138
1728463148035496000,1464,45,876,320,0,189
1728463148036342000,1317,1,1111,277,0,229
1728463148037182000,1120,0,1312,238,0,280
1728463148038023000,929,1,1485,175,0,303
1728463148038864000,733,98,1626,130,20,322
1728463148039706000,510,239,1710,89,49,328
1728463148040548000,301,453,1767,42,82,381
1728463148041390000,137,617,1605,5,137,388
1728463148042232000,89,888,1540,2,159,203
1728463148043073000,0,1065,1422,0,210,252
1728463148043914000,0,1264,1226,0,233,218
1728463148044755000,0,1415,1007,5,256,164
1728463148045597000,97,1540,766,20,272,114
1728463148046439000,245,1620,545,50,267,69
1728463148047281000,431,1615,325,101,309,27
1728463148048123000,643,1565,162,149,290,0
1728463148048965000,856,1464,26,201,221,0
1728463148049825000,1053,1321,0,234,186,0
1728463148050666000,1240,1112,0,258,111,0
1728463148051507000,1387,908,0,293,75,0
1728463148052349000,1641,718,165,345,40,20
1728463148053191000,1593,510,282,346,53,52
1728463148054033000,1592,308,476,349,17,102
1728463148054875000,1534,148,704,329,0,153
1728463148055717000,1429,26,945,304,0,201
1728463148056558000,1282,4,1156,273,0,242
1728463148057399000,1071,0,1355,210,0,277
1728463148058240000,873,28,1535,178,0,302
1728463148059082000,650,142,1666,133,21,330
1728463148059924000,452,274,1720,74,64,337
1728463148060766000,257,485,1774,40,79,413
1728463148061608000,109,682,1583,9,161,381
1728463148062449000,36,916,1497,0,184,269
1728463148063287000,0,1103,1376,2,204,250
1728463148064128000,0,1299,1162,1,245,206
1728463148064969000,16,1457,941,0,265,158
1728463148065811000,129,1564,706,29,266,101
1728463148066653000,284,1631,489,64,274,58
1728463148067495000,476,1596,293,114,336,17
1728463148068336000,688,1535,117,160,282,0
1728463148069178000,906,1426,2,203,212,0
1728463148070019000,1115,1291,0,247,178,0
1728463148070860000,1330,1083,11,293,105,0
1728463148071701000,1561,879,82,337,85,5
1728463148072543000,1623,644,171,338,65,28
1728463148073385000,1600,457,327,344,37,66
1728463148074227000,1590,270,537,341,4,107
1728463148075069000,1515,122,776,328,0,160
1728463148075910000,1396,9,1006,303,0,215
1728463148076755000,1234,0,1215,267,0,247
1728463148077596000,1034,0,1408,200,0,293
1728463148078437000,832,42,1564,155,9,320
1728463148079279000,606,166,1679,112,17,332
1728463148080121000,406,335,1742,72,69,334
1728463148080963000,239,508,1618,30,96,418
1728463148081805000,118,745,1578,5,170,354
1728463148082646000,47,973,1456,0,173,199
1728463148083487000,0,1169,1332,4,213,235
1728463148084328000,0,1344,1116,0,245,184
1728463148085169000,34,1487,895,8,266,135
1728463148086011000,165,1594,654,37,276,101
1728463148086853000,334,1632,434,74,281,53
1728463148087695000,532,1590,241,125,293,9
1728463148088537000,743,1535,90,180,231,0
1728463148089379000,962,1408,0,224,202,0
1728463148090235000,1216,1240,0,264,176,0
1728463148091076000,1413,1041,0,293,105,0
1728463148091917000,1584,814,106,331,70,2
1728463148092759000,1629,602,217,333,23,30
1728463148093601000,1593,415,377,350,29,73
1728463148094443000,1566,228,607,341,2,124
1728463148095285000,1491,89,815,322,0,178
1728463148096127000,1359,0,1054,290,0,225
1728463148096968000,1195,0,1274,249,0,264
1728463148097808000,989,0,1456,195,0,299
1728463148098649000,779,69,1606,149,0,322
1728463148099491000,552,200,1702,96,34,329
1728463148100333000,370,362,1768,65,90,338
1728463148101175000,181,570,1613,21,102,421
1728463148102017000,71,798,1565,1,186,356
1728463148102858000,0,1003,1394,0,186,345
1728463148103698000,0,1210,1280,5,221,224
1728463148104539000,0,1381,1068,0,253,169
1728463148105380000,56,1513,832,13,266,122
1728463148106222000,202,1602,599,50,277,97
1728463148107064000,386,1636,393,84,276,52
1728463148107906000,588,1649,201,139,311,0
1728463148108748000,794,1482,57,184,274,0
1728463148109590000,1003,1359,2,229,224,0
1728463148110431000,1202,1160,0,281,206,0
1728463148111272000,1390,941,0,305,78,0
1728463148112114000,1526,746,82,309,31,15
1728463148112956000,1647,553,235,343,33,32
1728463148113798000,1600,357,427,346,26,86
1728463148114640000,1560,193,634,333,1,139
1728463148115482000,1463,57,875,308,0,194
1728463148116323000,1327,0,1097,278,0,229
1728463148117168000,1155,0,1305,237,0,269
1728463148118009000,920,1,1494,187,0,296
1728463148118851000,693,85,1629,139,9,320
1728463148119693000,509,242,1709,101,52,337
1728463148120535000,320,436,1812,38,110,356
1728463148121377000,151,633,1575,18,117,404
1728463148122219000,28,840,1521,2,178,377
1728463148123060000,0,1060,1418,0,202,266
1728463148123901000,0,1250,1234,2,235,216
1728463148124742000,0,1426,1002,0,258,169
1728463148125584000,92,1552,778,13,267,130
1728463148126426000,246,1623,558,57,282,66
1728463148127268000,424,1641,346,104,274,29
1728463148128110000,631,1557,164,146,306,0
1728463148128951000,850,1460,41,194,279,0
1728463148129792000,1057,1317,0,234,209,0
1728463148130644000,1262,1111,0,276,79,0
1728463148131485000,1402,907,2,298,64,0
1728463148132327000,1626,690,141,344,50,2
1728463148133169000,1588,506,272,341,50,57
1728463148134011000,1589,320,482,338,10,101
1728463148134852000,1548,158,698,331,0,150
1728463148135694000,1434,32,933,311,0,194
1728463148136535000,1268,0,1158,276,0,240
1728463148137376000,1098,2,1354,224,0,285
1728463148138217000,882,13,1528,169,0,320
1728463148139059000,656,133,1665,114,14,338
1728463148139901000,474,290,1728,89,55,338
1728463148140743000,272,498,1805,40,126,354
1728463148141585000,109,687,1565,11,122,410
1728463148142427000,7,899,1477,0,202,353
1728463148143268000,0,1112,1387,0,206,257
1728463148144151000,0,1306,1182,0,231,201
1728463148144992000,14,1464,952,2,256,160
1728463148145834000,123,1567,721,30,276,110
1728463148146675000,282,1621,501,66,274,65
1728463148147517000,476,1668,284,102,324,17
1728463148148359000,693,1543,136,162,289,0
1728463148149201000,894,1448,13,206,210,0
1728463148150042000,1094,1279,0,249,178,0
1728463148150883000,1297,1061,0,277,101,0
1728463148151724000,1441,850,34,311,50,0
1728463148152565000,1660,650,202,346,34,17
1728463148153407000,1602,461,329,346,34,64
1728463148154249000,1577,274,533,339,8,116
1728463148155091000,1522,104,754,335,0,164
1728463148155933000,1400,5,980,298,0,206
1728463148156774000,1240,0,1210,266,0,255
1728463148157595000,1029,0,1401,197,0,282
1728463148158436000,835,37,1566,159,2,311
1728463148159278000,617,162,1669,111,33,329
1728463148160120000,413,312,1728,75,69,334
1728463148160962000,224,546,1760,34,100,320
1728463148161804000,82,714,1560,14,142,370
1728463148162646000,18,975,1466,0,202,308
1728463148163487000,0,1159,1330,0,218,230
1728463148164328000,0,1344,1121,0,244,194
1728463148165169000,26,1481,900,11,265,137
1728463148166011000,158,1588,656,34,274,94
1728463148166853000,331,1632,442,73,270,57
1728463148167695000,530,1675,250,117,266,2
1728463148168537000,738,1514,89,173,293,0
1728463148169379000,960,1399,0,221,245,0
1728463148170220000,1157,1248,0,252,188,0
1728463148171056000,1344,1005,0,301,173,0
1728463148171897000,1476,802,46,313,34,0
1728463148172739000,1683,607,224,338,25,27
1728463148173581000,1592,416,377,349,32,74
1728463148174423000,1577,233,583,335,9,122
1728463148175265000,1504,89,817,320,0,178
1728463148176107000,1368,0,1047,298,0,215
1728463148176948000,1191,0,1263,252,0,257
1728463148177789000,967,0,1456,193,0,303
1728463148178630000,756,56,1607,158,0,322
1728463148179472000,557,202,1692,106,42,329
1728463148180314000,381,372,1734,66,71,333
1728463148181156000,181,563,1607,26,105,421
1728463148181998000,65,799,1556,0,178,354
1728463148182840000,23,1022,1426,0,200,181
1728463148183681000,0,1216,1288,0,224,244
1728463148184531000,0,1377,1066,0,256,174
1728463148185372000,58,1513,834,10,266,128
1728463148186214000,192,1608,613,54,272,84
1728463148187056000,373,1635,396,86,274,45
1728463148187898000,581,1592,206,138,295,15
1728463148188740000,793,1497,65,181,215,0
1728463148189581000,1003,1373,0,229,207,0
1728463148190422000,1240,1198,0,270,160,0
1728463148191263000,1495,982,39,314,98,0
1728463148192105000,1580,772,133,330,58,5
1728463148192947000,1473,555,217,401,37,53
1728463148193789000,1596,367,421,343,21,79
1728463148194631000,1549,192,653,343,0,137
1728463148195472000,1472,50,874,329,0,186
1728463148196313000,1329,0,1095,277,0,230
1728463148197154000,1144,0,1326,239,0,271
1728463148198010000,951,5,1493,181,0,309
1728463148198852000,740,90,1621,133,18,312
1728463148199694000,507,229,1711,94,43,332
1728463148200536000,322,421,1668,64,90,389
1728463148201378000,187,640,1637,16,142,378
1728463148202220000,84,851,1541,0,162,215
1728463148203061000,0,1064,1402,5,206,229
1728463148203902000,0,1248,1236,0,240,220
1728463148204743000,0,1411,1008,0,253,169
1728463148205585000,90,1540,767,26,274,117
1728463148206427000,242,1613,546,43,270,77
1728463148207268000,425,1635,343,93,273,31
1728463148208110000,626,1558,167,149,288,0
1728463148208952000,855,1467,30,197,228,0
1728463148209793000,1047,1329,0,234,192,0
1728463148210634000,1355,1144,1,277,133,0
1728463148211474000,1528,930,41,314,92,0
1728463148212316000,1628,722,174,343,45,10
1728463148213158000,1586,512,277,360,47,53
1728463148214000000,1603,314,468,348,26,96
1728463148214841000,1544,156,693,330,0,154
1728463148215683000,1438,29,929,312,0,193
1728463148216524000,1288,0,1157,274,0,234
1728463148217365000,1093,0,1350,225,0,277
1728463148218206000,869,18,1530,174,0,299
1728463148219047000,649,122,1654,122,30,322
1728463148219889000,469,273,1718,82,64,337
1728463148220731000,260,505,1778,36,71,418
1728463148221573000,116,676,1602,10,153,366
1728463148222415000,58,928,1514,1,180,217
1728463148223256000,0,1100,1389,0,213,250
1728463148224097000,0,1296,1181,0,241,205
1728463148224947000,9,1452,949,0,261,157
1728463148225789000,125,1562,726,25,267,106
1728463148226631000,288,1627,501,65,276,56
1728463148227473000,466,1609,301,112,320,30
1728463148228315000,686,1541,126,154,293,0
1728463148229157000,894,1436,9,201,209,0
1728463148229998000,1103,1288,0,249,181,0
1728463148230838000,1311,1066,4,281,82,0
1728463148231679000,1438,859,23,308,64,0
1728463148232520000,1664,650,185,349,64,41
1728463148233362000,1600,458,320,346,42,64
1728463148234204000,1583,276,527,339,2,111
1728463148235046000,1524,118,749,327,0,154
1728463148235887000,1402,12,994,302,0,202
1728463148236728000,1237,0,1207,269,0,249
1728463148237569000,1029,0,1391,202,0,295
1728463148238415000,832,42,1558,165,2,320
1728463148239257000,605,161,1669,116,10,313
1728463148240099000,415,320,1729,74,58,330
1728463148240941000,224,546,1773,26,96,320
1728463148241783000,82,714,1567,11,162,389
1728463148242625000,52,970,1462,0,192,322
1728463148243466000,0,1156,1337,0,220,241
1728463148244307000,0,1344,1130,2,238,194
1728463148245148000,40,1486,901,5,261,141
1728463148245990000,154,1592,681,36,276,100
1728463148246832000,322,1632,449,79,276,58
1728463148247674000,528,1590,257,119,320,10
1728463148248516000,734,1525,97,173,274,0
1728463148249358000,941,1405,0,221,196,0
1728463148250199000,1136,1239,0,258,173,0
1728463148251040000,1317,1021,0,283,87,0
1728463148251891000,1586,832,84,329,69,0
1728463148252733000,1621,609,225,333,34,27
1728463148253575000,1587,418,363,346,33,68
1728463148254417000,1570,234,587,335,8,126
1728463148255259000,1493,79,809,329,0,171
1728463148256100000,1369,0,1029,292,0,220
1728463148256941000,1197,5,1257,247,0,271
1728463148257782000,1001,0,1443,194,0,299
1728463148258623000,781,64,1592,146,0,314
1728463148259465000,558,189,1695,90,41,338
1728463148260307000,367,369,1737,65,77,335
1728463148261149000,192,557,1621,20,122,423
1728463148261991000,105,805,1569,0,170,249
1728463148262833000,8,994,1439,0,180,207
1728463148263674000,0,1195,1290,4,226,224
1728463148264515000,0,1370,1066,0,254,185
1728463148265359000,58,1509,844,8,269,133
1728463148266201000,197,1603,610,45,273,86
1728463148267043000,372,1645,395,86,280,41
1728463148267885000,567,1579,214,132,290,5
1728463148268727000,786,1498,64,194,233,0
1728463148269568000,998,1378,0,224,200,0
1728463148270409000,1232,1203,0,258,160,0
1728463148271250000,1479,991,27,313,86,0
1728463148272092000,1584,785,121,322,69,1
1728463148272934000,1639,565,224,405,37,58
1728463148273776000,1600,373,417,341,21,85
1728463148274618000,1565,198,647,332,0,137
1728463148275460000,1472,65,872,320,0,184
1728463148276301000,1326,0,1102,290,0,232
1728463148277142000,1149,0,1307,242,0,266
1728463148277983000,930,1,1490,193,0,293
1728463148278836000,727,87,1628,162,17,320
1728463148279678000,512,229,1717,91,46,334
1728463148280520000,322,418,1728,46,78,356
1728463148281362000,151,608,1642,16,141,376
1728463148282204000,78,842,1546,0,146,215
1728463148283045000,0,1048,1397,0,192,210
1728463148283886000,0,1244,1237,0,232,222
1728463148284727000,0,1411,1018,0,256,166
1728463148285568000,89,1546,778,20,272,121
1728463148286410000,228,1612,564,53,274,68
1728463148287252000,417,1633,340,97,276,33
1728463148288094000,631,1571,168,146,245,4
1728463148288936000,846,1475,42,192,221,0
1728463148289778000,1131,1344,0,241,194,0
1728463148290619000,1276,1178,0,277,150,0
1728463148291460000,1510,937,50,330,93,0
1728463148292359000,1600,704,133,338,58,14
1728463148293201000,1495,528,261,388,37,64
1728463148294043000,1598,330,480,342,10,96
1728463148294885000,1541,157,699,338,0,149
1728463148295727000,1443,29,928,320,0,194
1728463148296568000,1294,0,1148,274,0,242
1728463148297409000,1098,0,1349,229,0,279
1728463148298250000,885,13,1525,171,0,314
1728463148299091000,663,125,1658,119,11,325
1728463148299933000,444,277,1724,90,53,338
1728463148300775000,274,453,1648,42,93,394
1728463148301617000,167,698,1610,5,162,367
1728463148302459000,37,890,1522,0,154,226
1728463148303300000,0,1165,1384,0,212,239
1728463148304141000,0,1292,1195,0,241,210
1728463148304982000,5,1447,960,5,260,161
1728463148305787000,122,1560,722,25,281,109
1728463148306629000,274,1632,504,58,269,73
1728463148307471000,463,1631,305,114,269,21
1728463148308313000,671,1553,141,160,237,0
1728463148309155000,940,1452,4,202,218,0
1728463148309996000,1137,1290,0,244,186,0
1728463148310837000,1351,1096,13,282,133,0
1728463148311678000,1487,890,10,386,85,16
1728463148312520000,1444,666,186,381,58,53
1728463148313362000,1584,452,325,344,36,64
1728463148314204000,1586,281,522,337,7,116
1728463148315046000,1527,122,752,329,0,157
1728463148315888000,1400,13,975,305,0,202
1728463148316729000,1237,0,1199,270,0,249
1728463148317570000,1041,0,1407,218,0,287
1728463148318411000,832,33,1567,171,5,313
1728463148319249000,628,151,1632,113,26,335
1728463148320091000,434,325,1723,73,73,335
1728463148320933000,213,613,1701,43,98,272
1728463148321775000,98,825,1628,41,161,276
1728463148322616000,26,1010,1512,0,173,258
1728463148323457000,0,1154,1344,0,216,249
1728463148324298000,0,1347,1134,0,238,197
1728463148325139000,34,1487,902,5,267,138
1728463148325981000,154,1582,669,36,269,93
1728463148326823000,320,1632,448,69,276,52
1728463148327665000,608,1605,261,114,252,21
1728463148328506000,804,1545,104,170,242,0
1728463148329348000,919,1413,0,261,213,0
1728463148330189000,1127,1250,0,287,192,0
1728463148331030000,1221,1047,0,357,130,29
1728463148331871000,1396,832,64,348,95,0
1728463148332722000,1524,624,158,277,53,42
1728463148333564000,1603,427,362,346,36,73
1728463148334406000,1571,234,583,348,6,122
1728463148335248000,1495,82,796,325,0,165
1728463148336089000,1370,0,1039,298,0,224
1728463148336930000,1197,0,1251,249,0,264
1728463148337771000,999,2,1445,194,0,290
1728463148338612000,781,76,1585,153,0,320
1728463148339454000,559,186,1681,112,36,327
1728463148340296000,373,357,1717,66,74,321
1728463148341138000,181,682,1679,48,125,284
1728463148341980000,102,866,1602,13,139,271
1728463148342822000,0,1054,1473,0,263,234
1728463148343663000,0,1208,1295,0,226,239
1728463148344504000,0,1374,1074,0,258,181
1728463148345345000,53,1513,841,10,267,130
1728463148346196000,194,1603,617,45,276,93
1728463148347038000,363,1639,410,82,274,37
1728463148347880000,612,1600,225,138,252,10
1728463148348722000,810,1510,66,239,242,0
1728463148349564000,975,1380,0,253,213,0
1728463148350405000,1173,1209,0,281,169,0
1728463148351246000,1279,1003,23,341,117,0
1728463148352087000,1440,787,93,274,90,0
1728463148352929000,1524,584,215,302,64,69
1728463148353771000,1600,369,405,342,29,82
1728463148354613000,1570,200,629,333,0,139
1728463148355455000,1474,64,864,327,0,181
1728463148356296000,1328,0,1089,288,0,224
1728463148357137000,1152,2,1306,242,0,264
1728463148357978000,943,0,1482,195,0,301
1728463148358820000,744,74,1615,141,5,320
1728463148359665000,530,228,1707,89,53,338
1728463148360507000,330,407,1728,64,69,312
1728463148361349000,157,711,1676,57,141,284
1728463148362191000,58,892,1570,0,218,284
1728463148363032000,26,1110,1422,0,194,265
1728463148363872000,0,1238,1242,0,233,220
1728463148364713000,0,1412,1017,0,247,172
1728463148365554000,89,1541,785,23,255,114
1728463148366396000,226,1610,568,53,282,74
1728463148367238000,415,1633,345,97,277,38
1728463148368080000,690,1582,174,140,244,2
1728463148368922000,866,1487,40,253,228,0
1728463148369763000,1018,1346,0,282,197,0
1728463148370604000,1216,1172,0,297,162,0
1728463148371445000,1310,950,23,365,106,23
1728463148372287000,1474,729,119,313,71,9
1728463148373136000,1557,540,273,311,39,70
1728463148373978000,1599,331,476,348,25,93
1728463148374820000,1538,156,692,341,0,142
1728463148375662000,1441,31,917,309,0,196
1728463148376503000,1290,0,1136,274,0,242
1728463148377344000,1104,0,1349,226,0,279
1728463148378185000,880,7,1506,165,0,306
1728463148379026000,690,109,1626,137,29,321
1728463148379868000,480,262,1708,90,58,327
1728463148380710000,277,510,1707,47,98,314
1728463148381552000,139,719,1648,0,205,286
1728463148382394000,0,789,1556,0,242,258
1728463148383235000,0,1053,1381,9,260,228
1728463148384076000,0,1284,1189,0,234,205
1728463148384917000,5,1441,956,10,264,157
1728463148385759000,125,1568,722,21,282,111
1728463148386610000,276,1632,504,64,272,66
1728463148387452000,462,1630,305,109,269,17
1728463148388294000,655,1566,137,202,261,0
1728463148389135000,869,1465,13,229,231,0
1728463148389976000,1078,1307,0,264,194,0
1728463148390817000,1241,1116,4,244,146,0
1728463148391658000,1379,910,1,261,106,0
1728463148392500000,1504,697,154,309,66,42
1728463148393342000,1587,480,314,338,46,64
1728463148394184000,1584,286,511,343,10,107
1728463148395025000,1524,122,750,325,0,166
1728463148395867000,1412,14,983,303,0,198
1728463148396708000,1244,9,1203,264,0,249
1728463148397549000,1056,0,1406,224,0,277
1728463148398390000,849,29,1556,169,14,312
1728463148399232000,641,160,1674,119,32,330
1728463148400081000,429,309,1728,75,56,326
1728463148400923000,242,581,1707,64,117,303
1728463148401765000,106,704,1639,0,236,308
1728463148402606000,0,843,1506,4,254,282
1728463148403447000,0,1135,1336,0,229,246
1728463148404288000,0,1332,1129,0,242,199
1728463148405129000,30,1478,904,0,258,146
1728463148405971000,153,1582,670,34,279,92
1728463148406812000,313,1639,453,71,277,64
1728463148407654000,529,1612,255,121,266,18
1728463148408495000,704,1537,92,224,240,0
1728463148409337000,915,1415,0,248,213,0
1728463148410178000,1125,1263,8,252,186,0
1728463148411019000,1277,1065,0,224,128,0
1728463148411860000,1419,853,43,277,100,17
1728463148412701000,1543,661,205,323,71,40
1728463148413563000,1600,420,359,346,26,71
1728463148414405000,1581,238,569,338,5,114
1728463148415247000,1495,88,791,322,0,171
1728463148416089000,1377,0,1031,299,0,218
1728463148416930000,1208,0,1248,260,0,253
1728463148417771000,1015,0,1411,213,2,293
1728463148418612000,794,55,1568,146,5,320
1728463148419454000,594,187,1678,109,34,309
1728463148420296000,373,368,1731,71,73,330
1728463148421138000,224,618,1694,23,178,302
1728463148421980000,77,704,1609,20,199,290
1728463148422822000,0,962,1472,0,114,261
1728463148423663000,0,1197,1297,4,221,225
1728463148424504000,0,1376,1088,0,256,179
1728463148425345000,49,1512,853,11,270,133
1728463148426187000,186,1614,617,36,274,90
1728463148427026000,370,1632,406,78,282,45
1728463148427868000,543,1605,224,174,261,17
1728463148428710000,757,1520,74,169,244,0
1728463148429552000,975,1383,0,215,213,0
1728463148430392000,1165,1213,0,266,178,0
1728463148431233000,1309,1023,0,240,130,0
1728463148432074000,1455,794,72,286,90,41
1728463148432916000,1548,650,245,314,40,41
1728463148433758000,1593,369,415,346,26,87
1728463148434600000,1557,192,629,343,0,131
1728463148435442000,1474,66,858,313,0,192
1728463148436284000,1337,0,1090,282,0,224
1728463148437125000,1167,0,1299,245,0,261
1728463148437966000,961,2,1473,197,0,293
1728463148438808000,738,84,1622,139,10,306
1728463148439650000,526,229,1695,101,47,327
1728463148440498000,338,414,1730,64,79,338
1728463148441340000,164,562,1677,29,167,320
1728463148442182000,31,784,1580,0,89,279
1728463148443023000,0,1014,1434,0,145,250
1728463148443864000,0,1245,1257,0,228,224
1728463148444705000,0,1411,1023,0,253,173
1728463148445546000,90,1533,791,18,266,113
1728463148446388000,231,1616,576,52,282,76
1728463148447230000,412,1624,354,100,270,34
1728463148448072000,598,1578,185,132,257,8
1728463148448914000,817,1493,40,183,233,0
1728463148449755000,1023,1355,0,229,204,0
1728463148450596000,1223,1175,0,273,166,0
1728463148451437000,1372,1003,23,286,129,9
1728463148452279000,1496,770,109,322,85,0
1728463148453121000,1578,509,352,335,85,71
1728463148453981000,1600,329,454,344,11,95
1728463148454823000,1545,174,690,333,0,143
1728463148455664000,1441,27,914,309,0,186
1728463148456505000,1293,2,1135,274,0,242
1728463148457346000,1108,0,1344,231,0,279
1728463148458187000,909,4,1504,170,0,287
1728463148459029000,701,114,1634,136,13,314
1728463148459871000,480,274,1722,87,53,340
1728463148460713000,289,436,1717,55,106,320
1728463148461555000,146,617,1665,6,68,315
1728463148462397000,43,857,1560,0,117,282
1728463148463238000,103,1088,1437,10,167,233
1728463148464079000,0,1282,1190,0,241,212
1728463148464920000,5,1440,960,4,264,154
1728463148465762000,125,1561,725,23,274,106
1728463148466604000,277,1621,506,64,273,65
1728463148467448000,458,1634,312,105,269,21
1728463148468290000,652,1572,139,146,250,0
1728463148469132000,878,1472,9,194,229,0
1728463148469973000,1088,1309,0,238,196,0
1728463148470814000,1269,1121,42,272,149,0
1728463148471655000,1423,898,122,312,144,7
1728463148472497000,1511,715,233,325,100,26
1728463148473338000,1570,473,222,341,36,133
1728463148474180000,1588,283,513,341,10,98
1728463148475022000,1536,131,746,325,0,165
1728463148475864000,1407,18,983,306,0,204
1728463148476705000,1245,0,1200,261,0,241
1728463148477546000,1055,0,1399,221,0,286
1728463148478387000,850,26,1548,174,1,303
1728463148479228000,636,151,1653,113,33,330
1728463148480070000,440,295,1724,82,66,330
1728463148480919000,242,493,1714,39,65,323
1728463148481761000,215,704,1696,34,113,293
1728463148482603000,58,922,1511,0,165,282
1728463148483445000,0,1149,1344,31,212,255
1728463148484286000,0,1326,1134,0,240,186
1728463148485127000,31,1479,906,4,261,137
1728463148485969000,149,1584,679,41,276,101
1728463148486811000,320,1625,459,74,277,56
1728463148487653000,513,1620,261,117,267,20
1728463148488495000,719,1551,103,164,242,0
1728463148489337000,936,1434,54,213,229,0
1728463148490178000,1125,1265,53,257,184,0
1728463148491018000,1301,1053,69,290,154,0
1728463148491859000,1450,880,121,312,130,5
1728463148492701000,1545,637,53,322,49,133
1728463148493543000,1603,437,353,338,29,89
1728463148494394000,1578,245,581,341,10,125
1728463148495236000,1500,90,810,335,0,174
1728463148496078000,1376,0,1031,293,0,221
1728463148496918000,1208,0,1250,252,0,261
1728463148497759000,1008,0,1425,205,0,282
1728463148498600000,802,66,1586,154,6,320
1728463148499442000,581,139,1687,106,37,320
1728463148500284000,373,341,1738,79,72,331
1728463148501126000,242,530,1706,32,71,328
1728463148501968000,165,759,1666,17,122,308
1728463148502810000,29,990,1457,69,168,279
1728463148503651000,0,1183,1303,13,232,230
1728463148504492000,0,1366,1074,0,249,184
1728463148505334000,50,1507,843,14,266,130
1728463148506176000,192,1600,624,37,273,87
1728463148507018000,359,1640,402,82,277,42
1728463148507860000,550,1600,231,130,265,10
1728463148508702000,778,1523,121,180,255,0
1728463148509544000,981,1394,29,226,210,0
1728463148510385000,1182,1218,25,258,174,0
1728463148511226000,1349,1052,42,293,132,0
1728463148512067000,1475,797,0,320,74,96
1728463148512909000,1551,576,157,335,79,90
1728463148513751000,1606,382,401,346,34,82
1728463148514593000,1566,202,624,338,0,138
1728463148515434000,1479,64,856,314,0,180
1728463148516275000,1332,0,1093,289,0,224
1728463148517116000,1158,1,1290,244,0,267
1728463148517957000,953,0,1463,186,0,302
1728463148518798000,754,64,1608,142,23,325
1728463148519640000,538,224,1696,101,50,330
1728463148520482000,337,410,1737,56,65,334
1728463148521331000,263,600,1743,47,102,321
1728463148522173000,90,810,1568,70,151,320
1728463148523014000,0,1036,1409,54,202,306
1728463148523855000,0,1241,1248,0,233,224
1728463148524696000,0,1408,1030,0,254,171
1728463148525537000,83,1538,800,14,264,117
1728463148526379000,218,1612,576,52,273,74
1728463148527221000,412,1633,357,100,274,42
1728463148528062000,613,1592,204,133,261,10
1728463148528904000,825,1497,125,192,231,0
1728463148529746000,1026,1351,34,233,202,0
1728463148530587000,1223,1178,21,274,168,0
1728463148531428000,1386,970,0,293,118,93
1728463148532270000,1508,732,28,330,93,104
1728463148533112000,1609,537,206,330,74,100
1728463148533954000,1595,331,463,343,9,93
1728463148534801000,1544,165,683,338,0,138
1728463148535642000,1447,28,913,313,0,194
1728463148536483000,1295,0,1134,278,0,244
1728463148537324000,1112,0,1337,233,0,276
1728463148538165000,912,0,1509,181,0,295
1728463148539006000,683,72,1642,131,13,329
1728463148539848000,480,261,1717,89,47,320
1728463148540690000,302,450,1736,53,85,334
1728463148541532000,197,658,1687,5,109,325
1728463148542374000,0,874,1535,71,151,320
1728463148543215000,0,1080,1394,53,186,286
1728463148544056000,0,1290,1198,4,238,205
1728463148544897000,0,1447,974,0,258,148
1728463148545738000,117,1559,745,30,277,106
1728463148546580000,265,1629,510,56,277,72
1728463148547422000,463,1627,314,107,266,21
1728463148548278000,658,1575,210,156,258,0
1728463148549120000,878,1460,72,210,229,0
1728463148549961000,1080,1306,37,246,197,0
1728463148550802000,1268,1116,4,288,164,0
1728463148551643000,1422,942,69,306,125,0
1728463148552485000,1546,692,30,320,64,121
1728463148553327000,1626,488,244,332,58,96
1728463148554169000,1584,281,510,348,9,109
1728463148555011000,1524,130,738,324,0,160
1728463148555853000,1413,17,969,299,0,212
1728463148556694000,1257,4,1183,258,0,261
1728463148557535000,1067,0,1384,217,0,282
1728463148558376000,861,33,1556,169,0,306
1728463148559217000,617,124,1655,136,28,322
1728463148560059000,435,298,1735,85,50,334
1728463148560901000,276,505,1724,40,93,335
1728463148561758000,178,706,1634,42,136,312
1728463148562600000,74,939,1551,0,165,277
1728463148563440000,23,1133,1347,26,202,242
1728463148564281000,0,1321,1143,8,245,194
1728463148565122000,29,1472,913,5,266,145
1728463148565964000,146,1579,672,30,277,100
1728463148566806000,320,1625,463,75,274,50
1728463148567648000,514,1628,271,122,277,16
1728463148568490000,709,1547,105,170,249,0
1728463148569332000,927,1433,45,209,229,0
1728463148570173000,1128,1270,26,245,180,0
1728463148571014000,1314,1088,43,278,145,0
1728463148571855000,1453,893,107,310,105,0
1728463148572697000,1548,613,101,338,73,109
1728463148573539000,1600,426,325,342,32,75
1728463148574381000,1573,247,576,335,0,121
1728463148575221000,1510,101,796,324,0,169
1728463148576063000,1373,6,1035,296,0,218
1728463148576904000,1208,0,1245,258,0,256
1728463148577745000,1002,0,1434,210,0,293
1728463148578586000,802,26,1576,164,5,320
1728463148579428000,593,165,1692,110,30,329
1728463148580270000,390,336,1720,66,52,325
1728463148581112000,282,528,1735,36,90,322
1728463148581954000,122,746,1609,14,137,308
1728463148582795000,0,960,1433,50,177,306
1728463148583636000,0,1172,1301,18,215,242
1728463148584477000,0,1364,1093,0,245,183
1728463148585318000,57,1504,852,10,264,130
1728463148586160000,181,1592,629,46,274,85
1728463148587002000,365,1622,405,89,285,46
1728463148587844000,562,1610,225,130,256,14
1728463148588733000,774,1530,133,175,234,0
1728463148589575000,976,1403,47,218,212,0
1728463148590416000,1173,1223,26,261,177,37
1728463148591257000,1356,1050,31,296,137,66
1728463148592098000,1481,786,0,320,95,92
1728463148592940000,1592,606,153,330,79,89
1728463148593782000,1607,388,400,344,18,78
1728463148594624000,1559,210,624,337,0,125
1728463148595466000,1472,66,856,321,0,186
1728463148596307000,1344,0,1078,290,0,232
1728463148597148000,1168,0,1289,239,0,266
1728463148597989000,963,0,1474,192,0,290
1728463148598830000,739,56,1607,135,7,323
1728463148599672000,538,205,1701,101,45,328
1728463148600514000,336,397,1733,58,67,341
1728463148601356000,282,602,1735,33,110,314
1728463148602170000,0,821,1576,70,141,334
1728463148603011000,0,1037,1456,64,186,308
1728463148603852000,0,1231,1251,0,232,211
1728463148604693000,0,1401,1029,0,257,173
1728463148605534000,72,1534,802,20,270,128
1728463148606376000,229,1615,569,49,286,76
1728463148607218000,402,1633,359,87,269,41
1728463148608060000,596,1593,184,136,258,0
1728463148608902000,818,1494,124,192,242,0
1728463148609743000,1026,1353,26,235,207,0
1728463148610584000,1219,1172,21,274,168,0
1728463148611425000,1378,998,56,298,146,0
1728463148612266000,1506,749,0,320,68,109
1728463148613108000,1600,510,193,346,58,129
1728463148613950000,1600,340,466,346,21,104
1728463148614792000,1551,169,677,337,0,149
1728463148615624000,1448,37,906,308,0,196
1728463148616465000,1306,0,1134,271,0,239
1728463148617306000,1114,0,1344,226,0,281
1728463148618146000,919,4,1511,186,0,293
1728463148618988000,707,107,1639,133,11,308
1728463148619830000,457,258,1719,94,53,324
1728463148620672000,296,448,1731,50,85,327
1728463148621514000,247,644,1716,40,90,314
1728463148622356000,97,875,1573,2,151,284
1728463148623197000,79,1078,1442,0,168,241
1728463148624038000,0,1279,1223,2,237,210
1728463148624879000,0,1441,971,2,265,165
1728463148625720000,111,1561,741,21,277,110
1728463148626562000,269,1624,522,54,267,69
1728463148627404000,458,1635,320,116,274,21
1728463148628246000,649,1580,156,148,254,0
1728463148629103000,871,1472,85,199,233,0
1728463148629944000,1077,1319,37,241,200,0
1728463148630785000,1268,1128,41,276,160,0
1728463148631626000,1410,942,92,309,136,4
1728463148632468000,1519,708,41,337,64,106
1728463148633310000,1593,480,240,349,68,105
1728463148634152000,1592,292,498,343,13,112
1728463148634993000,1532,125,730,322,0,156
1728463148635835000,1425,18,960,302,0,202
1728463148636676000,1253,1,1186,269,0,242
1728463148637517000,1065,0,1383,237,0,279
1728463148638358000,858,25,1555,175,2,310
1728463148639200000,642,132,1650,117,29,326
1728463148640042000,448,290,1720,85,34,330
1728463148640884000,264,501,1728,42,98,323
1728463148641726000,165,708,1652,21,117,309
1728463148642578000,0,926,1514,64,175,322
1728463148643419000,0,1145,1357,41,222,298
1728463148644260000,0,1331,1152,0,239,206
1728463148645101000,26,1472,920,5,256,139
1728463148645943000,130,1580,688,33,272,101
1728463148646785000,308,1627,469,82,279,57
1728463148647627000,503,1622,281,116,265,23
1728463148648469000,711,1551,186,162,247,0
1728463148649310000,920,1435,45,210,224,0
1728463148650151000,1123,1266,30,258,192,0
1728463148650992000,1300,1072,18,292,148,0
1728463148651833000,1445,860,0,314,89,98
1728463148652675000,1553,633,102,327,85,98
1728463148653517000,1648,449,314,338,22,0
1728463148654359000,1578,254,562,344,8,112
1728463148655200000,1506,93,791,327,0,168
1728463148656052000,1382,0,1010,304,0,221
1728463148656893000,1216,0,1228,249,0,265
1728463148657734000,1013,0,1423,207,0,290
1728463148658575000,794,13,1575,154,0,309
1728463148659417000,597,153,1681,117,37,325
1728463148660259000,392,342,1720,74,66,330
1728463148661101000,258,530,1707,45,90,329
1728463148661943000,132,749,1634,0,121,306
1728463148662784000,0,969,1476,64,157,304
1728463148663625000,0,1175,1310,49,207,250
1728463148664466000,0,1365,1091,0,253,188
1728463148665307000,53,1501,864,10,274,133
1728463148666149000,178,1592,626,47,276,85
1728463148666990000,357,1638,418,75,273,50
1728463148667832000,556,1613,224,128,257,9
1728463148668673000,757,1540,141,181,244,0
1728463148669557000,977,1397,36,225,224,0
1728463148670398000,1168,1230,26,265,180,0
1728463148671239000,1344,1037,34,302,141,0
1728463148672080000,1474,849,119,314,97,5
1728463148672921000,1559,579,117,329,53,109
1728463148673763000,1601,400,370,341,25,101
1728463148674605000,1571,203,613,341,5,130
1728463148675447000,1480,74,842,320,0,186
1728463148676288000,1344,0,1079,293,0,226
1728463148677129000,1172,0,1291,246,0,262
1728463148677970000,965,0,1472,194,0,293
1728463148678811000,757,86,1614,149,13,320
1728463148679653000,536,192,1702,106,46,322
1728463148680495000,343,382,1722,57,64,330
1728463148681337000,274,581,1705,29,92,306
1728463148682179000,117,807,1619,2,145,294
1728463148682987000,0,1028,1437,64,180,277
1728463148683828000,0,1231,1258,0,226,228
1728463148684669000,0,1392,1029,0,265,168
1728463148685511000,74,1529,794,10,271,117
1728463148686353000,217,1607,578,36,269,79
1728463148687195000,399,1639,375,93,274,26
1728463148688037000,599,1603,192,142,261,16
1728463148688879000,814,1506,117,182,241,0
1728463148689721000,1018,1359,33,229,197,0
1728463148690562000,1219,1180,16,276,162,0
1728463148691403000,1379,1011,66,296,130,0
1728463148692244000,1504,758,10,325,68,93
1728463148693086000,1583,541,194,335,64,102
1728463148693928000,1600,342,448,340,26,93
1728463148694770000,1550,173,676,330,0,146
1728463148695612000,1445,43,906,320,0,185
1728463148696457000,1298,0,1139,277,0,240
1728463148697298000,1109,0,1335,237,0,272
1728463148698139000,916,0,1489,188,0,290
1728463148698981000,700,90,1634,132,21,329
1728463148699823000,490,241,1703,89,41,335
1728463148700665000,303,426,1731,54,79,321
1728463148701507000,197,637,1701,17,106,314
1728463148702349000,0,861,1554,58,165,349
1728463148703190000,0,1056,1404,42,196,289
1728463148704031000,0,1271,1200,0,237,209
1728463148704872000,0,1435,976,0,250,154
1728463148705714000,106,1549,747,23,276,109
1728463148706556000,261,1614,526,64,277,66
1728463148707398000,450,1635,321,98,266,37
1728463148708240000,663,1573,205,153,250,0
1728463148709082000,872,1476,66,206,230,0
1728463148709942000,1068,1317,0,250,195,31
1728463148710783000,1261,1126,0,285,158,11
1728463148711624000,1429,895,0,306,125,75
1728463148712466000,1553,719,87,330,94,89
1728463148713308000,1652,506,272,345,22,0
1728463148714150000,1585,290,501,345,11,104
1728463148714992000,1525,126,724,337,0,153
1728463148715833000,1416,17,954,301,0,202
1728463148716674000,1267,1,1170,265,0,251
1728463148717515000,1069,5,1383,213,0,294
1728463148718356000,848,0,1546,178,0,297
1728463148719197000,645,130,1659,129,25,320
1728463148720039000,448,282,1726,90,64,335
1728463148720881000,258,501,1728,42,98,333
1728463148721723000,87,708,1632,82,122,329
1728463148722565000,0,925,1543,47,169,320
1728463148723407000,0,1141,1378,34,220,260
1728463148724248000,0,1317,1159,1,245,196
1728463148725089000,21,1472,922,8,270,149
1728463148725931000,141,1577,693,26,274,100
1728463148726773000,306,1632,473,74,274,53
1728463148727615000,496,1630,277,119,271,18
1728463148728457000,700,1552,190,160,266,0
1728463148729299000,916,1437,29,215,224,0
1728463148730140000,1120,1275,2,249,194,42
1728463148730981000,1302,1088,1,285,145,29
1728463148731822000,1437,848,0,313,93,82
1728463148732664000,1547,624,97,330,88,85
1728463148733505000,1657,437,309,335,34,0
1728463148734347000,1580,257,552,347,8,112
1728463148735188000,1510,101,788,322,0,173
1728463148736029000,1390,0,1013,298,0,210
1728463148736876000,1221,1,1232,258,0,260
1728463148737717000,1021,0,1420,208,0,285
1728463148738558000,822,47,1570,151,10,293
1728463148739399000,598,154,1688,125,34,322
1728463148740241000,394,340,1722,66,64,324
1728463148741083000,221,533,1720,37,97,321
1728463148741925000,129,747,1623,3,119,313
1728463148742767000,0,963,1465,56,181,309
1728463148743608000,0,1161,1329,42,205,279
1728463148744449000,0,1363,1095,1,250,185
1728463148745290000,53,1504,876,5,269,137
1728463148746132000,184,1600,637,40,269,85
1728463148746974000,341,1645,429,84,273,57
1728463148747816000,562,1608,232,136,277,14
1728463148748657000,760,1534,151,173,250,0
1728463148749499000,971,1399,25,218,205,0
1728463148750358000,1171,1235,33,266,178,0
1728463148751198000,1351,1036,33,298,136,0
1728463148752040000,1474,854,122,320,75,56
1728463148752882000,1559,576,138,335,79,104
1728463148753724000,1632,402,336,346,34,37
1728463148754566000,1571,213,610,335,0,129
1728463148755408000,1477,71,852,321,0,173
1728463148756249000,1344,0,1067,287,0,231
1728463148757090000,1171,0,1279,249,0,265
1728463148757931000,970,0,1459,202,0,296
1728463148758772000,757,56,1591,148,13,325
1728463148759614000,553,196,1698,100,37,341
1728463148760456000,344,388,1738,53,66,327
1728463148761298000,228,591,1698,32,109,306
1728463148762140000,105,802,1565,75,149,320
1728463148762981000,0,1016,1442,46,180,308
1728463148763823000,0,1223,1256,36,224,220
1728463148764664000,0,1401,1042,0,258,170
1728463148765506000,69,1528,811,23,269,123
1728463148766348000,218,1610,578,53,279,73
1728463148767190000,407,1636,368,87,276,41
1728463148768032000,606,1603,194,144,258,4
1728463148768874000,809,1501,101,185,237,0
1728463148769716000,1023,1367,1,233,207,53
1728463148770557000,1216,1184,0,274,169,36
1728463148771398000,1383,981,0,298,129,69
1728463148772240000,1509,745,26,320,103,89
1728463148773082000,1644,576,224,332,36,0
1728463148773924000,1592,375,448,344,26,82
1728463148774766000,1554,174,666,340,0,146
1728463148775608000,1450,50,897,309,0,199
1728463148776449000,1307,0,1126,276,0,237
1728463148777291000,1136,2,1331,234,0,277
1728463148778132000,919,0,1509,188,0,297
1728463148778973000,700,86,1643,138,13,314
1728463148779815000,498,239,1719,101,49,331
1728463148780657000,306,434,1730,50,85,341
1728463148781499000,216,634,1690,20,106,320
1728463148782340000,0,867,1551,64,154,327
1728463148783181000,0,1068,1429,53,192,301
1728463148784022000,0,1264,1216,4,233,209
1728463148784863000,0,1426,974,1,265,162
1728463148785705000,105,1560,752,18,269,121
1728463148786547000,261,1617,528,64,272,58
1728463148787389000,442,1634,320,106,274,21
1728463148788230000,644,1578,192,161,256,0
1728463148789072000,864,1472,81,206,232,0
1728463148789913000,1072,1326,25,239,204,0
1728463148790776000,1256,1150,23,272,156,0
1728463148791617000,1404,937,64,299,104,0
1728463148792459000,1512,687,47,327,79,92
1728463148793301000,1592,478,233,340,64,106
1728463148794143000,1593,297,501,350,13,106
1728463148794985000,1527,141,729,328,0,159
1728463148795827000,1426,23,960,309,0,201
1728463148796668000,1274,1,1184,269,0,242
1728463148797509000,1073,0,1379,225,0,281
1728463148798350000,865,18,1531,157,1,302
1728463148799192000,654,130,1653,119,23,320
1728463148800034000,449,277,1711,79,58,336
1728463148800876000,259,485,1720,45,94,329
1728463148801718000,210,704,1706,34,128,320
1728463148802560000,57,900,1554,2,162,284
1728463148803401000,0,1105,1329,69,201,244
1728463148804298000,0,1312,1156,0,247,199
1728463148805139000,16,1464,916,0,272,151
1728463148805980000,142,1576,692,33,273,98
1728463148806822000,305,1634,478,66,279,52
1728463148807664000,493,1617,274,125,269,13
1728463148808506000,696,1559,108,149,253,0
1728463148809348000,915,1442,71,210,219,0
1728463148810189000,1118,1287,36,253,189,0
1728463148811030000,1306,1084,31,287,155,0
1728463148811871000,1435,911,110,308,124,0
1728463148812713000,1543,651,69,341,50,122
1728463148813555000,1586,443,289,344,56,142
1728463148814397000,1587,260,549,345,5,114
1728463148815239000,1506,101,779,325,0,160
1728463148816081000,1390,0,1014,302,0,218
1728463148816922000,1218,0,1220,259,0,258
1728463148817719000,1025,0,1421,226,0,290
1728463148818560000,819,29,1552,160,9,305
1728463148819402000,604,149,1685,117,28,328
1728463148820244000,398,338,1724,74,58,320
1728463148821086000,229,541,1717,40,105,322
1728463148821928000,117,747,1610,75,117,315
1728463148822770000,0,960,1504,50,173,309
1728463148823611000,0,1159,1349,34,207,249
1728463148824452000,0,1370,1103,0,250,189
1728463148825293000,40,1495,874,11,267,137
1728463148826135000,170,1600,639,37,271,85
1728463148826977000,348,1632,425,82,274,50
1728463148827819000,545,1619,242,129,266,8
1728463148828661000,746,1530,125,181,245,0
1728463148829503000,970,1404,0,224,224,53
1728463148830344000,1172,1235,0,258,188,29
1728463148831186000,1344,1033,0,295,134,15
1728463148832028000,1482,813,8,333,119,57
1728463148832870000,1623,612,178,335,48,0
1728463148833712000,1584,497,360,369,32,42
1728463148834554000,1573,214,600,340,8,128
1728463148835396000,1492,78,832,314,0,183
1728463148836237000,1350,0,1066,293,0,221
1728463148837078000,1174,0,1275,245,0,258
1728463148837919000,974,2,1466,197,0,293
1728463148838760000,759,64,1600,149,5,309
1728463148839602000,544,201,1696,101,37,320
1728463148840444000,353,402,1731,64,69,327
1728463148841286000,166,590,1687,39,112,320
1728463148842128000,0,798,1616,37,151,293
1728463148842969000,0,1030,1425,0,192,256
1728463148843810000,0,1236,1250,0,224,235
1728463148844656000,0,1394,1047,0,250,178
1728463148845497000,75,1528,816,17,261,122
1728463148846339000,207,1607,595,57,274,78
1728463148847181000,392,1628,375,94,271,36
1728463148848023000,596,1600,186,138,269,7
1728463148848864000,809,1504,29,186,232,26
1728463148849706000,1018,1365,0,233,215,21
1728463148850547000,1216,1188,0,273,171,9
1728463148851388000,1385,985,0,298,132,18
1728463148852229000,1544,757,68,330,78,0
1728463148853071000,1553,656,217,361,69,5
1728463148853913000,1607,412,416,349,20,64
1728463148854755000,1560,178,665,336,0,139
1728463148855597000,1453,42,895,320,0,192
1728463148856438000,1312,1,1116,281,0,238
1728463148857279000,1122,0,1328,229,0,277
1728463148858135000,924,0,1488,181,0,306
1728463148858977000,713,92,1636,138,1,325
1728463148859819000,506,249,1717,92,50,327
1728463148860661000,289,433,1733,68,85,338
1728463148861503000,98,647,1681,47,138,322
1728463148862345000,0,864,1554,0,161,289
1728463148863186000,0,1080,1400,0,199,279
1728463148864027000,0,1273,1209,0,241,209
1728463148864868000,0,1426,987,0,254,160
1728463148865710000,103,1542,750,34,270,112
1728463148866551000,255,1615,526,54,279,69
1728463148867393000,442,1632,321,94,257,30
1728463148868235000,648,1583,151,154,257,0
1728463148869077000,868,1479,9,201,242,21
1728463148869918000,1065,1328,0,244,197,5
1728463148870759000,1253,1143,0,282,159,0
1728463148871649000,1423,939,0,303,139,52
1728463148872490000,1581,729,102,325,64,0
1728463148873332000,1581,637,272,359,39,11
1728463148874174000,1593,304,501,345,20,100
1728463148875016000,1532,145,717,337,0,154
1728463148875858000,1428,23,949,302,0,202
1728463148876699000,1271,0,1181,264,0,245
1728463148877540000,1079,0,1369,217,0,286
1728463148878381000,875,11,1534,181,0,298
1728463148879223000,663,124,1661,130,32,312
1728463148880065000,450,277,1722,85,49,331
1728463148880907000,264,473,1712,39,98,334
1728463148881749000,32,697,1673,53,110,330
1728463148882591000,0,924,1538,0,174,270
1728463148883432000,0,1113,1349,0,213,241
1728463148884273000,0,1300,1155,2,240,199
1728463148885066000,17,1465,925,4,263,151
1728463148885908000,138,1576,704,23,274,105
1728463148886750000,298,1630,474,68,266,52
1728463148887592000,485,1632,277,114,269,34
1728463148888434000,704,1557,116,164,261,77
1728463148889276000,914,1444,0,208,221,21
1728463148890117000,1118,1283,0,250,184,2
1728463148890958000,1298,1095,0,285,145,5
1728463148891799000,1494,895,0,320,103,0
1728463148892641000,1516,767,145,346,76,0
1728463148893483000,1631,522,320,353,50,40
1728463148894325000,1580,258,549,339,0,116
1728463148895167000,1518,113,782,326,0,160
1728463148896009000,1383,0,1019,297,0,214
1728463148896850000,1220,1,1230,263,0,260
1728463148897691000,1034,0,1418,216,0,288
1728463148898537000,825,52,1572,158,0,330
1728463148899379000,602,158,1683,114,16,322
1728463148900221000,372,330,1728,74,66,336
1728463148901063000,217,530,1708,37,109,327
1728463148901905000,45,758,1589,0,153,338
1728463148902746000,0,968,1495,0,181,309
1728463148903587000,0,1237,1344,0,213,245
1728463148904428000,0,1351,1104,0,250,183
1728463148905269000,37,1496,875,10,264,138
1728463148906111000,170,1587,631,39,276,91
1728463148906953000,341,1632,432,74,269,45
1728463148907795000,552,1615,244,130,264,10
1728463148908637000,752,1538,74,180,245,30
1728463148909478000,960,1405,0,220,218,0
1728463148910319000,1166,1231,0,267,181,0
1728463148911160000,1344,1036,0,297,142,0
1728463148912015000,1452,932,47,345,106,0
1728463148912857000,1600,658,192,331,104,1
1728463148913699000,1559,308,383,361,73,66
1728463148914541000,1570,218,598,334,5,132
1728463148915382000,1486,75,832,314,0,181
1728463148916223000,1354,0,1062,290,0,231
1728463148917064000,1183,0,1278,248,0,261
1728463148917905000,989,0,1457,199,2,290
1728463148918746000,765,68,1614,156,8,320
1728463148919588000,537,196,1687,106,33,338
1728463148920430000,330,389,1729,56,69,337
1728463148921272000,177,594,1704,32,102,330
1728463148922114000,18,853,1632,0,170,320
1728463148922955000,0,1075,1484,0,197,261
1728463148923796000,0,1239,1269,0,209,197
1728463148924637000,0,1393,1043,0,255,177
1728463148925531000,68,1525,817,8,261,126
1728463148926373000,210,1615,591,52,264,80
1728463148927214000,391,1628,383,90,282,31
1728463148928056000,594,1600,202,144,265,10
1728463148928897000,817,1507,31,184,242,0
1728463148929739000,1017,1370,0,226,207,0
1728463148930580000,1207,1260,0,269,164,0
1728463148931421000,1373,1037,0,305,135,0
1728463148932263000,1507,862,73,363,119,0
1728463148933104000,1600,589,226,327,141,34
1728463148933946000,1576,279,426,346,82,84
1728463148934788000,1561,184,664,338,0,137
1728463148935630000,1454,57,884,314,0,186
1728463148936471000,1308,0,1115,282,0,233
1728463148937312000,1135,0,1321,235,0,269
1728463148938153000,925,0,1493,188,0,302
1728463148938957000,704,98,1634,132,8,309
1728463148939799000,500,241,1717,91,43,341
1728463148940641000,302,448,1730,55,87,338
1728463148941483000,148,645,1681,2,132,324
1728463148942325000,4,912,1583,0,165,286
1728463148943166000,0,1088,1412,0,197,245
1728463148944007000,0,1280,1220,0,232,201
1728463148944848000,0,1428,992,0,250,158
1728463148945690000,98,1559,759,22,270,114
1728463148946532000,252,1615,535,58,277,64
1728463148947374000,433,1632,327,101,269,26
1728463148948216000,650,1582,162,161,257,2
1728463148949058000,856,1483,26,197,234,0
1728463148949899000,1068,1329,0,241,201,0
1728463148950739000,1250,1151,0,279,160,0
1728463148951580000,1414,941,0,312,118,0
1728463148952430000,1511,794,90,339,88,0
1728463148953272000,1604,577,249,369,52,11
1728463148954114000,1585,229,484,335,43,98
1728463148954956000,1532,146,712,334,0,149
1728463148955798000,1422,29,946,309,0,197
1728463148956639000,1273,0,1160,272,0,245
1728463148957480000,1080,0,1365,224,0,282
1728463148958321000,875,18,1528,178,4,310
1728463148959163000,666,132,1664,128,10,322
1728463148960005000,449,286,1724,87,42,324
1728463148960847000,267,463,1721,52,101,324
1728463148961689000,86,687,1654,0,149,311
1728463148962530000,0,918,1530,0,170,325
1728463148963371000,0,1129,1372,0,202,265
1728463148964212000,0,1311,1170,0,242,197
1728463148965053000,6,1457,937,2,258,149
1728463148965907000,133,1563,686,34,277,97
1728463148966749000,320,1632,472,64,289,64
1728463148967591000,487,1625,290,114,260,17
1728463148968433000,693,1567,117,165,250,4
1728463148969275000,911,1447,0,210,224,0
1728463148970116000,1113,1291,0,254,193,0
1728463148970957000,1290,1092,0,286,151,0
1728463148971798000,1475,873,1,306,98,0
1728463148972640000,1535,765,154,370,75,0
1728463148973482000,1605,473,322,329,120,31
1728463148974324000,1584,258,538,346,10,112
1728463148975166000,1514,123,767,323,0,177
1728463148976007000,1393,10,1006,298,0,214
1728463148976848000,1227,0,1220,261,0,246
1728463148977689000,1036,0,1422,218,0,285
1728463148978530000,818,26,1581,168,0,287
1728463148979369000,610,150,1681,121,29,320
1728463148980211000,399,335,1731,67,57,341
1728463148981053000,215,540,1715,23,106,325
1728463148981894000,31,741,1625,0,148,325
1728463148982736000,0,994,1512,0,184,293
1728463148983577000,0,1216,1314,0,226,220
1728463148984418000,0,1346,1103,0,246,192
1728463148985259000,41,1492,873,11,261,135
1728463148986101000,173,1598,650,37,274,83
1728463148986943000,329,1632,436,87,277,45
1728463148987785000,540,1615,237,121,269,16
1728463148988627000,762,1541,69,165,244,0
1728463148989469000,968,1510,0,224,212,0
1728463148990310000,1160,1311,0,264,188,0
1728463148991151000,1327,1072,0,296,135,0
1728463148991992000,1491,903,50,350,109,0
1728463148992846000,1589,648,186,321,144,16
1728463148993687000,1588,341,383,357,72,74
1728463148994529000,1567,237,602,340,0,125
1728463148995371000,1490,79,834,327,0,176
1728463148996213000,1351,0,1052,293,0,225
1728463148997054000,1177,0,1264,242,0,264
1728463148997895000,988,0,1456,196,0,295
1728463148998736000,775,57,1610,148,0,315
1728463148999577000,538,209,1701,106,30,338
1728463149000419000,349,377,1733,55,85,320
1728463149001261000,181,590,1694,23,114,330
1728463149002103000,32,832,1612,0,149,292
1728463149002944000,0,1008,1550,0,186,260
1728463149003785000,0,1197,1376,0,258,245
1728463149004626000,0,1383,1055,0,250,175
1728463149005467000,74,1515,811,18,277,123
1728463149006324000,205,1607,586,45,277,78
1728463149007166000,386,1636,386,87,266,34
1728463149008008000,581,1602,196,138,258,1
1728463149008849000,797,1543,50,188,242,0
1728463149009691000,1012,1439,0,231,213,0
1728463149010532000,1216,1285,0,276,181,0
1728463149011372000,1369,1045,0,305,133,0
1728463149012214000,1536,852,90,349,89,0
1728463149013056000,1544,459,225,340,122,16
1728463149013898000,1602,293,418,363,66,76
1728463149014740000,1555,173,645,334,1,137
1728463149015582000,1455,50,880,310,0,187
1728463149016423000,1323,2,1110,290,0,226
1728463149017264000,1138,1,1320,234,0,272
1728463149018105000,931,0,1489,188,0,296
1728463149018946000,714,98,1621,144,11,338
1728463149019788000,493,239,1710,98,48,339
1728463149020630000,285,426,1729,39,74,337
1728463149021472000,138,651,1688,23,133,314
1728463149022314000,2,846,1591,0,178,297
1728463149023155000,0,1045,1520,0,234,290
1728463149023996000,0,1244,1305,0,261,215
1728463149024837000,0,1428,990,0,267,165
1728463149025679000,96,1550,767,18,266,119
1728463149026521000,242,1623,549,57,279,64
1728463149027363000,427,1634,350,103,274,33
1728463149028205000,644,1592,160,146,258,11
1728463149029047000,860,1560,23,200,234,0
1728463149029888000,1063,1383,0,245,192,0
1728463149030729000,1252,1181,0,282,152,0
1728463149031570000,1410,975,0,309,121,0
1728463149032412000,1521,599,116,320,154,2
1728463149033259000,1579,431,290,366,98,57
1728463149034101000,1600,277,488,341,0,100
1728463149034943000,1543,149,708,333,0,144
1728463149035785000,1426,28,938,314,0,194
1728463149036626000,1270,0,1166,274,0,244
1728463149037467000,1080,0,1372,226,0,278
1728463149038308000,882,18,1532,181,1,314
1728463149039150000,652,122,1646,130,21,330
1728463149039992000,453,290,1720,87,57,330
1728463149040834000,265,487,1718,42,87,338
1728463149041676000,96,701,1673,4,130,320
1728463149042517000,0,952,1540,0,181,266
1728463149043358000,0,1129,1377,0,210,241
1728463149044199000,0,1305,1255,0,245,199
1728463149045040000,13,1461,938,0,253,145
1728463149045882000,129,1572,709,40,274,104
1728463149046740000,288,1624,501,67,276,56
1728463149047582000,488,1624,285,114,274,23
1728463149048423000,698,1560,121,164,249,0
1728463149049265000,911,1527,0,212,234,0
1728463149050106000,1101,1365,0,256,188,0
1728463149050947000,1282,1143,0,286,149,0
1728463149051788000,1439,953,18,335,113,0
1728463149052630000,1568,719,133,322,85,2
1728463149053472000,1592,353,313,313,106,42
1728463149054314000,1592,253,543,343,33,103
1728463149055156000,1504,109,767,337,0,162
1728463149055997000,1397,0,993,302,0,213
1728463149056838000,1229,0,1216,261,0,254
1728463149057679000,1032,0,1400,210,0,288
1728463149058520000,832,34,1566,157,0,314
1728463149059362000,619,155,1678,117,25,329
1728463149060201000,386,321,1735,82,58,337
1728463149061043000,218,532,1709,20,109,327
1728463149061885000,72,781,1639,0,133,320
1728463149062727000,0,1009,1507,0,170,267
1728463149063568000,0,1146,1438,0,249,226
1728463149064409000,0,1344,1115,0,245,187
1728463149065250000,32,1487,885,20,266,138
1728463149066091000,168,1592,648,33,279,94
1728463149066933000,332,1628,434,69,269,50
1728463149067775000,528,1629,250,122,265,13
1728463149068617000,741,1535,85,175,253,0
1728463149069459000,954,1495,0,226,221,0
1728463149070300000,1153,1314,0,254,186,0
1728463149071141000,1332,1095,0,289,146,0
1728463149071982000,1440,952,34,338,107,0
1728463149072824000,1593,697,184,354,55,5
1728463149073683000,1585,297,378,333,107,58
1728463149074525000,1574,226,591,343,5,129
1728463149075366000,1491,86,820,320,0,176
1728463149076208000,1361,0,1061,289,0,224
1728463149077049000,1175,2,1264,250,0,260
1728463149077890000,988,5,1450,203,0,302
1728463149078731000,784,58,1614,157,5,312
1728463149079573000,557,181,1685,111,31,337
1728463149080415000,341,382,1730,58,68,341
1728463149081257000,181,570,1713,33,106,322
1728463149082099000,15,850,1627,0,156,302
1728463149082941000,0,1025,1461,0,192,245
1728463149083782000,0,1194,1388,0,239,240
1728463149084623000,0,1381,1049,0,255,176
1728463149085464000,66,1520,823,5,264,128
1728463149086306000,200,1611,604,49,274,70
1728463149087149000,375,1637,388,90,277,45
1728463149087991000,591,1606,197,133,274,13
1728463149088833000,799,1611,50,177,234,0
1728463149089675000,1012,1436,0,224,207,0
1728463149090516000,1200,1265,0,267,172,0
1728463149091357000,1368,1047,0,302,132,0
1728463149092199000,1522,833,74,320,133,0
1728463149093041000,1559,489,232,347,116,31
1728463149093883000,1615,314,421,348,0,75
1728463149094725000,1555,188,654,335,0,122
1728463149095567000,1457,53,887,314,0,189
1728463149096408000,1308,0,1107,282,0,234
1728463149097249000,1137,0,1312,240,0,265
1728463149098090000,937,1,1487,184,1,303
1728463149098931000,714,90,1637,138,2,326
1728463149099773000,498,228,1715,98,34,331
1728463149100621000,306,413,1735,42,86,335
1728463149101463000,146,648,1679,16,126,330
1728463149102305000,16,841,1576,0,161,292
1728463149103146000,0,1044,1529,0,221,265
1728463149103987000,0,1246,1318,1,263,218
1728463149104828000,0,1421,1001,0,254,157
1728463149105670000,89,1541,765,21,274,113
1728463149106512000,241,1628,541,49,274,74
1728463149107354000,434,1632,348,98,271,40
1728463149108196000,639,1587,165,149,263,0
1728463149109038000,845,1559,23,194,234,0
1728463149109880000,1058,1386,0,245,202,0
1728463149110721000,1248,1189,0,282,166,0
1728463149111562000,1405,980,0,306,123,0
1728463149112404000,1507,628,113,338,145,0
1728463149113246000,1600,458,271,349,57,37
1728463149114101000,1586,284,480,328,0,106
1728463149114942000,1541,154,706,330,0,150
1728463149115784000,1431,29,932,306,0,202
1728463149116625000,1282,2,1154,268,0,247
1728463149117466000,1098,0,1359,230,0,277
1728463149118307000,889,18,1527,178,0,301
1728463149119149000,651,127,1659,127,14,338
1728463149119991000,439,274,1728,87,50,334
1728463149120833000,266,476,1722,42,90,339
1728463149121675000,113,690,1664,2,133,312
1728463149122516000,0,920,1543,0,177,282
1728463149123357000,0,1077,1491,0,234,264
1728463149124198000,0,1284,1264,0,276,215
1728463149125039000,8,1458,954,0,263,148
1728463149125881000,130,1572,714,27,271,113
1728463149126722000,290,1624,498,65,272,50
1728463149127564000,473,1626,303,114,266,29
1728463149128406000,688,1557,127,173,253,0
1728463149129248000,906,1514,9,221,226,0
1728463149130089000,1105,1349,0,249,188,0
1728463149130930000,1291,1155,0,290,145,0
1728463149131771000,1447,937,20,320,106,0
1728463149132612000,1530,568,151,320,146,16
1728463149133454000,1600,401,320,386,82,56
1728463149134296000,1583,229,532,334,0,111
1728463149135138000,1524,122,752,325,0,164
1728463149135980000,1394,10,994,301,0,201
1728463149136821000,1237,0,1207,259,0,245
1728463149137662000,1034,0,1407,216,0,290
1728463149138503000,832,29,1559,171,0,311
1728463149139345000,601,153,1675,117,39,333
1728463149140187000,404,335,1728,64,56,333
1728463149141031000,218,537,1720,32,102,327
1728463149141873000,54,749,1655,8,133,308
1728463149142714000,0,933,1612,0,217,298
1728463149143555000,0,1198,1392,0,242,229
1728463149144396000,0,1346,1148,0,234,185
1728463149145237000,34,1498,891,9,267,137
1728463149146079000,166,1586,662,37,277,90
1728463149146921000,324,1633,441,77,274,52
1728463149147763000,533,1616,253,124,263,13
1728463149148605000,746,1549,98,169,249,0
1728463149149447000,948,1460,0,220,231,0
1728463149150288000,1156,1220,0,264,234,0
1728463149151129000,1330,1028,0,297,192,0
1728463149151970000,1453,757,29,320,158,0
1728463149152812000,1600,564,192,341,64,21
1728463149153654000,1709,405,386,341,0,69
1728463149154508000,1591,229,583,340,0,125
1728463149155350000,1492,77,809,322,0,171
1728463149156191000,1362,0,1043,285,0,228
1728463149157032000,1191,0,1259,245,0,263
1728463149157873000,994,0,1445,202,0,287
1728463149158714000,767,71,1609,151,0,321
1728463149159556000,543,186,1696,100,30,331
1728463149160398000,368,375,1728,64,73,335
1728463149161240000,192,576,1698,23,114,327
1728463149162082000,36,832,1679,0,181,299
1728463149162924000,0,1029,1533,0,178,287
1728463149163765000,0,1193,1189,0,212,320
1728463149164606000,0,1385,1052,0,253,192
1728463149165447000,66,1510,832,9,265,122
1728463149166289000,203,1606,605,45,273,79
1728463149167131000,372,1634,393,85,274,45
1728463149167984000,580,1602,212,137,265,9
1728463149168826000,802,1495,58,180,292,0
1728463149169667000,1007,1359,0,229,242,0
1728463149170508000,1212,1185,0,273,211,0
1728463149171349000,1366,992,0,304,154,0
1728463149172191000,1504,749,93,322,30,4
1728463149173033000,1704,545,265,350,16,42
1728463149173875000,1687,357,448,345,0,98
1728463149174717000,1564,197,645,335,0,133
1728463149175558000,1456,58,877,314,0,176
1728463149176399000,1316,0,1103,290,0,226
1728463149177240000,1148,0,1307,242,0,273
1728463149178081000,940,0,1495,194,0,301
1728463149178923000,711,89,1615,125,9,335
1728463149179765000,506,245,1707,86,37,334
1728463149180607000,301,423,1733,50,85,332
1728463149181455000,157,619,1688,38,129,320
1728463149182297000,20,866,1634,0,156,394
1728463149183138000,0,1045,1337,0,192,335
1728463149183979000,0,1242,1158,2,232,269
1728463149184820000,0,1420,1003,0,261,157
1728463149185662000,93,1546,767,23,273,117
1728463149186504000,238,1618,548,50,277,74
1728463149187346000,426,1629,346,90,268,34
1728463149188188000,629,1600,164,144,258,2
1728463149189030000,843,1472,37,197,264,0
1728463149189871000,1063,1317,0,242,186,0
1728463149190712000,1240,1143,0,276,146,0
1728463149191553000,1397,935,0,299,111,0
1728463149192395000,1530,699,145,331,37,13
1728463149193236000,1687,522,330,354,30,55
1728463149194078000,1445,309,466,426,2,117
1728463149194925000,1538,154,698,334,0,151
1728463149195767000,1438,32,937,312,0,202
1728463149196608000,1287,2,1160,274,0,238
1728463149197449000,1095,0,1360,231,0,272
1728463149198290000,889,11,1525,177,0,306
1728463149199131000,660,122,1661,126,21,326
1728463149199973000,450,270,1715,87,50,330
1728463149200815000,292,472,1722,47,101,335
1728463149201657000,114,691,1666,18,139,320
1728463149202499000,9,904,1495,2,194,338
1728463149203340000,20,1120,1334,0,234,296
1728463149204181000,5,1287,1110,0,279,256
1728463149205022000,8,1452,943,0,260,153
1728463149205864000,125,1563,709,26,267,108
1728463149206706000,281,1632,501,64,277,64
1728463149207548000,470,1632,299,117,267,29
1728463149208404000,688,1567,122,157,258,0
1728463149209246000,912,1429,4,200,217,0
1728463149210087000,1098,1273,0,245,215,0
1728463149210927000,1287,1088,0,288,171,0
1728463149211768000,1441,885,29,320,130,0
1728463149212610000,1545,654,154,326,27,14
1728463149213452000,1715,448,365,363,8,64
1728463149214294000,1508,271,521,410,1,142
1728463149215136000,1517,120,758,331,0,153
1728463149215978000,1398,9,994,305,0,201
1728463149216819000,1236,2,1214,265,0,256
1728463149217660000,1045,0,1401,213,0,293
1728463149218501000,834,26,1558,168,0,308
1728463149219343000,617,169,1669,106,34,330
1728463149220185000,407,335,1728,74,56,327
1728463149221027000,233,528,1712,33,105,325
1728463149221873000,72,736,1592,11,138,352
1728463149222715000,0,946,1432,0,212,338
1728463149223556000,0,1160,1278,0,235,296
1728463149224397000,0,1344,1088,0,242,232
1728463149225238000,36,1489,899,11,256,141
1728463149226080000,153,1587,671,38,273,97
1728463149226922000,332,1632,442,79,279,52
1728463149227764000,528,1623,257,119,265,18
1728463149228605000,745,1546,96,175,249,0
1728463149229447000,947,1395,0,224,255,0
1728463149230288000,1152,1240,0,257,197,0
1728463149231129000,1319,1040,2,298,154,0
1728463149231970000,1464,806,45,324,64,0
1728463149232812000,1632,591,184,331,21,29
1728463149233654000,1682,402,404,346,10,75
1728463149234496000,1522,232,586,386,0,122
1728463149235339000,1493,85,810,322,0,176
1728463149236180000,1363,0,1049,297,0,220
1728463149237021000,1193,0,1249,255,0,265
1728463149237862000,996,0,1434,194,0,292
1728463149238704000,784,58,1596,146,8,321
1728463149239546000,561,200,1689,103,34,325
1728463149240388000,359,354,1732,64,69,335
1728463149241230000,193,590,1699,31,122,327
1728463149242072000,53,794,1528,0,151,381
1728463149242913000,0,992,1397,0,196,346
1728463149243754000,0,1203,1223,0,241,302
1728463149244595000,0,1377,1055,0,245,181
1728463149245436000,64,1512,842,17,271,130
1728463149246278000,197,1606,606,41,277,89
1728463149247120000,373,1637,395,90,267,45
1728463149247962000,583,1607,210,136,269,2
1728463149248812000,783,1513,66,186,242,0
1728463149249653000,998,1358,0,231,206,0
1728463149250494000,1200,1186,0,269,167,0
1728463149251335000,1365,992,0,298,130,0
1728463149252177000,1499,754,74,314,34,0
1728463149253019000,1711,560,266,354,29,37
1728463149253861000,1648,348,420,421,5,90
1728463149254703000,1555,194,635,335,1,134
1728463149255544000,1472,52,872,312,0,185
1728463149256385000,1335,8,1092,290,0,233
1728463149257226000,1151,0,1309,238,0,263
1728463149258067000,948,0,1479,192,0,292
1728463149258908000,709,84,1617,138,11,325
1728463149259750000,511,235,1705,90,43,332
1728463149260592000,314,415,1728,37,75,334
1728463149261434000,149,645,1682,20,127,327
1728463149262287000,23,826,1507,0,157,378
1728463149263128000,0,1033,1359,0,221,320
1728463149263969000,11,1251,1170,2,258,258
1728463149264810000,0,1416,1002,0,258,168
1728463149265651000,87,1541,772,13,266,116
1728463149266493000,244,1623,554,53,279,81
1728463149267335000,418,1632,352,98,277,33
1728463149268177000,625,1588,165,154,253,4
1728463149269019000,847,1472,32,188,261,0
1728463149269861000,1054,1331,1,238,181,0
1728463149270702000,1238,1148,0,277,173,0
1728463149271542000,1404,946,0,305,141,0
1728463149272384000,1528,700,121,325,30,14
1728463149273226000,1716,506,306,366,21,57
1728463149274068000,1678,329,475,337,5,107
1728463149274910000,1543,158,704,334,0,145
1728463149275748000,1433,42,932,309,0,192
1728463149276589000,1285,0,1155,277,0,235
1728463149277430000,1099,0,1359,229,0,281
1728463149278271000,890,0,1524,192,0,309
1728463149279112000,673,122,1648,121,24,329
1728463149279954000,471,285,1730,86,43,330
1728463149280796000,267,469,1730,53,100,340
1728463149281638000,114,670,1659,18,139,320
1728463149282480000,0,857,1472,0,169,363
1728463149283321000,0,1108,1326,1,218,297
1728463149284162000,18,1314,1130,0,245,232
1728463149285003000,5,1451,948,0,262,153
1728463149285845000,114,1567,726,27,274,117
1728463149286687000,279,1625,496,64,277,64
1728463149287529000,469,1624,294,101,261,23
1728463149288370000,682,1576,134,164,244,0
1728463149289223000,888,1439,18,209,253,0
1728463149290064000,1092,1277,0,249,176,0
1728463149290905000,1280,1098,0,283,138,0
1728463149291746000,1432,889,21,320,114,0
1728463149292588000,1665,653,175,344,29,13
1728463149293430000,1687,458,359,343,5,57
1728463149294272000,1473,277,547,401,2,159
1728463149295114000,1526,119,747,335,0,162
1728463149295955000,1408,11,978,300,0,209
1728463149296796000,1248,0,1205,258,0,250
1728463149297637000,1055,0,1402,217,0,286
1728463149298478000,839,31,1557,162,0,304
1728463149299320000,618,162,1684,114,21,324
1728463149300162000,406,320,1720,73,71,337
1728463149301004000,244,522,1712,34,105,330
1728463149301846000,75,732,1632,5,132,308
1728463149302740000,0,927,1439,2,193,340
1728463149303581000,0,1144,1274,0,249,306
1728463149304422000,11,1344,1074,0,250,232
1728463149305263000,29,1490,892,4,266,149
1728463149306105000,159,1581,663,29,274,98
1728463149306947000,322,1631,450,69,264,47
1728463149307789000,516,1616,258,133,263,17
1728463149308630000,738,1544,96,173,258,0
1728463149309472000,946,1402,0,213,258,0
1728463149310313000,1146,1248,0,253,164,0
1728463149311154000,1324,1040,0,287,128,0
1728463149311995000,1466,832,42,321,84,0
1728463149312837000,1680,602,218,352,23,20
1728463149313679000,1694,397,409,356,5,59
1728463149314521000,1452,220,555,405,0,138
1728463149315363000,1493,89,805,320,0,167
1728463149316164000,1380,0,1037,295,0,213
1728463149317005000,1198,2,1250,256,0,256
1728463149317846000,992,0,1441,217,0,297
1728463149318688000,789,53,1590,156,8,313
1728463149319530000,564,205,1689,103,38,334
1728463149320372000,367,367,1731,53,64,338
1728463149321214000,196,581,1695,25,133,322
1728463149322056000,50,788,1567,2,142,345
1728463149322897000,0,975,1400,0,203,341
1728463149323738000,13,1210,1251,0,241,266
1728463149324579000,26,1382,1028,0,249,133
1728463149325420000,64,1514,846,11,261,129
1728463149326262000,194,1604,618,42,279,87
1728463149327104000,373,1632,400,94,276,46
1728463149327946000,576,1607,213,128,261,13
1728463149328788000,786,1522,69,180,241,0
1728463149329648000,1002,1373,0,228,209,0
1728463149330489000,1192,1197,0,266,161,0
1728463149331330000,1363,1001,0,304,142,0
1728463149332171000,1485,758,74,331,52,2
1728463149333013000,1694,560,266,352,26,36
1728463149333855000,1661,354,400,354,0,85
1728463149334697000,1521,205,633,356,0,121
1728463149335539000,1472,57,862,320,0,184
1728463149336380000,1325,0,1089,298,0,229
1728463149337221000,1157,0,1295,250,0,267
1728463149338061000,952,0,1478,193,0,303
1728463149338903000,730,85,1607,137,11,322
1728463149339745000,522,245,1704,90,41,335
1728463149340587000,320,420,1729,48,90,330
1728463149341429000,154,615,1681,21,125,320
1728463149342271000,30,847,1626,0,154,394
1728463149343111000,0,1048,1344,0,192,344
1728463149343952000,0,1221,1178,0,232,281
1728463149344793000,0,1413,1023,0,258,163
1728463149345634000,98,1539,783,26,279,124
1728463149346476000,233,1617,561,53,276,75
1728463149347318000,421,1632,357,100,269,33
1728463149348160000,624,1603,173,148,261,4
1728463149349002000,832,1478,41,197,265,0
1728463149349844000,1045,1320,0,245,235,0
1728463149350685000,1231,1137,0,279,201,0
1728463149351526000,1396,939,0,306,132,0
1728463149352368000,1521,705,116,314,11,11
1728463149353210000,1701,513,311,358,25,39
1728463149354052000,1637,320,448,427,5,122
1728463149354894000,1544,156,682,338,4,148
1728463149355736000,1441,34,916,305,0,197
1728463149356586000,1291,0,1146,282,0,237
1728463149357427000,1103,0,1353,229,0,273
1728463149358268000,894,6,1514,184,0,302
1728463149359110000,673,132,1655,128,21,337
1728463149359952000,474,277,1714,79,58,329
1728463149360794000,272,463,1721,37,94,333
1728463149361636000,117,682,1659,14,133,312
1728463149362478000,0,869,1493,0,194,346
1728463149363319000,9,1111,1332,0,232,302
1728463149364160000,52,1317,1140,0,249,117
1728463149365001000,16,1448,962,0,262,162
1728463149365843000,116,1565,729,32,269,101
1728463149366685000,271,1623,508,64,276,65
1728463149367527000,466,1620,297,109,267,26
1728463149368368000,677,1583,130,157,255,8
1728463149369209000,899,1438,8,199,219,0
1728463149370064000,1094,1290,0,247,168,0
1728463149370905000,1273,1103,0,290,138,0
1728463149371746000,1427,895,20,312,105,0
1728463149372588000,1665,650,185,353,45,13
