timestamp_nsec,channel_0,channel_1,channel_2,channel_3,channel_4,channel_5
1728464348607320000,0,1399,2498,746,133,1711
1728464348608162000,0,1705,2028,519,290,1783
1728464348609005000,0,1991,1577,324,458,1884
1728464348609847000,13,2486,1283,182,687,1832
1728464348610689000,251,2789,944,52,890,1557
1728464348611532000,463,2920,638,0,1088,1472
1728464348612374000,757,2867,362,0,1234,1245
1728464348613216000,1081,2652,107,0,1359,992
1728464348614058000,1411,2296,5,101,1455,726
1728464348614900000,1696,1864,2,277,1496,494
1728464348615743000,1966,1568,0,517,1504,290
1728464348616585000,2380,1240,50,761,1439,148
1728464348617428000,2472,907,258,1009,1296,26
1728464348618270000,2525,578,523,1235,1127,6
1728464348619112000,2583,293,872,1401,917,5
1728464348619954000,2455,82,1228,1569,713,13
1728464348620796000,2220,2,1533,1680,539,122
1728464348621639000,1784,1,1857,1767,357,320
1728464348622482000,1490,0,2150,1791,212,554
1728464348623325000,1173,75,2534,1743,75,808
1728464348624168000,844,266,2638,1615,10,1066
1728464348625010000,544,528,2666,1414,0,1293
1728464348625852000,260,835,2640,1166,0,1475
1728464348626694000,57,1163,2573,923,41,1636
1728464348627536000,0,1480,2280,682,175,1738
1728464348628378000,0,1794,1967,477,362,1795
1728464348629221000,0,2012,1521,282,537,1875
1728464348630064000,73,2606,1202,141,760,1780
1728464348630907000,273,2829,861,26,949,1604
1728464348631749000,538,2915,552,0,1137,1408
1728464348632591000,847,2823,258,0,1276,1176
1728464348633433000,1731,9,1910,778,0,895
1728464348634275000,26,1220,2528,42,562,1034
1728464348635117000,46,1546,2150,9,707,842
1728464348635959000,47,1856,1797,2,804,716
1728464348636801000,34,2077,1519,0,875,533
1728464348637643000,97,2660,1184,50,933,459
1728464348638486000,325,2883,824,146,973,320
1728464348639329000,600,2950,506,290,970,181
1728464348640172000,914,2814,229,448,938,89
1728464348641014000,1233,2528,25,594,853,13
1728464348641855000,1530,1999,5,724,751,0
1728464348642697000,1826,1752,19,843,618,0
1728464348643539000,2078,1456,0,937,476,0
1728464348644381000,2439,1091,133,1018,356,50
1728464348645223000,2511,725,368,1099,276,181
1728464348646065000,2533,437,666,1088,45,329
1728464348646907000,2467,205,992,1060,5,520
1728464348647822000,2368,34,1333,999,5,661
1728464348648664000,1927,11,1675,902,0,805
1728464348649506000,1654,8,1990,745,0,919
1728464348650348000,1351,0,2373,595,13,1012
1728464348651190000,1033,141,2585,425,90,1093
1728464348652032000,753,370,2657,297,193,1130
1728464348652875000,397,660,2663,210,333,1137
1728464348653718000,155,987,2611,117,473,1101
1728464348654560000,0,1291,2499,46,618,1024
1728464348655402000,0,1604,2105,23,718,909
1728464348656244000,0,1893,1799,0,811,725
1728464348657086000,0,2380,1470,0,885,581
1728464348657928000,162,2731,1084,69,961,415
1728464348658771000,389,2919,745,192,967,269
1728464348659614000,669,2928,440,328,964,161
1728464348660457000,992,2763,174,492,914,65
1728464348661215000,1337,2436,0,637,847,0
1728464348662057000,1612,1951,0,756,732,1
1728464348662899000,1893,1671,10,863,581,0
1728464348663741000,2322,1368,10,952,442,17
1728464348664583000,2448,1020,215,1019,337,93
1728464348665425000,2520,705,363,1074,187,299
1728464348666267000,2524,389,673,1088,138,460
1728464348667109000,2443,177,1064,1056,36,535
1728464348667951000,2313,1,1434,976,0,704
1728464348668793000,1856,0,1752,860,0,835
1728464348669635000,1578,0,2062,696,0,946
1728464348670477000,1265,25,2497,551,26,1024
1728464348671319000,944,194,2604,394,113,1097
1728464348672162000,631,521,2662,260,228,1121
1728464348673004000,346,789,2668,151,391,1120
1728464348673847000,122,1048,2592,71,544,1088
1728464348674695000,0,1327,2463,25,690,962
1728464348675537000,0,1600,1990,26,796,845
1728464348676379000,0,1912,1696,14,885,692
1728464348677221000,17,2497,1359,9,916,527
1728464348678063000,217,2794,994,101,967,380
1728464348678906000,469,2944,664,224,968,239
1728464348679749000,762,2883,363,375,954,128
1728464348680592000,1088,2680,117,536,896,46
1728464348681434000,1402,2302,11,674,815,0
1728464348682276000,1672,1880,0,795,690,0
1728464348683118000,1949,1569,4,894,521,0
1728464348683960000,2369,1271,50,981,407,21
1728464348684802000,2448,922,234,992,290,122
1728464348685645000,2510,626,516,1046,161,289
1728464348686487000,2488,356,833,1061,93,410
1728464348687329000,2414,113,1161,1035,20,594
1728464348688180000,2254,17,1507,946,0,733
1728464348689022000,1791,1,1831,820,0,866
1728464348689864000,1498,0,2131,654,0,969
1728464348690706000,1191,66,2524,500,46,1044
1728464348691548000,860,261,2666,354,157,1113
1728464348692390000,551,529,2688,224,260,1169
1728464348693233000,279,835,2631,130,411,1169
1728464348694075000,71,1160,2558,49,544,1089
1728464348694917000,26,1497,2317,1,666,857
1728464348695759000,32,1786,1886,5,782,743
1728464348696601000,34,2056,1552,0,871,558
1728464348697443000,75,2595,1260,39,922,484
1728464348698285000,277,2844,901,129,967,340
1728464348699128000,538,2937,576,265,969,209
1728464348699971000,840,2852,293,420,944,100
1728464348700813000,1169,2600,58,570,886,25
1728464348701659000,1482,2080,5,696,774,0
1728464348702501000,1762,1791,0,811,642,0
1728464348703343000,2017,1467,0,922,509,0
1728464348704185000,2411,1176,101,998,375,45
1728464348705027000,2500,799,308,1088,289,151
1728464348705869000,2556,495,588,1073,90,293
1728464348706712000,2549,244,917,1064,26,451
1728464348707554000,2383,56,1265,1019,4,628
1728464348708396000,2003,17,1610,910,0,785
1728464348709238000,1724,8,1924,775,0,885
1728464348710080000,1412,0,2180,635,2,988
1728464348710922000,1099,111,2562,452,72,1077
1728464348711764000,848,333,2647,366,167,1123
1728464348712607000,474,597,2664,231,320,1133
1728464348713450000,215,914,2624,130,448,1107
1728464348714292000,2,1233,2535,21,576,1047
1728464348715134000,0,1555,2128,0,705,921
1728464348715976000,0,1829,1808,0,788,775
1728464348716818000,0,2090,1512,0,872,608
1728464348717660000,114,2671,1157,53,941,449
1728464348718503000,342,2895,815,161,962,306
1728464348719346000,628,2931,487,310,974,178
1728464348720189000,927,2796,218,469,925,75
1728464348721032000,1260,2506,29,613,864,4
1728464348721874000,1553,2012,0,729,743,5
1728464348722716000,1843,1721,0,849,597,0
1728464348723558000,2117,1421,0,943,468,0
1728464348724400000,2425,1093,105,1008,343,122
1728464348725242000,2541,778,340,1060,234,197
1728464348726084000,2560,448,648,1094,122,270
1728464348726926000,2461,257,999,1077,56,498
1728464348727768000,2343,34,1366,992,0,679
1728464348728625000,1915,5,1695,884,0,815
1728464348729467000,1639,1,2004,732,0,925
1728464348730309000,1331,0,2467,585,14,1008
1728464348731151000,1014,157,2592,427,100,1092
1728464348731993000,700,386,2658,277,247,1128
1728464348732835000,416,656,2663,170,383,1127
1728464348733678000,168,992,2608,90,480,1101
1728464348734520000,0,1297,2496,10,557,1001
1728464348735362000,0,1585,2057,1,663,882
1728464348736204000,0,1873,1749,0,765,719
1728464348737046000,0,2405,1424,0,889,559
1728464348737888000,160,2737,1068,70,949,405
1728464348738731000,407,2924,725,184,967,276
1728464348739574000,693,2912,418,341,962,145
1728464348740417000,1015,2740,157,493,912,64
1728464348741259000,1333,2391,2,645,812,0
1728464348742104000,1613,1936,8,767,706,1
1728464348742946000,1884,1652,0,877,576,0
1728464348743787000,2330,1344,11,960,418,26
1728464348744629000,2401,997,234,1073,279,121
1728464348745471000,2488,674,456,1008,185,210
1728464348746313000,2499,380,745,1046,98,386
1728464348747155000,2439,149,1089,1055,34,548
1728464348747997000,2304,0,1446,962,0,707
1728464348748839000,1849,5,1771,850,0,832
1728464348749681000,1557,0,2067,699,0,938
1728464348750523000,1267,32,2497,538,40,1033
1728464348751365000,919,213,2616,392,114,1103
1728464348752207000,609,458,2735,258,242,1134
1728464348753050000,343,755,2666,141,380,1128
1728464348753893000,101,1076,2563,69,510,1126
1728464348754735000,0,1389,2387,9,649,1073
1728464348755592000,0,1704,1910,0,738,940
1728464348756434000,0,1959,1590,0,842,764
1728464348757276000,40,2510,1338,9,920,528
1728464348758118000,224,2801,983,100,953,372
1728464348758961000,474,2934,658,234,974,238
1728464348759804000,777,2880,352,386,952,121
1728464348760647000,1091,2668,107,537,898,41
1728464348761489000,1421,2309,0,666,807,0
1728464348762331000,1703,1840,0,799,672,0
1728464348763173000,1962,1571,2,898,538,0
1728464348764015000,2376,1236,37,981,415,26
1728464348764857000,2491,873,256,1077,306,97
1728464348765700000,2539,563,525,1083,114,261
1728464348766542000,2581,306,842,1079,45,431
1728464348767384000,2400,109,1181,1035,13,590
1728464348768226000,2175,8,1529,951,0,742
1728464348769062000,1771,5,1860,806,0,871
1728464348769904000,1483,11,2136,657,0,981
1728464348770746000,1180,69,2534,499,58,1056
1728464348771588000,818,265,2635,383,137,1120
1728464348772430000,513,530,2681,252,272,1140
1728464348773272000,272,850,2634,128,424,1126
1728464348774114000,64,1163,2552,26,538,1050
1728464348774956000,0,1472,2254,0,661,932
1728464348775798000,0,1769,1897,0,778,797
1728464348776640000,0,2045,1576,0,851,645
1728464348777482000,76,2608,1249,29,930,480
1728464348778324000,284,2860,885,132,965,334
1728464348779167000,552,2943,573,272,970,196
1728464348780010000,864,2845,272,421,945,107
1728464348780852000,1188,2573,58,576,885,13
1728464348781694000,1473,2076,18,713,778,0
1728464348782543000,1773,1789,0,823,648,0
1728464348783385000,2029,1495,0,924,481,0
1728464348784227000,2407,1159,69,999,361,114
1728464348785069000,2496,832,277,1052,265,221
1728464348785911000,2568,537,568,1075,149,202
1728464348786753000,2480,320,912,1069,71,469
1728464348787595000,2383,58,1272,1014,2,638
1728464348788437000,1957,0,1619,911,0,779
1728464348789279000,1698,0,1941,765,0,896
1728464348790121000,1401,0,2181,610,0,997
1728464348790963000,1088,127,2575,450,74,1076
1728464348791805000,761,381,2645,320,175,1111
1728464348792647000,473,605,2672,194,341,1129
1728464348793490000,217,924,2622,106,480,1114
1728464348794332000,33,1228,2517,22,593,1027
1728464348795174000,0,1523,2115,5,618,888
1728464348796035000,10,1790,1822,10,724,746
1728464348796877000,0,2188,1497,0,881,610
1728464348797719000,128,2689,1153,53,929,433
1728464348798562000,352,2895,799,177,975,298
1728464348799405000,631,2929,484,309,961,168
1728464348800248000,946,2788,198,466,933,82
1728464348801090000,1279,2471,17,615,846,0
1728464348801932000,1539,1975,11,754,732,0
1728464348802774000,1846,1706,2,858,605,0
1728464348803616000,2288,1422,1,942,462,2
1728464348804458000,2412,1067,146,960,320,53
1728464348805300000,2488,729,386,1034,199,206
1728464348806142000,2511,487,720,1076,117,352
1728464348806985000,2462,194,1023,1067,52,523
1728464348807827000,2344,26,1368,986,0,679
1728464348808669000,1903,5,1705,876,0,806
1728464348809510000,1625,0,2020,729,0,924
1728464348810352000,1326,6,2467,572,18,1016
1728464348811194000,994,169,2625,413,93,1088
1728464348812036000,680,408,2638,282,218,1202
1728464348812879000,400,698,2654,165,353,1174
1728464348813721000,153,1020,2599,85,490,1126
1728464348814563000,33,1368,2471,9,614,922
1728464348815405000,26,1665,2008,7,730,782
1728464348816247000,23,1944,1689,1,819,653
1728464348817089000,0,2440,1402,2,904,562
1728464348817931000,178,2752,1051,74,950,402
1728464348818774000,410,2919,711,204,965,261
1728464348819617000,713,2904,401,348,951,151
1728464348820460000,1021,2732,149,506,917,65
1728464348821302000,1356,2393,0,649,827,0
1728464348822144000,1648,1908,0,784,696,0
1728464348822988000,1913,1615,0,880,565,0
1728464348823830000,2352,1322,10,967,431,13
1728464348824672000,2487,953,213,1026,229,82
1728464348825514000,2482,631,459,1070,135,229
1728464348826356000,2600,365,809,1092,73,389
1728464348827198000,2431,143,1109,1045,32,559
1728464348828040000,2302,0,1464,967,0,714
1728464348828882000,1826,2,1797,833,0,843
1728464348829724000,1548,2,2087,682,0,943
1728464348830566000,1233,37,2529,532,36,1037
1728464348831408000,885,226,2624,404,113,1121
1728464348832250000,588,474,2673,269,245,1127
1728464348833093000,320,779,2648,129,394,1128
1728464348833935000,107,1103,2574,64,522,1080
1728464348834777000,0,1451,2463,0,650,1002
1728464348835619000,0,1761,1985,0,773,849
1728464348836469000,0,2021,1665,0,840,674
1728464348837311000,33,2532,1319,14,912,505
1728464348838153000,232,2821,949,103,962,368
1728464348838996000,501,2939,623,239,984,224
1728464348839839000,798,2880,322,386,958,117
1728464348840682000,1117,2657,92,538,890,28
1728464348841524000,1430,2288,9,689,799,0
1728464348842366000,1719,1858,0,794,670,0
1728464348843208000,1995,1562,0,909,526,0
1728464348844050000,2388,1244,47,983,388,0
1728464348844892000,2503,909,256,1042,245,74
1728464348845734000,2505,684,538,1109,175,238
1728464348846577000,2496,350,853,1067,82,429
1728464348847419000,2401,98,1217,1031,10,612
1728464348848260000,2119,21,1557,940,0,752
1728464348849102000,1769,0,1863,805,0,870
1728464348849953000,1472,0,2144,647,0,981
1728464348850795000,1160,82,2547,486,45,1058
1728464348851637000,832,270,2638,346,216,1114
1728464348852479000,535,532,2670,213,322,1132
1728464348853321000,261,846,2639,128,418,1122
1728464348854163000,50,1161,2556,33,511,1049
1728464348855005000,0,1475,2224,6,624,938
1728464348855847000,0,1765,1889,0,744,789
1728464348856689000,0,2043,1578,0,866,638
1728464348857531000,85,2616,1231,31,926,476
1728464348858374000,290,2864,874,139,963,325
1728464348859217000,576,2932,547,266,971,197
1728464348860060000,871,2834,266,433,944,98
1728464348860902000,1186,2568,47,558,878,13
1728464348861744000,1510,2063,10,715,763,0
1728464348862586000,1777,1772,0,818,640,2
1728464348863446000,2034,1487,0,925,500,0
1728464348864288000,2397,1157,90,967,346,70
1728464348865130000,2502,867,362,1050,242,170
1728464348865972000,2528,522,618,1070,151,312
1728464348866814000,2473,254,946,1077,64,480
1728464348867656000,2369,46,1291,1016,0,644
1728464348868498000,1956,5,1632,903,0,788
1728464348869340000,1688,6,1943,763,0,895
1728464348870182000,1386,0,2200,619,0,992
1728464348871024000,1063,127,2592,448,71,1151
1728464348871866000,749,351,2630,309,192,1174
1728464348872709000,457,634,2648,186,327,1171
1728464348873551000,205,941,2618,105,458,1096
1728464348874393000,10,1285,2502,34,576,978
1728464348875235000,0,1688,2099,8,714,866
1728464348876077000,0,1967,1801,37,836,718
1728464348876921000,0,2302,1498,0,885,598
1728464348877763000,138,2700,1140,53,940,431
1728464348878606000,363,2911,789,173,975,285
1728464348879449000,652,2929,465,313,975,174
1728464348880292000,960,2783,207,477,928,70
1728464348881134000,1290,2463,32,621,842,0
1728464348881976000,1583,1969,0,745,727,0
1728464348882818000,1868,1695,9,861,601,0
1728464348883660000,2328,1387,2,954,449,6
1728464348884502000,2511,1052,218,1027,288,84
1728464348885344000,2554,734,414,1094,198,201
1728464348886186000,2428,421,676,1136,109,394
1728464348887028000,2458,189,1037,1064,45,523
1728464348887870000,2325,5,1391,987,0,686
1728464348888712000,1892,5,1712,865,0,823
1728464348889554000,1617,2,2021,718,0,924
1728464348890401000,1297,2,2483,564,13,1018
1728464348891243000,960,181,2597,394,101,1097
1728464348892085000,664,424,2656,269,217,1128
1728464348892927000,379,710,2656,161,360,1136
1728464348893770000,134,1034,2648,75,489,1094
1728464348894612000,0,1369,2555,17,663,1017
1728464348895454000,0,1642,2112,0,778,878
1728464348896296000,0,1923,1807,1,849,714
1728464348897137000,0,2466,1402,2,902,542
1728464348897979000,188,2769,1035,85,960,394
1728464348898822000,434,2929,696,210,982,247
1728464348899665000,729,2915,386,357,969,146
1728464348900508000,1043,2710,141,517,901,58
1728464348901349000,1370,2374,0,662,816,0
1728464348902191000,1644,1908,0,773,701,0
1728464348903033000,1931,1617,0,882,555,0
1728464348903890000,2372,1383,18,973,418,0
1728464348904732000,2471,1053,210,1069,298,78
1728464348905574000,2551,705,472,1076,174,220
1728464348906416000,2510,314,789,1088,150,396
1728464348907258000,2421,133,1133,1041,21,576
1728464348908100000,2288,0,1487,960,0,716
1728464348908942000,1824,2,1807,834,0,849
1728464348909784000,1536,11,2106,677,0,967
1728464348910626000,1232,49,2528,524,48,1039
1728464348911468000,891,224,2624,380,122,1105
1728464348912310000,687,491,2658,237,242,1129
1728464348913153000,345,788,2652,144,389,1121
1728464348913995000,0,1100,2556,101,501,1097
1728464348914837000,0,1433,2423,50,642,1011
1728464348915679000,0,1738,1976,56,766,882
1728464348916521000,0,2017,1644,0,848,683
1728464348917357000,57,2551,1297,26,919,498
1728464348918199000,253,2819,936,130,968,347
1728464348919042000,514,2939,602,248,967,224
1728464348919885000,807,2855,307,397,949,117
1728464348920728000,1108,2627,86,540,885,27
1728464348921570000,1440,2234,13,697,792,0
1728464348922412000,1740,1830,0,815,665,0
1728464348923254000,1974,1550,8,888,530,5
1728464348924096000,2383,1208,161,978,412,50
1728464348924938000,2486,909,330,1051,271,132
1728464348925781000,2526,559,489,1069,146,380
1728464348926623000,2487,301,887,1081,76,460
1728464348927465000,2402,83,1221,1028,21,613
1728464348928307000,2077,5,1574,933,0,753
1728464348929149000,1745,18,1901,793,0,893
1728464348929991000,1449,0,2157,642,0,987
1728464348930847000,1143,90,2544,474,58,1050
1728464348931689000,810,311,2639,346,167,1105
1728464348932531000,516,607,2662,203,297,1129
1728464348933374000,241,926,2638,117,443,1120
1728464348934216000,64,1114,2534,38,642,1035
1728464348935058000,0,1409,2187,0,738,924
1728464348935900000,13,1864,1856,11,782,752
1728464348936741000,0,2047,1563,0,870,636
1728464348937583000,89,2624,1197,45,934,461
1728464348938425000,314,2871,849,146,960,313
1728464348939268000,585,2936,528,284,970,197
1728464348940111000,891,2823,246,434,928,89
1728464348940953000,1221,2545,70,599,858,14
1728464348941795000,1514,2040,5,728,756,0
1728464348942637000,1811,1770,0,839,622,0
1728464348943479000,2057,1476,4,929,490,0
1728464348944327000,2502,1120,170,1028,320,66
1728464348945169000,2553,794,378,1063,200,170
1728464348946011000,2411,489,642,1147,126,367
1728464348946854000,2471,238,969,1069,50,494
1728464348947696000,2368,47,1319,1010,0,645
1728464348948538000,1944,0,1650,910,0,794
1728464348949380000,1679,5,1964,751,0,911
1728464348950222000,1370,1,2235,610,2,998
1728464348951064000,1034,121,2576,433,82,1082
1728464348951906000,717,357,2652,290,188,1133
1728464348952749000,434,640,2671,184,325,1136
1728464348953591000,180,960,2615,89,458,1110
1728464348954432000,0,1273,2608,13,591,1017
1728464348955274000,0,1578,2207,0,724,899
1728464348956116000,0,1858,1890,0,825,750
1728464348956958000,0,2355,1486,0,881,585
1728464348957808000,145,2722,1116,68,949,434
1728464348958651000,389,2908,761,174,979,285
1728464348959494000,658,2927,463,320,962,168
1728464348960337000,973,2771,194,472,920,73
1728464348961179000,1306,2463,0,629,844,0
1728464348962020000,1594,1966,5,757,730,0
1728464348962862000,1856,1688,0,843,596,0
1728464348963704000,2327,1474,0,950,448,0
1728464348964546000,2437,1136,159,1063,334,42
1728464348965388000,2533,766,404,1058,206,186
1728464348966231000,2509,381,725,1088,159,360
1728464348967073000,2444,181,1045,1059,42,543
1728464348967915000,2331,5,1406,986,0,684
1728464348968757000,1871,6,1735,865,0,832
1728464348969599000,1600,6,2039,719,0,937
1728464348970441000,1291,10,2497,557,14,1015
1728464348971300000,962,186,2603,404,90,1102
1728464348972143000,741,425,2657,264,229,1136
1728464348972986000,421,719,2661,154,352,1127
1728464348973828000,194,1020,2559,146,481,1099
1728464348974670000,0,1354,2457,69,610,1028
1728464348975512000,0,1663,2012,65,736,890
1728464348976354000,0,1940,1717,14,832,705
1728464348977196000,13,2469,1389,0,900,538
1728464348978039000,197,2787,1021,94,960,392
1728464348978882000,459,2933,677,212,974,250
1728464348979725000,738,2898,383,362,960,141
1728464348980568000,1056,2689,129,517,913,58
1728464348981410000,1384,2361,0,663,819,0
1728464348982252000,1669,1895,5,789,696,0
1728464348983093000,1945,1601,0,891,557,0
1728464348983934000,2359,1264,138,944,423,37
1728464348984772000,2470,957,320,1032,331,144
1728464348985614000,2531,662,522,1078,185,361
1728464348986456000,2518,341,805,1095,89,409
1728464348987298000,2425,119,1149,1047,26,578
1728464348988140000,2276,14,1496,948,0,733
1728464348988982000,1815,8,1822,832,0,856
1728464348989823000,1513,0,2119,677,0,960
1728464348990665000,1205,45,2505,509,39,1088
1728464348991507000,881,253,2612,362,132,1104
1728464348992349000,576,504,2671,237,266,1122
1728464348993191000,296,849,2653,133,388,1127
1728464348994033000,100,1231,2571,78,556,1038
1728464348994875000,17,1527,2380,17,663,952
1728464348995717000,21,1801,1939,0,847,808
1728464348996559000,0,2023,1633,2,847,659
1728464348997401000,57,2568,1290,29,922,496
1728464348998249000,261,2837,928,122,960,347
1728464348999092000,520,2939,591,253,983,217
1728464348999935000,824,2866,304,406,946,116
1728464349000778000,1146,2619,100,566,879,34
1728464349001619000,1464,2168,5,702,783,0
1728464349002461000,1746,1797,11,811,650,0
1728464349003302000,2008,1527,2,920,520,0
1728464349004144000,2474,1186,104,1001,359,33
1728464349004986000,2371,865,290,1116,225,169
1728464349005828000,2448,540,586,1131,138,335
1728464349006670000,2483,279,890,1077,71,457
1728464349007512000,2392,78,1248,1026,11,616
1728464349008354000,2036,17,1587,921,0,769
1728464349009196000,1736,2,1898,782,0,883
1728464349010038000,1443,4,2172,645,0,979
1728464349010880000,1106,93,2567,463,64,1070
1728464349011743000,788,320,2639,320,175,1130
1728464349012586000,496,591,2692,205,306,1132
1728464349013429000,234,897,2649,121,442,1124
1728464349014271000,33,1251,2567,26,583,1076
1728464349015113000,0,1545,2138,0,674,1042
1728464349015955000,0,1836,1817,0,789,871
1728464349016797000,0,2075,1552,2,865,613
1728464349017639000,101,2648,1189,49,937,450
1728464349018482000,325,2875,832,157,974,314
1728464349019324000,602,2936,520,291,972,184
1728464349020167000,904,2805,237,454,932,89
1728464349021009000,1221,2533,34,604,860,0
1728464349021851000,1529,2023,0,736,752,0
1728464349022693000,1817,1740,0,845,618,0
1728464349023535000,2070,1487,0,922,474,0
1728464349024377000,2412,1217,114,1044,358,26
1728464349025218000,2529,836,343,1077,229,171
1728464349026060000,2528,418,650,1090,185,320
1728464349026902000,2462,218,994,1074,50,501
1728464349027744000,2356,37,1330,994,0,661
1728464349028586000,1935,11,1672,886,0,797
1728464349029428000,1656,11,1987,752,0,910
1728464349030269000,1367,0,2375,600,21,1004
1728464349031111000,1035,132,2582,441,71,1076
1728464349031953000,713,360,2671,298,185,1126
1728464349032795000,480,658,2668,178,324,1143
1728464349033638000,253,964,2611,93,453,1081
1728464349034480000,0,1293,2469,93,594,1029
1728464349035322000,23,1592,2068,64,698,911
1728464349036164000,0,1900,1782,18,811,743
1728464349037006000,0,2375,1447,0,905,570
1728464349037848000,153,2724,1089,63,946,418
1728464349038691000,386,2911,757,185,970,279
1728464349039534000,677,2930,437,325,960,167
1728464349040377000,987,2757,176,480,900,55
1728464349041219000,1308,2443,0,631,839,2
1728464349042061000,1597,1958,9,761,724,0
1728464349042903000,1885,1680,4,864,586,0
1728464349043745000,2360,1352,106,948,449,10
1728464349044587000,2460,1015,289,1020,335,121
1728464349045430000,2497,732,509,1053,181,290
1728464349046272000,2511,415,741,1079,103,373
1728464349047115000,2438,170,1077,1058,33,535
1728464349047957000,2312,2,1434,986,0,704
1728464349048798000,1861,5,1759,853,0,829
1728464349049640000,1587,0,2052,714,0,935
1728464349050482000,1280,9,2481,551,31,1080
1728464349051324000,938,200,2592,394,117,1148
1728464349052185000,644,450,2663,261,234,1114
1728464349053028000,353,773,2657,164,366,1127
1728464349053870000,167,1116,2592,71,513,1066
1728464349054712000,0,1458,2467,16,648,993
1728464349055554000,6,1745,1999,0,767,832
1728464349056396000,0,1959,1702,4,832,700
1728464349057238000,16,2488,1365,6,908,525
1728464349058080000,207,2793,1001,97,961,383
1728464349058923000,458,2931,677,220,975,238
1728464349059766000,754,2895,365,372,960,138
1728464349060608000,1091,2671,130,533,900,21
1728464349061450000,1404,2358,13,676,806,0
1728464349062292000,1687,1865,11,791,682,0
1728464349063134000,1960,1586,0,885,545,0
1728464349063976000,2482,1279,89,984,378,10
1728464349064818000,2530,934,273,1054,250,122
1728464349065662000,2439,613,509,1146,162,302
1728464349066505000,2511,341,816,1091,97,420
1728464349067347000,2417,114,1156,1038,25,591
1728464349068189000,2256,13,1513,954,0,733
1728464349069031000,1795,0,1832,821,0,860
1728464349069873000,1512,0,2118,666,0,968
1728464349070715000,1188,64,2528,498,35,1049
1728464349071557000,851,253,2627,356,138,1116
1728464349072400000,555,516,2672,231,260,1132
1728464349073243000,286,816,2690,138,408,1129
1728464349074085000,88,1164,2611,53,578,1089
1728464349074927000,0,1497,2371,5,674,960
1728464349075769000,0,1785,1998,2,769,836
1728464349076611000,0,2034,1608,0,864,660
1728464349077453000,66,2577,1265,25,916,480
1728464349078296000,278,2843,917,130,962,338
1728464349079141000,537,2944,596,257,967,215
1728464349079984000,846,2855,293,417,949,114
1728464349080827000,1173,2608,69,567,887,34
1728464349081669000,1472,2132,11,713,779,0
1728464349082511000,1761,1804,0,827,650,0
1728464349083353000,2018,1538,2,917,517,0
1728464349084195000,2420,1219,82,974,463,26
1728464349085037000,2480,778,299,1054,329,141
1728464349085879000,2531,514,588,1097,184,288
1728464349086721000,2483,273,906,1080,73,469
1728464349087563000,2384,68,1239,1015,5,631
1728464349088405000,2014,16,1600,920,0,767
1728464349089247000,1714,2,1917,780,0,882
1728464349090088000,1427,0,2163,631,0,987
1728464349090930000,1108,101,2563,456,53,1071
1728464349091772000,867,320,2649,321,153,1127
1728464349092622000,538,596,2672,199,298,1137
1728464349093465000,142,900,2612,162,439,1121
1728464349094307000,0,1234,2515,93,570,1080
1728464349095149000,0,1544,2145,41,676,970
1728464349095991000,0,1837,1856,10,797,778
1728464349096833000,0,2095,1554,0,880,610
1728464349097675000,114,2680,1180,47,936,463
1728464349098518000,325,2892,825,159,967,306
1728464349099361000,613,2937,501,297,970,185
1728464349100204000,924,2812,225,455,939,90
1728464349101046000,1253,2496,26,610,861,2
1728464349101887000,1530,2002,10,736,730,0
1728464349102729000,1823,1724,5,847,614,0
1728464349103571000,2114,1407,102,934,496,5
1728464349104413000,2432,1088,218,1001,372,98
1728464349105255000,2524,797,451,1065,235,186
1728464349106105000,2524,457,673,1103,130,341
1728464349106947000,2463,210,999,1065,43,503
1728464349107789000,2343,29,1359,997,0,663
1728464349108631000,1934,8,1690,885,1,803
1728464349109473000,1653,1,2001,753,0,909
1728464349110315000,1344,1,2456,580,10,1006
1728464349111157000,1016,161,2583,426,94,1088
1728464349111999000,705,393,2660,288,207,1113
1728464349112842000,405,719,2669,184,338,1124
1728464349113685000,213,1052,2617,77,546,1100
1728464349114527000,29,1389,2496,5,661,1001
1728464349115368000,10,1670,2047,0,763,858
1728464349116210000,0,1912,1760,2,825,738
1728464349117051000,0,2408,1438,0,892,565
1728464349117893000,159,2742,1079,79,952,412
1728464349118736000,409,2912,736,193,971,274
1728464349119594000,690,2922,426,346,968,157
1728464349120437000,1013,2748,178,495,916,73
1728464349121279000,1335,2423,1,640,820,0
1728464349122121000,1631,1929,6,777,719,0
1728464349122963000,1904,1650,0,873,588,0
1728464349123805000,2387,1334,50,962,405,17
1728464349124647000,2324,1003,177,1103,289,128
1728464349125489000,2463,676,474,1120,186,260
1728464349126331000,2511,390,746,1091,106,375
1728464349127173000,2440,159,1090,1050,37,554
1728464349128015000,2309,0,1444,963,0,712
1728464349128857000,1848,4,1773,848,0,826
1728464349129699000,1572,0,2070,708,0,946
1728464349130541000,1241,23,2503,521,21,1031
1728464349131383000,916,212,2616,386,119,1099
1728464349132225000,617,458,2659,254,245,1131
1728464349133070000,343,754,2688,156,370,1130
1728464349133912000,114,1082,2634,66,562,1100
1728464349134754000,0,1426,2502,0,670,1002
1728464349135596000,0,1698,2062,0,784,853
1728464349136438000,0,1971,1682,2,842,694
1728464349137280000,29,2503,1337,9,919,523
1728464349138122000,225,2799,985,102,961,362
1728464349138965000,477,2935,645,229,981,235
1728464349139808000,767,2891,348,378,954,123
1728464349140651000,1095,2683,107,532,899,33
1728464349141493000,1419,2328,18,677,800,0
1728464349142335000,1700,1876,0,800,682,0
1728464349143177000,1975,1617,0,903,546,0
1728464349144019000,2406,1338,52,994,393,13
1728464349144861000,2469,824,256,1025,350,114
1728464349145703000,2516,559,525,1077,212,258
1728464349146552000,2503,335,842,1088,76,428
1728464349147394000,2411,107,1182,1039,21,596
1728464349148236000,2197,14,1535,944,0,746
1728464349149078000,1788,4,1847,812,0,857
1728464349149920000,1484,0,2141,661,0,969
1728464349150762000,1177,64,2528,491,37,1056
1728464349151604000,917,266,2627,354,130,1109
1728464349152446000,620,517,2666,234,270,1132
1728464349153289000,253,818,2639,192,392,1124
1728464349154131000,0,1143,2583,90,543,1094
1728464349154973000,0,1472,2293,41,663,965
1728464349155815000,0,1761,1911,13,770,800
1728464349156656000,0,2042,1603,0,858,648
1728464349157498000,73,2590,1251,46,926,481
1728464349158341000,282,2845,908,139,960,330
1728464349159184000,554,2929,565,264,975,204
1728464349160039000,845,2856,284,410,940,114
1728464349160881000,1160,2606,75,567,880,7
1728464349161723000,1487,2094,20,711,769,0
1728464349162565000,1775,1816,10,816,654,4
1728464349163407000,2037,1562,5,898,523,0
1728464349164249000,2417,1167,196,997,372,64
1728464349165091000,2497,856,427,1041,276,181
1728464349165933000,2525,535,601,1089,149,314
1728464349166775000,2496,269,917,1073,77,480
1728464349167617000,2375,66,1272,1028,0,629
1728464349168459000,1964,1,1623,916,0,773
1728464349169301000,1710,11,1922,774,0,895
1728464349170142000,1409,1,2151,615,0,1041
1728464349170984000,1082,117,2554,464,68,1107
1728464349171826000,772,330,2656,313,181,1134
1728464349172669000,478,609,2663,199,298,1129
1728464349173510000,226,1016,2619,119,467,1072
1728464349174352000,17,1334,2524,69,593,1011
1728464349175194000,0,1639,2115,26,715,885
1728464349176036000,0,1848,1840,2,798,776
1728464349176878000,0,2114,1522,0,884,608
1728464349177720000,119,2676,1157,53,931,436
1728464349178563000,345,2886,809,166,967,300
1728464349179406000,631,2944,489,298,964,183
1728464349180249000,948,2776,218,466,917,85
1728464349181091000,1268,2485,30,615,837,4
1728464349181932000,1556,1971,17,746,746,0
1728464349182774000,1844,1721,0,849,613,0
1728464349183616000,2370,1394,13,942,423,0
1728464349184458000,2524,1063,201,1033,295,78
1728464349185300000,2571,744,434,1072,192,204
1728464349186142000,2528,454,682,1088,125,354
1728464349186997000,2458,195,1022,1062,49,518
1728464349187839000,2337,21,1357,992,0,671
1728464349188681000,1912,8,1699,872,0,814
1728464349189523000,1636,5,2005,737,0,917
1728464349190365000,1301,0,2476,606,7,1013
1728464349191207000,977,165,2599,432,85,1095
1728464349192049000,671,406,2660,270,209,1121
1728464349192892000,394,693,2665,165,343,1143
1728464349193735000,133,1047,2613,64,491,1088
1728464349194577000,0,1393,2496,10,609,985
1728464349195419000,0,1654,2036,0,744,872
1728464349196261000,0,1927,1763,1,818,729
1728464349197103000,0,2431,1431,2,894,567
1728464349197945000,181,2753,1055,82,964,407
1728464349198788000,415,2917,717,202,977,257
1728464349199631000,706,2926,402,344,968,153
1728464349200474000,1035,2740,149,507,916,33
1728464349201316000,1352,2400,0,658,824,0
1728464349202158000,1637,1920,6,767,705,0
1728464349203000000,1918,1655,0,874,578,0
1728464349203842000,2330,1410,0,967,426,0
1728464349204684000,2455,1096,194,1057,314,66
1728464349205526000,2536,718,456,1082,193,207
1728464349206368000,2514,383,765,1085,106,398
1728464349207210000,2435,149,1112,1050,23,555
1728464349208052000,2290,0,1459,970,0,712
1728464349208894000,1840,8,1784,847,0,843
1728464349209736000,1559,6,2096,693,0,950
1728464349210578000,1248,26,2511,533,64,1031
1728464349211420000,925,210,2609,376,143,1101
1728464349212262000,613,474,2672,258,238,1135
1728464349213105000,448,757,2672,148,371,1129
1728464349213955000,188,1097,2591,64,493,1089
1728464349214797000,41,1406,2483,13,641,970
1728464349215639000,18,1712,1969,13,757,852
1728464349216481000,0,1994,1674,0,844,687
1728464349217322000,39,2520,1321,19,911,517
1728464349218165000,242,2804,960,113,967,361
1728464349219008000,493,2940,633,244,968,237
1728464349219851000,789,2880,342,388,943,132
1728464349220693000,1098,2664,109,545,889,54
1728464349221535000,1426,2299,13,680,807,0
1728464349222377000,1713,1856,0,803,675,0
1728464349223219000,1941,1604,24,878,526,0
1728464349224061000,2376,1280,78,960,395,14
1728464349224903000,2481,895,362,1043,292,138
1728464349225746000,2530,593,546,1095,166,274
1728464349226588000,2496,308,869,1081,78,435
1728464349227445000,2400,103,1202,1032,18,608
1728464349228287000,2147,13,1552,936,0,744
1728464349229129000,1764,2,1875,809,0,871
1728464349229971000,1472,4,2112,641,0,1049
1728464349230813000,1160,78,2528,490,48,1104
1728464349231655000,833,272,2631,346,161,1124
1728464349232497000,535,545,2664,218,280,1130
1728464349233339000,249,955,2640,121,434,1072
1728464349234181000,55,1264,2538,78,580,1026
1728464349235023000,4,1579,2223,28,684,914
1728464349235865000,0,1791,1904,2,778,801
1728464349236707000,0,2038,1582,0,864,640
1728464349237549000,84,2608,1231,33,930,476
1728464349238392000,293,2855,876,137,967,323
1728464349239235000,560,2950,542,267,975,209
1728464349240078000,871,2830,266,422,919,79
1728464349240920000,1202,2571,64,585,863,13
1728464349241762000,1506,2066,10,714,767,0
1728464349242604000,1784,1791,10,832,642,0
1728464349243446000,2134,1472,41,939,463,0
1728464349244288000,2482,1136,151,1012,320,65
1728464349245130000,2535,815,320,1129,224,192
1728464349245972000,2524,517,617,1085,145,314
1728464349246814000,2480,261,954,1074,64,477
1728464349247656000,2374,50,1291,1017,0,642
1728464349248498000,1968,5,1634,901,0,787
1728464349249340000,1704,4,1943,767,0,894
1728464349250182000,1359,0,2202,613,0,997
1728464349251024000,1056,117,2564,434,77,1080
1728464349251866000,741,343,2649,305,186,1120
1728464349252709000,450,616,2675,193,311,1141
1728464349253552000,189,911,2705,96,471,1127
1728464349254405000,0,1267,2584,14,634,1056
1728464349255247000,0,1592,2190,0,746,912
1728464349256089000,0,1861,1824,2,795,757
1728464349256931000,0,2235,1505,0,880,595
1728464349257773000,137,2691,1130,57,949,433
1728464349258615000,366,2894,800,172,971,286
1728464349259458000,636,2930,478,306,965,181
1728464349260301000,939,2789,217,471,927,68
1728464349261144000,1291,2490,10,632,858,0
1728464349261986000,1582,1984,4,744,741,0
1728464349262828000,1857,1735,2,855,606,0
1728464349263670000,2322,1483,0,967,472,0
1728464349264512000,2483,1122,139,1020,320,58
1728464349265354000,2515,695,400,1067,277,189
1728464349266196000,2528,448,696,1088,120,360
1728464349267039000,2460,200,1035,1064,39,524
1728464349268323000,2329,16,1383,991,0,683
1728464349269165000,1892,5,1705,868,0,817
1728464349270007000,1615,5,2016,725,0,924
1728464349270849000,1308,0,2481,568,0,1014
1728464349271691000,1036,159,2589,411,84,1094
1728464349272533000,714,414,2666,280,210,1126
1728464349273376000,421,686,2661,215,343,1137
1728464349274219000,72,1006,2598,138,477,1131
1728464349275061000,0,1346,2507,71,618,1044
1728464349275903000,0,1637,2043,25,737,885
1728464349276745000,0,1932,1743,0,820,719
1728464349277587000,0,2439,1409,9,900,539
1728464349278429000,189,2757,1050,85,961,394
1728464349279272000,434,2923,708,204,964,252
1728464349280115000,723,2907,402,357,961,149
1728464349280958000,1023,2699,154,506,901,58
1728464349281360000,1351,2375,0,650,832,0
1728464349282202000,1646,1914,0,767,715,0
1728464349283044000,1905,1601,96,864,587,9
1728464349283886000,2334,1324,106,960,462,43
1728464349284728000,2466,1002,272,1023,298,197
1728464349285570000,2534,656,472,1078,184,242
1728464349286412000,2508,360,784,1088,96,400
1728464349287254000,2428,138,1123,1043,25,576
1728464349288096000,2290,0,1472,961,0,714
1728464349288938000,1830,1,1791,842,0,844
1728464349289780000,1563,2,2089,678,0,946
1728464349290622000,1232,50,2510,526,40,1018
1728464349291464000,901,235,2621,372,130,1096
1728464349292306000,594,538,2674,241,247,1137
1728464349293149000,357,840,2660,141,455,1111
1728464349293991000,81,1039,2582,64,606,1063
1728464349294854000,0,1375,2433,4,717,967
1728464349295696000,0,1743,1976,5,762,853
1728464349296538000,0,2003,1651,0,855,674
1728464349297380000,50,2543,1316,34,914,506
1728464349298222000,237,2817,965,116,961,359
1728464349299065000,500,2952,619,235,978,244
1728464349299908000,797,2869,330,405,944,100
1728464349300751000,1092,2624,82,550,884,45
1728464349301593000,1425,2253,13,693,772,0
1728464349302435000,1714,1838,2,809,674,1
1728464349303277000,1856,1531,0,974,529,31
1728464349304119000,2319,1216,66,1056,363,74
1728464349304961000,2432,882,320,1105,272,192
1728464349305803000,2529,581,561,1080,158,295
1728464349306645000,2496,301,877,1079,82,448
1728464349307487000,2400,90,1212,1038,20,610
1728464349308330000,2093,20,1568,933,0,755
1728464349309172000,1753,14,1888,800,0,887
1728464349310014000,1458,0,2158,639,0,976
1728464349310856000,1138,87,2552,474,53,1066
1728464349311698000,812,297,2723,335,164,1124
1728464349312541000,513,567,2688,209,287,1143
1728464349313383000,256,902,2659,118,421,1202
1728464349314225000,42,1168,2463,47,578,1136
1728464349315067000,0,1500,2119,0,692,1021
1728464349315909000,0,1811,1887,2,785,795
1728464349316751000,0,2047,1563,2,876,624
1728464349317593000,93,2627,1216,42,930,463
1728464349318436000,306,2876,866,146,967,322
1728464349319279000,576,2947,527,273,972,210
1728464349320122000,891,2831,259,442,938,81
1728464349320964000,1217,2545,44,593,871,2
1728464349321811000,1516,2009,2,721,761,0
1728464349322653000,1797,1731,1,833,655,0
1728464349323495000,2038,1337,0,909,565,0
1728464349324337000,2400,1054,107,1006,418,56
1728464349325179000,2503,762,344,1066,270,164
1728464349326022000,2524,496,629,1081,138,327
1728464349326864000,2484,239,967,1073,58,485
1728464349327706000,2352,41,1311,1008,0,648
1728464349328548000,1941,8,1652,891,0,791
1728464349329390000,1684,6,1968,761,0,902
1728464349330232000,1438,0,2243,610,0,998
1728464349331074000,1104,132,2571,437,74,1084
1728464349331916000,713,354,2657,335,184,1117
1728464349332759000,383,624,2672,225,320,1160
1728464349333601000,149,942,2608,42,468,1088
1728464349334443000,0,1274,2491,0,594,1022
1728464349335296000,0,1582,2094,0,719,910
1728464349336138000,0,1873,1800,5,807,754
1728464349336980000,0,2333,1479,0,892,576
1728464349337822000,138,2695,1111,68,946,425
1728464349338665000,378,2904,780,174,962,286
1728464349339508000,657,2931,449,322,963,167
1728464349340351000,974,2770,192,476,920,69
1728464349341193000,1274,2466,5,626,836,5
1728464349342035000,1579,1973,0,743,736,0
1728464349342877000,1856,1695,64,850,634,0
1728464349343717000,2319,1422,58,938,462,0
1728464349344559000,2463,1057,145,1021,303,188
1728464349345401000,2517,725,423,1060,202,215
1728464349346243000,2511,435,722,1090,114,363
1728464349347085000,2456,184,1048,1058,47,535
1728464349347927000,2327,16,1408,986,0,689
1728464349348778000,1876,2,1743,869,0,834
1728464349349620000,1604,36,2032,719,0,925
1728464349350462000,1299,11,2477,553,20,1021
1728464349351304000,974,235,2601,404,116,1088
1728464349352146000,657,455,2663,277,220,1127
1728464349352988000,378,618,2667,153,426,1103
1728464349353830000,117,966,2594,93,564,1079
1728464349354672000,0,1309,2471,21,681,1004
1728464349355514000,0,1663,2033,9,737,865
1728464349356356000,0,1937,1727,2,832,704
1728464349357197000,13,2465,1383,1,907,551
1728464349358039000,198,2767,1035,90,962,382
1728464349358882000,441,2934,692,210,975,258
1728464349359725000,732,2897,402,362,947,129
1728464349360568000,1036,2695,132,517,915,45
1728464349361410000,1371,2371,0,665,817,0
1728464349362252000,1660,1900,13,791,696,0
1728464349363094000,1856,1600,21,940,570,17
1728464349363936000,2307,1308,49,1010,405,53
1728464349364778000,2443,962,232,966,290,101
1728464349365621000,2528,645,487,1090,188,249
1728464349366463000,2508,362,805,1088,98,404
1728464349367305000,2426,141,1131,1050,32,586
1728464349368147000,2286,0,1494,954,0,731
1728464349368989000,1816,5,1813,841,0,845
1728464349369831000,1514,0,2112,674,0,960
1728464349370673000,1212,56,2508,509,42,1048
1728464349371515000,888,242,2688,366,124,1102
1728464349372357000,576,487,2704,250,249,1137
1728464349373199000,298,802,2583,130,385,1201
1728464349374041000,90,1103,2505,57,540,1152
1728464349374883000,5,1420,2368,10,666,1034
1728464349375738000,0,1739,1958,4,760,840
1728464349376580000,0,2007,1642,0,852,654
1728464349377422000,55,2552,1294,27,925,500
1728464349378265000,250,2828,941,116,960,348
1728464349379108000,514,2940,607,256,967,221
1728464349379951000,832,2864,320,400,945,122
1728464349380793000,1135,2587,93,547,888,34
1728464349381635000,1455,2172,2,685,798,0
1728464349382477000,1743,1795,0,821,680,0
1728464349383319000,1984,1432,1,903,594,0
1728464349384161000,2368,1140,64,993,453,50
1728464349385003000,2498,837,298,1060,297,144
1728464349385845000,2517,554,570,1089,154,287
1728464349386687000,2496,290,889,1072,71,455
1728464349387529000,2390,89,1225,1024,11,619
1728464349388371000,2054,10,1576,927,0,759
1728464349389217000,1741,4,1897,792,0,883
1728464349390059000,1521,0,2161,629,0,975
1728464349390901000,1169,92,2559,468,52,1068
1728464349391743000,824,304,2644,323,150,1117
1728464349392585000,440,564,2676,256,276,1134
1728464349393428000,173,876,2666,139,434,1138
1728464349394270000,0,1209,2544,69,561,1025
1728464349395112000,0,1520,2175,0,684,931
1728464349395954000,0,1819,1871,5,791,790
1728464349396796000,0,2063,1562,0,868,622
1728464349397638000,96,2653,1201,45,933,461
1728464349398480000,320,2872,846,149,965,314
1728464349399323000,585,2943,521,292,970,184
1728464349400166000,916,2818,238,442,943,88
1728464349401008000,1230,2546,39,598,864,11
1728464349401850000,1520,2019,11,728,747,0
1728464349402695000,1802,1776,0,834,618,76
1728464349403537000,2055,1465,0,936,463,83
1728464349404379000,2426,1094,43,1008,334,135
1728464349405221000,2512,789,373,1063,226,199
1728464349406063000,2520,485,659,1091,133,329
1728464349406905000,2470,232,980,1064,58,502
1728464349407747000,2359,39,1328,1001,0,658
1728464349408589000,1935,9,1675,900,0,798
1728464349409431000,1661,64,1965,752,0,887
1728464349410273000,1366,58,2307,588,2,1004
1728464349411115000,1031,194,2591,429,84,1075
1728464349411957000,720,393,2656,296,211,1116
1728464349412800000,404,587,2663,188,393,1117
1728464349413642000,199,922,2603,106,486,1090
1728464349414484000,10,1265,2508,5,551,1019
1728464349415326000,0,1607,2081,4,716,895
1728464349416182000,0,1894,1788,4,832,746
1728464349417024000,0,2384,1452,2,895,581
1728464349417866000,155,2719,1109,69,950,412
1728464349418709000,382,2913,751,186,971,277
1728464349419552000,629,2915,448,332,960,164
1728464349420395000,970,2765,176,480,919,74
1728464349421237000,1311,2448,4,637,832,0
1728464349422078000,1584,1945,10,764,723,0
1728464349422920000,1806,1662,21,903,577,0
1728464349423762000,2294,1362,34,966,427,0
1728464349424604000,2416,1006,186,977,309,74
1728464349425446000,2520,698,430,1075,207,212
1728464349426288000,2520,413,736,1088,101,370
1728464349427130000,2446,170,1066,1055,40,546
1728464349427972000,2315,5,1423,971,0,702
1728464349428814000,1871,4,1752,864,0,818
1728464349429667000,1590,0,2111,710,5,939
1728464349430509000,1280,16,2546,549,30,1026
1728464349431351000,957,201,2639,395,105,1100
1728464349432194000,641,438,2684,274,228,1165
1728464349433036000,378,725,2597,146,381,1199
1728464349433878000,165,1064,2563,73,536,1134
1728464349434720000,16,1404,2432,1,646,960
1728464349435561000,0,1680,2007,0,737,871
1728464349436403000,0,1949,1701,1,844,693
1728464349437245000,18,2473,1367,13,907,530
1728464349438087000,206,2776,1012,85,949,382
1728464349438930000,449,2931,674,218,969,256
1728464349439773000,765,2900,370,363,964,137
1728464349440616000,1074,2668,133,538,901,56
1728464349441458000,1396,2356,0,657,818,0
1728464349442300000,1669,1887,2,788,699,0
1728464349443149000,1925,1501,0,912,597,0
1728464349443991000,2369,1240,50,1006,448,26
1728464349444833000,2496,913,260,1042,196,117
1728464349445675000,2522,630,514,1082,179,263
1728464349446517000,2514,348,815,1082,104,420
1728464349447359000,2415,130,1162,1050,25,583
1728464349448201000,2272,13,1516,955,0,736
1728464349449043000,1803,13,1834,822,0,865
1728464349449885000,1586,0,2115,673,0,962
1728464349450727000,1231,48,2527,505,33,1045
1728464349451569000,864,254,2636,396,129,1109
1728464349452412000,520,501,2676,267,254,1136
1728464349453254000,234,805,2651,73,405,1107
1728464349454096000,31,1144,2556,25,530,1067
1728464349454938000,0,1448,2370,0,668,967
1728464349455780000,0,1756,1929,4,773,824
1728464349456623000,0,2020,1619,0,854,659
1728464349457465000,53,2575,1288,30,920,486
1728464349458308000,265,2833,917,119,961,340
1728464349459151000,530,2945,591,254,978,214
1728464349459994000,840,2860,297,404,961,114
1728464349460837000,1152,2612,84,560,876,29
1728464349461678000,1464,2168,17,704,790,0
1728464349462520000,1748,1812,85,812,687,2
1728464349463362000,2016,1519,73,908,570,4
1728464349464204000,2385,1221,165,988,407,57
1728464349465046000,2488,862,324,1056,256,154
1728464349465888000,2528,552,583,1082,153,299
1728464349466730000,2482,286,906,1076,69,456
1728464349467572000,2373,69,1244,1021,5,625
1728464349468414000,2016,10,1592,917,0,767
1728464349469256000,1728,5,1905,785,0,866
1728464349470104000,1435,8,2163,635,0,966
1728464349470946000,1120,104,2558,463,69,1062
1728464349471788000,786,364,2651,340,166,1107
1728464349472631000,522,669,2670,213,303,1112
1728464349473474000,240,803,2627,101,516,1089
1728464349474316000,11,1143,2520,50,621,1021
1728464349475158000,0,1529,2153,0,690,935
1728464349476000000,0,1829,1863,0,793,777
1728464349476842000,0,2076,1543,0,874,618
1728464349477684000,116,2653,1189,45,939,453
1728464349478526000,323,2887,835,162,968,301
1728464349479369000,611,2925,517,291,971,176
1728464349480212000,919,2791,248,453,928,88
1728464349481054000,1225,2511,42,610,844,21
1728464349481896000,1523,2016,5,739,754,0
1728464349482738000,1729,1735,21,907,610,37
1728464349483595000,2028,1440,17,998,466,45
1728464349484437000,2401,1088,173,1061,338,85
1728464349485279000,2511,767,375,1080,232,194
1728464349486121000,2524,473,663,1088,137,345
1728464349486963000,2472,231,994,1067,56,504
1728464349487805000,2362,28,1336,1003,0,666
1728464349488647000,1928,4,1670,896,0,801
1728464349489489000,1652,8,1985,736,0,913
1728464349490331000,1328,0,2420,580,5,1015
1728464349491173000,1021,146,2608,418,93,1081
1728464349492015000,708,383,2684,298,197,1124
1728464349492857000,398,687,2705,175,334,1123
1728464349493700000,169,986,2540,85,478,1172
1728464349494542000,0,1311,2439,17,621,1088
1728464349495384000,0,1609,2071,13,725,892
1728464349496226000,0,1912,1781,0,813,741
1728464349497069000,0,2402,1459,0,893,565
1728464349497911000,164,2721,1090,78,948,405
1728464349498754000,400,2916,744,195,971,273
1728464349499597000,673,2920,425,343,973,154
1728464349500440000,1012,2751,171,497,911,66
1728464349501282000,1344,2407,10,647,840,0
1728464349502124000,1613,1927,0,767,729,0
1728464349502966000,1879,1591,14,882,626,0
1728464349503808000,2317,1280,4,973,489,5
1728464349504650000,2481,961,169,1040,320,74
1728464349505492000,2520,689,450,1080,199,219
1728464349506334000,2514,394,756,1088,109,388
1728464349507176000,2439,171,1088,1055,30,551
1728464349508018000,2311,0,1443,975,0,701
1728464349508860000,1856,2,1762,856,0,834
1728464349509702000,1610,0,2072,767,0,938
1728464349510554000,1298,25,2507,586,23,1035
1728464349511396000,922,207,2613,410,121,1103
1728464349512238000,599,458,2673,286,234,1125
1728464349513081000,314,740,2651,132,377,1136
1728464349513923000,93,1109,2604,53,504,1100
1728464349514765000,0,1415,2463,10,648,985
1728464349515607000,0,1693,1991,5,757,860
1728464349516449000,0,1972,1684,0,837,698
1728464349517291000,25,2510,1357,17,909,522
1728464349518133000,224,2798,981,101,961,373
1728464349518976000,469,2935,651,229,973,231
1728464349519819000,762,2888,361,377,960,137
1728464349520661000,1076,2677,106,533,897,47
1728464349521503000,1417,2332,10,679,813,0
1728464349522345000,1682,1857,0,794,682,52
1728464349523187000,1941,1558,0,882,538,64
1728464349524037000,2371,1268,8,980,425,82
1728464349524879000,2488,919,253,1053,282,120
1728464349525721000,2531,609,527,1090,168,262
1728464349526564000,2496,329,850,1080,87,433
1728464349527406000,2403,116,1183,1028,12,603
1728464349528248000,2235,11,1534,946,0,736
1728464349529090000,1777,10,1852,818,0,857
1728464349529932000,1496,45,2128,652,23,963
1728464349530774000,1189,66,2532,500,100,1039
1728464349531616000,860,248,2635,365,170,1109
1728464349532459000,549,476,2672,249,199,1114
1728464349533302000,270,792,2660,122,372,1111
1728464349534144000,196,1136,2584,66,525,1058
1728464349534986000,0,1472,2280,9,672,954
1728464349535828000,0,1765,1919,5,777,817
1728464349536670000,0,2039,1600,0,865,651
1728464349537514000,71,2586,1250,34,921,480
1728464349538357000,277,2848,906,133,972,338
1728464349539200000,525,2936,576,261,961,224
1728464349540042000,847,2848,298,405,930,105
1728464349540885000,1157,2588,78,564,868,37
1728464349541727000,1480,2135,13,694,782,0
1728464349542569000,1743,1836,6,805,645,1
1728464349543411000,2016,1543,34,901,493,5
1728464349544253000,2394,1247,126,986,357,45
1728464349545095000,2503,839,321,1063,257,156
1728464349545937000,2513,541,601,1088,144,306
1728464349546779000,2480,270,932,1074,64,476
1728464349547621000,2376,70,1266,1016,1,635
1728464349548463000,1985,4,1612,921,0,767
1728464349549305000,1702,0,1971,776,0,966
1728464349550147000,1411,0,2156,623,0,1069
1728464349550993000,1092,113,2540,453,65,1121
1728464349551835000,772,320,2639,323,173,1149
1728464349552678000,522,622,2648,194,320,1167
1728464349553520000,229,914,2624,106,440,1050
1728464349554362000,13,1347,2511,46,605,995
1728464349555204000,0,1544,2131,0,706,929
1728464349556045000,0,1842,1840,2,801,771
1728464349556887000,0,2100,1536,5,874,595
1728464349557729000,121,2668,1169,50,941,448
1728464349558572000,343,2904,818,158,963,312
1728464349559415000,633,2901,493,293,967,178
1728464349560258000,938,2795,213,458,925,66
1728464349561100000,1263,2511,39,613,862,0
1728464349561941000,1560,1986,2,742,754,2
1728464349562783000,1813,1648,5,839,668,0
1728464349563625000,2157,1359,0,961,524,0
1728464349564475000,2433,1028,132,1045,386,64
1728464349565317000,2520,771,382,1062,218,206
1728464349566159000,2528,462,683,1088,134,350
1728464349567001000,2456,214,1001,1069,53,518
1728464349567843000,2348,31,1359,995,0,665
1728464349568685000,1909,13,1695,884,0,815
1728464349569527000,1700,0,1997,728,0,917
1728464349570369000,1412,0,2467,585,0,1005
1728464349571211000,1052,153,2593,424,85,1092
1728464349572053000,717,393,2660,322,192,1140
1728464349572895000,324,678,2694,212,335,1150
1728464349573738000,114,983,2620,25,478,1077
1728464349574580000,0,1321,2502,0,610,1008
1728464349575422000,0,1633,2057,5,727,887
1728464349576264000,0,1908,1766,2,824,732
1728464349577106000,0,2412,1433,0,889,559
1728464349577958000,171,2748,1072,76,954,397
1728464349578801000,410,2929,723,192,975,272
1728464349579644000,704,2911,425,338,965,146
1728464349580487000,1010,2736,164,501,915,65
1728464349581329000,1346,2412,0,621,817,0
1728464349582171000,1620,1954,40,762,711,55
1728464349583013000,1912,1642,0,875,563,82
1728464349583855000,2337,1336,0,948,405,113
1728464349584697000,2460,996,199,1036,306,153
1728464349585539000,2524,676,450,1072,197,233
1728464349586381000,2520,388,763,1088,98,389
1728464349587223000,2434,144,1095,1055,29,558
1728464349588065000,2304,0,1451,962,0,715
1728464349588907000,1840,43,1772,842,0,832
1728464349589749000,1562,54,2064,695,0,930
1728464349590591000,1249,96,2496,529,33,1028
1728464349591446000,922,266,2618,382,114,1090
1728464349592288000,639,514,2667,247,312,1114
1728464349593130000,314,704,2658,161,433,1114
1728464349593973000,116,1056,2596,93,576,1080
1728464349594815000,0,1420,2450,5,648,986
1728464349595657000,0,1717,1988,4,750,846
1728464349596499000,0,1977,1683,2,841,681
1728464349597341000,46,2510,1336,23,922,516
1728464349598183000,229,2816,982,116,960,369
1728464349599026000,489,2923,645,236,970,225
1728464349599869000,762,2887,348,389,947,126
1728464349600712000,1103,2648,101,542,886,25
1728464349601554000,1421,2296,17,673,801,0
1728464349602396000,1669,1867,0,745,674,0
1728464349603238000,1946,1562,0,873,535,0
1728464349604080000,2368,1250,57,947,392,56
1728464349604921000,2488,918,274,1048,279,132
1728464349605763000,2528,583,539,1088,168,277
1728464349606605000,2499,320,852,1088,73,431
1728464349607447000,2397,98,1191,1036,16,597
1728464349608289000,2168,18,1536,942,0,746
1728464349609131000,1768,2,1922,807,0,866
1728464349609973000,1475,2,2198,651,2,971
1728464349610815000,1179,69,2568,494,66,1058
1728464349611657000,838,278,2660,357,138,1116
1728464349612499000,530,526,2616,221,282,1200
1728464349613342000,293,848,2619,129,442,1167
1728464349614184000,121,1190,2527,53,552,969
1728464349615026000,0,1488,2240,8,677,960
1728464349615868000,0,1790,1920,0,778,811
1728464349616710000,0,2050,1590,2,857,645
1728464349617552000,82,2597,1247,46,935,476
1728464349618401000,287,2860,882,136,960,340
1728464349619244000,554,2941,576,273,972,202
1728464349620087000,850,2818,281,426,936,104
1728464349620930000,1188,2575,52,584,875,2
1728464349621772000,1497,2077,5,721,777,0
1728464349622614000,1784,1734,25,838,664,0
1728464349623456000,2023,1432,0,953,521,0
1728464349624298000,2436,1116,109,1009,320,39
1728464349625140000,2504,832,339,1064,242,170
1728464349625982000,2528,521,628,1088,142,308
1728464349626824000,2478,274,938,1074,65,490
1728464349627666000,2383,64,1286,1010,4,634
1728464349628508000,1959,5,1631,911,0,779
1728464349629350000,1739,2,1946,818,0,897
1728464349630192000,1386,1,2195,648,0,1001
1728464349631034000,1067,132,2567,493,74,1077
1728464349631888000,738,346,2656,338,178,1132
1728464349632731000,401,621,2675,137,293,1118
1728464349633573000,173,924,2609,79,453,1117
1728464349634415000,0,1257,2528,9,594,1039
1728464349635257000,0,1563,2115,0,706,913
1728464349636099000,0,1850,1824,8,804,766
1728464349636941000,0,2146,1500,0,890,598
1728464349637783000,133,2677,1140,56,937,426
1728464349638626000,354,2894,791,172,967,297
1728464349639469000,634,2931,482,302,960,168
1728464349640312000,960,2788,200,473,917,85
1728464349641154000,1291,2496,23,613,858,2
1728464349641996000,1561,1999,0,733,746,33
1728464349642838000,1867,1721,0,855,621,37
1728464349643680000,2325,1415,0,937,462,13
1728464349644522000,2448,1080,160,1024,331,69
1728464349645363000,2512,741,405,1074,216,206
1728464349646205000,2523,450,710,1090,114,356
1728464349647047000,2450,202,1038,1066,52,531
1728464349647889000,2338,22,1376,988,0,682
1728464349648731000,1903,29,1718,878,0,810
1728464349649573000,1624,0,2012,731,48,916
1728464349650415000,1320,30,2463,566,39,1011
1728464349651257000,999,165,2597,409,111,1091
1728464349652099000,663,352,2662,297,258,1108
1728464349652941000,407,645,2672,170,260,1119
1728464349653783000,141,976,2605,75,440,1080
1728464349654625000,0,1344,2483,13,625,1009
1728464349655467000,0,1637,2044,0,724,881
1728464349656309000,0,1919,1743,0,825,711
1728464349657151000,2,2427,1410,5,901,554
1728464349657993000,186,2752,1057,74,949,402
1728464349658846000,418,2920,725,202,966,265
1728464349659689000,683,2900,418,346,956,149
1728464349660532000,1023,2718,153,477,908,52
1728464349661374000,1368,2416,0,644,832,0
1728464349662216000,1600,1918,0,722,687,0
1728464349663058000,1869,1639,0,821,555,0
1728464349663900000,2329,1314,0,932,418,21
1728464349664742000,2468,983,210,1029,298,106
1728464349665584000,2509,660,475,1076,185,238
1728464349666426000,2508,377,767,1079,90,402
1728464349667268000,2422,149,1106,1048,30,558
1728464349668110000,2300,0,1459,972,0,712
1728464349668952000,1821,5,1845,832,0,840
1728464349669794000,1535,5,2118,688,0,946
1728464349670636000,1240,35,2515,529,36,1080
1728464349671478000,905,219,2612,375,117,1144
1728464349672328000,590,474,2650,245,266,1184
1728464349673171000,366,784,2642,137,366,1065
1728464349674014000,79,1193,2569,98,546,1029
1728464349674856000,0,1424,2444,13,650,981
1728464349675697000,0,1720,1976,0,751,843
1728464349676539000,0,1985,1661,0,849,673
1728464349677381000,42,2531,1324,21,922,514
1728464349678224000,242,2820,969,101,960,362
1728464349679067000,484,2914,635,247,968,221
1728464349679910000,800,2872,346,392,922,125
1728464349680753000,1120,2638,106,549,889,45
1728464349681595000,1445,2281,5,688,798,0
1728464349682437000,1856,1816,34,810,621,0
1728464349683279000,2093,1542,40,916,492,0
1728464349684121000,2463,1205,109,1003,357,29
1728464349684963000,2496,891,273,1043,266,139
1728464349685808000,2517,576,551,1084,162,277
1728464349686650000,2496,306,858,1074,79,448
1728464349687492000,2399,93,1188,1023,18,605
1728464349688334000,2107,9,1557,932,0,750
1728464349689176000,1728,0,1863,786,0,873
1728464349690018000,1452,0,2147,629,0,967
1728464349690860000,1133,84,2540,474,53,1063
1728464349691702000,832,290,2650,329,146,1118
1728464349692544000,501,613,2696,206,281,1133
1728464349693386000,237,848,2719,104,456,1126
1728464349694228000,48,1201,2608,42,570,1052
1728464349695070000,0,1500,2227,5,680,942
1728464349695912000,0,1797,1888,1,782,797
1728464349696754000,0,2047,1580,4,860,628
1728464349697596000,80,2619,1238,42,928,468
1728464349698439000,299,2880,867,138,968,334
1728464349699299000,578,2943,542,282,970,194
1728464349700142000,892,2827,241,433,946,79
1728464349700984000,1208,2569,57,590,874,18
1728464349701826000,1486,2122,8,719,770,0
1728464349702668000,1816,1760,0,836,626,0
1728464349703509000,2034,1472,0,938,473,0
1728464349704351000,2411,1151,119,1008,354,43
1728464349705193000,2508,811,352,1059,239,185
1728464349706036000,2535,501,637,1090,138,320
1728464349706878000,2478,238,952,1077,59,485
1728464349707720000,2368,53,1313,1004,0,651
1728464349708562000,1946,11,1646,896,0,784
1728464349709404000,1687,0,1960,761,32,897
1728464349710246000,1384,0,2205,608,32,993
1728464349711088000,1063,125,2577,442,79,1078
1728464349711931000,760,330,2660,289,126,1122
1728464349712772000,590,626,2693,197,287,1124
1728464349713614000,277,933,2664,114,437,1106
1728464349714456000,11,1282,2515,26,599,1039
1728464349715298000,0,1583,2102,0,704,909
1728464349716140000,0,1880,1807,3,817,746
1728464349716981000,0,2329,1478,2,887,587
1728464349717823000,142,2701,1127,50,938,431
1728464349718665000,334,2884,789,180,952,297
1728464349719508000,653,2915,468,313,960,175
1728464349720351000,952,2776,205,477,927,84
1728464349721193000,1296,2482,9,608,857,7
1728464349722035000,1572,2017,15,723,715,7
1728464349722877000,1829,1743,21,837,589,0
1728464349723719000,2307,1440,21,932,444,0
1728464349724561000,2444,1047,171,1019,320,86
1728464349725403000,2510,722,415,1075,208,212
1728464349726257000,2528,425,717,1088,117,367
1728464349727100000,2447,192,1054,1064,43,529
1728464349727942000,2330,5,1405,987,0,682
1728464349728784000,1882,9,1707,862,0,883
1728464349729626000,1607,2,2015,718,0,967
1728464349730468000,1302,7,2467,563,23,1054
1728464349731310000,981,178,2601,402,90,1123
1728464349732152000,708,426,2656,273,203,1061
1728464349732994000,360,814,2642,165,378,1080
1728464349733837000,162,1126,2583,117,511,1058
1728464349734679000,0,1360,2496,17,626,998
1728464349735521000,0,1656,2019,6,741,874
1728464349736363000,0,1929,1721,0,828,709
1728464349737205000,0,2449,1389,2,897,549
1728464349738047000,192,2774,1028,79,960,394
1728464349738890000,431,2923,696,207,970,241
1728464349739749000,738,2893,386,357,949,135
1728464349740592000,1052,2709,146,519,901,57
1728464349741434000,1386,2385,0,653,822,0
1728464349742276000,1745,1904,45,779,666,0
1728464349743118000,2029,1613,37,889,534,0
1728464349743960000,2405,1312,33,973,389,30
1728464349744802000,2467,968,234,1029,286,117
1728464349745645000,2522,658,493,1080,183,252
1728464349746487000,2512,366,794,1082,104,410
1728464349747329000,2426,142,1136,1048,21,576
1728464349748171000,2282,0,1512,962,0,722
1728464349749013000,1796,2,1803,821,0,850
1728464349749855000,1512,0,2100,657,0,960
1728464349750696000,1214,49,2520,508,46,1029
1728464349751538000,881,226,2624,365,127,1112
1728464349752380000,576,528,2687,229,244,1149
1728464349753232000,279,811,2655,130,393,1121
1728464349754074000,82,1108,2653,52,538,1088
1728464349754916000,0,1445,2433,10,658,967
1728464349755758000,0,1729,1947,8,765,832
1728464349756600000,0,2012,1630,0,850,676
1728464349757442000,64,2539,1306,23,916,496
1728464349758284000,232,2828,953,128,961,352
1728464349759127000,510,2935,609,233,974,221
1728464349759970000,824,2872,321,399,954,116
1728464349760813000,1138,2625,79,550,886,21
1728464349761655000,1474,2264,0,687,776,0
1728464349762496000,1746,1839,0,798,650,0
1728464349763338000,2028,1555,0,895,497,0
1728464349764180000,2395,1280,53,989,381,17
1728464349765023000,2485,881,296,1063,261,148
1728464349765865000,2532,576,555,1074,157,292
1728464349766699000,2484,301,881,1076,74,452
1728464349767541000,2400,89,1221,1029,20,616
1728464349768382000,2071,4,1569,935,1,757
1728464349769224000,1752,0,1887,794,43,866
1728464349770066000,1442,0,2168,637,29,983
1728464349770908000,1139,71,2545,477,79,1062
1728464349771750000,832,258,2654,352,125,1106
1728464349772592000,529,533,2673,210,242,1125
1728464349773434000,379,863,2652,129,383,1109
1728464349774276000,48,1184,2551,45,570,1060
1728464349775118000,0,1513,2185,8,687,938
1728464349775959000,0,1806,1878,0,786,792
1728464349776801000,0,2055,1562,0,873,620
1728464349777643000,98,2626,1206,45,938,456
1728464349778485000,320,2864,861,140,951,303
1728464349779328000,568,2927,542,289,962,202
1728464349780237000,900,2816,257,436,927,107
1728464349781080000,1212,2549,53,581,877,13
1728464349781922000,1488,2044,0,689,757,15
1728464349782764000,1777,1781,10,809,609,9
1728464349783606000,2040,1498,21,906,469,26
1728464349784448000,2425,1121,118,1010,353,64
1728464349785290000,2510,791,359,1068,226,174
1728464349786133000,2528,484,635,1091,139,331
1728464349786975000,2473,240,965,1065,50,505
1728464349787817000,2360,37,1323,1006,0,649
1728464349788659000,1933,1,1712,895,0,807
1728464349789501000,1664,5,2016,741,0,981
1728464349790343000,1368,2,2245,598,5,1063
1728464349791185000,1041,129,2553,441,73,1100
1728464349792027000,751,370,2617,295,205,1173
1728464349792869000,482,666,2655,178,330,1063
1728464349793669000,207,968,2608,91,471,1060
1728464349794511000,10,1304,2520,28,593,1026
1728464349795353000,0,1592,2097,5,721,901
1728464349796195000,0,1888,1795,0,814,751
1728464349797037000,0,2366,1476,0,882,586
1728464349797879000,130,2728,1118,66,943,426
1728464349798722000,381,2912,761,181,970,277
1728464349799565000,660,2918,452,328,972,157
1728464349800408000,983,2742,165,483,908,68
1728464349801250000,1317,2460,1,628,842,0
1728464349802092000,1580,1931,10,746,677,0
1728464349802934000,1995,1666,9,864,554,0
1728464349803776000,2427,1359,8,962,394,0
1728464349804618000,2449,1025,186,1033,320,84
1728464349805460000,2515,707,434,1067,199,217
1728464349806302000,2511,425,730,1082,111,367
1728464349807146000,2446,181,1060,1052,43,542
1728464349807988000,2325,2,1419,985,0,685
1728464349808830000,1852,0,1749,898,0,832
1728464349809672000,1576,1,2041,697,0,936
1728464349810514000,1269,10,2500,554,10,1023
1728464349811356000,949,180,2611,392,101,1097
1728464349812199000,625,468,2676,235,222,1154
1728464349813041000,368,773,2663,145,372,1120
1728464349813883000,122,1050,2670,73,521,1095
1728464349814725000,0,1382,2474,20,629,992
1728464349815567000,0,1676,2005,2,737,853
1728464349816409000,0,1955,1700,11,837,712
1728464349817251000,21,2476,1381,0,893,535
1728464349818093000,198,2795,1012,93,952,386
1728464349818936000,437,2917,658,210,975,250
1728464349819779000,746,2899,373,360,952,126
1728464349820629000,1074,2689,126,522,904,52
1728464349821470000,1402,2355,0,661,815,0
1728464349822312000,1702,1907,0,788,681,0
1728464349823154000,1949,1697,0,895,545,0
1728464349823996000,2358,1353,54,970,402,20
1728464349824838000,2468,955,242,1044,283,122
1728464349825680000,2536,623,502,1080,192,256
1728464349826522000,2507,350,816,1080,81,417
1728464349827364000,2404,122,1156,1037,21,582
1728464349828206000,2276,20,1501,952,0,738
1728464349829048000,1811,0,1820,821,26,845
1728464349829890000,1509,0,2119,674,23,956
1728464349830732000,1206,50,2531,506,50,1044
1728464349831574000,914,233,2636,357,68,1103
1728464349832416000,708,501,2704,247,237,1134
1728464349833259000,373,813,2656,135,381,1113
1728464349834110000,81,1151,2585,64,540,1063
1728464349834952000,0,1464,2368,10,669,964
1728464349835794000,0,1760,1936,0,775,832
1728464349836636000,0,2027,1623,0,856,656
1728464349837478000,48,2572,1285,29,917,494
1728464349838321000,250,2848,922,122,952,354
1728464349839164000,512,2940,597,245,973,215
1728464349840007000,825,2849,305,407,938,121
1728464349840849000,1149,2621,91,565,890,29
1728464349841691000,1444,2195,28,687,789,2
1728464349842533000,1741,1850,11,788,656,0
1728464349843375000,2001,1543,18,901,501,0
1728464349844217000,2400,1184,91,1005,378,42
1728464349845059000,2497,861,300,1057,251,151
1728464349845902000,2527,538,582,1085,162,293
1728464349846744000,2485,276,905,1074,64,458
1728464349847600000,2383,72,1254,1024,2,615
1728464349848442000,2040,13,1574,922,0,820
1728464349849284000,1731,5,1888,773,0,917
1728464349850126000,1433,1,2160,624,0,1014
1728464349850968000,1124,101,2556,471,64,1054
1728464349851810000,823,320,2624,307,154,1059
1728464349852652000,476,689,2663,215,306,1081
1728464349853494000,248,978,2627,129,443,1092
1728464349854336000,34,1233,2545,37,563,1047
1728464349855178000,0,1533,2161,0,692,929
1728464349856020000,0,1833,1858,0,797,782
1728464349856862000,0,2080,1556,0,867,624
1728464349857704000,98,2655,1197,50,929,452
1728464349858546000,312,2872,840,158,975,321
1728464349859389000,602,2929,516,298,954,178
1728464349860232000,914,2796,247,463,930,90
1728464349861069000,1245,2525,48,605,849,1
1728464349861911000,1628,1996,64,740,716,0
1728464349862753000,1896,1728,18,840,594,0
1728464349863595000,2106,1426,26,932,440,0
1728464349864437000,2423,1093,133,1017,340,64
1728464349865279000,2512,772,362,1065,235,186
1728464349866121000,2527,468,657,1081,138,332
1728464349866964000,2462,212,981,1068,50,503
1728464349867806000,2351,26,1332,992,0,660
1728464349868648000,1909,6,1661,868,0,799
1728464349869490000,1646,0,1976,733,0,914
1728464349870331000,1344,0,2296,578,0,1005
1728464349871173000,1023,151,2587,420,81,1088
1728464349872015000,690,431,2666,270,192,1128
1728464349872857000,402,704,2666,148,321,1112
1728464349873699000,158,972,2687,84,496,1095
1728464349874551000,0,1318,2496,17,605,1021
1728464349875393000,0,1617,2072,4,713,892
1728464349876235000,0,1904,1787,2,817,738
1728464349877077000,0,2402,1451,0,899,569
1728464349877919000,160,2727,1092,82,939,403
1728464349878762000,407,2914,738,196,970,281
1728464349879605000,690,2914,434,338,962,138
1728464349880448000,985,2743,186,490,917,65
1728464349881290000,1314,2515,0,634,844,0
1728464349882131000,1591,2063,0,770,719,0
1728464349882973000,1856,1765,0,885,588,0
1728464349883815000,2340,1422,0,960,442,0
1728464349884657000,2459,1016,192,1033,309,93
1728464349885499000,2518,692,436,1075,203,228
1728464349886341000,2515,401,744,1081,106,385
1728464349887183000,2427,167,1074,1059,34,542
1728464349888043000,2317,0,1424,980,0,699
1728464349888885000,1857,0,1761,846,10,833
1728464349889727000,1574,0,2050,701,0,938
1728464349890569000,1271,13,2502,549,28,1024
1728464349891411000,952,172,2609,378,57,1088
1728464349892253000,760,434,2695,265,192,1127
1728464349893096000,444,745,2693,158,350,1137
1728464349893938000,117,1069,2601,79,520,1083
1728464349894780000,0,1396,2474,23,640,986
1728464349895622000,0,1688,2003,0,749,857
1728464349896464000,0,1967,1697,0,832,699
1728464349897306000,26,2488,1367,11,910,530
1728464349898148000,176,2781,1003,105,964,383
1728464349898991000,454,2939,671,205,974,231
1728464349899834000,756,2904,361,370,963,144
1728464349900677000,1091,2682,105,526,905,34
1728464349901516000,1396,2318,0,663,810,0
1728464349902358000,1669,1871,117,773,687,5
1728464349903200000,1947,1579,74,875,565,11
1728464349904042000,2379,1266,47,983,410,23
1728464349904885000,2480,929,254,1051,278,129
1728464349905727000,2528,613,535,1080,173,266
1728464349906569000,2496,345,832,1078,90,434
1728464349907411000,2426,116,1171,1042,33,580
1728464349908253000,2252,2,1503,954,0,744
1728464349909095000,1788,4,1828,805,0,839
1728464349909937000,1504,18,2119,657,0,960
1728464349910779000,1188,52,2532,505,45,1036
1728464349911621000,840,373,2627,362,154,1075
1728464349912463000,555,613,2669,250,274,1093
1728464349913305000,320,883,2644,114,480,1102
1728464349914147000,75,1150,2557,56,546,1062
1728464349914995000,0,1474,2297,18,673,949
1728464349915836000,0,1762,1924,0,771,816
1728464349916678000,0,2034,1600,0,862,656
1728464349917520000,73,2582,1260,31,920,482
1728464349918363000,281,2829,907,135,965,341
1728464349919206000,541,2932,585,265,965,217
1728464349920049000,835,2848,298,421,936,107
1728464349920892000,1168,2606,52,557,890,23
1728464349921733000,1603,2136,14,714,732,0
1728464349922575000,1888,1784,40,832,612,0
1728464349923417000,2114,1487,29,928,471,0
1728464349924259000,2413,1182,94,1002,366,41
1728464349925101000,2496,847,321,1057,250,161
1728464349925943000,2521,540,608,1080,146,309
1728464349926785000,2478,276,922,1075,66,462
1728464349927627000,2385,58,1255,1018,9,628
1728464349928483000,1991,14,1604,930,0,776
1728464349929325000,1696,9,1926,778,0,882
1728464349930167000,1405,0,2165,638,0,988
1728464349931009000,1099,96,2567,452,64,1075
1728464349931851000,759,346,2673,306,161,1146
1728464349932693000,476,625,2671,186,301,1129
1728464349933536000,220,913,2679,98,467,1112
1728464349934378000,28,1229,2528,43,588,1041
1728464349935220000,0,1533,2124,0,693,927
1728464349936062000,0,1831,1839,0,800,768
1728464349936904000,0,2074,1523,2,875,608
1728464349937746000,117,2663,1155,49,946,448
1728464349938588000,330,2891,807,149,960,299
1728464349939431000,626,2931,484,293,967,181
1728464349940274000,926,2807,207,456,928,69
1728464349941116000,1262,2584,18,608,866,0
1728464349941954000,1534,2136,0,734,746,0
1728464349942796000,1817,1845,0,868,612,0
1728464349943638000,2119,1511,0,943,468,0
1728464349944480000,2440,1094,151,1018,334,74
1728464349945322000,2504,778,389,1066,215,192
1728464349946164000,2513,471,676,1077,125,346
1728464349947006000,2463,218,1003,1068,39,507
1728464349947848000,2346,21,1359,994,0,662
1728464349948690000,1916,0,1687,880,0,802
1728464349949532000,1641,0,2008,746,0,914
1728464349950373000,1336,0,2473,583,0,999
1728464349951215000,1020,133,2591,415,47,1104
1728464349952058000,834,373,2668,292,173,1127
1728464349952900000,501,653,2697,194,320,1124
1728464349953743000,165,988,2616,91,482,1102
1728464349954585000,0,1337,2496,23,622,1018
1728464349955456000,0,1614,2047,4,741,888
1728464349956298000,0,1904,1752,4,816,732
1728464349957140000,0,2402,1430,0,906,560
1728464349957982000,149,2734,1067,79,954,418
1728464349958825000,391,2912,733,169,972,277
1728464349959668000,674,2915,421,330,954,156
1728464349960511000,1007,2752,166,488,918,64
1728464349961353000,1335,2455,0,621,825,0
1728464349962195000,1623,1987,8,742,711,0
1728464349963037000,1878,1668,20,858,559,0
1728464349963879000,2348,1348,26,960,420,4
1728464349964721000,2465,1009,201,1034,303,109
1728464349965563000,2527,686,469,1070,194,238
1728464349966405000,2503,389,778,1092,98,386
1728464349967247000,2437,156,1108,1052,37,549
1728464349968089000,2309,9,1433,967,0,757
1728464349968924000,1847,0,1768,846,0,867
1728464349969766000,1562,2,2062,702,0,960
1728464349970608000,1263,26,2504,544,23,1035
1728464349971450000,967,205,2601,386,112,1057
1728464349972292000,618,560,2666,265,261,1103
1728464349973135000,357,813,2651,180,394,1100
1728464349973977000,117,1074,2586,71,530,1088
1728464349974819000,0,1415,2449,13,642,992
1728464349975661000,0,1696,1986,2,761,851
1728464349976502000,0,1973,1663,4,841,685
1728464349977344000,33,2496,1326,2,908,522
1728464349978186000,224,2792,961,101,962,369
1728464349979029000,490,2931,645,228,960,244
1728464349979872000,775,2877,357,395,938,132
1728464349980715000,1099,2675,101,529,904,41
1728464349981557000,1499,2319,0,664,778,0
1728464349982407000,1779,1856,2,817,665,2
1728464349983249000,2034,1565,0,967,511,1
1728464349984091000,2375,1253,66,984,389,23
1728464349984934000,2476,919,273,1045,272,138
1728464349985776000,2535,597,543,1075,169,273
1728464349986618000,2496,324,857,1090,76,434
1728464349987460000,2410,102,1196,1034,21,594
1728464349988302000,2192,20,1540,919,0,772
1728464349989144000,1760,5,1866,797,0,860
1728464349989986000,1472,0,2144,649,0,965
1728464349990828000,1167,66,2550,488,45,1054
1728464349991670000,832,305,2625,325,146,1093
1728464349992512000,540,520,2766,215,298,1147
1728464349993354000,278,855,2696,126,448,1135
1728464349994196000,55,1166,2568,52,562,1058
1728464349995038000,0,1484,2219,2,681,954
1728464349995896000,0,1780,1900,8,777,801
1728464349996738000,0,2038,1583,5,865,642
1728464349997580000,75,2606,1230,28,933,480
1728464349998423000,284,2858,864,122,962,330
1728464349999266000,558,2929,551,267,965,194
1728464350000109000,865,2839,274,432,929,98
1728464350000952000,1178,2624,53,581,881,8
1728464350001793000,1492,2179,0,738,789,0
1728464350002635000,1802,1888,0,856,650,0
1728464350003477000,2023,1542,0,924,498,0
1728464350004319000,2407,1157,96,997,363,53
1728464350005161000,2503,834,331,1057,244,162
1728464350006003000,2528,516,612,1092,146,312
1728464350006845000,2477,261,934,1077,64,472
1728464350007687000,2368,52,1282,1013,2,636
1728464350008529000,1984,0,1618,902,0,780
1728464350009374000,1767,0,1936,770,0,890
1728464350010216000,1447,0,2187,625,0,992
1728464350011058000,1212,98,2574,455,42,1080
1728464350011900000,875,338,2690,321,164,1120
1728464350012742000,532,609,2670,218,297,1131
1728464350013584000,210,930,2627,114,453,1115
1728464350014426000,16,1263,2522,32,591,1033
1728464350015268000,0,1553,2109,0,706,913
1728464350016110000,0,1849,1818,0,808,761
1728464350016952000,0,2136,1505,0,880,595
1728464350017794000,110,2674,1155,68,920,450
1728464350018637000,343,2895,810,158,956,305
1728464350019480000,608,2930,495,302,962,178
1728464350020323000,939,2785,216,450,927,78
1728464350021165000,1265,2545,25,601,860,0
1728464350022006000,1556,2046,18,724,736,0
1728464350022851000,1849,1773,18,839,593,0
1728464350023693000,2295,1414,0,939,468,1
1728464350024535000,2431,1075,158,1028,325,73
1728464350025377000,2511,743,402,1074,215,200
1728464350026219000,2521,453,692,1093,117,357
1728464350027062000,2472,194,1020,1067,58,516
1728464350027904000,2333,20,1347,989,0,751
1728464350028746000,1902,8,1690,872,0,858
1728464350029588000,1621,4,1993,727,0,960
1728464350030430000,1320,0,2446,570,15,1054
1728464350031272000,1013,161,2544,413,106,1149
1728464350032114000,730,421,2647,274,224,1167
1728464350032957000,439,700,2650,157,338,1100
1728464350033800000,156,1013,2604,87,497,1101
1728464350034642000,0,1325,2487,26,619,1011
1728464350035483000,0,1632,2048,0,725,885
1728464350036332000,0,1918,1746,5,832,724
1728464350037173000,0,2422,1419,1,901,562
1728464350038015000,181,2752,1050,82,952,397
1728464350038858000,415,2904,714,192,966,261
1728464350039701000,716,2912,402,346,960,154
1728464350040544000,1030,2734,142,498,910,64
1728464350041386000,1358,2392,0,641,773,0
1728464350042228000,1640,1897,2,750,640,0
1728464350043070000,1911,1614,0,856,506,0
1728464350043912000,2356,1327,17,963,431,14
1728464350044754000,2463,994,215,1032,293,110
1728464350045596000,2513,666,480,1073,186,237
1728464350046438000,2508,383,770,1080,106,401
1728464350047280000,2441,153,1109,1051,41,555
1728464350048122000,2265,0,1468,1000,0,711
1728464350048964000,1809,0,1792,868,0,839
1728464350049817000,1534,0,2088,715,0,947
1728464350050659000,1223,22,2524,535,29,1035
1728464350051501000,868,215,2611,343,116,1115
1728464350052343000,576,490,2673,228,245,1153
1728464350053185000,320,824,2663,136,393,1128
1728464350054027000,108,1092,2567,69,528,1077
1728464350054869000,0,1415,2436,15,651,976
1728464350055711000,0,1713,1951,1,764,837
1728464350056553000,0,1984,1644,5,844,674
1728464350057395000,34,2524,1311,17,912,516
1728464350058238000,218,2810,950,98,966,362
1728464350059081000,466,2927,617,224,973,221
1728464350059924000,793,2880,320,372,956,106
1728464350060767000,1129,2730,82,541,905,13
1728464350061609000,1423,2399,0,704,807,0
1728464350062451000,1695,1984,0,817,679,0
1728464350063301000,1986,1657,0,906,538,0
1728464350064143000,2380,1241,73,983,389,34
1728464350064985000,2481,905,285,1045,258,139
1728464350065827000,2517,591,561,1081,158,281
1728464350066669000,2496,321,864,1075,82,448
1728464350067511000,2408,102,1208,1030,11,600
1728464350068353000,2112,0,1564,937,0,745
1728464350069195000,1760,0,1870,798,0,866
1728464350070037000,1475,0,2160,654,0,970
1728464350070879000,1161,42,2555,489,14,1054
1728464350071721000,960,258,2647,352,120,1110
1728464350072563000,635,543,2708,224,269,1129
1728464350073406000,285,849,2631,132,433,1129
1728464350074248000,58,1176,2552,42,564,1058
1728464350075090000,0,1496,2202,10,681,944
1728464350075932000,0,1777,1880,1,789,795
1728464350076779000,0,2044,1566,0,870,640
1728464350077621000,66,2609,1220,36,929,463
1728464350078463000,295,2853,865,127,957,321
1728464350079306000,568,2933,542,271,965,194
1728464350080149000,873,2844,256,421,941,112
1728464350080992000,1186,2547,149,564,884,25
1728464350081834000,1492,2017,114,709,776,0
1728464350082676000,1790,1752,90,824,661,10
1728464350083518000,2032,1481,10,919,484,0
1728464350084360000,2409,1149,121,1008,353,53
1728464350085202000,2496,814,344,1059,234,172
1728464350086044000,2527,509,638,1084,144,312
1728464350086886000,2476,238,951,1074,58,476
1728464350087728000,2368,49,1290,1002,0,690
1728464350088570000,1945,2,1623,897,0,796
1728464350089412000,1678,0,1939,759,0,890
1728464350090258000,1392,4,2227,613,0,987
1728464350091100000,1134,157,2562,444,73,1018
1728464350091942000,732,442,2631,310,186,1088
1728464350092785000,485,700,2660,200,322,1102
1728464350093628000,196,943,2622,104,463,1114
1728464350094470000,9,1272,2516,18,593,1031
1728464350095312000,0,1577,2096,0,701,905
1728464350096154000,0,1862,1807,2,810,758
1728464350096996000,0,2295,1487,0,886,599
1728464350097838000,133,2721,1120,64,942,433
1728464350098681000,372,2887,767,177,953,295
1728464350099524000,650,2917,469,320,949,154
1728464350100367000,967,2780,194,469,928,76
1728464350101209000,1349,2468,0,677,823,29
1728464350102051000,1481,1964,0,821,716,5
1728464350102893000,1731,1694,0,928,587,14
1728464350103758000,2313,1397,0,944,458,0
1728464350104600000,2448,1056,173,1026,322,74
1728464350105443000,2511,725,410,1076,210,206
1728464350106285000,2519,433,713,1083,113,356
1728464350107127000,2442,186,1039,1062,42,522
1728464350107969000,2328,9,1386,974,0,681
1728464350108811000,1885,2,1720,861,0,807
1728464350109653000,1603,2,2030,724,0,929
1728464350110495000,1303,0,2492,568,16,1021
1728464350111337000,966,229,2604,388,86,1088
1728464350112179000,660,397,2767,266,238,1134
1728464350113022000,386,712,2698,157,388,1151
1728464350113864000,142,1036,2605,82,496,1089
1728464350114706000,0,1366,2482,21,628,1010
1728464350115548000,0,1652,2029,0,746,871
1728464350116390000,0,1938,1728,9,832,708
1728464350117219000,0,2452,1407,5,900,547
1728464350118061000,185,2759,1012,74,944,399
1728464350118904000,448,2929,705,210,981,252
1728464350119747000,725,2903,379,356,964,141
1728464350120590000,1036,2755,136,514,915,36
1728464350121432000,1378,2374,0,651,816,0
1728464350122272000,1668,1892,0,781,688,0
1728464350123114000,1938,1654,0,875,544,0
1728464350123955000,2357,1307,34,967,418,12
1728464350124797000,2470,960,221,1039,293,114
1728464350125639000,2525,645,485,1077,177,244
1728464350126481000,2504,362,799,1088,93,409
1728464350127323000,2421,133,1137,1039,18,576
1728464350128165000,2296,0,1474,955,18,710
1728464350129007000,1816,0,1806,832,25,846
1728464350129848000,1528,0,2093,677,9,949
1728464350130700000,1231,1,2515,530,70,1023
1728464350131542000,917,172,2611,370,53,1097
1728464350132385000,581,471,2682,232,204,1135
1728464350133227000,349,775,2657,141,383,1121
1728464350134069000,90,1109,2573,64,535,1076
1728464350134911000,0,1431,2421,12,656,965
1728464350135752000,0,1728,1954,3,767,826
1728464350136594000,0,1991,1640,0,846,672
1728464350137436000,44,2532,1303,26,901,505
1728464350138279000,221,2815,941,117,963,354
1728464350139122000,501,2933,606,224,967,210
1728464350139965000,800,2878,330,392,952,114
1728464350140808000,1094,2684,98,527,889,47
1728464350141650000,1439,2311,11,661,786,0
1728464350142492000,1713,1899,10,779,663,0
1728464350143334000,1984,1542,0,909,522,0
1728464350144181000,2387,1235,78,983,377,40
1728464350145024000,2488,888,287,1054,264,144
1728464350145867000,2528,576,551,1073,157,284
1728464350146709000,2487,309,885,1081,73,440
1728464350147551000,2394,85,1208,1033,11,663
1728464350148393000,2079,12,1545,924,0,803
1728464350149235000,1750,5,1863,791,0,912
1728464350150077000,1464,0,2149,645,0,992
1728464350150919000,1174,90,2523,474,64,1109
1728464350151761000,873,312,2625,329,148,1040
1728464350152603000,517,613,2656,210,292,1104
1728464350153445000,266,872,2648,122,414,1120
1728464350154287000,41,1190,2555,64,564,1054
1728464350155129000,0,1505,2199,2,690,940
1728464350155971000,0,1807,1880,1,779,798
1728464350156813000,0,2045,1575,0,870,633
1728464350157665000,98,2610,1210,37,939,458
1728464350158507000,302,2855,872,146,960,324
1728464350159350000,580,2934,542,287,950,207
1728464350160193000,899,2836,257,434,930,90
1728464350161035000,1302,2542,95,602,843,1
1728464350161877000,1624,2039,50,727,741,0
1728464350162719000,1879,1771,29,832,599,2
1728464350163561000,2050,1472,1,931,498,0
1728464350164403000,2424,1138,112,1011,359,64
1728464350165245000,2511,811,361,1064,242,174
1728464350166088000,2529,507,635,1090,141,340
1728464350166930000,2478,242,960,1074,64,486
1728464350167772000,2346,40,1303,1003,0,648
1728464350168614000,1934,8,1646,888,0,794
1728464350169456000,1665,10,1956,745,0,916
1728464350170298000,1370,0,2232,608,0,992
1728464350171147000,1028,125,2567,428,69,1105
1728464350171989000,717,404,2671,285,184,1122
1728464350172831000,426,663,2671,173,325,1141
1728464350173674000,197,952,2624,101,469,1107
1728464350174516000,3,1283,2511,34,601,1022
1728464350175358000,0,1580,2095,0,714,906
1728464350176200000,0,1872,1791,0,812,753
1728464350177042000,0,2338,1477,0,882,577
1728464350177884000,146,2701,1088,64,945,420
1728464350178727000,385,2912,777,171,969,296
1728464350179570000,661,2925,468,320,960,172
1728464350180413000,970,2777,181,474,929,68
1728464350181255000,1317,2540,0,661,866,0
1728464350182097000,1603,2055,0,788,753,0
1728464350182939000,1874,1778,0,874,590,0
1728464350183781000,2332,1383,2,960,452,0
1728464350184630000,2449,1033,170,1037,321,91
1728464350185472000,2521,719,426,1072,202,215
1728464350186314000,2511,426,725,1088,114,377
1728464350187156000,2453,176,1053,1055,42,541
1728464350187998000,2329,0,1397,985,0,685
1728464350188840000,1869,0,1735,862,0,824
1728464350189682000,1600,0,2028,709,0,931
1728464350190524000,1308,0,2483,562,0,1011
1728464350191366000,1091,164,2638,422,78,1090
1728464350192208000,761,422,2702,270,197,1139
1728464350193051000,350,728,2660,185,356,1137
1728464350193893000,135,1044,2591,77,507,1088
1728464350194735000,0,1380,2480,21,628,992
1728464350195577000,0,1675,2030,5,744,860
1728464350196419000,0,1943,1720,2,832,705
1728464350197261000,11,2464,1386,1,898,546
1728464350198109000,180,2788,1031,93,962,383
1728464350198952000,435,2929,681,200,973,260
1728464350199795000,736,2910,388,356,951,137
1728464350200638000,1057,2683,205,506,943,65
1728464350201480000,1365,2345,60,649,849,5
1728464350202322000,1642,1920,77,772,722,0
1728464350203164000,1940,1612,0,882,557,0
1728464350204006000,2363,1291,37,975,402,16
1728464350204848000,2467,952,242,1047,287,111
1728464350205691000,2522,636,506,1072,178,258
1728464350206533000,2500,357,810,1081,89,404
1728464350207375000,2432,128,1124,1040,28,555
1728464350208217000,2275,8,1486,960,0,707
1728464350209059000,1809,8,1808,817,0,834
1728464350209901000,1523,0,2107,679,0,944
1728464350210743000,1248,47,2515,502,34,1002
1728464350211600000,855,359,2620,369,141,1075
1728464350212442000,601,583,2663,250,274,1103
1728464350213285000,309,807,2649,134,389,1127
1728464350214127000,92,1126,2568,64,540,1070
1728464350214969000,0,1454,2383,8,660,975
1728464350215811000,0,1749,1941,0,767,823
1728464350216653000,0,2018,1630,5,852,665
1728464350217495000,64,2558,1272,29,927,514
1728464350218337000,261,2827,934,122,932,346
1728464350219180000,526,2930,604,256,970,226
1728464350220023000,821,2859,314,404,938,109
1728464350220866000,1058,2606,53,628,874,58
1728464350221708000,1367,2188,1,756,765,30
1728464350222550000,1641,1797,2,864,644,36
1728464350223392000,1996,1521,1,917,517,0
1728464350224234000,2400,1202,77,994,381,41
1728464350225072000,2485,871,302,1052,256,148
1728464350225914000,2528,561,584,1080,158,297
1728464350226756000,2491,290,897,1081,66,454
1728464350227598000,2378,71,1231,1010,6,606
1728464350228439000,2054,5,1578,918,0,763
1728464350229281000,1728,5,1904,782,0,886
1728464350230123000,1432,2,2177,640,0,971
1728464350230965000,1120,153,2563,458,69,1066
1728464350231807000,796,314,2674,306,170,1128
1728464350232649000,480,586,2739,202,335,1156
1728464350233491000,235,898,2638,109,432,1115
1728464350234333000,38,1235,2541,36,578,1037
1728464350235175000,0,1528,2156,0,704,930
1728464350236016000,0,1827,1863,5,795,792
1728464350236858000,0,2078,1555,0,864,616
1728464350237700000,101,2655,1182,50,939,457
1728464350238555000,341,2882,818,148,974,305
1728464350239398000,591,2933,522,303,968,181
1728464350240241000,907,2815,239,448,934,89
1728464350241083000,1249,2567,26,593,940,0
1728464350241924000,1567,2055,0,725,815,0
1728464350242766000,1826,1626,0,834,696,0
1728464350243608000,2072,1449,5,938,476,0
1728464350244450000,2428,1107,134,1022,346,75
1728464350245292000,2518,779,368,1058,229,192
1728464350246134000,2513,469,661,1091,133,333
1728464350246977000,2467,216,985,1066,55,500
1728464350247819000,2417,30,1328,997,0,663
1728464350248661000,2016,0,1670,882,0,798
1728464350249503000,1714,0,1971,746,0,910
1728464350250345000,1416,0,2308,598,0,1000
1728464350251187000,1100,136,2567,434,72,1089
1728464350252042000,644,381,2642,342,197,1178
1728464350252885000,404,661,2679,199,329,1144
1728464350253728000,178,983,2624,87,474,1101
1728464350254570000,1,1325,2503,23,613,1023
1728464350255412000,0,1607,2079,5,727,893
1728464350256254000,0,1895,1781,5,815,743
1728464350257096000,0,2393,1472,0,880,570
1728464350257938000,138,2734,1102,56,948,422
1728464350258781000,395,2916,757,183,979,284
1728464350259624000,660,2922,454,325,963,163
1728464350260467000,988,2737,122,481,937,125
1728464350261309000,1338,2446,0,636,862,34
1728464350262151000,1650,1954,0,760,736,0
1728464350262993000,1881,1663,0,869,590,5
1728464350263834000,2334,1358,13,960,434,0
1728464350264676000,2449,1013,189,1031,314,98
1728464350265520000,2528,692,437,1069,205,229
1728464350266362000,2510,405,738,1090,109,372
1728464350267204000,2438,221,1051,1050,38,525
1728464350268046000,2319,59,1406,972,0,685
1728464350268888000,1864,58,1741,849,0,814
1728464350269729000,1586,43,2043,714,0,932
1728464350270571000,1294,87,2500,569,29,999
1728464350271413000,972,250,2599,378,122,1080
1728464350272256000,649,381,2663,257,305,1122
1728464350273098000,359,750,2664,158,358,1130
1728464350273941000,124,1063,2591,75,509,1088
1728464350274783000,0,1407,2463,9,639,996
1728464350275624000,0,1691,2016,0,744,866
1728464350276466000,0,1973,1695,2,832,695
1728464350277307000,22,2480,1358,17,910,521
1728464350278149000,220,2784,1000,100,942,379
1728464350278999000,459,2923,691,226,960,242
1728464350279842000,752,2904,377,370,950,139
1728464350280685000,1130,2649,112,553,885,50
1728464350281526000,1427,2329,0,746,799,0
1728464350282368000,1690,1866,0,858,682,0
1728464350283209000,1961,1595,0,898,556,0
1728464350284051000,2364,1277,46,986,404,29
1728464350284893000,2480,942,245,1040,288,128
1728464350285735000,2531,634,509,1078,178,258
1728464350286577000,2502,331,814,1092,90,418
1728464350287419000,2408,114,1152,1020,20,598
1728464350288261000,2243,13,1514,936,0,730
1728464350289103000,1780,5,1825,807,0,865
1728464350289945000,1504,0,2125,661,0,963
1728464350290787000,1176,78,2535,484,32,1063
1728464350291629000,841,299,2639,345,139,1110
1728464350292473000,553,525,2719,204,254,1133
1728464350293316000,289,816,2654,133,409,1122
1728464350294158000,78,1147,2559,64,551,1065
1728464350295000000,0,1470,2358,6,658,951
1728464350295842000,0,1762,1935,5,770,820
1728464350296684000,0,2030,1620,0,865,658
1728464350297526000,66,2579,1258,26,912,494
1728464350298369000,277,2845,923,126,968,344
1728464350299212000,535,2951,576,257,971,207
1728464350300055000,847,2880,272,417,954,92
1728464350300897000,1182,2648,64,545,954,8
1728464350301739000,1477,2165,2,677,858,0
1728464350302581000,1765,1717,0,799,725,0
1728464350303423000,2016,1504,0,911,510,0
1728464350304265000,2404,1193,93,1005,372,43
1728464350305108000,2496,853,320,1055,250,158
1728464350305961000,2525,553,594,1088,146,304
1728464350306803000,2487,271,909,1079,81,462
1728464350307645000,2471,64,1253,1023,0,625
1728464350308487000,2079,8,1603,917,0,766
1728464350309329000,1776,0,1917,781,0,893
1728464350310171000,1496,0,2178,634,0,986
1728464350311013000,1195,93,2596,477,34,1077
1728464350311855000,850,306,2639,335,153,1124
1728464350312697000,437,596,2676,220,297,1147
1728464350313540000,231,908,2631,114,454,1116
1728464350314382000,30,1237,2529,43,583,1045
1728464350315224000,0,1537,2140,0,694,924
1728464350316066000,0,1839,1848,8,798,782
1728464350316908000,0,2079,1532,2,885,610
1728464350317750000,111,2645,1165,43,927,461
1728464350318593000,320,2886,834,138,960,320
1728464350319452000,608,2944,511,296,965,194
1728464350320295000,907,2815,277,448,960,81
1728464350321137000,1237,2513,0,598,844,96
1728464350321979000,1543,2005,0,725,722,69
1728464350322821000,1817,1732,0,847,612,2
1728464350323663000,2119,1428,0,946,480,0
1728464350324505000,2434,1102,148,1026,333,72
1728464350325347000,2505,767,395,1065,224,192
1728464350326189000,2520,471,672,1090,132,356
1728464350327032000,2465,216,997,1065,64,480
1728464350327874000,2346,109,1332,998,0,648
1728464350328716000,1920,92,1680,874,0,787
1728464350329558000,1642,42,1987,744,0,900
1728464350330400000,1314,82,2447,602,18,962
1728464350331242000,1032,244,2579,448,107,1063
1728464350332084000,738,438,2655,274,247,1100
1728464350332925000,413,681,2663,173,341,1139
1728464350333767000,180,1000,2608,98,485,1096
1728464350334609000,0,1327,2496,23,613,1015
1728464350335451000,0,1625,2061,0,730,889
1728464350336293000,0,1914,1768,2,814,736
1728464350337135000,0,2400,1422,0,858,562
1728464350337977000,166,2744,1066,74,952,402
1728464350338820000,404,2905,751,197,964,267
1728464350339663000,674,2928,409,335,962,170
1728464350340506000,960,2731,182,548,918,46
1728464350341348000,1280,2407,9,677,821,0
1728464350342190000,1552,1917,14,698,698,0
1728464350343032000,1900,1651,0,872,576,0
1728464350343874000,2337,1336,10,961,437,10
1728464350344716000,2456,1002,196,1034,306,105
1728464350345558000,2515,681,458,1072,194,224
1728464350346407000,2512,380,745,1093,109,384
1728464350347249000,2439,146,1132,1047,32,546
1728464350348091000,2299,0,1497,966,0,709
1728464350348933000,1846,5,1833,840,0,838
1728464350349775000,1569,0,2128,704,0,935
1728464350350617000,1244,29,2554,528,66,1048
1728464350351459000,932,247,2642,369,122,1138
1728464350352302000,624,455,2594,246,241,1212
1728464350353145000,348,757,2660,151,382,1129
1728464350353987000,121,1088,2585,71,525,1084
1728464350354829000,0,1415,2453,13,645,992
1728464350355671000,0,1704,1978,8,756,850
1728464350356513000,0,1984,1674,0,842,700
1728464350357355000,34,2511,1335,21,910,526
1728464350358198000,210,2800,967,114,965,373
1728464350359041000,482,2931,649,229,965,234
1728464350359895000,759,2882,338,389,972,129
1728464350360738000,1110,2639,101,537,832,30
1728464350361580000,1421,2286,5,674,744,0
1728464350362422000,1692,1821,0,782,630,0
1728464350363264000,1967,1570,0,904,535,0
1728464350364106000,2373,1252,64,983,397,34
1728464350364948000,2476,914,258,1041,274,133
1728464350365790000,2520,605,544,1084,170,261
1728464350366632000,2497,315,843,1089,87,428
1728464350367474000,2392,100,1184,1068,16,590
1728464350368316000,2190,17,1536,967,0,742
1728464350369158000,1792,0,1863,856,0,862
1728464350369999000,1437,0,2145,696,0,975
1728464350370841000,1065,66,2523,568,32,1083
1728464350371683000,766,250,2651,389,150,1160
1728464350372526000,523,538,2674,221,269,1137
1728464350373373000,278,847,2653,129,423,1117
1728464350374215000,66,1183,2549,46,559,1061
1728464350375057000,0,1484,2242,10,670,950
1728464350375899000,0,1779,1907,15,782,810
1728464350376741000,0,2035,1590,0,866,644
1728464350377583000,72,2608,1241,25,921,485
1728464350378426000,285,2832,897,139,976,345
1728464350379269000,548,2944,565,266,964,215
1728464350380112000,839,2844,234,409,944,169
1728464350380955000,1164,2589,0,568,900,98
1728464350381796000,1490,2082,0,700,784,64
1728464350382638000,1769,1799,0,837,645,17
1728464350383479000,2025,1498,1,925,501,0
1728464350384321000,2411,1180,114,998,357,64
1728464350385163000,2499,844,341,1059,249,158
1728464350386006000,2528,530,610,1094,151,306
1728464350386852000,2489,301,939,1076,59,461
1728464350387694000,2380,100,1276,1017,7,637
1728464350388536000,1974,43,1620,902,0,767
1728464350389378000,1712,29,1934,782,46,874
1728464350390220000,1413,0,2191,608,77,975
1728464350391062000,1071,42,2570,444,149,1071
1728464350391904000,759,279,2648,341,239,1111
1728464350392747000,476,608,2671,201,314,1139
1728464350393590000,215,925,2631,105,461,1108
1728464350394432000,23,1258,2520,36,597,1050
1728464350395274000,0,1554,2118,0,712,922
1728464350396116000,0,1847,1825,5,797,767
1728464350396958000,0,2112,1527,0,873,608
1728464350397800000,122,2684,1144,52,948,449
1728464350398643000,345,2895,797,172,975,297
1728464350399486000,616,2938,485,308,970,184
1728464350400336000,906,2803,222,425,922,94
1728464350401178000,1241,2540,42,599,853,2
1728464350402020000,1536,2044,32,719,750,4
1728464350402862000,1844,1727,4,860,616,0
1728464350403704000,2264,1419,0,946,466,0
1728464350404546000,2439,1088,160,1017,327,89
1728464350405388000,2513,757,397,1071,224,192
1728464350406230000,2521,453,679,1093,130,344
1728464350407072000,2455,207,1049,1060,41,565
1728464350407914000,2334,25,1356,992,0,746
1728464350408756000,1908,2,1687,874,0,870
1728464350409598000,1638,4,1995,741,0,947
1728464350410440000,1324,0,2435,569,25,1088
1728464350411282000,1021,176,2560,407,122,1152
1728464350412125000,761,420,2639,284,220,1050
1728464350412967000,404,693,2668,175,350,1135
1728464350413816000,165,1011,2611,85,481,1103
1728464350414658000,0,1344,2496,21,622,1018
1728464350415500000,0,1633,2045,2,743,885
1728464350416342000,0,1913,1749,0,820,729
1728464350417183000,0,2425,1420,1,899,545
1728464350418025000,178,2743,1063,87,953,407
1728464350418868000,418,2906,720,201,972,260
1728464350419711000,706,2919,407,351,962,153
1728464350420554000,1123,2720,171,512,871,53
1728464350421396000,1456,2397,37,665,789,0
1728464350422238000,1656,1884,0,775,662,0
1728464350423079000,1911,1640,0,873,569,0
1728464350423921000,2343,1336,25,961,421,11
1728464350424763000,2462,988,205,1037,298,102
1728464350425606000,2521,665,465,1072,192,238
1728464350426448000,2510,381,771,1088,102,394
1728464350427302000,2412,151,1106,1075,43,577
1728464350428144000,2287,0,1457,995,0,706
1728464350428986000,1820,0,1788,871,0,834
1728464350429828000,1524,2,2086,714,0,952
1728464350430670000,1191,37,2524,501,18,1013
1728464350431512000,869,213,2607,345,121,1105
1728464350432354000,578,473,2676,226,244,1137
1728464350433197000,330,788,2657,149,388,1138
1728464350434039000,106,1095,2582,68,530,1080
1728464350434880000,0,1427,2446,8,648,983
1728464350435722000,0,1723,1976,5,764,832
1728464350436564000,0,1994,1659,0,858,684
1728464350437406000,31,2535,1335,10,916,521
1728464350438249000,234,2820,977,116,961,357
1728464350439092000,496,2924,610,233,981,231
1728464350439935000,792,2883,296,378,960,173
1728464350440778000,1150,2652,74,543,882,0
1728464350441620000,1482,2288,0,674,794,0
1728464350442462000,1712,1846,0,804,677,0
1728464350443304000,1980,1552,1,905,540,0
1728464350444146000,2376,1237,58,988,393,37
1728464350444988000,2481,901,289,1052,273,133
1728464350445831000,2528,594,542,1084,179,282
1728464350446673000,2511,325,852,1082,98,429
1728464350447515000,2397,71,1199,1038,74,595
1728464350448357000,2134,0,1549,930,40,744
1728464350449199000,1767,0,1868,804,10,866
1728464350450041000,1472,0,2168,631,71,960
1728464350450883000,1140,0,2544,484,117,1048
1728464350451725000,832,218,2630,357,197,1095
1728464350452568000,532,554,2680,221,284,1142
1728464350453410000,277,860,2642,114,430,1127
1728464350454260000,54,1193,2555,53,565,1054
1728464350455102000,0,1491,2210,9,687,946
1728464350455944000,0,1794,1888,0,782,814
1728464350456786000,0,2059,1600,1,879,635
1728464350457628000,82,2602,1236,50,922,480
1728464350458471000,296,2866,882,143,967,341
1728464350459314000,546,2948,548,274,976,212
1728464350460157000,837,2832,244,373,943,93
1728464350461000000,1156,2576,64,565,866,41
1728464350461842000,1448,2066,18,697,754,18
1728464350462684000,1768,1780,1,826,637,2
1728464350463526000,2029,1479,0,924,495,0
1728464350464368000,2411,1142,116,1022,348,58
1728464350465210000,2501,811,347,1053,234,170
1728464350466052000,2521,514,630,1090,146,322
1728464350466894000,2471,250,997,1063,74,486
1728464350467753000,2362,53,1314,1014,0,683
1728464350468595000,1953,0,1657,903,0,839
1728464350469437000,1697,9,1937,763,0,949
1728464350470279000,1404,0,2125,613,0,1067
1728464350471121000,1070,106,2524,448,89,1152
1728464350471963000,770,357,2636,293,214,1179
1728464350472805000,458,642,2674,192,321,1136
1728464350473648000,213,952,2620,98,479,1114
1728464350474490000,17,1277,2512,36,588,1031
1728464350475332000,0,1569,2112,0,713,913
1728464350476174000,0,1876,1806,0,811,772
1728464350477016000,0,2291,1479,1,887,580
1728464350477858000,133,2700,1131,71,942,431
1728464350478701000,367,2848,780,170,979,298
1728464350479544000,632,2943,466,311,969,181
1728464350480387000,1009,2777,199,466,893,82
1728464350481225000,1262,2462,20,625,799,0
1728464350482066000,1570,1948,1,743,693,0
1728464350482908000,1856,1703,0,855,599,0
1728464350483750000,2309,1400,0,941,450,0
1728464350484592000,2438,1067,173,1028,320,78
1728464350485434000,2513,741,410,1063,224,207
1728464350486276000,2528,448,709,1092,116,357
1728464350487118000,2428,182,1044,1111,42,529
1728464350487960000,2305,13,1393,1004,0,682
1728464350488802000,1871,2,1719,888,0,808
1728464350489644000,1596,0,2040,752,0,928
1728464350490486000,1249,0,2514,604,21,1043
1728464350491328000,919,165,2624,450,89,1094
1728464350492170000,637,405,2670,246,220,1130
1728464350493013000,399,709,2663,160,356,1141
1728464350493856000,146,1021,2603,82,501,1098
1728464350494707000,0,1358,2477,21,637,1006
1728464350495549000,0,1645,2029,5,736,876
1728464350496391000,0,1939,1738,1,832,719
1728464350497232000,0,2451,1399,0,906,560
1728464350498074000,189,2752,1044,77,969,399
1728464350498917000,430,2920,701,217,975,262
1728464350499760000,712,2912,341,340,960,215
1728464350500603000,1058,2732,103,512,917,94
1728464350501445000,1407,2385,0,649,823,0
1728464350502287000,1648,1912,0,769,698,0
1728464350503129000,1919,1635,14,881,565,0
1728464350503971000,2344,1321,37,970,418,28
1728464350504813000,2475,974,228,1037,301,117
1728464350505656000,2520,658,486,1088,188,235
1728464350506498000,2506,399,794,1080,106,392
1728464350507340000,2431,205,1116,1049,26,549
1728464350508234000,2301,9,1469,963,51,706
1728464350509076000,1826,8,1794,842,26,842
1728464350509918000,1569,0,2099,669,58,935
1728464350510760000,1245,0,2513,517,116,1018
1728464350511602000,898,170,2618,370,213,1094
1728464350512444000,597,490,2673,253,247,1131
1728464350513287000,326,786,2662,146,397,1129
1728464350514129000,97,1116,2577,64,530,1085
1728464350514971000,0,1438,2433,13,666,967
1728464350515813000,0,1728,1960,9,765,842
1728464350516655000,0,1987,1665,0,837,671
1728464350517497000,53,2528,1317,31,906,501
1728464350518340000,256,2800,960,118,961,360
1728464350519183000,487,2944,617,245,970,237
1728464350520026000,749,2869,357,402,946,107
1728464350520868000,1088,2643,87,520,885,58
1728464350521733000,1411,2266,5,658,798,5
1728464350522575000,1724,1840,0,813,669,0
1728464350523417000,1998,1548,5,900,522,0
1728464350524259000,2382,1235,78,992,386,37
1728464350525101000,2498,893,282,1048,277,143
1728464350525943000,2531,581,555,1093,160,281
1728464350526785000,2496,299,954,1074,79,448
1728464350527627000,2387,98,1254,1022,9,618
1728464350528469000,2094,13,1554,928,0,803
1728464350529311000,1762,2,1866,806,0,918
1728464350530153000,1454,0,2027,632,0,1067
1728464350530995000,1144,78,2488,476,64,1136
1728464350531837000,837,291,2604,331,192,1169
1728464350532680000,517,564,2668,218,277,1136
1728464350533522000,250,871,2654,119,434,1123
1728464350534364000,49,1205,2549,42,554,1061
1728464350535153000,0,1514,2194,8,698,938
1728464350535995000,0,1810,1892,9,787,802
1728464350536837000,0,2060,1564,0,878,633
1728464350537679000,98,2638,1204,56,928,453
1728464350538521000,321,2856,856,154,971,320
1728464350539364000,577,2933,530,289,969,199
1728464350540207000,866,2789,264,426,887,79
1728464350541050000,1309,2536,94,602,832,5
1728464350541892000,1605,2033,30,737,736,0
1728464350542734000,1802,1761,0,843,635,0
1728464350543576000,2041,1468,0,925,489,0
1728464350544418000,2424,1131,122,1013,352,64
1728464350545260000,2512,794,349,1067,249,176
1728464350546102000,2528,498,640,1095,137,320
1728464350546945000,2447,234,974,1060,53,489
1728464350547787000,2341,46,1301,993,0,654
1728464350548637000,1939,5,1649,893,0,788
1728464350549479000,1656,0,1957,728,0,901
1728464350550321000,1330,0,2189,541,0,975
1728464350551163000,992,132,2559,407,74,1083
1728464350552005000,714,359,2658,282,192,1130
1728464350552848000,448,648,2676,183,314,1140
1728464350553691000,192,968,2624,96,463,1108
1728464350554533000,5,1299,2511,23,601,1030
1728464350555375000,0,1592,2096,0,712,909
1728464350556217000,0,1884,1808,1,802,747
1728464350557059000,0,2353,1487,0,885,587
1728464350557901000,110,2712,1131,54,952,431
1728464350558744000,368,2901,756,171,977,289
1728464350559587000,663,2936,448,322,963,114
1728464350560430000,946,2865,186,493,930,32
1728464350561272000,1277,2541,0,658,863,0
1728464350562109000,1595,2006,2,761,738,0
1728464350562951000,1857,1691,8,866,597,0
1728464350563793000,2316,1372,0,960,454,4
1728464350564635000,2449,1040,170,1029,320,85
1728464350565477000,2513,705,419,1074,212,213
1728464350566319000,2512,420,718,1084,130,370
1728464350567162000,2440,169,1044,1056,69,521
1728464350568004000,2329,0,1385,983,0,684
1728464350568846000,1893,0,1728,857,0,815
1728464350569688000,1615,0,2032,705,0,916
1728464350570530000,1295,0,2480,547,0,1008
1728464350571372000,992,165,2610,400,64,1091
1728464350572214000,658,438,2666,267,218,1126
1728464350573057000,373,730,2661,158,362,1135
1728464350573899000,138,1052,2602,82,505,1082
1728464350574741000,0,1376,2477,20,634,998
1728464350575603000,0,1673,2027,8,743,874
1728464350576444000,0,1952,1736,0,832,702
1728464350577286000,18,2467,1408,18,898,521
1728464350578128000,193,2764,1039,101,960,392
1728464350578971000,421,2915,700,205,975,272
1728464350579814000,687,2890,389,320,948,136
1728464350580657000,1019,2752,150,491,898,58
1728464350581499000,1345,2413,4,644,816,0
1728464350582341000,1666,1896,0,786,706,0
1728464350583183000,1942,1614,0,882,562,0
1728464350584025000,2355,1301,38,980,418,18
1728464350584867000,2474,954,228,1043,293,117
1728464350585709000,2527,651,484,1081,181,251
1728464350586551000,2500,353,839,1080,101,417
1728464350587393000,2415,130,1115,1036,23,647
1728464350588235000,2284,0,1474,952,0,776
1728464350589077000,1805,6,1796,816,0,880
1728464350589919000,1529,0,2032,663,13,1010
1728464350590761000,1198,40,2467,514,53,1094
1728464350591603000,938,254,2608,362,138,1016
1728464350592446000,580,505,2677,233,247,1151
1728464350593289000,309,796,2661,137,404,1125
1728464350594131000,85,1121,2566,66,540,1071
1728464350594973000,0,1451,2424,9,656,961
1728464350595815000,0,1743,1963,5,761,841
1728464350596657000,0,2011,1648,0,858,661
1728464350597499000,64,2542,1290,19,912,494
1728464350598342000,250,2813,935,126,965,341
1728464350599185000,517,2955,599,242,975,239
1728464350600028000,909,2853,341,417,921,105
1728464350600870000,1226,2599,117,569,852,26
1728464350601712000,1535,2226,66,708,758,0
1728464350602560000,1735,1839,9,813,666,2
1728464350603402000,2004,1535,0,909,527,0
1728464350604244000,2395,1210,82,995,373,37
1728464350605086000,2488,868,308,1054,261,151
1728464350605929000,2524,569,567,1076,154,295
1728464350606771000,2483,294,892,1063,76,450
1728464350607613000,2380,74,1220,1019,10,615
1728464350608455000,2052,11,1584,914,0,758
1728464350609297000,1738,18,1910,794,0,888
1728464350610139000,1431,49,2188,618,0,975
1728464350610981000,1088,78,2544,442,50,1071
1728464350611822000,754,321,2652,314,162,1122
1728464350612665000,506,578,2671,206,297,1141
1728464350613507000,249,885,2633,117,434,1111
1728464350614349000,37,1208,2542,50,576,1048
1728464350615191000,0,1521,2156,0,693,933
1728464350616047000,0,1822,1864,2,786,787
1728464350616889000,0,2063,1563,0,874,624
1728464350617731000,101,2643,1194,48,939,464
1728464350618574000,303,2877,833,138,961,314
1728464350619417000,593,2950,482,276,978,234
1728464350620260000,933,2828,220,440,921,28
1728464350621102000,1218,2631,29,629,887,0
1728464350621944000,1515,2096,0,719,757,0
1728464350622786000,1812,1756,5,836,613,0
1728464350623628000,2056,1442,2,938,480,0
1728464350624470000,2424,1122,129,1010,347,68
1728464350625312000,2510,787,366,1059,226,181
1728464350626155000,2528,480,649,1090,146,335
1728464350626997000,2462,215,976,1068,85,489
1728464350627839000,2350,31,1323,1006,0,651
1728464350628681000,1936,0,1653,892,0,788
1728464350629519000,1683,0,1968,744,0,901
1728464350630361000,1367,0,2274,586,0,984
1728464350631203000,1021,106,2573,431,34,1074
1728464350632045000,731,378,2660,293,188,1125
1728464350632887000,427,660,2678,180,338,1136
1728464350633729000,185,978,2619,92,472,1103
1728464350634571000,0,1311,2509,25,610,1012
1728464350635413000,0,1608,2082,4,719,904
1728464350636255000,0,1911,1793,0,811,753
1728464350637096000,0,2385,1456,0,887,583
1728464350637938000,154,2703,1102,79,962,425
1728464350638780000,378,2920,759,165,960,286
1728464350639623000,638,2944,466,309,960,184
1728464350640466000,963,2794,199,469,927,66
1728464350641308000,1281,2437,11,624,836,0
1728464350642150000,1594,1948,8,756,728,0
1728464350643000000,1876,1669,4,868,587,0
1728464350643842000,2327,1367,1,949,439,14
1728464350644684000,2456,1022,183,1031,322,100
1728464350645526000,2520,704,429,1080,207,218
1728464350646368000,2511,410,778,1088,113,365
1728464350647210000,2441,155,1049,1055,41,589
1728464350648052000,2324,2,1398,966,0,765
1728464350648894000,1869,9,1743,866,0,867
1728464350649736000,1603,0,1980,707,4,1002
1728464350650578000,1280,21,2442,538,34,1099
1728464350651420000,983,213,2586,389,136,1142
1728464350652262000,645,452,2672,269,229,1138
1728464350653105000,365,743,2673,154,353,1125
1728464350653947000,133,1062,2591,78,512,1098
1728464350654789000,0,1394,2473,6,637,995
1728464350655631000,0,1685,2017,5,732,861
1728464350656486000,0,1956,1703,9,832,689
1728464350657328000,23,2482,1379,18,906,538
1728464350658170000,210,2786,1012,96,960,382
1728464350659013000,451,2935,669,226,975,252
1728464350659856000,770,2880,379,369,890,122
1728464350660699000,1181,2673,148,541,873,50
1728464350661541000,1501,2310,11,682,792,0
1728464350662383000,1682,1883,5,794,686,0
1728464350663225000,1938,1584,6,894,549,0
1728464350664067000,2364,1281,33,975,418,31
1728464350664909000,2482,941,239,1042,282,117
1728464350665751000,2524,613,501,1083,180,257
1728464350666593000,2476,338,820,1118,79,417
1728464350667435000,2400,117,1143,1059,23,583
1728464350668277000,2255,15,1487,933,0,730
1728464350669119000,1792,5,1832,813,0,850
1728464350669966000,1466,0,2105,626,0,960
1728464350670808000,1160,52,2503,465,45,1056
1728464350671650000,847,276,2626,339,130,1133
1728464350672492000,555,516,2680,240,258,1136
1728464350673335000,296,828,2656,129,402,1130
1728464350674177000,81,1159,2567,60,543,1065
1728464350675019000,0,1462,2360,10,669,960
1728464350675861000,0,1764,1937,1,762,828
1728464350676703000,0,2035,1628,0,859,647
1728464350677545000,57,2581,1284,34,923,496
1728464350678387000,267,2844,911,121,960,349
1728464350679230000,517,2950,576,265,978,258
1728464350680073000,881,2872,277,406,933,43
1728464350680916000,1146,2719,85,594,898,0
1728464350681758000,1472,2208,10,705,793,0
1728464350682600000,1752,1818,4,816,652,0
1728464350683453000,2010,1515,5,918,517,0
1728464350684295000,2401,1192,84,999,378,56
1728464350685137000,2497,864,309,1047,254,162
1728464350685979000,2521,545,586,1088,154,297
1728464350686822000,2481,264,899,1072,85,461
1728464350687664000,2382,73,1238,1017,0,625
1728464350688506000,2028,5,1585,921,0,760
1728464350689348000,1731,0,1893,773,0,877
1728464350690190000,1423,0,2165,621,0,968
1728464350691032000,1181,71,2559,468,26,1057
1728464350691874000,806,320,2656,322,161,1126
1728464350692717000,485,586,2679,210,296,1138
1728464350693560000,234,895,2631,114,449,1115
1728464350694401000,37,1231,2534,31,576,1040
1728464350695243000,0,1535,2156,0,693,921
1728464350696084000,0,1810,1834,8,778,792
1728464350696930000,0,2076,1552,0,874,619
1728464350697772000,73,2653,1198,50,940,448
1728464350698615000,322,2872,842,158,963,304
1728464350699458000,569,2949,525,277,968,213
1728464350700301000,894,2844,249,436,937,69
1728464350701143000,1227,2503,128,586,850,0
1728464350701985000,1532,2008,14,736,756,0
1728464350702827000,1813,1733,0,849,615,0
1728464350703669000,2097,1440,0,927,469,0
1728464350704511000,2426,1112,142,1018,338,76
1728464350705353000,2508,773,370,1060,228,184
1728464350706196000,2517,480,644,1088,130,397
1728464350707038000,2465,215,980,1063,57,548
1728464350707880000,2347,37,1336,992,0,687
1728464350708722000,1923,5,1670,890,0,814
1728464350709564000,1705,10,1949,749,0,812
1728464350710410000,1408,6,2403,590,25,914
1728464350711252000,1080,170,2589,425,79,1018
1728464350712095000,709,375,2664,296,200,1128
1728464350712938000,415,668,2672,180,328,1129
1728464350713780000,170,986,2618,94,485,1100
1728464350714622000,0,1324,2489,20,616,1035
1728464350715464000,0,1615,2072,1,714,892
1728464350716306000,0,1874,1775,10,825,728
1728464350717148000,0,2356,1443,5,895,566
1728464350717990000,162,2723,1102,77,944,414
1728464350718833000,394,2924,733,186,971,278
1728464350719676000,783,2911,478,354,930,144
1728464350720519000,1068,2730,172,523,906,57
1728464350721361000,1244,2432,0,697,824,33
1728464350722203000,1614,1945,5,758,719,0
1728464350723045000,1893,1663,4,869,591,0
1728464350723909000,2336,1356,5,970,439,17
1728464350724751000,2457,1018,209,1027,307,102
1728464350725593000,2520,706,453,1078,200,233
1728464350726435000,2504,397,744,1110,116,382
1728464350727277000,2425,169,1088,1045,36,545
1728464350728119000,2305,0,1444,965,0,700
1728464350728961000,1850,14,1770,850,0,837
1728464350729803000,1559,27,2083,684,0,960
1728464350730645000,1231,50,2520,530,27,1062
1728464350731487000,919,258,2639,360,107,1107
1728464350732329000,626,470,2674,261,234,1134
1728464350733172000,360,757,2656,146,392,1128
1728464350734014000,117,1081,2583,79,521,1079
1728464350734856000,0,1407,2476,18,644,984
1728464350735698000,0,1708,1998,1,755,862
1728464350736540000,0,1976,1677,0,836,686
1728464350737377000,26,2507,1327,21,913,530
1728464350738219000,217,2784,970,98,962,382
1728464350739062000,463,2957,649,228,970,224
1728464350739905000,742,2980,335,402,988,92
1728464350740747000,1074,2755,117,576,914,5
1728464350741588000,1404,2377,17,689,805,0
1728464350742430000,1691,1871,1,798,687,1
1728464350743272000,1961,1570,0,899,541,0
1728464350744114000,2368,1266,58,981,400,28
1728464350744956000,2480,924,263,1042,279,135
1728464350745799000,2536,613,526,1088,180,265
1728464350746641000,2503,302,832,1088,126,418
1728464350747483000,2406,101,1169,1038,0,588
1728464350748325000,2216,5,1536,942,0,729
1728464350749167000,1787,0,1856,813,0,864
1728464350750009000,1496,0,2146,646,0,964
1728464350750856000,1200,55,2542,504,9,1038
1728464350751698000,866,273,2648,356,149,1120
1728464350752541000,554,535,2672,228,266,1135
1728464350753384000,293,834,2633,127,425,1116
1728464350754226000,74,1168,2558,53,556,1070
1728464350755068000,0,1484,2267,8,672,950
1728464350755910000,0,1772,1909,5,781,821
1728464350756752000,0,2043,1603,0,852,659
1728464350757594000,73,2600,1258,38,922,484
1728464350758437000,255,2850,896,123,970,342
1728464350759280000,533,2995,586,250,964,202
1728464350760123000,837,2831,370,409,958,114
1728464350760965000,1153,2615,132,576,897,20
1728464350761807000,1472,2103,21,705,770,0
1728464350762649000,1763,1792,0,832,645,0
1728464350763491000,2024,1504,0,918,501,0
1728464350764340000,2400,1180,109,1003,369,45
1728464350765182000,2499,841,333,1060,252,158
1728464350766025000,2524,532,592,1081,141,354
1728464350766867000,2496,260,910,1074,75,457
1728464350767709000,2376,69,1272,1010,0,623
1728464350768551000,1990,29,1623,917,0,754
1728464350769393000,1706,114,1914,802,5,848
1728464350770235000,1464,9,2169,613,0,930
1728464350771076000,1095,121,2560,453,64,1006
1728464350771918000,765,330,2662,320,174,1121
1728464350772760000,481,612,2673,192,307,1143
1728464350773603000,221,926,2627,109,460,1115
1728464350774445000,23,1257,2522,34,590,1042
1728464350775287000,0,1561,2128,0,697,924
1728464350776129000,0,1845,1823,6,802,754
1728464350776971000,0,2118,1506,0,887,604
1728464350777819000,118,2657,1157,54,928,448
1728464350778661000,333,2895,815,165,967,310
1728464350779504000,688,2930,502,299,940,181
1728464350780347000,848,2786,219,530,919,125
1728464350781189000,1192,2523,46,657,847,34
1728464350782031000,1551,2000,5,738,743,0
1728464350782872000,1834,1731,0,847,604,0
1728464350783714000,2160,1434,2,943,464,0
1728464350784556000,2423,1088,162,1013,322,75
1728464350785398000,2508,762,397,1069,220,186
1728464350786240000,2511,459,678,1070,123,352
1728464350787083000,2460,212,1019,1050,40,512
1728464350787925000,2329,30,1369,983,0,663
1728464350788766000,1906,0,1698,884,0,797
1728464350789608000,1600,4,2005,681,0,910
1728464350790449000,1289,4,2456,539,9,1007
1728464350791310000,960,154,2584,400,96,1096
1728464350792152000,696,394,2666,287,210,1128
1728464350792995000,402,682,2676,171,352,1135
1728464350793837000,159,1009,2608,80,487,1108
1728464350794679000,0,1339,2496,26,629,1006
1728464350795521000,0,1628,2038,17,736,888
1728464350796363000,0,1929,1761,0,828,737
1728464350797205000,0,2419,1420,0,893,561
1728464350798047000,165,2739,1066,85,964,408
1728464350798890000,412,2917,690,184,977,296
1728464350799733000,725,2927,383,335,944,87
1728464350800576000,1010,2806,134,521,922,26
1728464350801418000,1352,2467,0,650,834,0
1728464350802260000,1631,1925,1,783,712,0
1728464350803102000,1904,1650,10,873,570,0
1728464350803944000,2343,1345,21,960,420,18
1728464350804779000,2467,992,206,1035,307,102
1728464350805621000,2528,677,462,1076,192,234
1728464350806463000,2510,372,767,1088,139,392
1728464350807305000,2432,148,1091,1044,11,557
1728464350808147000,2307,0,1449,969,0,697
1728464350808989000,1840,0,1790,847,0,832
1728464350809831000,1549,0,2071,683,0,935
1728464350810673000,1239,13,2512,528,0,1020
1728464350811515000,933,210,2628,388,117,1103
1728464350812358000,618,466,2677,254,241,1139
1728464350813201000,336,773,2663,145,383,1122
1728464350814043000,111,1093,2575,64,527,1088
1728464350814885000,0,1416,2448,14,645,984
1728464350815727000,0,1707,1985,9,748,842
1728464350816569000,0,1968,1676,0,841,681
1728464350817411000,34,2504,1350,18,896,526
1728464350818262000,218,2806,979,102,962,372
1728464350819105000,452,2988,661,210,973,250
1728464350819948000,753,2864,445,366,964,130
1728464350820791000,1089,2703,173,526,925,58
1728464350821633000,1428,2309,10,679,801,0
1728464350822475000,1700,1856,1,805,676,0
1728464350823317000,1968,1569,0,895,538,0
1728464350824159000,2369,1253,64,983,386,29
1728464350825001000,2488,907,274,1050,282,122
1728464350825843000,2528,597,525,1079,164,306
1728464350826686000,2496,328,846,1075,85,411
1728464350827528000,2400,192,1176,1026,21,581
1728464350828370000,2177,64,1534,947,0,718
1728464350829212000,1791,4,1829,804,0,801
1728464350830053000,1461,111,2150,650,0,921
1728464350830895000,1140,186,2537,501,57,1019
1728464350831752000,845,286,2645,352,153,1117
1728464350832595000,540,554,2671,221,282,1141
1728464350833438000,272,866,2647,124,424,1120
1728464350834280000,64,1184,2550,50,559,1060
1728464350835122000,0,1494,2234,5,684,951
1728464350835963000,0,1769,1893,8,775,805
1728464350836805000,0,2036,1589,0,864,629
1728464350837647000,78,2599,1227,47,931,468
1728464350838490000,298,2855,883,138,946,330
1728464350839333000,656,2927,583,281,930,195
1728464350840176000,928,2827,284,421,914,98
1728464350841018000,1237,2551,48,580,845,13
1728464350841859000,1491,2073,5,711,779,0
1728464350842701000,1774,1784,0,825,636,0
1728464350843543000,2017,1487,0,919,491,0
1728464350844385000,2408,1146,105,1012,357,55
1728464350845227000,2509,817,333,1063,244,156
1728464350846070000,2500,511,617,1069,139,313
1728464350846912000,2471,253,944,1052,55,481
1728464350847754000,2360,57,1286,1004,0,633
1728464350848596000,1960,0,1625,903,0,769
1728464350849438000,1677,49,1958,741,0,882
1728464350850280000,1385,18,2205,597,0,967
1728464350851122000,1063,119,2649,437,76,1080
1728464350851964000,759,343,2656,312,180,1116
1728464350852807000,458,626,2680,194,320,1134
1728464350853650000,213,946,2632,98,462,1114
1728464350854492000,16,1274,2520,33,594,1023
1728464350855334000,0,1562,2106,0,714,910
1728464350856176000,0,1864,1808,0,804,767
1728464350857018000,0,2252,1504,0,880,594
1728464350857860000,133,2688,1141,64,943,417
1728464350858710000,361,2931,776,174,979,272
1728464350859553000,637,2988,463,334,970,153
1728464350860396000,941,2727,212,457,993,65
1728464350861238000,1274,2460,21,631,884,0
1728464350862080000,1571,1973,1,753,744,0
1728464350862922000,1848,1712,2,852,594,0
1728464350863764000,2291,1405,0,952,454,0
1728464350864606000,2435,1064,178,1027,329,76
1728464350865447000,2513,743,402,1067,221,217
1728464350866289000,2522,433,704,1088,128,347
1728464350867131000,2481,181,1031,1068,26,514
1728464350867973000,2371,13,1390,982,0,674
1728464350868815000,1997,0,1733,873,0,799
1728464350869657000,1737,0,2069,740,0,923
1728464350870499000,1418,0,2517,581,0,1002
1728464350871341000,1029,177,2608,412,93,1080
1728464350872189000,680,418,2659,277,224,1136
1728464350873032000,402,709,2665,162,356,1127
1728464350873875000,156,1022,2603,93,501,1088
1728464350874717000,0,1358,2498,13,626,1014
1728464350875559000,0,1655,2038,0,744,887
1728464350876401000,0,1938,1735,0,832,711
1728464350877243000,0,2432,1393,5,903,543
1728464350878085000,165,2752,1052,79,931,404
1728464350878928000,395,2963,719,185,970,258
1728464350879771000,706,2895,486,338,980,158
1728464350880614000,1012,2740,165,514,901,167
1728464350881456000,1359,2400,0,645,824,0
1728464350882298000,1647,1921,0,776,696,0
1728464350883139000,1912,1626,4,881,564,0
1728464350883981000,2346,1315,26,972,417,18
1728464350884823000,2469,981,224,1037,293,105
1728464350885674000,2515,666,462,1075,189,300
1728464350886516000,2508,376,772,1074,96,448
1728464350887358000,2423,148,1117,1047,27,554
1728464350888200000,2294,0,1459,961,0,689
1728464350889042000,1809,114,1764,837,0,785
1728464350889884000,1512,104,2081,684,0,902
1728464350890726000,1207,130,2511,546,42,999
1728464350891568000,905,225,2624,377,120,1100
1728464350892410000,593,481,2673,249,253,1138
1728464350893253000,330,785,2660,137,394,1132
1728464350894095000,98,1106,2571,66,525,1070
1728464350894936000,0,1427,2439,10,647,979
1728464350895778000,0,1709,1956,0,767,841
1728464350896620000,0,1966,1654,0,846,666
1728464350897462000,50,2532,1312,21,930,497
1728464350898304000,236,2824,934,106,971,362
1728464350899214000,501,2919,613,225,914,220
1728464350900057000,890,2874,370,409,922,109
1728464350900900000,1108,2639,84,622,880,37
1728464350901742000,1434,2290,10,685,800,0
1728464350902584000,1720,1857,0,801,674,0
1728464350903426000,1979,1552,0,903,525,0
1728464350904268000,2392,1238,70,992,390,32
1728464350905111000,2496,904,273,1046,274,139
1728464350905953000,2508,583,551,1068,161,272
1728464350906796000,2484,301,863,1071,79,439
1728464350907638000,2393,98,1204,1015,8,608
1728464350908480000,2135,17,1556,926,0,738
1728464350909322000,1733,39,1893,777,0,866
1728464350910164000,1442,64,2168,620,0,975
1728464350911006000,1146,109,2546,464,58,1034
1728464350911848000,832,292,2638,335,157,1120
1728464350912634000,522,561,2667,216,286,1134
1728464350913477000,261,858,2643,130,431,1113
1728464350914319000,58,1187,2550,50,562,1049
1728464350915161000,0,1512,2211,4,682,944
1728464350916003000,0,1793,1888,0,788,799
1728464350916845000,0,2048,1561,0,861,645
1728464350917687000,88,2599,1220,41,943,466
1728464350918530000,299,2874,856,138,970,277
1728464350919373000,583,2944,522,277,942,136
1728464350920216000,869,2880,242,463,949,66
1728464350921058000,1218,2626,57,579,866,0
1728464350921900000,1500,2063,10,719,765,0
1728464350922742000,1791,1774,9,835,634,0
1728464350923584000,2029,1484,0,925,483,1
1728464350924426000,2420,1145,119,1008,362,52
1728464350925268000,2508,814,344,1071,237,172
1728464350926116000,2523,498,644,1088,121,315
1728464350926958000,2462,245,960,1070,48,482
1728464350927800000,2415,49,1302,1006,0,642
1728464350928642000,2041,8,1665,913,0,773
1728464350929484000,1772,0,2012,763,0,900
1728464350930326000,1472,0,2240,617,0,994
1728464350931168000,1098,139,2578,448,82,1077
1728464350932010000,746,357,2656,314,192,1127
1728464350932853000,455,647,2684,185,320,1133
1728464350933695000,193,961,2624,102,466,1111
1728464350934537000,22,1286,2508,23,605,1031
1728464350935379000,0,1593,2103,2,706,911
1728464350936221000,0,1879,1823,0,799,759
1728464350937063000,0,2352,1485,0,895,603
1728464350937905000,139,2709,1128,64,937,431
1728464350938748000,341,2912,788,170,961,278
1728464350939608000,638,2963,542,306,981,172
1728464350940451000,962,2744,139,484,936,150
1728464350941293000,1288,2468,11,618,845,1
1728464350942134000,1579,1971,9,761,736,0
1728464350942976000,1856,1689,17,869,595,0
1728464350943818000,2315,1398,0,948,457,8
1728464350944660000,2458,1047,178,1028,326,79
1728464350945502000,2520,719,405,1080,215,199
1728464350946344000,2511,505,709,1088,109,346
1728464350947186000,2445,245,1045,1056,42,517
1728464350948027000,2335,23,1390,990,0,674
1728464350948869000,1859,116,1710,874,0,772
1728464350949711000,1584,114,2020,741,2,885
1728464350950553000,1264,96,2479,577,26,974
1728464350951395000,977,192,2604,402,106,1101
1728464350952237000,661,434,2672,272,225,1131
1728464350953085000,377,724,2661,157,363,1133
1728464350953928000,149,1051,2593,79,517,1091
1728464350954770000,0,1372,2479,16,633,1005
1728464350955612000,0,1662,2007,0,714,861
1728464350956454000,0,1932,1716,2,807,711
1728464350957296000,2,2431,1393,5,868,541
1728464350958138000,185,2791,1019,82,964,393
1728464350958981000,506,2934,733,221,960,249
1728464350959824000,640,2894,378,417,943,189
1728464350960667000,983,2703,158,548,901,45
1728464350961509000,1381,2375,0,661,824,0
1728464350962351000,1653,1900,5,785,692,0
1728464350963193000,1924,1615,10,890,555,0
1728464350964035000,2352,1297,41,973,417,21
1728464350964877000,2476,960,232,1035,290,113
1728464350965719000,2510,645,501,1068,178,241
1728464350966551000,2502,361,805,1078,98,409
1728464350967393000,2423,133,1203,1037,21,569
1728464350968235000,2288,6,1543,960,0,715
1728464350969077000,1800,0,1906,816,21,862
1728464350969919000,1539,4,2200,669,20,965
1728464350970761000,1222,82,2567,509,71,1045
1728464350971603000,895,242,2624,362,138,1111
1728464350972445000,581,507,2680,239,258,1130
1728464350973287000,312,809,2656,136,403,1125
1728464350974129000,98,1129,2564,64,538,1072
1728464350974971000,0,1449,2411,10,661,975
1728464350975813000,0,1748,1930,0,763,814
1728464350976654000,0,2012,1632,0,841,637
1728464350977496000,58,2559,1281,29,921,491
1728464350978339000,233,2831,924,120,965,352
1728464350979181000,540,3016,601,266,974,198
1728464350980054000,815,2785,305,395,1020,116
1728464350980896000,1117,2582,74,562,913,26
1728464350981738000,1448,2268,14,693,792,0
1728464350982580000,1719,1831,6,814,651,0
1728464350983421000,1992,1533,0,914,519,0
1728464350984263000,2389,1225,87,992,372,42
1728464350985105000,2482,892,306,1052,261,158
1728464350985948000,2529,548,570,1077,146,283
1728464350986790000,2483,293,897,1074,64,443
1728464350987632000,2439,79,1238,1030,9,618
1728464350988474000,2155,26,1590,924,0,762
1728464350989316000,1858,0,1964,816,0,868
1728464350990158000,1557,0,2201,654,0,977
1728464350991000000,1198,94,2570,472,53,1066
1728464350991842000,807,313,2653,335,165,1127
1728464350992684000,520,576,2672,209,309,1136
1728464350993528000,252,885,2638,130,448,1114
1728464350994370000,46,1204,2541,46,579,1049
1728464350995212000,0,1528,2168,0,686,950
1728464350996054000,0,1803,1874,0,794,784
1728464350996896000,0,2058,1562,0,877,631
1728464350997738000,93,2642,1194,34,938,458
1728464350998580000,286,2911,853,125,965,335
1728464350999423000,570,2949,533,271,973,192
1728464351000266000,885,2811,344,440,946,98
1728464351001108000,1216,2556,64,591,867,16
1728464351001950000,1518,2041,0,719,759,0
1728464351002792000,1809,1760,4,842,622,0
1728464351003634000,2047,1468,0,936,481,0
1728464351004476000,2421,1123,122,1013,352,66
1728464351005318000,2501,801,370,1061,226,248
1728464351006160000,2517,489,634,1088,142,372
1728464351007006000,2472,237,956,1066,57,484
1728464351007848000,2358,44,1323,1008,0,638
1728464351008690000,1976,0,1632,901,0,732
1728464351009532000,1675,53,1944,746,0,853
1728464351010374000,1356,122,2247,610,10,949
1728464351011216000,1047,135,2586,442,82,1090
1728464351012058000,734,373,2664,301,189,1122
1728464351012901000,442,647,2672,188,335,1134
1728464351013744000,196,968,2620,98,469,1108
1728464351014586000,0,1304,2521,29,601,1023
1728464351015428000,0,1575,2088,7,722,915
1728464351016270000,0,1880,1790,0,811,744
1728464351017112000,0,2348,1475,2,893,581
1728464351017954000,141,2701,1117,65,914,434
1728464351018797000,481,2916,784,181,925,274
1728464351019640000,749,2908,508,343,937,157
1728464351020490000,882,2752,175,549,897,100
1728464351021332000,1303,2468,8,628,846,0
1728464351022174000,1594,1962,1,758,726,0
1728464351023016000,1873,1680,0,849,583,0
1728464351023858000,2320,1380,5,960,448,1
1728464351024701000,2450,1043,180,1027,321,93
1728464351025543000,2503,715,429,1057,197,217
1728464351026385000,2515,413,722,1077,117,370
1728464351027228000,2439,180,1057,1049,36,538
1728464351028070000,2319,8,1447,981,0,677
1728464351028912000,1880,0,1856,852,18,842
1728464351029754000,1579,13,2044,689,0,930
1728464351030595000,1270,26,2500,533,16,1012
1728464351031437000,960,194,2615,398,106,1102
1728464351032279000,651,444,2676,261,224,1132
1728464351033122000,369,742,2668,161,373,1120
1728464351033973000,133,1058,2588,73,514,1081
1728464351034815000,0,1394,2482,17,632,994
1728464351035657000,0,1691,2016,5,746,870
1728464351036499000,0,1956,1690,0,845,700
1728464351037341000,23,2480,1376,4,901,541
1728464351038183000,203,2799,1015,90,960,356
1728464351039026000,427,3039,645,221,975,209
1728464351039869000,761,2951,361,379,960,98
1728464351040712000,1057,2629,122,528,967,50
1728464351041554000,1386,2356,2,646,807,0
1728464351042395000,1670,1891,4,792,691,0
1728464351043237000,1941,1589,0,895,554,0
1728464351044079000,2370,1282,37,972,421,33
1728464351044921000,2463,945,245,1048,287,114
1728464351045764000,2528,616,494,1080,185,253
1728464351046607000,2510,328,811,1082,74,407
1728464351047458000,2407,112,1151,1039,7,580
1728464351048299000,2277,0,1511,962,0,727
1728464351049141000,1806,0,1839,804,0,850
1728464351049983000,1556,0,2124,665,0,956
1728464351050825000,1217,46,2529,507,22,1051
1728464351051667000,876,257,2639,366,130,1104
1728464351052509000,568,514,2683,235,269,1137
1728464351053351000,303,823,2647,127,407,1134
1728464351054193000,92,1150,2566,64,560,1066
1728464351055035000,0,1456,2341,18,669,962
1728464351055877000,0,1760,1944,0,767,826
1728464351056719000,0,2015,1619,0,853,669
1728464351057561000,20,2559,1277,10,930,500
1728464351058404000,221,2856,925,90,960,370
1728464351059247000,501,2947,603,248,965,207
1728464351060090000,813,2880,362,386,970,110
1728464351060934000,1136,2616,78,565,882,37
1728464351061776000,1458,2168,18,697,787,0
1728464351062618000,1743,1815,13,819,648,0
1728464351063460000,2008,1528,9,919,514,0
1728464351064302000,2405,1194,89,1001,383,42
1728464351065144000,2496,862,302,1059,246,176
1728464351065987000,2528,545,581,1085,154,276
1728464351066829000,2485,367,893,1068,69,457
1728464351067671000,2391,139,1237,1021,13,605
1728464351068513000,2039,70,1585,972,0,717
1728464351069355000,1768,66,1905,773,0,865
1728464351070197000,1475,57,2170,621,31,965
1728464351071039000,1122,101,2556,460,69,1067
1728464351071881000,791,320,2652,333,161,1116
1728464351072724000,494,591,2685,204,305,1133
1728464351073566000,245,916,2634,106,449,1122
1728464351074421000,39,1236,2536,37,576,1042
1728464351075263000,0,1532,2149,10,689,929
1728464351076105000,0,1820,1862,1,791,783
1728464351076947000,0,2087,1541,0,873,618
1728464351077789000,113,2656,1187,50,938,464
1728464351078632000,376,2871,824,154,933,306
1728464351079475000,535,2927,517,346,960,224
1728464351080318000,878,2802,234,402,922,79
1728464351081160000,1228,2536,32,600,864,9
1728464351082002000,1535,2016,0,734,753,0
1728464351082844000,1815,1743,9,841,613,0
1728464351083685000,2071,1456,0,933,460,0
1728464351084527000,2419,1106,148,1015,343,66
1728464351085369000,2500,784,380,1058,220,189
1728464351086212000,2515,487,677,1080,130,339
1728464351087055000,2464,242,1063,1058,58,518
1728464351087902000,2363,37,1382,1000,4,653
1728464351088744000,1902,0,1785,881,2,798
1728464351089585000,1664,0,2082,738,36,928
1728464351090427000,1345,0,2497,570,30,1028
1728464351091269000,1028,150,2591,429,87,1078
1728464351092111000,711,379,2661,295,203,1123
1728464351092953000,429,666,2672,178,345,1128
1728464351093795000,180,981,2608,90,485,1101
1728464351094637000,0,1311,2497,18,615,1021
1728464351095478000,0,1607,2052,2,720,890
1728464351096320000,0,1892,1773,0,824,743
1728464351097161000,0,2384,1429,0,901,576
1728464351098003000,153,2739,1074,64,946,418
1728464351098846000,398,2904,719,189,969,224
1728464351099689000,676,2992,410,354,965,126
1728464351100532000,1013,2793,154,485,925,40
1728464351101397000,1321,2453,0,631,841,0
1728464351102239000,1610,1946,0,764,714,0
1728464351103081000,1882,1679,1,866,579,0
1728464351103923000,2334,1359,18,960,440,13
1728464351104765000,2455,1027,192,1034,295,86
1728464351105608000,2510,676,442,1074,226,216
1728464351106451000,2507,400,739,1074,93,382
1728464351107294000,2496,166,1078,1052,21,546
1728464351108136000,2371,0,1434,983,0,683
1728464351108978000,1965,0,1809,864,0,832
1728464351109820000,1674,0,2112,722,0,930
1728464351110662000,1345,5,2513,548,13,1028
1728464351111504000,946,212,2616,396,109,1114
1728464351112346000,641,449,2669,261,246,1130
1728464351113189000,360,746,2649,146,382,1131
1728464351114031000,122,1071,2584,78,516,1082
1728464351114857000,0,1399,2463,18,641,992
1728464351115699000,0,1686,1996,0,766,859
1728464351116541000,0,1966,1696,1,832,693
1728464351117383000,5,2481,1376,8,905,541
1728464351118225000,175,2799,999,58,952,407
1728464351119068000,440,2967,673,201,983,213
1728464351119911000,740,2869,448,359,965,146
1728464351120753000,1076,2689,149,517,895,44
1728464351121595000,1400,2346,9,674,808,0
1728464351122437000,1689,1877,0,788,695,0
1728464351123279000,1949,1589,0,898,534,0
1728464351124121000,2368,1278,58,974,402,29
1728464351124963000,2472,942,234,1040,282,178
1728464351125806000,2529,615,497,1076,174,290
1728464351126648000,2502,338,808,1083,90,408
1728464351127490000,2405,113,1161,1029,16,572
1728464351128341000,2288,29,1477,941,0,649
1728464351129183000,1816,0,1812,814,0,792
1728464351130025000,1479,119,2107,650,0,922
1728464351130867000,1183,73,2538,500,42,1046
1728464351131709000,864,264,2630,358,149,1120
1728464351132551000,565,528,2674,226,270,1132
1728464351133393000,281,832,2651,129,410,1121
1728464351134235000,73,1160,2560,51,552,1068
1728464351135077000,0,1460,2292,13,665,944
1728464351135919000,0,1758,1927,4,778,820
1728464351136761000,0,2046,1596,0,863,650
1728464351137603000,69,2594,1268,32,917,489
1728464351138446000,261,2829,919,130,919,339
1728464351139289000,618,2936,620,266,945,221
1728464351140132000,751,2850,274,485,919,136
1728464351140975000,1160,2600,77,563,880,28
1728464351141822000,1472,2112,9,699,776,0
1728464351142663000,1760,1804,4,822,650,0
1728464351143505000,2014,1495,0,921,502,0
1728464351144347000,2401,1180,97,997,369,48
1728464351145189000,2472,846,314,1103,248,154
1728464351146032000,2512,534,586,1069,151,303
1728464351146874000,2476,271,917,1061,53,463
1728464351147716000,2380,55,1257,1013,0,620
1728464351148558000,2008,58,1626,882,0,772
1728464351149400000,1703,66,1937,751,0,855
1728464351150242000,1404,41,2191,615,0,978
1728464351151084000,1102,109,2574,465,56,1071
1728464351151926000,782,334,2648,320,178,1115
1728464351152769000,484,606,2664,194,313,1136
1728464351153611000,228,923,2631,107,453,1105
1728464351154453000,23,1244,2531,37,584,1040
1728464351155317000,0,1552,2112,0,712,923
1728464351156159000,0,1843,1826,0,802,776
1728464351157001000,0,2102,1535,0,889,613
1728464351157843000,110,2685,1157,49,949,458
1728464351158686000,357,2909,791,153,969,237
1728464351159529000,621,3015,474,325,977,153
1728464351160372000,912,2703,205,436,1007,64
1728464351161214000,1250,2511,17,612,850,5
1728464351162056000,1545,1997,2,736,744,0
1728464351162898000,1831,1735,0,847,599,0
1728464351163740000,2117,1427,2,942,472,0
1728464351164582000,2432,1088,146,1027,340,74
1728464351165424000,2520,743,401,1066,214,186
1728464351166266000,2523,453,677,1088,111,354
1728464351167109000,2503,209,1013,1065,36,504
1728464351167951000,2389,16,1361,1008,0,658
1728464351168781000,2031,0,1757,901,0,800
1728464351169623000,1729,8,2033,729,0,927
1728464351170465000,1421,1,2479,581,13,1004
1728464351171307000,1016,156,2592,430,98,1090
1728464351172149000,704,400,2663,274,204,1127
1728464351172991000,402,690,2671,170,346,1140
1728464351173833000,171,1002,2609,86,493,1097
1728464351174675000,0,1336,2496,30,610,1008
1728464351175517000,0,1632,2063,2,737,896
1728464351176359000,0,1928,1751,0,825,729
1728464351177201000,0,2416,1427,0,892,562
1728464351178043000,130,2728,1071,64,948,412
1728464351178886000,380,2972,747,172,961,273
1728464351179729000,680,2909,509,334,968,161
1728464351180572000,1015,2739,184,494,918,64
1728464351181414000,1333,2429,0,650,833,0
1728464351182334000,1619,1936,10,768,712,0
1728464351183176000,1896,1655,2,871,576,0
1728464351184018000,2342,1345,21,960,424,4
1728464351184860000,2456,1002,201,1036,304,157
1728464351185702000,2528,686,456,1067,192,271
1728464351186545000,2515,404,754,1080,98,373
1728464351187387000,2438,206,1090,1052,42,535
1728464351188229000,2281,82,1439,997,0,657
1728464351189071000,1839,87,1761,874,0,794
1728464351189913000,1606,73,2056,700,0,921
1728464351190755000,1263,30,2511,534,26,1029
1728464351191597000,925,207,2624,386,119,1105
1728464351192440000,621,466,2668,246,247,1137
1728464351193283000,337,769,2658,148,388,1127
1728464351194125000,118,1081,2578,73,535,1084
1728464351194967000,0,1415,2464,26,644,981
1728464351195753000,0,1694,1987,5,744,852
1728464351196595000,0,1976,1667,0,846,696
1728464351197436000,23,2510,1326,0,904,527
1728464351198279000,325,2808,1010,122,943,368
1728464351199122000,394,2923,637,288,952,250
1728464351199965000,712,2893,370,415,941,134
1728464351200808000,1095,2672,100,530,901,39
1728464351201649000,1423,2318,8,676,801,0
1728464351202491000,1696,1871,5,796,679,0
1728464351203332000,1957,1569,0,901,535,0
1728464351204174000,2375,1255,52,982,400,30
1728464351205016000,2466,918,265,1032,269,122
1728464351205858000,2517,605,528,1067,170,270
1728464351206700000,2498,331,845,1074,75,431
1728464351207542000,2404,93,1247,1035,16,582
1728464351208384000,2188,0,1634,929,9,761
1728464351209227000,1780,0,1954,786,21,882
1728464351210069000,1472,6,2219,651,33,978
1728464351210911000,1180,65,2536,493,53,1050
1728464351211753000,847,274,2632,348,134,1107
1728464351212595000,547,537,2681,225,279,1136
1728464351213438000,281,844,2649,130,413,1112
1728464351214280000,64,1160,2561,57,558,1063
1728464351215122000,0,1484,2241,0,674,943
1728464351215964000,1,1784,1903,1,778,796
1728464351216806000,0,2039,1600,2,868,610
1728464351217648000,68,2610,1252,33,928,485
1728464351218490000,274,2968,865,121,975,298
1728464351219333000,569,3008,551,293,974,175
1728464351220176000,858,2768,273,407,1014,90
1728464351221018000,1178,2600,64,576,882,13
1728464351221860000,1482,2098,6,714,773,0
1728464351222709000,1772,1798,13,826,639,0
1728464351223551000,2024,1499,9,928,498,0
1728464351224393000,2414,1173,98,1007,370,64
1728464351225235000,2507,824,324,1047,233,165
1728464351226078000,2608,516,611,1091,133,311
1728464351226920000,2510,261,938,1067,64,476
1728464351227762000,2400,71,1278,1018,0,633
1728464351228604000,2049,1,1621,916,0,772
1728464351229446000,1776,0,1926,850,0,906
1728464351230288000,1310,0,2172,670,0,998
1728464351231130000,1077,126,2575,455,74,1080
1728464351231972000,773,345,2657,308,184,1127
1728464351232815000,466,626,2677,199,314,1130
1728464351233658000,224,942,2631,104,462,1109
1728464351234500000,23,1269,2520,29,583,1043
1728464351235342000,0,1570,2124,0,706,918
1728464351236193000,0,1870,1826,0,805,772
1728464351237035000,0,2166,1524,5,877,602
1728464351237877000,110,2704,1151,49,929,433
1728464351238719000,342,2878,886,154,1002,320
1728464351239562000,610,2967,540,299,967,174
1728464351240405000,938,2786,206,462,934,105
1728464351241247000,1273,2501,21,618,857,0
1728464351242089000,1561,1990,5,744,746,0
1728464351242930000,1842,1710,2,866,603,0
1728464351243772000,2240,1408,2,938,459,0
1728464351244614000,2438,1080,151,1020,330,101
1728464351245456000,2518,738,378,1065,222,234
1728464351246298000,2515,448,682,1092,116,336
1728464351247141000,2452,257,1021,1063,43,506
1728464351247983000,2343,98,1355,1017,0,657
1728464351248825000,1936,71,1696,888,0,772
1728464351249677000,1662,53,1999,736,0,891
1728464351250519000,1330,2,2476,568,17,1018
1728464351251361000,999,177,2597,409,90,1093
1728464351252203000,690,410,2667,279,221,1130
1728464351253046000,400,704,2672,173,349,1132
1728464351253889000,155,1023,2607,86,498,1090
1728464351254730000,0,1328,2480,18,616,1015
1728464351255572000,0,1628,2041,1,730,875
1728464351256414000,0,1923,1735,2,784,714
1728464351257256000,0,2430,1414,9,901,566
1728464351258098000,162,2743,1047,55,903,404
1728464351258941000,507,2916,737,215,935,253
1728464351259784000,693,2895,407,421,954,162
1728464351260627000,1017,2732,149,507,917,64
1728464351261469000,1356,2393,0,653,828,0
1728464351262311000,1638,1915,5,765,704,0
1728464351263152000,1906,1634,2,882,562,0
1728464351263994000,2348,1321,22,965,429,13
1728464351264836000,2457,984,215,1021,293,111
1728464351265678000,2508,651,480,1064,184,235
1728464351266521000,2500,375,789,1076,92,395
1728464351267363000,2430,141,1152,1048,37,546
1728464351268205000,2300,0,1550,953,11,713
1728464351269047000,1825,0,1888,821,21,855
1728464351269889000,1533,23,2149,672,18,944
1728464351270731000,1241,36,2515,530,32,1032
1728464351271573000,914,228,2620,367,121,1103
1728464351272416000,599,479,2677,244,252,1133
1728464351273259000,328,782,2649,139,394,1130
1728464351274101000,104,1107,2583,68,533,1080
1728464351274943000,0,1432,2431,10,648,970
1728464351275785000,0,1717,1951,0,761,826
1728464351276957000,6,1993,1641,5,845,661
1728464351277799000,34,2542,1322,29,906,513
1728464351278642000,245,2902,951,135,967,343
1728464351279485000,510,2959,609,224,1054,202
1728464351280328000,793,2838,309,409,993,114
1728464351281171000,1106,2663,93,545,897,32
1728464351282013000,1429,2291,1,683,797,0
1728464351282855000,1709,1852,5,799,666,0
1728464351283696000,1984,1558,2,907,528,0
1728464351284538000,2374,1244,71,992,389,37
1728464351285380000,2563,893,282,1040,257,141
1728464351286222000,2549,591,553,1080,151,266
1728464351287065000,2511,301,862,1108,70,437
1728464351287907000,2353,97,1202,1058,8,594
1728464351288749000,2041,5,1551,983,0,788
1728464351289591000,1703,9,1893,839,0,909
1728464351290122000,1417,0,2174,684,0,993
1728464351290964000,1153,74,2547,494,53,1062
1728464351291806000,833,286,2648,338,161,1119
1728464351292649000,528,563,2674,224,290,1140
1728464351293492000,257,860,2631,117,429,1113
1728464351294334000,64,1184,2542,50,562,1052
1728464351295176000,0,1507,2205,0,684,935
1728464351296017000,0,1795,1885,5,783,814
1728464351296859000,0,2045,1565,0,879,638
1728464351297701000,74,2630,1219,29,924,474
1728464351298544000,293,2848,960,132,986,346
1728464351299387000,554,2973,592,261,965,215
1728464351300230000,890,2833,238,433,960,128
1728464351301072000,1203,2578,58,587,870,25
1728464351301913000,1502,2065,21,713,757,0
1728464351302755000,1780,1779,5,834,634,0
1728464351303607000,2034,1486,0,928,503,0
1728464351304449000,2415,1154,112,1008,349,57
1728464351305291000,2502,815,334,1055,237,158
1728464351306133000,2522,516,612,1080,137,306
1728464351306975000,2473,288,942,1072,68,462
1728464351307817000,2406,118,1274,1034,0,621
1728464351308659000,1988,96,1635,918,0,776
1728464351309501000,1728,69,1939,766,0,882
1728464351310343000,1394,0,2200,619,2,993
1728464351311185000,1070,128,2579,442,69,1094
1728464351312027000,744,352,2662,304,181,1120
1728464351312870000,458,632,2666,192,322,1137
1728464351313713000,212,946,2624,105,471,1102
1728464351314555000,10,1251,2511,36,576,1042
1728464351315397000,0,1563,2112,0,706,907
1728464351316239000,0,1866,1816,4,790,760
1728464351317082000,0,2274,1506,1,865,605
1728464351317924000,228,2684,1145,57,903,434
1728464351318766000,429,2889,826,173,948,282
1728464351319609000,555,2919,452,375,960,215
1728464351320452000,963,2787,206,470,942,73
1728464351321294000,1287,2481,9,624,849,1
1728464351322136000,1571,1984,2,744,738,0
1728464351322978000,1860,1702,2,858,594,0
1728464351323820000,2309,1398,0,945,460,1
1728464351324662000,2434,1059,162,1010,324,87
1728464351325504000,2503,739,412,1062,213,201
1728464351326346000,2513,428,697,1078,121,359
1728464351327188000,2459,194,1097,1061,45,520
1728464351328030000,2336,31,1471,978,25,692
1728464351328872000,1894,42,1777,865,11,816
1728464351329714000,1615,50,2084,710,0,984
1728464351330565000,1310,4,2483,566,18,1018
1728464351331407000,980,184,2603,402,101,1096
1728464351332249000,671,423,2672,270,209,1124
1728464351333092000,389,711,2668,164,362,1131
1728464351333935000,145,1037,2604,82,494,1091
1728464351334777000,0,1376,2490,25,628,1004
1728464351335619000,0,1659,2030,6,745,864
1728464351336461000,0,1940,1724,10,832,707
1728464351337303000,4,2463,1398,6,903,542
1728464351338145000,226,2832,1023,97,949,370
1728464351338988000,401,2883,694,220,1026,245
1728464351339831000,738,2860,375,360,881,130
1728464351340674000,1049,2712,138,517,919,50
1728464351341516000,1372,2376,0,659,821,0
1728464351342358000,1650,1909,1,778,705,0
1728464351343199000,1924,1613,0,881,560,0
1728464351344046000,2352,1305,30,968,425,13
1728464351344888000,2532,949,224,1041,282,113
1728464351345730000,2561,642,490,1075,169,239
1728464351346572000,2473,353,789,1121,96,402
1728464351347415000,2407,122,1124,1061,10,576
1728464351348257000,2171,0,1468,1023,0,750
1728464351349098000,1724,0,1803,895,0,891
1728464351349940000,1464,0,2105,727,0,985
1728464351350782000,1231,57,2523,520,30,1048
1728464351351624000,898,234,2631,369,137,1109
1728464351352466000,591,496,2677,245,253,1135
1728464351353309000,315,799,2653,138,402,1117
1728464351354151000,92,1122,2568,56,538,1071
1728464351354993000,0,1447,2412,2,649,963
1728464351355835000,0,1748,1955,9,766,832
1728464351356677000,0,2007,1639,0,853,682
1728464351357523000,21,2565,1305,5,913,521
1728464351358365000,228,2804,1017,103,1001,358
1728464351359208000,498,2962,655,245,960,320
1728464351360051000,805,2865,353,395,948,192
1728464351360893000,1127,2639,85,555,893,42
1728464351361735000,1446,2242,18,691,792,0
1728464351362577000,1731,1833,5,817,660,0
1728464351363419000,1979,1535,9,907,522,0
1728464351364261000,2382,1227,70,987,386,48
1728464351365103000,2496,881,281,1052,258,125
1728464351365945000,2527,561,549,1088,162,268
1728464351366788000,2496,373,884,1079,74,428
1728464351367630000,2400,173,1204,1058,21,578
1728464351368472000,2113,66,1553,952,0,713
1728464351369314000,1792,64,1888,800,0,858
1728464351370156000,1457,10,2165,637,0,972
1728464351371005000,1144,85,2552,477,58,1064
1728464351371847000,821,301,2642,334,160,1114
1728464351372690000,512,570,2680,218,298,1134
1728464351373533000,260,885,2639,110,433,1123
1728464351374375000,55,1200,2558,48,571,1060
1728464351375217000,0,1496,2175,11,680,928
1728464351376059000,0,1814,1874,2,786,798
1728464351376901000,0,2050,1571,0,858,631
1728464351377743000,192,2624,1251,58,887,469
1728464351378586000,361,2872,854,178,940,335
1728464351379429000,494,2912,538,341,960,235
1728464351380272000,889,2832,253,430,938,101
1728464351381114000,1210,2567,46,590,866,10
1728464351381955000,1516,2034,2,728,762,0
1728464351382797000,1798,1760,2,836,624,0
1728464351383639000,2042,1472,0,928,485,0
1728464351384487000,2411,1131,125,1003,346,66
1728464351385329000,2498,813,362,1049,231,178
1728464351386171000,2514,491,696,1088,135,324
1728464351387014000,2472,239,1017,1064,64,491
1728464351387856000,2357,88,1379,993,11,650
1728464351388698000,1931,33,1711,891,16,784
1728464351389540000,1682,18,1905,747,0,1010
1728464351390382000,1382,4,2280,608,0,999
1728464351391224000,1042,130,2591,440,81,1081
1728464351392066000,738,362,2664,298,194,1126
1728464351392909000,441,638,2667,192,334,1138
1728464351393751000,193,960,2611,92,474,1112
1728464351394593000,13,1296,2502,28,594,1016
1728464351395435000,0,1580,2079,2,722,897
1728464351396277000,0,1877,1769,4,822,740
1728464351397119000,0,2359,1472,0,882,579
1728464351397968000,173,2768,1089,79,948,386
1728464351398811000,354,2835,736,170,1042,281
1728464351399654000,661,2887,448,347,1012,145
1728464351400497000,970,2776,178,471,930,74
1728464351401339000,1303,2474,5,628,836,0
1728464351402180000,1586,1970,8,754,726,0
1728464351403022000,1862,1685,0,862,589,0
1728464351403863000,2320,1383,2,940,448,1
1728464351404705000,2444,1029,172,1034,298,79
1728464351405547000,2584,700,418,1074,202,209
1728464351406390000,2539,426,718,1088,101,366
1728464351407232000,2442,173,1050,1081,43,540
1728464351408074000,2272,0,1429,1025,0,729
1728464351408916000,1802,9,1751,912,0,853
1728464351409758000,1532,0,2061,757,0,941
1728464351410600000,1296,5,2485,561,21,1021
1728464351411457000,972,194,2618,410,100,1096
1728464351412299000,662,428,2662,273,233,1130
1728464351413142000,377,728,2662,161,359,1130
1728464351413985000,127,1036,2599,77,503,1093
1728464351414827000,0,1384,2465,13,633,1002
1728464351415668000,0,1680,2021,0,748,877
1728464351416510000,0,1959,1716,0,839,706
1728464351417351000,0,2468,1381,0,891,546
1728464351418193000,168,2790,1029,68,949,389
1728464351419036000,431,2943,762,202,1010,264
1728464351419879000,741,2904,338,353,954,205
1728464351420722000,1047,2704,137,514,904,50
1728464351421564000,1382,2371,0,661,817,0
1728464351422406000,1670,1904,5,780,691,2
1728464351423248000,1939,1615,6,888,562,0
1728464351424090000,2360,1290,39,975,412,21
1728464351424936000,2470,960,226,1033,285,98
1728464351425779000,2520,704,490,1076,184,242
1728464351426621000,2505,404,789,1065,105,405
1728464351427463000,2431,186,1129,1041,70,541
1728464351428305000,2277,0,1479,946,65,704
1728464351429147000,1807,0,1809,804,64,851
1728464351429989000,1525,1,2112,670,4,954
1728464351430831000,1216,52,2536,517,40,1044
1728464351431673000,880,249,2631,357,129,1111
1728464351432516000,578,522,2670,235,265,1147
1728464351433358000,312,817,2641,129,413,1129
1728464351434200000,101,1127,2567,68,535,1049
1728464351435042000,0,1439,2385,18,660,966
1728464351435884000,0,1751,1940,0,765,833
1728464351436726000,2,2029,1632,1,855,660
1728464351437568000,125,2548,1297,31,888,495
1728464351438414000,170,2824,914,194,953,369
1728464351439257000,457,2949,621,299,965,221
1728464351440100000,826,2864,301,402,963,117
1728464351440943000,1136,2622,82,565,884,22
1728464351441785000,1453,2175,21,707,788,0
1728464351442627000,1741,1821,0,816,661,0
1728464351443468000,2008,1518,0,908,517,0
1728464351444310000,2382,1202,85,986,372,36
1728464351445152000,2490,866,298,1044,261,151
1728464351445995000,2529,561,641,1079,148,293
1728464351446837000,2496,279,921,1084,85,450
1728464351447679000,2382,101,1284,1011,0,611
1728464351448521000,2034,29,1529,909,0,865
1728464351449363000,1728,0,1804,762,0,970
1728464351450205000,1448,0,2173,629,0,981
1728464351451047000,1121,102,2565,474,58,1063
1728464351451904000,804,320,2648,321,174,1115
1728464351452746000,509,592,2672,205,293,1137
1728464351453589000,249,893,2639,117,450,1121
1728464351454431000,34,1228,2511,29,569,1032
1728464351455272000,0,1531,2144,0,692,918
1728464351456114000,0,1829,1858,9,797,790
1728464351456956000,0,2082,1546,0,881,634
1728464351457798000,74,2756,1165,70,948,418
1728464351458641000,343,2939,821,162,973,281
1728464351459484000,576,2860,498,285,1035,189
1728464351460327000,896,2813,237,448,940,89
1728464351461169000,1221,2532,22,601,865,10
1728464351462011000,1527,2012,2,730,748,0
1728464351462853000,1804,1744,0,843,622,0
1728464351463695000,2067,1440,0,935,481,0
1728464351464537000,2417,1093,133,1013,320,65
1728464351465377000,2575,767,372,1061,216,184
1728464351466219000,2561,478,650,1078,132,338
1728464351467062000,2442,222,987,1102,50,484
1728464351467904000,2266,20,1311,1069,0,688
1728464351468746000,1836,4,1655,941,0,842
1728464351469588000,1573,5,1998,806,0,948
1728464351470429000,1358,4,2426,597,9,1012
1728464351471271000,1053,148,2582,429,101,1088
1728464351472113000,728,383,2658,297,207,1126
1728464351472956000,432,663,2664,178,338,1136
1728464351473799000,185,977,2613,96,472,1095
1728464351474641000,4,1318,2511,27,609,1026
1728464351475483000,0,1611,2073,9,725,906
1728464351476325000,0,1896,1781,0,809,749
1728464351477167000,0,2399,1451,0,885,579
1728464351478009000,143,2703,1165,54,965,430
1728464351478858000,375,2949,810,184,983,293
1728464351479701000,679,2918,407,330,968,225
1728464351480544000,987,2752,175,490,911,57
1728464351481386000,1305,2438,2,634,835,0
1728464351482228000,1602,1954,0,767,723,1
1728464351483070000,1886,1672,16,866,578,0
1728464351483912000,2320,1373,10,953,436,5
1728464351484754000,2456,1106,181,1028,323,84
1728464351485596000,2522,778,434,1078,194,202
1728464351486438000,2511,423,747,1088,135,373
1728464351487280000,2439,114,1081,1048,87,546
1728464351488122000,2303,0,1415,992,52,672
1728464351488964000,1849,0,1741,879,42,813
1728464351489806000,1587,0,2065,704,0,941
1728464351490648000,1276,21,2499,549,25,1027
1728464351491490000,960,194,2610,398,126,1102
1728464351492343000,649,453,2670,269,234,1130
1728464351493186000,354,738,2672,154,377,1136
1728464351494028000,129,1066,2579,74,513,1098
1728464351494870000,0,1388,2450,18,650,992
1728464351495712000,0,1665,1988,11,752,866
1728464351496554000,0,1964,1693,0,832,711
1728464351497396000,0,2492,1336,66,894,554
1728464351498238000,149,2771,1003,146,954,408
1728464351499081000,419,2919,650,169,962,228
1728464351499924000,754,2904,373,366,954,136
1728464351500767000,1073,2695,117,533,895,43
1728464351501609000,1407,2351,8,669,820,0
1728464351502450000,1678,1878,0,799,687,0
1728464351503292000,1946,1596,0,892,554,0
1728464351504133000,2371,1286,40,971,401,21
1728464351504975000,2472,938,310,1042,285,124
1728464351505822000,2517,625,561,1072,170,263
1728464351506664000,2496,342,847,1088,87,477
1728464351507506000,2432,116,1078,1034,31,674
1728464351508348000,2265,0,1434,938,0,808
1728464351509190000,1785,0,1761,816,0,937
1728464351510032000,1510,0,2127,676,0,960
1728464351510874000,1202,58,2536,502,41,1050
1728464351511716000,867,261,2633,360,141,1117
1728464351512559000,564,517,2669,230,271,1141
1728464351513401000,292,821,2656,136,401,1121
1728464351514243000,84,1144,2571,65,553,1074
1728464351515085000,0,1464,2312,9,673,960
1728464351515927000,0,1761,1924,2,773,814
1728464351516769000,0,2028,1624,5,855,669
1728464351517611000,93,2638,1250,20,923,481
1728464351518453000,258,2753,914,112,1050,333
1728464351519310000,538,2903,577,273,1013,202
1728464351520153000,833,2865,302,412,952,109
1728464351520996000,1159,2608,66,570,886,30
1728464351521837000,1466,2158,9,696,782,0
1728464351522679000,1745,1813,2,816,649,0
1728464351523521000,2001,1509,2,912,510,0
1728464351524363000,2443,1187,89,993,370,49
1728464351525205000,2523,858,309,1110,247,151
1728464351526048000,2503,546,589,1107,151,305
1728464351526890000,2473,274,916,1078,64,452
1728464351527732000,2352,66,1250,952,9,608
1728464351528574000,1998,10,1572,853,0,752
1728464351529416000,1684,0,1898,718,0,878
1728464351530258000,1422,0,2179,634,0,986
1728464351531100000,1114,110,2552,458,73,1071
1728464351531942000,791,324,2641,320,165,1111
1728464351532787000,490,600,2672,203,306,1136
1728464351533629000,229,907,2631,113,439,1105
1728464351534471000,41,1239,2529,37,582,1040
1728464351535313000,0,1550,2131,0,710,930
1728464351536155000,0,1840,1843,2,794,778
1728464351536997000,0,2104,1553,0,877,659
1728464351537839000,106,2656,1069,50,921,552
1728464351538682000,327,2864,777,139,973,366
1728464351539525000,650,2931,471,302,965,138
1728464351540368000,917,2799,229,457,925,82
1728464351541210000,1242,2514,34,610,859,9
1728464351542052000,1540,2001,0,736,750,0
1728464351542894000,1830,1730,5,847,621,0
1728464351543735000,2101,1428,0,948,474,0
1728464351544577000,2432,1138,145,1023,341,64
1728464351545419000,2508,815,377,1056,263,197
1728464351546267000,2520,440,669,1088,162,332
1728464351547109000,2457,159,985,1068,88,494
1728464351547951000,2372,0,1344,997,0,657
1728464351548793000,1953,0,1677,873,0,802
1728464351549635000,1653,0,2001,736,0,911
1728464351550477000,1351,0,2464,590,4,1002
1728464351551319000,1014,158,2604,421,96,1094
1728464351552161000,706,406,2666,278,206,1139
1728464351553004000,420,676,2669,175,352,1133
1728464351553847000,144,986,2608,86,493,1103
1728464351554689000,0,1328,2492,14,608,1027
1728464351555530000,0,1627,2056,5,736,893
1728464351556372000,0,1908,1760,7,826,738
1728464351557214000,0,2406,1426,64,885,621
1728464351558056000,94,2735,1088,127,951,450
1728464351558899000,350,2915,725,130,965,257
1728464351559756000,689,2919,421,338,971,151
1728464351560599000,1001,2737,154,507,924,64
1728464351561440000,1336,2428,0,640,832,0
1728464351562282000,1619,1937,2,767,705,0
1728464351563124000,1888,1647,4,877,585,0
1728464351563966000,2330,1352,8,954,437,15
1728464351564808000,2454,1001,271,1026,297,96
1728464351565650000,2513,678,501,1073,194,229
1728464351566492000,2513,389,782,1089,106,416
1728464351567334000,2437,132,1015,1053,50,621
1728464351568176000,2308,0,1371,960,8,782
1728464351569018000,1863,5,1728,834,5,904
1728464351569860000,1569,0,2073,697,0,937
1728464351570702000,1264,29,2496,534,31,1028
1728464351571544000,943,218,2616,388,114,1103
1728464351572386000,629,463,2670,260,245,1140
1728464351573230000,352,757,2657,153,373,1124
1728464351574072000,118,1080,2591,79,522,1066
1728464351574914000,0,1385,2448,5,650,989
1728464351575756000,0,1655,1968,0,752,840
1728464351576598000,0,1977,1669,2,846,690
1728464351577440000,17,2433,1333,5,980,517
1728464351578282000,212,2767,986,121,997,362
1728464351579125000,510,2922,660,229,936,250
1728464351579968000,770,2894,349,378,960,125
1728464351580811000,1088,2668,102,545,901,42
1728464351581653000,1410,2328,6,672,808,0
1728464351582495000,1679,1880,1,791,667,0
1728464351583337000,1960,1573,5,897,546,0
1728464351584179000,2338,1266,55,1026,394,50
1728464351585022000,2463,924,268,1057,274,124
1728464351585864000,2509,602,529,1067,165,266
1728464351586711000,2497,325,842,1072,89,424
1728464351587553000,2383,128,1180,992,13,623
1728464351588395000,2217,52,1552,912,0,753
1728464351589237000,1762,64,1870,796,0,852
1728464351590079000,1502,0,2148,663,0,961
1728464351590920000,1174,66,2543,498,45,1054
1728464351591763000,853,269,2641,344,148,1117
1728464351592605000,548,535,2670,229,278,1129
1728464351593448000,282,834,2638,125,424,1118
1728464351594290000,74,1167,2553,52,557,1060
1728464351595132000,0,1472,2247,10,675,951
1728464351595974000,0,1776,1898,2,780,815
1728464351596816000,0,2040,1614,0,866,679
1728464351597658000,74,2625,1197,29,932,578
1728464351598501000,287,2847,844,119,981,389
1728464351599344000,570,2940,545,262,970,164
1728464351600192000,855,2855,286,420,944,106
1728464351601035000,1171,2596,69,581,875,21
1728464351601877000,1472,2100,19,707,773,0
1728464351602718000,1763,1798,0,820,645,0
1728464351603560000,2021,1500,0,921,500,0
1728464351604402000,2423,1216,97,1001,362,42
1728464351605244000,2496,832,320,1050,296,158
1728464351606086000,2520,517,602,1088,173,296
1728464351606928000,2511,226,916,1080,5,449
1728464351607770000,2406,20,1264,1028,34,631
1728464351608611000,1996,0,1607,914,0,756
1728464351609453000,1720,0,1930,778,0,889
1728464351610295000,1414,2,2174,619,1,996
1728464351611137000,1101,116,2567,454,74,1072
1728464351611979000,769,327,2644,326,178,1120
1728464351612822000,481,609,2674,193,306,1129
1728464351613677000,213,928,2633,110,439,1116
1728464351614519000,9,1245,2535,33,594,1045
1728464351615361000,0,1554,2123,9,696,926
1728464351616203000,0,1841,1847,5,802,775
1728464351617045000,0,2115,1535,34,879,668
1728464351617887000,69,2675,1196,93,937,453
1728464351618730000,325,2885,804,125,970,294
1728464351619573000,617,2933,497,304,967,170
1728464351620416000,936,2791,208,461,933,79
1728464351621258000,1261,2508,26,610,852,8
1728464351622099000,1558,1990,4,754,744,0
1728464351622941000,1829,1719,10,852,613,0
1728464351623783000,2196,1431,47,936,474,16
1728464351624625000,2444,1088,206,1015,334,71
1728464351625467000,2510,754,373,1078,218,266
1728464351626310000,2522,454,680,1090,130,379
1728464351627158000,2471,221,955,1049,72,567
1728464351628000000,2382,43,1312,984,10,673
1728464351628842000,1946,14,1650,878,0,824
1728464351629684000,1638,4,2016,736,0,906
1728464351630526000,1336,2,2467,578,18,1017
1728464351631368000,1008,168,2597,409,94,1095
1728464351632211000,687,403,2669,290,210,1130
1728464351633054000,409,696,2665,172,352,1136
1728464351633896000,171,1019,2600,84,495,1082
1728464351634738000,2,1324,2488,23,625,996
1728464351635580000,0,1603,2064,8,728,891
1728464351636422000,0,1911,1760,0,824,729
1728464351637264000,0,2358,1415,0,962,544
1728464351638106000,158,2699,1045,98,1006,394
1728464351638949000,430,2887,724,217,924,244
1728464351639792000,706,2924,410,341,972,154
1728464351640636000,1013,2743,156,504,917,66
1728464351641478000,1354,2400,0,653,838,0
1728464351642320000,1628,1917,0,776,706,0
1728464351643162000,1904,1637,1,874,576,0
1728464351644004000,2294,1322,18,1033,425,21
1728464351644846000,2433,982,215,1071,293,123
1728464351645688000,2502,670,469,1100,196,229
1728464351646530000,2508,375,761,1073,107,388
1728464351647372000,2423,165,1111,1017,29,602
1728464351648214000,2276,10,1463,933,0,737
1728464351649056000,1800,0,1770,795,0,840
1728464351649897000,1560,4,2092,684,0,953
1728464351650739000,1253,37,2519,529,29,1028
1728464351651581000,923,217,2619,386,130,1100
1728464351652424000,612,474,2667,247,242,1124
1728464351653267000,330,777,2664,146,388,1133
1728464351654118000,105,1110,2584,64,533,1086
1728464351654960000,0,1431,2442,5,661,975
1728464351655802000,0,1713,1968,10,762,844
1728464351656644000,0,1999,1643,0,842,757
1728464351657486000,27,2526,1217,0,894,604
1728464351658329000,233,2795,904,104,994,418
1728464351659172000,511,2932,601,237,961,187
1728464351660015000,781,2879,332,389,960,130
1728464351660858000,1103,2656,101,541,890,42
1728464351661699000,1424,2287,9,689,800,0
1728464351662541000,1700,1842,5,805,668,0
1728464351663383000,1969,1556,0,905,533,0
1728464351664225000,2375,1301,66,981,380,17
1728464351665067000,2483,893,269,1051,334,130
1728464351665910000,2535,579,546,1077,202,274
1728464351666752000,2496,285,863,1081,56,425
1728464351667608000,2418,57,1182,1018,0,585
1728464351668450000,2147,0,1540,929,0,736
1728464351669292000,1776,0,1876,799,0,864
1728464351670134000,1477,2,2149,649,0,972
1728464351670976000,1167,82,2556,485,48,1056
1728464351671818000,832,289,2639,341,155,1120
1728464351672660000,548,552,2672,212,290,1134
1728464351673503000,267,859,2643,122,430,1128
1728464351674345000,64,1180,2559,47,562,1063
1728464351675187000,0,1497,2210,13,682,957
1728464351676029000,0,1790,1896,5,794,818
1728464351676871000,0,2045,1593,0,855,621
1728464351677713000,26,2595,1218,0,910,482
1728464351678556000,253,2895,889,122,964,354
1728464351679399000,570,2935,557,266,971,202
1728464351680242000,860,2840,266,430,942,101
1728464351681084000,1189,2580,53,576,866,18
1728464351681926000,1498,2067,15,719,767,0
1728464351682768000,1784,1778,2,835,640,0
1728464351683610000,2019,1488,0,924,497,58
1728464351684452000,2407,1158,106,1008,352,137
1728464351685294000,2496,825,331,1057,242,197
1728464351686136000,2531,520,604,1084,158,340
1728464351686978000,2483,258,922,1076,57,415
1728464351687820000,2353,151,1277,1009,0,586
1728464351688662000,1950,145,1618,911,4,740
1728464351689504000,1700,5,1951,770,0,890
1728464351690346000,1389,0,2211,619,0,998
1728464351691187000,1076,122,2578,448,77,1088
1728464351692029000,764,346,2651,309,184,1120
1728464351692871000,465,617,2668,186,324,1138
1728464351693714000,178,937,2616,109,457,1095
1728464351694567000,17,1254,2511,42,601,1023
1728464351695409000,0,1555,2087,0,715,897
1728464351696251000,0,1856,1816,4,805,770
1728464351697093000,0,2184,1494,1,813,589
1728464351697935000,150,2672,1120,58,882,423
1728464351698778000,455,2880,811,186,933,285
1728464351699621000,640,2942,457,308,975,178
1728464351700464000,948,2787,202,470,927,69
1728464351701306000,1279,2475,21,629,847,4
1728464351702148000,1568,1984,0,743,739,0
1728464351702989000,1856,1708,0,853,604,0
1728464351703831000,2278,1399,0,984,448,0
1728464351704673000,2414,1058,162,1052,322,82
1728464351705515000,2503,741,405,1061,210,201
1728464351706357000,2516,433,689,1081,126,348
1728464351707199000,2452,239,1053,1048,34,520
1728464351708053000,2319,45,1388,967,0,696
1728464351708894000,1862,49,1719,839,0,814
1728464351709736000,1621,0,2013,724,0,921
1728464351710577000,1325,4,2480,570,6,1012
1728464351711419000,981,167,2605,421,98,1093
1728464351712261000,682,415,2656,274,217,1133
1728464351713104000,388,705,2663,165,352,1136
1728464351713946000,155,1018,2599,89,498,1094
1728464351714787000,0,1360,2489,18,628,1007
1728464351715629000,0,1651,2037,0,737,878
1728464351716471000,0,1937,1761,2,825,746
1728464351717313000,0,2466,1456,0,906,616
1728464351718155000,184,2752,978,82,960,478
1728464351718998000,462,2930,677,202,986,303
1728464351719841000,710,2915,405,352,965,145
1728464351720684000,1028,2727,141,506,907,57
1728464351721536000,1365,2395,0,654,819,0
1728464351722378000,1642,1916,4,778,704,0
1728464351723220000,1920,1634,0,883,568,2
1728464351724062000,2352,1361,27,961,426,10
1728464351724904000,2460,956,215,1040,352,93
1728464351725746000,2518,649,478,1073,221,239
1728464351726588000,2518,359,782,1088,50,399
1728464351727430000,2419,107,1116,1034,0,559
1728464351728272000,2288,0,1463,960,0,697
1728464351729114000,1831,0,1794,838,0,843
1728464351729956000,1537,4,2097,684,0,957
1728464351730798000,1236,43,2511,521,45,1035
1728464351731640000,910,238,2618,378,124,1102
1728464351732483000,597,488,2669,244,253,1136
1728464351733326000,325,802,2656,133,389,1138
1728464351734168000,84,1102,2584,73,535,1082
1728464351735016000,0,1440,2433,20,661,978
1728464351735858000,0,1728,1972,0,764,843
1728464351736700000,0,2003,1668,26,846,660
1728464351737542000,10,2532,1319,49,905,496
1728464351738384000,209,2801,940,78,948,362
1728464351739227000,498,2944,611,242,974,230
1728464351740070000,803,2883,328,400,947,125
1728464351740913000,1122,2632,98,559,896,33
1728464351741755000,1440,2255,4,698,799,0
1728464351742597000,1732,1835,5,805,663,0
1728464351743439000,1976,1546,13,909,528,57
1728464351744281000,2383,1219,49,988,394,105
1728464351745124000,2484,887,274,1054,267,178
1728464351745966000,2528,564,546,1084,169,265
1728464351746808000,2497,295,852,1080,68,390
1728464351747650000,2376,203,1198,1042,29,568
1728464351748495000,2076,132,1534,932,4,710
1728464351749337000,1760,5,1888,794,0,877
1728464351750178000,1466,5,2160,640,0,975
1728464351751020000,1146,81,2555,482,64,1064
1728464351751862000,821,293,2631,331,165,1117
1728464351752705000,516,566,2676,209,286,1133
1728464351753548000,261,853,2639,114,439,1121
1728464351754390000,37,1183,2540,50,572,1043
1728464351755232000,0,1498,2174,16,692,928
1728464351756074000,0,1810,1879,0,788,808
1728464351756916000,0,2005,1556,23,917,641
1728464351757758000,98,2599,1203,52,969,448
1728464351758601000,304,2864,856,133,913,314
1728464351759444000,564,2943,537,276,973,206
1728464351760287000,880,2834,256,434,938,98
1728464351761129000,1216,2552,49,598,874,4
1728464351761971000,1500,2033,6,730,762,0
1728464351762813000,1790,1766,0,832,638,0
1728464351763654000,1990,1463,0,975,471,0
1728464351764496000,2385,1129,125,1045,349,58
1728464351765338000,2484,799,345,1089,231,174
1728464351766181000,2514,495,640,1076,141,309
1728464351767023000,2444,224,949,1018,58,466
1728464351767864000,2356,37,1287,967,0,657
1728464351768706000,1919,9,1640,862,0,808
1728464351769548000,1673,0,1964,754,0,900
1728464351770390000,1384,0,2243,601,8,998
1728464351771232000,1063,144,2576,439,75,1088
1728464351772074000,756,362,2651,306,206,1128
1728464351772917000,453,650,2670,184,322,1131
1728464351773760000,194,961,2615,100,469,1099
1728464351774602000,13,1284,2506,26,607,1026
1728464351775479000,0,1600,2092,0,719,909
1728464351776321000,0,1882,1803,10,808,767
1728464351777163000,0,2355,1378,0,867,675
1728464351778005000,130,2676,1042,57,952,497
1728464351778848000,418,2921,724,178,981,215
1728464351779691000,651,2936,462,320,962,171
1728464351780534000,964,2771,186,483,919,76
1728464351781376000,1293,2465,5,621,837,0
1728464351782218000,1578,1977,5,753,728,0
1728464351783060000,1861,1692,2,857,593,0
1728464351783902000,2312,1362,0,947,510,0
1728464351784744000,2443,1033,178,1026,361,71
1728464351785586000,2510,712,416,1074,232,210
1728464351786428000,2517,411,723,1090,84,354
1728464351787270000,2560,164,1066,1074,6,525
1728464351788112000,2430,1,1401,977,0,674
1728464351788942000,2007,0,1752,870,0,819
1728464351789784000,1601,0,2045,724,0,932
1728464351790626000,1298,0,2490,564,23,1019
1728464351791468000,975,194,2600,401,105,1097
1728464351792310000,668,425,2671,274,238,1137
1728464351793152000,377,720,2667,164,360,1131
1728464351793995000,137,1052,2607,71,513,1088
1728464351794837000,0,1358,2444,5,639,1010
1728464351795679000,0,1648,2016,0,743,869
1728464351796521000,0,1943,1712,0,832,705
1728464351797363000,0,2451,1353,0,907,544
1728464351798205000,170,2769,1016,52,954,423
1728464351799048000,437,2932,686,209,985,261
1728464351799891000,727,2908,385,361,949,144
1728464351800734000,1044,2706,136,522,904,51
1728464351801576000,1380,2382,0,660,824,0
1728464351802419000,1666,1900,1,778,702,0
1728464351803260000,1926,1619,23,892,557,0
1728464351804102000,2343,1305,73,967,412,17
1728464351804944000,2460,960,221,1031,282,189
1728464351805786000,2528,648,482,1074,192,279
1728464351806628000,2524,370,732,1073,116,455
1728464351807470000,2447,128,1107,1046,4,495
1728464351808312000,2294,1,1434,948,13,778
1728464351809153000,1820,0,1810,833,0,844
1728464351809995000,1525,0,2101,676,0,952
1728464351810837000,1226,46,2522,514,34,1033
1728464351811679000,882,238,2627,368,136,1112
1728464351812521000,585,495,2676,233,254,1138
1728464351813364000,312,797,2655,147,397,1122
1728464351814206000,97,1094,2574,54,538,1070
1728464351815048000,0,1431,2401,13,660,967
1728464351815925000,0,1723,1955,2,769,835
1728464351816767000,0,1877,1623,0,919,650
1728464351817609000,47,2465,1291,18,996,489
1728464351818452000,241,2793,914,133,1000,346
1728464351819295000,511,2945,609,237,973,227
1728464351820138000,795,2867,320,402,948,107
1728464351820979000,1133,2625,79,554,893,31
1728464351821821000,1447,2240,5,688,787,0
1728464351822663000,1731,1839,5,810,666,0
1728464351823505000,2105,1518,0,917,519,0
1728464351824347000,2426,1210,79,993,370,43
1728464351825189000,2520,879,302,1048,256,139
1728464351826031000,2500,568,561,1113,160,288
1728464351826874000,2463,286,912,1117,67,437
1728464351827716000,2378,81,1214,965,14,596
1728464351828558000,2069,15,1559,869,0,740
1728464351829382000,1750,13,1897,801,0,882
1728464351830224000,1447,0,2164,638,2,977
1728464351831066000,1138,101,2544,476,66,1066
1728464351831908000,808,314,2648,330,168,1116
1728464351832751000,508,583,2673,213,293,1145
1728464351833594000,257,898,2636,112,444,1110
1728464351834436000,42,1223,2543,53,581,1050
1728464351835278000,0,1527,2165,0,694,931
1728464351836120000,0,1829,1877,2,777,799
1728464351836962000,0,2095,1615,1,899,605
1728464351837804000,100,2659,1228,41,921,491
1728464351838647000,309,2852,789,141,954,389
1728464351839490000,586,2946,520,294,972,202
1728464351840333000,907,2816,249,442,939,85
1728464351841176000,1230,2530,41,610,867,14
1728464351842018000,1511,2017,20,724,758,0
1728464351842855000,1812,1759,9,846,621,0
1728464351843697000,2055,1496,0,938,489,0
1728464351844539000,2420,1146,117,1015,391,64
1728464351845381000,2506,777,370,1060,270,170
1728464351846223000,2528,453,642,1095,166,322
1728464351847065000,2497,176,964,1069,0,488
1728464351847907000,2370,16,1323,995,0,651
1728464351848749000,1935,0,1664,891,0,794
1728464351849591000,1667,5,1978,746,0,914
1728464351850433000,1370,0,2331,598,8,996
1728464351851275000,1045,146,2579,438,89,1088
1728464351852117000,728,378,2664,303,197,1126
1728464351852960000,430,658,2671,183,333,1136
1728464351853802000,186,980,2616,90,485,1107
1728464351854644000,0,1307,2502,29,610,1016
1728464351855486000,0,1576,2084,0,721,908
1728464351856344000,0,1895,1785,40,821,778
1728464351857186000,0,2369,1472,45,885,631
1728464351858028000,82,2716,1119,101,946,415
1728464351858871000,373,2920,762,172,968,287
1728464351859714000,658,2930,448,337,962,170
1728464351860557000,990,2760,175,484,926,64
1728464351861399000,1310,2449,0,641,842,0
1728464351862240000,1589,1945,7,759,721,0
1728464351863082000,1870,1674,8,864,590,0
1728464351863924000,2323,1367,77,952,438,4
1728464351864766000,2439,1020,220,1027,311,93
1728464351865608000,2512,704,466,1065,206,209
1728464351866450000,2511,415,642,1077,98,449
1728464351867292000,2456,146,1014,1050,64,589
1728464351868134000,2348,10,1364,971,0,733
1728464351868976000,1871,9,1758,857,0,816
1728464351869827000,1600,0,2047,714,0,937
1728464351870669000,1291,17,2497,544,23,1030
1728464351871511000,952,201,2615,393,107,1095
1728464351872354000,644,448,2668,257,232,1136
1728464351873197000,375,746,2650,160,378,1112
1728464351874040000,139,1025,2588,84,519,1088
1728464351874882000,0,1380,2472,10,638,998
1728464351875724000,0,1667,2012,2,748,861
1728464351876566000,0,1863,1675,14,898,704
1728464351877408000,17,2442,1359,20,960,543
1728464351878250000,220,2755,1002,119,1023,373
1728464351879093000,448,2941,663,215,979,253
1728464351879936000,741,2910,370,375,962,133
1728464351880779000,1070,2694,114,522,910,47
1728464351881621000,1395,2360,2,672,804,0
1728464351882463000,1669,1884,4,786,688,0
1728464351883315000,1911,1587,0,940,548,0
1728464351884157000,2329,1292,47,1012,398,30
1728464351884999000,2456,952,257,1061,276,126
1728464351885842000,2520,619,504,1072,183,250
1728464351886684000,2504,358,822,1048,89,448
1728464351887526000,2401,173,1172,1023,32,583
1728464351888368000,2240,42,1528,912,0,739
1728464351889210000,1800,2,1839,826,0,847
1728464351890052000,1513,0,2140,672,0,960
1728464351890894000,1203,69,2532,502,40,1055
1728464351891736000,882,261,2631,362,154,1103
1728464351892579000,568,503,2668,245,269,1136
1728464351893421000,287,816,2624,128,404,1122
1728464351894263000,97,1139,2552,74,554,1066
1728464351895105000,0,1464,2318,10,662,963
1728464351895947000,0,1756,1927,11,773,823
1728464351896790000,34,2038,1574,2,868,560
1728464351897632000,117,2594,1238,21,914,434
1728464351898474000,266,2863,896,128,970,297
1728464351899317000,525,2947,580,250,975,221
1728464351900160000,832,2859,302,410,944,101
1728464351901003000,1152,2620,71,562,885,30
1728464351901845000,1461,2159,18,700,776,0
1728464351902687000,1746,1819,5,832,654,0
1728464351903528000,2018,1491,2,919,554,0
1728464351904370000,2400,1188,87,992,389,56
1728464351905212000,2497,853,311,1052,248,145
1728464351906055000,2582,551,585,1097,145,290
1728464351906898000,2546,271,930,1077,41,448
1728464351907740000,2301,53,1223,1093,0,636
1728464351908582000,2052,9,1594,916,0,760
1728464351909423000,1729,2,1910,791,0,877
1728464351910271000,1433,5,2174,636,0,990
1728464351911113000,1114,113,2557,464,67,1077
1728464351911955000,799,320,2644,327,170,1113
1728464351912797000,498,584,2672,217,303,1134
1728464351913640000,225,887,2639,96,434,1119
1728464351914482000,17,1242,2534,30,580,1047
1728464351915323000,0,1536,2144,2,706,933
1728464351916165000,0,1823,1866,0,792,794
1728464351917007000,0,2099,1564,0,881,641
1728464351917849000,71,2673,1199,28,946,484
1728464351918691000,324,2880,834,146,969,314
1728464351919534000,594,2930,512,303,970,185
1728464351920377000,912,2805,239,448,932,83
1728464351921219000,1237,2535,37,600,859,0
1728464351922061000,1530,2010,8,739,762,0
1728464351922903000,1825,1740,0,846,626,36
1728464351923754000,2083,1448,0,931,469,66
1728464351924596000,2422,1107,130,1016,344,130
1728464351925439000,2510,776,369,1064,229,199
1728464351926282000,2555,485,612,1088,146,362
1728464351927124000,2480,207,960,1068,47,431
1728464351927966000,2345,23,1294,989,0,604
1728464351928808000,1921,5,1679,893,0,786
1728464351929650000,1658,0,1985,747,0,913
1728464351930492000,1352,0,2432,578,9,1005
1728464351931334000,1023,157,2583,424,87,1088
1728464351932176000,711,373,2657,296,195,1125
1728464351933019000,429,658,2656,171,335,1116
1728464351933861000,185,980,2601,94,482,1090
1728464351934703000,2,1308,2512,21,602,1015
1728464351935545000,0,1609,2073,5,712,887
1728464351936387000,0,1857,1780,4,752,729
1728464351937233000,5,2381,1429,0,818,569
1728464351938075000,165,2719,1088,73,901,402
1728464351938918000,394,2912,741,188,975,274
1728464351939761000,686,2922,434,340,968,150
1728464351940604000,999,2747,178,491,923,71
1728464351941446000,1329,2432,2,641,832,0
1728464351942288000,1612,1944,5,769,723,0
1728464351943130000,1869,1648,0,860,580,0
1728464351943972000,2314,1346,1,992,437,13
1728464351944814000,2440,1011,197,1018,305,96
1728464351945657000,2517,674,439,1070,203,213
1728464351946499000,2509,425,757,1065,98,359
1728464351947341000,2415,142,1188,1038,37,550
1728464351948183000,2296,0,1528,966,17,717
1728464351949025000,1868,1,1760,856,0,818
1728464351949867000,1587,5,2065,700,0,933
1728464351950773000,1274,26,2508,549,30,1030
1728464351951615000,941,210,2624,386,112,1103
1728464351952457000,631,463,2673,260,237,1129
1728464351953300000,368,765,2636,141,382,1137
1728464351954142000,117,1088,2587,74,529,1080
1728464351954984000,0,1408,2463,23,651,988
1728464351955826000,0,1703,1984,4,757,866
1728464351956668000,42,1999,1637,1,853,605
1728464351957510000,57,2520,1314,16,930,459
1728464351958352000,237,2782,961,96,944,313
1728464351959195000,462,2943,651,228,978,250
1728464351960038000,765,2892,352,373,965,138
1728464351960881000,1080,2673,113,533,896,45
1728464351961723000,1409,2317,14,683,805,0
1728464351962564000,1687,1875,0,791,684,0
1728464351963406000,1957,1543,0,893,587,0
1728464351964201000,2364,1248,64,985,453,23
1728464351965043000,2472,912,260,1040,293,122
1728464351965885000,2528,599,526,1081,162,245
1728464351966727000,2594,306,868,1103,71,417
1728464351967569000,2426,82,1180,1030,0,577
1728464351968410000,2337,0,1537,948,0,725
1728464351969252000,1786,0,1852,815,0,860
1728464351970094000,1504,2,2131,655,0,967
1728464351970936000,1193,73,2536,501,42,1046
1728464351971778000,860,264,2632,357,149,1108
1728464351972621000,555,532,2672,218,270,1136
1728464351973463000,277,832,2652,133,421,1120
1728464351974305000,68,1154,2556,52,549,1063
1728464351975147000,0,1473,2264,8,658,956
1728464351975989000,0,1764,1918,0,771,820
1728464351976831000,0,2027,1562,0,863,662
1728464351977681000,37,2583,1237,4,909,508
1728464351978524000,270,2848,898,122,970,338
1728464351979367000,545,2944,564,267,972,210
1728464351980210000,854,2850,276,421,952,102
1728464351981053000,1170,2600,72,576,874,23
1728464351981895000,1468,2122,21,704,774,0
1728464351982737000,1767,1798,0,825,647,0
1728464351983579000,2009,1500,0,911,504,38
1728464351984421000,2399,1183,82,993,354,94
1728464351985263000,2497,841,313,1055,254,141
1728464351986106000,2547,529,572,1092,141,237
1728464351986949000,2464,365,906,1099,89,429
1728464351987791000,2385,151,1253,1037,14,596
1728464351988633000,2007,13,1617,921,0,762
1728464351989475000,1716,0,1935,778,0,893
1728464351990317000,1420,0,2180,621,0,988
1728464351991151000,1099,114,2572,466,64,1067
1728464351991994000,772,321,2655,322,178,1120
1728464351992836000,485,594,2668,197,309,1127
1728464351993678000,224,919,2625,106,448,1109
1728464351994520000,34,1241,2517,38,589,1029
1728464351995362000,0,1541,2140,0,684,925
1728464351996204000,102,1836,1861,13,770,771
1728464351997046000,85,2096,1575,10,869,608
1728464351997888000,202,2656,1208,72,904,432
1728464351998731000,338,2893,815,161,975,307
1728464351999574000,622,2944,488,297,970,186
1728464352000417000,926,2800,224,461,927,77
1728464352001259000,1253,2510,21,608,853,5
1728464352002101000,1547,1996,2,736,741,0
1728464352002943000,1810,1730,2,832,609,0
1728464352003784000,2144,1432,0,926,463,4
1728464352004650000,2425,1088,152,1003,333,77
1728464352005492000,2502,760,386,1067,229,192
1728464352006335000,2510,511,690,1063,126,333
1728464352007177000,2440,194,1110,1048,53,495
1728464352008019000,2320,0,1455,988,1,678
1728464352008861000,1915,0,1683,893,0,798
1728464352009702000,1641,2,2001,727,0,920
1728464352010544000,1332,4,2463,578,11,1008
1728464352011386000,1016,154,2589,426,100,1097
1728464352012228000,701,397,2659,288,205,1132
1728464352013070000,405,684,2671,175,345,1136
1728464352013913000,157,988,2598,73,489,1109
1728464352014755000,0,1331,2496,21,629,1006
1728464352015597000,0,1624,2047,18,730,892
1728464352016439000,10,1922,1719,0,836,781
1728464352017281000,14,2436,1395,0,905,613
1728464352018125000,205,2744,1033,75,960,348
1728464352018968000,407,2924,729,202,969,268
1728464352019811000,698,2912,429,346,966,160
1728464352020654000,1010,2744,165,493,909,70
1728464352021495000,1345,2423,0,647,837,0
1728464352022337000,1632,1927,0,777,719,0
1728464352023179000,1893,1628,5,866,609,0
1728464352024021000,2335,1320,9,953,458,2
1728464352024863000,2464,986,204,1037,298,97
1728464352025705000,2520,673,457,1082,185,222
1728464352026547000,2508,378,770,1073,50,378
1728464352027389000,2524,145,1113,1058,16,551
1728464352028231000,2400,0,1472,978,0,688
1728464352029073000,1846,8,1779,850,0,839
1728464352029915000,1564,0,2077,695,0,945
1728464352030757000,1253,36,2503,528,26,1031
1728464352031613000,930,226,2618,386,125,1094
1728464352032455000,618,474,2663,247,245,1137
1728464352033298000,331,773,2660,144,383,1121
1728464352034140000,101,1091,2573,70,525,1072
1728464352034982000,0,1409,2449,6,638,992
1728464352035824000,0,1711,1987,0,756,847
1728464352036666000,0,1984,1663,0,855,710
1728464352037508000,1,2511,1321,0,901,537
1728464352038350000,218,2815,979,98,962,362
1728464352039193000,476,2946,634,231,978,239
1728464352040036000,773,2887,346,386,952,119
1728464352040879000,1096,2664,106,539,898,45
1728464352041721000,1425,2295,13,683,801,0
1728464352042563000,1696,1856,4,805,677,0
1728464352043405000,1965,1564,0,895,540,36
1728464352044247000,2365,1248,46,979,389,81
1728464352045084000,2480,902,253,1048,278,139
1728464352045927000,2544,598,498,1082,165,206
1728464352046769000,2471,388,836,1115,106,388
1728464352047611000,2435,169,1180,1048,26,576
1728464352048453000,2190,16,1540,939,0,741
1728464352049295000,1776,9,1863,805,0,864
1728464352050137000,1483,0,2150,650,0,971
1728464352050979000,1165,76,2544,484,42,1060
1728464352051821000,845,282,2639,352,154,1101
1728464352052663000,546,554,2674,217,286,1131
1728464352053506000,281,852,2648,114,418,1114
1728464352054348000,68,1172,2552,55,554,1040
1728464352055190000,0,1488,2242,9,680,947
1728464352056032000,0,1749,1888,0,714,799
1728464352056873000,0,2033,1589,0,806,631
1728464352057715000,82,2588,1232,34,883,463
1728464352058572000,293,2861,880,134,972,324
1728464352059415000,549,2951,549,269,975,207
1728464352060258000,857,2847,276,432,944,96
1728464352061101000,1188,2572,57,591,873,21
1728464352061943000,1492,2072,5,716,779,0
1728464352062784000,1759,1784,2,816,629,0
1728464352063626000,2016,1487,2,922,492,0
1728464352064468000,2396,1151,112,989,353,53
1728464352065311000,2495,817,335,1056,249,149
1728464352066153000,2516,513,615,1075,145,302
1728464352066995000,2475,234,1050,1066,78,482
1728464352067837000,2359,34,1379,1008,28,657
1728464352068678000,1973,10,1625,914,0,771
1728464352069520000,1713,4,1942,756,0,898
1728464352070362000,1400,0,2200,624,0,982
1728464352071204000,1080,114,2572,452,76,1072
1728464352072066000,764,354,2656,314,181,1128
1728464352072909000,480,626,2668,196,331,1136
1728464352073752000,221,939,2620,104,463,1108
1728464352074593000,37,1269,2528,31,594,1025
1728464352075435000,0,1579,2116,0,706,909
1728464352076277000,34,1889,1781,5,802,697
1728464352077119000,0,2223,1475,0,856,525
1728464352077961000,158,2682,1109,53,928,369
1728464352078804000,349,2914,789,162,968,314
1728464352079647000,633,2935,481,309,969,171
1728464352080489000,941,2792,199,474,927,81
1728464352081331000,1279,2496,29,617,847,0
1728464352082173000,1558,1994,4,743,738,1
1728464352083015000,1856,1685,0,851,639,0
1728464352083857000,2287,1398,0,952,474,0
1728464352084699000,2430,1057,173,1015,314,72
1728464352085524000,2560,748,401,1060,199,199
1728464352086367000,2594,434,746,1098,100,337
1728464352087209000,2489,194,1037,1069,26,509
1728464352088051000,2321,18,1372,1063,0,671
1728464352088893000,1897,17,1718,878,0,818
1728464352089735000,1632,0,2020,728,0,919
1728464352090577000,1321,1,2480,568,13,1013
1728464352091419000,999,178,2604,416,106,1081
1728464352092262000,684,410,2657,273,221,1136
1728464352093105000,386,693,2656,154,361,1127
1728464352093947000,164,1013,2597,95,500,1091
1728464352094789000,0,1352,2482,17,624,1012
1728464352095631000,0,1661,2038,0,725,883
1728464352096473000,0,1960,1747,0,820,692
1728464352097315000,0,2445,1411,0,885,525
1728464352098157000,162,2734,1088,73,961,393
1728464352099016000,426,2940,696,197,979,269
1728464352099859000,713,2919,410,352,963,141
1728464352100702000,1029,2725,151,514,907,64
1728464352101544000,1363,2398,0,654,820,0
1728464352102386000,1636,1921,4,772,704,0
1728464352103228000,1909,1628,0,877,568,18
1728464352104069000,2340,1321,9,960,420,53
1728464352104911000,2463,981,207,1032,293,93
1728464352105753000,2519,706,442,1079,188,181
1728464352106596000,2522,453,770,1125,113,356
1728464352107438000,2450,184,1103,1048,41,533
1728464352108280000,2302,0,1464,963,4,709
1728464352109122000,1838,8,1794,834,0,847
1728464352109963000,1545,0,2093,688,0,939
1728464352110805000,1245,30,2511,531,33,1034
1728464352111647000,912,228,2626,380,122,1104
1728464352112498000,596,471,2671,247,253,1133
1728464352113341000,332,766,2667,142,380,1131
1728464352114183000,106,1101,2586,70,516,1074
1728464352115025000,0,1431,2447,5,645,960
1728464352115866000,0,1690,1977,0,701,842
1728464352116708000,0,1960,1658,0,790,676
1728464352117550000,42,2502,1319,16,877,501
1728464352118393000,238,2823,964,110,961,367
1728464352119236000,485,2943,627,234,972,233
1728464352120079000,794,2887,343,390,954,124
1728464352120922000,1117,2648,100,549,897,29
1728464352121763000,1430,2291,10,682,802,0
1728464352122605000,1696,1849,10,825,671,0
1728464352123446000,1949,1557,1,921,521,0
1728464352124288000,2376,1240,70,980,394,34
1728464352125130000,2480,901,269,1041,274,133
1728464352125977000,2520,608,570,1058,154,293
1728464352126820000,2487,342,868,1073,78,423
1728464352127662000,2413,82,1304,1027,53,608
1728464352128504000,2127,17,1551,944,0,738
1728464352129346000,1762,0,1875,804,0,872
1728464352130188000,1472,2,2153,641,0,979
1728464352131030000,1159,87,2541,482,64,1049
1728464352131872000,832,285,2640,348,151,1115
1728464352132714000,521,557,2665,207,279,1133
1728464352133557000,274,873,2624,125,431,1122
1728464352134399000,82,1195,2547,46,576,1048
1728464352135241000,0,1511,2221,10,670,938
1728464352136083000,37,1800,1858,5,777,717
1728464352136925000,0,2044,1546,0,854,580
1728464352137767000,79,2715,1198,41,934,411
1728464352138609000,293,2880,867,142,967,326
1728464352139463000,562,2943,559,282,975,196
1728464352140306000,872,2830,261,436,937,96
1728464352141148000,1208,2560,55,593,874,10
1728464352141990000,1497,2047,13,719,770,0
1728464352142832000,1786,1752,2,832,618,0
1728464352143674000,2031,1465,0,932,468,0
1728464352144516000,2415,1127,116,1003,350,48
1728464352145358000,2561,805,333,1062,231,162
1728464352146200000,2611,497,690,1096,114,309
1728464352147042000,2504,241,956,1107,41,485
1728464352147884000,2254,32,1277,1070,0,655
1728464352148726000,1964,10,1638,904,0,778
1728464352149568000,1682,1,1966,762,0,899
1728464352150410000,1384,0,2215,604,1,996
1728464352151252000,1072,138,2576,438,78,1073
1728464352152094000,747,352,2655,305,188,1120
1728464352152950000,449,647,2679,192,321,1141
1728464352153793000,189,971,2626,91,473,1111
1728464352154635000,23,1286,2503,23,611,1032
1728464352155477000,0,1600,2104,0,704,912
1728464352156319000,0,1875,1808,0,799,773
1728464352157160000,0,2370,1506,0,890,601
1728464352158002000,123,2728,1128,47,947,434
1728464352158845000,361,2912,779,178,968,290
1728464352159688000,645,2932,464,320,964,172
1728464352160531000,960,2776,200,482,928,75
1728464352161373000,1298,2472,4,622,853,0
1728464352162215000,1577,1968,2,749,725,0
1728464352163056000,1854,1695,0,856,595,34
1728464352163898000,2307,1384,0,948,453,30
1728464352164740000,2444,1047,158,1019,320,111
1728464352165582000,2531,727,393,1072,209,151
1728464352166420000,2508,415,682,1074,107,298
1728464352167263000,2442,282,1037,1097,66,487
1728464352168105000,2339,16,1390,991,0,674
1728464352168947000,1891,5,1742,864,0,817
1728464352169789000,1615,5,2039,722,0,924
1728464352170630000,1305,1,2483,559,21,1017
1728464352171472000,980,179,2599,401,103,1095
1728464352172314000,645,413,2669,269,221,1116
1728464352173157000,389,706,2656,161,363,1123
1728464352174000000,156,1028,2595,77,502,1090
1728464352174841000,0,1358,2488,18,608,1004
1728464352175683000,14,1614,2026,16,738,864
1728464352176525000,10,1914,1720,2,762,709
1728464352177367000,19,2423,1395,0,844,537
1728464352178209000,186,2781,1028,85,960,401
1728464352179052000,442,2931,689,212,977,253
1728464352179910000,728,2907,386,362,962,144
1728464352180753000,1049,2713,135,517,904,49
1728464352181595000,1368,2381,0,653,821,0
1728464352182437000,1637,1907,2,767,696,0
1728464352183279000,1905,1615,1,869,549,0
1728464352184121000,2342,1311,50,960,414,25
1728464352184963000,2464,967,228,1029,297,107
1728464352185805000,2515,661,500,1051,182,252
1728464352186647000,2496,389,796,1077,90,383
1728464352187489000,2410,158,1136,1022,29,562
1728464352188331000,2288,0,1487,960,0,719
1728464352189173000,1831,0,1813,837,0,842
1728464352190015000,1536,0,2096,684,0,954
1728464352190857000,1231,57,2524,517,33,1037
1728464352191699000,901,234,2625,377,133,1116
1728464352192542000,594,491,2672,250,261,1129
1728464352193387000,320,796,2639,144,405,1121
1728464352194229000,109,1124,2567,64,548,1047
1728464352195071000,0,1453,2417,13,648,975
1728464352195913000,4,1731,1920,13,752,762
1728464352196755000,0,1996,1596,5,852,602
1728464352197597000,37,2655,1267,18,921,448
1728464352198440000,242,2833,932,113,964,365
1728464352199283000,517,2945,608,249,978,218
1728464352200126000,811,2868,314,401,945,114
1728464352200969000,1131,2637,85,548,880,36
1728464352201811000,1447,2255,18,690,794,0
1728464352202653000,1735,1813,0,812,653,0
1728464352203495000,1992,1513,0,910,532,0
1728464352204336000,2391,1211,79,986,355,34
1728464352205178000,2486,879,290,1050,258,144
1728464352206020000,2622,560,610,1094,127,277
1728464352206866000,2542,290,907,1093,64,448
1728464352207708000,2260,98,1216,1100,0,645
1728464352208550000,2087,23,1572,927,0,757
1728464352209392000,1752,1,1895,797,0,873
1728464352210234000,1458,2,2156,640,0,980
1728464352211076000,1141,97,2556,468,55,1069
1728464352211918000,810,302,2649,339,161,1123
1728464352212761000,510,568,2665,200,298,1124
1728464352213604000,245,895,2639,126,434,1115
1728464352214446000,37,1216,2546,38,572,1056
1728464352215288000,0,1524,2185,0,691,948
1728464352216129000,0,1815,1880,0,786,809
1728464352216971000,0,2055,1566,0,869,659
1728464352217813000,64,2632,1216,22,930,476
1728464352218656000,309,2880,856,149,961,320
1728464352219499000,588,2938,527,289,975,192
1728464352220345000,891,2830,253,448,933,87
1728464352221187000,1210,2552,49,586,866,9
1728464352222028000,1519,2040,0,732,762,0
1728464352222870000,1798,1756,37,832,624,55
1728464352223712000,2040,1472,13,928,482,64
1728464352224554000,2417,1127,107,1003,352,84
1728464352225396000,2511,801,320,1052,237,214
1728464352226239000,2572,505,610,1088,130,242
1728464352227081000,2458,334,934,1070,58,442
1728464352227923000,2364,89,1317,1008,0,634
1728464352228765000,1937,0,1655,900,0,789
1728464352229607000,1680,0,1959,750,0,904
1728464352230449000,1381,0,2240,599,9,997
1728464352231291000,1047,134,2583,444,78,1081
1728464352232133000,738,370,2665,297,197,1127
1728464352232976000,429,645,2670,186,335,1120
1728464352233827000,196,972,2604,90,462,1093
1728464352234669000,10,1294,2520,26,586,1026
1728464352235511000,0,1533,2105,0,644,897
1728464352236353000,0,1848,1791,0,756,754
1728464352237195000,0,2352,1465,0,836,576
1728464352238037000,149,2723,1118,74,948,427
1728464352238880000,377,2923,783,177,970,285
1728464352239723000,661,2928,453,330,968,160
1728464352240566000,973,2759,181,480,923,74
1728464352241408000,1301,2459,17,626,842,0
1728464352242250000,1571,1951,0,753,725,0
1728464352243092000,1857,1671,0,851,591,0
1728464352243934000,2330,1372,4,938,434,5
1728464352244776000,2447,1029,178,1023,322,82
1728464352245619000,2505,725,422,1048,198,192
1728464352246461000,2509,389,817,1075,157,378
1728464352247316000,2424,202,1113,1047,66,540
1728464352248158000,2324,1,1409,976,0,675
1728464352249000000,1871,2,1742,864,0,818
1728464352249842000,1604,0,2042,707,0,926
1728464352250684000,1303,17,2496,549,23,1017
1728464352251526000,960,192,2622,410,110,1095
1728464352252369000,654,432,2674,253,226,1127
1728464352253211000,380,738,2653,153,373,1116
1728464352254053000,116,1068,2579,79,517,1088
1728464352254895000,0,1389,2470,11,628,977
1728464352255737000,0,1791,2008,41,764,826
1728464352256579000,0,1999,1677,5,832,662
1728464352257420000,21,2496,1353,6,909,488
1728464352258262000,198,2795,1011,100,960,386
1728464352259105000,449,2933,680,224,983,253
1728464352259948000,741,2912,370,365,960,143
1728464352260791000,1055,2696,122,521,901,52
1728464352261633000,1383,2355,5,658,804,0
1728464352262475000,1671,1863,7,793,716,0
1728464352263316000,1933,1585,0,890,581,0
1728464352264158000,2368,1272,42,970,443,21
1728464352265000000,2478,938,242,1047,264,104
1728464352265843000,2641,594,523,1091,143,241
1728464352266685000,2559,338,853,1082,64,414
1728464352267527000,2427,106,1143,1123,16,578
1728464352268369000,2278,10,1500,954,0,719
1728464352269211000,1815,9,1838,824,0,846
1728464352270053000,1517,2,2119,665,0,961
1728464352270895000,1216,48,2528,506,49,1040
1728464352271737000,881,253,2631,368,130,1104
1728464352272579000,556,506,2679,229,272,1136
1728464352273422000,303,832,2656,125,388,1140
1728464352274277000,86,1155,2571,64,552,1080
1728464352275119000,0,1468,2368,4,660,970
1728464352275961000,0,1800,1946,0,765,806
1728464352276803000,0,2028,1619,0,860,645
1728464352277645000,45,2573,1276,12,921,488
1728464352278488000,257,2844,917,126,955,342
1728464352279331000,525,2942,589,258,978,215
1728464352280174000,826,2861,301,401,945,119
1728464352281016000,1144,2616,85,562,889,39
1728464352281858000,1452,2200,8,704,787,0
1728464352282700000,1749,1816,0,812,649,0
1728464352283542000,2005,1530,0,910,512,0
1728464352284384000,2400,1214,82,992,381,32
1728464352285226000,2483,954,290,1057,249,106
1728464352286068000,2499,642,578,1097,165,245
1728464352286910000,2509,349,884,1084,65,432
1728464352287765000,2392,114,1242,1020,37,607
1728464352288607000,2050,8,1592,930,0,762
1728464352289449000,1735,5,1909,782,0,885
1728464352290291000,1446,9,2171,634,0,980
1728464352291133000,1122,100,2567,480,64,1066
1728464352291975000,802,308,2652,325,165,1121
1728464352292817000,506,583,2669,207,290,1129
1728464352293659000,243,893,2626,106,441,1112
1728464352294501000,46,1216,2540,45,559,1037
1728464352295343000,84,1493,2191,17,660,917
1728464352296185000,77,1801,1904,9,767,794
1728464352297027000,79,2068,1588,4,847,597
1728464352297869000,101,2641,1183,50,933,453
1728464352298712000,322,2884,821,146,969,311
1728464352299555000,594,2950,509,289,970,175
1728464352300398000,909,2820,228,448,938,94
1728464352301240000,1252,2538,40,602,868,4
1728464352302081000,1512,2008,4,719,748,0
1728464352302923000,1804,1749,0,832,622,0
1728464352303765000,2069,1451,0,924,458,0
1728464352304607000,2419,1108,140,1010,345,64
1728464352305449000,2506,818,372,1043,232,170
1728464352306291000,2523,475,763,1072,161,340
1728464352307134000,2464,249,1057,1066,79,501
1728464352307976000,2349,29,1330,1005,0,647
1728464352308818000,1930,0,1675,892,0,783
1728464352309660000,1665,0,1976,745,0,907
1728464352310501000,1360,0,2333,588,5,1007
1728464352311343000,1033,156,2597,437,85,1088
1728464352312185000,724,377,2648,295,218,1122
1728464352313028000,441,668,2666,177,333,1102
1728464352313870000,182,984,2618,90,480,1102
1728464352314721000,0,1318,2496,25,613,1026
1728464352315563000,0,1720,2058,41,738,856
1728464352316405000,0,1989,1775,49,834,713
1728464352317247000,0,2462,1448,26,906,537
1728464352318089000,151,2741,1095,69,953,422
1728464352318932000,394,2909,747,189,984,276
1728464352319775000,680,2930,441,330,969,159
1728464352320618000,992,2767,175,488,925,65
1728464352321460000,1325,2448,0,629,837,0
1728464352322301000,1708,1942,5,762,707,0
1728464352323143000,1956,1656,0,875,565,0
1728464352323985000,2359,1359,18,948,430,9
1728464352324827000,2499,1034,189,1031,306,87
1728464352325669000,2502,689,414,1144,185,229
1728464352326512000,2460,398,765,1123,98,393
1728464352327354000,2392,167,1112,1091,25,529
1728464352328199000,2320,0,1432,974,0,691
1728464352329041000,1879,5,1753,855,0,821
1728464352329883000,1582,2,2062,718,0,936
1728464352330725000,1278,29,2503,546,29,1026
1728464352331567000,956,210,2616,395,109,1102
1728464352332410000,642,458,2663,263,247,1132
1728464352333253000,353,762,2668,146,362,1134
1728464352334095000,128,1080,2604,74,513,1083
1728464352334937000,0,1404,2503,17,642,1008
1728464352335779000,0,1669,2119,0,772,877
1728464352336621000,0,1966,1806,5,868,696
1728464352337463000,17,2480,1449,16,935,538
1728464352338306000,210,2801,996,93,960,379
1728464352339149000,463,2936,665,226,982,244
1728464352339991000,754,2893,373,377,953,135
1728464352340834000,1065,2679,137,535,900,43
1728464352341686000,1405,2344,10,677,818,0
1728464352342528000,1690,1878,0,789,691,0
1728464352343370000,1951,1580,0,894,540,0
1728464352344212000,2368,1265,42,979,405,12
1728464352345054000,2484,932,226,1037,289,82
1728464352345896000,2498,719,496,1088,186,212
1728464352346739000,2506,402,824,1124,101,386
1728464352347581000,2417,146,1155,1044,17,565
1728464352348423000,2264,11,1511,944,0,728
1728464352349265000,1795,0,1833,815,0,857
1728464352350107000,1506,5,2136,652,0,968
1728464352350949000,1192,72,2538,500,41,1042
1728464352351792000,864,265,2631,352,149,1112
1728464352352634000,570,519,2669,228,242,1124
1728464352353476000,298,832,2656,136,417,1124
1728464352354318000,84,1153,2568,52,538,1065
1728464352355212000,79,1472,2332,18,651,940
1728464352356054000,64,1751,1939,4,758,809
1728464352356896000,23,2028,1593,66,839,647
1728464352357738000,50,2591,1257,46,916,487
1728464352358581000,269,2857,893,124,972,343
1728464352359424000,536,2951,576,264,978,207
1728464352360267000,840,2856,286,420,950,106
1728464352361109000,1159,2599,85,576,880,18
1728464352361951000,1472,2115,7,707,782,0
1728464352362793000,1745,1807,0,812,650,0
1728464352363634000,2012,1504,0,908,494,0
1728464352364476000,2400,1184,100,995,372,34
1728464352365318000,2497,834,404,1041,279,178
1728464352366161000,2522,570,663,1076,164,290
1728464352367003000,2478,249,835,1068,50,535
1728464352367845000,2383,66,1272,1022,0,618
1728464352368645000,2016,20,1606,918,0,763
1728464352369486000,1728,0,1927,775,0,880
1728464352370328000,1419,0,2174,624,0,980
1728464352371170000,1102,109,2567,460,71,1061
1728464352372012000,802,335,2648,314,180,1120
1728464352372854000,503,609,2676,189,308,1132
1728464352373697000,224,919,2631,112,451,1100
1728464352374539000,25,1248,2530,41,586,1047
1728464352375380000,0,1648,2122,8,712,900
1728464352376222000,0,1967,1832,29,808,736
1728464352377064000,4,2152,1520,36,890,568
1728464352377906000,111,2672,1161,50,940,453
1728464352378749000,329,2895,826,159,968,306
1728464352379592000,612,2940,500,295,963,187
1728464352380435000,927,2805,226,459,927,77
1728464352381277000,1250,2531,18,599,865,1
1728464352382126000,1542,1989,9,727,721,0
1728464352382968000,1827,1727,2,844,596,0
1728464352383810000,2125,1420,0,939,455,0
1728464352384652000,2449,1095,145,1020,334,69
1728464352385495000,2557,763,407,1059,200,175
1728464352386337000,2575,462,687,1086,110,341
1728464352387179000,2359,213,997,1129,42,542
1728464352388021000,2344,21,1359,1007,0,658
1728464352388863000,1920,5,1692,877,1,801
1728464352389705000,1646,9,2000,736,0,916
1728464352390547000,1345,1,2467,583,23,1012
1728464352391389000,1018,154,2588,427,94,1089
1728464352392231000,693,388,2657,277,202,1129
1728464352393074000,407,683,2663,175,345,1137
1728464352393917000,174,999,2608,89,493,1095
1728464352394759000,0,1320,2524,30,619,1023
1728464352395614000,0,1603,2156,0,759,907
1728464352396456000,0,1903,1844,0,853,757
1728464352397298000,0,2419,1511,0,932,565
1728464352398140000,162,2744,1059,79,960,413
1728464352398983000,397,2925,736,192,969,261
1728464352399826000,689,2929,417,334,962,167
1728464352400669000,1000,2744,181,501,907,64
1728464352401511000,1338,2422,0,646,834,0
1728464352402353000,1620,2012,2,761,710,0
1728464352403195000,1896,1715,0,876,576,0
1728464352404037000,2336,1411,6,960,440,5
1728464352404879000,2464,1066,186,1039,312,90
1728464352405721000,2545,741,454,1062,234,199
1728464352406563000,2488,331,746,1089,165,375
1728464352407405000,2449,132,1088,1055,74,542
1728464352408247000,2308,0,1445,979,0,706
1728464352409094000,1856,13,1778,847,0,835
1728464352409936000,1567,4,2073,692,0,960
1728464352410777000,1270,33,2503,540,37,1026
1728464352411619000,932,210,2612,389,116,1102
1728464352412461000,633,449,2672,249,229,1127
1728464352413304000,345,745,2671,155,373,1136
1728464352414146000,130,1088,2582,69,533,1084
1728464352414988000,9,1408,2454,69,631,986
1728464352415830000,82,1699,2046,11,722,844
1728464352416671000,81,1958,1729,15,818,682
1728464352417513000,64,2503,1344,7,902,531
1728464352418355000,213,2814,986,101,960,366
1728464352419198000,472,2937,645,220,975,237
1728464352420041000,766,2895,354,381,954,129
1728464352420884000,1096,2670,101,533,908,41
1728464352421726000,1415,2320,8,667,799,0
1728464352422571000,1678,1871,5,784,677,0
1728464352423413000,1943,1581,0,885,533,0
1728464352424255000,2369,1266,52,969,399,30
1728464352425097000,2477,980,274,1024,271,107
1728464352425939000,2524,603,629,1066,175,264
1728464352426782000,2492,338,921,1072,116,430
1728464352427624000,2405,100,1177,1039,18,596
1728464352428465000,2226,15,1525,941,4,739
1728464352429307000,1780,2,1856,815,0,861
1728464352430149000,1488,2,2141,653,0,961
1728464352430991000,1178,75,2529,501,48,1056
1728464352431833000,863,280,2608,346,129,1108
1728464352432676000,543,545,2686,231,277,1132
1728464352433519000,306,854,2652,121,421,1112
1728464352434361000,66,1169,2557,55,548,1049
1728464352435203000,5,1486,2280,8,674,903
1728464352436056000,0,1906,1902,17,777,773
1728464352436898000,0,2167,1589,10,869,601
1728464352437740000,71,2613,1248,36,929,493
1728464352438583000,287,2860,896,134,963,334
1728464352439426000,546,2940,565,273,970,205
1728464352440269000,854,2839,286,425,937,98
1728464352441112000,1186,2582,64,579,884,22
1728464352441953000,1567,2084,6,707,761,0
1728464352442795000,1854,1778,4,832,621,0
1728464352443637000,2096,1472,5,924,489,0
1728464352444479000,2448,1169,90,1000,367,58
1728464352445321000,2538,832,314,1120,234,166
1728464352446164000,2446,514,599,1136,133,350
1728464352447006000,2429,250,960,1109,49,484
1728464352447848000,2375,45,1271,1013,2,626
1728464352448690000,1984,9,1615,905,0,775
1728464352449534000,1709,2,1936,781,0,885
1728464352450376000,1405,0,2195,615,0,992
1728464352451218000,1094,133,2566,450,73,1082
1728464352452061000,778,354,2656,303,175,1115
1728464352452904000,469,621,2669,194,312,1137
1728464352453746000,219,938,2616,107,458,1103
1728464352454588000,21,1261,2527,30,589,1039
1728464352455430000,0,1600,2163,0,707,916
1728464352456272000,0,1888,1884,10,791,832
1728464352457114000,0,2153,1589,0,925,613
1728464352457955000,122,2694,1140,58,946,450
1728464352458797000,354,2897,808,160,971,302
1728464352459640000,617,2930,488,322,966,177
1728464352460483000,942,2784,218,460,925,81
1728464352461325000,1264,2499,18,614,850,2
1728464352462167000,1557,2061,0,743,745,0
1728464352463016000,1833,1712,0,851,602,0
1728464352463857000,2182,1409,0,941,453,0
1728464352464699000,2431,1112,138,1021,328,41
1728464352465541000,2528,825,383,1093,220,157
1728464352466384000,2539,495,685,1075,162,310
1728464352467227000,2452,151,1007,1058,96,501
1728464352468069000,2346,26,1376,992,0,677
1728464352468911000,1904,2,1709,876,0,799
1728464352469752000,1636,0,2014,730,0,916
1728464352470594000,1331,6,2469,564,15,1016
1728464352471436000,1005,169,2597,413,98,1089
1728464352472278000,690,379,2660,285,214,1113
1728464352473121000,413,685,2657,168,338,1121
1728464352473964000,158,1017,2612,85,485,1103
1728464352474806000,68,1344,2509,16,602,1020
1728464352475648000,75,1624,2096,13,697,877
1728464352476500000,77,1904,1785,17,793,709
1728464352477342000,32,2442,1410,0,895,562
1728464352478184000,173,2759,1045,78,948,397
1728464352479026000,413,2919,709,207,975,261
1728464352479869000,707,2909,405,352,953,146
1728464352480712000,1017,2724,154,503,913,64
1728464352481553000,1349,2414,0,642,832,0
1728464352482395000,1623,1917,1,765,696,0
1728464352483237000,1884,1633,4,869,562,0
1728464352484079000,2340,1355,18,960,427,16
1728464352484921000,2454,1043,226,1013,296,88
1728464352485764000,2522,662,566,1067,192,217
1728464352486606000,2498,405,852,1073,116,383
1728464352487448000,2420,144,1112,1050,29,551
1728464352488290000,2302,0,1461,965,0,709
1728464352489132000,1837,1,1796,842,0,828
1728464352489977000,1563,5,2090,690,0,936
1728464352490819000,1248,38,2511,542,36,1040
1728464352491661000,925,227,2616,375,122,1097
1728464352492503000,612,470,2671,250,253,1114
1728464352493346000,342,777,2655,139,388,1124
1728464352494188000,114,1103,2586,69,528,1080
1728464352495030000,0,1504,2425,37,661,944
1728464352495872000,0,1811,1949,26,761,805
1728464352496714000,4,2063,1641,26,865,645
1728464352497556000,39,2531,1315,26,917,520
1728464352498398000,232,2816,964,107,960,362
1728464352499241000,489,2931,624,241,975,229
1728464352500084000,788,2880,335,382,943,122
1728464352500926000,1103,2656,106,542,894,41
1728464352501768000,1492,2294,21,682,786,0
1728464352502610000,1775,1843,2,800,650,0
1728464352503471000,2032,1550,0,911,522,0
1728464352504313000,2416,1241,53,985,395,29
1728464352505156000,2381,893,267,1112,247,173
1728464352505999000,2480,576,576,1127,162,296
1728464352506842000,2483,320,842,1033,77,431
1728464352507684000,2400,96,1198,1033,18,600
1728464352508526000,2144,13,1540,932,0,746
1728464352509368000,1770,0,1865,808,0,864
1728464352510210000,1484,1,2153,649,0,967
1728464352511051000,1160,70,2544,497,52,1056
1728464352511893000,821,293,2649,338,146,1113
1728464352512735000,516,565,2675,217,285,1143
1728464352513578000,282,851,2643,107,442,1125
1728464352514420000,43,1188,2551,43,558,1053
1728464352515262000,0,1526,2250,1,690,936
1728464352516104000,0,1801,1969,2,828,817
1728464352516939000,0,2055,1656,0,896,639
1728464352517781000,72,2617,1237,41,930,480
1728464352518623000,290,2866,875,133,970,325
1728464352519466000,564,2943,559,278,975,200
1728464352520309000,881,2836,262,421,956,101
1728464352521152000,1194,2575,64,589,875,13
1728464352521994000,1489,2065,10,714,764,0
1728464352522835000,1782,1776,0,832,639,0
1728464352523677000,2038,1485,0,917,493,0
1728464352524519000,2409,1212,97,1008,357,24
1728464352525362000,2520,889,313,1074,242,126
1728464352526204000,2553,541,605,1070,225,282
1728464352527047000,2463,194,933,1076,117,471
1728464352527889000,2368,52,1284,1012,0,641
1728464352528730000,1966,5,1635,905,0,776
1728464352529572000,1690,0,1955,762,0,898
1728464352530425000,1398,0,2192,610,4,992
1728464352531267000,1072,126,2576,448,64,1073
1728464352532109000,750,334,2663,309,185,1113
1728464352532952000,468,634,2670,186,314,1127
1728464352533794000,217,952,2631,104,460,1107
1728464352534636000,83,1261,2528,30,569,1035
1728464352535478000,101,1561,2162,0,674,920
1728464352536320000,64,1875,1840,0,784,771
1728464352537162000,28,2266,1498,0,882,589
1728464352538004000,126,2701,1138,69,937,429
1728464352538847000,349,2899,792,174,967,289
1728464352539690000,649,2928,472,320,963,169
1728464352540533000,960,2765,202,474,932,79
1728464352541375000,1283,2476,18,618,844,4
1728464352542216000,1558,1971,99,744,730,0
1728464352543058000,1849,1692,64,855,599,0
1728464352543912000,2304,1389,37,937,463,1
1728464352544754000,2430,1073,245,1009,359,86
1728464352545596000,2508,737,496,1063,261,229
1728464352546438000,2506,462,752,1062,111,356
1728464352547280000,2453,188,1025,1059,42,512
1728464352548122000,2332,2,1383,991,0,676
1728464352548964000,1898,5,1721,862,0,812
1728464352549806000,1620,7,2025,720,0,919
1728464352550648000,1311,12,2481,565,16,1010
1728464352551490000,992,186,2608,404,98,1095
1728464352552332000,689,428,2665,265,226,1116
1728464352553175000,397,719,2637,157,363,1122
1728464352554017000,139,1035,2595,81,500,1088
1728464352554859000,0,1452,2470,45,640,967
1728464352555701000,21,1737,2003,20,749,846
1728464352556543000,25,2008,1738,17,827,696
1728464352557385000,0,2466,1404,2,906,564
1728464352558227000,192,2772,1036,82,960,397
1728464352559070000,425,2936,698,202,974,260
1728464352559913000,720,2912,378,350,960,149
1728464352560756000,1039,2719,141,514,917,58
1728464352561598000,1419,2382,0,657,811,0
1728464352562440000,1714,1896,1,771,687,0
1728464352563282000,1974,1615,0,884,549,0
1728464352564124000,2375,1298,26,969,420,8
1728464352564966000,2335,949,200,1099,261,146
1728464352565808000,2474,636,523,1128,175,273
1728464352566650000,2480,363,784,1004,93,380
1728464352567492000,2428,133,1130,1042,31,557
1728464352568334000,2289,0,1478,961,0,711
1728464352569176000,1827,8,1803,843,0,845
1728464352570017000,1544,5,2107,671,0,956
1728464352570868000,1231,53,2520,518,33,1037
1728464352571710000,882,215,2624,367,130,1109
1728464352572552000,591,500,2668,239,247,1127
1728464352573394000,314,802,2669,144,399,1127
1728464352574236000,97,1130,2584,42,533,1095
1728464352575078000,0,1423,2506,0,690,986
1728464352575920000,0,1726,2056,5,806,850
1728464352576762000,0,1988,1740,0,879,685
1728464352577604000,42,2560,1304,23,912,510
1728464352578447000,250,2824,933,118,971,354
1728464352579290000,507,2944,612,254,970,220
1728464352580133000,801,2869,322,399,947,122
1728464352580976000,1122,2655,93,543,889,46
1728464352581817000,1448,2265,0,688,801,0
1728464352582659000,1714,1837,0,811,664,0
1728464352583501000,1984,1546,0,894,522,0
1728464352584349000,2383,1253,69,988,379,20
1728464352585191000,2497,966,261,1081,281,98
1728464352586033000,2563,641,541,1088,142,250
1728464352586875000,2477,228,885,1074,138,425
1728464352587717000,2388,94,1212,1023,10,610
1728464352588559000,2104,17,1570,928,0,754
1728464352589401000,1752,14,1890,800,0,872
1728464352590243000,1457,0,2160,637,0,975
1728464352591085000,1143,85,2552,476,50,1060
1728464352591927000,834,298,2639,341,157,1098
1728464352592769000,520,557,2668,212,274,1131
1728464352593612000,258,877,2640,116,433,1107
1728464352594454000,98,1180,2549,52,554,1052
1728464352595296000,64,1488,2188,0,660,937
1728464352596138000,45,1789,1869,0,765,786
1728464352596980000,0,2046,1566,31,871,634
1728464352597834000,87,2636,1208,40,932,466
1728464352598677000,305,2878,855,146,974,309
1728464352599520000,576,2941,522,277,973,197
1728464352600363000,884,2831,257,434,933,85
1728464352601205000,1216,2563,41,591,871,26
1728464352602047000,1504,2041,10,707,760,0
1728464352602889000,1783,1772,1,832,626,0
1728464352603731000,2036,1464,0,923,484,0
1728464352604573000,2412,1136,181,992,344,45
1728464352605416000,2497,816,427,1053,274,184
1728464352606259000,2513,535,682,1073,138,411
1728464352607101000,2472,245,968,1068,64,480
1728464352607943000,2355,42,1303,1012,0,645
1728464352608785000,1950,2,1649,892,0,783
1728464352609627000,1674,5,1959,756,0,894
1728464352610469000,1382,0,2226,610,2,1000
1728464352611317000,1063,137,2567,415,64,1077
1728464352612159000,745,367,2649,302,196,1100
1728464352613001000,453,648,2660,186,326,1129
1728464352613844000,193,960,2624,85,469,1093
1728464352614686000,0,1208,2494,20,669,1017
1728464352615528000,0,1496,2073,0,780,894
1728464352616370000,16,1927,1794,0,849,721
1728464352617211000,0,2343,1493,0,885,593
1728464352618053000,142,2712,1112,64,954,428
1728464352618895000,368,2905,773,175,970,281
1728464352619738000,650,2929,452,320,971,169
1728464352620581000,962,2771,195,471,925,64
1728464352621423000,1283,2464,4,690,835,2
1728464352622265000,1637,1953,0,747,725,0
1728464352623106000,1903,1686,5,862,576,0
1728464352623948000,2334,1378,0,945,448,0
1728464352624794000,2312,1038,142,1094,314,118
1728464352625637000,2466,719,449,1120,202,247
1728464352626479000,2496,434,718,1016,98,362
1728464352627321000,2451,182,1050,1064,37,524
1728464352628163000,2330,10,1395,982,0,678
1728464352629004000,1879,13,1735,864,0,832
1728464352629846000,1607,1,2032,713,0,927
1728464352630688000,1302,8,2485,576,11,1013
1728464352631530000,954,188,2607,402,101,1100
1728464352632372000,649,448,2670,260,218,1147
1728464352633215000,378,729,2660,156,372,1129
1728464352634057000,133,1022,2594,71,505,1098
1728464352634899000,0,1376,2546,5,662,1017
1728464352635741000,0,1653,2129,2,764,900
1728464352636583000,0,1941,1791,0,881,714
1728464352637425000,1,2464,1382,0,897,545
1728464352638272000,192,2776,1023,97,962,389
1728464352639115000,448,2942,688,206,971,261
1728464352639958000,746,2904,391,362,964,133
1728464352640800000,1050,2707,133,523,907,56
1728464352641642000,1379,2368,0,645,811,0
1728464352642484000,1657,1909,0,777,695,0
1728464352643326000,1937,1607,0,889,559,0
1728464352644168000,2360,1302,22,961,414,5
1728464352645010000,2445,1079,224,1045,296,64
1728464352645852000,2546,736,485,1102,197,228
1728464352646694000,2530,401,794,1080,137,394
1728464352647536000,2413,114,1145,1051,26,569
1728464352648378000,2280,8,1485,949,0,723
1728464352649220000,1816,10,1815,824,0,849
1728464352650062000,1520,0,2116,673,0,956
1728464352650904000,1216,53,2521,514,40,1044
1728464352651763000,891,253,2624,360,129,1092
1728464352652606000,594,498,2672,240,258,1127
1728464352653449000,320,806,2656,144,380,1116
1728464352654291000,110,1121,2573,68,533,1072
1728464352655133000,64,1456,2370,2,650,975
1728464352655975000,65,1741,1948,0,743,828
1728464352656817000,13,2009,1629,40,846,665
1728464352657659000,45,2567,1275,21,925,497
1728464352658502000,257,2843,928,121,971,348
1728464352659345000,516,2944,594,258,975,225
1728464352660188000,825,2860,302,407,945,105
1728464352661031000,1140,2614,73,576,884,28
1728464352661873000,1444,2184,18,686,777,0
1728464352662715000,1722,1825,18,804,654,0
1728464352663557000,1996,1517,48,914,520,0
1728464352664399000,2392,1193,168,982,386,45
1728464352665239000,2487,865,389,1044,296,166
1728464352666081000,2522,586,645,1080,144,388
1728464352666923000,2498,287,893,1082,74,450
1728464352667765000,2390,72,1244,1029,10,610
1728464352668607000,2052,16,1584,917,0,759
1728464352669449000,1743,7,1908,784,0,880
1728464352670291000,1444,0,2173,639,0,975
1728464352671133000,1145,92,2547,466,66,1065
1728464352671975000,818,320,2644,321,149,1097
1728464352672817000,498,587,2673,207,299,1124
1728464352673660000,257,896,2643,114,435,1128
1728464352674502000,52,1180,2532,25,650,1040
1728464352675344000,0,1448,2160,0,770,930
1728464352676186000,0,1756,1856,9,856,776
1728464352677028000,0,2063,1551,2,874,617
1728464352677870000,100,2648,1188,52,937,459
1728464352678719000,320,2883,834,149,960,311
1728464352679562000,590,2938,513,290,970,194
1728464352680405000,905,2819,238,448,935,87
1728464352681247000,1274,2542,34,592,856,10
1728464352682088000,1594,2010,0,729,744,0
1728464352682930000,1862,1745,1,834,603,0
1728464352683772000,2092,1453,0,932,480,0
1728464352684614000,2465,1108,133,1014,329,73
1728464352685456000,2423,794,346,1121,224,222
1728464352686299000,2476,469,688,1120,120,335
1728464352687142000,2469,226,977,1070,56,491
1728464352687983000,2355,34,1328,1003,0,645
1728464352688825000,1929,4,1673,889,0,791
1728464352689667000,1666,5,1986,752,0,908
1728464352690509000,1369,5,2335,597,5,1012
1728464352691351000,1038,150,2581,421,98,1088
1728464352692202000,716,381,2657,298,194,1127
1728464352693045000,426,670,2667,181,338,1130
1728464352693888000,188,967,2613,97,482,1103
1728464352694730000,0,1319,2548,14,622,1029
1728464352695572000,0,1615,2144,5,744,910
1728464352696414000,0,1920,1842,0,821,746
1728464352697256000,0,2388,1452,0,887,591
1728464352698098000,154,2719,1095,69,960,415
1728464352698941000,385,2914,760,186,968,282
1728464352699784000,666,2920,445,334,962,167
1728464352700627000,983,2758,173,481,920,66
1728464352701469000,1312,2495,0,632,838,0
1728464352702311000,1593,1999,0,752,715,0
1728464352703153000,1872,1712,0,862,587,0
1728464352703995000,2335,1389,0,949,441,0
1728464352704837000,2450,1122,160,1058,335,56
1728464352705685000,2554,766,417,1066,215,202
1728464352706527000,2503,332,736,1071,179,363
1728464352707369000,2443,175,1069,1059,41,545
1728464352708211000,2328,4,1410,973,0,697
1728464352709053000,1869,8,1748,860,0,820
1728464352709895000,1584,0,2055,712,0,934
1728464352710737000,1288,18,2488,548,27,1032
1728464352711579000,962,192,2608,379,81,1091
1728464352712421000,650,448,2672,269,226,1126
1728464352713263000,368,727,2669,159,354,1121
1728464352714106000,106,1054,2595,101,504,1100
1728464352714948000,0,1376,2438,66,645,1026
1728464352715790000,0,1674,1966,69,729,898
1728464352716632000,0,1951,1707,45,832,712
1728464352717474000,20,2483,1359,10,911,540
1728464352718316000,209,2784,1005,90,956,373
1728464352719209000,453,2932,670,225,972,245
1728464352720052000,749,2887,374,370,952,130
1728464352720895000,1073,2695,110,525,905,50
1728464352721737000,1402,2352,79,661,816,0
1728464352722579000,1668,1888,23,791,678,0
1728464352723420000,1935,1600,8,884,550,0
1728464352724262000,2380,1289,26,962,410,18
1728464352725104000,2480,944,337,1035,330,144
1728464352725947000,2507,651,578,1072,171,262
1728464352726789000,2503,341,807,1077,89,448
1728464352727631000,2414,133,1155,1040,26,581
1728464352728473000,2272,2,1507,952,0,723
1728464352729315000,1795,6,1836,820,0,860
1728464352730157000,1510,1,2115,668,0,954
1728464352730999000,1208,54,2528,511,45,1037
1728464352731841000,885,264,2639,352,133,1111
1728464352732684000,558,522,2675,241,270,1122
1728464352733527000,306,826,2657,129,405,1119
1728464352734369000,119,1200,2551,45,617,1061
1728464352735210000,0,1353,2360,0,746,946
1728464352736052000,0,1661,1930,0,852,818
1728464352736894000,0,2027,1616,0,855,655
1728464352737736000,52,2581,1271,28,924,494
1728464352738578000,261,2848,921,122,960,343
1728464352739421000,521,2933,591,265,972,213
1728464352740264000,834,2856,296,410,955,111
1728464352741106000,1181,2609,74,568,875,42
1728464352741948000,1506,2131,17,704,776,0
1728464352742790000,1816,1799,0,816,639,0
1728464352743632000,2031,1504,0,918,509,0
1728464352744474000,2371,1176,66,1066,356,66
1728464352745316000,2430,850,308,1102,255,205
1728464352746133000,2480,538,591,1057,139,272
1728464352746976000,2484,269,897,1072,73,453
1728464352747818000,2387,75,1244,1021,1,624
1728464352748660000,2002,8,1600,918,0,766
1728464352749502000,1728,2,1907,777,0,882
1728464352750344000,1435,0,2174,629,0,981
1728464352751186000,1100,117,2559,444,71,1075
1728464352752028000,796,325,2639,309,177,1114
1728464352752871000,494,611,2672,205,309,1129
1728464352753714000,217,911,2610,104,453,1120
1728464352754556000,45,1234,2450,27,578,1112
1728464352755398000,0,1525,2047,0,705,1012
1728464352756240000,0,1801,1769,5,813,845
1728464352757082000,0,2089,1532,0,873,620
1728464352757924000,102,2676,1167,49,939,441
1728464352758767000,330,2886,818,157,970,306
1728464352759616000,599,2935,506,304,969,181
1728464352760459000,917,2809,224,452,940,89
1728464352761301000,1252,2498,23,604,902,1
1728464352762143000,1529,1973,5,733,785,0
1728464352762985000,1818,1712,0,841,651,0
1728464352763827000,2099,1474,0,940,492,0
1728464352764668000,2416,1000,149,1006,407,53
1728464352765511000,2510,704,367,1084,267,186
1728464352766353000,2543,431,677,1088,49,330
1728464352767196000,2471,207,995,1067,56,500
1728464352768038000,2349,29,1345,988,0,666
1728464352768880000,1919,6,1687,886,0,789
1728464352769722000,1657,0,1991,739,0,909
1728464352770563000,1356,0,2455,593,13,1010
1728464352771405000,1031,148,2604,415,72,1101
1728464352772247000,711,398,2671,291,194,1133
1728464352774510000,437,679,2660,173,350,1129
1728464352775352000,137,996,2619,117,477,1106
1728464352776194000,0,1298,2519,57,601,1035
1728464352777036000,0,1609,2087,21,719,907
1728464352777878000,0,1918,1762,0,826,736
1728464352778720000,0,2411,1434,8,894,576
1728464352779562000,162,2743,1080,77,949,409
1728464352780405000,399,2919,729,196,967,281
1728464352781248000,687,2918,421,343,960,151
1728464352782091000,1001,2752,156,495,921,65
1728464352782933000,1328,2431,21,630,824,52
1728464352783774000,1615,1946,21,765,704,41
1728464352784616000,1890,1653,33,869,585,39
1728464352785457000,2334,1360,28,949,442,96
1728464352786299000,2455,995,132,1019,299,170
1728464352787141000,2551,712,402,1073,213,286
1728464352787983000,2523,400,751,1070,114,378
1728464352788825000,2434,164,1091,1058,33,544
1728464352789666000,2313,0,1452,975,0,705
1728464352790508000,1856,7,1775,846,0,844
1728464352791350000,1575,1,2072,704,0,933
1728464352792192000,1268,22,2506,551,34,1032
1728464352793034000,947,212,2624,386,114,1090
1728464352793876000,634,457,2669,261,242,1141
1728464352794719000,357,730,2640,144,389,1120
1728464352795561000,114,1014,2571,98,558,1070
1728464352796403000,0,1344,2460,29,683,974
1728464352797245000,0,1636,1965,10,781,842
1728464352798087000,0,1968,1680,2,842,694
1728464352798929000,18,2502,1351,16,913,532
1728464352799771000,216,2800,980,100,968,377
1728464352800614000,474,2939,647,228,982,234
1728464352801467000,771,2887,349,377,963,136
1728464352802310000,1068,2672,110,583,882,42
1728464352803152000,1386,2328,18,715,796,0
1728464352803994000,1672,1872,0,816,680,0
1728464352804836000,1937,1575,0,930,537,0
1728464352805678000,2284,1260,33,1048,389,73
1728464352806520000,2438,927,277,1074,269,138
1728464352807363000,2511,616,513,1026,170,254
1728464352808205000,2509,325,828,1088,93,417
1728464352809047000,2409,110,1171,1034,10,591
1728464352809889000,2224,14,1523,945,0,729
1728464352810731000,1789,0,1843,820,0,864
1728464352811573000,1504,0,2140,659,0,967
1728464352812415000,1170,82,2537,490,42,1053
1728464352813257000,850,267,2636,353,159,1116
1728464352814099000,564,529,2665,229,272,1129
1728464352814943000,268,839,2654,130,414,1130
1728464352815785000,64,1143,2476,34,543,1143
1728464352816627000,0,1464,2226,0,688,1022
1728464352817469000,0,1755,1839,10,800,884
1728464352818311000,0,2035,1594,0,868,655
1728464352819153000,66,2591,1264,32,917,481
1728464352819996000,273,2845,901,130,965,340
1728464352820839000,550,2944,576,266,970,207
1728464352821682000,849,2849,279,419,951,106
1728464352822525000,1169,2579,64,576,910,11
1728464352823367000,1472,2094,16,710,804,0
1728464352824209000,1765,1776,0,825,693,0
1728464352825050000,2021,1487,0,911,543,0
1728464352825892000,2407,1105,87,996,421,28
1728464352826734000,2515,783,303,1071,293,145
1728464352827577000,2550,500,580,1072,81,297
1728464352828425000,2480,265,924,1075,73,469
1728464352829267000,2371,64,1258,1012,0,631
1728464352830109000,1977,9,1612,912,0,767
1728464352830950000,1711,0,1929,773,0,889
1728464352831792000,1418,2,2175,628,0,995
1728464352832634000,1112,121,2575,456,58,1080
1728464352833476000,777,335,2655,325,171,1127
1728464352834319000,463,617,2681,197,308,1145
1728464352835162000,202,917,2631,117,441,1107
1728464352836004000,0,1236,2559,81,587,1069
1728464352836845000,0,1551,2145,30,699,945
1728464352837687000,0,1849,1868,25,792,772
1728464352838528000,0,2147,1525,0,876,610
1728464352839370000,122,2684,1157,57,947,448
1728464352840213000,350,2895,816,173,970,296
1728464352841056000,623,2932,492,302,969,178
1728464352841907000,933,2798,221,463,925,85
1728464352842748000,1253,2494,113,611,860,4
1728464352843590000,1543,1980,0,743,746,0
1728464352844431000,1828,1716,1,836,605,0
1728464352845273000,2183,1429,0,934,470,0
1728464352846115000,2438,1040,245,1012,356,90
1728464352846958000,2511,782,461,1058,258,216
1728464352847800000,2518,453,633,1081,125,397
1728464352848643000,2460,206,1014,1059,45,511
1728464352849485000,2348,16,1360,992,0,658
1728464352850327000,1904,0,1700,880,0,799
1728464352851169000,1637,1,1999,723,0,917
1728464352852011000,1338,5,2474,576,2,1014
1728464352852853000,1012,164,2598,413,96,1080
1728464352853695000,706,409,2662,277,210,1122
1728464352854538000,410,693,2681,173,348,1143
1728464352855386000,194,1068,2593,79,557,1088
1728464352856228000,9,1248,2481,13,692,992
1728464352857070000,0,1524,2037,0,814,873
1728464352857912000,0,1916,1747,0,832,737
1728464352858754000,0,2433,1420,2,893,561
1728464352859596000,161,2748,1063,82,956,405
1728464352860439000,412,2920,719,195,972,269
1728464352861282000,703,2915,414,343,965,155
1728464352862125000,1036,2725,154,510,903,66
1728464352862967000,1319,2402,0,697,825,0
1728464352863809000,1612,1915,0,811,705,0
1728464352864651000,1888,1638,0,884,565,0
1728464352865493000,2284,1329,34,1010,418,37
1728464352866335000,2433,965,217,1072,294,96
1728464352867177000,2496,657,462,994,175,225
1728464352868019000,2510,375,772,1088,104,388
1728464352868878000,2433,154,1103,1048,37,560
1728464352869720000,2311,0,1456,967,0,701
1728464352870562000,1841,4,1789,844,0,841
1728464352871404000,1564,1,2079,688,0,944
1728464352872246000,1257,36,2508,522,20,1031
1728464352873088000,910,224,2627,375,122,1105
1728464352873930000,608,480,2666,235,254,1139
1728464352874773000,338,780,2663,148,382,1130
1728464352875616000,96,1092,2529,53,554,1145
1728464352876458000,0,1417,2408,2,670,1033
1728464352877300000,0,1741,1863,0,748,935
1728464352878141000,0,1991,1663,1,847,686
1728464352878983000,36,2531,1330,20,919,520
1728464352879825000,225,2821,965,106,967,366
1728464352880668000,482,2936,629,233,975,240
1728464352881511000,777,2893,340,383,960,125
1728464352882350000,1101,2705,90,536,917,29
1728464352883192000,1421,2353,0,674,805,0
1728464352884033000,1716,1926,0,800,681,0
1728464352884875000,1964,1599,1,905,536,0
1728464352885717000,2404,1344,45,999,415,5
1728464352886560000,2503,951,253,1031,359,103
1728464352887402000,2534,535,538,1103,249,263
1728464352888245000,2503,321,860,1080,74,429
1728464352889087000,2400,100,1199,1036,16,598
1728464352889929000,2163,22,1541,938,0,747
1728464352890771000,1783,9,1868,809,0,867
1728464352891613000,1475,0,2155,658,0,972
1728464352892455000,1174,79,2546,483,47,1056
1728464352893297000,855,287,2638,349,144,1103
1728464352894140000,554,543,2672,226,287,1140
1728464352894982000,253,845,2647,141,413,1125
1728464352895831000,0,1151,2591,85,549,1055
1728464352896673000,0,1472,2230,42,675,943
1728464352897515000,0,1778,1890,0,785,792
1728464352898357000,0,2056,1589,8,866,648
1728464352899199000,76,2608,1231,33,931,476
1728464352900042000,294,2866,875,138,962,331
1728464352900885000,570,2936,546,275,982,204
1728464352901727000,867,2848,267,434,936,101
1728464352902570000,1174,2575,114,580,867,17
1728464352903411000,1488,2087,56,707,775,4
1728464352904253000,1780,1785,20,821,640,0
1728464352905095000,2017,1496,41,926,498,0
1728464352905937000,2409,1180,173,1000,383,64
1728464352906779000,2491,818,250,1050,228,270
1728464352907622000,2522,518,594,1088,157,359
1728464352908465000,2481,256,941,1075,64,489
1728464352909319000,2368,53,1292,1010,0,629
1728464352910161000,1969,8,1622,914,0,788
1728464352911003000,1705,2,1946,763,0,906
1728464352911845000,1394,0,2199,618,0,992
1728464352912687000,1074,121,2576,455,77,1080
1728464352913529000,775,354,2644,320,188,1121
1728464352914372000,471,610,2676,194,320,1133
1728464352915215000,221,890,2630,114,496,1103
1728464352916057000,26,1231,2520,26,520,1020
1728464352916899000,1,1526,2098,0,654,912
1728464352917741000,0,1856,1823,0,802,767
1728464352918583000,0,2225,1511,2,881,593
1728464352919425000,127,2684,1145,64,946,434
1728464352920268000,357,2895,794,168,968,300
1728464352921111000,639,2929,473,311,979,173
1728464352921954000,949,2783,205,481,917,70
1728464352922796000,1256,2483,14,609,846,0
1728464352923638000,1548,1986,0,723,738,2
1728464352924480000,1835,1708,1,859,609,0
1728464352925321000,2272,1395,2,892,450,0
1728464352926163000,2417,1049,139,977,334,64
1728464352927005000,2503,746,400,1041,210,234
1728464352927848000,2523,442,700,1088,132,354
1728464352928691000,2456,197,1027,1066,42,526
1728464352929533000,2328,17,1382,989,0,666
1728464352930375000,1896,5,1711,872,0,816
1728464352931216000,1632,0,2007,725,0,921
1728464352932058000,1309,0,2488,576,13,1012
1728464352932900000,1000,165,2603,409,110,1097
1728464352933743000,682,427,2656,274,229,1140
1728464352934586000,387,704,2652,165,352,1129
1728464352935429000,171,1027,2575,85,511,1144
1728464352936274000,0,1330,2446,9,646,1060
1728464352937115000,0,1643,1969,0,762,935
1728464352937957000,0,1921,1740,1,832,720
1728464352938798000,0,2440,1405,0,901,554
1728464352939640000,178,2755,1051,82,960,394
1728464352940483000,426,2926,706,201,975,269
1728464352941326000,714,2915,410,350,963,146
1728464352942169000,1023,2695,142,513,960,50
1728464352943010000,1359,2375,0,651,875,0
1728464352943852000,1642,1900,1,776,738,0
1728464352944694000,1920,1606,0,879,594,0
1728464352945536000,2323,1248,23,972,484,10
1728464352946378000,2468,925,197,1051,334,83
1728464352947221000,2528,621,455,1059,132,232
1728464352948063000,2511,365,783,1088,96,389
1728464352948905000,2417,132,1118,1044,26,562
1728464352949759000,2295,0,1466,954,0,714
1728464352950601000,1827,6,1796,832,0,842
1728464352951443000,1535,10,2093,687,0,951
1728464352952285000,1249,40,2515,527,42,1034
1728464352953127000,917,234,2624,375,117,1102
1728464352953969000,596,488,2687,247,245,1143
1728464352954812000,303,786,2662,138,378,1132
1728464352955654000,31,1111,2578,0,526,1060
1728464352956496000,0,1434,2410,0,661,981
1728464352957338000,0,1728,1957,0,761,852
1728464352958180000,0,2015,1652,2,850,680
1728464352959022000,53,2534,1304,26,930,508
1728464352959865000,244,2827,946,122,960,362
1728464352960708000,501,2940,610,247,978,229
1728464352961551000,800,2874,324,401,946,113
1728464352962393000,1107,2627,84,554,886,85
1728464352963242000,1440,2261,0,687,796,53
1728464352964084000,1715,1836,0,801,658,46
1728464352964926000,1973,1552,0,901,529,53
1728464352965768000,2397,1218,0,992,383,117
1728464352966610000,2491,872,218,1069,282,201
1728464352967453000,2528,576,548,1070,165,220
1728464352968295000,2496,311,878,1078,74,453
1728464352969137000,2406,90,1216,1030,26,600
1728464352969979000,2113,9,1559,937,0,752
1728464352970821000,1760,2,1895,794,0,879
1728464352971663000,1470,8,2158,644,0,978
1728464352972505000,1157,85,2556,487,69,1057
1728464352973347000,834,302,2643,335,157,1119
1728464352974189000,526,568,2688,218,290,1146
1728464352975032000,258,840,2631,129,471,1120
1728464352975874000,64,1157,2545,34,525,1042
1728464352976725000,0,1472,2191,0,626,939
1728464352977567000,0,1790,1888,5,815,800
1728464352978408000,0,2056,1571,0,868,637
1728464352979250000,85,2627,1216,42,933,459
1728464352980092000,297,2880,857,144,971,327
1728464352980935000,574,2939,544,279,976,198
1728464352981778000,872,2831,250,435,943,105
1728464352982621000,1199,2557,43,616,868,9
1728464352983463000,1480,2055,9,750,756,0
1728464352984304000,1772,1765,0,869,625,0
1728464352985146000,1874,1472,0,992,488,28
1728464352985988000,2352,1141,133,1060,343,101
1728464352986831000,2477,799,369,1068,229,151
1728464352987673000,2521,501,636,1088,128,311
1728464352988515000,2467,241,962,1072,53,484
1728464352989357000,2369,45,1310,1006,0,647
1728464352990207000,1958,11,1648,904,0,783
1728464352991049000,1677,0,1972,757,0,897
1728464352991891000,1381,4,2220,602,21,999
1728464352992733000,1076,137,2572,436,81,1072
1728464352993575000,749,353,2656,303,193,1126
1728464352994418000,445,642,2678,185,327,1146
1728464352995261000,181,973,2645,91,471,1088
1728464352996102000,5,1267,2420,30,594,1122
1728464352996944000,0,1560,1989,0,695,1010
1728464352997786000,0,1871,1805,1,809,757
1728464352998628000,0,2324,1487,0,890,585
1728464352999470000,138,2706,1120,56,947,442
1728464353000313000,368,2901,780,178,965,293
1728464353001156000,650,2928,461,320,960,174
1728464353001999000,960,2793,198,480,981,70
1728464353002841000,1291,2449,1,610,893,0
1728464353003694000,1582,1955,5,751,778,0
1728464353004536000,1856,1671,1,852,624,0
1728464353005378000,2318,1265,0,943,533,0
1728464353006220000,2437,997,166,1036,388,71
1728464353007063000,2528,673,402,1061,122,198
1728464353007905000,2517,428,709,1080,113,361
1728464353008747000,2447,192,1040,1061,49,522
1728464353009589000,2330,5,1390,986,0,682
1728464353010431000,1889,8,1735,863,0,822
1728464353011273000,1606,5,2034,732,0,922
1728464353012115000,1313,0,2494,563,18,1022
1728464353012957000,981,196,2602,399,94,1110
1728464353013800000,658,422,2661,274,229,1141
1728464353014643000,380,714,2663,165,353,1141
1728464353015485000,106,1039,2586,53,510,1096
1728464353016327000,0,1349,2454,0,631,1020
1728464353020547000,0,1656,2010,0,728,894
1728464353021389000,0,1946,1730,13,832,710
1728464353022231000,10,2456,1397,9,906,545
1728464353023074000,193,2777,1031,89,953,397
1728464353023917000,426,2923,704,214,969,261
1728464353024760000,727,2903,393,353,960,141
1728464353025603000,1040,2704,127,517,913,88
1728464353026445000,1376,2361,0,651,824,13
1728464353027287000,1653,1901,0,775,686,0
1728464353028129000,1921,1615,0,880,559,20
1728464353028970000,2382,1314,0,970,448,69
1728464353029812000,2521,992,192,1042,285,18
1728464353030654000,2508,681,481,1083,181,221
1728464353031496000,2505,360,800,1078,92,409
1728464353032338000,2421,134,1129,1043,29,567
1728464353033180000,2284,0,1477,957,0,715
1728464353034022000,1819,0,1806,824,1,851
1728464353034863000,1535,0,2104,692,0,950
1728464353035705000,1221,45,2511,517,40,1031
1728464353036547000,898,254,2624,359,141,1119
1728464353037390000,596,496,2670,238,266,1129
1728464353038232000,306,754,2643,149,417,1111
1728464353039075000,123,1088,2584,58,477,1063
1728464353039917000,0,1422,2401,10,580,963
1728464353040758000,0,1730,1952,4,757,834
1728464353041600000,0,2016,1641,0,851,673
1728464353042441000,54,2563,1298,25,918,501
1728464353043284000,247,2832,937,121,965,357
1728464353044127000,519,2937,612,250,971,218
1728464353044970000,807,2855,313,414,949,114
1728464353045812000,1111,2616,92,579,881,34
1728464353046653000,1425,2215,14,714,786,0
1728464353047498000,1719,1817,0,832,669,0
1728464353048340000,1955,1522,27,944,500,0
1728464353049182000,2357,1204,85,922,377,10
1728464353050024000,2471,874,261,1002,264,174
1728464353050867000,2535,561,565,1089,158,279
1728464353051709000,2488,285,885,1088,78,450
1728464353052550000,2392,79,1217,1020,16,618
1728464353053392000,2063,17,1568,923,0,756
1728464353054234000,1740,0,1893,796,0,887
1728464353055076000,1438,2,2160,617,0,974
1728464353055918000,1125,104,2552,463,58,1061
1728464353056760000,809,300,2652,330,171,1122
1728464353057603000,512,570,2665,209,293,1138
1728464353058445000,233,907,2652,109,426,1194
1728464353059287000,36,1208,2451,37,569,1125
1728464353060129000,0,1498,2082,0,698,1014
1728464353060983000,0,1815,1869,4,789,786
1728464353061825000,0,2055,1550,0,874,622
1728464353062667000,97,2641,1197,37,932,465
1728464353063510000,307,2880,852,154,968,321
1728464353064353000,588,2936,522,282,968,194
1728464353065196000,890,2792,242,455,995,81
1728464353066038000,1224,2524,46,593,886,16
1728464353066880000,1518,1995,5,730,783,0
1728464353067722000,1804,1736,6,842,651,0
1728464353068564000,2082,1401,0,946,517,0
1728464353069406000,2443,1071,119,1034,378,46
1728464353070248000,2499,756,368,1063,177,183
1728464353071090000,2528,480,649,1088,136,324
1728464353071932000,2472,233,976,1072,57,487
1728464353072774000,2356,30,1322,1005,0,655
1728464353073616000,1942,4,1666,886,0,798
1728464353074467000,1674,5,1978,754,0,898
1728464353075309000,1381,0,2303,605,14,1010
1728464353076150000,1049,136,2584,437,74,1088
1728464353076992000,738,383,2672,301,194,1124
1728464353077834000,423,642,2671,194,327,1141
1728464353078677000,139,973,2620,42,459,1091
1728464353079519000,0,1291,2503,0,605,1033
1728464353080361000,0,1594,2047,0,722,902
1728464353081203000,0,1887,1785,2,809,740
1728464353082045000,0,2385,1465,1,904,585
1728464353082887000,146,2722,1098,74,951,425
1728464353083729000,378,2913,753,192,972,279
1728464353084572000,657,2924,434,324,967,162
1728464353085415000,967,2759,165,484,919,130
1728464353086257000,1310,2450,0,630,835,49
1728464353087099000,1587,1961,0,753,724,37
1728464353087986000,1879,1679,0,864,587,27
1728464353088828000,2328,1391,0,946,442,111
1728464353089670000,2440,1010,122,1033,325,159
1728464353090513000,2538,722,397,1076,213,258
1728464353091355000,2522,404,730,1092,117,366
1728464353092197000,2437,178,1068,1055,31,538
1728464353093039000,2318,9,1426,986,0,688
1728464353093880000,1873,0,1760,865,0,832
1728464353094722000,1600,6,2051,707,0,943
1728464353095564000,1295,21,2483,556,42,1021
1728464353096406000,971,192,2603,413,116,1090
1728464353097248000,654,437,2671,263,224,1132
1728464353098091000,356,704,2670,165,424,1138
1728464353098934000,132,1000,2584,94,578,1088
1728464353099775000,0,1329,2472,41,673,975
1728464353100617000,0,1641,2018,5,773,864
1728464353101430000,0,1959,1699,1,847,716
1728464353102272000,18,2473,1365,0,908,541
1728464353103114000,194,2784,1015,100,960,386
1728464353103957000,449,2928,677,212,969,249
1728464353104800000,747,2899,373,369,962,138
1728464353105642000,1116,2694,121,562,903,54
1728464353106484000,1441,2352,0,711,797,0
1728464353107326000,1657,1892,10,812,690,0
1728464353108168000,1999,1580,4,972,541,0
1728464353109010000,2292,1285,26,1021,395,66
1728464353109852000,2420,944,277,1088,276,145
1728464353110694000,2519,631,513,1075,177,255
1728464353111536000,2503,355,809,1088,98,411
1728464353112378000,2423,117,1142,1046,34,584
1728464353113220000,2271,5,1501,947,0,729
1728464353114062000,1806,5,1832,832,0,847
1728464353114911000,1489,13,2119,671,0,961
1728464353115753000,1209,64,2531,496,41,1051
1728464353116595000,866,263,2631,362,144,1107
1728464353117438000,576,511,2672,233,274,1140
1728464353118281000,305,839,2674,132,383,1210
1728464353119123000,82,1122,2510,59,565,1138
1728464353119965000,0,1452,2360,6,690,1014
1728464353120807000,0,1751,1944,5,773,821
1728464353121649000,0,2024,1622,5,860,673
1728464353122491000,64,2564,1287,30,918,495
1728464353123334000,254,2845,930,130,963,349
1728464353124177000,523,2938,605,249,972,224
1728464353125020000,824,2856,304,409,1018,111
1728464353125863000,1157,2608,69,560,937,23
1728464353126705000,1459,2169,10,707,789,0
1728464353127547000,1740,1796,8,809,677,0
1728464353128413000,1987,1463,0,932,564,0
1728464353129254000,2410,1154,79,998,411,32
1728464353130096000,2503,828,301,1056,162,118
1728464353130938000,2528,552,578,1082,162,290
1728464353131780000,2492,290,897,1073,66,461
1728464353132622000,2379,74,1242,1022,11,622
1728464353133464000,2026,11,1582,920,0,763
1728464353134306000,1738,4,1907,782,0,884
1728464353135147000,1442,0,2174,638,0,975
1728464353135989000,1125,79,2569,474,55,1059
1728464353136831000,794,320,2645,326,157,1123
1728464353137674000,477,591,2679,210,296,1137
1728464353138516000,170,896,2655,133,421,1108
1728464353139358000,0,1226,2538,0,567,1023
1728464353140200000,0,1520,2183,43,689,961
1728464353141041000,0,1837,1857,5,799,791
1728464353141871000,0,2080,1554,0,872,621
1728464353142713000,101,2671,1188,52,935,453
1728464353143556000,335,2883,832,151,980,308
1728464353144399000,594,2943,516,293,970,183
1728464353145242000,900,2806,263,448,935,93
1728464353146084000,1229,2519,41,597,856,5
1728464353146925000,1532,2007,4,728,761,0
1728464353147767000,1815,1735,0,850,624,0
1728464353148609000,2066,1438,56,922,471,0
1728464353149451000,2414,1086,250,1010,363,78
1728464353150293000,2510,781,424,1045,260,185
1728464353151135000,2527,470,653,1092,123,327
1728464353151977000,2471,212,997,1073,53,508
1728464353152819000,2351,36,1344,993,0,669
1728464353153661000,1943,5,1680,888,0,789
1728464353154503000,1653,1,1991,749,0,909
1728464353155396000,1356,0,2296,581,21,1007
1728464353156238000,1042,162,2580,422,87,1088
1728464353157080000,728,383,2652,285,205,1119
1728464353157923000,427,746,2670,178,330,1122
1728464353158766000,206,1049,2622,100,481,1082
1728464353159608000,21,1376,2489,14,607,993
1728464353160450000,0,1646,2072,6,782,885
1728464353161292000,0,1904,1791,14,815,747
1728464353162134000,0,2404,1459,0,889,576
1728464353162976000,159,2736,1101,79,944,416
1728464353163819000,402,2913,755,196,981,279
1728464353164662000,683,2923,448,345,962,162
1728464353165505000,1044,2737,188,538,911,66
1728464353166347000,1306,2424,4,671,828,0
1728464353167189000,1600,1935,4,796,732,0
1728464353168031000,1786,1664,0,943,579,26
1728464353168842000,2255,1350,10,1012,434,59
1728464353169684000,2413,1017,221,1075,301,98
1728464353170527000,2532,692,430,1073,218,224
1728464353171369000,2522,402,731,1091,107,378
1728464353172211000,2445,158,1076,1055,40,546
1728464353173053000,2309,0,1416,969,0,705
1728464353173895000,1867,1,1751,852,0,822
1728464353174737000,1567,0,2060,705,0,934
1728464353175579000,1256,36,2496,533,18,1030
1728464353176421000,945,215,2608,378,121,1103
1728464353177264000,645,454,2661,264,239,1136
1728464353178106000,357,758,2538,151,352,1218
1728464353178948000,114,1059,2559,69,528,1152
1728464353179790000,0,1421,2444,5,671,1052
1728464353180632000,0,1696,2008,4,751,858
1728464353181474000,0,1974,1708,8,836,704
1728464353182311000,26,2504,1370,16,911,532
1728464353183153000,213,2801,1009,105,953,381
1728464353183996000,470,2928,666,226,981,247
1728464353184839000,764,2906,368,382,1010,122
1728464353185682000,1078,2666,114,534,946,41
1728464353186524000,1408,2328,0,674,843,0
1728464353187366000,1695,1859,0,788,719,0
1728464353188207000,1931,1526,0,907,598,0
1728464353189049000,2347,1210,45,993,461,16
1728464353189891000,2496,891,239,1060,260,102
1728464353190734000,2541,610,505,1088,188,260
1728464353191576000,2499,337,825,1082,85,428
1728464353192418000,2402,110,1167,1034,22,590
1728464353193260000,2245,10,1504,949,0,736
1728464353194101000,1794,6,1834,814,0,862
1728464353194943000,1506,2,2136,668,0,952
1728464353195798000,1192,64,2543,507,50,1044
1728464353196640000,872,250,2639,354,132,1107
1728464353197483000,550,528,2680,234,264,1152
1728464353198325000,232,839,2674,164,402,1122
1728464353199167000,16,1152,2602,92,530,1080
1728464353200008000,0,1462,2345,47,662,944
1728464353200850000,0,1761,1930,2,776,821
1728464353201692000,0,2033,1617,0,853,660
1728464353202534000,64,2587,1274,30,922,480
1728464353203377000,277,2850,906,126,970,342
1728464353204220000,535,2943,587,261,975,206
1728464353205063000,834,2847,360,413,944,106
1728464353205905000,1159,2601,113,571,873,22
1728464353206747000,1463,2119,53,706,784,0
1728464353207589000,1760,1808,21,813,661,0
1728464353208431000,2008,1529,64,900,522,0
1728464353209277000,2392,1208,159,994,353,156
1728464353210120000,2480,832,244,1050,258,245
1728464353210962000,2529,546,594,1079,149,313
1728464353211803000,2492,276,919,1077,69,465
1728464353212645000,2375,68,1255,1023,5,626
1728464353213487000,2003,4,1610,914,0,767
1728464353214329000,1717,13,1929,778,0,898
1728464353215170000,1435,0,2178,634,5,986
1728464353216012000,1109,111,2567,453,69,1063
1728464353216854000,789,335,2647,324,174,1129
1728464353217697000,496,654,2656,202,312,1128
1728464353218539000,265,975,2624,117,448,1073
1728464353219381000,36,1118,2528,36,670,1022
1728464353220223000,0,1477,2132,0,757,926
1728464353221065000,0,1843,1845,0,797,777
1728464353221907000,0,2088,1538,5,882,610
1728464353222755000,117,2664,1162,56,946,450
1728464353223598000,335,2895,832,160,974,306
1728464353224441000,608,2945,498,293,974,194
1728464353225284000,997,2801,225,456,929,74
1728464353226126000,1322,2502,26,618,851,2
1728464353226967000,1600,1994,10,728,742,0
1728464353227809000,1909,1731,33,845,602,0
1728464353228651000,2147,1420,2,944,458,0
1728464353229493000,2312,1080,130,1093,328,100
1728464353230335000,2499,770,385,1076,224,187
1728464353231177000,2519,468,668,1080,129,353
1728464353232020000,2463,212,1001,1065,47,505
1728464353232862000,2339,23,1353,1002,0,663
1728464353233704000,1920,10,1688,882,0,805
1728464353234546000,1647,10,2000,738,0,911
1728464353235388000,1344,0,2463,583,20,1006
1728464353236249000,1018,173,2595,417,93,1088
1728464353237091000,704,397,2663,283,209,1132
1728464353237934000,402,707,2711,161,373,1143
1728464353238776000,165,992,2483,85,463,1173
1728464353239618000,0,1306,2426,23,610,1094
1728464353240460000,0,1624,2057,0,729,901
1728464353241302000,0,1913,1763,1,818,736
1728464353242144000,0,2404,1437,1,896,560
1728464353242986000,170,2738,1068,79,960,408
1728464353243829000,401,2923,738,192,967,270
1728464353244672000,692,2967,413,345,964,151
1728464353245515000,1010,2731,169,502,978,50
1728464353246357000,1344,2393,0,649,892,0
1728464353247198000,1618,1912,0,759,776,0
1728464353248040000,1910,1522,0,856,640,0
1728464353248882000,2308,1236,0,960,496,0
1728464353249722000,2433,933,194,1049,357,89
1728464353250564000,2513,677,455,1072,199,217
1728464353251406000,2510,386,756,1090,109,392
1728464353252248000,2438,150,1094,1047,37,559
1728464353253089000,2302,0,1448,968,0,706
1728464353253931000,1848,2,1779,847,0,836
1728464353254773000,1568,0,2081,692,0,949
1728464353255615000,1272,29,2512,534,28,1018
1728464353256457000,942,218,2618,387,122,1103
1728464353257300000,629,464,2681,250,232,1151
1728464353258143000,258,767,2687,181,373,1149
1728464353258986000,69,1088,2584,2,518,1058
1728464353259828000,0,1403,2432,0,645,964
1728464353260670000,0,1706,1981,0,757,854
1728464353261512000,0,1985,1668,0,850,692
1728464353262354000,37,2513,1333,20,912,513
1728464353263204000,226,2807,969,110,961,370
1728464353264047000,477,2937,642,229,967,234
1728464353264890000,770,2882,389,389,960,130
1728464353265733000,1097,2656,141,530,896,103
1728464353266575000,1407,2303,0,681,798,56
1728464353267417000,1695,1856,0,794,677,32
1728464353268259000,1955,1578,0,884,502,79
1728464353269101000,2367,1223,0,976,381,98
1728464353269943000,2468,887,201,1047,285,192
1728464353270786000,2530,594,544,1080,162,265
1728464353271628000,2496,320,852,1081,82,433
1728464353272470000,2414,98,1194,1032,18,597
1728464353273312000,2185,13,1537,937,0,738
1728464353274154000,1769,0,1869,802,0,864
1728464353274996000,1488,0,2139,653,0,964
1728464353275838000,1183,69,2533,493,48,1040
1728464353276709000,850,279,2640,347,157,1112
1728464353277552000,546,514,2680,220,307,1140
1728464353278394000,303,805,2643,136,417,1120
1728464353279236000,77,1137,2545,30,508,1038
1728464353280078000,0,1472,2240,9,654,934
1728464353280920000,0,1787,1912,2,784,812
1728464353281762000,0,2037,1593,2,866,645
1728464353282603000,82,2616,1242,36,930,499
1728464353283446000,290,2863,885,139,978,330
1728464353284289000,553,2946,556,261,975,211
1728464353285132000,834,2844,274,465,933,93
1728464353285975000,1162,2575,50,598,876,18
1728464353286817000,1475,2088,9,738,760,0
1728464353287659000,1698,1782,10,864,626,5
1728464353288500000,1973,1489,34,961,495,5
1728464353289342000,2371,1170,136,1038,349,49
1728464353290166000,2496,840,336,1054,254,166
1728464353291009000,2528,525,614,1091,149,308
1728464353291851000,2482,261,938,1074,64,470
1728464353292693000,2382,50,1279,1018,4,632
1728464353293535000,1972,8,1623,907,1,775
1728464353294376000,1703,1,1944,779,0,889
1728464353295218000,1387,4,2197,608,0,979
1728464353296060000,1100,135,2568,449,85,1088
1728464353296902000,775,328,2660,314,186,1130
1728464353297745000,458,637,2705,196,321,1137
1728464353298587000,218,931,2546,97,450,1194
1728464353299429000,5,1241,2477,29,613,1104
1728464353300271000,0,1559,2112,0,714,925
1728464353301113000,0,1856,1828,2,799,772
1728464353301955000,0,2143,1516,0,885,591
1728464353302797000,125,2676,1136,57,944,437
1728464353303650000,357,2893,797,167,969,298
1728464353304493000,626,2967,473,320,964,169
1728464353305336000,946,2820,215,458,919,70
1728464353306178000,1266,2495,26,614,890,8
1728464353307020000,1570,2026,0,739,791,0
1728464353307862000,1869,1708,0,832,689,0
1728464353308704000,2310,1448,0,938,530,0
1728464353309546000,2419,992,154,1025,401,78
1728464353310388000,2516,745,397,1061,218,198
1728464353311230000,2509,444,693,1089,121,352
1728464353312073000,2459,202,1015,1062,56,520
1728464353312915000,2340,28,1369,987,0,676
1728464353313757000,1902,2,1710,875,0,806
1728464353314599000,1632,0,2013,733,0,906
1728464353315441000,1333,0,2486,576,4,1013
1728464353316283000,994,166,2599,418,101,1099
1728464353317131000,675,404,2666,282,207,1138
1728464353317973000,320,687,2688,211,341,1165
1728464353318815000,104,1012,2625,113,487,1089
1728464353319657000,0,1344,2497,0,602,981
1728464353320499000,0,1639,2053,8,732,875
1728464353321341000,0,1917,1747,9,826,724
1728464353322183000,0,2428,1420,0,895,567
1728464353323025000,170,2756,1057,80,949,405
1728464353323868000,418,2929,713,199,979,269
1728464353324711000,695,2920,471,352,966,152
1728464353325554000,1022,2722,151,500,912,114
1728464353326396000,1351,2401,0,648,832,41
1728464353327238000,1640,1916,0,765,714,18
1728464353328080000,1904,1632,0,864,586,46
1728464353328922000,2376,1351,0,962,440,57
1728464353329765000,2496,986,179,1037,290,34
1728464353330615000,2524,663,471,1079,192,231
1728464353331457000,2501,373,781,1089,100,394
1728464353332299000,2432,145,1098,1042,37,564
1728464353333141000,2298,2,1462,963,0,715
1728464353333983000,1834,2,1800,842,0,839
1728464353334825000,1561,0,2076,698,0,938
1728464353335666000,1249,43,2508,517,31,1032
1728464353336508000,912,234,2624,375,124,1108
1728464353337350000,606,455,2672,242,270,1125
1728464353338192000,350,734,2656,162,431,1116
1728464353339034000,114,1073,2579,58,474,1071
1728464353339876000,0,1400,2447,4,610,975
1728464353340718000,0,1719,1973,2,757,832
1728464353341560000,0,1992,1666,4,864,680
1728464353342402000,50,2538,1316,26,924,514
1728464353343244000,233,2823,978,112,965,360
1728464353344099000,490,2936,629,241,975,229
1728464353344942000,767,2875,354,429,948,117
1728464353345785000,1096,2641,98,533,893,41
1728464353346627000,1413,2268,20,682,792,0
1728464353347468000,1688,1851,4,760,667,0
1728464353348310000,1927,1541,13,841,535,0
1728464353349152000,2353,1224,55,941,377,33
1728464353349994000,2470,905,298,1042,266,130
1728464353350836000,2530,565,540,1084,168,273
1728464353351678000,2487,304,856,1079,70,431
1728464353352520000,2399,90,1199,1035,14,608
1728464353353361000,2126,14,1551,936,0,746
1728464353354203000,1765,10,1870,794,0,879
1728464353355045000,1439,0,2154,636,1,970
1728464353355887000,1139,77,2544,474,58,1057
1728464353356729000,845,293,2645,341,146,1113
1728464353357576000,522,576,2583,212,274,1233
1728464353358419000,285,859,2599,105,453,1165
1728464353359261000,101,1216,2528,53,570,977
1728464353360103000,0,1495,2215,5,683,947
1728464353360945000,0,1800,1891,0,786,810
1728464353361787000,0,2051,1579,0,880,635
1728464353362629000,74,2624,1226,43,930,474
1728464353363472000,293,2865,873,133,965,335
1728464353364315000,561,2972,545,282,977,202
1728464353365158000,881,2816,256,429,989,89
1728464353366001000,1194,2552,56,602,892,11
1728464353366843000,1493,2052,14,711,785,0
1728464353367685000,1805,1732,0,847,658,0
1728464353368527000,2059,1431,0,939,427,0
1728464353369369000,2424,1100,114,1007,286,45
1728464353370211000,2503,810,354,1060,234,169
1728464353371046000,2524,509,634,1088,145,314
1728464353371888000,2476,249,948,1067,69,484
1728464353372730000,2370,53,1304,1012,0,642
1728464353373572000,1953,4,1649,902,0,779
1728464353374414000,1696,6,1966,759,0,904
1728464353375256000,1396,0,2216,602,0,992
1728464353376098000,1066,119,2589,448,73,1081
1728464353376940000,744,354,2657,306,184,1128
1728464353377783000,389,632,2680,237,313,1170
1728464353378625000,161,944,2609,37,468,1093
1728464353379467000,0,1276,2501,0,576,1020
1728464353380309000,0,1582,2099,0,714,910
1728464353381151000,0,1870,1800,5,815,760
1728464353381993000,0,2323,1490,0,885,591
1728464353382835000,130,2703,1130,66,942,426
1728464353383678000,360,2899,778,177,970,293
1728464353384546000,642,2929,543,311,961,170
1728464353385389000,945,2772,241,474,931,79
1728464353386231000,1279,2474,2,624,837,46
1728464353387073000,1572,1984,0,746,736,28
1728464353387915000,1856,1682,0,850,594,79
1728464353388757000,2302,1384,0,930,440,85
1728464353389599000,2432,1042,117,1018,334,130
1728464353390441000,2513,727,409,1065,212,202
1728464353391283000,2523,433,712,1089,113,357
1728464353392125000,2456,185,1040,1059,43,530
1728464353392967000,2327,14,1401,979,0,687
1728464353393809000,1889,4,1731,870,0,809
1728464353394651000,1633,5,2021,733,0,920
1728464353395493000,1314,6,2475,564,27,1003
1728464353396335000,990,181,2595,417,103,1093
1728464353397178000,672,378,2661,276,237,1132
1728464353398021000,389,670,2656,177,394,1130
1728464353398864000,146,999,2614,68,454,1082
1728464353399706000,74,1345,2492,16,585,999
1728464353400548000,0,1652,2030,1,738,872
1728464353401390000,0,1938,1735,2,836,722
1728464353402231000,0,2457,1389,0,907,557
1728464353403074000,197,2765,1029,89,961,393
1728464353403917000,434,2923,690,207,975,258
1728464353404760000,706,2905,390,392,947,141
1728464353405603000,1016,2703,154,550,898,53
1728464353406444000,1347,2381,0,645,817,0
1728464353407286000,1617,1903,2,797,697,0
1728464353408128000,1878,1630,5,810,558,0
1728464353408970000,2327,1325,25,912,415,18
1728464353409812000,2476,971,229,1034,289,110
1728464353410655000,2528,648,481,1089,193,242
1728464353411504000,2508,370,786,1081,104,407
1728464353412345000,2423,147,1128,1044,27,576
1728464353413187000,2295,0,1481,965,0,715
1728464353414029000,1824,1,1799,836,0,845
1728464353414871000,1541,0,2112,690,0,955
1728464353415713000,1204,21,2524,518,42,1046
1728464353416555000,904,234,2629,366,133,1108
1728464353417397000,586,506,2612,247,241,1216
1728464353418240000,328,781,2615,128,415,1191
1728464353419082000,143,1146,2560,58,552,1065
1728464353419924000,0,1432,2428,9,661,966
1728464353420766000,0,1728,1951,4,767,834
1728464353421608000,0,2002,1649,0,844,674
1728464353422450000,41,2540,1311,25,917,514
1728464353423293000,250,2822,952,107,965,363
1728464353424136000,500,2956,613,247,974,215
1728464353424986000,802,2860,329,392,993,114
1728464353425829000,1128,2639,97,554,874,32
1728464353426671000,1450,2246,5,690,790,0
1728464353427513000,1743,1795,0,789,594,0
1728464353428355000,1989,1504,0,885,453,0
1728464353429197000,2383,1202,73,1015,427,34
1728464353430038000,2496,885,287,1049,261,139
1728464353430881000,2519,576,560,1088,160,276
1728464353431723000,2496,306,875,1074,79,450
1728464353432565000,2395,97,1216,1023,7,615
1728464353433407000,2088,10,1566,936,0,752
1728464353434249000,1752,0,1888,802,0,858
1728464353435091000,1461,4,2165,631,0,972
1728464353435933000,1140,85,2554,485,58,1058
1728464353436775000,804,293,2645,341,161,1125
1728464353437617000,463,576,2696,242,273,1145
1728464353438466000,226,874,2622,83,434,1120
1728464353439308000,18,1220,2549,16,553,1080
1728464353440150000,0,1519,2196,5,688,936
1728464353440992000,0,1808,1876,4,789,795
1728464353441834000,0,2066,1571,0,869,631
1728464353442676000,90,2639,1209,46,932,457
1728464353443519000,313,2880,852,146,973,322
1728464353444362000,576,2943,585,284,970,192
1728464353445205000,884,2823,247,434,937,162
1728464353446048000,1216,2543,43,594,864,45
1728464353446890000,1512,2036,0,720,770,10
1728464353447731000,1799,1735,0,832,637,56
1728464353448573000,2037,1439,0,921,477,66
1728464353449415000,2421,1127,74,1002,366,105
1728464353450258000,2508,784,349,1071,240,169
1728464353451100000,2519,487,637,1088,130,322
1728464353451984000,2464,228,974,1066,57,494
1728464353452826000,2357,41,1314,1001,0,653
1728464353453667000,1949,2,1652,895,0,780
1728464353454509000,1666,10,1962,756,0,894
1728464353455351000,1367,0,2247,615,0,993
1728464353456193000,1056,144,2579,443,78,1070
1728464353457035000,737,341,2671,306,216,1122
1728464353457878000,441,592,2677,194,368,1139
1728464353458720000,203,926,2617,79,404,1094
1728464353459562000,0,1285,2503,22,568,1021
1728464353460404000,0,1591,2087,5,716,901
1728464353461246000,0,1890,1794,2,812,756
1728464353462088000,0,2363,1472,9,894,587
1728464353462930000,145,2713,1116,68,944,420
1728464353463773000,380,2906,761,180,973,282
1728464353464616000,637,2924,452,363,954,170
1728464353465427000,948,2752,194,491,912,66
1728464353466269000,1285,2449,0,615,836,0
1728464353467111000,1555,1954,5,727,717,0
1728464353467953000,1827,1672,0,822,586,0
1728464353468795000,2295,1368,0,915,441,17
1728464353469637000,2421,1045,197,1012,303,87
1728464353470479000,2513,704,431,1073,209,207
1728464353471322000,2511,416,724,1080,104,370
1728464353472164000,2445,172,1061,1053,37,527
1728464353473006000,2321,2,1401,977,0,685
1728464353473848000,1881,1,1743,854,0,819
1728464353474690000,1602,9,2048,708,0,924
1728464353475532000,1294,11,2494,566,23,1022
1728464353476374000,962,194,2601,395,110,1103
1728464353477217000,658,436,2627,257,253,1185
1728464353478059000,432,750,2637,146,382,1061
1728464353478908000,137,1045,2573,64,493,1017
1728464353479750000,0,1380,2480,16,634,992
1728464353480592000,0,1688,2016,2,746,883
1728464353481434000,0,1957,1712,0,834,705
1728464353482276000,10,2468,1381,18,904,541
1728464353483118000,199,2780,1014,85,960,389
1728464353483961000,441,2943,682,218,975,260
1728464353484804000,746,2893,369,358,993,138
1728464353485647000,1049,2696,134,523,886,40
1728464353486489000,1379,2360,0,664,808,0
1728464353487331000,1678,1868,1,778,636,4
1728464353488173000,1985,1561,0,887,468,0
1728464353489014000,2368,1264,53,967,346,14
1728464353489856000,2465,960,238,1036,292,114
1728464353490698000,2527,645,503,1080,181,256
1728464353491540000,2510,346,811,1085,94,409
1728464353492400000,2414,129,1150,1038,21,584
1728464353493242000,2279,10,1509,955,0,713
1728464353494084000,1805,16,1823,829,0,864
1728464353494926000,1477,0,2125,668,0,962
1728464353495768000,1199,46,2534,520,41,1044
1728464353496610000,884,234,2632,365,141,1114
1728464353497452000,532,501,2648,201,253,1163
1728464353498294000,290,845,2672,121,411,1136
1728464353499136000,74,1155,2562,46,535,1064
1728464353499978000,0,1451,2378,10,660,967
1728464353500819000,0,1741,1943,2,772,832
1728464353501661000,0,2016,1621,2,861,663
1728464353502503000,58,2555,1274,21,917,498
1728464353503346000,253,2837,927,121,968,354
1728464353504189000,516,2937,640,240,967,229
1728464353505032000,813,2852,298,402,944,148
1728464353505873000,1136,2615,66,560,881,74
1728464353506714000,1459,2224,5,696,786,18
1728464353507556000,1733,1813,0,802,682,53
1728464353508398000,2008,1525,0,903,537,43
1728464353509240000,2423,1229,46,989,388,85
1728464353510082000,2496,868,303,1053,265,149
1728464353510925000,2528,562,576,1077,158,298
1728464353511767000,2485,290,897,1076,72,457
1728464353512609000,2386,78,1231,1023,7,618
1728464353513451000,2048,13,1584,914,0,765
1728464353514293000,1735,0,1897,781,0,876
1728464353515135000,1447,0,2166,639,0,977
1728464353515977000,1114,67,2554,468,61,1066
1728464353516819000,797,287,2637,330,170,1113
1728464353517661000,537,532,2659,202,228,1125
1728464353518503000,255,858,2642,113,397,1107
1728464353519357000,162,1196,2545,52,549,1048
1728464353520199000,0,1528,2170,0,691,943
1728464353521041000,0,1821,1863,1,793,781
1728464353521883000,0,2069,1552,2,874,616
1728464353522725000,114,2642,1194,42,946,459
1728464353523568000,320,2887,843,146,968,320
1728464353524411000,578,2941,530,313,964,194
1728464353525254000,884,2814,247,440,930,77
1728464353526096000,1220,2534,36,592,863,1
1728464353526938000,1526,2026,10,719,754,0
1728464353527780000,1791,1822,23,814,629,0
1728464353528622000,2051,1510,14,921,468,0
1728464353529464000,2428,1133,150,1001,353,68
1728464353530305000,2504,792,368,1072,232,180
1728464353531147000,2519,474,660,1088,132,330
1728464353531989000,2463,224,977,1068,45,491
1728464353532851000,2337,29,1319,1001,0,650
1728464353533693000,1936,8,1658,889,0,794
1728464353534535000,1663,13,1963,747,0,907
1728464353535377000,1358,2,2275,600,1,1013
1728464353536219000,1050,139,2571,436,97,1090
1728464353537061000,728,378,2631,298,212,1175
1728464353537903000,482,657,2659,173,327,1080
1728464353538745000,181,1100,2608,109,480,1052
1728464353539587000,0,1322,2507,26,608,1024
1728464353540429000,0,1608,2079,9,725,905
1728464353541271000,0,1891,1791,0,808,741
1728464353542113000,0,2383,1457,0,887,572
1728464353542955000,159,2708,1093,70,960,418
1728464353543797000,389,2912,760,193,966,279
1728464353544640000,669,2908,449,331,981,158
1728464353545483000,991,2744,181,488,898,58
1728464353546319000,1347,2440,2,632,832,0
1728464353547161000,1612,1912,0,760,668,0
1728464353548002000,1984,1648,13,866,544,0
1728464353548844000,2429,1345,10,952,393,0
1728464353549686000,2464,1014,181,1036,322,89
1728464353550528000,2521,698,436,1075,197,217
1728464353551370000,2510,402,751,1088,113,375
1728464353552213000,2442,173,1075,1050,33,554
1728464353553055000,2323,0,1422,978,0,690
1728464353553896000,1831,2,1755,864,0,839
1728464353554738000,1576,0,2060,710,0,944
1728464353555580000,1233,25,2503,541,23,1031
1728464353556422000,938,203,2616,397,109,1103
1728464353557265000,602,448,2651,224,226,1130
1728464353558108000,320,741,2656,132,370,1152
1728464353558950000,104,1115,2591,49,503,1060
1728464353559798000,0,1408,2465,20,642,996
1728464353560640000,0,1695,2003,5,749,856
1728464353561482000,0,1960,1692,4,840,700
1728464353562324000,23,2489,1357,10,912,533
1728464353563166000,202,2799,991,96,961,375
1728464353564009000,451,2943,696,214,973,263
1728464353564852000,745,2887,363,370,944,186
1728464353565694000,1072,2676,107,535,900,64
1728464353566536000,1401,2340,0,659,811,22
1728464353567378000,1673,1885,0,784,709,49
1728464353568220000,1984,1600,0,891,564,29
1728464353569062000,2416,1290,4,966,398,0
1728464353569904000,2478,936,253,1043,282,116
1728464353570746000,2520,618,517,1075,173,261
1728464353571588000,2504,337,834,1080,79,416
1728464353572430000,2416,106,1157,1039,23,584
1728464353573283000,2273,16,1522,949,0,736
1728464353574125000,1806,0,1840,809,0,851
1728464353574967000,1500,0,2136,662,0,942
1728464353575809000,1200,44,2520,498,50,1048
1728464353576651000,862,241,2638,360,149,1112
1728464353577494000,570,498,2666,212,218,1134
1728464353578337000,429,812,2680,141,370,1120
1728464353579179000,169,1127,2584,64,529,1064
1728464353580021000,0,1472,2314,5,677,970
1728464353580863000,0,1767,1927,2,767,817
1728464353581705000,0,2027,1611,3,861,655
1728464353582547000,69,2581,1265,26,929,489
1728464353583390000,266,2851,907,128,970,341
1728464353584233000,513,2945,576,247,967,213
1728464353585076000,822,2859,308,405,942,101
1728464353585919000,1152,2608,68,561,881,26
1728464353586764000,1461,2152,13,688,777,0
1728464353587606000,1731,1807,16,808,650,0
1728464353588448000,2003,1563,19,898,505,0
1728464353589289000,2385,1194,86,972,367,28
1728464353590131000,2496,859,313,1052,252,145
1728464353590973000,2522,540,594,1082,146,297
1728464353591815000,2483,277,920,1080,64,458
1728464353592657000,2375,72,1262,1017,8,619
1728464353593499000,2020,10,1600,914,0,762
1728464353594341000,1726,8,1921,781,0,882
1728464353595183000,1413,0,2169,636,0,983
1728464353596025000,1114,106,2559,466,73,1071
1728464353596867000,823,333,2648,320,164,1064
1728464353597709000,522,592,2660,196,309,1088
1728464353598551000,224,1008,2624,122,460,1081
1728464353599394000,34,1264,2531,41,588,1041
1728464353600249000,0,1540,2140,0,698,938
1728464353601090000,0,1833,1845,2,810,783
1728464353601932000,0,2079,1529,2,874,609
1728464353602774000,110,2658,1171,53,941,454
1728464353603617000,334,2887,824,153,968,320
1728464353604460000,607,2928,501,299,1004,181
1728464353605303000,917,2796,232,458,908,85
1728464353606146000,1240,2519,38,596,844,0
1728464353606987000,1517,1975,18,733,713,0
1728464353607829000,1829,1701,0,832,572,0
1728464353608671000,2095,1423,0,929,418,0
1728464353609513000,2436,1099,149,1017,341,73
1728464353610355000,2512,777,373,1060,221,196
1728464353611197000,2519,471,674,1088,136,334
1728464353612040000,2461,216,992,1069,58,506
1728464353612882000,2355,34,1353,997,0,661
1728464353613727000,1893,0,1693,885,0,805
1728464353614569000,1632,0,1993,739,0,910
1728464353615411000,1322,0,2440,585,2,1014
1728464353616253000,992,162,2600,420,89,1088
1728464353617095000,677,392,2649,255,203,1152
1728464353617937000,404,706,2704,161,330,1137
1728464353618780000,153,989,2595,78,482,1093
1728464353619622000,0,1324,2503,17,608,1026
1728464353620464000,0,1627,2063,4,729,890
1728464353621306000,0,1895,1763,5,821,730
1728464353622148000,0,2400,1444,0,893,569
1728464353622990000,157,2743,1082,69,953,410
1728464353623833000,392,2919,719,178,967,338
1728464353624676000,683,2919,421,337,964,180
1728464353625519000,1002,2745,157,496,919,53
1728464353626361000,1336,2471,0,632,832,0
1728464353627213000,1596,2053,0,781,732,0
1728464353628055000,1872,1765,0,889,597,0
1728464353628897000,2329,1431,5,993,448,0
1728464353629739000,2451,1013,198,1026,306,90
1728464353630581000,2522,686,448,1072,197,232
1728464353631423000,2511,399,755,1088,98,378
1728464353632265000,2435,162,1083,1056,38,552
1728464353633107000,2312,0,1444,968,0,705
1728464353633949000,1852,6,1751,857,0,818
1728464353634791000,1557,0,2077,701,0,933
1728464353635633000,1265,5,2491,535,30,1017
1728464353636475000,939,210,2624,388,111,1103
1728464353637317000,618,426,2663,249,194,1132
1728464353638159000,474,741,2679,165,351,1125
1728464353639002000,207,1090,2607,73,499,1082
1728464353639844000,0,1413,2460,8,648,993
1728464353640699000,0,1705,1993,5,746,850
1728464353641541000,0,1976,1687,4,845,685
1728464353642383000,26,2503,1337,11,914,524
1728464353643225000,224,2808,992,100,954,372
1728464353644068000,458,2932,650,224,971,242
1728464353644911000,763,2880,358,378,952,124
1728464353645754000,1082,2657,128,539,899,47
1728464353646596000,1405,2320,50,669,805,0
1728464353647438000,1673,1897,4,782,673,0
1728464353648279000,1941,1591,0,892,536,0
1728464353649121000,2356,1269,52,965,389,23
1728464353649963000,2481,919,260,1045,270,122
1728464353650806000,2517,596,525,1088,170,264
1728464353651648000,2501,320,844,1077,82,425
1728464353652490000,2402,110,1180,1033,18,585
1728464353653332000,2212,10,1534,948,0,736
1728464353654171000,1784,10,1831,788,0,868
1728464353655013000,1487,15,2138,653,0,974
1728464353655855000,1170,77,2528,498,55,1055
1728464353656697000,848,276,2604,361,153,1153
1728464353657539000,601,555,2661,226,287,1049
1728464353658382000,330,847,2625,122,413,1076
1728464353659224000,78,1234,2548,52,560,1048
1728464353660066000,0,1482,2274,20,677,960
1728464353660908000,0,1772,1914,0,783,813
1728464353661750000,0,2045,1591,0,860,656
1728464353662592000,74,2604,1251,34,937,481
1728464353663435000,277,2852,882,138,965,338
1728464353664278000,538,2937,576,267,960,204
1728464353665121000,851,2844,273,415,927,107
1728464353665963000,1236,2579,64,576,856,16
1728464353666805000,1528,2092,18,718,721,0
1728464353667652000,1888,1775,18,832,611,0
1728464353668494000,2119,1483,33,925,455,0
1728464353669336000,2407,1161,110,998,370,49
1728464353670178000,2496,832,322,1063,247,162
1728464353671020000,2525,523,613,1088,143,301
1728464353671861000,2486,266,930,1074,69,480
1728464353672703000,2382,54,1279,1010,4,633
1728464353673545000,1971,2,1623,918,0,773
1728464353674387000,1693,0,1941,773,0,892
1728464353675229000,1380,0,2187,616,0,1003
1728464353676071000,1081,127,2586,458,73,1074
1728464353676913000,725,327,2644,297,183,1146
1728464353677756000,463,657,2688,178,308,1130
1728464353678599000,197,943,2616,96,458,1114
1728464353679441000,29,1256,2527,25,589,1047
1728464353680283000,0,1563,2119,4,706,914
1728464353681135000,0,1850,1834,5,808,767
1728464353681977000,0,2144,1501,0,884,605
1728464353682819000,120,2683,1154,55,946,440
1728464353683662000,337,2884,784,170,967,373
1728464353684505000,626,2929,480,309,963,218
1728464353685348000,933,2791,198,463,930,79
1728464353686190000,1269,2540,16,605,861,0
1728464353687032000,1529,2093,0,773,752,0
1728464353687874000,1837,1813,0,879,631,0
1728464353688716000,2144,1419,0,938,454,0
1728464353689557000,2443,1083,161,1020,332,68
1728464353690399000,2515,754,395,1074,215,197
1728464353691241000,2517,452,693,1088,114,340
1728464353692084000,2452,212,1023,1061,47,523
1728464353692926000,2342,23,1368,992,0,671
1728464353693768000,1911,0,1703,885,0,795
1728464353694616000,1631,4,2019,736,0,919
1728464353695457000,1317,0,2463,577,18,1002
1728464353696299000,1003,141,2599,423,87,1077
1728464353697141000,709,358,2673,279,138,1113
1728464353697984000,424,674,2668,160,311,1139
1728464353698826000,273,1005,2643,101,474,1101
1728464353699668000,0,1336,2498,26,622,1014
1728464353700510000,0,1632,2041,2,737,885
1728464353701352000,0,1921,1749,0,824,726
1728464353702194000,0,2417,1429,0,900,560
1728464353703036000,170,2762,1048,76,960,416
1728464353703879000,389,2917,714,240,964,260
1728464353704722000,696,2913,405,329,962,154
1728464353705565000,1008,2727,154,490,907,56
1728464353706407000,1336,2413,0,642,826,0
1728464353707249000,1607,1968,23,749,709,0
1728464353708109000,1902,1700,10,852,569,0
1728464353708951000,2344,1404,47,948,426,13
1728464353709794000,2464,988,213,1034,296,101
1728464353710636000,2515,676,470,1076,192,224
1728464353711478000,2510,388,770,1077,102,391
1728464353712320000,2432,146,1120,1042,27,561
1728464353713161000,2300,0,1461,968,0,707
1728464353714003000,1840,5,1788,834,2,834
1728464353714845000,1557,6,2087,690,0,955
1728464353715687000,1231,42,2520,533,30,1029
1728464353716529000,912,206,2597,382,130,1146
1728464353717371000,677,489,2652,248,258,1053
1728464353718213000,354,817,2641,164,388,1088
1728464353719055000,117,1152,2589,64,527,1076
1728464353719897000,0,1427,2447,13,650,985
1728464353720739000,0,1704,1970,8,772,844
1728464353721581000,0,1984,1662,0,844,689
1728464353722423000,40,2516,1331,13,901,514
1728464353723266000,229,2816,967,110,960,370
1728464353724109000,493,2919,632,233,1002,224
1728464353724952000,781,2872,333,393,933,121
1728464353725795000,1131,2659,101,545,882,34
1728464353726637000,1507,2275,52,696,766,0
1728464353727479000,1802,1838,26,800,657,0
1728464353728321000,2054,1552,21,905,504,0
1728464353729163000,2382,1254,73,979,394,37
1728464353730005000,2480,917,269,1045,274,142
1728464353730848000,2528,591,540,1080,165,265
1728464353731690000,2496,313,849,1077,82,437
1728464353732532000,2401,101,1184,1032,10,591
1728464353733374000,2150,4,1523,930,0,743
1728464353734216000,1790,0,1864,805,0,872
1728464353735063000,1472,5,2151,649,0,983
1728464353735905000,1138,87,2560,483,37,1059
1728464353736747000,815,335,2662,338,153,1120
1728464353737590000,527,542,2766,211,298,1146
1728464353738432000,267,854,2687,115,463,1136
1728464353739274000,58,1184,2559,41,553,1070
1728464353740116000,0,1511,2241,8,681,951
1728464353740958000,0,1785,1895,2,790,794
1728464353741800000,0,2046,1594,0,862,635
1728464353742642000,82,2613,1248,37,932,467
1728464353743485000,289,2862,867,142,970,389
1728464353744328000,576,2936,544,277,975,186
1728464353745171000,869,2881,261,437,939,93
1728464353746013000,1194,2608,52,576,872,5
1728464353746855000,1519,2108,1,725,763,0
1728464353747697000,1810,1847,0,861,650,0
1728464353748548000,2071,1534,0,935,485,0
1728464353749390000,2407,1149,117,1006,361,51
1728464353750232000,2499,813,330,1062,242,171
1728464353751075000,2535,512,618,1088,146,320
1728464353751917000,2469,245,948,1074,64,481
1728464353752759000,2368,53,1301,1006,0,641
1728464353753601000,1971,2,1622,906,0,770
1728464353754442000,1700,0,1951,752,0,906
1728464353755284000,1398,0,2199,616,0,999
1728464353756126000,1079,117,2584,442,64,1075
1728464353756968000,871,311,2691,323,157,1120
1728464353757810000,540,613,2684,178,293,1135
1728464353758653000,92,941,2595,162,454,1146
1728464353759495000,2,1268,2527,33,593,1036
1728464353760336000,0,1576,2104,0,719,918
1728464353761178000,0,1861,1813,1,804,756
1728464353762025000,0,2295,1503,0,880,593
1728464353762867000,125,2701,1129,57,949,434
1728464353763710000,343,2907,782,174,968,286
1728464353764553000,628,2930,463,302,967,176
1728464353765396000,947,2773,210,466,916,72
1728464353766238000,1261,2480,8,613,839,0
1728464353767080000,1537,2023,1,725,737,0
1728464353767922000,1827,1731,0,839,602,0
1728464353768764000,2264,1412,0,928,439,0
1728464353769606000,2441,1055,159,1022,330,79
1728464353770448000,2512,733,407,1069,214,197
1728464353771290000,2520,439,704,1080,121,354
1728464353772133000,2452,192,1041,1055,31,511
1728464353772975000,2326,2,1395,988,0,673
1728464353773817000,1904,4,1704,864,0,811
1728464353774659000,1637,5,2020,717,0,917
1728464353775505000,1324,13,2489,560,26,1025
1728464353776347000,994,181,2595,416,100,1047
1728464353777189000,661,512,2641,269,213,1070
1728464353778032000,405,786,2644,182,364,1092
1728464353778874000,165,1074,2595,73,491,1088
1728464353779716000,0,1368,2485,14,623,1013
1728464353780558000,0,1649,2029,6,741,880
1728464353781400000,0,1948,1733,0,828,732
1728464353782242000,2,2449,1404,4,909,548
1728464353783084000,186,2764,1039,100,962,400
1728464353783927000,430,2922,693,207,962,254
1728464353784770000,779,2893,389,354,951,144
1728464353785613000,1061,2713,144,545,893,54
1728464353786455000,1273,2385,0,725,809,0
1728464353787297000,1552,1902,0,839,696,42
1728464353788139000,1827,1619,5,942,544,45
1728464353788995000,2360,1318,37,972,431,13
1728464353789837000,2465,980,221,1033,298,107
1728464353790679000,2519,658,476,1073,180,237
1728464353791521000,2504,363,788,1085,98,407
1728464353792363000,2421,140,1131,1048,21,567
1728464353793205000,2294,0,1482,960,0,708
1728464353794047000,1834,10,1800,826,0,852
1728464353794889000,1547,16,2101,672,0,964
1728464353795731000,1235,57,2528,532,42,1034
1728464353796573000,889,226,2624,372,114,1088
1728464353797415000,591,486,2744,239,292,1154
1728464353798258000,314,813,2684,137,397,1202
1728464353799100000,97,1106,2581,64,525,1084
1728464353799942000,0,1442,2435,11,663,968
1728464353800784000,0,1720,1967,2,762,835
1728464353801625000,0,2003,1643,0,855,679
1728464353802471000,49,2531,1304,17,919,508
1728464353803313000,236,2813,938,117,965,396
1728464353804156000,510,2936,613,234,972,218
1728464353804999000,790,2913,323,393,946,105
1728464353805842000,1117,2684,87,541,885,36
1728464353806684000,1455,2332,5,725,791,0
1728464353807525000,1720,1924,0,837,680,0
1728464353808367000,1988,1633,0,930,529,0
1728464353809209000,2389,1229,68,981,390,37
1728464353810052000,2484,892,290,1055,267,141
1728464353810894000,2528,584,564,1076,157,287
1728464353811736000,2489,320,871,1077,75,448
1728464353812578000,2394,84,1214,1034,17,602
1728464353813419000,2096,2,1551,935,0,754
1728464353814261000,1765,0,1880,797,0,869
1728464353815103000,1456,0,2159,644,0,973
1728464353815990000,1152,71,2545,485,49,1042
1728464353816832000,847,270,2641,334,106,1103
1728464353817675000,628,533,2716,229,245,1125
1728464353818517000,325,856,2620,178,400,1122
1728464353819359000,45,1188,2555,53,568,1058
1728464353820201000,0,1505,2196,2,687,944
1728464353821042000,0,1799,1890,0,783,791
1728464353821884000,0,2047,1575,1,867,621
1728464353822726000,90,2616,1216,42,935,466
1728464353823569000,290,2865,864,132,960,322
1728464353824412000,562,2929,544,271,967,197
1728464353825255000,875,2832,260,428,925,100
1728464353826098000,1199,2556,96,585,881,10
1728464353826940000,1496,2026,104,709,796,10
1728464353827782000,1790,1743,104,818,654,0
1728464353828624000,2016,1482,74,922,528,13
1728464353829429000,2422,1138,113,1010,369,64
1728464353830271000,2503,813,342,1062,229,170
1728464353831113000,2514,498,642,1082,138,312
1728464353831955000,2470,248,962,1068,55,491
1728464353832797000,2368,46,1305,1008,0,629
1728464353833639000,1958,4,1614,895,0,785
1728464353834481000,1704,5,1954,750,0,904
1728464353835323000,1400,5,2216,613,6,995
1728464353836165000,1069,117,2568,442,73,1040
1728464353837007000,730,436,2649,301,183,1082
1728464353837849000,427,722,2663,206,345,1100
1728464353838691000,210,994,2611,89,520,1093
1728464353839533000,9,1279,2511,30,601,1023
1728464353840375000,0,1581,2096,0,711,912
1728464353841217000,0,1871,1799,0,809,750
1728464353842059000,0,2333,1489,0,878,583
1728464353842908000,133,2705,1128,65,945,425
1728464353843751000,363,2889,770,164,949,290
1728464353844594000,704,2922,470,320,952,170
1728464353845437000,974,2768,194,468,913,77
1728464353846279000,1226,2456,8,687,842,6
1728464353847121000,1482,1953,0,837,732,37
1728464353847963000,1920,1671,1,887,559,0
1728464353848804000,2296,1382,0,975,450,0
1728464353849646000,2451,1034,165,1027,325,80
1728464353850488000,2510,718,413,1063,202,212
1728464353851331000,2510,418,719,1079,112,365
1728464353852173000,2433,178,1037,1057,45,535
1728464353853015000,2332,5,1397,980,0,674
1728464353853857000,1871,16,1733,847,1,814
1728464353854698000,1600,0,2036,707,0,932
1728464353855540000,1301,10,2483,554,21,1017
1728464353856405000,938,197,2592,378,106,1103
1728464353857248000,650,450,2678,254,220,1136
1728464353858090000,362,735,2664,151,356,1116
1728464353858933000,133,1040,2607,82,509,1092
1728464353859775000,0,1383,2463,9,633,1012
1728464353860617000,1,1670,2024,2,744,866
1728464353861459000,0,1941,1715,9,832,706
1728464353862300000,10,2471,1377,1,909,547
1728464353863142000,192,2784,1040,90,954,401
1728464353863985000,442,2924,669,212,977,286
1728464353864828000,733,2897,370,370,946,130
1728464353865671000,1045,2697,138,517,909,42
1728464353866512000,1359,2471,0,673,815,0
1728464353867354000,1631,2007,0,797,704,0
1728464353868196000,1877,1708,0,917,576,0
1728464353869038000,2356,1296,42,960,423,18
1728464353869875000,2476,961,234,1037,291,119
1728464353870718000,2531,631,500,1082,189,254
1728464353871560000,2503,357,808,1092,85,405
1728464353872402000,2421,122,1151,1045,34,569
1728464353873244000,2284,2,1487,956,0,719
1728464353874086000,1825,0,1824,826,0,854
1728464353874928000,1529,0,2112,674,0,954
1728464353875770000,1224,43,2528,520,21,1046
1728464353876612000,905,232,2636,359,79,1104
1728464353877454000,674,484,2719,245,242,1124
1728464353878297000,378,797,2636,187,378,1127
1728464353879139000,87,1132,2574,64,542,1070
1728464353879981000,0,1462,2390,2,667,983
1728464353880823000,0,1744,1944,0,767,832
1728464353881665000,0,2017,1631,4,853,657
1728464353882507000,56,2556,1283,26,919,502
1728464353883363000,229,2835,925,114,956,354
1728464353884206000,497,2934,604,245,975,221
1728464353885049000,805,2856,308,393,937,116
1728464353885891000,1130,2634,142,552,893,26
1728464353886733000,1444,2220,97,681,819,13
1728464353887575000,1730,1810,82,805,694,0
1728464353888417000,1984,1539,79,904,552,5
1728464353889259000,2392,1216,74,987,383,41
1728464353890102000,2500,885,299,1049,253,143
1728464353890945000,2529,557,576,1083,158,284
1728464353891787000,2475,290,898,1078,65,453
1728464353892629000,2385,85,1239,1024,10,617
1728464353893471000,2067,18,1562,927,0,762
1728464353894313000,1752,1,1878,772,0,858
1728464353895155000,1449,2,2172,644,0,956
1728464353895997000,1146,125,2558,480,64,1056
1728464353896847000,810,395,2650,346,169,1082
1728464353897689000,538,636,2678,215,298,1108
1728464353898532000,250,810,2627,111,501,1109
1728464353899374000,38,1210,2544,42,578,1048
1728464353900216000,0,1520,2157,2,693,941
1728464353901058000,0,1816,1870,0,790,790
1728464353901900000,0,2061,1551,2,877,613
1728464353902742000,101,2638,1186,45,935,459
1728464353903584000,320,2880,842,141,946,315
1728464353904427000,670,2924,523,293,960,192
1728464353905270000,917,2809,244,469,921,92
1728464353906113000,1166,2540,47,634,850,40
1728464353906955000,1398,2024,0,798,741,26
1728464353907796000,1707,1756,0,904,608,30
1728464353908638000,2017,1447,0,952,484,0
1728464353909480000,2423,1121,121,1014,349,66
1728464353910316000,2507,800,362,1058,229,185
1728464353911158000,2520,484,651,1090,137,329
1728464353912000000,2467,231,968,1070,64,495
1728464353912842000,2359,42,1322,1004,0,656
1728464353913683000,1933,9,1663,882,0,793
1728464353914525000,1656,2,1972,750,0,907
1728464353915367000,1371,8,2272,586,4,1013
1728464353916209000,1013,170,2604,417,74,1102
1728464353917051000,706,410,2688,293,199,1120
1728464353917894000,426,634,2764,181,328,1131
1728464353918737000,181,963,2613,97,473,1104
1728464353919579000,0,1296,2503,14,599,1028
1728464353920421000,0,1597,2092,0,719,895
1728464353921263000,0,1885,1789,5,813,746
1728464353922105000,0,2368,1458,0,904,580
1728464353922947000,138,2717,1095,72,949,468
1728464353923796000,378,2914,756,178,967,298
1728464353924639000,669,2925,437,325,960,151
1728464353925481000,975,2822,168,480,923,58
1728464353926323000,1321,2532,0,657,850,0
1728464353927164000,1606,2041,5,788,736,0
1728464353928006000,1901,1776,0,885,591,0
1728464353928848000,2335,1368,0,945,451,2
1728464353929690000,2447,1044,192,1034,316,85
1728464353930532000,2517,704,438,1071,202,218
1728464353931374000,2512,423,732,1080,106,383
1728464353932216000,2449,173,1063,1058,50,534
1728464353933058000,2324,0,1405,986,0,677
1728464353933900000,1870,0,1745,864,0,810
1728464353934742000,1592,4,2047,710,0,938
1728464353935584000,1297,5,2488,556,23,1026
1728464353936426000,1078,180,2630,405,56,1090
1728464353937283000,736,425,2727,281,205,1131
1728464353938126000,433,725,2645,188,350,1141
1728464353938968000,130,1063,2583,74,516,1084
1728464353939810000,0,1386,2470,21,638,996
1728464353940652000,0,1680,2016,0,740,863
1728464353941494000,0,1965,1702,0,839,696
1728464353942336000,23,2485,1365,8,910,534
1728464353943179000,184,2784,1012,78,946,393
1728464353944022000,430,2922,683,213,968,248
1728464353944864000,745,2894,374,362,953,139
1728464353945707000,1063,2686,155,520,917,50
1728464353946549000,1372,2361,78,660,847,0
1728464353947391000,1663,1879,85,791,721,0
1728464353948233000,1927,1613,64,884,578,5
1728464353949075000,2369,1273,33,980,417,21
1728464353949917000,2472,939,242,1045,277,117
1728464353950767000,2520,618,517,1082,185,252
1728464353951609000,2501,340,819,1077,87,421
1728464353952451000,2419,118,1155,1042,32,578
1728464353953293000,2270,8,1498,943,0,707
1728464353954135000,1812,8,1805,812,0,853
1728464353954976000,1531,5,2113,658,0,960
1728464353955818000,1210,64,2530,501,38,1062
1728464353956660000,894,256,2610,354,122,1051
1728464353957503000,553,608,2663,242,277,1088
1728464353958345000,327,870,2639,142,415,1095
1728464353959187000,85,1152,2564,58,543,1071
1728464353960029000,0,1464,2338,11,666,962
1728464353960871000,0,1762,1928,0,774,824
1728464353961713000,0,2030,1610,0,856,666
1728464353962554000,54,2575,1269,26,921,484
1728464353963397000,261,2834,904,122,942,338
1728464353964254000,608,2935,586,258,960,210
1728464353965097000,876,2852,287,407,945,112
1728464353965940000,1211,2601,71,565,864,20
1728464353966781000,1504,2140,18,698,756,0
1728464353967623000,1813,1799,0,857,644,0
1728464353968465000,1941,1511,0,948,505,0
1728464353969307000,2400,1194,96,996,372,34
1728464353970149000,2488,853,306,1050,253,157
1728464353970991000,2525,541,589,1088,154,289
1728464353971833000,2486,274,907,1077,72,452
1728464353972674000,2387,68,1248,1018,10,619
1728464353973516000,2015,2,1585,913,0,767
1728464353974358000,1728,0,1919,778,0,887
1728464353975200000,1428,0,2172,624,0,993
1728464353976042000,1085,114,2560,437,52,1097
1728464353976884000,759,332,2659,305,169,1145
1728464353977729000,485,629,2680,193,301,1121
1728464353978571000,229,910,2641,109,448,1111
1728464353979413000,42,1238,2531,42,583,1056
1728464353980255000,0,1536,2133,0,704,932
1728464353981097000,0,1839,1845,10,799,772
1728464353981939000,0,2079,1537,1,878,616
1728464353982781000,111,2658,1196,42,930,459
1728464353983623000,322,2886,816,154,967,370
1728464353984466000,601,2931,487,300,972,226
1728464353985309000,907,2815,226,437,935,75
1728464353986151000,1225,2667,14,602,873,0
1728464353986993000,1511,2131,0,741,757,0
1728464353987835000,1796,1835,0,869,634,0
1728464353988677000,2088,1443,0,938,476,0
1728464353989519000,2426,1110,144,1010,333,79
1728464353990361000,2510,776,386,1066,233,192
1728464353991211000,2520,474,666,1088,130,341
1728464353992053000,2458,227,1008,1070,53,501
1728464353992895000,2354,43,1352,1001,0,660
1728464353993737000,1938,2,1680,890,0,803
1728464353994579000,1655,0,1973,738,0,899
1728464353995421000,1355,0,2451,591,0,1002
1728464353996263000,1145,129,2625,436,40,1079
1728464353997105000,816,352,2707,304,175,1106
1728464353997947000,482,670,2639,226,334,1136
1728464353998790000,178,988,2618,92,486,1102
1728464353999632000,0,1315,2496,21,613,1026
1728464354000474000,0,1607,2056,0,736,892
1728464354001316000,0,1898,1762,2,825,732
1728464354002158000,0,2391,1444,0,893,578
1728464354003000000,146,2726,1072,64,952,416
1728464354003843000,379,2908,738,182,969,265
1728464354004726000,676,2912,421,332,962,158
1728464354005569000,993,2766,213,485,922,64
1728464354006411000,1318,2470,52,633,853,9
1728464354007253000,1600,1918,94,746,749,11
1728464354008094000,1887,1643,90,866,602,1
1728464354008936000,2329,1356,15,953,436,9
1728464354009778000,2451,1012,187,1028,306,101
1728464354010621000,2520,698,458,1075,202,214
1728464354011464000,2510,406,752,1088,110,383
1728464354012306000,2443,166,1097,1054,26,545
1728464354013148000,2315,8,1431,978,0,696
1728464354013989000,1866,1,1762,846,0,819
1728464354014831000,1591,9,2059,692,0,943
1728464354015673000,1270,21,2502,534,28,1002
1728464354016515000,973,197,2604,388,100,1040
1728464354017357000,623,553,2664,265,252,1098
1728464354018173000,349,810,2651,175,388,1119
1728464354019015000,121,1073,2599,68,515,1093
1728464354019857000,0,1399,2455,16,645,985
1728464354020699000,0,1688,1991,9,762,852
1728464354021541000,0,1968,1695,0,836,700
1728464354022383000,23,2497,1359,18,901,530
1728464354023225000,202,2782,994,104,1000,370
1728464354024068000,469,2920,658,220,956,235
1728464354024911000,810,2883,362,373,952,134
1728464354025754000,1130,2684,117,522,882,45
1728464354026596000,1472,2325,4,669,777,0
1728464354027438000,1742,1848,0,854,658,0
1728464354028280000,1994,1579,0,946,535,0
1728464354029122000,2371,1272,50,975,397,26
1728464354029965000,2484,929,242,1045,279,122
1728464354030807000,2528,612,517,1071,173,265
1728464354031655000,2496,336,833,1081,85,425
1728464354032497000,2414,116,1164,1033,26,597
1728464354033339000,2241,18,1516,949,0,730
1728464354034181000,1771,5,1849,802,0,864
1728464354035023000,1507,9,2127,661,2,967
1728464354035865000,1177,105,2553,491,26,1052
1728464354036707000,834,258,2694,344,141,1114
1728464354037549000,546,526,2739,217,303,1149
1728464354038391000,282,839,2641,125,407,1120
1728464354039233000,69,1154,2559,52,553,1065
1728464354040075000,0,1475,2295,13,666,951
1728464354040917000,0,1784,1919,5,778,816
1728464354041759000,0,2030,1600,1,873,647
1728464354042601000,69,2592,1263,36,921,498
1728464354043444000,265,2844,906,132,960,322
1728464354044287000,543,2993,570,261,970,196
1728464354047696000,834,2868,287,413,945,105
1728464354048539000,1157,2537,71,564,938,21
1728464354049381000,1454,2032,9,710,832,0
1728464354050223000,1738,1710,2,846,699,0
1728464354051065000,2024,1487,0,920,520,0
1728464354051906000,2405,1173,98,1015,361,47
1728464354052748000,2496,838,329,1058,252,160
1728464354053590000,2528,538,588,1080,154,320
1728464354054433000,2490,267,922,1076,79,463
1728464354055275000,2372,64,1273,1017,0,637
1728464354056117000,1980,2,1612,908,0,759
1728464354056959000,1728,18,1930,772,0,898
1728464354057801000,1431,0,2183,634,0,992
1728464354058643000,1207,96,2624,468,21,1065
1728464354059485000,849,322,2674,320,153,1109
1728464354060328000,357,602,2637,242,293,1145
1728464354061170000,230,922,2626,106,450,1112
1728464354062012000,16,1248,2531,49,591,1043
1728464354062854000,0,1550,2127,0,704,927
1728464354063696000,0,1854,1827,0,796,776
1728464354064538000,0,2137,1525,0,882,610
1728464354065380000,93,2677,1146,48,940,448
1728464354066223000,335,2887,814,157,970,298
1728464354067066000,609,2941,485,300,967,192
1728464354067909000,932,2803,256,452,944,81
1728464354068751000,1253,2500,122,615,893,23
1728464354069592000,1536,1989,90,721,789,17
1728464354070434000,1823,1728,81,843,643,10
1728464354071276000,2163,1415,0,939,469,0
1728464354072118000,2429,1079,144,1023,335,71
1728464354072960000,2511,758,405,1068,221,186
1728464354073802000,2519,455,682,1088,128,349
1728464354074659000,2465,202,1015,1057,49,509
1728464354075500000,2341,25,1359,1001,0,633
1728464354076342000,1922,1,1678,875,0,802
1728464354077184000,1646,8,2008,722,0,914
1728464354078026000,1359,4,2482,581,4,998
1728464354078868000,1037,166,2581,417,74,1033
1728464354079710000,700,493,2656,271,209,1082
1728464354080552000,421,757,2661,193,350,1105
1728464354081395000,167,997,2604,87,494,1102
1728464354082237000,0,1344,2496,23,610,1010
1728464354083079000,0,1632,2051,2,732,892
1728464354083921000,0,1923,1743,0,827,736
1728464354084763000,0,2416,1425,0,885,558
1728464354085605000,155,2727,1061,81,976,402
1728464354086448000,405,2912,717,192,953,270
1728464354087291000,730,2912,415,345,953,157
1728464354088192000,1045,2736,157,506,907,66
1728464354089034000,1249,2423,0,712,813,26
1728464354089876000,1535,1921,0,839,693,39
1728464354090718000,1841,1648,9,896,549,4
1728464354091560000,2335,1337,13,960,427,2
1728464354092402000,2461,1005,211,1036,301,101
1728464354093243000,2520,680,455,1064,193,234
1728464354094085000,2511,394,769,1081,103,383
1728464354094927000,2438,146,1102,1058,34,552
1728464354095769000,2296,0,1456,950,0,707
1728464354096611000,1849,16,1786,840,0,836
1728464354097453000,1570,0,2086,687,0,948
1728464354098295000,1233,37,2501,509,20,1045
1728464354099137000,916,263,2625,368,126,1088
1728464354099979000,587,490,2655,244,234,1116
1728464354100821000,342,767,2688,148,378,1129
1728464354101610000,105,1076,2584,74,519,1075
1728464354102452000,0,1412,2456,10,649,983
1728464354103294000,0,1708,1984,11,756,843
1728464354104136000,0,1984,1684,0,842,682
1728464354104978000,29,2511,1321,13,917,523
1728464354105820000,236,2800,961,105,962,412
1728464354106663000,480,2927,626,241,974,225
1728464354107506000,777,2949,330,375,945,114
1728464354108349000,1120,2717,89,561,901,13
1728464354109191000,1459,2360,0,683,785,0
1728464354110033000,1734,1931,0,818,669,0
1728464354110875000,1961,1567,13,900,535,0
1728464354111717000,2373,1255,50,978,395,41
1728464354112559000,2488,917,269,1044,281,128
1728464354113402000,2525,599,532,1089,175,274
1728464354114244000,2499,325,860,1081,82,426
1728464354115104000,2399,105,1194,1037,13,608
1728464354115946000,2167,4,1537,938,0,737
1728464354116788000,1781,1,1859,813,0,861
1728464354117630000,1485,0,2167,658,0,977
1728464354118472000,1282,57,2560,502,18,1061
1728464354119314000,949,264,2659,349,130,1101
1728464354120156000,560,517,2648,290,258,1136
1728464354120998000,270,843,2652,117,410,1127
1728464354121840000,58,1176,2555,56,558,1070
1728464354122682000,0,1486,2243,4,691,953
1728464354123524000,0,1779,1910,1,778,813
1728464354124366000,0,2039,1600,2,861,639
1728464354125208000,56,2594,1240,33,927,481
1728464354126050000,277,2849,884,128,965,330
1728464354126893000,549,2929,557,273,967,204
1728464354127736000,850,2847,284,410,938,103
1728464354128574000,1172,2591,136,561,912,38
1728464354129416000,1485,2061,101,704,807,10
1728464354130258000,1741,1792,86,811,665,0
1728464354131100000,2018,1495,0,919,501,0
1728464354131942000,2413,1160,98,1007,365,53
1728464354132785000,2505,834,335,1052,247,165
1728464354133627000,2517,535,628,1089,146,313
1728464354134470000,2474,261,946,1074,64,482
1728464354135312000,2379,68,1274,1017,4,595
1728464354136154000,1984,2,1615,911,2,768
1728464354136996000,1703,5,1929,765,0,903
1728464354137838000,1405,21,2192,622,0,984
1728464354138680000,1093,209,2572,485,93,1048
1728464354139522000,797,402,2648,309,176,1103
1728464354140365000,448,543,2671,192,375,1120
1728464354141208000,210,926,2638,100,448,1113
1728464354142059000,20,1273,2528,36,594,1039
1728464354142901000,0,1559,2115,0,711,917
1728464354143743000,0,1858,1822,0,806,766
1728464354144585000,0,2176,1516,0,873,596
1728464354145427000,123,2680,1150,64,922,434
1728464354146270000,431,2892,797,158,960,298
1728464354147113000,682,2922,489,313,960,176
1728464354147956000,927,2786,215,484,917,84
1728464354148798000,1211,2479,46,658,846,13
1728464354149640000,1519,1969,18,786,741,0
1728464354150482000,1794,1700,14,891,591,0
1728464354151324000,2299,1410,0,947,454,0
1728464354152165000,2437,1063,159,1023,333,81
1728464354153007000,2513,740,386,1066,221,203
1728464354153849000,2513,443,700,1088,117,348
1728464354154692000,2458,186,1026,1067,50,523
1728464354155886000,2317,29,1376,981,0,673
1728464354156728000,1895,13,1710,864,0,797
1728464354157570000,1628,6,2013,720,0,925
1728464354158412000,1308,4,2525,545,2,1013
1728464354159254000,971,166,2678,400,109,1101
1728464354160096000,676,434,2715,265,254,1141
1728464354160939000,378,709,2632,167,354,1152
1728464354161782000,149,1018,2608,87,500,1095
1728464354162624000,0,1355,2483,14,624,1010
1728464354163466000,0,1645,2041,2,730,874
1728464354164307000,0,1931,1752,4,823,723
1728464354165149000,0,2446,1401,5,906,553
1728464354165991000,179,2759,1035,79,948,420
1728464354166834000,418,2912,698,205,971,238
1728464354167677000,708,2932,395,346,960,139
1728464354168520000,1020,2666,136,502,963,45
1728464354169025000,1381,2332,0,636,887,0
1728464354169866000,1632,1839,2,772,774,0
1728464354170708000,1891,1621,5,882,561,0
1728464354171549000,2348,1313,20,972,426,17
1728464354172391000,2472,981,229,1035,290,106
1728464354173233000,2521,653,480,1079,192,238
1728464354174076000,2499,372,786,1088,90,389
1728464354174918000,2430,137,1114,1056,21,541
1728464354175759000,2300,0,1484,967,0,713
1728464354176601000,1831,0,1791,826,0,855
1728464354177443000,1558,0,2092,690,0,938
1728464354178285000,1223,5,2524,521,0,1028
1728464354179127000,1010,220,2671,375,82,1106
1728464354179970000,670,484,2679,242,234,1134
1728464354180813000,335,784,2661,143,394,1133
1728464354181656000,100,1110,2575,75,535,1071
1728464354182553000,0,1435,2441,13,661,981
1728464354183395000,0,1734,1968,0,762,850
1728464354184237000,0,1999,1651,7,853,676
1728464354185079000,25,2534,1320,18,914,512
1728464354185921000,226,2820,961,96,954,367
1728464354186764000,476,2938,628,239,970,238
1728464354187607000,799,2881,361,381,960,130
1728464354188450000,1099,2680,143,532,900,33
1728464354189292000,1433,2316,64,677,799,0
1728464354190134000,1717,1875,10,789,644,101
1728464354190976000,1985,1559,4,905,535,0
1728464354191818000,2384,1230,69,998,389,32
1728464354192660000,2481,900,290,1040,260,139
1728464354193502000,2518,589,561,1078,158,285
1728464354194344000,2498,313,872,1080,87,438
1728464354195186000,2419,106,1193,1028,10,589
1728464354195989000,2105,14,1555,929,0,737
1728464354196831000,1768,10,1870,788,0,879
1728464354197673000,1477,0,2155,641,0,963
1728464354198515000,1144,170,2533,489,57,1021
1728464354199357000,841,369,2640,362,174,1093
1728464354200200000,545,619,2667,226,297,1114
1728464354201043000,267,864,2639,122,441,1124
1728464354201885000,64,1186,2546,57,562,1050
1728464354202727000,0,1500,2199,7,685,946
1728464354203569000,0,1802,1879,0,794,807
1728464354204411000,0,2044,1568,0,869,629
1728464354205253000,81,2604,1214,42,911,466
1728464354206095000,373,2852,869,132,945,325
1728464354206938000,600,2936,547,299,960,207
1728464354207781000,864,2837,256,440,938,98
1728464354208623000,1159,2559,55,523,858,0
1728464354209466000,1454,2047,5,638,756,0
1728464354210308000,1738,1775,5,860,626,0
1728464354211149000,2044,1477,0,925,491,0
1728464354211991000,2411,1144,118,1013,357,64
1728464354212833000,2496,815,352,1051,234,175
1728464354213676000,2516,517,628,1088,138,320
1728464354214518000,2480,245,946,1071,70,482
1728464354215360000,2361,49,1297,1013,0,644
1728464354216202000,1929,21,1649,889,0,790
1728464354217043000,1682,0,1952,762,0,904
1728464354217885000,1391,0,2215,594,0,1001
1728464354218727000,1042,114,2657,427,96,1096
1728464354219569000,747,363,2707,292,217,1140
1728464354220411000,458,642,2680,192,314,1208
1728464354221254000,204,939,2620,103,469,1104
1728464354222096000,10,1279,2514,26,602,1033
1728464354222954000,0,1573,2108,0,705,905
1728464354223796000,0,1870,1807,5,805,757
1728464354224637000,0,2306,1491,0,887,585
1728464354225479000,142,2694,1116,50,954,493
1728464354226322000,354,2892,773,169,963,279
1728464354227165000,645,2968,464,308,961,162
1728464354228008000,949,2865,173,490,948,48
1728464354228849000,1330,2550,0,629,851,0
1728464354229691000,1596,2044,5,765,730,0
1728464354230533000,1845,1703,0,857,595,0
1728464354231375000,2321,1401,0,951,457,11
1728464354232217000,2439,1058,168,1026,320,82
1728464354233059000,2503,732,414,1060,205,207
1728464354233901000,2511,432,708,1088,119,361
1728464354234744000,2447,194,1034,1063,50,514
1728464354235586000,2334,4,1382,992,0,669
1728464354236424000,1893,0,1735,862,0,815
1728464354237266000,1614,2,2039,731,0,926
1728464354238108000,1436,4,2506,577,0,1030
1728464354238950000,1102,178,2659,409,79,1098
1728464354239792000,693,418,2647,345,205,1144
1728464354240635000,383,718,2668,159,352,1131
1728464354241478000,145,1039,2595,82,503,1088
1728464354242320000,0,1365,2476,18,629,1003
1728464354243162000,0,1664,2034,2,736,874
1728464354244004000,0,1945,1735,2,834,709
1728464354244846000,0,2462,1392,0,904,556
1728464354245688000,192,2768,1037,72,960,394
1728464354246531000,419,2921,743,210,970,258
1728464354247374000,719,2912,424,349,960,148
1728464354248217000,1042,2700,74,517,913,138
1728464354249059000,1365,2368,0,642,822,77
1728464354249911000,1647,1882,0,778,686,69
1728464354250753000,1923,1610,1,888,565,0
1728464354251595000,2357,1305,32,973,420,27
1728464354252437000,2471,960,229,1041,284,109
1728464354253279000,2513,637,493,1088,181,252
1728464354254121000,2503,352,791,1077,94,405
1728464354254963000,2405,141,1129,1044,34,556
1728464354255805000,2272,15,1479,963,0,709
1728464354256647000,1817,5,1805,833,0,839
1728464354257489000,1546,5,2108,682,0,952
1728464354258330000,1196,145,2509,517,39,1010
1728464354259172000,916,345,2619,390,149,1072
1728464354260014000,613,539,2669,236,325,1113
1728464354260857000,314,799,2661,144,403,1136
1728464354261699000,98,1140,2569,64,535,1088
1728464354262541000,0,1448,2415,14,674,974
1728464354263407000,0,1735,1948,10,765,833
1728464354264248000,0,2001,1637,0,853,676
1728464354265090000,45,2560,1289,21,954,497
1728464354265933000,254,2826,930,114,951,349
1728464354266776000,570,2936,609,258,962,219
1728464354267619000,799,2868,320,425,954,119
1728464354268462000,1079,2631,107,604,873,58
1728464354269304000,1378,2222,13,754,784,28
1728464354270145000,1656,1824,5,868,662,20
1728464354270987000,1991,1534,4,905,520,0
1728464354271829000,2384,1217,77,988,379,30
1728464354272671000,2496,868,292,1053,261,142
1728464354273513000,2527,566,576,1088,153,282
1728464354274356000,2489,289,893,1080,77,448
1728464354275198000,2392,90,1222,1010,2,624
1728464354276039000,2068,26,1580,924,0,756
1728464354276946000,1734,7,1903,790,0,880
1728464354277788000,1457,8,2165,624,0,985
1728464354278630000,1131,138,2558,456,47,1061
1728464354279472000,786,286,2751,322,162,1122
1728464354280315000,513,576,2732,207,298,1141
1728464354281157000,257,888,2632,114,432,1123
1728464354281998000,45,1207,2537,45,576,1053
1728464354282840000,0,1514,2168,0,688,933
1728464354283682000,0,1812,1863,2,785,775
1728464354284524000,0,2062,1558,6,873,626
1728464354285366000,93,2639,1192,37,938,533
1728464354286209000,301,2881,839,149,967,350
1728464354287052000,577,2933,508,279,973,185
1728464354287895000,885,2895,229,465,960,65
1728464354288737000,1253,2611,26,593,867,0
1728464354289578000,1537,2072,4,746,759,0
1728464354290358000,1801,1767,10,840,628,0
1728464354291200000,2050,1464,0,929,483,0
1728464354292042000,2421,1129,129,1005,343,68
1728464354292884000,2497,794,367,1064,228,178
1728464354293727000,2515,489,641,1081,141,324
1728464354294570000,2466,235,975,1066,64,492
1728464354295412000,2368,42,1330,1011,0,641
1728464354296254000,1943,2,1669,893,0,773
1728464354297096000,1681,2,1984,759,0,900
1728464354297938000,1483,0,2311,619,0,1010
1728464354298780000,1176,129,2626,442,58,1090
1728464354299623000,797,374,2652,344,178,1123
1728464354300466000,437,650,2665,189,333,1138
1728464354301309000,194,967,2613,96,477,1102
1728464354302151000,9,1289,2504,28,609,1029
1728464354302993000,0,1585,2085,0,717,901
1728464354303847000,0,1880,1783,0,805,745
1728464354304689000,0,2353,1465,0,887,577
1728464354305531000,137,2714,1113,56,939,425
1728464354306374000,367,2895,799,181,970,282
1728464354307217000,653,2924,458,311,963,170
1728464354308060000,964,2746,119,463,918,149
1728464354308902000,1310,2476,0,613,862,79
1728464354309744000,1600,1940,0,748,736,39
1728464354310586000,1868,1683,0,860,585,0
1728464354311427000,2318,1376,5,956,443,1
1728464354312270000,2439,1038,199,1023,311,93
1728464354313112000,2508,715,437,1074,203,210
1728464354313954000,2514,418,727,1088,114,368
1728464354314796000,2447,185,1066,1058,37,538
1728464354315638000,2310,8,1423,983,0,683
1728464354316480000,1861,10,1739,868,1,818
1728464354317317000,1609,6,2047,714,0,935
1728464354318159000,1274,117,2488,564,32,985
1728464354319001000,960,274,2624,429,133,1074
1728464354319843000,690,508,2659,277,224,1107
1728464354320686000,370,722,2671,162,375,1140
1728464354321529000,133,1052,2595,81,509,1095
1728464354322371000,0,1384,2481,18,626,994
1728464354323212000,0,1671,2020,10,746,871
1728464354324054000,0,1952,1706,0,840,712
1728464354324895000,11,2456,1378,4,928,535
1728464354325737000,194,2766,1026,93,964,378
1728464354326580000,496,2920,680,211,960,253
1728464354327423000,767,2912,378,359,961,141
1728464354328266000,1122,2687,117,557,894,58
1728464354329107000,1286,2354,0,736,783,1
1728464354329949000,1704,1888,0,858,684,0
1728464354330809000,1940,1610,0,883,562,0
1728464354331651000,2359,1296,42,963,405,26
1728464354332493000,2466,947,245,1040,286,114
1728464354333335000,2528,636,489,1070,183,261
1728464354334177000,2508,359,809,1088,101,407
1728464354335019000,2414,141,1144,1035,29,583
1728464354335861000,2277,10,1504,941,0,738
1728464354336703000,1794,20,1826,832,0,852
1728464354337545000,1514,4,2120,672,0,964
1728464354338387000,1219,96,2528,485,29,1036
1728464354339229000,868,237,2737,346,146,1128
1728464354340072000,577,517,2708,221,274,1140
1728464354340915000,305,820,2650,133,408,1118
1728464354341757000,81,1143,2569,58,543,1069
1728464354342599000,0,1456,2380,13,661,960
1728464354343441000,0,1756,1936,1,770,814
1728464354344282000,0,2018,1626,2,858,662
1728464354345124000,53,2570,1273,25,912,523
1728464354345967000,250,2832,927,123,961,332
1728464354346810000,525,2960,596,249,972,217
1728464354347653000,824,2788,290,394,1015,85
1728464354348496000,1143,2574,76,583,927,21
1728464354349338000,1472,2150,10,716,817,0
1728464354350180000,1746,1803,4,818,662,0
1728464354351022000,2012,1517,0,909,518,0
1728464354351864000,2392,1200,88,992,368,50
1728464354352706000,2488,860,306,1055,261,153
1728464354353549000,2528,550,570,1088,165,296
1728464354354391000,2485,281,893,1072,74,453
1728464354355233000,2385,66,1236,1026,2,621
1728464354356075000,2034,17,1592,914,0,757
1728464354356917000,1740,10,1904,788,0,872
1728464354357764000,1547,0,2205,645,0,989
1728464354358605000,1238,85,2595,480,46,1071
1728464354359447000,887,309,2648,330,133,1107
1728464354360289000,498,585,2663,207,298,1140
1728464354361132000,240,901,2639,106,444,1120
1728464354361974000,30,1226,2539,43,577,1048
1728464354362816000,0,1530,2136,0,706,936
1728464354363658000,0,1831,1840,0,791,786
1728464354364500000,0,2079,1546,0,877,631
1728464354365342000,102,2646,1178,49,947,453
1728464354366184000,320,2886,832,161,962,304
1728464354367027000,592,2942,543,287,975,197
1728464354367870000,899,2827,282,442,932,165
1728464354368712000,1237,2503,0,597,847,92
1728464354369554000,1525,2048,55,722,759,23
1728464354370395000,1818,1746,0,843,618,0
1728464354371248000,2075,1459,0,936,474,0
1728464354372090000,2435,1096,136,1023,349,63
1728464354372932000,2511,778,381,1075,224,180
1728464354373774000,2528,473,671,1091,138,342
1728464354374616000,2478,219,986,1062,42,481
1728464354375458000,2367,34,1344,1000,0,634
1728464354376299000,1929,8,1679,893,0,791
1728464354377141000,1672,11,1976,740,0,907
1728464354377983000,1389,0,2428,579,0,949
1728464354378825000,1040,136,2577,421,78,1048
1728464354379667000,704,468,2648,320,212,1091
1728464354380510000,424,671,2677,177,336,1136
1728464354381353000,173,984,2620,92,480,1109
1728464354382194000,0,1310,2496,21,620,1021
1728464354383036000,0,1615,2072,5,722,897
1728464354383878000,0,1905,1783,2,818,744
1728464354384727000,0,2368,1436,0,940,570
1728464354385569000,157,2716,1088,73,997,405
1728464354386412000,386,2901,740,192,960,277
1728464354387255000,730,2929,434,328,960,158
1728464354388098000,1049,2749,178,490,901,81
1728464354388940000,1237,2432,0,704,825,21
1728464354389782000,1516,1937,0,833,704,29
1728464354390624000,1888,1666,4,872,587,0
1728464354391466000,2323,1368,8,950,432,13
1728464354392308000,2452,1023,197,1031,313,93
1728464354393150000,2520,704,440,1074,202,226
1728464354393993000,2511,410,756,1080,110,372
1728464354394836000,2431,181,1080,1055,42,554
1728464354395678000,2312,11,1434,970,0,682
1728464354396520000,1856,4,1759,847,0,815
1728464354397362000,1579,9,2115,700,0,939
1728464354398208000,1272,8,2594,533,30,1035
1728464354399050000,946,192,2675,386,160,1124
1728464354399893000,644,469,2687,261,239,1227
1728464354400736000,354,748,2669,153,377,1125
1728464354401578000,125,1071,2583,70,519,1095
1728464354402420000,0,1392,2464,17,644,988
1728464354403262000,0,1686,1999,11,756,864
1728464354404104000,0,1968,1687,0,845,709
1728464354404946000,25,2489,1344,5,907,521
1728464354405788000,210,2788,986,100,962,361
1728464354406631000,458,2964,649,218,975,241
1728464354407474000,754,2844,357,369,1021,114
1728464354408317000,1096,2658,100,541,940,41
1728464354409159000,1438,2314,0,667,725,0
1728464354410001000,1677,1857,0,793,661,0
1728464354410843000,1952,1588,4,898,545,0
1728464354411691000,2368,1282,53,975,401,37
1728464354412534000,2478,938,261,1043,285,119
1728464354413376000,2528,622,510,1082,181,261
1728464354414218000,2507,340,832,1079,93,420
1728464354415060000,2411,103,1168,1050,10,598
1728464354415902000,2249,5,1513,942,0,737
1728464354416744000,1799,7,1848,825,0,853
1728464354417585000,1553,0,2148,681,0,965
1728464354418427000,1264,47,2504,562,34,1060
1728464354419269000,788,253,2624,404,135,1141
1728464354420112000,558,520,2669,241,269,1142
1728464354420955000,293,832,2656,129,402,1122
1728464354421797000,68,1149,2565,64,549,1065
1728464354422639000,0,1468,2305,6,677,960
1728464354423480000,0,1763,1926,5,769,820
1728464354424322000,0,2038,1614,0,858,658
1728464354425170000,58,2588,1263,23,927,490
1728464354426013000,271,2834,911,125,960,334
1728464354426856000,524,2936,608,258,974,217
1728464354427699000,833,2849,226,405,940,185
1728464354428542000,1151,2592,10,565,900,98
1728464354429383000,1478,2124,0,696,809,54
1728464354430225000,1762,1812,2,817,649,0
1728464354431066000,2006,1506,2,912,505,0
1728464354431908000,2400,1188,88,997,372,50
1728464354432750000,2494,851,320,1052,255,151
1728464354433593000,2523,543,587,1084,155,306
1728464354434436000,2495,281,904,1075,64,453
1728464354435278000,2381,70,1251,1024,4,625
1728464354436120000,2008,1,1600,912,0,758
1728464354436962000,1727,8,1917,786,0,882
1728464354437804000,1428,0,2169,609,74,963
1728464354438662000,1101,13,2533,440,139,1059
1728464354439504000,783,270,2648,328,226,1103
1728464354440347000,474,594,2684,202,298,1140
1728464354441189000,229,912,2635,101,448,1119
1728464354442031000,28,1242,2532,41,583,1038
1728464354442873000,0,1533,2124,0,706,922
1728464354443715000,0,1838,1856,0,790,783
1728464354444557000,66,2085,1533,0,863,602
1728464354445399000,194,2656,1177,53,932,448
1728464354446242000,375,2892,823,149,955,320
1728464354447084000,585,2937,505,313,965,187
1728464354447927000,874,2808,234,386,924,73
1728464354448769000,1212,2520,21,569,860,38
1728464354449611000,1512,1986,0,702,746,10
1728464354450453000,1826,1728,4,840,609,0
1728464354451295000,2119,1429,0,938,466,0
1728464354452139000,2424,1088,153,1023,340,73
1728464354452981000,2509,772,380,1057,221,193
1728464354453824000,2521,463,676,1088,129,346
1728464354454666000,2456,201,999,1051,66,513
1728464354455508000,2348,38,1345,989,0,661
1728464354456350000,1900,15,1687,884,0,804
1728464354457192000,1643,5,2012,722,5,917
1728464354458034000,1333,0,2511,572,43,1026
1728464354458876000,1008,167,2623,412,89,1161
1728464354459718000,704,401,2570,261,205,1212
1728464354460560000,417,690,2670,170,350,1130
1728464354461403000,165,1001,2608,90,489,1101
1728464354462245000,0,1333,2501,20,613,1013
1728464354463087000,0,1633,2065,4,732,904
1728464354463929000,0,1910,1760,2,832,736
1728464354464770000,0,2428,1413,0,892,533
1728464354465614000,164,2743,1059,76,960,394
1728464354466457000,400,2959,716,183,970,274
1728464354467300000,694,2891,418,338,1042,143
1728464354468143000,1033,2740,146,520,894,53
1728464354468985000,1365,2387,0,628,773,0
1728464354469827000,1622,1931,4,767,688,4
1728464354470668000,1900,1644,0,876,581,0
1728464354471510000,2335,1344,13,961,427,10
1728464354472352000,2451,995,215,1035,306,102
1728464354473195000,2520,686,449,1067,200,240
1728464354474037000,2513,389,762,1084,111,378
1728464354474880000,2428,129,1098,1065,23,558
1728464354475722000,2291,0,1459,962,0,722
1728464354476563000,1810,5,1779,847,0,834
1728464354477405000,1444,0,2063,765,0,945
1728464354478247000,1152,11,2496,594,21,1070
1728464354479102000,861,222,2616,430,106,1166
1728464354479945000,619,464,2668,249,242,1140
1728464354480788000,353,766,2656,150,381,1128
1728464354481630000,114,1088,2587,77,530,1082
1728464354482471000,0,1420,2448,10,655,987
1728464354483313000,0,1712,1984,0,753,862
1728464354484155000,0,1980,1673,0,843,682
1728464354484997000,17,2506,1330,14,913,522
1728464354485839000,218,2804,974,98,953,370
1728464354486682000,461,2944,679,228,975,246
1728464354487525000,761,2915,397,366,960,123
1728464354488367000,1081,2647,37,533,903,125
1728464354489209000,1413,2297,0,668,809,75
1728464354490051000,1695,1865,0,784,673,0
1728464354490893000,1957,1571,0,896,535,0
1728464354491735000,2370,1254,58,982,393,26
1728464354492577000,2480,919,267,1039,269,136
1728464354493420000,2517,605,533,1075,168,257
1728464354494262000,2500,323,834,1075,74,421
1728464354495104000,2391,109,1180,1032,11,576
1728464354495946000,2151,14,1527,941,0,732
1728464354496788000,1778,5,1870,811,0,864
1728464354497630000,1483,98,2154,690,4,942
1728464354498472000,1202,146,2534,520,74,1027
1728464354499314000,882,329,2630,352,165,1098
1728464354500157000,546,533,2688,231,277,1139
1728464354501000000,276,843,2640,132,423,1121
1728464354501842000,72,1164,2549,53,557,1055
1728464354502684000,0,1479,2241,18,678,954
1728464354503526000,0,1771,1914,4,786,816
1728464354504368000,0,2035,1582,0,846,650
1728464354505210000,77,2591,1237,34,917,473
1728464354506060000,354,2847,881,136,958,335
1728464354506903000,552,2951,570,295,967,204
1728464354507746000,796,2831,299,460,935,100
1728464354508589000,1141,2573,52,527,869,17
1728464354509431000,1444,2087,0,658,767,1
1728464354510273000,1768,1793,0,817,645,0
1728464354511115000,2023,1505,0,920,498,0
1728464354511956000,2409,1175,105,1002,369,48
1728464354512798000,2499,836,323,1062,249,166
1728464354513640000,2534,529,614,1088,142,302
1728464354514483000,2480,270,928,1075,64,484
1728464354515325000,2381,64,1275,1001,21,650
1728464354516167000,1951,10,1619,912,0,759
1728464354517009000,1696,9,1947,770,0,890
1728464354517850000,1400,0,2282,608,5,997
1728464354518692000,1078,106,2648,439,90,1098
1728464354519543000,761,348,2682,305,204,1124
1728464354520386000,477,611,2688,192,305,1141
1728464354521229000,213,927,2631,107,457,1116
1728464354522071000,34,1256,2520,30,601,1042
1728464354522913000,0,1553,2121,0,698,912
1728464354523754000,0,1851,1838,4,802,760
1728464354524596000,0,2122,1496,0,882,666
1728464354525438000,121,2668,1137,45,939,491
1728464354526281000,341,2895,805,160,966,293
1728464354527124000,617,2992,476,300,965,159
1728464354527967000,964,2851,202,458,960,64
1728464354528809000,1298,2552,4,614,860,0
1728464354529650000,1560,2024,0,733,736,0
1728464354530492000,1842,1718,2,847,608,0
1728464354531334000,2266,1418,0,942,466,0
1728464354532176000,2437,1080,157,1018,328,79
1728464354533026000,2506,756,401,1072,214,194
1728464354533868000,2520,451,681,1082,129,350
1728464354534710000,2463,202,1003,1057,52,501
1728464354535552000,2345,22,1378,994,0,671
1728464354536394000,1905,5,1701,876,0,806
1728464354537236000,1742,0,2024,740,0,909
1728464354538078000,1445,0,2493,583,0,1008
1728464354538920000,1116,154,2628,421,75,1102
1728464354539762000,708,414,2659,284,197,1127
1728464354540605000,404,692,2666,172,356,1134
1728464354541448000,165,1018,2600,84,489,1094
1728464354542290000,0,1344,2497,18,621,1008
1728464354543131000,0,1632,2045,6,741,884
1728464354543973000,0,1922,1747,0,825,729
1728464354544815000,0,2439,1426,0,897,553
1728464354545657000,160,2748,1060,74,947,407
1728464354546555000,417,2929,724,193,972,266
1728464354547398000,690,2881,497,341,996,162
1728464354548241000,1021,2760,207,500,913,128
1728464354549083000,1346,2382,0,637,823,94
1728464354549925000,1634,1918,5,770,704,0
1728464354550767000,1917,1633,2,877,564,0
1728464354551609000,2339,1322,32,963,428,15
1728464354552451000,2461,982,221,1031,296,105
1728464354553294000,2511,660,474,1082,192,228
1728464354554136000,2518,360,772,1078,98,395
1728464354554978000,2419,151,1097,1042,31,557
1728464354555820000,2295,0,1463,962,0,706
1728464354556662000,1841,10,1784,850,0,834
1728464354557504000,1600,57,2074,696,0,916
1728464354558346000,1272,94,2526,514,97,1020
1728464354559188000,897,146,2624,361,192,1089
1728464354559986000,597,478,2673,247,237,1131
1728464354560828000,334,779,2656,139,395,1131
1728464354561670000,111,1111,2574,65,528,1080
1728464354562512000,0,1428,2447,10,656,978
1728464354563354000,0,1722,1966,1,762,850
1728464354564196000,0,1984,1655,0,836,684
1728464354565037000,35,2531,1322,17,903,505
1728464354565880000,279,2823,960,107,953,373
1728464354566723000,482,2947,628,267,970,229
1728464354567566000,740,2880,348,425,958,106
1728464354568409000,1077,2641,71,516,887,44
1728464354569251000,1401,2268,0,647,801,8
1728464354570093000,1716,1849,0,796,673,0
1728464354570934000,1976,1552,0,904,525,0
1728464354571776000,2375,1239,73,985,388,26
1728464354572618000,2483,902,281,1050,267,146
1728464354573473000,2539,576,544,1088,170,267
1728464354574315000,2503,302,861,1089,82,424
1728464354575157000,2410,96,1222,1018,18,614
1728464354575999000,2117,29,1555,926,0,749
1728464354576840000,1756,0,1887,805,0,866
1728464354577682000,1464,0,2227,634,0,970
1728464354578524000,1159,53,2632,465,68,1068
1728464354579366000,832,293,2700,335,188,1134
1728464354580209000,540,553,2679,213,292,1140
1728464354581052000,266,858,2647,126,427,1122
1728464354581894000,58,1194,2555,45,576,1058
1728464354582735000,0,1504,2206,10,676,944
1728464354583577000,0,1795,1893,2,788,794
1728464354584419000,0,2045,1560,1,869,677
1728464354585261000,79,2614,1216,26,923,517
1728464354586103000,286,2863,862,138,962,313
1728464354586957000,548,2979,533,278,986,186
1728464354587800000,892,2887,245,452,945,68
1728464354588642000,1216,2544,42,570,966,10
1728464354589484000,1504,2088,0,711,773,0
1728464354590326000,1790,1778,1,832,629,0
1728464354591168000,2018,1484,0,923,480,0
1728464354592010000,2411,1155,114,998,354,64
1728464354592852000,2499,821,343,1061,237,162
1728464354593694000,2528,500,624,1088,149,314
1728464354594536000,2475,249,945,1043,33,477
1728464354595378000,2370,66,1306,1008,1,637
1728464354596220000,1966,8,1634,906,0,772
1728464354597062000,1807,0,1961,767,0,884
1728464354597904000,1504,0,2225,619,0,981
1728464354598746000,1173,114,2615,452,57,1077
1728464354599588000,781,345,2656,320,181,1124
1728464354600431000,461,622,2670,197,331,1138
1728464354601274000,210,946,2624,106,462,1107
1728464354602116000,10,1266,2526,29,596,1028
1728464354602958000,0,1570,2098,5,715,914
1728464354603800000,0,1861,1808,0,807,757
1728464354604642000,0,2223,1491,0,881,594
1728464354605484000,126,2685,1125,52,943,433
1728464354606327000,341,2905,782,164,970,290
1728464354607170000,638,2941,532,297,1013,192
1728464354608013000,960,2798,121,464,922,173
1728464354608855000,1271,2456,0,611,858,69
1728464354609697000,1568,1974,0,738,728,0
1728464354610539000,1861,1701,0,853,600,0
1728464354611381000,2303,1400,5,948,450,0
1728464354612223000,2437,1060,178,1013,313,84
1728464354613066000,2509,736,413,1072,215,197
1728464354613915000,2520,436,697,1088,126,354
1728464354614758000,2459,199,1042,1062,45,529
1728464354615600000,2335,18,1399,983,0,690
1728464354616442000,1900,8,1723,874,0,809
1728464354617284000,1639,68,2022,759,0,892
1728464354618125000,1349,69,2483,577,18,999
1728464354618967000,1029,234,2593,415,116,1078
1728464354619809000,678,415,2659,276,213,1133
1728464354620652000,390,704,2659,168,362,1136
1728464354621495000,149,1030,2596,81,496,1090
1728464354622337000,0,1356,2483,20,629,1003
1728464354623179000,0,1648,2043,8,741,880
1728464354624020000,0,1919,1735,0,811,729
1728464354624862000,6,2434,1402,2,888,546
1728464354625704000,184,2748,1038,92,940,388
1728464354626547000,457,2930,707,204,962,255
1728464354627397000,648,2891,395,415,954,186
1728464354628240000,999,2709,149,452,901,21
1728464354629082000,1314,2375,0,690,824,0
1728464354629923000,1652,1907,6,774,710,0
1728464354630765000,1923,1636,0,875,568,1
1728464354631607000,2360,1317,32,961,417,13
1728464354632450000,2469,971,225,1051,296,109
1728464354633293000,2529,651,490,1082,185,235
1728464354634135000,2493,381,796,1070,104,412
1728464354634977000,2444,148,1120,1044,42,576
1728464354635818000,2297,0,1467,967,0,709
1728464354636660000,1821,8,1806,832,0,826
1728464354637502000,1526,0,2168,676,5,953
1728464354638344000,1222,31,2610,506,46,1044
1728464354639186000,896,226,2676,357,158,1121
1728464354640029000,595,494,2672,239,257,1142
1728464354640879000,320,807,2656,137,393,1127
1728464354641722000,104,1120,2575,64,545,1080
1728464354642564000,0,1437,2428,9,657,981
1728464354643406000,0,1740,1968,2,763,832
1728464354644248000,0,2008,1626,0,852,685
1728464354645090000,47,2540,1302,20,915,495
1728464354645933000,241,2831,946,116,960,342
1728464354646776000,498,3001,609,242,979,218
1728464354647618000,835,2936,320,417,945,100
1728464354648461000,1131,2538,87,548,967,29
1728464354649303000,1438,2188,16,689,858,0
1728464354650145000,1721,1833,2,802,669,0
1728464354650987000,1984,1539,5,907,521,0
1728464354651829000,2383,1218,73,988,383,42
1728464354652671000,2480,886,288,1049,266,137
1728464354653514000,2521,569,552,1080,167,285
1728464354654350000,2495,278,876,1075,64,448
1728464354655192000,2392,85,1222,1033,5,614
1728464354656034000,2084,15,1553,927,0,749
1728464354656876000,1823,0,1912,797,0,872
1728464354657718000,1522,0,2186,637,0,978
1728464354658560000,1209,69,2525,548,42,1073
1728464354659402000,799,298,2637,346,160,1111
1728464354660245000,519,565,2671,210,293,1141
1728464354661087000,256,878,2636,116,427,1116
1728464354661929000,46,1204,2551,50,576,1050
1728464354662771000,0,1512,2173,4,694,940
1728464354663613000,0,1813,1880,1,785,796
1728464354664455000,0,2047,1562,0,869,629
1728464354665297000,93,2643,1198,37,935,463
1728464354666140000,305,2871,885,141,971,324
1728464354666983000,560,2970,586,267,997,200
1728464354667839000,889,2816,189,439,953,165
1728464354668681000,1248,2551,0,594,893,64
1728464354669523000,1511,2033,2,720,757,0
1728464354670365000,1799,1762,1,832,621,0
1728464354671206000,2035,1472,0,932,482,0
1728464354672048000,2417,1125,125,1009,349,53
1728464354672890000,2503,796,359,1063,228,169
1728464354673733000,2531,489,624,1094,145,320
1728464354674576000,2471,239,964,1065,49,480
1728464354675418000,2362,41,1323,1007,0,655
1728464354676260000,1951,4,1662,907,0,780
1728464354677101000,1706,79,1958,780,0,879
1728464354677943000,1407,57,2247,630,7,967
1728464354678785000,1101,189,2576,431,77,1068
1728464354679627000,749,365,2661,294,197,1133
1728464354680470000,440,650,2671,177,329,1139
1728464354681321000,197,966,2624,90,472,1113
1728464354682163000,9,1302,2508,26,601,1022
1728464354683004000,0,1592,2092,0,729,913
1728464354683846000,0,1864,1791,5,791,753
1728464354684688000,0,2351,1480,0,872,583
1728464354685530000,142,2703,1113,67,944,433
1728464354686373000,421,2915,769,168,969,295
1728464354687216000,542,2920,448,398,952,209
1728464354688059000,884,2752,211,537,913,119
1728464354688901000,1268,2461,36,665,826,0
1728464354689743000,1589,1968,2,749,740,0
1728464354690585000,1863,1692,0,858,589,0
1728464354691427000,2319,1385,5,942,441,5
1728464354692269000,2436,1045,180,1024,320,90
1728464354693111000,2520,721,418,1065,218,210
1728464354693953000,2507,443,734,1077,119,370
1728464354694809000,2440,192,1068,1048,53,538
1728464354695651000,2327,18,1405,973,0,697
1728464354696493000,1882,13,1738,869,4,815
1728464354697335000,1591,0,2136,712,30,951
1728464354698177000,1293,20,2555,548,68,1039
1728464354699019000,965,228,2636,400,141,1099
1728464354699861000,661,429,2668,265,237,1136
1728464354700704000,378,725,2668,165,369,1127
1728464354701547000,138,1036,2599,85,511,1093
1728464354702389000,0,1380,2474,20,630,1002
1728464354703231000,0,1665,2017,5,750,869
1728464354704073000,0,1939,1678,9,838,690
1728464354704915000,16,2458,1368,0,902,526
1728464354705757000,197,2815,1013,90,960,386
1728464354706600000,448,2957,671,202,1015,250
1728464354707443000,710,2862,373,384,1000,102
1728464354708284000,1072,2661,127,521,846,41
1728464354709126000,1387,2355,0,660,759,0
1728464354709968000,1673,1897,4,784,704,0
1728464354710810000,1933,1616,0,885,555,0
1728464354711652000,2357,1301,50,968,405,26
1728464354712494000,2465,964,234,1036,290,116
1728464354713336000,2528,636,490,1080,193,253
1728464354714178000,2507,360,814,1089,79,410
1728464354715020000,2414,109,1152,1042,21,589
1728464354715862000,2272,0,1487,954,0,739
1728464354716704000,1741,8,1820,889,0,852
1728464354717546000,1430,0,2120,740,0,1007
1728464354718388000,1125,36,2533,553,32,1088
1728464354719230000,864,245,2626,386,138,1107
1728464354720072000,584,494,2669,240,266,1137
1728464354720915000,310,810,2656,137,395,1126
1728464354721768000,90,1125,2575,66,544,1070
1728464354722610000,0,1455,2400,9,662,975
1728464354723452000,0,1742,1946,2,765,824
1728464354724293000,0,2008,1635,0,854,672
1728464354725135000,45,2547,1291,20,925,501
1728464354725977000,256,2831,979,109,960,352
1728464354726820000,501,2962,646,235,978,246
1728464354727663000,794,2855,261,389,953,178
1728464354728506000,1176,2648,53,554,890,0
1728464354729348000,1454,2214,0,690,801,0
1728464354730189000,1739,1825,5,810,654,0
1728464354731031000,1994,1534,2,912,512,0
1728464354731873000,2395,1208,82,994,382,37
1728464354732715000,2494,878,297,1048,255,148
1728464354733558000,2528,562,578,1078,162,288
1728464354734400000,2488,296,886,1081,74,448
1728464354735256000,2397,85,1220,1021,7,601
1728464354736097000,2040,16,1579,932,0,749
1728464354736939000,1715,107,1882,808,5,847
1728464354737781000,1461,74,2166,666,7,938
1728464354738623000,1146,142,2547,493,64,1034
1728464354739465000,805,306,2645,325,167,1126
1728464354740308000,503,594,2678,209,297,1137
1728464354741151000,236,887,2629,109,437,1115
1728464354741993000,48,1216,2538,42,576,1044
1728464354742835000,0,1520,2163,1,692,938
1728464354743676000,65,1818,1859,0,779,794
1728464354744518000,94,2064,1554,4,859,612
1728464354745360000,159,2640,1197,55,926,459
1728464354746203000,356,2887,845,139,970,325
1728464354747046000,522,2936,562,334,960,211
1728464354747889000,849,2791,233,402,927,82
1728464354748731000,1186,2525,50,569,861,26
1728464354749573000,1527,2015,0,729,761,0
1728464354750415000,1810,1743,0,836,628,0
1728464354751257000,2067,1447,0,938,477,0
1728464354752099000,2417,1105,137,1023,346,65
1728464354752941000,2510,786,360,1059,231,185
1728464354753784000,2521,457,657,1088,138,331
1728464354754626000,2452,241,976,1058,66,498
1728464354755468000,2351,46,1322,980,0,655
1728464354756310000,1927,5,1669,885,0,793
1728464354757152000,1665,0,1900,738,0,1012
1728464354757994000,1351,0,2220,587,0,1088
1728464354758836000,1031,138,2547,431,116,1146
1728464354759679000,723,377,2669,286,188,1135
1728464354760522000,429,679,2673,175,335,1133
1728464354761365000,180,981,2609,94,480,1103
1728464354762209000,5,1308,2497,20,604,1015
1728464354763051000,0,1607,2076,2,721,901
1728464354763893000,0,1956,1772,0,823,741
1728464354764735000,0,2448,1447,0,895,563
1728464354765576000,148,2759,1083,73,947,402
1728464354766419000,381,2907,752,180,1006,287
1728464354767261000,677,2911,433,348,984,153
1728464354768104000,1056,2725,168,495,871,50
1728464354768946000,1423,2418,34,650,802,0
1728464354769788000,1600,1952,16,762,722,0
1728464354770630000,1880,1674,0,878,584,0
1728464354771471000,2323,1356,2,949,441,8
1728464354772313000,2444,1023,194,1034,312,90
1728464354773155000,2516,704,441,1067,205,218
1728464354773997000,2492,410,720,1088,101,383
1728464354774839000,2451,151,1075,1059,37,545
1728464354775690000,2314,0,1433,979,0,704
1728464354776532000,1795,10,1756,893,0,834
1728464354777373000,1489,0,2053,769,0,968
1728464354778215000,1179,1,2471,615,4,1053
1728464354779057000,918,192,2611,414,103,1104
1728464354779899000,639,448,2675,260,236,1137
1728464354780742000,362,746,2663,151,368,1133
1728464354781585000,133,1059,2589,78,523,1088
1728464354782427000,0,1396,2463,18,641,996
1728464354783268000,0,1689,2003,1,754,862
1728464354784110000,0,1962,1696,0,832,698
1728464354784952000,13,2488,1363,10,909,545
1728464354785794000,194,2790,992,85,958,388
1728464354786637000,442,2926,757,206,1000,263
1728464354787480000,720,2914,420,369,960,137
1728464354788323000,1055,2700,165,526,890,133
1728464354789168000,1393,2355,4,663,811,1
1728464354790010000,1678,1888,0,784,687,0
1728464354790852000,1944,1600,11,897,538,0
1728464354791694000,2364,1297,64,973,406,37
1728464354792536000,2480,944,245,1038,295,121
1728464354793379000,2522,629,520,1074,175,236
1728464354794221000,2506,344,818,1084,92,420
1728464354795063000,2401,122,1154,1042,26,576
1728464354795905000,2272,18,1516,960,0,718
1728464354796747000,1790,92,1832,866,5,832
1728464354797589000,1518,84,2130,694,2,936
1728464354798431000,1231,139,2530,517,58,1022
1728464354799273000,874,254,2624,354,149,1109
1728464354800116000,564,517,2673,226,267,1134
1728464354800959000,296,815,2637,137,418,1123
1728464354801801000,84,1139,2558,64,550,1055
1728464354802668000,0,1461,2325,9,664,964
1728464354803510000,0,1740,1924,11,763,818
1728464354804352000,53,2017,1615,0,850,658
1728464354805194000,141,2575,1263,29,910,490
1728464354806037000,308,2848,905,114,971,354
1728464354806880000,441,2943,586,306,956,255
1728464354807723000,778,2855,308,437,934,90
1728464354808565000,1124,2601,69,542,875,45
1728464354809407000,1455,2170,16,698,782,0
1728464354810249000,1751,1808,0,809,653,0
1728464354811091000,2018,1513,5,916,505,0
1728464354811933000,2396,1203,94,997,366,57
1728464354812776000,2499,862,309,1049,250,155
1728464354813618000,2521,559,591,1081,151,293
1728464354814460000,2482,274,898,1072,82,463
1728464354815302000,2383,81,1248,1017,9,625
1728464354816207000,2026,18,1603,922,1,771
1728464354817049000,1728,5,1858,766,0,980
1728464354817891000,1413,0,2229,618,23,1001
1728464354818732000,1088,127,2599,455,84,1076
1728464354819574000,798,310,2648,327,174,1120
1728464354820416000,495,593,2678,212,297,1134
1728464354821259000,229,906,2648,114,450,1120
1728464354822101000,37,1240,2536,33,580,1059
1728464354822943000,0,1523,2145,0,705,929
1728464354823785000,0,1891,1842,13,797,762
1728464354824627000,0,2131,1525,0,878,591
1728464354825469000,114,2719,1170,47,932,442
1728464354826312000,329,2925,819,148,979,302
1728464354827155000,586,2872,506,293,1023,172
1728464354827998000,930,2781,231,452,858,69
1728464354828840000,1250,2520,29,600,809,0
1728464354829619000,1547,2016,5,736,760,0
1728464354830460000,1813,1737,4,847,610,0
1728464354831302000,2096,1447,0,933,479,0
1728464354832144000,2430,1120,141,1016,334,74
1728464354832986000,2508,767,379,1064,229,182
1728464354833828000,2517,472,673,1088,129,338
1728464354834671000,2462,218,981,1067,58,509
1728464354835513000,2358,38,1338,1002,0,665
1728464354836354000,1974,0,1698,885,0,803
1728464354837196000,1727,0,2007,744,0,903
1728464354838038000,1423,0,2429,588,0,1003
1728464354838880000,954,133,2579,470,82,1105
1728464354839722000,704,390,2663,287,201,1121
1728464354840565000,422,678,2664,174,342,1136
1728464354841408000,173,999,2612,90,485,1095
1728464354842250000,0,1324,2493,21,612,1020
1728464354843109000,0,1624,2062,2,728,892
1728464354843951000,0,1905,1767,0,813,731
1728464354844793000,0,2401,1447,0,893,569
1728464354845635000,160,2739,1076,64,954,420
1728464354846478000,368,2908,818,173,982,269
1728464354847321000,679,2928,361,330,945,251
1728464354848164000,1012,2743,144,489,934,116
1728464354849006000,1330,2432,0,634,837,11
1728464354849847000,1620,1933,5,762,714,0
1728464354850689000,1889,1655,4,873,577,0
1728464354851531000,2338,1344,10,960,435,17
1728464354852373000,2455,1010,201,1025,305,101
1728464354853215000,2511,680,448,1076,200,224
1728464354854058000,2511,394,756,1088,105,382
1728464354854900000,2431,137,1088,1040,38,546
1728464354855742000,2305,0,1424,962,0,696
1728464354856583000,1826,0,1764,844,37,818
1728464354857425000,1564,0,2067,722,34,930
1728464354858267000,1266,0,2480,551,74,1018
1728464354859109000,935,212,2616,380,106,1108
1728464354859952000,621,457,2671,257,237,1136
1728464354860795000,352,762,2658,145,378,1131
1728464354861637000,117,1092,2588,67,527,1079
1728464354862479000,0,1407,2453,13,645,992
1728464354863321000,0,1694,1990,58,744,850
1728464354864163000,0,1969,1677,31,840,683
1728464354865005000,18,2502,1336,34,911,526
1728464354865848000,207,2808,979,118,952,381
1728464354866691000,442,2925,650,199,977,272
1728464354867534000,745,2919,356,357,937,100
1728464354868377000,1072,2637,210,530,913,49
1728464354869219000,1412,2328,2,672,808,0
1728464354870064000,1694,1860,1,797,673,0
1728464354870906000,1957,1575,0,898,538,0
1728464354871747000,2374,1255,50,977,394,29
1728464354872590000,2478,922,260,1038,272,128
1728464354873432000,2519,605,513,1077,169,258
1728464354874274000,2496,314,802,1080,89,426
1728464354875116000,2416,114,1180,1022,23,591
1728464354875958000,2244,9,1533,943,0,736
1728464354876800000,1784,5,1792,799,14,914
1728464354877641000,1556,21,2123,654,0,986
1728464354878483000,1218,96,2531,487,52,972
1728464354879325000,853,272,2638,348,139,1121
1728464354880167000,551,534,2676,226,279,1129
1728464354881010000,284,844,2639,121,423,1122
1728464354881852000,74,1170,2554,52,551,1062
1728464354882694000,0,1479,2263,9,673,960
1728464354883547000,0,1740,1900,5,847,803
1728464354884389000,0,1994,1588,1,914,642
1728464354885231000,66,2588,1251,42,960,483
1728464354886074000,274,2864,894,123,973,344
1728464354886917000,657,2927,576,272,929,197
1728464354887760000,917,2835,298,414,926,101
1728464354888602000,1231,2586,73,567,852,20
1728464354889443000,1472,2117,13,709,773,0
1728464354890285000,1751,1808,0,818,649,0
1728464354891127000,2024,1505,0,909,505,0
1728464354891969000,2400,1192,114,1004,366,55
1728464354892811000,2496,844,328,1052,249,158
1728464354893654000,2515,538,613,1080,139,298
1728464354894497000,2483,269,928,1051,82,469
1728464354895339000,2380,69,1269,1008,5,637
1728464354896181000,1989,5,1625,901,0,767
1728464354897032000,1692,34,1941,746,0,928
1728464354897874000,1394,40,2203,587,0,1006
1728464354898716000,1071,129,2573,456,66,1067
1728464354899558000,770,330,2657,320,180,1120
1728464354900401000,485,613,2663,200,312,1141
1728464354901243000,232,917,2625,109,466,1110
1728464354902085000,26,1248,2529,37,583,1043
1728464354902927000,0,1551,2129,0,707,915
1728464354903769000,0,1843,1870,0,805,774
1728464354904611000,0,2099,1522,0,890,639
1728464354905453000,117,2668,1138,50,927,487
1728464354906296000,327,2884,765,153,960,377
1728464354907138000,645,2960,448,289,967,215
1728464354907981000,960,2786,200,457,915,18
1728464354908823000,1237,2512,26,610,852,1
1728464354909665000,1556,1998,10,738,732,0
1728464354910558000,1836,1728,5,852,608,0
1728464354911400000,2186,1429,0,936,469,2
1728464354912242000,2432,1088,158,1013,320,81
1728464354913084000,2510,758,411,1068,218,196
1728464354913926000,2521,458,671,1088,128,335
1728464354914768000,2456,206,1024,1064,53,512
1728464354915610000,2343,13,1372,999,0,670
1728464354916452000,1903,0,1693,892,34,799
1728464354917294000,1656,0,2008,746,28,906
1728464354918136000,1349,0,2480,587,9,1002
1728464354918978000,1000,161,2598,414,84,1095
1728464354919820000,695,401,2669,282,217,1133
1728464354920662000,421,686,2659,167,360,1138
1728464354921505000,160,1007,2604,79,496,1088
1728464354922347000,0,1331,2496,22,618,1012
1728464354923189000,0,1624,2055,26,725,885
1728464354923988000,34,1909,1748,31,809,725
1728464354924829000,21,2425,1433,39,900,576
1728464354925671000,164,2746,1058,86,960,410
1728464354926513000,357,2927,751,218,967,246
1728464354927356000,661,2919,405,304,967,188
1728464354928199000,999,2767,162,482,922,36
1728464354929041000,1344,2414,0,647,832,0
1728464354929883000,1637,1927,0,763,717,0
1728464354930724000,1907,1647,9,874,568,0
1728464354931566000,2335,1351,23,960,427,13
1728464354932408000,2468,997,201,1033,313,101
1728464354933251000,2524,670,466,1078,198,230
1728464354934093000,2497,389,757,1084,114,393
1728464354934935000,2431,154,1063,1049,32,551
1728464354935777000,2303,0,1454,974,0,698
1728464354936618000,1856,15,1801,843,0,938
1728464354937472000,1559,21,1976,673,0,1041
1728464354938314000,1245,41,2413,530,21,1119
1728464354939156000,930,213,2618,389,128,1104
1728464354939998000,615,471,2673,260,240,1129
1728464354940841000,335,773,2668,142,385,1133
1728464354941683000,116,1099,2584,65,530,1090
1728464354942524000,0,1415,2456,13,646,982
1728464354943366000,0,1720,1970,7,756,826
1728464354944208000,0,2063,1664,0,847,673
1728464354945050000,36,2584,1323,13,908,512
1728464354945892000,224,2833,975,105,968,362
1728464354946735000,471,2858,626,220,1042,226
1728464354947578000,788,2843,362,410,986,110
1728464354948421000,1088,2632,114,526,843,42
1728464354949263000,1432,2301,8,681,811,0
1728464354950105000,1702,1850,4,806,677,0
1728464354950961000,1972,1559,1,895,535,0
1728464354951803000,2379,1248,65,988,386,37
1728464354952646000,2496,900,261,1051,282,130
1728464354953488000,2528,578,530,1082,165,285
1728464354954331000,2485,311,865,1077,76,439
1728464354955173000,2386,109,1186,1026,23,610
1728464354956015000,2197,16,1540,948,0,741
1728464354956857000,1724,26,1886,740,0,854
1728464354957699000,1432,5,2127,585,0,961
1728464354958541000,1111,85,2536,458,37,1058
1728464354959383000,842,276,2640,348,158,1112
1728464354960226000,546,553,2671,217,279,1147
1728464354961069000,266,858,2643,121,426,1122
1728464354961911000,66,1191,2544,45,568,1066
1728464354962753000,0,1493,2224,5,681,941
1728464354963595000,0,1790,1958,4,782,803
1728464354964437000,0,2048,1624,0,875,643
1728464354965279000,78,2616,1248,38,922,474
1728464354966122000,298,2858,826,136,975,386
1728464354966965000,599,2972,517,274,966,114
1728464354967808000,847,2961,245,439,942,43
1728464354968651000,1194,2616,64,577,870,21
1728464354969493000,1494,2067,13,716,780,0
1728464354970335000,1781,1779,1,837,637,0
1728464354971177000,2026,1490,0,918,491,0
1728464354972018000,2411,1152,116,1008,350,53
1728464354972860000,2500,814,345,1058,244,164
1728464354973702000,2516,509,617,1088,141,314
1728464354974544000,2478,250,960,1074,65,470
1728464354975386000,2368,50,1287,1008,0,641
1728464354976228000,1984,0,1633,894,0,767
1728464354977070000,1706,0,1936,786,21,882
1728464354977915000,1405,0,2213,637,34,992
1728464354978757000,1077,119,2567,448,77,1081
1728464354979599000,757,346,2656,306,192,1118
1728464354980442000,461,625,2665,188,322,1140
1728464354981285000,212,946,2627,100,456,1105
1728464354982127000,20,1271,2520,34,596,1038
1728464354982969000,0,1560,2112,0,707,912
1728464354983810000,68,1856,1816,0,805,766
1728464354984652000,53,2241,1501,8,874,590
1728464354985494000,160,2692,1138,56,941,437
1728464354986337000,277,2912,778,231,960,353
1728464354987180000,596,2917,481,255,954,157
1728464354988023000,901,2780,212,433,921,101
1728464354988865000,1268,2500,9,610,850,0
1728464354989706000,1570,1990,0,746,736,2
1728464354990548000,1856,1710,0,849,610,0
1728464354991407000,2303,1412,2,955,448,0
1728464354992249000,2432,1064,173,1019,327,74
1728464354993091000,2507,762,412,1056,206,210
1728464354993934000,2525,453,713,1081,130,363
1728464354994776000,2440,207,1032,1059,66,526
1728464354995618000,2348,21,1393,993,0,674
1728464354996460000,1901,58,1791,879,5,814
1728464354997302000,1615,47,2086,717,0,960
1728464354998144000,1297,28,2502,564,4,1043
1728464354998986000,988,162,2611,417,101,1095
1728464354999829000,679,413,2653,269,221,1135
1728464355000672000,398,704,2665,164,362,1136
1728464355001515000,154,1019,2598,91,505,1097
1728464355002357000,0,1345,2492,18,615,1004
1728464355003199000,0,1728,2030,18,738,874
1728464355004041000,0,1984,1721,2,837,704
1728464355004879000,0,2486,1400,10,898,540
1728464355005721000,165,2784,1041,77,960,394
1728464355006563000,421,2883,704,196,1044,265
1728464355007406000,732,2884,405,359,881,133
1728464355008249000,1097,2695,149,511,853,56
1728464355009091000,1353,2397,0,646,825,0
1728464355009933000,1640,1926,0,773,705,4
1728464355010775000,1920,1632,0,871,572,0
1728464355011617000,2345,1322,29,970,416,18
1728464355012459000,2462,978,224,1033,301,105
1728464355013302000,2496,673,480,1073,186,253
1728464355014144000,2499,380,791,1088,98,399
1728464355014986000,2422,145,1114,1052,26,567
1728464355015828000,2289,0,1474,960,0,716
1728464355016670000,1781,10,1783,785,0,843
1728464355017512000,1514,0,2074,629,0,954
1728464355018362000,1200,36,2520,501,29,1048
1728464355019204000,899,221,2629,373,126,1089
1728464355020046000,601,488,2658,240,251,1143
1728464355020888000,327,788,2655,142,397,1124
1728464355021730000,98,1106,2567,74,530,1074
1728464355022572000,0,1431,2439,10,650,969
1728464355023414000,0,1728,2006,0,762,841
1728464355024256000,0,1987,1698,0,851,674
1728464355025098000,40,2528,1344,18,914,515
1728464355025941000,229,2819,913,97,967,424
1728464355026784000,533,2972,583,215,978,161
1728464355027627000,798,2888,320,382,954,74
1728464355028470000,1120,2705,93,554,887,13
1728464355029312000,1444,2279,16,682,786,0
1728464355030154000,1712,1848,0,799,666,0
1728464355030995000,1984,1541,1,905,528,0
1728464355031840000,2383,1234,73,984,386,41
1728464355032682000,2488,904,287,1046,265,138
1728464355033525000,2524,566,546,1064,165,274
1728464355034367000,2488,308,860,1084,85,440
1728464355035209000,2400,74,1187,1043,13,593
1728464355036051000,2128,0,1540,952,29,745
1728464355036892000,1767,0,1873,818,23,864
1728464355037734000,1473,0,2159,660,29,963
1728464355038576000,1152,75,2541,485,47,1053
1728464355039418000,828,293,2640,331,153,1116
1728464355040260000,525,555,2675,217,293,1139
1728464355041103000,266,867,2638,123,426,1114
1728464355041945000,49,1191,2546,48,565,1049
1728464355042786000,0,1503,2201,0,677,940
1728464355043628000,18,1799,1901,0,769,797
1728464355044470000,33,2044,1573,0,861,631
1728464355045327000,138,2624,1216,45,933,471
1728464355046170000,232,2865,880,189,961,368
1728464355047013000,517,2933,537,226,961,185
1728464355047856000,869,2848,277,426,938,114
1728464355048699000,1197,2549,51,589,874,11
1728464355049541000,1504,2047,1,714,767,0
1728464355050383000,1795,1768,2,835,628,0
1728464355051225000,2023,1460,0,930,484,0
1728464355052067000,2412,1138,107,1007,358,58
1728464355052909000,2503,817,346,1058,235,172
1728464355053751000,2528,500,599,1091,138,325
1728464355054594000,2463,235,956,1068,57,481
1728464355055436000,2346,46,1291,1005,0,633
1728464355056278000,1976,2,1578,888,18,832
1728464355057120000,1720,36,1908,740,0,956
1728464355057962000,1427,37,2213,599,5,904
1728464355058833000,1071,124,2579,448,87,1080
1728464355059675000,743,361,2656,298,181,1124
1728464355060518000,452,641,2666,186,328,1138
1728464355061361000,201,960,2624,94,463,1107
1728464355062203000,5,1295,2514,32,597,1027
1728464355063045000,0,1556,2085,0,759,905
1728464355063887000,0,1850,1810,0,856,752
1728464355064729000,0,2335,1475,0,933,579
1728464355065571000,141,2700,1103,64,975,427
1728464355066414000,398,2904,770,161,912,290
1728464355067257000,752,2925,498,335,937,171
1728464355068100000,1012,2749,165,546,892,66
1728464355068942000,1292,2466,1,627,846,0
1728464355069784000,1578,1966,0,747,736,0
1728464355070626000,1859,1688,0,858,584,0
1728464355071468000,2309,1393,2,949,451,2
1728464355074872000,2456,1037,171,1029,333,86
1728464355075714000,2506,725,427,1072,202,224
1728464355076556000,2504,422,738,1088,114,366
1728464355077398000,2443,189,1036,1048,43,530
1728464355078240000,2335,0,1402,971,0,681
1728464355079082000,1829,0,1724,824,0,833
1728464355079924000,1591,47,2062,686,0,951
1728464355080766000,1291,55,2499,546,11,1031
1728464355081608000,986,181,2608,405,116,1098
1728464355082450000,668,433,2668,267,224,1137
1728464355083293000,376,722,2671,161,365,1133
1728464355084136000,146,1038,2604,76,505,1090
1728464355084978000,0,1375,2476,14,629,992
1728464355085820000,0,1667,2067,10,741,929
1728464355086661000,0,1937,1743,0,835,773
1728464355087503000,10,2464,1418,0,903,553
1728464355088345000,169,2780,993,81,964,465
1728464355089188000,450,2928,641,192,986,297
1728464355090031000,741,2911,373,353,944,92
1728464355090874000,1040,2778,130,517,906,36
1728464355091716000,1383,2379,0,657,822,0
1728464355092557000,1650,1904,8,783,696,0
1728464355093399000,1926,1610,4,888,554,0
1728464355094241000,2357,1305,41,964,410,25
1728464355095084000,2471,965,238,1039,293,117
1728464355095926000,2520,625,498,1078,177,247
1728464355096769000,2499,365,817,1088,90,394
1728464355097611000,2437,138,1136,1051,33,576
1728464355098452000,2304,0,1474,963,18,705
1728464355099294000,1823,0,1799,840,0,833
1728464355100136000,1542,0,2108,671,0,952
1728464355100978000,1222,45,2513,516,37,1037
1728464355101831000,893,244,2630,370,139,1106
1728464355102674000,586,500,2670,238,266,1138
1728464355103517000,320,802,2656,137,400,1122
1728464355104358000,98,1120,2572,66,544,1072
1728464355105200000,0,1444,2400,9,670,974
1728464355106042000,0,1729,1944,50,754,826
1728464355106884000,0,1993,1631,47,844,663
1728464355107726000,40,2544,1279,51,922,505
1728464355108569000,213,2828,960,146,941,363
1728464355109412000,466,2926,586,206,967,238
1728464355110255000,798,2899,322,374,930,105
1728464355111098000,1136,2627,85,555,885,37
1728464355111940000,1444,2241,0,685,792,0
1728464355112782000,1734,1834,2,808,650,0
1728464355113624000,1989,1530,1,909,517,0
1728464355114466000,2392,1218,66,992,388,42
1728464355115310000,2479,890,290,1038,274,138
1728464355116153000,2520,566,558,1084,157,288
1728464355116995000,2477,269,869,1081,69,449
1728464355117837000,2390,79,1226,1028,16,612
1728464355118679000,2104,33,1515,912,18,808
1728464355119521000,1807,17,1856,789,0,779
1728464355120363000,1495,4,2151,626,0,901
1728464355121205000,1138,89,2550,474,64,1070
1728464355122047000,812,306,2646,331,169,1120
1728464355122890000,508,568,2671,213,296,1138
1728464355123732000,250,884,2640,117,429,1113
1728464355124574000,38,1208,2550,45,576,1054
1728464355125416000,0,1495,2169,0,730,932
1728464355126258000,0,1792,1867,0,797,779
1728464355127100000,0,2030,1561,0,914,610
1728464355127941000,93,2627,1205,42,962,462
1728464355128785000,330,2831,834,149,917,290
1728464355129628000,693,2923,550,287,930,193
1728464355130471000,967,2816,272,454,907,84
1728464355131313000,1216,2552,40,592,869,10
1728464355132155000,1516,2025,0,724,765,0
1728464355132997000,1795,1760,4,832,614,0
1728464355133838000,2041,1466,0,928,485,0
1728464355134680000,2427,1122,138,1012,354,64
1728464355135522000,2487,789,364,1061,218,183
1728464355136365000,2503,497,655,1069,135,327
1728464355137207000,2458,234,975,1058,52,498
1728464355138049000,2354,43,1320,1003,0,648
1728464355138891000,1908,14,1654,849,0,824
1728464355139732000,1652,10,1968,715,0,929
1728464355140574000,1347,0,2252,578,0,1006
1728464355141416000,1042,141,2591,437,82,1090
1728464355142272000,727,380,2662,289,194,1139
1728464355143115000,442,651,2669,183,330,1132
1728464355143958000,193,974,2614,90,483,1103
1728464355144800000,5,1306,2514,23,598,1028
1728464355145641000,0,1607,2139,2,718,922
1728464355146483000,0,1892,1817,0,819,803
1728464355147325000,0,2368,1456,2,882,617
1728464355148167000,133,2720,1095,65,948,482
1728464355149010000,429,2941,740,165,964,229
1728464355149853000,650,3023,435,335,965,123
1728464355150696000,976,2816,175,482,927,54
1728464355151538000,1301,2453,0,629,845,0
1728464355152380000,1585,1959,10,757,724,2
1728464355153222000,1876,1669,0,861,593,0
1728464355154064000,2321,1365,4,951,440,10
1728464355154906000,2442,1025,199,1030,320,93
1728464355155809000,2515,706,426,1068,202,225
1728464355156651000,2517,383,732,1088,109,361
1728464355157493000,2444,162,1053,1063,34,530
1728464355158335000,2326,0,1413,974,0,687
1728464355159177000,1876,0,1745,844,0,821
1728464355160019000,1600,0,2047,694,0,921
1728464355160861000,1291,11,2496,543,5,1022
1728464355161703000,960,201,2611,394,109,1098
1728464355162545000,649,444,2669,267,233,1136
1728464355163387000,370,736,2660,154,370,1125
1728464355164230000,129,1055,2591,79,514,1088
1728464355165072000,0,1392,2467,11,642,997
1728464355165914000,0,1680,2008,39,737,864
1728464355166756000,0,1949,1708,21,836,694
1728464355167598000,5,2486,1359,26,905,541
1728464355168440000,178,2776,980,38,960,379
1728464355169242000,433,2977,685,186,969,270
1728464355170085000,740,2880,448,362,981,132
1728464355170928000,1061,2679,114,532,905,45
1728464355171770000,1389,2352,10,658,804,0
1728464355172612000,1661,1887,2,786,683,0
1728464355173454000,1943,1580,0,896,554,0
1728464355174296000,2358,1286,37,972,409,26
1728464355175138000,2471,952,253,1034,281,121
1728464355175980000,2510,628,505,1075,170,258
1728464355176822000,2502,337,808,1080,90,415
1728464355177664000,2419,130,1146,1049,28,584
1728464355178506000,2318,26,1488,948,2,645
1728464355179348000,1868,36,1802,811,0,798
1728464355180190000,1562,0,2091,661,0,900
1728464355181032000,1203,53,2538,511,40,1048
1728464355181874000,875,258,2635,357,134,1112
1728464355182721000,565,513,2685,234,265,1140
1728464355183564000,308,820,2651,130,411,1127
1728464355184406000,74,1150,2564,58,544,1066
1728464355185248000,0,1438,2344,9,706,962
1728464355186090000,0,1740,1917,1,833,814
1728464355186931000,0,2007,1608,0,890,657
1728464355187773000,58,2568,1273,23,968,500
1728464355188615000,266,2816,901,144,1011,340
1728464355189458000,538,2926,581,234,920,210
1728464355190301000,920,2852,343,418,922,109
1728464355191144000,1141,2627,71,564,885,22
1728464355191986000,1447,2175,16,692,780,0
1728464355192827000,1742,1816,4,812,655,0
1728464355193669000,2001,1521,0,903,501,2
1728464355194511000,2396,1208,89,992,381,39
1728464355195354000,2472,866,299,1056,242,149
1728464355196194000,2507,546,604,1088,144,296
1728464355197037000,2481,274,906,1076,73,448
1728464355197879000,2394,81,1248,1016,2,623
1728464355198721000,2038,2,1562,886,0,791
1728464355199563000,1703,10,1909,739,0,913
1728464355200405000,1407,57,2183,609,0,1010
1728464355201247000,1124,96,2565,469,71,1073
1728464355202089000,796,314,2648,333,175,1122
1728464355202932000,490,587,2669,204,303,1129
1728464355203775000,242,900,2620,114,450,1120
1728464355204616000,52,1220,2532,31,583,1050
1728464355205458000,0,1530,2179,0,698,926
1728464355206300000,0,1816,1898,2,799,791
1728464355207142000,0,2074,1550,0,875,679
1728464355207984000,101,2657,1134,43,943,506
1728464355208827000,325,2873,784,158,992,375
1728464355209943000,615,2944,466,281,993,228
1728464355210785000,924,2823,202,449,932,57
1728464355211627000,1248,2534,34,591,864,11
1728464355212468000,1529,2012,4,737,748,0
1728464355213310000,1812,1738,11,843,618,0
1728464355214152000,2072,1451,0,931,477,5
1728464355214994000,2433,1109,146,1011,348,65
1728464355215836000,2509,779,370,1063,228,173
1728464355216678000,2522,463,685,1090,127,331
1728464355217520000,2460,205,997,1069,55,512
1728464355218362000,2362,4,1344,998,10,653
1728464355219204000,1962,0,1672,888,0,782
1728464355220046000,1657,0,1975,725,0,909
1728464355220888000,1352,0,2408,585,5,1013
1728464355221730000,1029,149,2592,426,85,1088
1728464355222572000,709,373,2655,298,201,1125
1728464355223158000,430,667,2671,174,341,1138
1728464355224000000,171,986,2611,90,481,1109
1728464355224842000,0,1311,2496,16,619,1017
1728464355225684000,0,1601,2070,36,711,887
1728464355226526000,0,1888,1779,12,816,736
1728464355227368000,0,2400,1446,0,895,581
1728464355228210000,114,2733,1077,21,952,414
1728464355229053000,367,2936,754,168,970,296
1728464355229896000,670,2905,532,320,974,178
1728464355230739000,995,2760,169,491,926,79
1728464355231581000,1336,2440,5,629,838,0
1728464355232423000,1607,1947,11,769,719,0
1728464355233265000,1882,1662,2,868,584,0
1728464355234106000,2336,1358,0,960,442,8
1728464355234948000,2458,1020,194,1032,306,93
1728464355235790000,2504,682,430,1072,192,224
1728464355236638000,2513,410,748,1072,110,383
1728464355237480000,2445,177,1061,1058,41,533
1728464355238322000,2358,4,1400,974,0,622
1728464355239164000,1912,21,1709,846,6,875
1728464355240005000,1646,26,2016,692,0,832
1728464355240847000,1269,18,2502,543,21,1029
1728464355241689000,944,201,2616,390,109,1103
1728464355242532000,630,456,2670,258,235,1128
1728464355243375000,358,758,2650,145,382,1134
1728464355244218000,128,1080,2592,74,511,1088
1728464355245060000,0,1435,2465,16,700,982
1728464355245901000,0,1724,1985,5,804,845
1728464355246743000,0,2008,1691,5,887,692
1728464355247585000,14,2511,1362,2,932,524
1728464355248428000,189,2752,992,101,1019,378
1728464355249271000,480,2909,655,216,914,234
1728464355250178000,874,2880,372,375,919,138
1728464355251021000,1077,2679,114,528,894,40
1728464355251862000,1398,2323,10,674,810,0
1728464355252704000,1694,1869,0,792,692,0
1728464355253545000,1951,1579,0,896,541,0
1728464355254387000,2366,1271,58,974,407,25
1728464355255229000,2476,939,237,1044,273,130
1728464355256072000,2535,606,522,1080,177,261
1728464355256914000,2493,327,834,1086,77,429
1728464355257756000,2405,113,1163,1036,18,585
1728464355258598000,2232,26,1500,916,0,740
1728464355259440000,1780,0,1834,786,9,898
1728464355260282000,1466,37,2154,629,0,1010
1728464355261124000,1185,69,2548,497,39,1045
1728464355261966000,856,271,2625,350,144,1117
1728464355262809000,567,529,2672,218,277,1138
1728464355263602000,282,837,2645,136,417,1124
1728464355264444000,72,1157,2565,50,553,1067
1728464355265286000,0,1479,2302,8,674,958
1728464355266128000,0,1768,1966,1,785,818
1728464355266970000,0,2038,1624,0,866,652
1728464355267812000,64,2595,1276,32,922,484
1728464355268655000,266,2821,816,122,965,424
1728464355269498000,613,2965,532,256,983,119
1728464355270341000,858,2851,250,427,946,66
1728464355271183000,1161,2595,74,561,876,26
1728464355272025000,1463,2115,13,705,773,0
1728464355272867000,1763,1791,0,825,654,0
1728464355273709000,2012,1496,0,917,499,0
1728464355274551000,2403,1181,109,1002,366,42
1728464355275393000,2503,805,324,1060,256,161
1728464355276235000,2518,530,592,1088,154,282
1728464355277142000,2473,258,940,1083,66,466
1728464355277984000,2375,25,1282,1017,0,623
1728464355278826000,2015,0,1614,900,0,770
1728464355279668000,1807,0,1929,773,0,888
1728464355280510000,1504,0,2190,626,0,992
1728464355281352000,1096,114,2575,458,68,1067
1728464355282194000,784,329,2656,320,182,1124
1728464355283036000,491,610,2668,194,314,1132
1728464355283879000,220,919,2629,114,452,1113
1728464355284721000,26,1248,2541,29,585,1045
1728464355285563000,0,1555,2122,0,706,922
1728464355286405000,0,1840,1829,23,798,772
1728464355287246000,0,2110,1522,8,877,612
1728464355288088000,64,2657,1177,55,932,429
1728464355288930000,290,2884,804,133,965,324
1728464355289773000,602,2960,503,279,963,176
1728464355290564000,915,2803,238,458,932,85
1728464355291406000,1252,2516,33,608,850,3
1728464355292248000,1551,2002,0,738,736,0
1728464355293089000,1830,1726,0,846,610,0
1728464355293931000,2117,1429,0,940,468,0
1728464355294773000,2431,1095,149,1011,329,65
1728464355295615000,2504,766,392,1066,224,194
1728464355296457000,2513,453,676,1079,129,349
1728464355297300000,2459,217,1013,1064,48,496
1728464355298142000,2345,2,1285,1002,5,736
1728464355298983000,1923,0,1615,868,22,869
1728464355299825000,1647,9,1957,719,5,981
1728464355300667000,1344,0,2479,594,9,1010
1728464355301509000,1015,154,2591,421,100,1089
1728464355302351000,697,394,2656,285,213,1125
1728464355303194000,412,682,2664,167,352,1135
1728464355304050000,165,996,2608,82,480,1105
1728464355304891000,0,1381,2491,23,622,1002
1728464355305733000,0,1657,2047,5,732,877
1728464355306575000,0,1952,1748,0,819,732
1728464355307417000,0,2431,1426,0,899,553
1728464355308259000,173,2625,1052,78,1033,393
1728464355309102000,415,2887,725,210,1005,258
1728464355309945000,670,2880,402,331,912,139
1728464355310788000,1009,2744,158,494,903,58
1728464355311630000,1332,2419,0,642,832,0
1728464355312472000,1624,1937,0,764,714,0
1728464355313314000,1901,1664,2,872,562,0
1728464355314156000,2337,1337,13,960,438,10
1728464355314998000,2429,1008,194,1041,298,107
1728464355315840000,2507,695,457,1074,197,235
1728464355316683000,2515,381,762,1084,105,382
1728464355317538000,2427,149,1096,1054,26,546
1728464355318380000,2279,0,1425,923,0,725
1728464355319222000,1813,8,1765,802,0,865
1728464355320064000,1539,26,2090,662,0,982
1728464355320906000,1260,29,2507,538,32,1023
1728464355321748000,930,214,2608,386,126,1106
1728464355322590000,623,467,2673,253,245,1131
1728464355323433000,343,753,2656,151,386,1125
1728464355324275000,106,1082,2588,74,513,1075
1728464355325117000,0,1407,2427,9,656,1040
1728464355325959000,0,1704,1968,1,761,911
1728464355326801000,0,1984,1662,0,841,732
1728464355327642000,22,2511,1327,8,914,549
1728464355328484000,221,2806,923,106,1003,428
1728464355329327000,535,2957,625,221,975,161
1728464355330170000,759,2976,329,389,969,87
1728464355331010000,1094,2672,106,538,888,37
1728464355331852000,1416,2314,10,679,804,0
1728464355332694000,1696,1865,0,789,677,0
1728464355333536000,1960,1576,4,892,536,1
1728464355334377000,2375,1255,57,977,405,21
1728464355335220000,2488,914,266,1055,277,129
1728464355336062000,2527,594,545,1084,168,271
1728464355336905000,2499,337,842,1083,84,414
1728464355337747000,2419,79,1183,1034,0,583
1728464355338589000,2167,0,1532,945,0,725
1728464355339431000,1778,0,1858,786,0,864
1728464355340272000,1480,0,2130,650,0,974
1728464355341114000,1180,71,2537,495,49,1050
1728464355341956000,846,267,2631,354,154,1114
1728464355342799000,542,539,2676,209,274,1138
1728464355343641000,271,850,2654,126,421,1128
1728464355344498000,69,1170,2549,45,566,1058
1728464355345340000,0,1486,2254,41,669,952
1728464355346181000,0,1784,1915,37,776,810
1728464355347023000,0,2042,1592,37,858,648
1728464355347865000,8,2576,1257,73,903,521
1728464355348708000,234,2851,879,90,966,330
1728464355349551000,532,2970,581,241,964,216
1728464355350394000,840,2840,284,418,939,116
1728464355351236000,1183,2583,47,576,887,18
1728464355352077000,1483,2078,9,722,766,0
1728464355352919000,1762,1782,4,824,638,0
1728464355353760000,2019,1483,0,926,498,0
1728464355354602000,2411,1154,100,1006,364,43
1728464355355444000,2496,832,330,1054,250,163
1728464355356287000,2511,520,617,1077,141,316
1728464355357129000,2478,253,926,1074,66,468
1728464355357983000,2375,41,1223,1007,30,683
1728464355358825000,1970,4,1557,905,10,834
1728464355359667000,1733,9,1890,754,13,942
1728464355360509000,1406,0,2183,625,0,992
1728464355361351000,1089,122,2576,448,69,1082
1728464355362193000,757,347,2653,311,180,1122
1728464355363035000,469,624,2671,186,320,1143
1728464355363878000,206,937,2624,104,455,1110
1728464355364720000,25,1241,2516,35,644,1025
1728464355365562000,0,1541,2112,0,754,911
1728464355366404000,0,1840,1820,0,837,757
1728464355367246000,0,2204,1504,0,922,596
1728464355368088000,107,2639,1124,69,1000,420
1728464355368931000,357,2878,786,154,906,294
1728464355369774000,725,2925,520,312,936,161
1728464355370617000,938,2796,207,467,928,76
1728464355371455000,1276,2496,9,613,857,0
1728464355372297000,1557,1984,1,738,732,0
1728464355373139000,1840,1716,5,851,597,0
1728464355373981000,2273,1401,0,945,461,0
1728464355374823000,2434,1060,144,1022,328,82
1728464355375665000,2488,747,414,1065,210,202
1728464355376507000,2513,448,697,1084,116,352
1728464355377349000,2462,188,1029,1068,39,509
1728464355378191000,2315,0,1371,953,0,697
1728464355379033000,1869,15,1701,832,0,837
1728464355379875000,1607,52,2033,697,0,933
1728464355380717000,1317,0,2476,576,13,1013
1728464355381559000,997,169,2593,409,103,1097
1728464355382401000,679,418,2655,276,215,1125
1728464355383243000,398,704,2659,162,357,1134
1728464355384086000,157,1025,2603,85,487,1091
1728464355384938000,0,1345,2455,17,629,1073
1728464355385780000,0,1650,2008,0,738,937
1728464355386622000,0,1928,1786,4,822,727
1728464355387463000,0,2439,1437,0,903,582
1728464355388305000,169,2749,975,73,953,494
1728464355389148000,473,2937,669,197,971,162
1728464355389991000,700,2947,372,346,960,110
1728464355390834000,1023,2736,142,502,906,52
1728464355391676000,1349,2400,0,650,823,0
1728464355392518000,1644,1912,2,776,711,0
1728464355393359000,1906,1628,1,880,556,0
1728464355394201000,2352,1329,32,962,428,11
1728464355395043000,2469,993,201,1044,290,110
1728464355395885000,2529,663,484,1080,192,234
1728464355396727000,2498,366,790,1098,101,397
1728464355397569000,2433,130,1109,1047,5,535
1728464355398423000,2318,0,1464,956,0,704
1728464355399265000,1829,0,1791,821,0,832
1728464355400107000,1546,0,2074,690,0,942
1728464355400949000,1250,40,2520,528,31,1032
1728464355401791000,918,229,2616,378,129,1111
1728464355402633000,613,480,2673,239,256,1137
1728464355403476000,325,773,2659,154,389,1124
1728464355404318000,106,1102,2579,66,538,1076
1728464355405159000,0,1423,2428,45,644,981
1728464355406001000,0,1716,1965,34,761,839
1728464355406843000,0,1984,1650,37,846,674
1728464355407685000,0,2520,1311,79,905,539
1728464355408528000,174,2800,967,122,949,343
1728464355409371000,458,2926,608,194,975,258
1728464355410214000,779,2881,329,391,949,114
1728464355411056000,1110,2656,98,539,891,37
1728464355411901000,1429,2289,4,673,789,0
1728464355412743000,1712,1856,5,805,671,0
1728464355413585000,1984,1553,0,910,535,0
1728464355414427000,2383,1240,65,977,388,42
1728464355415270000,2466,906,281,1029,274,146
1728464355416113000,2528,593,543,1071,178,282
1728464355416955000,2481,312,857,1088,79,426
1728464355417797000,2399,66,1128,1026,29,664
1728464355418639000,2122,2,1484,921,10,812
1728464355419481000,1752,0,1807,795,10,927
1728464355420323000,1464,0,2150,654,0,978
1728464355421165000,1160,82,2550,478,50,1066
1728464355422007000,826,291,2643,341,156,1124
1728464355422850000,530,547,2668,215,288,1137
1728464355423693000,258,863,2639,128,427,1116
1728464355424535000,57,1162,2544,49,615,1050
1728464355425390000,0,1464,2220,0,725,943
1728464355426232000,0,1767,1890,4,828,786
1728464355427074000,0,2021,1579,4,897,640
1728464355427916000,65,2574,1224,45,982,457
1728464355428759000,314,2845,871,145,887,322
1728464355429602000,657,2912,554,272,937,197
1728464355430445000,866,2845,258,433,944,98
1728464355431288000,1200,2571,53,581,877,20
1728464355432130000,1499,2063,11,714,758,0
1728464355432972000,1780,1776,8,833,635,0
1728464355433814000,2029,1478,0,930,498,0
1728464355434655000,2392,1148,103,1002,342,68
1728464355435497000,2496,822,350,1059,237,173
1728464355436339000,2502,508,624,1065,138,306
1728464355437182000,2482,250,946,1074,66,474
1728464355438024000,2353,73,1312,993,0,671
1728464355438864000,1925,18,1649,874,0,825
1728464355439706000,1663,4,1924,719,0,900
1728464355440547000,1390,0,2215,616,0,997
1728464355441389000,1072,129,2574,455,79,1088
1728464355442231000,753,354,2649,302,177,1121
1728464355443074000,459,626,2659,192,322,1130
1728464355443917000,207,949,2620,105,458,1106
1728464355444759000,1,1274,2551,25,594,1038
1728464355445601000,0,1574,2174,0,710,912
1728464355446442000,0,1876,1869,0,803,765
1728464355447284000,0,2335,1523,0,884,590
1728464355448126000,109,2710,1183,64,953,432
1728464355448969000,357,2882,733,157,964,361
1728464355449812000,679,2933,437,323,967,89
1728464355450655000,953,2775,201,463,923,82
1728464355451497000,1279,2479,16,620,847,1
1728464355452346000,1574,1968,10,754,732,0
1728464355453188000,1856,1695,0,856,602,1
1728464355454029000,2319,1387,0,946,458,0
1728464355454871000,2416,1055,165,1034,327,82
1728464355455713000,2509,732,417,1069,207,202
1728464355456556000,2512,441,713,1088,119,365
1728464355457398000,2424,161,1020,1058,75,522
1728464355458240000,2342,0,1379,1000,17,661
1728464355459082000,1880,0,1723,896,21,804
1728464355459924000,1612,0,2016,719,0,924
1728464355460766000,1315,10,2488,563,17,1018
1728464355461608000,976,185,2611,410,103,1099
1728464355462451000,670,426,2675,269,219,1133
1728464355463294000,381,725,2661,162,365,1136
1728464355464137000,155,1033,2590,76,516,1092
1728464355464979000,0,1357,2480,64,616,997
1728464355465835000,0,1651,2031,50,736,869
1728464355466677000,0,1943,1716,20,835,719
1728464355467519000,0,2459,1389,52,899,576
1728464355468361000,116,2756,1059,126,938,394
1728464355469204000,386,2918,688,165,976,275
1728464355470047000,715,2912,387,356,961,149
1728464355470890000,1052,2712,132,511,910,57
1728464355471732000,1368,2379,0,657,816,0
1728464355472574000,1652,1899,5,787,696,0
1728464355473416000,1923,1614,0,880,553,0
1728464355474258000,2362,1306,31,968,424,16
1728464355475100000,2457,967,239,1047,293,117
1728464355475942000,2507,652,476,1060,170,250
1728464355476784000,2503,365,789,1088,97,402
1728464355477626000,2462,137,1088,1033,49,606
1728464355478468000,2323,5,1454,961,0,678
1728464355479306000,1878,37,1789,834,0,745
1728464355480148000,1541,4,2100,677,0,949
1728464355480990000,1233,49,2528,520,39,1044
1728464355481832000,889,237,2631,370,132,1105
1728464355482675000,589,496,2679,234,252,1137
1728464355483518000,320,802,2652,146,399,1136
1728464355484361000,101,1114,2568,64,594,1071
1728464355485203000,0,1434,2412,18,693,964
1728464355486045000,0,1713,1951,5,784,832
1728464355486887000,0,1996,1632,2,882,676
1728464355487728000,33,2500,1296,27,972,498
1728464355488571000,245,2808,930,125,917,338
1728464355489413000,498,2913,605,235,924,220
1728464355490256000,802,2886,313,394,954,116
1728464355491099000,1127,2644,74,548,898,33
1728464355491941000,1441,2256,10,693,781,0
1728464355492788000,1715,1831,5,803,658,0
1728464355493629000,1984,1540,0,905,523,0
1728464355494471000,2384,1208,79,979,378,29
1728464355495313000,2461,881,276,1048,249,142
1728464355496156000,2517,576,565,1088,159,290
1728464355496998000,2489,302,882,1066,71,434
1728464355497840000,2369,84,1212,989,5,619
1728464355498682000,2073,9,1569,861,0,733
1728464355499523000,1706,0,1866,742,0,888
1728464355500365000,1456,8,2167,645,0,972
1728464355501207000,1146,93,2555,482,64,1065
1728464355502049000,826,298,2647,340,154,1112
1728464355502892000,513,562,2680,213,298,1134
1728464355503735000,258,878,2632,116,433,1127
1728464355504577000,42,1202,2599,42,560,1043
1728464355505418000,0,1504,2239,5,698,934
1728464355506272000,0,1803,1912,2,795,794
1728464355507114000,0,2056,1610,0,864,621
1728464355507956000,78,2624,1290,36,968,485
1728464355508799000,305,2883,878,138,970,425
1728464355509642000,576,2919,454,281,978,245
1728464355510485000,890,2836,236,434,943,101
1728464355511328000,1212,2555,47,588,864,8
1728464355512170000,1511,2036,13,727,765,0
1728464355513012000,1800,1760,0,840,628,0
1728464355513854000,2045,1472,5,930,480,0
1728464355514696000,2403,1135,130,1013,348,69
1728464355515538000,2509,805,346,1063,243,170
1728464355516380000,2522,498,634,1088,139,309
1728464355517222000,2474,218,981,1072,82,490
1728464355518064000,2363,4,1324,1034,29,642
1728464355518906000,1966,0,1658,922,42,769
1728464355519754000,1692,0,1951,769,0,906
1728464355520596000,1377,1,2254,608,0,1002
1728464355521438000,1045,143,2585,431,82,1092
1728464355522280000,741,362,2650,298,205,1128
1728464355523123000,442,645,2668,192,329,1129
1728464355523966000,192,966,2622,94,474,1107
1728464355524808000,0,1295,2510,66,594,1032
1728464355525650000,0,1577,2089,41,714,901
1728464355526492000,0,1875,1793,37,811,752
1728464355527334000,0,2359,1487,33,874,606
1728464355528176000,66,2725,1139,105,933,454
1728464355529019000,335,2892,772,122,962,272
1728464355529862000,631,2929,461,311,960,169
1728464355530705000,973,2774,175,473,925,71
1728464355531547000,1304,2463,5,628,844,0
1728464355532389000,1592,1962,4,760,732,0
1728464355533240000,1868,1684,0,864,594,0
1728464355534082000,2323,1386,2,952,441,0
1728464355534924000,2440,1047,185,1028,323,100
1728464355535766000,2515,719,426,1060,207,218
1728464355536608000,2516,430,717,1092,117,357
1728464355537451000,2456,178,999,1052,64,589
1728464355538293000,2355,29,1378,984,0,740
1728464355539135000,1910,15,1695,864,10,805
1728464355539977000,1608,5,2032,721,0,940
1728464355540818000,1296,13,2492,548,23,1024
1728464355541660000,968,195,2609,405,109,1095
1728464355542502000,658,431,2664,270,230,1130
1728464355543345000,379,735,2672,162,357,1136
1728464355544187000,139,1061,2593,78,506,1088
1728464355545029000,0,1426,2474,11,632,995
1728464355545871000,0,1703,2012,2,752,852
1728464355546719000,0,1958,1710,10,870,710
1728464355547561000,34,2509,1368,0,981,520
1728464355548403000,170,2703,1016,98,1020,366
1728464355549246000,474,2912,674,222,905,228
1728464355550089000,738,2907,381,370,960,137
1728464355550932000,1056,2700,132,512,911,55
1728464355551774000,1381,2356,0,660,811,0
1728464355552615000,1668,1891,2,785,704,0
1728464355553457000,1929,1600,2,891,557,0
1728464355554299000,2360,1301,40,965,417,28
1728464355555141000,2463,941,234,1047,284,117
1728464355555984000,2528,634,496,1074,178,257
1728464355556826000,2503,353,802,1088,86,405
1728464355557668000,2353,116,1171,1074,18,565
1728464355558509000,2240,2,1491,882,0,706
1728464355559351000,1765,0,1812,741,0,832
1728464355560200000,1511,5,2113,674,0,955
1728464355561042000,1208,47,2525,503,34,1041
1728464355561884000,883,250,2624,362,128,1104
1728464355562727000,576,503,2676,237,265,1132
1728464355563570000,306,816,2648,130,400,1130
1728464355564412000,75,1142,2616,58,544,1072
1728464355565254000,0,1447,2380,13,669,963
1728464355566096000,0,1744,1972,0,767,821
1728464355566938000,0,2027,1650,1,850,662
1728464355567780000,41,2591,1335,22,935,493
1728464355568623000,253,2837,845,118,946,432
1728464355569466000,528,2948,543,251,1012,268
1728464355570309000,820,2867,298,410,944,112
1728464355571152000,1134,2612,85,560,880,28
1728464355571994000,1449,2176,8,696,783,0
1728464355572836000,1743,1811,2,816,651,0
1728464355573684000,1999,1525,1,910,509,0
1728464355574526000,2392,1197,84,990,372,37
1728464355575368000,2489,864,320,1055,255,157
1728464355576209000,2531,568,578,1091,155,296
1728464355577051000,2500,261,887,1077,98,444
1728464355577893000,2370,0,1236,1034,54,599
1728464355578735000,2016,0,1591,916,50,749
1728464355579577000,1728,0,1900,797,46,882
1728464355580419000,1447,0,2172,628,0,988
1728464355581261000,1120,101,2563,477,64,1072
1728464355582103000,804,320,2648,322,180,1122
1728464355582946000,500,597,2668,202,305,1137
1728464355583789000,244,902,2630,114,455,1120
1728464355584631000,91,1222,2540,50,565,1044
1728464355585473000,0,1520,2150,42,692,930
1728464355586315000,0,1827,1848,32,791,796
1728464355587158000,0,2085,1554,52,865,628
1728464355588000000,18,2635,1215,110,926,497
1728464355588843000,266,2855,861,106,962,287
1728464355589686000,581,2943,517,286,968,206
1728464355590529000,898,2822,224,443,936,92
1728464355591371000,1225,2543,30,594,858,0
1728464355592213000,1525,2013,0,735,749,0
1728464355593055000,1812,1759,0,839,619,4
1728464355593896000,2075,1455,1,936,480,0
1728464355594738000,2422,1119,141,1018,340,69
1728464355595580000,2511,789,373,1059,241,192
1728464355596423000,2520,501,661,1081,137,339
1728464355597265000,2474,235,916,1060,64,580
1728464355598107000,2347,23,1269,1008,0,716
1728464355598949000,1932,21,1680,881,0,890
1728464355599790000,1653,5,1973,750,0,925
1728464355600642000,1362,6,2435,591,13,1004
1728464355601484000,1037,146,2589,436,78,1079
1728464355602327000,725,369,2660,297,205,1124
1728464355603170000,433,668,2667,184,332,1138
1728464355604013000,178,969,2615,96,482,1093
1728464355604855000,0,1359,2506,29,606,1015
1728464355605697000,0,1647,2065,0,731,881
1728464355606539000,0,1920,1775,2,816,744
1728464355607381000,11,2423,1433,0,882,537
1728464355608223000,173,2713,1088,69,1033,386
1728464355609066000,377,2881,744,209,1020,273
1728464355609909000,676,2927,432,326,960,165
1728464355610752000,995,2752,171,485,921,66
1728464355611594000,1311,2444,0,631,824,0
1728464355612436000,1606,1954,7,762,725,0
1728464355613278000,1875,1676,2,869,587,0
1728464355614115000,2328,1355,13,954,429,2
1728464355614957000,2448,1035,194,1033,305,88
1728464355615800000,2480,698,429,1080,205,225
1728464355616642000,2517,414,738,1088,105,381
1728464355617483000,2375,178,1096,1120,32,586
1728464355618325000,2256,0,1440,1037,0,744
1728464355619167000,1792,8,1776,892,0,876
1728464355620009000,1584,4,2057,711,0,932
1728464355620851000,1279,7,2496,555,29,1025
1728464355621693000,963,202,2613,389,112,1103
1728464355622536000,640,438,2667,264,237,1138
1728464355623379000,359,740,2664,149,365,1137
1728464355624221000,110,1059,2594,76,510,1078
1728464355625063000,0,1382,2510,18,642,992
1728464355625905000,0,1680,2071,0,743,862
1728464355626747000,0,1967,1762,0,840,704
1728464355627605000,0,2466,1480,2,935,554
1728464355628447000,194,2809,1057,85,981,380
1728464355629290000,448,2905,621,213,986,324
1728464355630133000,751,2904,357,359,954,142
1728464355630976000,1060,2684,122,527,901,46
1728464355631818000,1400,2344,4,672,812,0
1728464355632660000,1687,1879,5,785,681,0
1728464355633502000,1944,1591,0,887,548,0
1728464355634344000,2373,1292,34,981,405,23
1728464355635185000,2478,942,241,1042,279,121
1728464355636028000,2515,629,519,1079,179,267
1728464355636870000,2508,340,815,1081,101,419
1728464355637712000,2416,69,1157,1066,64,564
1728464355638554000,2277,0,1504,973,10,714
1728464355639396000,1818,0,1825,808,0,847
1728464355640238000,1504,5,2125,665,0,960
1728464355641135000,1198,50,2530,511,45,1045
1728464355641977000,869,263,2632,359,138,1110
1728464355642820000,551,525,2673,225,269,1139
1728464355643663000,293,833,2655,125,409,1133
1728464355644505000,36,1140,2565,79,543,1061
1728464355645347000,0,1465,2320,32,665,953
1728464355646189000,0,1765,1929,32,765,821
1728464355647030000,0,2033,1625,20,846,661
1728464355647872000,0,2586,1302,85,906,536
1728464355648714000,221,2832,916,58,960,322
1728464355649557000,504,2928,587,237,964,220
1728464355650400000,834,2860,291,409,942,111
1728464355651243000,1152,2596,71,576,880,21
1728464355652085000,1472,2115,5,711,779,0
1728464355652926000,1749,1808,0,821,645,0
1728464355653768000,2013,1505,6,912,497,0
1728464355654580000,2383,1189,93,997,373,53
1728464355655422000,2503,852,308,1047,261,158
1728464355656264000,2513,543,586,1088,151,303
1728464355657107000,2480,272,856,1065,74,538
1728464355657949000,2378,64,1174,1016,0,704
1728464355658790000,2024,0,1523,907,20,833
1728464355659632000,1720,4,1905,779,0,913
1728464355660474000,1427,1,2180,628,0,982
1728464355661316000,1108,116,2570,463,66,1075
1728464355662158000,788,324,2632,312,182,1124
1728464355663001000,485,601,2672,205,308,1133
1728464355663844000,224,914,2639,114,452,1112
1728464355664686000,37,1298,2528,34,584,1035
1728464355665528000,0,1597,2112,0,709,914
1728464355666370000,0,1879,1840,5,792,773
1728464355667212000,0,2165,1520,29,897,580
1728464355668054000,145,2736,1152,73,944,421
1728464355668897000,322,2807,815,158,1042,281
1728464355669740000,612,2947,498,299,960,182
1728464355670583000,930,2800,229,463,932,86
1728464355671426000,1251,2519,25,608,853,9
1728464355672268000,1542,2008,5,736,754,0
1728464355673110000,1835,1728,0,855,616,0
1728464355673952000,2102,1420,14,943,456,0
1728464355674794000,2425,1095,157,1015,331,71
1728464355675636000,2513,764,383,1067,221,184
1728464355676478000,2506,466,674,1088,122,338
1728464355677320000,2404,196,1035,1101,34,516
1728464355678162000,2320,27,1371,1018,0,658
1728464355679004000,1872,2,1708,832,0,785
1728464355679846000,1644,0,2003,741,0,916
1728464355680688000,1346,0,2467,580,13,1018
1728464355681538000,1024,162,2589,423,89,1088
1728464355682381000,712,393,2653,279,213,1124
1728464355683224000,414,682,2672,171,337,1140
1728464355684066000,160,994,2671,93,488,1098
1728464355684908000,0,1331,2516,14,622,1015
1728464355685750000,0,1625,2076,1,729,888
1728464355686592000,0,1911,1795,0,815,741
1728464355687434000,0,2428,1474,0,879,664
1728464355688276000,137,2718,997,66,944,481
1728464355689119000,434,2936,689,194,986,308
1728464355689962000,687,2930,425,344,960,160
1728464355690805000,1002,2741,157,501,919,66
1728464355691647000,1337,2433,0,642,823,0
1728464355692489000,1634,1943,5,769,718,0
1728464355693331000,1882,1654,5,871,576,0
1728464355694172000,2336,1351,11,960,431,0
1728464355695012000,2463,1012,185,1036,296,95
1728464355695854000,2524,673,448,1077,201,224
1728464355696696000,2511,394,760,1088,104,383
1728464355697538000,2432,125,1091,1045,0,542
1728464355698380000,2314,0,1436,960,0,673
1728464355699222000,1871,0,1778,847,0,819
1728464355700063000,1568,4,2078,704,0,936
1728464355700905000,1261,25,2511,540,36,1029
1728464355701747000,938,214,2618,385,122,1110
1728464355702589000,626,463,2670,258,245,1130
1728464355703432000,346,754,2656,153,382,1135
1728464355704275000,91,1071,2582,116,520,1078
1728464355705117000,11,1394,2451,58,644,988
1728464355705958000,1,1692,1984,48,751,852
1728464355706800000,2,1978,1678,47,832,693
1728464355707642000,0,2492,1317,90,903,543
1728464355708494000,149,2795,1002,150,954,409
1728464355709337000,429,2919,640,186,964,229
1728464355710180000,772,2894,341,380,955,130
1728464355711023000,1094,2667,111,536,888,41
1728464355711864000,1408,2323,7,674,801,0
1728464355712706000,1688,1870,0,792,681,0
1728464355713548000,1965,1575,0,901,540,0
1728464355714390000,2371,1278,65,976,397,26
1728464355715232000,2476,925,253,1037,287,135
1728464355716075000,2528,614,527,1077,176,257
1728464355716917000,2504,329,904,1080,109,428
1728464355717758000,2407,142,1249,1031,13,638
1728464355718600000,2200,49,1594,936,0,814
1728464355719442000,1774,8,1838,812,0,898
1728464355720284000,1495,0,2137,656,0,965
1728464355721126000,1183,69,2536,500,42,1047
1728464355721981000,855,269,2639,353,151,1112
1728464355722824000,554,538,2675,231,270,1140
1728464355723667000,279,832,2652,132,424,1122
1728464355724509000,68,1216,2542,56,559,1042
1728464355725351000,0,1531,2274,10,671,938
1728464355726193000,0,1828,1911,2,770,815
1728464355727035000,16,2083,1584,16,873,623
1728464355727877000,98,2648,1242,39,912,451
1728464355728719000,258,2768,887,122,1018,309
1728464355729562000,550,2952,576,261,966,216
1728464355730405000,855,2844,274,422,954,101
1728464355731247000,1174,2592,64,569,875,21
1728464355732089000,1479,2108,22,706,773,0
1728464355732931000,1765,1797,0,823,649,1
1728464355733773000,2022,1480,1,917,506,0
1728464355734615000,2401,1161,97,1009,353,55
1728464355735454000,2490,835,333,1057,245,175
1728464355736297000,2530,543,605,1088,144,309
1728464355737139000,2460,256,914,1023,65,464
1728464355737981000,2356,64,1253,975,0,651
1728464355738823000,1952,17,1629,871,0,793
1728464355739665000,1708,0,1930,783,0,898
1728464355740507000,1416,0,2174,618,0,989
1728464355741348000,1098,122,2566,459,65,1074
1728464355742190000,773,337,2656,320,178,1124
1728464355743032000,474,619,2672,192,302,1140
1728464355743875000,221,925,2691,109,465,1110
1728464355744717000,20,1256,2548,34,593,1040
1728464355745559000,0,1560,2163,0,698,914
1728464355746401000,0,1860,1879,2,797,772
1728464355747242000,0,2124,1607,0,912,617
1728464355748084000,102,2684,1228,41,962,457
1728464355748938000,325,2899,741,149,952,399
1728464355749781000,617,2940,489,301,965,186
1728464355750624000,935,2783,218,463,935,79
1728464355751467000,1265,2497,20,615,860,9
1728464355752309000,1554,1987,8,736,737,0
1728464355753150000,1834,1713,2,852,608,0
1728464355753992000,2157,1413,2,933,453,0
1728464355754834000,2433,1082,143,1016,330,77
1728464355755677000,2511,760,388,1072,224,192
1728464355756519000,2521,444,666,1088,133,338
1728464355757362000,2440,141,1003,1073,101,493
1728464355758204000,2304,0,1358,974,58,650
1728464355759045000,1873,0,1679,872,51,798
1728464355759887000,1638,2,2008,734,0,917
1728464355760729000,1327,9,2471,576,13,1013
1728464355761571000,1008,174,2595,409,94,1092
1728464355762422000,687,413,2661,279,213,1127
1728464355763265000,402,698,2658,170,356,1134
1728464355764108000,226,1007,2601,146,490,1088
1728464355764950000,0,1337,2481,69,615,1008
1728464355765792000,0,1630,2029,34,731,880
1728464355766634000,0,1929,1743,27,832,729
1728464355767476000,0,2424,1416,56,880,606
1728464355768318000,116,2746,1088,122,936,389
1728464355769161000,377,2908,719,177,970,272
1728464355770004000,704,2915,394,346,967,149
1728464355770846000,1022,2719,149,509,916,50
1728464355771688000,1349,2395,0,654,826,0
1728464355772530000,1629,1920,0,761,698,0
1728464355773372000,1908,1643,0,880,570,0
1728464355774214000,2341,1313,25,965,429,20
1728464355775056000,2451,1002,224,1020,295,113
1728464355775902000,2509,669,471,1069,192,225
1728464355776744000,2510,382,700,1074,101,461
1728464355777586000,2431,129,1040,1032,13,626
1728464355778428000,2279,0,1407,960,0,764
1728464355779270000,1832,1,1758,836,0,859
1728464355780112000,1563,0,2098,690,0,941
1728464355780954000,1250,50,2515,530,36,1042
1728464355781796000,925,228,2619,375,141,1111
1728464355782639000,613,483,2671,249,249,1131
1728464355783482000,338,767,2648,149,394,1130
1728464355784324000,111,1138,2572,68,576,1067
1728464355785166000,0,1407,2443,11,714,972
1728464355786008000,0,1704,1966,8,795,842
1728464355786850000,0,1901,1660,0,895,663
1728464355787692000,20,2496,1317,29,965,517
1728464355788535000,245,2785,958,110,888,362
1728464355789395000,487,2943,629,234,972,228
1728464355790238000,785,2887,322,385,960,124
1728464355791081000,1102,2659,83,542,893,29
1728464355791923000,1424,2294,4,683,794,0
1728464355792765000,1710,1856,5,794,667,0
1728464355793607000,1975,1567,10,904,525,0
1728464355794448000,2335,1253,66,981,388,48
1728464355795290000,2476,904,279,1045,279,137
1728464355796132000,2511,591,554,1088,157,261
1728464355796974000,2482,323,844,1041,84,448
1728464355797816000,2403,138,1218,1012,8,614
1728464355798658000,2170,64,1579,918,0,760
1728464355799500000,1774,0,1871,819,0,868
1728464355800341000,1483,0,2159,650,0,979
1728464355801183000,1165,84,2544,487,53,1056
1728464355802025000,843,276,2638,352,164,1116
1728464355802868000,538,548,2671,233,281,1133
1728464355803711000,264,852,2680,123,429,1117
1728464355804553000,58,1181,2581,45,559,1127
1728464355805395000,0,1484,2230,11,681,944
1728464355806236000,0,1795,1935,5,784,808
1728464355807078000,0,2078,1642,0,890,653
1728464355807920000,64,2631,1272,18,922,485
1728464355808763000,281,2835,822,133,972,406
1728464355809606000,561,2945,544,267,971,207
1728464355810449000,864,2841,276,432,946,106
1728464355811292000,1192,2582,52,577,874,27
1728464355812133000,1498,2072,13,718,762,0
1728464355812975000,1775,1780,5,832,634,0
1728464355813817000,2018,1492,0,928,493,0
1728464355814659000,2413,1163,118,1010,352,45
1728464355815501000,2496,821,343,1061,244,162
1728464355816346000,2529,503,622,1088,146,320
1728464355817188000,2475,151,937,1057,116,458
1728464355818029000,2343,0,1301,1017,58,621
1728464355818871000,1937,0,1610,921,39,765
1728464355819713000,1701,2,1945,767,0,892
1728464355820555000,1393,0,2206,613,0,1000
1728464355821397000,1072,122,2559,441,79,1082
1728464355822239000,757,348,2656,310,189,1114
1728464355823082000,463,627,2667,192,321,1138
1728464355823925000,207,935,2624,149,448,1103
1728464355824767000,0,1259,2524,78,584,1032
1728464355825609000,0,1560,2098,21,706,911
1728464355826451000,0,1857,1820,21,791,769
1728464355827293000,0,2169,1501,47,869,641
1728464355828135000,43,2681,1153,106,927,477
1728464355828978000,310,2887,802,118,960,274
1728464355829834000,634,2945,468,307,974,177
1728464355830677000,946,2791,206,466,930,71
1728464355831519000,1276,2486,10,621,847,4
1728464355832361000,1574,1976,4,745,731,0
1728464355833203000,1852,1711,0,857,605,0
1728464355834045000,2302,1402,0,946,459,1
1728464355834887000,2435,1072,165,1015,320,87
1728464355835730000,2510,735,381,1065,207,202
1728464355836572000,2528,441,658,1088,130,412
1728464355837414000,2504,226,981,1054,50,450
1728464355838256000,2393,32,1349,979,0,609
1728464355839098000,1901,13,1702,869,0,779
1728464355839940000,1620,2,2022,726,0,921
1728464355840782000,1323,1,2480,563,18,1022
1728464355841624000,985,176,2604,401,96,1103
1728464355842466000,674,418,2666,277,218,1123
1728464355843309000,392,709,2660,161,359,1137
1728464355844152000,154,1018,2600,79,537,1088
1728464355844994000,0,1344,2480,17,655,998
1728464355845836000,0,1636,2031,2,785,874
1728464355846678000,21,1996,1733,0,857,704
1728464355847518000,29,2501,1401,0,981,519
1728464355848360000,176,2687,1042,77,1021,385
1728464355849203000,427,2935,708,207,973,267
1728464355850046000,719,2908,395,359,961,149
1728464355850889000,1038,2718,146,510,904,53
1728464355851731000,1359,2383,0,660,825,0
1728464355852573000,1650,1912,0,779,712,0
1728464355853414000,1927,1632,5,878,562,1
1728464355854256000,2351,1314,41,970,405,14
1728464355855098000,2465,964,224,1042,294,106
1728464355855940000,2496,650,468,1077,186,248
1728464355856792000,2471,361,815,1123,98,420
1728464355857635000,2404,142,1122,990,18,561
1728464355858477000,2262,0,1472,920,0,722
1728464355859319000,1834,9,1798,839,0,850
1728464355860161000,1547,0,2087,679,5,960
1728464355861003000,1236,49,2520,523,26,1034
1728464355861845000,902,235,2632,373,130,1103
1728464355862687000,602,496,2674,241,251,1146
1728464355863530000,321,790,2699,142,405,1130
1728464355864372000,96,1116,2591,64,535,1073
1728464355865214000,0,1439,2449,11,660,1017
1728464355866056000,0,1735,1988,1,762,871
1728464355866898000,0,2030,1668,0,847,783
1728464355867740000,34,2551,1204,16,895,594
1728464355868582000,242,2816,903,114,978,410
1728464355869425000,502,2952,613,241,971,234
1728464355870273000,801,2872,324,399,960,124
1728464355871115000,1121,2636,96,559,884,41
1728464355871957000,1434,2251,21,692,789,0
1728464355872799000,1728,1839,0,807,670,0
1728464355873641000,1992,1541,0,903,528,0
1728464355874483000,2392,1228,87,993,373,34
1728464355875325000,2488,862,296,1051,265,138
1728464355876167000,2531,576,549,1082,167,286
1728464355877008000,2492,242,869,1093,142,426
1728464355877850000,2387,23,1208,1043,47,591
1728464355878692000,2112,0,1561,944,23,746
1728464355879534000,1756,5,1885,796,0,871
1728464355880376000,1468,0,2168,639,0,978
1728464355881218000,1147,87,2549,480,58,1059
1728464355882060000,820,303,2644,333,167,1113
1728464355882903000,526,576,2666,209,297,1141
1728464355883756000,320,868,2640,116,417,1113
1728464355884598000,36,1191,2544,94,564,1052
1728464355885440000,0,1506,2186,37,686,943
1728464355886282000,0,1809,1875,18,788,801
1728464355887124000,0,2057,1576,42,851,678
1728464355887966000,23,2630,1250,79,913,482
1728464355888809000,250,2864,857,107,966,327
1728464355889652000,576,2948,531,277,969,204
1728464355890495000,882,2834,250,435,946,96
1728464355891337000,1209,2565,38,591,870,16
1728464355892179000,1511,2046,10,723,752,0
1728464355893021000,1781,1772,0,833,629,0
1728464355893863000,2036,1486,0,920,495,0
1728464355894705000,2425,1144,126,1016,341,57
1728464355895547000,2497,804,335,1063,239,174
1728464355896389000,2528,496,595,1077,144,362
1728464355897244000,2528,277,931,1064,65,398
1728464355898086000,2407,64,1273,1013,0,580
1728464355898928000,1961,5,1639,893,0,750
1728464355899770000,1687,7,1964,757,0,896
1728464355900611000,1378,0,2254,610,5,996
1728464355901453000,1069,135,2577,441,82,1082
1728464355902295000,741,359,2657,302,197,1125
1728464355903138000,452,637,2661,192,332,1141
1728464355903980000,203,997,2616,99,466,1092
1728464355904822000,4,1306,2511,33,656,1020
1728464355905664000,0,1564,2083,0,743,907
1728464355906506000,0,1770,1794,0,874,738
1728464355907348000,0,2233,1465,0,960,580
1728464355908190000,133,2644,1108,57,1019,414
1728464355909033000,373,2912,770,182,974,282
1728464355909876000,647,2940,441,314,967,171
1728464355910722000,968,2775,193,478,924,65
1728464355911564000,1287,2467,10,628,839,0
1728464355912405000,1584,1968,0,743,734,0
1728464355913247000,1867,1694,9,864,588,0
1728464355914089000,2317,1396,9,951,441,10
1728464355914931000,2456,1050,177,1030,335,93
1728464355915773000,2511,730,420,1081,210,202
1728464355916616000,2486,415,725,1119,114,361
1728464355917458000,2415,173,1065,1081,28,527
1728464355918299000,2303,18,1392,933,0,673
1728464355919141000,1888,1,1731,875,0,820
1728464355919983000,1607,2,2047,711,0,934
1728464355920825000,1300,17,2489,565,22,1023
1728464355921667000,982,181,2602,409,117,1098
1728464355922510000,665,429,2662,277,218,1130
1728464355923353000,378,719,2704,164,365,1136
1728464355924198000,137,1038,2614,73,501,1120
1728464355925040000,0,1374,2466,20,631,1039
1728464355925882000,0,1656,2008,13,743,927
1728464355926724000,0,1929,1645,0,832,805
1728464355927566000,10,2467,1318,0,901,624
1728464355928408000,200,2767,970,87,989,448
1728464355929251000,440,2931,693,218,970,256
1728464355930093000,736,2909,392,361,961,144
1728464355930936000,1054,2698,139,523,906,47
1728464355931778000,1369,2368,0,666,810,0
1728464355932620000,1664,1894,0,792,704,0
1728464355933462000,1942,1618,0,880,550,0
1728464355934304000,2353,1311,36,973,407,9
1728464355935146000,2485,962,226,1045,297,113
1728464355935987000,2524,618,473,1061,185,250
1728464355936829000,2481,300,799,1088,139,395
1728464355937693000,2436,98,1118,1061,69,581
1728464355938535000,2307,0,1484,954,0,724
1728464355939377000,1812,5,1822,839,0,851
1728464355940219000,1532,1,2112,672,0,961
1728464355941061000,1223,64,2520,517,34,1043
1728464355941903000,888,237,2632,365,145,1107
1728464355942746000,581,509,2673,236,253,1143
1728464355943588000,282,802,2667,196,392,1128
1728464355944431000,66,1132,2564,82,537,1079
1728464355945273000,0,1451,2408,28,674,960
1728464355946115000,0,1747,1955,11,762,834
1728464355946957000,0,1999,1664,45,845,705
1728464355947798000,0,2547,1316,65,901,528
1728464355948641000,207,2814,954,64,954,335
1728464355949484000,509,2944,603,247,969,228
1728464355950327000,804,2866,323,405,952,117
1728464355951164000,1135,2630,85,561,887,43
1728464355952006000,1457,2193,6,696,797,0
1728464355952848000,1732,1821,2,816,658,0
1728464355953689000,1994,1526,2,920,524,0
1728464355954531000,2380,1216,79,981,382,47
1728464355955373000,2488,872,298,1056,268,145
1728464355956215000,2536,565,572,1080,165,350
1728464355957057000,2480,273,818,1060,87,522
1728464355957899000,2406,97,1173,1012,23,672
1728464355958741000,2056,13,1529,916,0,813
1728464355959582000,1743,8,1898,788,0,876
1728464355960424000,1443,0,2174,636,0,985
1728464355961266000,1138,98,2552,469,66,1064
1728464355962108000,819,320,2642,329,168,1114
1728464355962950000,507,576,2677,210,297,1141
1728464355963793000,247,947,2636,116,434,1101
1728464355964649000,46,1254,2542,46,615,1042
1728464355965491000,0,1507,2149,0,732,933
1728464355966333000,0,1864,1856,0,839,774
1728464355967175000,0,1948,1549,0,960,596
1728464355968017000,101,2547,1166,29,1013,441
1728464355968859000,320,2878,835,148,966,299
1728464355969702000,584,2954,514,289,975,194
1728464355970545000,899,2816,245,451,933,90
1728464355971387000,1220,2535,40,604,864,13
1728464355972229000,1524,2027,0,728,762,0
1728464355973071000,1815,1756,5,843,613,0
1728464355973913000,2047,1446,2,937,462,0
1728464355974755000,2428,1120,138,1011,347,71
1728464355975598000,2502,783,370,1066,237,181
1728464355976440000,2471,469,682,1119,129,333
1728464355977283000,2447,217,965,1021,42,507
1728464355978128000,2332,25,1319,960,0,675
1728464355978970000,1940,5,1668,891,0,794
1728464355979812000,1671,5,1984,747,0,905
1728464355980654000,1361,0,2341,591,5,1004
1728464355981496000,1044,149,2575,433,96,1088
1728464355982338000,733,381,2659,298,193,1125
1728464355983181000,433,660,2719,180,333,1137
1728464355984024000,184,975,2648,91,471,1099
1728464355984866000,0,1303,2487,23,609,1063
1728464355985708000,0,1607,2058,2,723,953
1728464355986550000,0,1884,1696,2,804,832
1728464355987392000,0,2368,1379,0,882,666
1728464355988234000,154,2736,1037,53,975,485
1728464355989077000,377,2919,751,180,972,277
1728464355989920000,665,2936,440,328,967,169
1728464355990763000,975,2767,186,488,911,64
1728464355991615000,1315,2448,0,641,841,4
1728464355992457000,1602,1960,2,754,724,0
1728464355993299000,1884,1679,0,868,582,0
1728464355994141000,2323,1344,0,943,440,0
1728464355994983000,2449,1033,193,1028,308,97
1728464355995826000,2520,706,439,1073,204,202
1728464355996668000,2510,386,721,1063,64,370
1728464355997510000,2542,161,1096,1060,0,534
1728464355998352000,2392,0,1476,998,0,692
1728464355999194000,1880,9,1750,864,0,832
1728464356000036000,1602,5,2058,706,0,940
1728464356000877000,1279,14,2496,559,25,1015
1728464356001719000,964,197,2616,402,120,1102
1728464356002561000,651,454,2666,267,233,1144
1728464356003404000,338,727,2664,188,365,1137
1728464356004246000,110,1048,2590,91,502,1084
1728464356005136000,0,1386,2456,8,637,986
1728464356005978000,0,1683,2012,10,746,878
1728464356006819000,0,1949,1697,0,840,685
1728464356007661000,0,2463,1377,41,897,520
1728464356008503000,161,2766,1002,64,960,381
1728464356009346000,453,2946,662,207,974,264
1728464356010189000,746,2899,365,371,954,132
1728464356011032000,1067,2688,121,529,892,42
1728464356011874000,1393,2355,0,664,809,0
1728464356012715000,1682,1895,0,789,692,0
1728464356013557000,1941,1600,0,879,559,0
1728464356014399000,2359,1297,46,977,407,20
1728464356015241000,2476,956,250,1033,293,129
1728464356016083000,2521,633,469,1069,178,287
1728464356016926000,2554,368,786,1082,103,340
1728464356017768000,2466,150,1103,1018,31,493
1728464356018573000,2303,30,1474,948,0,674
1728464356019415000,1796,12,1835,824,0,869
1728464356020257000,1512,0,2119,676,0,961
1728464356021099000,1204,64,2530,506,42,1053
1728464356021941000,871,256,2636,360,143,1120
1728464356022784000,570,514,2672,229,261,1145
1728464356023627000,304,864,2646,134,412,1107
1728464356024469000,85,1120,2558,65,594,1056
1728464356025311000,0,1438,2352,4,698,963
1728464356026153000,0,1691,1929,1,832,821
1728464356026995000,0,1939,1613,9,913,651
1728464356027837000,53,2546,1270,37,962,482
1728464356028680000,264,2836,909,119,939,337
1728464356029523000,521,2945,589,254,975,224
1728464356030365000,833,2861,299,410,939,100
1728464356031208000,1155,2608,72,576,885,26
1728464356032055000,1472,2176,14,693,785,0
1728464356032897000,1754,1819,2,815,661,0
1728464356033739000,2003,1500,4,918,503,0
1728464356034581000,2386,1194,85,998,363,58
1728464356035423000,2473,866,311,1052,253,146
1728464356036266000,2499,549,586,1005,155,282
1728464356037109000,2479,285,883,1042,71,485
1728464356037951000,2383,133,1258,1003,8,642
1728464356038793000,2028,15,1591,915,0,765
1728464356039635000,1728,5,1912,785,0,882
1728464356040477000,1437,0,2168,639,0,984
1728464356041319000,1120,106,2555,463,66,1074
1728464356042161000,796,321,2646,321,170,1118
1728464356043004000,489,590,2687,203,301,1136
1728464356043846000,238,906,2656,106,437,1166
1728464356044688000,26,1228,2503,37,576,1093
1728464356045543000,0,1544,2130,0,698,980
1728464356046385000,0,1820,1792,5,805,841
1728464356047227000,0,2085,1437,0,869,705
1728464356048068000,112,2648,1122,56,962,533
1728464356048911000,330,2894,836,162,962,306
1728464356049754000,594,2933,508,300,969,192
1728464356050597000,911,2802,237,457,926,82
1728464356051439000,1238,2520,29,611,864,5
1728464356052281000,1536,2003,0,727,754,0
1728464356053123000,1826,1738,16,846,613,0
1728464356053964000,2090,1459,0,940,480,0
1728464356054806000,2442,1102,114,1022,351,65
1728464356055648000,2511,754,373,1075,228,171
1728464356056491000,2522,407,674,1115,175,326
1728464356057333000,2478,178,992,1046,0,493
1728464356058175000,2336,21,1336,986,0,658
1728464356059019000,1924,5,1686,896,0,798
1728464356059860000,1651,4,1991,738,0,917
1728464356060702000,1351,4,2420,585,8,1008
1728464356061544000,1025,154,2591,421,94,1088
1728464356062386000,713,391,2656,290,206,1131
1728464356063229000,466,676,2678,177,333,1130
1728464356064072000,162,997,2603,125,490,1106
1728464356064914000,42,1315,2496,67,610,1018
1728464356065755000,0,1611,2067,39,714,889
1728464356066597000,0,1881,1734,69,802,758
1728464356067439000,0,2404,1420,53,873,608
1728464356068281000,89,2731,1082,122,946,455
1728464356069124000,394,2926,730,185,974,274
1728464356069967000,677,2919,433,338,963,149
1728464356070810000,997,2736,157,500,917,69
1728464356071652000,1337,2425,0,643,833,0
1728464356072500000,1605,1940,5,768,711,0
1728464356073341000,1894,1664,5,871,581,0
1728464356074183000,2330,1358,9,954,414,4
1728464356075025000,2446,997,215,1033,314,97
1728464356075868000,2516,697,469,1072,209,226
1728464356076710000,2525,418,736,1073,93,474
1728464356077553000,2446,142,1001,1043,50,616
1728464356078395000,2312,0,1379,956,0,763
1728464356079237000,1858,8,1778,858,0,824
1728464356080079000,1582,0,2072,704,0,938
1728464356080921000,1274,33,2506,528,27,1042
1728464356081763000,936,216,2624,385,123,1097
1728464356082605000,634,463,2667,260,237,1136
1728464356083448000,363,798,2657,146,383,1113
1728464356084290000,126,1071,2578,74,578,1088
1728464356085132000,0,1392,2458,6,673,990
1728464356085982000,0,1645,1984,2,816,844
1728464356086824000,0,1894,1680,14,901,682
1728464356087666000,14,2462,1334,0,960,533
1728464356088508000,218,2798,986,98,936,372
1728464356089351000,463,2942,645,231,975,244
1728464356090194000,761,2895,361,378,960,125
1728464356091036000,1088,2687,101,530,901,52
1728464356091878000,1417,2330,7,677,807,0
1728464356092720000,1682,1870,5,803,676,0
1728464356093562000,1952,1587,4,900,546,0
1728464356094404000,2331,1273,40,975,397,42
1728464356095246000,2472,930,265,1048,279,125
1728464356096089000,2504,610,529,1018,165,245
1728464356096931000,2488,335,839,1052,77,450
1728464356097773000,2426,174,1174,1018,15,590
1728464356098615000,2248,11,1531,940,0,741
1728464356101258000,1785,4,1856,820,0,855
1728464356102100000,1496,0,2143,669,0,965
1728464356102941000,1190,71,2528,497,54,1055
1728464356103783000,864,267,2637,356,137,1109
1728464356104625000,554,522,2696,235,277,1136
1728464356105468000,289,833,2664,132,416,1142
1728464356106310000,69,1153,2525,53,553,1119
1728464356107152000,0,1472,2247,2,675,999
1728464356107994000,0,1790,1970,0,766,926
1728464356108835000,0,2017,1494,0,856,738
1728464356109677000,68,2593,1157,26,913,576
1728464356110519000,274,2864,896,121,962,346
1728464356111362000,532,2940,576,266,970,215
1728464356112205000,846,2848,282,408,938,110
1728464356113048000,1159,2593,65,570,873,26
1728464356113890000,1477,2124,10,710,779,0
1728464356114732000,1767,1804,0,825,644,0
1728464356115574000,2024,1510,1,929,502,0
1728464356116416000,2403,1182,114,1001,367,52
1728464356117258000,2499,824,320,1048,250,155
1728464356118100000,2500,458,583,1099,202,288
1728464356118943000,2512,231,908,1070,0,465
1728464356119785000,2397,30,1264,1023,18,629
1728464356120626000,1997,10,1605,919,0,777
1728464356121468000,1736,0,1923,782,2,890
1728464356122310000,1415,2,2177,623,0,996
1728464356123152000,1094,117,2571,457,73,1067
1728464356123994000,778,334,2648,320,178,1128
1728464356124837000,578,597,2672,197,310,1129
1728464356125680000,209,909,2624,159,450,1111
1728464356126522000,10,1240,2534,58,577,1035
1728464356127364000,0,1551,2129,34,693,928
1728464356128217000,0,1817,1833,55,802,821
1728464356129059000,0,2085,1537,37,865,657
1728464356129901000,50,2663,1192,90,930,466
1728464356130744000,335,2901,809,157,971,313
1728464356131587000,625,2931,494,303,971,177
1728464356132429000,938,2798,217,468,932,82
1728464356133271000,1260,2509,34,603,850,5
1728464356134112000,1547,2015,4,741,747,0
1728464356134954000,1831,1728,0,842,619,0
1728464356135796000,2136,1434,1,931,468,2
1728464356136638000,2423,1095,157,1017,334,70
1728464356137480000,2510,773,389,1063,229,195
1728464356138323000,2525,448,601,1076,117,425
1728464356139165000,2461,186,927,1059,71,576
1728464356140007000,2389,52,1331,983,0,704
1728464356140849000,1914,10,1695,884,0,802
1728464356141696000,1647,0,1999,743,2,920
1728464356142538000,1338,2,2467,577,10,1019
1728464356143380000,1008,167,2599,414,91,1089
1728464356144223000,696,407,2656,282,210,1139
1728464356145066000,426,727,2664,171,402,1123
1728464356145908000,165,982,2601,93,520,1093
1728464356146750000,0,1323,2505,10,637,1016
1728464356147592000,0,1613,2059,13,758,883
1728464356148434000,11,1857,1741,11,865,714
1728464356149276000,0,2381,1413,10,956,549
1728464356150117000,169,2739,1064,81,978,402
1728464356150960000,409,2920,720,197,977,269
1728464356151803000,697,2911,418,346,973,149
1728464356152646000,1012,2738,154,504,917,64
1728464356153488000,1348,2410,2,645,824,0
1728464356154330000,1624,1930,5,776,713,0
1728464356155181000,1896,1643,0,879,583,0
1728464356156022000,2314,1336,14,960,422,22
1728464356156864000,2437,992,215,1037,304,98
1728464356157706000,2504,674,461,1012,192,220
1728464356158548000,2503,378,738,1044,100,405
1728464356159390000,2419,175,1108,1026,37,577
1728464356160232000,2295,0,1443,967,0,705
1728464356161074000,1849,9,1777,845,0,837
1728464356161915000,1561,4,2073,689,0,938
1728464356162757000,1251,31,2502,532,26,1028
1728464356163599000,925,217,2624,373,112,1103
1728464356164441000,616,472,2666,250,245,1135
1728464356165284000,341,773,2703,141,393,1133
1728464356166127000,105,1095,2606,69,527,1074
1728464356166969000,0,1417,2500,10,645,986
1728464356167810000,0,1688,2079,0,789,866
1728464356168658000,0,1968,1770,0,875,714
1728464356169500000,29,2520,1412,8,963,533
1728464356170342000,221,2810,962,113,967,374
1728464356171185000,480,2943,640,234,975,228
1728464356172028000,778,2883,331,382,953,129
1728464356172870000,1106,2652,106,546,882,43
1728464356173711000,1416,2303,11,688,799,0
1728464356174553000,1716,1863,5,805,681,0
1728464356175395000,1984,1572,0,888,530,0
1728464356176237000,2379,1251,69,988,394,5
1728464356177079000,2482,914,269,1058,281,123
1728464356177922000,2557,645,524,1090,162,228
1728464356178764000,2504,220,834,1067,165,429
1728464356179606000,2398,37,1183,1031,85,589
1728464356180448000,2187,13,1544,945,0,734
1728464356181290000,1781,0,1871,810,0,869
1728464356182137000,1482,9,2150,642,0,983
1728464356182979000,1174,79,2543,490,57,1052
1728464356183821000,842,274,2631,356,154,1115
1728464356184663000,643,544,2678,224,269,1135
1728464356185506000,341,846,2624,116,410,1122
1728464356186348000,106,1170,2556,43,558,1059
1728464356187190000,2,1487,2240,36,674,946
1728464356188032000,42,1781,1877,74,770,832
1728464356188874000,0,2051,1567,56,845,691
1728464356189716000,18,2603,1218,96,913,520
1728464356190559000,285,2861,873,143,971,335
1728464356191402000,559,2951,560,273,969,207
1728464356192245000,860,2847,266,429,943,113
1728464356193087000,1183,2577,55,578,859,14
1728464356193929000,1487,2085,11,727,772,0
1728464356194771000,1770,1779,4,820,651,0
1728464356195631000,2027,1507,0,908,494,0
1728464356196473000,2417,1165,116,1002,368,58
1728464356197315000,2509,832,334,1066,253,167
1728464356198158000,2530,517,549,1080,148,402
1728464356199000000,2492,272,893,1063,97,546
1728464356199842000,2422,84,1242,996,4,550
1728464356200684000,1970,10,1634,917,0,774
1728464356201526000,1706,0,1951,773,0,901
1728464356202368000,1404,5,2201,615,0,1007
1728464356203210000,1084,122,2576,455,81,1079
1728464356204052000,762,338,2648,314,189,1126
1728464356204894000,466,661,2671,193,380,1121
1728464356205737000,211,918,2616,105,503,1114
1728464356206579000,28,1241,2517,37,613,1029
1728464356207421000,0,1533,2115,5,737,917
1728464356208263000,0,1782,1807,21,868,756
1728464356209101000,0,2112,1496,5,923,589
1728464356209943000,137,2649,1125,64,977,426
1728464356210785000,352,2895,786,176,968,298
1728464356211628000,637,2944,485,308,962,178
1728464356212471000,942,2787,206,468,927,89
1728464356213313000,1281,2496,20,617,851,0
1728464356214155000,1566,1985,1,747,736,0
1728464356214996000,1846,1698,0,856,595,0
1728464356215838000,2284,1406,0,935,448,5
1728464356216680000,2424,1081,157,1024,338,74
1728464356217522000,2474,738,404,1107,217,209
1728464356218364000,2502,448,676,1035,114,332
1728464356219207000,2432,202,1022,1026,45,570
1728464356220049000,2328,18,1370,984,0,678
1728464356220890000,1903,4,1706,882,0,804
1728464356221732000,1618,6,2018,726,0,920
1728464356222581000,1322,0,2472,578,21,1020
1728464356223423000,1002,173,2600,414,101,1094
1728464356224265000,682,405,2665,282,217,1134
1728464356225108000,392,698,2721,157,348,1135
1728464356225951000,157,1019,2639,85,498,1092
1728464356226792000,0,1344,2504,23,624,1006
1728464356227634000,0,1662,2098,0,767,881
1728464356228476000,0,1948,1787,0,825,760
1728464356229318000,0,2453,1459,0,904,552
1728464356230160000,180,2746,1042,75,960,399
1728464356231003000,413,2935,713,201,969,253
1728464356231846000,710,2906,408,348,960,146
1728464356232687000,1032,2723,151,510,904,56
1728464356233529000,1358,2392,0,651,832,0
1728464356234371000,1656,1914,0,777,704,0
1728464356235213000,1925,1640,0,871,560,0
1728464356236065000,2352,1334,40,968,423,2
1728464356236907000,2470,996,206,1040,308,97
1728464356237749000,2559,709,455,1069,207,206
1728464356238592000,2489,298,767,1084,165,389
1728464356239434000,2423,100,1089,1053,70,554
1728464356240276000,2298,0,1464,966,0,711
1728464356241118000,1843,0,1791,843,0,846
1728464356241960000,1551,5,2090,692,0,956
1728464356242802000,1236,43,2517,525,33,1026
1728464356243644000,912,238,2615,370,127,1113
1728464356244487000,700,482,2666,245,244,1130
1728464356245330000,378,775,2656,167,385,1125
1728464356246172000,81,1101,2565,98,525,1076
1728464356247014000,0,1436,2444,34,647,974
1728464356247856000,0,1717,1972,50,765,891
1728464356248698000,0,1997,1684,33,833,717
1728464356249543000,0,2523,1351,66,905,538
1728464356250386000,238,2838,954,106,970,372
1728464356251229000,488,2947,628,241,973,226
1728464356252072000,782,2880,327,389,953,123
1728464356252915000,1113,2641,98,553,882,28
1728464356253757000,1433,2265,9,693,799,0
1728464356254599000,1712,1847,0,797,679,0
1728464356255441000,1972,1552,0,893,530,0
1728464356256282000,2380,1237,75,985,391,34
1728464356257124000,2485,893,267,1047,282,141
1728464356257967000,2553,604,596,1082,162,335
1728464356258810000,2481,285,794,1081,89,527
1728464356259652000,2402,96,1164,1018,37,675
1728464356260494000,2139,18,1554,938,0,750
1728464356261336000,1770,2,1871,797,0,874
1728464356262178000,1463,0,2153,639,0,975
1728464356263037000,1160,88,2552,482,52,1054
1728464356263879000,832,289,2639,341,157,1123
1728464356264722000,539,632,2666,210,292,1122
1728464356265564000,258,849,2648,129,485,1111
1728464356266406000,58,1182,2559,43,593,1059
1728464356267248000,0,1536,2208,8,719,943
1728464356268089000,0,1681,1873,0,864,785
1728464356268931000,0,1910,1560,0,953,628
1728464356269773000,90,2583,1209,26,999,460
1728464356270616000,293,2880,864,146,967,334
1728464356271459000,581,2946,537,282,975,199
1728464356272302000,867,2825,260,443,933,93
1728464356273144000,1200,2559,50,585,869,18
1728464356273985000,1505,2053,9,724,759,0
1728464356274827000,1791,1774,5,834,629,0
1728464356275668000,2025,1457,2,937,468,0
1728464356276513000,2421,1145,130,1002,353,74
1728464356277355000,2414,813,351,1117,237,206
1728464356278198000,2481,497,655,1120,138,338
1728464356279040000,2455,239,930,1021,49,477
1728464356279882000,2357,36,1303,1001,0,642
1728464356280724000,1960,13,1646,896,0,791
1728464356281566000,1689,5,1966,759,0,892
1728464356282408000,1386,0,2222,614,2,995
1728464356283250000,1071,133,2580,436,77,1084
1728464356284092000,747,362,2655,305,193,1129
1728464356284934000,455,637,2695,178,325,1137
1728464356285777000,194,960,2639,100,463,1102
1728464356286619000,11,1278,2515,33,602,1080
1728464356287461000,0,1604,2068,0,700,1013
1728464356288303000,0,1893,1698,1,805,844
1728464356289145000,0,2313,1398,0,873,693
1728464356289992000,136,2704,1121,42,945,436
1728464356290835000,362,2914,778,173,970,302
1728464356291678000,650,2928,458,313,967,178
1728464356292521000,949,2773,199,482,920,75
1728464356293363000,1284,2476,5,615,842,0
1728464356294205000,1583,1984,0,759,727,0
1728464356295047000,1858,1695,0,849,591,0
1728464356295889000,2317,1389,0,956,449,0
1728464356296731000,2448,1057,159,1020,320,68
1728464356297573000,2520,641,405,1049,271,188
1728464356298415000,2510,382,714,1094,170,365
1728464356299257000,2463,164,1058,1048,0,538
1728464356300099000,2325,7,1405,993,0,682
1728464356300941000,1888,9,1720,861,0,822
1728464356301783000,1615,4,2034,717,0,924
1728464356302625000,1300,5,2490,568,14,1018
1728464356303482000,979,178,2596,404,109,1098
1728464356304324000,722,419,2659,272,221,1128
1728464356305166000,362,707,2656,192,364,1127
1728464356306009000,131,1029,2593,105,496,1088
1728464356306851000,0,1353,2484,2,625,1005
1728464356307693000,0,1659,2007,0,740,870
1728464356308535000,0,1933,1738,8,832,706
1728464356309376000,0,2447,1393,0,894,536
1728464356310218000,186,2772,1019,79,966,394
1728464356311061000,431,2935,683,206,972,251
1728464356311904000,732,2906,382,357,964,146
1728464356312747000,1040,2719,138,523,898,45
1728464356313589000,1376,2380,0,657,821,0
1728464356314431000,1656,1916,0,773,704,0
1728464356315272000,1927,1625,2,874,557,0
1728464356316114000,2337,1309,37,965,420,21
1728464356316952000,2469,972,212,1034,301,111
1728464356317795000,2518,650,418,1068,209,305
1728464356318638000,2558,373,756,1074,93,322
1728464356319480000,2415,128,1099,1046,10,513
1728464356320322000,2288,0,1484,961,0,711
1728464356321163000,1820,0,1803,832,0,853
1728464356322005000,1533,2,2112,670,0,960
1728464356322847000,1230,53,2520,522,43,1037
1728464356323689000,897,229,2622,386,138,1109
1728464356324531000,596,546,2656,237,251,1126
1728464356325374000,320,770,2644,139,448,1112
1728464356326216000,98,1097,2559,69,579,1063
1728464356327057000,0,1421,2419,9,691,969
1728464356327899000,0,1660,1959,10,819,825
1728464356328741000,0,1931,1638,16,911,669
1728464356329583000,58,2496,1291,27,978,480
1728464356330437000,250,2836,941,122,970,362
1728464356331280000,512,2945,625,249,970,224
1728464356332123000,805,2880,321,401,952,128
1728464356332965000,1139,2630,85,559,890,34
1728464356333807000,1451,2254,10,699,786,0
1728464356334649000,1728,1829,17,809,660,0
1728464356335491000,1994,1536,0,918,519,0
1728464356336333000,2375,1208,67,996,378,46
1728464356337175000,2441,869,293,1093,256,154
1728464356338017000,2389,554,548,1149,151,325
1728464356338858000,2447,299,910,1122,73,482
1728464356339700000,2385,80,1218,1033,17,608
1728464356340542000,2084,18,1559,924,0,758
1728464356341384000,1749,2,1888,791,0,873
1728464356342226000,1453,0,2161,640,0,980
1728464356343068000,1143,90,2540,474,64,1065
1728464356343921000,815,306,2633,329,151,1113
1728464356344764000,503,576,2672,207,292,1136
1728464356345607000,247,884,2659,106,425,1120
1728464356346449000,42,1202,2585,41,568,1050
1728464356347291000,0,1506,2254,0,722,967
1728464356348133000,0,1810,1963,0,837,820
1728464356348975000,0,2079,1638,0,909,633
1728464356349817000,97,2632,1203,49,939,465
1728464356350660000,309,2880,852,145,960,314
1728464356351503000,583,2935,535,285,969,192
1728464356352346000,890,2824,253,448,929,96
1728464356353189000,1227,2538,41,599,878,10
1728464356354031000,1526,2026,0,729,755,0
1728464356354873000,1808,1761,8,842,628,0
1728464356355715000,2039,1458,0,937,483,0
1728464356356557000,2432,1120,119,1010,357,59
1728464356357400000,2496,704,338,1052,295,151
1728464356358242000,2536,435,640,1096,178,320
1728464356359084000,2486,197,960,1061,0,489
1728464356359926000,2368,29,1315,1008,4,645
1728464356360768000,1944,6,1646,892,0,793
1728464356361610000,1675,8,1971,741,0,911
1728464356362451000,1364,0,2235,599,9,992
1728464356363293000,1054,133,2577,442,84,1081
1728464356364135000,821,361,2656,298,177,1119
1728464356364978000,496,651,2671,178,320,1132
1728464356365820000,175,964,2611,125,465,1102
1728464356366662000,0,1297,2505,43,599,1023
1728464356367504000,0,1583,2099,46,711,920
1728464356368346000,0,1880,1825,23,805,788
1728464356369188000,0,2357,1491,28,882,610
1728464356370030000,141,2717,1095,66,952,421
1728464356370926000,375,2916,756,181,965,282
1728464356371769000,661,2922,444,327,962,164
1728464356372612000,978,2760,180,486,910,68
1728464356373454000,1306,2443,2,633,844,0
1728464356374295000,1578,1954,0,749,729,0
1728464356375137000,1878,1680,2,864,586,0
1728464356375979000,2329,1375,2,946,452,5
1728464356376821000,2454,1026,176,1023,324,88
1728464356377664000,2511,687,361,1063,196,278
1728464356378507000,2550,429,681,1088,130,407
1728464356379350000,2496,186,1020,1052,52,442
1728464356380191000,2320,0,1413,978,0,680
1728464356381033000,1867,3,1758,862,0,826
1728464356381875000,1595,1,2060,719,0,937
1728464356382717000,1294,16,2499,550,20,1021
1728464356383559000,961,198,2608,395,113,1110
1728464356384361000,661,509,2663,260,238,1124
1728464356385204000,369,791,2655,164,370,1114
1728464356386046000,138,1081,2591,77,544,1078
1728464356386888000,0,1402,2467,8,666,1007
1728464356387730000,0,1575,1999,0,833,833
1728464356388572000,0,1856,1694,8,914,683
1728464356389414000,11,2424,1369,5,967,546
1728464356390256000,193,2796,1009,94,960,396
1728464356391099000,455,2944,677,214,978,254
1728464356391942000,732,2897,375,367,956,138
1728464356392785000,1063,2694,122,519,901,47
1728464356393627000,1387,2363,8,662,816,0
1728464356394469000,1650,1864,0,789,680,0
1728464356395311000,1928,1600,0,897,543,0
1728464356396153000,2357,1293,53,970,402,18
1728464356396995000,2432,953,242,1071,277,137
1728464356397842000,2490,616,528,1114,165,250
1728464356398685000,2464,338,802,1038,96,397
1728464356399527000,2414,122,1152,1027,35,583
1728464356400369000,2279,20,1501,946,0,738
1728464356401211000,1807,10,1832,825,0,847
1728464356402053000,1518,0,2116,683,0,960
1728464356402895000,1214,53,2531,512,41,1050
1728464356403737000,879,253,2639,365,141,1122
1728464356404579000,576,506,2721,231,277,1138
1728464356405421000,298,811,2666,146,410,1122
1728464356406263000,87,1125,2555,65,547,1107
1728464356407105000,0,1456,2338,0,674,1027
1728464356407947000,0,1740,1874,2,801,873
1728464356408789000,0,1999,1513,5,864,744
1728464356409630000,64,2568,1272,22,927,514
1728464356410473000,253,2843,919,120,963,345
1728464356411334000,525,2945,585,250,981,220
1728464356412177000,819,2863,306,405,946,109
1728464356413019000,1154,2618,78,554,889,29
1728464356413861000,1458,2203,2,677,775,0
1728464356414703000,1756,1823,0,820,650,0
1728464356415544000,2003,1521,1,922,517,0
1728464356416386000,2402,1210,79,992,383,36
1728464356417228000,2505,820,299,1033,335,124
1728464356418070000,2508,490,557,1098,213,276
1728464356418913000,2507,249,882,1075,0,436
1728464356419755000,2383,74,1239,1025,11,621
1728464356420597000,2046,10,1584,926,0,766
1728464356421438000,1735,4,1905,784,0,886
1728464356422280000,1432,5,2163,634,0,978
1728464356423122000,1123,100,2558,471,68,1072
1728464356423964000,892,303,2646,323,149,1120
1728464356424811000,562,576,2675,208,289,1136
1728464356425654000,269,886,2630,151,437,1113
1728464356426496000,18,1228,2542,71,570,1047
1728464356427338000,0,1518,2193,42,685,960
1728464356428180000,0,1804,1890,29,782,790
1728464356429022000,0,2063,1562,0,869,602
1728464356429864000,100,2652,1183,43,938,458
1728464356430707000,323,2883,836,153,964,310
1728464356431550000,608,2930,513,300,972,186
1728464356432393000,911,2808,235,449,931,87
1728464356433235000,1231,2534,37,597,861,8
1728464356434077000,1504,2012,4,734,757,0
1728464356434919000,1821,1747,2,834,621,0
1728464356435761000,2059,1451,0,933,481,0
1728464356436603000,2423,1113,127,1007,352,68
1728464356437446000,2503,773,290,1055,213,276
1728464356438287000,2509,463,581,1082,125,426
1728464356439129000,2460,217,901,1059,86,553
1728464356439971000,2359,38,1333,1003,0,655
1728464356440813000,1925,1,1671,889,0,794
1728464356441655000,1660,0,1979,746,0,909
1728464356442497000,1367,0,2326,593,13,1004
1728464356443339000,1028,154,2595,438,85,1094
1728464356444181000,709,442,2653,285,196,1111
1728464356445024000,430,713,2670,178,337,1112
1728464356445866000,182,1009,2604,87,509,1095
1728464356446708000,0,1297,2500,16,621,1015
1728464356447550000,0,1520,2071,0,796,881
1728464356448392000,0,1823,1760,9,890,717
1728464356449234000,0,2349,1444,13,945,556
1728464356450076000,146,2732,1100,69,945,417
1728464356450919000,387,2917,745,178,965,281
1728464356451769000,668,2915,439,335,963,156
1728464356452612000,986,2739,174,488,915,65
1728464356453454000,1318,2442,0,634,836,0
1728464356454296000,1600,1925,4,766,717,0
1728464356455138000,1859,1650,8,869,586,0
1728464356455980000,2327,1362,0,960,431,13
1728464356456822000,2432,1009,194,1054,314,97
1728464356457664000,2490,682,450,1020,184,210
1728464356458506000,2490,392,724,1045,101,386
1728464356459349000,2424,174,1067,1040,40,559
1728464356460191000,2318,0,1428,974,0,697
1728464356461033000,1858,4,1754,856,0,832
1728464356461875000,1587,4,2047,708,0,946
1728464356462716000,1283,28,2496,537,29,1027
1728464356463558000,945,210,2616,401,114,1095
1728464356464400000,634,455,2719,254,235,1131
1728464356465249000,362,761,2679,153,382,1133
1728464356466091000,138,1065,2567,75,517,1136
1728464356466933000,0,1404,2376,10,618,1088
1728464356467775000,0,1712,2071,5,773,867
1728464356468616000,0,2000,1755,0,872,705
1728464356469458000,26,2496,1344,1,920,533
1728464356470300000,206,2797,993,101,952,370
1728464356471143000,463,2931,660,229,978,242
1728464356471986000,762,2904,360,379,953,141
1728464356472829000,1088,2673,110,533,908,50
1728464356473671000,1397,2333,5,673,805,0
1728464356474512000,1682,1871,1,799,674,0
1728464356475354000,1954,1592,0,898,544,0
1728464356476196000,2368,1266,42,980,413,25
1728464356477039000,2510,984,242,1033,274,98
1728464356477882000,2502,541,513,1082,233,245
1728464356478731000,2515,298,808,1102,121,412
1728464356479573000,2416,106,1165,1035,25,576
1728464356480414000,2258,8,1520,950,0,736
1728464356481256000,1792,5,1856,811,0,866
1728464356482098000,1504,8,2134,662,0,966
1728464356482940000,1195,64,2536,503,49,1052
1728464356483782000,861,256,2639,349,128,1114
1728464356484625000,629,517,2675,229,264,1133
1728464356485467000,346,832,2648,135,410,1129
1728464356486309000,53,1155,2554,77,547,1063
1728464356487151000,0,1462,2294,66,655,1002
1728464356487993000,0,1744,1937,41,765,847
1728464356488835000,0,2043,1618,33,856,667
1728464356489677000,64,2585,1253,30,924,489
1728464356490520000,267,2849,900,132,960,337
1728464356491363000,532,2943,579,263,973,210
1728464356492213000,837,2856,287,416,948,118
1728464356493056000,1163,2616,68,567,885,21
1728464356493897000,1472,2121,13,713,778,0
1728464356494739000,1749,1776,4,810,648,0
1728464356495581000,2013,1515,0,909,513,0
1728464356496423000,2406,1180,90,999,375,42
1728464356497266000,2491,872,376,1050,228,203
1728464356498109000,2503,513,545,1081,154,363
1728464356498952000,2513,298,880,1060,85,529
1728464356499794000,2384,69,1265,1019,9,616
1728464356500636000,2018,4,1603,928,0,769
1728464356501478000,1724,1,1932,773,0,894
1728464356502320000,1422,3,2176,629,0,992
1728464356503162000,1102,97,2575,466,65,1070
1728464356504003000,779,321,2639,320,176,1106
1728464356504846000,481,669,2661,196,310,1116
1728464356505695000,232,954,2618,113,456,1104
1728464356506537000,29,1253,2533,38,577,1040
1728464356507379000,0,1592,2120,0,784,903
1728464356508221000,0,1717,1827,0,880,756
1728464356509063000,0,1938,1498,0,954,581
1728464356509905000,103,2677,1157,52,937,448
1728464356510748000,326,2887,807,151,965,304
1728464356511591000,610,2935,494,296,967,175
1728464356512434000,921,2808,216,450,932,89
1728464356513276000,1248,2520,26,600,860,0
1728464356514118000,1535,1997,0,741,736,0
1728464356514960000,1834,1720,2,858,606,0
1728464356515801000,2099,1434,17,933,466,2
1728464356516643000,2464,1107,146,1020,333,70
1728464356517485000,2407,754,361,1140,222,213
1728464356518328000,2463,452,684,1136,114,370
1728464356519184000,2447,201,1000,1018,45,500
1728464356520026000,2347,25,1354,994,0,668
1728464356520868000,1915,8,1688,892,0,798
1728464356521710000,1648,1,1994,748,0,920
1728464356522552000,1336,0,2467,578,10,1011
1728464356523394000,1017,166,2593,428,93,1092
1728464356524236000,704,382,2656,288,218,1124
1728464356525078000,409,676,2679,180,338,1133
1728464356525921000,161,992,2627,92,484,1102
1728464356526763000,0,1346,2539,21,625,1015
1728464356527605000,0,1648,2112,4,741,875
1728464356528447000,0,1928,1816,5,814,766
1728464356529289000,0,2406,1442,0,901,613
1728464356530131000,166,2744,1082,77,943,409
1728464356530974000,413,2912,730,197,986,269
1728464356531817000,696,2920,426,335,966,154
1728464356532660000,1005,2736,164,495,916,65
1728464356533502000,1336,2416,0,633,825,0
1728464356534344000,1624,1939,10,772,727,0
1728464356535185000,1889,1652,0,884,576,0
1728464356536027000,2340,1351,10,954,442,14
1728464356536869000,2488,1082,192,1052,306,74
1728464356537711000,2532,576,437,1063,285,210
1728464356538554000,2498,298,737,1069,181,373
1728464356539395000,2432,162,1098,1056,53,544
1728464356540237000,2306,0,1436,975,0,710
1728464356541079000,1856,4,1767,839,0,834
1728464356541921000,1568,8,2065,697,0,939
1728464356542763000,1264,29,2506,545,28,1032
1728464356543605000,937,210,2619,382,113,1110
1728464356544447000,617,457,2666,252,232,1134
1728464356545290000,421,756,2645,146,372,1125
1728464356546141000,154,1083,2592,69,513,1080
1728464356546983000,34,1404,2438,78,631,996
1728464356547825000,16,1712,1977,71,752,871
1728464356548667000,0,1983,1658,66,842,719
1728464356549509000,18,2509,1344,17,909,522
1728464356550351000,224,2808,979,98,961,377
1728464356551194000,474,2931,650,234,978,240
1728464356552037000,770,2880,348,381,948,130
1728464356552880000,1088,2659,118,538,900,41
1728464356553722000,1402,2311,2,676,799,0
1728464356554564000,1707,1860,2,800,682,0
1728464356555406000,1946,1558,5,896,544,0
1728464356556248000,2371,1248,48,975,409,33
1728464356557091000,2491,949,313,1043,284,123
1728464356557934000,2537,597,427,1077,167,356
1728464356558776000,2485,320,784,1071,90,501
1728464356559630000,2407,100,1193,1039,23,599
1728464356560472000,2198,20,1524,938,0,747
1728464356561314000,1787,8,1856,808,0,868
1728464356562156000,1483,2,2144,648,0,960
1728464356562997000,1168,65,2546,495,45,1034
1728464356563839000,864,272,2628,341,144,1095
1728464356564681000,543,593,2668,218,281,1116
1728464356565524000,278,904,2636,122,422,1112
1728464356566366000,66,1198,2560,53,544,1055
1728464356567208000,2,1490,2254,0,760,936
1728464356568050000,0,1672,1891,0,869,794
1728464356568892000,0,1937,1591,0,933,631
1728464356569734000,64,2606,1248,36,926,480
1728464356570576000,287,2860,877,125,961,335
1728464356571419000,545,2937,562,273,977,210
1728464356572262000,851,2840,274,422,930,105
1728464356573104000,1168,2577,72,580,873,20
1728464356573946000,1483,2072,17,719,778,1
1728464356574787000,1771,1778,6,825,632,0
1728464356575629000,2023,1487,5,924,480,0
1728464356576471000,2400,1154,112,1028,367,54
1728464356577313000,2432,824,335,1112,234,213
1728464356578155000,2488,522,644,1139,144,310
1728464356578998000,2464,260,924,1031,64,471
1728464356579840000,2375,57,1282,1010,0,634
1728464356580681000,1969,6,1619,913,0,767
1728464356581523000,1710,2,1938,775,0,896
1728464356582365000,1418,0,2194,615,2,994
1728464356583207000,1089,125,2575,461,79,1072
1728464356584049000,752,346,2656,304,186,1122
1728464356584892000,469,617,2667,192,309,1129
1728464356585734000,214,926,2656,106,457,1113
1728464356586584000,21,1263,2559,23,597,1039
1728464356587426000,0,1607,2178,0,745,930
1728464356588268000,0,1890,1888,5,814,764
1728464356589110000,0,2158,1543,0,887,605
1728464356589952000,114,2691,1152,68,946,430
1728464356590795000,345,2905,789,162,973,301
1728464356591638000,627,2936,484,310,960,181
1728464356592480000,929,2787,206,469,924,78
1728464356593322000,1269,2499,17,608,847,2
1728464356594163000,1557,1998,5,744,738,0
1728464356595005000,1834,1728,0,861,605,0
1728464356595847000,2210,1422,0,943,466,0
1728464356596689000,2424,1161,138,1060,343,30
1728464356597531000,2545,789,385,1068,218,170
1728464356598374000,2510,386,693,1088,185,343
1728464356599217000,2453,199,1021,1071,57,510
1728464356600071000,2339,25,1374,990,0,677
1728464356600913000,1909,11,1718,874,0,806
1728464356601755000,1632,8,2010,729,0,928
1728464356602597000,1335,2,2469,577,26,1010
1728464356603439000,1021,160,2595,426,89,1088
1728464356604282000,751,401,2663,277,207,1128
1728464356605125000,461,700,2665,206,342,1127
1728464356605968000,133,999,2605,114,484,1099
1728464356606810000,0,1320,2510,42,606,1017
1728464356607652000,0,1636,2066,26,727,872
1728464356608494000,0,1930,1758,0,820,714
1728464356609336000,0,2425,1404,0,903,558
1728464356610177000,178,2752,1048,85,952,395
1728464356611020000,417,2919,714,202,975,266
1728464356611863000,709,2919,404,346,951,146
1728464356612706000,1016,2723,143,507,907,58
1728464356613547000,1344,2411,0,635,823,0
1728464356614389000,1625,1935,2,771,712,0
1728464356615231000,1905,1645,5,874,564,0
1728464356616072000,2343,1338,13,954,448,13
1728464356616914000,2455,977,293,1028,325,114
1728464356617756000,2500,693,533,1060,212,234
1728464356618599000,2503,373,669,1073,78,490
1728464356619441000,2433,148,1109,1055,40,558
1728464356620283000,2300,0,1456,973,0,705
1728464356621125000,1840,10,1795,839,0,837
1728464356621967000,1544,10,2086,688,0,960
1728464356622809000,1248,25,2503,533,39,1025
1728464356623651000,922,224,2608,377,122,1090
1728464356624493000,604,539,2675,250,253,1122
1728464356625336000,331,799,2653,137,382,1126
1728464356626178000,101,1081,2577,69,554,1066
1728464356627037000,1,1484,2438,18,649,953
1728464356627878000,13,1768,1964,0,832,820
1728464356628720000,0,2037,1661,0,916,660
1728464356629562000,30,2522,1327,18,915,514
1728464356630405000,232,2818,967,102,960,369
1728464356631248000,483,2938,641,235,974,235
1728464356632091000,783,2881,341,388,946,128
1728464356632934000,1114,2652,96,541,901,30
1728464356633775000,1426,2285,18,685,786,0
1728464356634617000,1712,1858,16,802,673,0
1728464356635458000,1986,1562,9,908,522,0
1728464356636300000,2407,1233,64,983,390,26
1728464356637142000,2533,893,250,1112,247,146
1728464356637984000,2431,586,530,1133,153,320
1728464356638826000,2460,320,865,1077,84,429
1728464356639668000,2412,101,1194,1036,18,594
1728464356640516000,2136,13,1549,942,0,746
1728464356641358000,1765,4,1868,799,0,871
1728464356642200000,1475,5,2148,653,0,972
1728464356643042000,1161,73,2551,496,56,1055
1728464356643884000,819,282,2637,333,149,1117
1728464356644726000,525,554,2744,216,285,1131
1728464356645569000,264,865,2658,117,426,1122
1728464356646411000,57,1187,2568,36,561,1116
1728464356647253000,0,1504,2098,1,672,1038
1728464356648095000,0,1782,1810,0,777,893
1728464356648937000,0,2028,1543,4,858,666
1728464356649779000,78,2616,1236,42,930,468
1728464356650622000,288,2864,868,134,965,330
1728464356651464000,558,2939,561,274,968,206
1728464356652307000,864,2832,266,427,940,104
1728464356653149000,1201,2559,53,585,880,6
1728464356653995000,1493,2046,9,724,765,0
1728464356654837000,1782,1774,11,832,634,0
1728464356655679000,2031,1478,0,924,490,0
1728464356656521000,2426,1214,90,1018,361,5
1728464356657363000,2500,711,320,1037,320,151
1728464356658206000,2510,442,624,1096,181,298
1728464356659048000,2472,233,940,1079,64,480
1728464356659890000,2368,50,1290,1004,0,645
1728464356660732000,1951,9,1629,900,0,773
1728464356661574000,1692,1,1951,765,0,900
1728464356662416000,1394,1,2195,608,0,995
1728464356663258000,1120,137,2572,441,64,1068
1728464356664100000,846,338,2656,309,184,1120
1728464356664942000,503,630,2668,188,306,1128
1728464356665785000,192,940,2616,133,461,1110
1728464356666627000,0,1266,2539,65,588,1059
1728464356667481000,0,1562,2126,37,704,952
1728464356668323000,0,1852,1841,34,801,762
1728464356669165000,0,2314,1504,0,882,597
1728464356670007000,126,2709,1125,64,948,436
1728464356670849000,354,2904,782,172,969,293
1728464356671692000,637,2927,469,325,965,167
1728464356672535000,948,2777,186,469,927,77
1728464356673377000,1277,2480,17,620,832,0
1728464356674219000,1546,1986,11,744,732,0
1728464356675060000,1836,1687,0,858,596,0
1728464356675902000,2311,1396,8,941,458,0
1728464356676744000,2431,1091,226,1016,324,82
1728464356677586000,2511,711,325,1064,207,282
1728464356678429000,2527,448,673,1077,126,398
1728464356679272000,2458,176,1034,1062,45,521
1728464356680114000,2329,21,1385,981,0,681
1728464356680955000,1902,8,1729,866,0,818
1728464356681797000,1610,0,2031,730,0,930
1728464356682639000,1310,5,2484,560,21,1018
1728464356683481000,986,261,2595,405,98,1082
1728464356684323000,677,472,2659,275,232,1120
1728464356685166000,389,741,2660,173,405,1121
1728464356686009000,141,1025,2608,81,529,1090
1728464356686850000,0,1266,2464,14,704,992
1728464356687692000,0,1544,2010,0,819,858
1728464356688534000,0,1852,1720,17,885,690
1728464356689376000,0,2456,1394,4,904,554
1728464356690218000,184,2776,1029,79,949,402
1728464356691061000,427,2924,696,210,981,260
1728464356691904000,717,2900,394,361,956,146
1728464356692746000,1034,2716,146,514,908,51
1728464356693588000,1358,2369,0,652,815,2
1728464356694438000,1629,1904,15,781,687,0
1728464356695280000,1914,1632,0,890,548,0
1728464356696122000,2346,1288,17,971,414,18
1728464356696964000,2394,970,238,1088,270,156
1728464356697807000,2449,637,491,1136,166,269
1728464356698649000,2466,354,800,1029,96,386
1728464356699491000,2431,139,1129,1047,25,564
1728464356700333000,2284,0,1479,961,0,717
1728464356701175000,1824,4,1802,834,0,845
1728464356702017000,1543,2,2100,685,0,944
1728464356702859000,1229,45,2523,525,38,1039
1728464356703701000,888,230,2619,362,132,1106
1728464356704544000,582,486,2727,242,256,1123
1728464356705387000,320,785,2652,140,402,1123
1728464356706229000,96,1113,2600,66,530,1135
1728464356707071000,0,1420,2328,13,648,1066
1728464356707927000,0,1712,1857,0,764,921
1728464356708769000,0,2002,1600,2,844,726
1728464356709611000,37,2532,1303,21,916,505
1728464356710454000,241,2822,947,106,956,357
1728464356711297000,501,2941,617,245,976,233
1728464356712140000,804,2867,325,395,945,121
1728464356712983000,1120,2646,92,546,889,29
1728464356713825000,1444,2241,4,685,789,0
1728464356714667000,1728,1809,0,804,662,0
1728464356715509000,1985,1541,0,906,517,0
1728464356716350000,2400,1273,56,986,394,16
1728464356717192000,2468,792,261,1031,346,130
1728464356718034000,2524,525,555,1104,216,258
1728464356718877000,2496,289,872,1088,73,442
1728464356719719000,2397,93,1212,1029,10,611
1728464356720561000,2082,17,1559,929,0,754
1728464356721402000,1752,0,1881,800,0,876
1728464356722244000,1453,0,2149,634,0,979
1728464356723086000,1144,91,2551,473,53,1057
1728464356723928000,882,290,2631,334,153,1113
1728464356724771000,497,554,2663,257,282,1124
1728464356725613000,241,861,2631,133,429,1117
1728464356726455000,4,1184,2534,0,552,1034
1728464356727297000,0,1502,2227,47,677,948
1728464356728138000,0,1789,1919,39,779,786
1728464356728980000,0,2057,1565,0,884,637
1728464356729822000,87,2625,1216,43,920,461
1728464356730665000,303,2864,865,146,963,320
1728464356731508000,579,2944,535,285,965,188
1728464356732351000,885,2821,245,441,937,93
1728464356733194000,1206,2538,52,576,870,20
1728464356734035000,1502,2030,18,717,754,0
1728464356734997000,1785,1770,9,833,634,0
1728464356735839000,2045,1472,0,923,505,0
1728464356736681000,2415,1130,200,1003,381,69
1728464356737523000,2482,818,409,1058,226,226
1728464356738366000,2513,482,559,1067,132,413
1728464356739209000,2480,242,962,1077,73,493
1728464356740051000,2360,44,1305,1012,0,653
1728464356740893000,1947,4,1656,900,0,786
1728464356741735000,1680,5,1965,758,0,911
1728464356742577000,1383,0,2223,612,16,1002
1728464356743419000,1049,207,2580,441,71,1067
1728464356744262000,727,398,2655,299,192,1110
1728464356745105000,449,687,2657,181,332,1129
1728464356745947000,196,951,2616,97,510,1098
1728464356746789000,0,1196,2503,21,663,1008
1728464356747631000,0,1500,2092,0,769,881
1728464356748370000,0,1811,1792,13,872,736
1728464356749212000,0,2360,1473,0,887,588
1728464356750054000,138,2712,1121,64,936,426
1728464356750897000,363,2912,783,184,968,290
1728464356751740000,657,2928,458,320,967,178
1728464356752583000,969,2765,192,479,933,69
1728464356753425000,1275,2456,8,626,843,2
1728464356754267000,1580,1962,21,761,704,0
1728464356755109000,1856,1681,6,864,594,0
1728464356755951000,2316,1380,0,948,463,1
1728464356756793000,2403,1029,197,1061,302,96
1728464356757635000,2496,704,411,1025,197,194
1728464356758477000,2504,416,704,1060,110,378
1728464356759319000,2447,181,1046,1056,50,529
1728464356760161000,2323,0,1398,983,0,685
1728464356761003000,1880,5,1738,857,0,823
1728464356761847000,1602,10,2032,712,0,928
1728464356762689000,1300,4,2480,558,26,1018
1728464356763531000,962,192,2656,398,98,1103
1728464356764373000,650,434,2695,270,226,1131
1728464356765215000,376,731,2648,156,368,1179
1728464356766058000,141,1053,2581,76,513,1120
1728464356766900000,23,1388,2452,23,638,901
1728464356767742000,42,1696,1986,5,746,783
1728464356768584000,0,1957,1672,0,834,754
1728464356769425000,0,2471,1383,5,905,541
1728464356770267000,194,2779,1012,94,960,389
1728464356771110000,442,2932,684,217,973,245
1728464356771953000,737,2897,370,363,961,149
1728464356772796000,1055,2703,130,517,906,43
1728464356773638000,1376,2350,0,674,811,0
1728464356774480000,1666,1862,0,773,700,0
1728464356775329000,1935,1606,0,888,548,0
1728464356776171000,2362,1330,41,968,480,2
1728464356777013000,2444,866,213,1029,352,105
1728464356777856000,2523,591,500,1095,231,229
1728464356778698000,2501,339,799,1088,79,409
1728464356779540000,2423,119,1149,1043,23,576
1728464356780382000,2275,8,1505,960,0,729
1728464356781224000,1814,5,1822,824,0,858
1728464356782066000,1525,5,2112,676,0,960
1728464356782908000,1221,64,2529,510,37,1044
1728464356783750000,928,247,2624,359,130,1105
1728464356784592000,554,505,2668,266,258,1126
1728464356785435000,294,806,2642,158,400,1130
1728464356786277000,30,1136,2601,85,543,1086
1728464356787118000,0,1459,2381,0,654,945
1728464356787960000,0,1743,1951,0,765,802
1728464356788810000,0,2018,1619,0,850,671
1728464356789652000,53,2574,1282,23,914,503
1728464356790494000,249,2829,921,126,957,347
1728464356791337000,519,2933,593,251,967,217
1728464356792180000,812,2872,305,404,948,117
1728464356793022000,1145,2628,84,559,884,33
1728464356793864000,1453,2201,14,700,788,0
1728464356794706000,1736,1827,1,813,665,0
1728464356795548000,1994,1539,0,898,526,0
1728464356796390000,2383,1239,130,986,394,44
1728464356797233000,2483,847,221,1052,244,220
1728464356798076000,2548,570,537,1082,170,349
1728464356798919000,2496,285,890,1079,74,452
1728464356799761000,2383,78,1240,1018,5,619
1728464356800603000,2043,14,1586,928,0,754
1728464356801445000,1749,0,1904,790,0,880
1728464356802299000,1445,0,2166,637,0,985
1728464356803141000,1124,138,2556,480,64,1050
1728464356803983000,799,308,2643,335,222,1110
1728464356804826000,509,564,2670,205,332,1126
1728464356805669000,241,870,2628,117,431,1116
1728464356806511000,39,1185,2540,38,528,1041
1728464356807353000,91,1503,2165,0,653,928
1728464356808195000,105,1799,1892,2,763,777
1728464356809037000,0,2067,1544,0,872,629
1728464356809879000,97,2656,1187,45,928,463
1728464356810721000,309,2868,832,154,967,312
1728464356811564000,594,2930,516,287,964,186
1728464356812407000,889,2817,228,439,935,93
1728464356813249000,1213,2540,30,578,852,0
1728464356814091000,1497,2031,10,729,751,0
1728464356814933000,1793,1749,0,836,613,0
1728464356815777000,2072,1462,4,932,487,0
1728464356816618000,2398,1122,144,977,334,49
1728464356817461000,2499,786,343,1023,237,188
1728464356818303000,2513,514,657,1061,116,357
1728464356819146000,2467,224,975,1070,53,497
1728464356819988000,2355,36,1320,1001,0,655
1728464356820830000,1932,8,1659,896,0,791
1728464356821672000,1662,10,1978,758,0,906
1728464356822513000,1361,0,2305,602,8,1004
1728464356823355000,1028,146,2657,429,81,1093
1728464356824197000,723,365,2687,297,210,1125
1728464356825040000,433,657,2661,183,337,1191
1728464356825883000,171,972,2613,93,471,1127
1728464356826725000,45,1311,2480,26,618,1065
1728464356827567000,0,1572,1984,0,717,971
1728464356828408000,0,1859,1724,0,804,800
1728464356829253000,0,2381,1464,0,885,569
1728464356830095000,148,2728,1102,69,955,418
1728464356830938000,393,2906,761,184,969,279
1728464356831781000,667,2918,442,334,962,165
1728464356832624000,984,2759,193,482,917,64
1728464356833466000,1315,2447,9,638,832,0
1728464356834307000,1608,1956,0,758,729,0
1728464356835149000,1880,1680,10,866,583,0
1728464356835991000,2327,1423,0,960,448,0
1728464356836833000,2480,1070,182,1023,397,69
1728464356837675000,2499,629,426,1088,264,205
1728464356838518000,2508,402,736,1088,133,376
1728464356839360000,2444,176,1072,1045,34,543
1728464356840202000,2316,8,1415,980,0,688
1728464356841044000,1867,0,1743,859,0,825
1728464356841886000,1586,1,2054,707,0,939
1728464356842737000,1287,18,2497,549,23,1020
1728464356843579000,1032,188,2604,398,104,1098
1728464356844422000,682,448,2664,253,224,1135
1728464356845265000,338,738,2666,188,361,1134
1728464356846108000,52,1045,2624,101,490,1102
1728464356846950000,0,1390,2467,0,629,965
1728464356847792000,0,1685,1989,0,746,832
1728464356848634000,0,1964,1701,0,833,708
1728464356849476000,16,2491,1370,9,908,530
1728464356850319000,210,2784,1002,106,963,381
1728464356851162000,463,2936,672,226,980,245
1728464356852005000,740,2898,361,367,960,137
1728464356852848000,1071,2695,130,525,897,42
1728464356853690000,1388,2335,0,677,810,0
1728464356854532000,1688,1867,0,788,695,0
1728464356855374000,1943,1587,0,889,544,0
1728464356856218000,2359,1252,0,976,405,93
1728464356857060000,2496,944,183,1034,303,168
1728464356857903000,2544,603,482,1077,169,178
1728464356858745000,2499,334,816,1091,94,421
1728464356859587000,2415,117,1162,1039,18,576
1728464356860429000,2261,10,1511,949,0,738
1728464356861271000,1800,8,1823,818,0,864
1728464356862113000,1511,5,2124,668,0,960
1728464356862955000,1193,117,2525,501,42,1031
1728464356863797000,873,245,2624,354,189,1102
1728464356864640000,570,512,2664,229,301,1128
1728464356865482000,293,814,2648,138,394,1125
1728464356866324000,42,1109,2553,40,492,1055
1728464356867166000,97,1452,2327,18,634,953
1728464356868008000,104,1750,1954,9,738,819
1728464356868850000,0,2035,1615,0,852,663
1728464356869695000,64,2584,1266,31,916,485
1728464356870538000,269,2842,900,130,967,342
1728464356871381000,538,2944,580,264,970,221
1728464356872224000,834,2855,289,417,943,107
1728464356873067000,1129,2600,82,560,869,30
1728464356873909000,1462,2136,13,698,784,2
1728464356874751000,1740,1813,0,815,649,0
1728464356875592000,2010,1508,1,907,510,0
1728464356876434000,2374,1184,78,944,353,42
1728464356877276000,2478,847,308,1015,245,180
1728464356878119000,2509,594,605,1057,148,296
1728464356878961000,2480,271,915,1080,68,461
1728464356879803000,2378,66,1247,1018,4,624
1728464356880645000,2019,13,1598,910,0,772
1728464356881486000,1724,18,1919,779,0,890
1728464356882328000,1434,0,2171,639,4,986
1728464356883190000,1108,106,2626,462,66,1071
1728464356884032000,779,327,2685,320,175,1124
1728464356884875000,491,609,2648,196,308,1178
1728464356885718000,221,910,2628,109,441,1133
1728464356886560000,26,1217,2485,50,609,1100
1728464356887401000,0,1535,2069,0,732,990
1728464356888243000,0,1840,1792,0,793,831
1728464356889085000,0,2087,1535,2,880,609
1728464356889927000,109,2663,1167,56,942,456
1728464356890770000,325,2887,828,157,965,305
1728464356891613000,604,2943,495,294,974,197
1728464356892456000,919,2805,226,453,931,82
1728464356893298000,1241,2509,18,622,860,0
1728464356894140000,1543,1977,5,732,751,0
1728464356894982000,1823,1731,5,841,605,0
1728464356895824000,2103,1381,0,935,525,0
1728464356896655000,2424,1040,130,1037,389,64
1728464356897497000,2527,737,382,1076,186,178
1728464356898339000,2517,454,672,1089,101,350
1728464356899182000,2473,224,1002,1072,53,503
1728464356900024000,2346,27,1354,1007,0,663
1728464356900866000,1928,10,1685,885,0,805
1728464356901708000,1662,18,1996,744,0,918
1728464356902550000,1347,0,2467,591,17,1008
1728464356903392000,1008,146,2587,473,90,1088
1728464356904235000,683,383,2667,320,204,1122
1728464356905078000,410,679,2665,165,341,1143
1728464356905920000,138,984,2604,68,476,1114
1728464356906762000,0,1351,2519,10,608,1023
1728464356907604000,0,1640,2074,0,730,919
1728464356908446000,0,1903,1764,0,814,742
1728464356909288000,0,2393,1439,2,896,568
1728464356910143000,160,2727,1066,74,951,407
1728464356910986000,398,2919,740,192,971,265
1728464356911829000,682,2930,418,330,966,165
1728464356912672000,984,2731,161,489,917,64
1728464356913514000,1346,2432,0,647,836,0
1728464356914355000,1632,1950,0,762,711,0
1728464356915197000,1882,1667,0,864,578,0
1728464356916039000,2332,1332,0,949,448,65
1728464356916881000,2462,1013,138,1023,330,139
1728464356917723000,2550,696,404,1063,178,138
1728464356918565000,2513,399,743,1088,106,385
1728464356919407000,2447,161,1088,1050,37,556
1728464356920249000,2308,0,1440,978,0,706
1728464356921091000,1856,2,1768,852,0,839
1728464356921933000,1569,0,2060,698,0,944
1728464356922774000,1271,87,2497,543,26,1008
1728464356923632000,927,258,2614,392,121,1095
1728464356924474000,633,474,2673,250,260,1133
1728464356925317000,341,747,2665,157,401,1136
1728464356926159000,132,1026,2576,71,494,1072
1728464356927001000,0,1352,2452,12,541,978
1728464356927843000,0,1650,2014,0,688,832
1728464356928685000,0,1969,1680,0,839,698
1728464356929527000,28,2496,1346,10,906,517
1728464356930369000,210,2799,994,104,962,377
1728464356931212000,466,2930,659,215,967,242
1728464356932055000,762,2892,355,375,954,132
1728464356932898000,1088,2664,121,516,887,43
1728464356933740000,1404,2317,9,675,789,0
1728464356934581000,1665,1877,10,791,679,0
1728464356935423000,1932,1581,0,895,545,0
1728464356936265000,2327,1250,74,1020,386,4
1728464356937106000,2440,922,249,994,266,107
1728464356937949000,2509,656,548,1042,162,298
1728464356938791000,2496,334,833,1088,85,420
1728464356939633000,2416,101,1165,1046,23,588
1728464356940474000,2227,15,1523,943,0,746
1728464356941316000,1779,2,1843,809,0,847
1728464356942158000,1494,0,2144,668,0,968
1728464356943000000,1173,70,2617,493,40,1063
1728464356943842000,855,279,2668,345,145,1113
1728464356944685000,552,542,2666,215,276,1182
1728464356945528000,277,837,2637,131,401,1137
1728464356946369000,52,1135,2505,50,557,1117
1728464356947211000,0,1466,2248,0,705,1022
1728464356948053000,0,1775,1848,8,785,865
1728464356948895000,0,2035,1614,4,857,658
1728464356949737000,69,2599,1250,32,925,485
1728464356950588000,290,2851,904,133,978,339
1728464356951431000,542,2939,576,260,971,213
1728464356952274000,839,2845,285,418,940,98
1728464356953116000,1177,2575,65,581,884,8
1728464356953958000,1479,2088,9,710,767,0
1728464356954800000,1748,1771,6,820,646,0
1728464356955642000,2007,1459,1,925,544,0
1728464356956484000,2410,1126,85,1020,400,50
1728464356957326000,2479,778,296,1051,302,146
1728464356958167000,2527,493,599,1094,105,292
1728464356959009000,2477,260,929,1072,64,471
1728464356959851000,2379,73,1266,1015,8,648
1728464356960693000,1977,1,1603,911,0,774
1728464356961535000,1714,5,1928,772,0,895
1728464356962377000,1407,2,2177,620,0,980
1728464356963219000,1150,114,2558,458,64,1079
1728464356964075000,832,330,2648,314,169,1116
1728464356964918000,450,600,2678,226,300,1132
1728464356965760000,167,924,2659,139,442,1116
1728464356966602000,0,1252,2524,0,581,1015
1728464356967444000,0,1542,2104,0,706,899
1728464356968286000,0,1856,1835,2,794,778
1728464356969128000,0,2145,1520,0,882,599
1728464356969970000,122,2680,1150,64,946,448
1728464356970813000,350,2887,805,161,967,295
1728464356971656000,622,2928,478,315,967,181
1728464356972499000,943,2793,226,465,924,78
1728464356973341000,1248,2504,14,610,851,4
1728464356974183000,1552,1993,0,736,743,0
1728464356975025000,1824,1728,0,848,613,0
1728464356975866000,2147,1436,64,926,480,0
1728464356976708000,2413,1101,207,1017,320,100
1728464356977553000,2510,740,320,1050,206,290
1728464356978395000,2511,452,688,1089,122,334
1728464356979237000,2462,201,1018,1060,53,517
1728464356980079000,2339,28,1368,994,0,677
1728464356980921000,1908,0,1711,875,0,810
1728464356981763000,1632,0,2009,736,0,921
1728464356982605000,1339,71,2466,576,16,1000
1728464356983447000,1001,229,2595,415,100,1088
1728464356984289000,695,437,2656,272,216,1117
1728464356985132000,398,674,2671,178,368,1128
1728464356985975000,169,960,2600,103,542,1080
1728464356986817000,0,1298,2476,31,648,997
1728464356987659000,2,1597,2043,13,657,869
1728464356988501000,0,1919,1745,0,821,731
1728464356989343000,0,2432,1423,1,898,558
1728464356990185000,165,2752,1057,81,960,402
1728464356991041000,414,2928,721,197,968,269
1728464356991884000,692,2911,413,352,960,153
1728464356992727000,996,2738,154,501,911,71
1728464356993568000,1340,2403,0,647,809,0
1728464356994410000,1603,1918,16,773,708,2
1728464356995252000,1891,1643,1,877,576,0
1728464356996094000,2280,1329,34,997,410,50
1728464356996936000,2422,989,224,960,285,78
1728464356997779000,2509,673,450,1025,189,247
1728464356998621000,2511,386,772,1094,96,386
1728464356999462000,2428,149,1111,1050,34,554
1728464357000304000,2304,0,1447,965,0,709
1728464357001146000,1846,5,1787,841,0,833
1728464357001988000,1549,0,2087,697,0,945
1728464357002830000,1248,42,2504,535,37,1034
1728464357003672000,915,221,2624,377,116,1100
1728464357004517000,609,462,2719,250,247,1125
1728464357005360000,329,762,2676,153,373,1127
1728464357006202000,90,1080,2463,64,513,1160
1728464357007044000,0,1408,2355,2,650,1066
1728464357007886000,0,1718,1890,0,739,940
1728464357008728000,0,1988,1663,2,855,677
1728464357009570000,34,2513,1324,26,914,516
1728464357010412000,228,2801,975,107,953,357
1728464357011255000,487,2941,637,242,975,237
1728464357012098000,773,2881,336,385,945,129
1728464357012940000,1098,2656,97,534,898,43
1728464357013782000,1428,2310,9,678,805,0
1728464357014624000,1715,1831,0,801,666,0
1728464357015466000,1981,1501,0,896,576,0
1728464357016308000,2357,1161,41,976,455,1
1728464357017150000,2463,842,266,1057,320,114
1728464357017999000,2520,578,532,1090,184,276
1728464357018841000,2511,320,847,1080,81,439
1728464357019683000,2402,109,1190,1032,20,597
1728464357020525000,2154,9,1546,940,0,750
1728464357021367000,1771,11,1863,804,0,879
1728464357022209000,1485,2,2148,655,1,965
1728464357023051000,1223,68,2536,498,45,1056
1728464357023893000,882,279,2643,400,139,1113
1728464357024735000,513,542,2678,250,277,1146
1728464357025578000,245,844,2658,150,419,1111
1728464357026420000,26,1182,2544,25,562,1067
1728464357027262000,0,1487,2240,0,679,970
1728464357028104000,0,1795,1907,0,773,824
1728464357028946000,0,2039,1584,0,872,631
1728464357029788000,79,2604,1235,45,928,477
1728464357030630000,291,2853,891,136,960,327
1728464357031479000,558,2931,551,276,970,200
1728464357032322000,869,2837,269,433,935,98
1728464357033165000,1195,2581,59,577,877,21
1728464357034007000,1482,2067,16,712,757,0
1728464357034848000,1777,1795,2,821,642,2
1728464357035690000,2042,1479,0,917,504,53
1728464357036532000,2412,1145,50,1005,386,113
1728464357037375000,2571,866,309,1055,241,84
1728464357038217000,2519,526,622,1091,149,324
1728464357039059000,2485,253,939,1069,65,482
1728464357039901000,2375,64,1283,1019,0,641
1728464357040742000,1956,5,1644,907,0,785
1728464357041584000,1696,5,1937,767,0,901
1728464357042425000,1407,68,2194,618,0,978
1728464357043267000,1070,177,2575,450,74,1072
1728464357044109000,755,377,2657,298,213,1117
1728464357044963000,459,623,2675,196,346,1135
1728464357045806000,196,871,2624,122,517,1105
1728464357046647000,28,1227,2530,52,626,1022
1728464357047489000,0,1511,2104,21,750,896
1728464357048331000,0,1862,1822,6,808,764
1728464357049173000,0,2272,1504,0,880,599
1728464357050015000,122,2698,1150,64,942,430
1728464357050858000,359,2904,798,173,971,294
1728464357051701000,634,2939,480,316,974,174
1728464357052544000,933,2782,202,466,935,85
1728464357053386000,1269,2488,23,629,841,0
1728464357054227000,1546,1971,18,754,725,0
1728464357055069000,1848,1715,0,847,615,0
1728464357055911000,2283,1404,0,896,458,0
1728464357056753000,2423,1063,169,995,320,106
1728464357057595000,2510,742,393,1034,214,226
1728464357058439000,2520,448,696,1090,128,353
1728464357059282000,2459,189,1026,1068,54,527
1728464357060124000,2335,17,1376,983,0,682
1728464357060966000,1896,9,1716,873,0,810
1728464357061808000,1624,0,2014,732,0,926
1728464357062650000,1313,2,2533,554,11,1013
1728464357063492000,984,181,2637,407,96,1091
1728464357064334000,676,421,2688,274,218,1173
1728464357065177000,394,708,2648,166,344,1164
1728464357066019000,201,1039,2572,82,512,1141
1728464357066861000,31,1376,2472,9,618,932
1728464357067703000,21,1666,2012,5,728,802
1728464357068545000,0,1933,1732,4,832,724
1728464357069387000,0,2450,1406,0,900,559
1728464357070229000,177,2759,1041,84,953,391
1728464357071072000,425,2925,704,207,975,264
1728464357071924000,712,2913,394,356,962,147
1728464357072767000,1041,2705,139,508,901,52
1728464357073609000,1365,2383,0,654,796,0
1728464357074451000,1643,1916,17,781,690,0
1728464357075293000,1921,1609,9,890,591,0
1728464357076134000,2375,1279,23,971,418,8
1728464357076976000,2468,947,226,1028,228,97
1728464357077818000,2598,647,493,1076,168,229
1728464357078661000,2518,370,781,1088,96,396
1728464357079503000,2430,132,1120,1047,33,565
1728464357080345000,2288,0,1482,954,0,719
1728464357081187000,1823,4,1804,832,0,839
1728464357082028000,1544,4,2095,686,0,954
1728464357082870000,1216,37,2513,559,34,1033
1728464357083712000,885,234,2618,402,114,1098
1728464357084555000,590,484,2666,265,255,1136
1728464357085408000,299,791,2648,125,381,1136
1728464357086250000,65,1130,2595,46,537,1098
1728464357087092000,0,1429,2408,0,644,986
1728464357087933000,0,1728,1957,0,744,842
1728464357088775000,0,2003,1656,0,853,673
1728464357089616000,40,2545,1311,23,917,517
1728464357090459000,247,2816,949,112,965,361
1728464357091302000,490,2935,617,240,978,224
1728464357092145000,799,2880,325,386,949,122
1728464357092988000,1109,2645,69,545,877,29
1728464357093829000,1440,2272,0,695,778,0
1728464357094671000,1720,1856,0,789,660,0
1728464357095513000,1973,1543,0,890,509,52
1728464357096355000,2380,1217,9,983,386,116
1728464357097197000,2521,905,242,1040,277,186
1728464357098040000,2528,569,562,1084,168,279
1728464357098943000,2496,320,882,1078,82,450
1728464357099785000,2403,103,1216,1028,5,619
1728464357100627000,2105,5,1567,935,0,752
1728464357101469000,1760,0,1879,804,0,872
1728464357102311000,1465,84,2163,636,0,966
1728464357103153000,1148,146,2549,482,57,1058
1728464357103995000,832,327,2636,338,169,1112
1728464357104838000,517,541,2673,225,320,1125
1728464357105681000,281,833,2648,132,469,1114
1728464357106523000,77,1159,2552,47,501,1048
1728464357107365000,0,1465,2195,0,634,930
1728464357108207000,0,1797,1880,5,791,802
1728464357109049000,0,2050,1570,0,866,631
1728464357109891000,84,2625,1210,40,929,464
1728464357110734000,308,2864,855,139,974,322
1728464357111577000,568,2943,537,282,972,198
1728464357112426000,864,2831,261,430,941,105
1728464357113268000,1191,2563,55,568,868,9
1728464357114110000,1498,2046,13,718,762,0
1728464357114952000,1779,1770,0,832,638,0
1728464357115794000,2040,1482,0,881,471,2
1728464357116636000,2394,1144,119,954,346,42
1728464357117478000,2496,818,327,1028,242,206
1728464357118321000,2524,503,628,1092,144,309
1728464357119163000,2473,247,960,1068,64,489
1728464357120005000,2369,64,1302,1010,0,655
1728464357120847000,1951,2,1639,900,0,785
1728464357121689000,1684,4,1951,767,0,900
1728464357122531000,1378,1,2312,608,1,1003
1728464357123372000,1051,139,2631,440,77,1076
1728464357124215000,744,346,2676,308,193,1121
1728464357125058000,451,634,2660,197,312,1163
1728464357126745000,226,962,2594,95,484,1153
1728464357127587000,66,1305,2503,20,591,959
1728464357128429000,37,1603,2068,0,715,836
1728464357129271000,0,1868,1811,2,805,757
1728464357130112000,0,2325,1489,0,883,586
1728464357130954000,139,2696,1130,69,939,429
1728464357131796000,375,2892,781,178,972,282
1728464357132639000,651,2934,463,320,960,170
1728464357133482000,975,2776,206,480,924,74
1728464357134324000,1298,2461,20,622,839,5
1728464357135166000,1579,1949,0,737,732,0
1728464357136007000,1858,1670,0,858,618,0
1728464357136849000,2293,1303,0,927,509,0
1728464357137691000,2413,992,164,1040,363,76
1728464357138534000,2528,709,425,1082,139,213
1728464357139376000,2515,432,712,1081,116,370
1728464357140218000,2445,192,1045,1057,46,525
1728464357141060000,2319,5,1397,989,0,686
1728464357141901000,1888,0,1720,865,0,813
1728464357142743000,1620,2,2025,718,0,927
1728464357143585000,1365,0,2487,567,5,1021
1728464357144427000,1043,180,2603,400,100,1097
1728464357145270000,693,426,2665,300,218,1121
1728464357146113000,320,717,2659,194,352,1154
1728464357146955000,75,1029,2592,2,492,1063
1728464357147797000,0,1371,2462,0,621,984
1728464357148639000,0,1667,2022,0,748,862
1728464357149481000,0,1948,1728,0,832,709
1728464357150323000,1,2460,1395,15,900,543
1728464357151165000,195,2771,1036,90,961,389
1728464357152008000,434,2927,693,213,975,258
1728464357152851000,724,2908,381,359,958,142
1728464357153690000,1042,2707,146,514,915,53
1728464357154532000,1372,2361,0,665,817,0
1728464357155374000,1664,1902,5,778,690,0
1728464357156216000,1919,1639,0,873,533,79
1728464357157058000,2357,1285,0,965,409,106
1728464357157900000,2466,949,155,1031,298,177
1728464357158743000,2528,649,485,1080,186,241
1728464357159585000,2499,357,796,1081,91,410
1728464357160427000,2423,130,1136,1037,21,576
1728464357161269000,2279,0,1487,960,0,723
1728464357162111000,1820,12,1806,832,0,850
1728464357162953000,1535,54,2099,669,0,939
1728464357163795000,1216,106,2519,522,37,1032
1728464357164637000,893,272,2637,362,131,1103
1728464357165480000,580,494,2670,242,285,1128
1728464357166323000,309,754,2648,148,443,1120
1728464357167169000,114,1088,2568,55,456,1053
1728464357168011000,0,1412,2383,0,608,960
1728464357168853000,0,1760,1944,0,767,847
1728464357169695000,0,2016,1633,0,858,667
1728464357170537000,45,2568,1292,37,921,505
1728464357171380000,253,2829,932,117,967,352
1728464357172223000,508,2951,602,243,976,229
1728464357173065000,788,2850,310,405,936,123
1728464357173908000,1127,2625,90,561,874,31
1728464357174750000,1426,2202,9,699,785,0
1728464357175592000,1733,1849,0,810,669,8
1728464357176434000,1887,1528,21,964,508,34
1728464357177275000,2336,1203,110,1049,367,58
1728464357178118000,2460,861,324,1001,253,128
1728464357178960000,2535,570,569,1088,154,287
1728464357179802000,2497,285,887,1077,79,448
1728464357180650000,2392,82,1236,1033,5,623
1728464357181492000,2064,14,1588,924,0,753
1728464357182334000,1741,4,1897,789,0,881
1728464357183175000,1442,0,2162,626,0,983
1728464357184017000,1121,97,2556,465,53,1061
1728464357184859000,802,304,2650,325,168,1114
1728464357185701000,512,578,2702,206,294,1146
1728464357186544000,250,917,2670,110,427,1145
1728464357187386000,39,1210,2414,42,557,1132
1728464357188228000,0,1537,2020,0,673,1039
1728464357189070000,0,1826,1870,0,794,783
1728464357189912000,0,2056,1560,2,871,618
1728464357190754000,97,2637,1191,43,937,457
1728464357191597000,312,2883,850,151,970,313
1728464357192440000,586,2951,517,284,975,202
1728464357193283000,888,2823,241,448,939,77
1728464357194443000,1216,2542,33,604,864,0
1728464357195284000,1520,2032,0,721,757,0
1728464357196126000,1805,1771,0,837,618,0
1728464357196968000,2002,1596,0,936,469,0
1728464357197810000,2413,1223,110,1044,367,26
1728464357198652000,2539,866,357,1075,226,160
1728464357199495000,2531,486,656,1089,141,331
1728464357200338000,2470,235,980,1064,49,496
1728464357201180000,2354,47,1328,1008,0,662
1728464357202022000,1940,2,1663,893,0,791
1728464357202864000,1671,4,1984,745,0,911
1728464357203706000,1369,0,2293,600,0,997
1728464357204548000,1059,120,2579,440,82,1080
1728464357205390000,795,365,2657,308,187,1131
1728464357206233000,474,642,2676,182,311,1138
1728464357207076000,69,937,2589,154,452,1123
1728464357207613000,0,1282,2481,87,593,1041
1728464357208454000,0,1585,2086,52,709,914
1728464357209296000,0,1881,1789,0,818,746
1728464357210138000,0,2371,1464,0,883,578
1728464357210980000,143,2700,1095,67,949,410
1728464357211823000,385,2912,753,184,967,292
1728464357212666000,654,2924,450,328,965,169
1728464357213509000,969,2756,181,468,908,72
1728464357214351000,1299,2462,10,619,843,0
1728464357215193000,1603,1963,4,767,730,0
1728464357216035000,1862,1664,100,850,594,0
1728464357216877000,2309,1365,96,940,469,14
1728464357217719000,2458,1064,245,1023,341,90
1728464357218562000,2519,717,420,1080,201,235
1728464357219404000,2511,417,743,1088,109,370
1728464357220246000,2443,183,1067,1055,31,535
1728464357221100000,2335,8,1412,977,0,688
1728464357221942000,1866,4,1750,869,0,832
1728464357222784000,1600,1,2036,706,0,914
1728464357223626000,1288,20,2480,550,13,1011
1728464357224468000,970,260,2598,402,122,1088
1728464357225311000,648,465,2663,266,216,1129
1728464357226153000,362,633,2678,141,429,1120
1728464357226996000,123,998,2595,96,548,1081
1728464357227838000,0,1325,2465,34,697,975
1728464357228680000,0,1673,2019,13,746,873
1728464357229522000,0,1955,1715,0,836,706
1728464357230364000,18,2476,1376,5,898,537
1728464357231206000,201,2773,1017,96,965,383
1728464357232049000,453,2932,677,213,971,253
1728464357232892000,743,2887,378,372,951,133
1728464357233735000,1071,2689,133,525,891,50
1728464357234586000,1377,2360,0,668,805,0
1728464357235428000,1638,1891,0,789,696,1
1728464357236269000,1858,1600,18,922,537,31
1728464357237111000,2309,1279,69,1015,393,53
1728464357237953000,2453,944,242,975,290,109
1728464357238796000,2529,633,501,1088,177,250
1728464357239638000,2497,348,828,1085,93,417
1728464357240481000,2417,119,1145,1037,13,581
1728464357241323000,2279,10,1496,953,0,727
1728464357242164000,1800,1,1831,832,0,858
1728464357243006000,1504,2,2119,664,0,960
1728464357243848000,1201,64,2525,506,41,1047
1728464357244690000,869,254,2674,357,146,1112
1728464357245533000,576,518,2712,234,253,1139
1728464357246375000,295,825,2543,128,389,1205
1728464357247217000,68,1165,2576,50,535,1159
1728464357248062000,0,1481,2283,2,645,1059
1728464357248904000,0,1761,1948,4,761,822
1728464357249746000,0,2025,1636,5,856,658
1728464357250588000,65,2574,1278,26,923,490
1728464357251431000,260,2841,927,123,964,339
1728464357252274000,521,2948,592,253,975,224
1728464357253117000,821,2863,308,416,950,90
1728464357253960000,1161,2605,69,576,893,26
1728464357254802000,1472,2144,5,700,786,0
1728464357255644000,1753,1823,4,817,663,0
1728464357256486000,2017,1564,0,895,576,0
1728464357257328000,2382,1088,77,974,434,27
1728464357258170000,2467,799,293,1064,306,132
1728464357259012000,2528,549,578,1088,157,299
1728464357259855000,2494,282,905,1078,64,458
1728464357260697000,2375,71,1240,1020,10,624
1728464357261540000,2028,13,1575,913,1,768
1728464357262382000,1734,10,1906,784,0,883
1728464357263224000,1511,0,2172,628,0,978
1728464357264066000,1185,94,2548,458,54,1065
1728464357264908000,824,320,2656,352,164,1116
1728464357265751000,442,570,2675,234,292,1142
1728464357266593000,177,897,2656,149,431,1113
1728464357267435000,0,1228,2531,0,576,1024
1728464357268277000,0,1530,2127,0,702,933
1728464357269119000,0,1839,1858,0,789,782
1728464357269961000,0,2086,1542,0,876,610
1728464357270803000,106,2652,1167,53,938,451
1728464357271646000,330,2880,824,157,960,305
1728464357272489000,597,2932,505,301,967,192
1728464357273332000,914,2809,240,450,927,84
1728464357274174000,1234,2528,26,594,856,13
1728464357275019000,1532,2012,1,715,753,0
1728464357275861000,1823,1743,0,840,608,57
1728464357276703000,2065,1479,57,930,474,0
1728464357277544000,2428,1092,53,1003,327,158
1728464357278386000,2519,777,369,1070,224,202
1728464357279228000,2529,468,666,1089,130,336
1728464357280070000,2463,211,996,1060,42,505
1728464357280912000,2348,31,1344,997,0,660
1728464357281754000,1930,0,1682,888,0,800
1728464357282596000,1650,37,1990,736,0,912
1728464357283438000,1354,55,2447,586,16,992
1728464357284280000,1030,206,2575,426,94,1082
1728464357285122000,719,394,2664,291,230,1120
1728464357285965000,411,612,2671,200,386,1130
1728464357286807000,209,949,2607,81,405,1094
1728464357287649000,6,1292,2496,9,554,1007
1728464357288519000,0,1612,2069,4,724,897
1728464357289361000,0,1904,1773,0,816,743
1728464357290203000,0,2397,1444,0,895,568
1728464357291045000,159,2727,1073,74,953,416
1728464357291888000,395,2915,744,188,968,274
1728464357292731000,648,2918,421,346,966,168
1728464357293574000,987,2736,176,469,905,47
1728464357294416000,1324,2446,0,636,822,5
1728464357295257000,1603,1949,5,759,722,0
1728464357296099000,1837,1668,21,890,568,0
1728464357296941000,2299,1359,32,884,433,0
1728464357297783000,2439,1020,177,990,302,130
1728464357298626000,2530,697,450,1072,192,217
1728464357299469000,2509,401,748,1093,105,380
1728464357300311000,2440,167,1075,1049,42,546
1728464357301152000,2319,5,1425,973,0,698
1728464357301986000,1858,0,1767,862,0,832
1728464357302828000,1577,0,2129,704,0,939
1728464357303670000,1273,21,2572,549,28,1021
1728464357304512000,936,204,2668,391,118,1106
1728464357305355000,631,457,2695,258,226,1183
1728464357306198000,357,765,2588,151,373,1207
1728464357307040000,133,1060,2536,90,540,1152
1728464357307882000,0,1396,2419,0,653,1062
1728464357308724000,0,1699,1999,1,749,860
1728464357309566000,0,1964,1688,5,850,692
1728464357310408000,30,2496,1354,13,906,529
1728464357311250000,212,2790,999,96,953,373
1728464357312093000,461,2941,651,218,975,258
1728464357312936000,767,2895,357,377,953,117
1728464357313779000,1080,2666,105,518,903,47
1728464357314621000,1407,2335,2,670,799,0
1728464357315465000,1688,1884,2,792,690,10
1728464357316307000,1970,1538,0,911,595,0
1728464357317149000,2402,1235,47,1000,399,16
1728464357317991000,2496,895,254,1053,325,130
1728464357318833000,2524,624,510,1076,174,269
1728464357319675000,2511,336,832,1082,90,420
1728464357320517000,2415,114,1163,1047,26,596
1728464357321359000,2240,26,1518,942,0,740
1728464357322201000,1791,15,1842,820,0,861
1728464357323043000,1577,0,2137,668,0,956
1728464357323885000,1250,64,2528,500,43,1054
1728464357324727000,912,265,2633,386,138,1108
1728464357325570000,529,521,2673,266,265,1147
1728464357326412000,239,832,2670,162,406,1103
1728464357327254000,26,1148,2543,18,544,1064
1728464357328096000,0,1474,2295,0,674,960
1728464357328956000,0,1761,1924,2,763,816
1728464357329798000,0,2018,1607,0,864,649
1728464357330640000,69,2590,1258,32,930,488
1728464357331483000,277,2845,912,126,965,335
1728464357332326000,539,2951,572,260,973,220
1728464357333169000,855,2849,295,419,956,102
1728464357334012000,1172,2593,57,569,885,30
1728464357334854000,1473,2123,13,687,779,0
1728464357335696000,1768,1815,0,811,637,64
1728464357336537000,2016,1485,0,909,506,53
1728464357337379000,2401,1175,21,992,383,136
1728464357338221000,2499,857,322,1054,254,164
1728464357339063000,2525,535,590,1089,149,306
1728464357339905000,2496,271,917,1077,71,466
1728464357340747000,2378,69,1259,1022,2,638
1728464357341589000,1996,2,1615,919,0,775
1728464357342427000,1715,9,1918,777,0,882
1728464357343269000,1436,18,2170,622,0,969
1728464357344111000,1088,176,2559,457,64,1063
1728464357344953000,778,370,2648,320,169,1120
1728464357345795000,522,674,2666,199,312,1103
1728464357346638000,225,851,2620,93,523,1095
1728464357347480000,27,1189,2532,55,624,1032
1728464357348322000,0,1546,2139,0,698,930
1728464357349164000,0,1840,1838,5,802,774
1728464357350006000,0,2120,1532,0,877,613
1728464357350848000,122,2676,1174,55,946,440
1728464357351691000,335,2887,817,154,972,309
1728464357352534000,610,2936,503,305,952,178
1728464357353377000,931,2797,226,459,935,87
1728464357354219000,1231,2505,34,614,850,10
1728464357355061000,1541,1995,5,743,750,2
1728464357355918000,1749,1732,0,897,609,43
1728464357356760000,2058,1422,17,992,450,30
1728464357357602000,2392,1070,186,1058,312,90
1728464357358444000,2508,757,377,1069,226,192
1728464357359286000,2530,458,672,1090,133,342
1728464357360128000,2467,202,1002,1068,56,514
1728464357360970000,2335,23,1354,987,0,673
1728464357361812000,1916,10,1692,884,0,797
1728464357362654000,1635,2,2000,729,0,924
1728464357363496000,1336,9,2462,568,10,1023
1728464357364338000,1018,166,2655,416,98,1088
1728464357365180000,696,400,2699,296,202,1130
1728464357366023000,413,685,2579,164,341,1216
1728464357366866000,178,1010,2563,77,512,1153
1728464357367708000,26,1347,2465,2,621,1055
1728464357368550000,0,1635,2060,14,727,883
1728464357369394000,0,1911,1765,4,825,736
1728464357370236000,0,2428,1421,0,901,570
1728464357371078000,170,2743,1067,78,960,397
1728464357371921000,404,2930,722,199,971,274
1728464357372764000,704,2911,407,345,966,142
1728464357373607000,1014,2727,149,503,918,66
1728464357374449000,1346,2405,0,647,821,0
1728464357375291000,1630,1923,0,768,709,0
1728464357376133000,1931,1614,0,873,490,0
1728464357376975000,2322,1285,9,970,489,15
1728464357377816000,2478,954,207,1056,343,88
1728464357378659000,2520,667,457,1083,194,226
1728464357379501000,2521,386,770,1088,101,383
1728464357380343000,2433,158,1103,1051,32,567
1728464357381185000,2308,0,1444,963,0,711
1728464357382027000,1849,5,1781,852,0,832
1728464357382877000,1638,0,2083,692,0,948
1728464357383719000,1311,37,2503,528,25,1037
1728464357384561000,975,218,2620,388,118,1100
1728464357385403000,597,458,2676,285,237,1137
1728464357386246000,301,768,2691,172,375,1140
1728464357387088000,69,1090,2567,28,519,1095
1728464357387930000,0,1422,2446,0,645,986
1728464357388772000,0,1703,1984,10,747,843
1728464357389614000,0,1987,1674,1,847,693
1728464357390456000,34,2518,1333,21,916,524
1728464357391298000,229,2805,972,109,960,365
1728464357392141000,480,2936,632,242,975,235
1728464357392984000,781,2885,329,381,945,122
1728464357393827000,1108,2674,89,541,902,41
1728464357394669000,1429,2313,4,674,806,0
1728464357395510000,1703,1870,0,799,676,45
1728464357396360000,1967,1566,0,889,538,77
1728464357397202000,2376,1267,0,984,410,109
1728464357398044000,2498,922,251,1048,271,170
1728464357398886000,2533,593,533,1089,170,270
1728464357399728000,2498,333,862,1075,79,444
1728464357400570000,2410,114,1194,1032,21,601
1728464357401411000,2176,5,1546,946,0,745
1728464357402253000,1778,9,1861,813,0,864
1728464357403095000,1487,66,2147,651,0,953
1728464357403937000,1170,129,2543,491,50,1044
1728464357404779000,847,298,2641,348,151,1115
1728464357405622000,525,462,2677,215,342,1109
1728464357406464000,292,805,2636,137,463,1116
1728464357407306000,71,1145,2547,38,511,1049
1728464357408148000,0,1475,2242,14,676,952
1728464357408990000,0,1776,1893,2,785,807
1728464357409838000,0,2042,1586,0,864,642
1728464357410680000,71,2591,1239,34,917,478
1728464357411523000,288,2854,885,130,962,337
1728464357412366000,557,2917,567,271,965,207
1728464357413208000,845,2832,269,425,932,110
1728464357414051000,1175,2590,65,576,869,26
1728464357414893000,1468,2090,11,712,772,0
1728464357415735000,1708,1784,25,857,631,0
1728464357416577000,2001,1500,5,876,477,0
1728464357417419000,2380,1161,98,947,353,45
1728464357418261000,2503,836,330,1056,244,159
1728464357419104000,2528,527,610,1089,148,302
1728464357419946000,2480,255,929,1077,66,481
1728464357420788000,2371,65,1276,1013,0,637
1728464357421630000,1961,1,1619,913,0,770
1728464357422472000,1698,2,1994,764,0,894
1728464357423321000,1399,1,2240,609,0,1000
1728464357424163000,1076,116,2585,450,69,1077
1728464357425006000,761,330,2648,313,173,1157
1728464357425849000,466,601,2624,188,330,1197
1728464357426691000,267,949,2597,98,463,1040
1728464357427533000,65,1266,2510,33,569,976
1728464357428375000,0,1543,2127,0,704,919
1728464357429217000,0,1851,1826,0,803,769
1728464357430059000,0,2144,1518,0,875,599
1728464357430901000,121,2676,1151,64,940,439
1728464357431744000,352,2894,796,162,972,298
1728464357432587000,631,2915,487,320,966,182
1728464357433430000,948,2766,209,458,916,79
1728464357434272000,1271,2499,36,616,843,5
1728464357435114000,1562,1990,4,744,744,0
1728464357435956000,1869,1690,0,832,551,0
1728464357436798000,2298,1396,2,926,395,0
1728464357437640000,2436,1050,165,1034,279,71
1728464357438482000,2520,745,389,1068,226,204
1728464357439325000,2521,455,692,1088,126,350
1728464357440167000,2460,198,1023,1065,50,522
1728464357441009000,2339,23,1372,988,0,679
1728464357441851000,1909,4,1707,877,0,801
1728464357442692000,1617,0,2009,775,0,924
1728464357443534000,1294,0,2470,610,11,1018
1728464357444376000,982,166,2604,437,98,1090
1728464357445218000,677,409,2663,293,213,1140
1728464357446061000,370,704,2656,144,340,1154
1728464357446904000,137,1057,2624,64,485,1105
1728464357447746000,0,1358,2499,0,619,1034
1728464357448587000,0,1648,2045,0,729,889
1728464357449429000,0,1931,1744,0,834,718
1728464357450281000,0,2433,1421,9,893,550
1728464357451123000,178,2752,1065,78,945,402
1728464357451966000,418,2930,718,206,973,272
1728464357452809000,704,2912,413,343,973,153
1728464357453652000,1019,2726,162,511,912,49
1728464357454493000,1357,2383,0,645,825,0
1728464357455335000,1639,1917,0,759,693,64
1728464357456177000,1904,1627,0,864,555,69
1728464357457019000,2336,1293,0,963,410,101
1728464357457861000,2467,984,204,1020,296,146
1728464357458704000,2524,663,477,1081,194,245
1728464357459546000,2516,366,773,1088,105,394
1728464357460387000,2425,145,1111,1051,23,560
1728464357461229000,2293,0,1468,962,0,707
1728464357462071000,1836,1,1783,838,0,842
1728464357462913000,1551,3,2069,675,0,935
1728464357463858000,1234,43,2503,523,31,1015
1728464357464700000,919,285,2619,381,117,1099
1728464357465543000,633,534,2657,234,281,1112
1728464357466385000,322,704,2659,136,461,1116
1728464357467227000,114,1064,2573,90,576,1071
1728464357468069000,0,1431,2444,11,660,975
1728464357468911000,0,1721,1963,4,761,845
1728464357469753000,0,1998,1659,0,842,679
1728464357470595000,41,2536,1315,25,906,509
1728464357471438000,238,2814,952,110,962,362
1728464357472281000,501,2936,626,242,960,232
1728464357473124000,773,2855,320,398,945,128
1728464357473966000,1109,2633,106,562,878,42
1728464357474808000,1409,2279,17,682,798,0
1728464357475650000,1668,1856,1,802,661,0
1728464357476492000,1929,1552,20,832,513,0
1728464357477246000,2352,1225,74,929,375,18
1728464357478088000,2484,889,276,1045,273,137
1728464357478931000,2536,588,550,1082,167,277
1728464357479773000,2496,301,867,1082,82,436
1728464357480615000,2397,90,1207,1029,7,608
1728464357481457000,2125,16,1562,936,0,740
1728464357482299000,1759,4,1956,799,0,880
1728464357483141000,1461,0,2215,633,0,975
1728464357483983000,1145,85,2588,481,53,1052
1728464357484825000,832,279,2643,344,154,1111
1728464357485667000,530,549,2584,205,274,1216
1728464357486510000,276,855,2608,114,452,1164
1728464357487352000,104,1195,2524,37,551,1000
1728464357488194000,0,1504,2208,5,682,942
1728464357489036000,0,1795,1888,5,788,804
1728464357489878000,0,2045,1580,0,865,637
1728464357490724000,79,2617,1226,38,929,466
1728464357491567000,296,2871,864,133,969,329
1728464357492410000,570,2945,532,276,975,197
1728464357493253000,886,2834,257,434,938,100
1728464357494096000,1206,2560,56,594,850,9
1728464357494937000,1504,2071,18,715,772,0
1728464357495778000,1805,1728,0,827,549,0
1728464357496620000,2051,1435,0,930,427,0
1728464357497462000,2416,1117,106,985,290,42
1728464357498304000,2510,811,343,1062,242,170
1728464357499146000,2527,516,629,1088,133,322
1728464357499989000,2474,245,961,1063,64,482
1728464357500831000,2366,57,1296,1010,0,645
1728464357501672000,1961,5,1640,903,0,775
1728464357502514000,1752,2,1950,762,0,894
1728464357503356000,1444,0,2211,615,0,992
1728464357504216000,1116,122,2575,481,66,1082
1728464357505058000,729,341,2659,320,180,1127
1728464357505901000,401,624,2673,133,313,1125
1728464357506743000,153,938,2609,68,455,1116
1728464357507585000,0,1269,2516,21,594,1045
1728464357508427000,0,1572,2101,0,708,919
1728464357509269000,0,1871,1819,4,812,754
1728464357510111000,0,2275,1488,4,887,598
1728464357510953000,149,2684,1125,58,949,431
1728464357511796000,356,2900,779,168,967,295
1728464357512639000,648,2920,463,305,975,178
1728464357513481000,952,2781,202,469,933,69
1728464357514323000,1291,2474,1,622,842,0
1728464357515165000,1578,1986,0,736,730,49
1728464357516007000,1856,1690,0,842,584,72
1728464357516849000,2305,1381,0,945,449,82
1728464357517690000,2460,1060,137,1017,335,130
1728464357518532000,2513,740,413,1072,210,209
1728464357519374000,2520,439,704,1084,122,366
1728464357520216000,2455,190,1040,1061,34,526
1728464357521058000,2322,9,1394,986,0,686
1728464357521900000,1889,5,1716,871,0,817
1728464357522742000,1615,66,2028,719,0,914
1728464357523584000,1302,66,2479,566,19,1011
1728464357524426000,993,209,2591,407,134,1093
1728464357525269000,668,363,2661,276,266,1116
1728464357526111000,386,650,2664,183,398,1120
1728464357526953000,165,1001,2596,65,437,1095
1728464357527795000,0,1349,2482,18,632,1005
1728464357528637000,0,1655,2030,8,741,877
1728464357529479000,0,1931,1742,0,824,712
1728464357530321000,0,2457,1401,5,901,555
1728464357531167000,197,2765,1029,79,967,394
1728464357532010000,429,2917,689,220,970,245
1728464357532853000,712,2901,407,347,957,149
1728464357533696000,1029,2687,138,506,901,50
1728464357534538000,1370,2383,0,647,832,0
1728464357535380000,1633,1928,0,734,704,36
1728464357536222000,1889,1634,0,832,549,0
1728464357537063000,2329,1313,23,933,409,42
1728464357537905000,2482,974,218,1039,309,110
1728464357538747000,2528,658,483,1088,186,242
1728464357539590000,2510,373,797,1082,98,406
1728464357540432000,2423,143,1124,1047,18,565
1728464357541274000,2292,0,1479,961,0,714
1728464357542116000,1816,0,1872,839,0,850
1728464357542957000,1526,0,2137,668,0,956
1728464357543799000,1221,49,2544,517,41,1034
1728464357544652000,901,226,2631,378,133,1139
1728464357545494000,586,474,2596,237,248,1207
1728464357546337000,343,805,2634,130,410,1150
1728464357547179000,146,1123,2558,53,514,1022
1728464357548021000,0,1448,2424,10,663,974
1728464357548862000,0,1733,1965,8,762,835
1728464357549704000,0,2001,1648,0,854,671
1728464357550546000,57,2546,1304,26,914,502
1728464357551389000,249,2823,945,116,963,362
1728464357552232000,512,2930,609,245,969,219
1728464357553075000,808,2856,324,411,952,116
1728464357553918000,1130,2632,84,552,890,45
1728464357554759000,1454,2251,4,693,791,0
1728464357555601000,1753,1792,0,799,596,0
1728464357556443000,2004,1500,5,894,460,0
1728464357557285000,2359,1190,69,976,336,18
1728464357558132000,2496,884,277,1048,274,143
1728464357558975000,2527,568,562,1088,153,282
1728464357559817000,2482,292,887,1075,77,450
1728464357560659000,2393,93,1205,1020,20,615
1728464357561501000,2096,18,1560,926,0,747
1728464357562343000,1712,0,1885,837,0,871
1728464357563185000,1432,0,2158,668,0,978
1728464357564027000,1130,96,2544,494,52,1064
1728464357564869000,796,292,2652,335,154,1117
1728464357565711000,450,566,2691,240,279,1138
1728464357566552000,210,873,2624,69,418,1112
1728464357567394000,1,1193,2524,10,565,1061
1728464357568236000,0,1516,2173,0,690,941
1728464357569078000,0,1813,1877,2,778,791
1728464357569920000,0,2047,1566,0,873,623
1728464357570762000,98,2639,1203,42,938,465
1728464357571615000,312,2876,852,146,972,314
1728464357572458000,577,2926,527,294,969,197
1728464357573301000,886,2824,253,434,936,91
1728464357574143000,1224,2544,40,591,872,16
1728464357574985000,1515,2035,0,709,757,49
1728464357575827000,1800,1741,0,832,616,64
1728464357576669000,2033,1431,0,917,497,53
1728464357577511000,2428,1126,90,1005,345,106
1728464357578353000,2506,802,362,1064,233,174
1728464357579195000,2521,495,647,1089,137,330
1728464357580037000,2471,232,972,1065,47,487
1728464357580879000,2368,37,1315,997,0,656
1728464357581721000,1943,4,1663,890,0,791
1728464357582563000,1663,26,1963,748,37,887
1728464357583405000,1376,0,2258,601,64,992
1728464357584247000,1051,126,2573,432,105,1088
1728464357585097000,722,320,2659,298,236,1111
1728464357585939000,477,607,2665,178,253,1127
1728464357586781000,207,932,2612,89,426,1094
1728464357587623000,36,1288,2511,30,603,1030
1728464357588465000,0,1591,2084,0,724,903
1728464357589307000,0,1886,1794,5,802,746
1728464357590149000,0,2363,1472,9,893,581
1728464357590991000,146,2716,1109,64,951,429
1728464357591834000,341,2903,750,181,973,279
1728464357592677000,649,2908,449,327,961,166
1728464357593520000,967,2759,194,480,922,65
1728464357594362000,1298,2467,2,614,841,4
1728464357595204000,1575,1959,0,707,729,21
1728464357596045000,1836,1695,0,824,570,17
1728464357596887000,2297,1381,0,914,441,33
1728464357597729000,2448,1046,181,1023,322,90
1728464357598579000,2520,719,433,1070,206,204
1728464357599421000,2509,425,725,1088,109,370
1728464357600264000,2455,183,1056,1055,34,529
1728464357601106000,2326,18,1408,984,0,690
1728464357601947000,1875,9,1806,864,0,832
1728464357602789000,1601,1,2097,709,0,932
1728464357603630000,1290,13,2511,561,26,1016
1728464357604472000,964,180,2630,405,105,1144
1728464357605315000,658,429,2616,258,234,1208
1728464357606158000,440,738,2640,165,388,1070
1728464357607000000,193,1061,2577,74,537,1049
1728464357607841000,0,1372,2473,14,624,999
1728464357608683000,0,1669,2019,4,744,879
1728464357609525000,0,1946,1706,0,843,706
1728464357610367000,23,2459,1372,8,900,533
1728464357611209000,192,2776,1021,89,960,389
1728464357612066000,453,2936,674,207,965,253
1728464357612909000,743,2887,383,369,962,130
1728464357613752000,1062,2688,122,516,890,45
1728464357614594000,1387,2369,0,656,816,0
1728464357615436000,1702,1858,0,785,615,0
1728464357616278000,1973,1568,0,880,489,0
1728464357617120000,2362,1267,46,966,362,18
1728464357617962000,2479,953,239,1042,292,120
1728464357618805000,2528,644,501,1075,179,262
1728464357619647000,2509,357,810,1088,98,407
1728464357620489000,2418,122,1139,1050,29,580
1728464357621331000,2279,13,1498,954,0,725
1728464357622173000,1820,9,1820,873,0,853
1728464357623015000,1506,0,2112,727,0,953
1728464357623857000,1198,53,2520,540,34,1047
1728464357624699000,869,237,2639,381,129,1117
1728464357625540000,538,504,2678,173,254,1123
1728464357626383000,282,805,2639,114,405,1144
1728464357627225000,64,1149,2580,53,545,1091
1728464357628067000,0,1452,2416,2,657,974
1728464357628909000,0,1748,1943,4,765,825
1728464357629751000,0,2000,1623,0,856,657
1728464357630593000,64,2564,1288,22,919,501
1728464357631436000,254,2834,938,122,962,352
1728464357632279000,526,2944,603,246,965,226
1728464357633122000,832,2862,299,410,956,113
1728464357633965000,1153,2620,68,570,891,21
1728464357634807000,1472,2224,0,683,786,0
1728464357635649000,1777,1837,0,801,640,0
1728464357636491000,2048,1536,0,914,550,42
1728464357637332000,2421,1221,47,989,377,0
1728464357638175000,2492,878,308,1052,258,154
1728464357639024000,2528,562,576,1083,161,301
1728464357639866000,2497,290,890,1076,79,452
1728464357640708000,2390,75,1229,1029,7,618
1728464357641550000,2046,16,1592,918,0,767
1728464357642392000,1739,58,1896,790,0,868
1728464357643233000,1442,30,2163,631,0,969
1728464357644075000,1122,132,2550,463,57,1064
1728464357644917000,807,254,2652,320,217,1101
1728464357645760000,488,520,2669,221,354,1130
1728464357646602000,270,867,2635,108,366,1108
1728464357647444000,37,1216,2543,42,553,1053
1728464357648286000,0,1532,2163,0,691,934
1728464357649128000,0,1826,1871,8,787,779
1728464357649970000,0,2067,1553,1,877,608
1728464357650812000,111,2646,1191,46,933,459
1728464357651655000,325,2883,850,148,954,311
1728464357652510000,568,2929,522,302,967,194
1728464357653353000,910,2796,245,426,933,71
1728464357654195000,1225,2529,45,590,864,15
1728464357655036000,1485,2017,0,657,749,0
1728464357655878000,1777,1744,1,765,616,0
1728464357656720000,2057,1447,0,885,480,0
1728464357657562000,2413,1101,128,1013,343,65
1728464357658404000,2511,781,368,1065,225,183
1728464357659247000,2528,470,651,1091,133,335
1728464357660089000,2465,218,972,1058,57,497
1728464357660930000,2351,49,1328,1001,0,653
1728464357661772000,1922,5,1740,894,0,796
1728464357662614000,1651,0,2044,738,0,909
1728464357663456000,1359,2,2348,590,5,1006
1728464357664298000,1035,143,2610,434,87,1089
1728464357665140000,736,400,2690,287,183,1218
1728464357665989000,429,650,2631,180,348,1208
1728464357666832000,224,994,2575,82,490,1015
1728464357667674000,11,1315,2498,21,597,1016
1728464357668516000,0,1601,2079,16,720,896
1728464357669358000,0,1898,1782,0,821,742
1728464357670200000,0,2395,1451,0,890,590
1728464357671042000,156,2732,1098,71,954,421
1728464357671885000,395,2915,753,199,966,267
1728464357672728000,677,2904,450,327,962,160
1728464357673571000,993,2716,165,490,921,68
1728464357674413000,1312,2441,0,632,837,0
1728464357675255000,1626,1893,0,769,685,0
1728464357676097000,1904,1623,0,869,514,0
1728464357676939000,2358,1327,0,944,354,2
1728464357677781000,2465,1016,192,1035,324,92
1728464357678624000,2521,697,444,1072,194,222
1728464357679465000,2512,400,741,1088,107,377
1728464357680307000,2443,162,1072,1052,42,537
1728464357681149000,2317,1,1431,975,0,693
1728464357681991000,1827,0,1768,895,0,837
1728464357682833000,1559,0,2062,724,0,938
1728464357683675000,1263,33,2496,560,18,1032
1728464357684517000,939,194,2622,389,117,1102
1728464357685360000,609,458,2668,234,213,1164
1728464357686202000,334,794,2687,141,376,1128
1728464357687044000,114,1068,2575,64,518,1082
1728464357687886000,0,1397,2463,10,641,989
1728464357688728000,0,1682,1999,18,747,858
1728464357689570000,0,1966,1694,0,844,700
1728464357690412000,26,2496,1352,10,904,535
1728464357691254000,205,2791,1001,101,965,378
1728464357692097000,461,2936,632,226,962,245
1728464357692950000,750,2885,358,372,960,132
1728464357693793000,1081,2676,109,525,895,42
1728464357694635000,1399,2359,0,668,807,0
1728464357695477000,1700,1888,0,794,674,0
1728464357696318000,2004,1601,0,882,533,0
1728464357697160000,2377,1291,26,974,397,0
1728464357698002000,2487,937,250,1041,286,122
1728464357698845000,2521,619,521,1088,167,265
1728464357699687000,2499,341,843,1088,92,426
1728464357700529000,2416,132,1160,1038,23,598
1728464357701371000,2264,10,1521,942,0,738
1728464357702212000,1787,0,1839,826,26,852
1728464357703054000,1507,0,2127,670,30,954
1728464357703896000,1198,66,2530,499,57,1055
1728464357704738000,866,226,2641,357,101,1106
1728464357705580000,690,489,2676,240,232,1122
1728464357706430000,377,806,2667,138,394,1109
1728464357707272000,129,1137,2553,58,539,1068
1728464357708113000,0,1456,2311,2,669,963
1728464357708955000,0,1760,1920,8,766,814
1728464357709797000,0,2022,1603,0,860,650
1728464357710639000,64,2573,1252,23,923,490
1728464357711482000,269,2838,910,125,968,335
1728464357712325000,530,2921,576,261,973,213
1728464357713168000,832,2834,300,394,938,114
1728464357714010000,1154,2624,74,555,888,36
1728464357714852000,1448,2151,0,661,784,16
1728464357715694000,1734,1818,0,792,638,10
1728464357716536000,2020,1528,0,881,494,18
1728464357717378000,2396,1197,92,992,372,50
1728464357718220000,2502,858,320,1058,245,154
1728464357719062000,2520,538,587,1088,150,298
1728464357719918000,2483,281,901,1071,72,469
1728464357720760000,2383,74,1249,1022,0,622
1728464357721602000,2011,5,1662,919,0,767
1728464357722444000,1714,2,1955,774,0,885
1728464357723286000,1423,4,2187,631,0,984
1728464357724128000,1095,97,2599,467,65,1069
1728464357724970000,784,330,2540,314,149,1217
1728464357725813000,490,591,2629,194,322,1186
1728464357726655000,289,916,2598,101,463,1048
1728464357727497000,29,1229,2529,36,565,1041
1728464357728339000,0,1532,2144,2,697,924
1728464357729181000,0,1827,1847,0,810,777
1728464357730023000,0,2080,1538,4,869,609
1728464357730865000,104,2657,1191,46,933,453
1728464357731708000,341,2895,810,160,962,305
1728464357732551000,608,2917,504,290,965,164
1728464357733398000,928,2803,226,456,936,89
1728464357734241000,1247,2497,23,604,861,2
1728464357735083000,1559,1970,0,722,689,0
1728464357735925000,1827,1689,0,826,552,0
1728464357736767000,2094,1416,0,926,423,0
1728464357737609000,2442,1098,137,1018,341,69
1728464357738451000,2511,767,377,1061,220,189
1728464357739293000,2511,474,674,1088,132,344
1728464357740136000,2455,218,989,1057,50,509
1728464357740978000,2348,32,1347,998,0,660
1728464357741820000,1890,0,1688,923,0,794
1728464357742662000,1632,0,1986,788,0,917
1728464357743503000,1319,0,2444,614,2,1012
1728464357744345000,994,149,2591,441,79,1083
1728464357745187000,644,378,2676,320,199,1114
1728464357746029000,378,677,2656,130,338,1120
1728464357746880000,148,993,2612,75,481,1124
1728464357747722000,0,1325,2503,20,613,1021
1728464357748564000,0,1627,2064,5,722,891
1728464357749406000,0,1904,1765,2,821,730
1728464357750248000,0,2405,1437,0,889,569
1728464357751090000,165,2741,1088,77,943,409
1728464357751933000,393,2912,736,193,980,277
1728464357752776000,687,2914,429,338,964,154
1728464357753619000,997,2732,159,505,919,65
1728464357754461000,1331,2426,0,635,842,20
1728464357755302000,1623,1913,0,757,706,64
1728464357756144000,1898,1632,0,865,592,64
1728464357756986000,2334,1328,0,948,445,84
1728464357757828000,2459,1003,202,1032,298,93
1728464357758670000,2528,679,448,1077,202,232
1728464357759512000,2515,391,754,1080,110,392
1728464357760364000,2432,156,1094,1056,34,562
1728464357761206000,2304,0,1441,968,0,704
1728464357762048000,1856,74,1753,837,0,824
1728464357762890000,1570,51,2055,691,0,923
1728464357763732000,1262,68,2498,543,30,1022
1728464357764574000,937,155,2608,380,151,1088
1728464357765416000,588,386,2663,261,287,1124
1728464357766259000,364,736,2663,133,322,1124
1728464357767102000,178,1064,2588,79,501,1082
1728464357767944000,0,1411,2455,10,645,987
1728464357768786000,0,1700,1984,0,752,857
1728464357769628000,0,1983,1674,1,850,685
1728464357770470000,27,2502,1326,14,907,517
1728464357771313000,220,2800,983,110,953,368
1728464357772156000,462,2920,654,234,967,250
1728464357772999000,781,2871,353,373,947,122
1728464357773843000,1066,2652,119,543,896,49
1728464357774685000,1387,2336,18,661,808,5
1728464357775527000,1687,1925,26,778,679,0
1728464357776369000,1955,1623,2,887,547,0
1728464357777211000,2368,1258,53,981,399,32
1728464357778053000,2483,918,266,1048,269,130
1728464357778895000,2521,595,527,1081,170,267
1728464357779737000,2504,324,842,1074,81,434
1728464357780579000,2400,109,1186,1040,14,591
1728464357781421000,2216,4,1560,943,0,806
1728464357782263000,1781,9,1834,800,0,937
1728464357783105000,1498,1,2115,650,0,1021
1728464357783947000,1170,64,2528,506,45,1088
1728464357784789000,893,286,2614,346,166,1153
1728464357785631000,602,553,2659,218,272,1088
1728464357786473000,269,943,2648,135,425,1081
1728464357787449000,66,1168,2556,57,553,1058
1728464357788291000,0,1479,2256,9,676,952
1728464357789133000,0,1780,1898,0,782,817
1728464357789975000,0,2038,1594,0,857,644
1728464357790817000,58,2591,1249,34,924,482
1728464357791660000,289,2836,885,116,961,324
1728464357792503000,550,2928,562,274,970,207
1728464357793346000,857,2829,267,418,929,106
1728464357794189000,1176,2600,69,578,878,14
1728464357795031000,1570,2100,58,728,746,0
1728464357795873000,1888,1773,11,821,602,0
1728464357796714000,2137,1493,42,930,472,0
1728464357797556000,2412,1169,101,1007,366,50
1728464357798398000,2504,842,330,1052,244,165
1728464357799241000,2520,532,611,1086,146,314
1728464357800083000,2480,267,928,1067,73,476
1728464357800807000,2376,64,1275,1026,0,626
1728464357801649000,1948,0,1623,945,0,773
1728464357802490000,1682,5,1928,778,0,896
1728464357803332000,1392,0,2184,642,0,990
1728464357804174000,1068,98,2573,454,64,1075
1728464357805016000,741,330,2639,285,184,1145
1728464357805859000,460,657,2677,192,309,1121
1728464357806702000,213,893,2713,88,477,1113
1728464357807544000,21,1248,2528,33,580,1039
1728464357808385000,0,1551,2112,0,706,913
1728464357809227000,0,1850,1838,2,804,770
1728464357810069000,0,2112,1502,0,881,608
1728464357810911000,130,2668,1146,57,939,438
1728464357811753000,330,2888,802,170,971,301
1728464357812596000,619,2932,484,301,962,175
1728464357813439000,917,2765,207,460,928,78
1728464357814287000,1269,2510,18,602,847,0
1728464357815129000,1630,2015,0,732,750,0
1728464357815971000,1906,1723,0,839,597,0
1728464357816813000,2189,1431,0,935,448,0
1728464357817655000,2443,1086,158,1021,330,69
1728464357818498000,2508,749,389,1068,224,201
1728464357819340000,2521,457,701,1081,119,358
1728464357820182000,2453,218,1020,1063,45,526
1728464357821024000,2352,13,1362,997,4,674
1728464357821866000,1906,0,1690,876,52,802
1728464357822708000,1632,0,2008,728,38,906
1728464357823550000,1325,0,2464,582,52,1011
1728464357824392000,1007,130,2598,418,130,1088
1728464357825234000,710,352,2675,293,146,1123
1728464357826077000,519,661,2681,165,303,1130
1728464357826920000,245,999,2616,92,471,1088
1728464357827822000,0,1330,2488,20,629,1008
1728464357828664000,0,1632,2051,4,728,887
1728464357829506000,0,1913,1759,0,824,723
1728464357830348000,0,2416,1423,2,890,560
1728464357831190000,183,2744,1063,71,951,402
1728464357832033000,394,2900,727,207,966,274
1728464357832876000,697,2902,430,325,956,153
1728464357833719000,1016,2727,165,506,913,56
1728464357834561000,1332,2428,0,629,832,0
1728464357835403000,1621,1953,0,759,700,0
1728464357836245000,1888,1654,3,864,561,0
1728464357837087000,2341,1332,11,964,426,17
1728464357837928000,2471,992,207,1031,303,100
1728464357838770000,2515,673,463,1082,192,242
1728464357839612000,2506,378,768,1080,105,398
1728464357840454000,2431,154,1095,1053,34,559
1728464357841247000,2315,0,1449,975,0,756
1728464357842089000,1831,5,1756,837,0,901
1728464357842931000,1552,4,2063,688,0,1000
1728464357843773000,1239,31,2502,535,27,1077
1728464357844615000,920,206,2578,370,144,1157
1728464357845457000,666,490,2648,248,250,1050
1728464357846300000,344,778,2634,137,383,1075
1728464357847143000,104,1093,2583,72,522,1083
1728464357847985000,0,1420,2447,13,653,980
1728464357848827000,0,1716,1970,4,761,846
1728464357849669000,0,1988,1672,0,833,677
1728464357850511000,30,2524,1335,21,912,523
1728464357851353000,232,2764,951,89,968,350
1728464357852196000,484,2925,629,241,967,213
1728464357853039000,786,2870,354,386,946,122
1728464357853882000,1106,2662,109,545,892,34
1728464357854727000,1533,2265,41,700,784,0
1728464357855568000,1815,1833,58,818,642,0
1728464357856410000,2076,1543,53,912,489,0
1728464357857252000,2375,1236,64,995,394,32
1728464357858094000,2496,900,267,1045,274,141
1728464357858937000,2522,591,541,1088,165,281
1728464357859779000,2496,320,855,1074,82,438
1728464357860621000,2401,100,1182,1033,10,596
1728464357861462000,2152,9,1539,923,0,749
1728464357862304000,1746,5,1863,789,0,869
1728464357863146000,1457,0,2150,637,0,961
1728464357863988000,1152,75,2544,485,45,1055
1728464357864830000,803,295,2646,313,151,1138
1728464357865672000,533,602,2682,206,282,1124
1728464357866514000,245,901,2652,106,426,1106
1728464357867356000,58,1181,2551,45,558,1059
1728464357868220000,0,1498,2218,8,676,946
1728464357869062000,0,1790,1895,8,779,805
1728464357869904000,0,2045,1573,0,867,634
1728464357870746000,89,2620,1221,41,925,469
1728464357871589000,303,2855,871,144,960,328
1728464357872432000,554,2936,537,266,960,207
1728464357873274000,858,2821,259,431,935,98
1728464357874117000,1200,2577,26,577,881,0
1728464357874959000,1548,2069,0,709,749,0
1728464357875801000,1824,1779,0,825,621,0
1728464357876643000,2032,1476,0,925,489,0
1728464357877485000,2420,1151,109,1008,349,54
1728464357878327000,2503,813,338,1063,242,169
1728464357879170000,2524,513,628,1080,132,320
1728464357880012000,2468,241,954,1071,56,482
1728464357880854000,2368,48,1287,1006,0,640
1728464357881689000,1963,0,1632,904,18,775
1728464357882531000,1684,0,1951,759,1,893
1728464357883373000,1398,0,2200,610,7,992
1728464357884215000,1079,109,2572,449,49,1072
1728464357885057000,744,320,2663,306,137,1120
1728464357885899000,576,605,2726,199,279,1133
1728464357886741000,267,937,2625,99,441,1103
1728464357887583000,11,1264,2508,33,599,1029
1728464357888425000,0,1568,2102,0,709,911
1728464357889267000,0,1863,1815,0,814,750
1728464357890109000,0,2255,1496,8,888,590
1728464357890951000,130,2696,1138,53,942,437
1728464357891794000,343,2911,795,175,970,298
1728464357892637000,619,2930,476,307,952,178
1728464357893480000,949,2777,207,471,924,64
1728464357894322000,1272,2488,82,606,854,0
1728464357895172000,1563,1959,102,730,736,0
1728464357896014000,1833,1739,11,836,597,0
1728464357896855000,2310,1397,0,955,457,0
1728464357897697000,2445,1072,170,1018,320,86
1728464357898539000,2511,752,413,1066,209,216
1728464357899381000,2524,448,704,1088,130,361
1728464357900223000,2449,197,1033,1062,42,513
1728464357901065000,2331,10,1394,989,0,721
1728464357901907000,1893,5,1757,871,0,833
1728464357902748000,1617,2,2016,719,0,988
1728464357903590000,1309,4,2496,570,15,1029
1728464357904432000,989,158,2486,407,95,1184
1728464357905275000,685,414,2624,260,238,1200
1728464357906117000,448,722,2639,160,362,1054
1728464357906960000,149,1015,2603,84,490,1091
1728464357907802000,0,1353,2481,14,626,1002
1728464357908653000,0,1644,2040,4,738,881
1728464357909495000,0,1922,1722,0,834,716
1728464357910336000,9,2432,1400,2,894,548
1728464357911178000,186,2755,1039,87,955,385
1728464357912021000,429,2892,698,192,964,257
1728464357912864000,717,2887,410,363,961,145
1728464357913707000,1036,2711,141,510,917,57
1728464357914548000,1390,2368,0,645,732,0
1728464357915390000,1674,1866,2,776,624,0
1728464357916232000,1944,1592,0,874,498,0
1728464357917074000,2355,1320,29,968,418,10
1728464357917916000,2463,977,220,1033,295,110
1728464357918759000,2520,658,474,1064,178,244
1728464357919601000,2506,368,788,1088,100,404
1728464357920443000,2424,138,1114,1048,34,564
1728464357921285000,2273,0,1472,993,0,718
1728464357922137000,1792,0,1797,864,0,846
1728464357922979000,1516,0,2088,709,0,948
1728464357923821000,1216,33,2513,545,21,1035
1728464357924663000,857,224,2639,327,121,1090
1728464357925505000,562,480,2650,215,247,1155
1728464357926348000,308,821,2669,126,390,1113
1728464357927190000,93,1102,2574,71,533,1077
1728464357928032000,0,1433,2436,10,647,969
1728464357928874000,0,1725,1959,4,757,839
1728464357929716000,0,1984,1639,4,855,673
1728464357930558000,42,2536,1309,13,912,513
1728464357931401000,234,2815,960,111,962,358
1728464357932244000,505,2944,606,241,964,232
1728464357933087000,798,2865,320,393,952,116
1728464357933930000,1122,2648,78,546,898,30
1728464357934772000,1472,2266,0,683,777,0
1728464357935618000,1752,1839,0,809,653,0
1728464357936460000,2000,1540,0,904,530,0
1728464357937302000,2394,1231,69,992,382,36
1728464357938144000,2482,890,290,1047,264,145
1728464357938987000,2524,581,557,1082,157,290
1728464357939829000,2496,310,872,1083,82,448
1728464357940671000,2396,89,1204,1028,11,612
1728464357941513000,2095,0,1564,930,14,749
1728464357942355000,1750,0,1875,798,5,875
1728464357943197000,1464,0,2163,639,0,970
1728464357944039000,1150,70,2548,482,29,1054
1728464357944881000,933,266,2663,342,117,1109
1728464357945723000,613,544,2712,221,256,1129
1728464357946566000,320,860,2627,178,413,1116
1728464357947408000,42,1200,2541,45,568,1055
1728464357948250000,0,1509,2204,4,677,935
1728464357949101000,0,1809,1879,2,785,785
1728464357949942000,0,2039,1565,0,868,622
1728464357950784000,82,2632,1223,39,924,469
1728464357951626000,282,2872,872,138,964,330
1728464357952469000,564,2927,535,277,972,197
1728464357953312000,882,2830,266,442,947,86
1728464357954154000,1194,2560,43,576,870,1
1728464357954996000,1496,2094,31,696,767,0
1728464357955837000,1782,1823,21,818,626,0
1728464357956679000,2033,1472,2,927,489,0
1728464357957521000,2421,1132,115,1005,346,64
1728464357958363000,2500,804,346,1052,229,167
1728464357959205000,2520,496,624,1088,139,328
1728464357960048000,2479,237,960,1070,70,480
1728464357960890000,2352,40,1301,1005,0,677
1728464357961731000,1941,4,1617,887,0,839
1728464357962627000,1671,0,1944,751,0,944
1728464357963468000,1377,8,2204,610,0,1026
1728464357964310000,1059,111,2500,456,81,1152
1728464357965152000,773,362,2630,304,202,1168
1728464357965994000,514,651,2665,178,320,1074
1728464357966837000,197,966,2619,96,466,1103
1728464357967679000,6,1295,2511,29,599,1034
1728464357968521000,0,1577,2092,5,712,904
1728464357969363000,0,1869,1806,0,808,751
1728464357970205000,0,2357,1472,0,891,590
1728464357971047000,162,2703,1109,73,954,417
1728464357971890000,375,2880,773,192,960,277
1728464357972733000,647,2899,463,327,960,155
1728464357973575000,969,2784,194,471,922,90
1728464357974417000,1370,2447,18,626,808,0
1728464357975259000,1712,1929,2,767,685,0
1728464357976071000,2001,1666,34,875,561,0
1728464357976913000,2324,1395,0,952,452,2
1728464357977755000,2453,1037,175,1032,329,90
1728464357978597000,2514,719,418,1072,210,214
1728464357979438000,2513,423,725,1088,114,357
1728464357980280000,2450,178,1048,1062,42,537
1728464357981122000,2291,4,1408,1019,0,692
1728464357981964000,1850,2,1733,912,0,810
1728464357982806000,1578,0,2040,756,0,928
1728464357983648000,1282,3,2494,575,10,1026
1728464357984490000,898,175,2643,442,98,1117
1728464357985333000,616,424,2658,226,226,1116
1728464357986175000,352,717,2644,130,349,1133
1728464357987017000,139,1040,2590,81,503,1096
1728464357987859000,0,1376,2482,11,632,1003
1728464357988701000,0,1661,2016,8,736,857
1728464357989547000,0,1940,1717,4,835,709
1728464357990389000,7,2469,1372,0,905,549
1728464357991231000,180,2775,1021,64,949,383
1728464357992074000,432,2912,683,220,974,252
1728464357992917000,733,2893,383,368,961,137
1728464357993760000,1056,2715,116,513,914,57
1728464357994602000,1437,2384,0,664,799,0
1728464357995444000,1714,1901,0,775,676,0
1728464357996286000,1944,1608,0,874,541,0
1728464357997128000,2363,1308,34,971,407,21
1728464357997971000,2464,960,242,1040,288,114
1728464357998813000,2520,642,504,1080,173,257
1728464357999656000,2499,366,815,1089,93,405
1728464358000498000,2424,142,1134,1042,30,582
1728464358001340000,2298,0,1496,956,8,714
1728464358002182000,1804,0,1815,832,16,837
1728464358003022000,1525,0,2107,678,18,949
1728464358003864000,1216,27,2513,516,69,1040
1728464358004706000,900,195,2631,372,57,1089
1728464358005549000,568,448,2664,239,216,1128
1728464358006391000,418,786,2688,149,375,1112
1728464358007233000,82,1122,2574,70,541,1076
1728464358008075000,0,1442,2392,7,660,969
1728464358008917000,0,1735,1937,2,759,818
1728464358009759000,0,2001,1630,0,856,663
1728464358010601000,47,2551,1277,18,917,498
1728464358011444000,241,2816,941,119,960,349
1728464358012287000,490,2924,602,235,971,225
1728464358013130000,814,2864,320,397,938,110
1728464358013972000,1109,2638,82,535,880,34
1728464358014813000,1416,2252,20,660,783,2
1728464358015655000,1707,1844,10,785,634,0
1728464358016516000,1988,1539,2,887,510,0
1728464358017358000,2394,1208,73,994,381,45
1728464358018200000,2497,876,296,1053,250,139
1728464358019043000,2535,559,563,1089,161,292
1728464358019885000,2489,297,885,1069,66,458
1728464358020727000,2387,82,1237,1025,10,637
1728464358021569000,2049,13,1551,921,0,823
1728464358022411000,1741,8,1871,789,0,925
1728464358023253000,1442,4,2144,634,0,1005
1728464358024095000,1122,79,2496,465,77,1128
1728464358024937000,823,308,2610,330,184,1166
1728464358025779000,560,564,2650,207,282,1074
1728464358026622000,242,888,2639,110,431,1119
1728464358027464000,37,1214,2542,42,570,1042
1728464358028306000,0,1505,2167,9,690,930
1728464358029148000,0,1804,1869,0,781,788
1728464358029989000,0,2061,1561,9,878,623
1728464358030831000,106,2636,1201,53,936,444
1728464358031673000,320,2849,837,141,960,320
1728464358032516000,596,2914,522,295,970,192
1728464358033359000,897,2808,245,429,923,89
1728464358034201000,1324,2535,88,613,832,9
1728464358035043000,1638,2007,43,747,729,0
1728464358035885000,1903,1743,49,852,595,0
1728464358036727000,2058,1460,0,925,484,0
1728464358037569000,2426,1120,138,1014,346,65
1728464358038410000,2509,805,363,1066,226,188
1728464358039252000,2528,489,651,1088,144,329
1728464358040094000,2467,232,967,1063,64,497
1728464358040936000,2333,37,1319,1029,0,649
1728464358041778000,1903,7,1672,926,0,800
1728464358042620000,1648,0,1959,767,0,905
1728464358043470000,1351,0,2288,631,0,997
1728464358044312000,994,129,2590,395,74,1075
1728464358045155000,690,373,2661,266,185,1163
1728464358045997000,430,696,2690,170,330,1134
1728464358046840000,178,974,2616,98,474,1110
1728464358047682000,0,1304,2515,21,595,1020
1728464358048524000,0,1607,2086,8,716,904
1728464358049366000,0,1890,1778,1,828,740
1728464358050208000,0,2381,1464,2,877,577
1728464358051050000,125,2719,1118,64,948,420
1728464358051892000,375,2920,755,174,962,288
1728464358052735000,679,2909,443,330,974,161
1728464358053578000,987,2766,181,475,921,66
1728464358054420000,1294,2555,0,648,857,0
1728464358055262000,1643,1964,0,762,717,0
1728464358056103000,1871,1658,0,868,583,0
1728464358056951000,2328,1370,5,953,442,8
1728464358057793000,2446,1023,196,1034,320,97
1728464358058635000,2524,705,426,1073,210,226
1728464358059477000,2519,415,736,1088,119,378
1728464358060319000,2441,167,1061,1063,41,541
1728464358061161000,2316,48,1404,973,46,682
1728464358062002000,1871,0,1737,853,49,814
1728464358062844000,1584,0,2044,704,41,927
1728464358063686000,1282,2,2496,548,53,1021
1728464358064528000,945,133,2608,416,154,1077
1728464358065370000,672,391,2657,266,157,1125
1728464358066213000,374,717,2664,142,328,1122
1728464358067055000,121,1056,2595,81,512,1088
1728464358067897000,0,1390,2464,11,642,994
1728464358068739000,0,1679,2002,2,745,857
1728464358069581000,0,1956,1693,0,836,700
1728464358070434000,10,2480,1360,6,901,530
1728464358071276000,225,2764,1010,99,948,373
1728464358072119000,441,2915,673,229,975,253
1728464358072962000,737,2887,368,365,945,130
1728464358073805000,1053,2693,121,526,898,49
1728464358074647000,1366,2382,37,650,802,0
1728464358075489000,1672,1947,18,776,690,0
1728464358076331000,1933,1604,2,885,546,0
1728464358077173000,2368,1276,36,973,404,23
1728464358078015000,2480,945,250,1044,277,117
1728464358078857000,2528,618,512,1088,181,261
1728464358079699000,2510,340,820,1088,87,407
1728464358080541000,2412,114,1172,1041,21,583
1728464358081383000,2264,8,1488,943,0,798
1728464358082225000,1799,5,1808,814,0,882
1728464358083067000,1505,0,2117,668,0,975
1728464358083922000,1196,53,2504,498,65,1091
1728464358084764000,927,268,2615,352,138,1023
1728464358085607000,570,522,2656,236,266,1088
1728464358086449000,299,821,2648,125,405,1120
1728464358087291000,66,1141,2567,64,544,1065
1728464358088133000,0,1461,2321,5,668,960
1728464358088975000,0,1760,1926,2,770,818
1728464358089817000,0,2031,1614,0,855,654
1728464358090659000,50,2567,1273,20,922,493
1728464358091502000,261,2829,905,130,960,321
1728464358092345000,537,2928,577,265,960,213
1728464358093187000,838,2850,298,410,937,104
1728464358094030000,1216,2581,101,577,852,21
1728464358094872000,1533,2158,14,689,752,0
1728464358095714000,1815,1830,0,840,623,0
1728464358096556000,2012,1524,2,912,509,0
1728464358097403000,2395,1196,92,1000,370,49
1728464358098245000,2496,864,312,1054,245,150
1728464358099087000,2516,546,591,1081,150,293
1728464358099930000,2484,282,907,1069,65,459
1728464358100772000,2370,82,1258,1008,0,619
1728464358101614000,2020,4,1600,908,0,763
1728464358102456000,1712,2,1918,785,0,891
1728464358103297000,1418,5,2172,653,0,984
1728464358104139000,1066,82,2555,407,64,1044
1728464358104981000,736,300,2620,298,174,1118
1728464358105824000,450,617,2690,184,303,1149
1728464358106666000,229,910,2631,113,448,1123
1728464358107508000,42,1221,2528,42,569,1037
1728464358108350000,0,1524,2135,8,693,925
1728464358109192000,0,1828,1845,0,799,779
1728464358110034000,0,2071,1532,0,866,617
1728464358110876000,110,2654,1181,53,946,455
1728464358111719000,320,2872,804,156,967,308
1728464358112562000,596,2925,509,290,967,182
1728464358113405000,917,2815,218,440,938,79
1728464358114247000,1253,2519,10,591,832,0
1728464358115088000,1539,1994,0,738,728,0
1728464358115930000,1856,1742,0,834,594,0
1728464358116772000,2104,1451,0,930,469,0
1728464358117614000,2434,1103,145,1020,344,66
1728464358118456000,2512,777,369,1069,228,192
1728464358119298000,2520,477,671,1088,129,339
1728464358120141000,2458,226,999,1067,51,514
1728464358120982000,2351,10,1328,994,64,655
1728464358121824000,1927,0,1672,890,30,786
1728464358122666000,1645,0,1987,741,30,907
1728464358123508000,1344,0,2436,583,41,1001
1728464358124367000,1022,90,2586,454,132,1074
1728464358125209000,726,330,2649,306,129,1118
1728464358126051000,434,628,2663,165,293,1135
1728464358126894000,165,986,2622,92,480,1112
1728464358127736000,0,1314,2498,21,620,1026
1728464358128578000,0,1607,2068,8,714,885
1728464358129420000,0,1894,1779,1,818,737
1728464358130262000,0,2400,1444,0,898,576
1728464358131104000,138,2718,1080,77,938,405
1728464358131947000,397,2895,746,199,966,266
1728464358132790000,671,2917,448,330,948,155
1728464358133633000,988,2766,171,484,916,69
1728464358134475000,1317,2412,116,633,844,0
1728464358135317000,1600,1926,109,759,722,0
1728464358136159000,1878,1650,71,863,581,0
1728464358137001000,2336,1363,6,948,431,14
1728464358137841000,2464,1022,196,1036,313,90
1728464358138683000,2520,693,437,1075,202,226
1728464358139525000,2511,407,752,1082,100,375
1728464358140367000,2429,170,1088,1052,34,551
1728464358141209000,2315,0,1416,970,0,746
1728464358142051000,1859,9,1746,856,0,863
1728464358142893000,1569,2,2055,704,0,952
1728464358143735000,1296,27,2471,534,18,944
1728464358144577000,960,197,2599,386,106,1029
1728464358145419000,608,545,2643,271,246,1088
1728464358146261000,356,767,2660,153,362,1120
1728464358147104000,110,1080,2591,74,514,1094
1728464358147946000,0,1409,2457,9,653,989
1728464358148788000,0,1692,1992,5,741,848
1728464358149630000,0,1970,1700,1,836,699
1728464358150472000,25,2488,1353,11,907,517
1728464358151387000,215,2784,994,106,960,363
1728464358152230000,471,2919,658,231,963,242
1728464358153073000,767,2893,370,370,948,128
1728464358153916000,992,2670,98,606,890,75
1728464358154758000,1320,2312,0,739,799,29
1728464358155600000,1708,1849,0,873,663,0
1728464358156441000,1941,1575,4,893,544,0
1728464358157283000,2368,1264,45,979,402,31
1728464358158125000,2488,927,250,1045,286,119
1728464358158968000,2522,613,520,1082,175,271
1728464358159810000,2503,330,837,1080,79,418
1728464358160652000,2392,109,1170,1029,17,591
1728464358161494000,2240,10,1510,930,0,736
1728464358162335000,1768,5,1843,802,0,860
1728464358163177000,1480,3,2138,651,0,960
1728464358164019000,1149,64,2528,480,40,1065
1728464358164813000,832,297,2656,334,137,1130
1728464358165655000,526,567,2675,218,273,1122
1728464358166498000,281,834,2648,121,406,1127
1728464358167340000,70,1159,2553,56,545,1057
1728464358168181000,0,1472,2269,10,671,949
1728464358169023000,0,1772,1904,0,774,809
1728464358169865000,0,2034,1600,0,853,645
1728464358170707000,73,2591,1265,36,930,487
1728464358171550000,281,2840,866,130,952,335
1728464358172393000,533,2942,569,261,967,202
1728464358173236000,847,2850,271,414,946,106
1728464358174078000,1183,2587,36,576,853,0
1728464358174920000,1496,2093,0,698,756,0
1728464358175762000,1752,1820,0,813,630,0
1728464358176604000,2013,1504,0,916,494,0
1728464358177446000,2400,1170,104,1005,368,52
1728464358178278000,2496,834,320,1052,248,159
1728464358179120000,2535,532,602,1088,148,302
1728464358179962000,2480,261,935,1088,65,471
1728464358180804000,2375,37,1272,1010,64,626
1728464358181646000,1980,0,1610,908,46,773
1728464358182488000,1711,0,1932,772,38,886
1728464358183330000,1412,0,2177,631,20,980
1728464358184172000,1066,37,2566,465,122,1054
1728464358185014000,777,279,2641,327,213,1112
1728464358185856000,482,576,2666,179,252,1130
1728464358186699000,215,917,2639,117,449,1116
1728464358187541000,21,1248,2525,26,590,1039
1728464358188383000,0,1558,2115,0,700,924
1728464358189225000,0,1843,1839,4,808,772
1728464358190067000,0,2112,1513,0,875,605
1728464358190909000,125,2670,1162,64,934,441
1728464358191808000,321,2887,809,170,970,320
1728464358192651000,618,2929,495,298,970,188
1728464358193494000,900,2808,221,454,923,82
1728464358194336000,1230,2537,50,581,850,10
1728464358195178000,1527,2045,25,709,725,0
1728464358196020000,1807,1750,5,826,605,0
1728464358196862000,2212,1431,0,945,465,0
1728464358197704000,2439,1088,157,1015,324,69
1728464358198546000,2514,766,386,1067,218,202
1728464358199388000,2519,461,683,1077,122,348
1728464358200231000,2453,207,1015,1077,46,509
1728464358201073000,2344,26,1354,993,0,727
1728464358201915000,1919,13,1677,877,0,864
1728464358202757000,1633,5,2037,736,0,953
1728464358203598000,1324,0,2455,584,9,1076
1728464358204440000,1006,146,2524,412,88,1172
1728464358205248000,690,396,2636,277,237,1185
1728464358206091000,413,677,2653,170,353,1113
1728464358206934000,157,999,2608,98,488,1091
1728464358207776000,0,1322,2490,21,620,1012
1728464358208618000,0,1628,2056,0,730,897
1728464358209460000,0,1911,1752,1,825,725
1728464358210302000,0,2405,1428,5,896,549
1728464358211144000,175,2740,1062,72,947,402
1728464358211987000,407,2904,736,193,972,261
1728464358212830000,704,2912,402,341,968,162
1728464358213673000,1007,2740,164,500,868,53
1728464358214515000,1344,2393,0,633,777,0
1728464358215356000,1607,1892,4,750,652,0
1728464358216198000,1904,1648,2,874,560,0
1728464358217040000,2336,1337,14,961,430,11
1728464358217882000,2459,1005,199,1027,301,106
1728464358218731000,2517,689,463,1076,194,232
1728464358219574000,2514,389,762,1088,109,389
1728464358220416000,2407,154,1097,1088,23,553
1728464358221258000,2285,0,1452,993,0,706
1728464358222100000,1824,7,1770,864,0,841
1728464358222942000,1547,0,2076,728,0,936
1728464358223784000,1178,26,2530,570,21,1026
1728464358224626000,868,209,2594,334,117,1088
1728464358225468000,583,469,2673,240,229,1156
1728464358226310000,335,753,2652,153,378,1125
1728464358227153000,112,1081,2580,74,519,1074
1728464358227995000,0,1414,2447,14,648,984
1728464358228837000,0,1699,1986,5,756,847
1728464358229679000,0,1973,1673,0,839,687
1728464358230521000,36,2511,1338,15,919,513
1728464358231364000,232,2805,967,94,963,365
1728464358232224000,480,2939,648,233,970,231
1728464358233067000,792,2901,345,382,962,124
1728464358233910000,1082,2776,98,553,903,0
1728464358234752000,1402,2392,0,682,791,0
1728464358235594000,1681,1968,0,814,695,0
1728464358236436000,1980,1573,2,900,542,0
1728464358237278000,2373,1249,64,984,394,30
1728464358238121000,2480,916,258,1040,276,138
1728464358238963000,2528,614,541,1080,170,270
1728464358239805000,2496,320,846,1088,85,433
1728464358240647000,2405,85,1185,1048,41,590
1728464358241489000,2151,0,1533,933,18,745
1728464358242331000,1770,0,1856,808,0,866
1728464358243173000,1482,0,2150,660,0,960
1728464358244015000,1159,33,2535,485,0,1045
1728464358244857000,952,260,2663,353,117,1113
1728464358245692000,617,533,2703,224,258,1121
1728464358246534000,266,839,2639,129,420,1120
1728464358247376000,64,1176,2556,52,552,1055
1728464358248218000,0,1491,2250,6,677,950
1728464358249060000,0,1791,1902,0,783,808
1728464358249902000,0,2045,1589,0,868,640
1728464358250743000,68,2603,1248,37,926,482
1728464358251586000,266,2854,892,138,960,334
1728464358252429000,549,2927,562,265,962,206
1728464358253272000,864,2849,274,425,947,102
1728464358254115000,1162,2566,161,564,874,20
1728464358254957000,1472,2037,122,697,773,0
1728464358255799000,1754,1802,9,818,640,0
1728464358256640000,2028,1496,0,919,503,0
1728464358257482000,2419,1159,105,1007,366,53
1728464358258324000,2496,824,334,1066,242,166
1728464358259174000,2524,516,625,1083,139,316
1728464358260016000,2479,261,930,1072,65,463
1728464358260858000,2379,57,1252,1006,4,699
1728464358261700000,1962,9,1592,911,0,826
1728464358262542000,1691,0,1931,766,0,922
1728464358263384000,1397,0,2150,618,0,1044
1728464358264226000,1084,122,2529,435,92,1128
1728464358265068000,807,357,2637,312,181,1037
1728464358265911000,465,679,2685,192,306,1125
1728464358266754000,210,948,2623,106,460,1102
1728464358267596000,18,1262,2524,34,601,1039
1728464358268437000,0,1561,2101,0,708,916
1728464358269279000,0,1856,1824,2,800,764
1728464358270121000,0,2232,1503,0,884,600
1728464358270963000,134,2684,1119,58,944,418
1728464358271806000,349,2881,802,174,965,293
1728464358272656000,636,2930,482,309,967,173
1728464358273499000,965,2766,192,471,847,66
1728464358274340000,1282,2467,21,610,792,0
1728464358275182000,1558,1952,0,738,678,0
1728464358276024000,1847,1700,1,853,592,0
1728464358276866000,2306,1406,0,946,458,2
1728464358277708000,2448,1067,154,1020,332,84
1728464358278550000,2510,744,407,1065,213,194
1728464358279392000,2517,436,711,1092,121,352
1728464358280235000,2435,198,1032,1096,34,523
1728464358281077000,2311,14,1385,1026,0,682
1728464358281919000,1874,5,1711,888,0,815
1728464358282761000,1609,0,2028,753,0,917
1728464358283603000,1266,2,2503,586,5,1010
1728464358284445000,950,169,2585,376,102,1093
1728464358285287000,650,425,2672,269,206,1137
1728464358286137000,393,695,2661,172,352,1133
1728464358286980000,155,1025,2597,84,493,1093
1728464358287822000,0,1353,2483,16,629,1008
1728464358288664000,0,1639,2032,8,733,875
1728464358289506000,0,1924,1736,0,819,722
1728464358290348000,0,2447,1409,0,905,553
1728464358291190000,181,2767,1044,83,963,399
1728464358292033000,421,2913,693,204,973,258
1728464358292876000,714,2909,401,343,962,123
1728464358293719000,1013,2833,117,519,921,10
1728464358294561000,1363,2480,0,683,846,0
1728464358295403000,1638,2000,0,802,711,0
1728464358296245000,1919,1639,9,880,568,0
1728464358297087000,2350,1334,29,963,421,16
1728464358297928000,2466,992,218,1034,298,111
1728464358298771000,2519,666,485,1080,177,241
1728464358299621000,2510,373,786,1090,101,395
1728464358300463000,2428,125,1111,1042,78,563
1728464358301305000,2296,0,1468,962,10,705
1728464358302147000,1824,0,1797,846,0,841
1728464358302989000,1551,0,2099,688,0,948
1728464358303831000,1272,9,2511,530,0,1020
1728464358304673000,911,185,2624,365,75,1093
1728464358305515000,705,451,2684,257,210,1120
1728464358306358000,321,773,2662,144,393,1127
1728464358307200000,104,1102,2578,64,532,1084
1728464358308042000,0,1431,2440,11,662,968
1728464358308884000,0,1713,1961,9,764,836
1728464358309726000,0,1990,1656,0,848,679
1728464358310568000,33,2505,1306,25,904,521
1728464358311410000,226,2798,956,114,960,360
1728464358312253000,489,2938,625,242,965,232
1728464358313100000,788,2887,324,381,945,125
1728464358313943000,1095,2631,183,525,897,46
1728464358314785000,1399,2297,17,665,789,0
1728464358315626000,1696,1859,0,797,649,0
1728464358316468000,1986,1555,0,900,534,0
1728464358317310000,2391,1244,66,988,382,37
1728464358318153000,2487,896,274,1047,266,137
1728464358318996000,2528,586,552,1088,160,277
1728464358319838000,2496,305,870,1081,84,437
1728464358320680000,2395,102,1172,1023,20,674
1728464358321521000,2113,16,1532,930,0,797
1728464358322363000,1750,5,1866,805,0,899
1728464358323205000,1468,0,2115,658,0,1024
1728464358324047000,1139,70,2509,471,64,1127
1728464358324889000,858,324,2616,334,181,1171
1728464358325732000,541,553,2656,210,295,1103
1728464358326581000,260,864,2639,119,431,1116
1728464358327423000,53,1181,2537,49,564,1057
1728464358328265000,0,1505,2215,2,677,946
1728464358329107000,0,1789,1893,4,791,793
1728464358329949000,0,2039,1572,5,868,632
1728464358330791000,96,2616,1214,37,931,458
1728464358331634000,298,2847,849,142,962,320
1728464358332477000,576,2933,549,279,981,204
1728464358333319000,890,2821,258,435,864,81
1728464358334161000,1189,2550,56,578,824,10
1728464358335003000,1600,2071,10,709,724,0
1728464358335845000,1802,1775,2,832,637,0
1728464358336687000,2031,1480,0,934,491,0
1728464358337529000,2421,1149,128,1000,349,64
1728464358338371000,2499,830,348,1058,237,174
1728464358339214000,2528,513,623,1084,151,312
1728464358340071000,2463,244,948,1124,50,480
1728464358340913000,2349,46,1309,1027,0,647
1728464358341755000,1926,9,1634,916,0,791
1728464358342597000,1682,0,1948,761,0,893
1728464358343439000,1335,0,2207,551,0,975
1728464358344281000,1026,128,2563,406,71,1088
1728464358345123000,710,366,2658,290,177,1152
1728464358345966000,458,629,2672,194,321,1134
1728464358346808000,200,949,2615,101,461,1113
1728464358347650000,5,1279,2525,29,596,1032
1728464358348492000,0,1587,2094,0,711,914
1728464358349334000,0,1870,1810,4,810,752
1728464358350176000,0,2333,1493,0,885,589
1728464358351018000,132,2710,1137,53,949,433
1728464358351861000,360,2903,778,177,961,289
1728464358352704000,668,2929,465,320,983,157
1728464358353544000,956,2892,181,480,924,21
1728464358354386000,1282,2551,0,651,857,0
1728464358355228000,1552,2069,0,779,738,0
1728464358356070000,1870,1694,1,853,606,0
1728464358356911000,2314,1398,1,953,454,0
1728464358357754000,2444,1045,176,1021,323,90
1728464358358596000,2518,734,416,1074,199,213
1728464358359438000,2527,422,705,1089,129,360
1728464358360280000,2446,170,1034,1056,78,529
1728464358361122000,2326,0,1397,981,14,670
1728464358361964000,1877,0,1724,867,23,816
1728464358362805000,1616,0,2019,719,18,922
1728464358363647000,1289,0,2482,578,64,1002
1728464358364489000,977,133,2611,417,138,1081
1728464358365331000,682,383,2656,261,157,1125
1728464358366173000,381,717,2665,163,362,1125
1728464358367027000,142,1042,2588,82,506,1093
1728464358367869000,0,1372,2484,18,624,997
1728464358368711000,0,1662,2023,3,740,868
1728464358369553000,0,1941,1713,0,837,711
1728464358370394000,13,2458,1390,0,896,530
1728464358371236000,175,2760,1035,98,948,402
1728464358372079000,431,2920,697,212,964,263
1728464358372922000,719,2907,389,357,968,146
1728464358373765000,1020,2752,149,498,890,64
1728464358374606000,1359,2420,10,640,804,0
1728464358375448000,1635,1954,26,769,689,0
1728464358376289000,1932,1607,0,885,560,0
1728464358377131000,2350,1300,38,963,405,22
1728464358377973000,2464,962,235,1041,288,117
1728464358378816000,2520,642,481,1074,184,245
1728464358379658000,2503,356,797,1088,98,393
1728464358380514000,2418,136,1114,1040,29,632
1728464358381356000,2281,0,1472,950,0,767
1728464358382198000,1814,4,1800,832,0,890
1728464358383040000,1533,0,2079,674,0,992
1728464358383882000,1228,46,2497,501,47,1093
1728464358384724000,935,249,2617,365,121,1040
1728464358385566000,587,569,2653,237,260,1105
1728464358386409000,311,804,2652,137,401,1121
1728464358387251000,87,1118,2568,66,538,1074
1728464358388093000,0,1449,2412,13,660,965
1728464358388935000,0,1750,1944,5,771,826
1728464358389777000,0,2003,1635,2,856,672
1728464358390619000,36,2544,1292,21,913,500
1728464358391462000,239,2815,927,125,965,344
1728464358392304000,516,2927,601,245,950,221
1728464358393147000,903,2867,314,400,924,113
1728464358393989000,1204,2639,103,553,863,28
1728464358394831000,1509,2240,10,720,756,0
1728464358395673000,1710,1834,0,835,664,0
1728464358396515000,1991,1533,0,909,521,0
1728464358397357000,2383,1226,82,988,368,42
1728464358398199000,2482,890,299,1049,257,138
1728464358399042000,2530,576,564,1082,165,286
1728464358399884000,2492,299,884,1070,71,448
1728464358400726000,2387,82,1223,1021,9,616
1728464358401568000,2067,13,1576,915,0,762
1728464358402410000,1735,4,1893,791,0,869
1728464358403252000,1416,5,2159,610,0,1002
1728464358404093000,1110,89,2555,450,58,1074
1728464358404935000,791,341,2658,330,156,1103
1728464358405777000,514,560,2664,219,297,1138
1728464358406620000,252,874,2632,117,430,1112
1728464358407471000,34,1193,2545,45,569,1047
1728464358408313000,0,1505,2160,0,693,930
1728464358409155000,0,1803,1871,0,788,795
1728464358409996000,0,2079,1560,5,874,632
1728464358410838000,98,2616,1203,45,941,465
1728464358411680000,308,2867,842,146,952,313
1728464358412523000,589,2941,522,282,973,193
1728464358413366000,879,2926,224,426,920,41
1728464358414209000,1220,2626,33,618,870,0
1728464358415051000,1486,2144,0,757,767,0
1728464358415892000,1807,1763,10,834,622,0
1728464358416734000,2047,1480,0,929,481,0
1728464358417576000,2425,1132,125,1008,354,68
1728464358418418000,2503,799,357,1074,224,177
1728464358419260000,2529,490,651,1089,139,327
1728464358420103000,2468,231,965,1060,79,495
1728464358420956000,2360,36,1316,1006,43,647
1728464358421797000,1934,0,1644,906,21,785
1728464358422639000,1678,0,1967,754,0,907
1728464358423481000,1400,0,2251,599,0,997
1728464358424323000,1046,101,2590,431,28,1072
1728464358425165000,851,337,2665,308,149,1124
1728464358426008000,435,646,2683,186,328,1140
1728464358426851000,186,971,2616,89,478,1110
1728464358427692000,9,1290,2509,31,602,1020
1728464358428534000,0,1586,2091,2,722,900
1728464358429376000,0,1875,1798,1,815,752
1728464358430218000,0,2353,1476,0,885,582
1728464358431060000,116,2712,1108,74,949,426
1728464358431903000,372,2895,767,181,960,288
1728464358432746000,642,2936,455,322,960,170
1728464358433588000,938,2764,161,440,916,85
1728464358434434000,1276,2460,18,590,821,21
1728464358435276000,1546,1971,22,738,714,2
1728464358436118000,1875,1687,0,861,594,0
1728464358436960000,2320,1380,0,944,448,5
1728464358437802000,2446,1039,183,1032,320,84
1728464358438644000,2516,711,421,1075,209,217
1728464358439487000,2519,430,721,1088,109,368
1728464358440330000,2437,179,1102,1055,40,548
1728464358441172000,2318,0,1396,975,0,751
1728464358442014000,1871,8,1720,860,0,874
1728464358442856000,1603,4,2014,717,0,974
1728464358443698000,1283,0,2407,546,4,1095
1728464358444540000,964,196,2570,394,125,1148
1728464358445383000,677,437,2656,264,231,1088
1728464358446226000,369,731,2662,156,354,1128
1728464358447068000,123,1057,2604,77,507,1093
1728464358447927000,0,1373,2468,11,638,997
1728464358448769000,0,1674,2016,4,739,864
1728464358449611000,0,1954,1722,0,833,706
1728464358450452000,18,2480,1372,8,905,532
1728464358451295000,206,2751,1016,85,960,375
1728464358452138000,450,2917,673,221,972,250
1728464358452981000,746,2887,376,360,913,138
1728464358453824000,1142,2696,165,533,882,53
1728464358454666000,1464,2355,0,659,789,0
1728464358455508000,1692,1892,5,792,692,0
1728464358456350000,1938,1606,5,884,553,0
1728464358457191000,2356,1289,45,970,411,26
1728464358458033000,2475,960,238,1044,279,114
1728464358458875000,2520,626,497,1082,181,253
1728464358459717000,2489,353,810,1088,88,420
1728464358460559000,2396,119,1143,1025,21,580
1728464358461405000,2260,4,1489,930,0,721
1728464358462247000,1791,0,1822,818,0,844
1728464358463089000,1478,5,2106,640,0,984
1728464358463931000,1172,74,2522,484,33,1064
1728464358464773000,859,289,2631,352,128,1079
1728464358465616000,576,509,2666,239,262,1136
1728464358466459000,306,819,2648,133,401,1125
1728464358467301000,74,1136,2567,58,541,1061
1728464358468143000,0,1456,2338,10,670,960
1728464358468984000,0,1761,1930,2,765,823
1728464358469826000,0,2038,1624,13,859,654
1728464358470668000,64,2565,1279,41,920,492
1728464358471511000,261,2835,910,126,960,356
1728464358472354000,525,2945,588,246,973,205
1728464358473197000,819,2961,274,421,952,68
1728464358474040000,1146,2685,71,596,889,5
1728464358474878000,1457,2204,1,731,803,0
1728464358475720000,1749,1821,1,816,646,0
1728464358476561000,2003,1522,4,920,510,0
1728464358477403000,2400,1203,98,995,375,50
1728464358478245000,2498,872,314,1054,249,146
1728464358479088000,2524,547,578,1088,145,290
1728464358479930000,2482,266,906,1080,90,461
1728464358480772000,2383,69,1257,1021,1,615
1728464358481614000,2030,0,1587,923,18,766
1728464358482456000,1743,0,1910,784,0,883
1728464358483298000,1455,0,2166,621,0,970
1728464358484140000,1120,66,2571,450,8,1062
1728464358484982000,897,302,2657,332,133,1119
1728464358485825000,501,587,2669,206,303,1133
1728464358486667000,235,896,2627,121,448,1116
1728464358487509000,34,1228,2542,39,576,1042
1728464358488368000,0,1534,2144,0,698,935
1728464358489210000,0,1820,1856,4,799,785
1728464358490052000,0,2072,1551,0,869,626
1728464358490894000,74,2658,1192,53,939,459
1728464358491737000,330,2880,834,138,964,320
1728464358492580000,583,2946,511,283,974,197
1728464358493423000,894,2818,289,433,930,87
1728464358494265000,1231,2540,133,594,893,17
1728464358495107000,1537,1996,96,727,769,5
1728464358495949000,1825,1752,1,835,623,0
1728464358496791000,2088,1458,0,941,474,0
1728464358497633000,2422,1112,141,1018,335,66
1728464358498475000,2509,788,373,1059,224,195
1728464358499317000,2525,487,669,1088,141,330
1728464358500159000,2460,226,965,1066,53,538
1728464358501001000,2355,40,1336,1000,0,681
1728464358501850000,1922,5,1670,890,0,798
1728464358502692000,1668,10,1971,740,0,869
1728464358503534000,1358,0,2384,582,25,1067
1728464358504375000,1061,161,2560,428,104,1122
1728464358505217000,752,388,2648,293,206,1080
1728464358506060000,430,663,2665,178,333,1133
1728464358506903000,178,971,2612,101,481,1101
1728464358507745000,0,1301,2505,18,599,1021
1728464358508587000,0,1605,2063,2,725,894
1728464358509429000,0,1886,1768,2,820,740
1728464358510271000,0,2360,1442,0,893,568
1728464358511113000,165,2684,1091,74,949,419
1728464358511955000,393,2905,739,186,972,265
1728464358512798000,686,2921,425,325,923,159
1728464358513641000,1080,2752,218,498,895,71
1728464358514483000,1392,2435,9,651,810,0
1728464358515329000,1648,1957,5,761,719,0
1728464358516170000,1884,1669,5,866,583,0
1728464358517012000,2328,1370,0,956,440,11
1728464358517854000,2460,1029,193,1029,314,89
1728464358518697000,2523,704,437,1078,202,225
1728464358519539000,2511,411,749,1108,105,378
1728464358520381000,2418,168,1078,1050,34,548
1728464358521223000,2300,0,1423,1002,0,696
1728464358522064000,1856,9,1747,873,0,832
1728464358522906000,1523,11,2088,730,0,927
1728464358523748000,1230,9,2504,485,26,1010
1728464358524590000,896,217,2595,362,112,1114
1728464358525432000,630,448,2680,266,233,1140
1728464358526275000,354,738,2660,149,377,1129
1728464358527117000,117,1065,2588,76,514,1076
1728464358527959000,0,1386,2458,13,642,984
1728464358528816000,0,1688,1999,0,750,862
1728464358529658000,0,1962,1698,0,836,700
1728464358530500000,18,2480,1366,10,921,530
1728464358531342000,224,2785,1005,99,956,375
1728464358532185000,453,2936,651,216,980,253
1728464358533028000,778,2927,320,362,982,178
1728464358533870000,1112,2689,96,526,882,0
1728464358534712000,1442,2334,0,663,788,0
1728464358535554000,1685,1885,14,784,688,0
1728464358536396000,1963,1602,4,890,538,0
1728464358537238000,2366,1271,53,978,405,29
1728464358538081000,2473,935,245,1045,284,130
1728464358538924000,2521,628,523,1077,176,254
1728464358539766000,2500,320,813,1077,158,420
1728464358540608000,2419,100,1159,1040,49,581
1728464358541450000,2244,0,1516,953,20,731
1728464358542292000,1792,0,1837,817,10,853
1728464358543134000,1535,0,2113,669,0,960
1728464358543976000,1216,20,2531,506,0,1038
1728464358544818000,853,231,2641,352,93,1111
1728464358545661000,555,527,2683,228,265,1141
1728464358546504000,288,832,2643,126,414,1123
1728464358547346000,74,1157,2560,58,538,1058
1728464358548188000,0,1472,2316,18,671,956
1728464358549030000,0,1767,1925,0,774,817
1728464358549872000,0,2033,1612,2,839,661
1728464358550714000,45,2579,1277,39,930,493
1728464358551557000,270,2844,914,124,967,333
1728464358552400000,529,2956,591,258,966,221
1728464358553243000,826,2848,331,392,945,107
1728464358554086000,1147,2614,154,561,917,30
1728464358554928000,1472,2115,78,706,818,8
1728464358555830000,1761,1808,0,811,650,0
1728464358556672000,2013,1511,0,919,501,0
1728464358557513000,2406,1180,95,1002,378,46
1728464358558356000,2496,849,304,1057,254,162
1728464358559198000,2524,540,609,1080,151,294
1728464358560040000,2477,274,884,1073,69,522
1728464358560882000,2387,71,1236,1015,13,645
1728464358561724000,1999,4,1589,919,0,800
1728464358562566000,1717,0,1888,773,0,918
1728464358563407000,1415,5,2133,615,13,1051
1728464358564249000,1124,129,2532,452,98,1109
1728464358565091000,832,331,2631,323,169,1066
1728464358565934000,486,606,2680,200,298,1138
1728464358566776000,229,916,2627,114,450,1116
1728464358567618000,37,1240,2528,32,587,1043
1728464358568460000,0,1544,2124,0,692,922
1728464358569251000,0,1839,1847,0,796,777
1728464358570093000,0,2089,1516,5,885,593
1728464358570935000,127,2663,1164,64,933,434
1728464358571778000,322,2847,815,159,965,313
1728464358572621000,617,2930,498,302,956,177
1728464358573464000,1046,2786,224,462,891,87
1728464358574306000,1356,2496,32,611,814,5
1728464358575147000,1618,1996,2,740,725,0
1728464358575989000,1826,1730,8,847,610,0
1728464358576831000,2146,1426,0,946,472,0
1728464358577673000,2431,1088,148,1017,331,74
1728464358578515000,2501,761,396,1065,221,194
1728464358579358000,2511,462,687,1107,122,343
1728464358580201000,2433,208,1011,1093,45,515
1728464358581043000,2332,26,1351,981,0,666
1728464358581885000,1902,9,1694,884,0,798
1728464358582736000,1607,1,2017,681,0,896
1728464358583578000,1292,0,2458,516,9,997
1728464358584420000,967,173,2580,383,82,1107
1728464358585262000,688,398,2670,288,207,1131
1728464358586104000,412,680,2676,169,338,1134
1728464358586947000,163,1000,2603,89,488,1097
1728464358587789000,0,1322,2480,21,622,1013
1728464358588631000,0,1632,2056,0,723,895
1728464358589473000,0,1917,1761,0,821,724
1728464358590314000,0,2414,1424,0,911,567
1728464358591156000,167,2736,1068,72,954,410
1728464358591999000,404,2924,732,194,974,277
1728464358592842000,719,2919,389,330,945,96
