timestamp_nsec,channel_0,channel_1,channel_2,channel_3,channel_4,channel_5
1728464417395903000,652,2895,426,197,1128,458
1728464417396745000,997,2711,136,270,1146,260
1728464417397587000,1376,2383,0,487,1113,149
1728464417398429000,1661,1906,2,650,1023,49
1728464417399271000,1925,1624,1,807,896,0
1728464417400113000,2349,1296,28,940,747,0
1728464417400955000,2481,965,224,1069,605,0
1728464417401797000,2512,674,490,1180,452,64
1728464417402639000,2503,372,834,1247,325,202
1728464417403482000,2423,138,1176,1297,206,362
1728464417404324000,2279,0,1521,1289,90,542
1728464417405166000,1785,26,1859,1196,26,727
1728464417406008000,1512,42,2152,1068,0,867
1728464417406850000,1205,68,2551,917,4,1015
1728464417407692000,901,220,2615,744,5,1155
1728464417408534000,594,492,2670,570,98,1264
1728464417409376000,311,788,2669,413,229,1325
1728464417410218000,96,1126,2576,286,375,1355
1728464417411060000,0,1445,2435,166,542,1308
1728464417411902000,0,1735,1952,66,680,1228
1728464417412744000,0,2008,1624,0,806,1079
1728464417413586000,50,2534,1300,0,909,912
1728464417414428000,235,2830,930,0,1038,770
1728464417415270000,546,2956,568,48,1097,469
1728464417416113000,791,2990,320,213,1144,342
1728464417416955000,1127,2665,90,357,1149,253
1728464417417797000,1451,2267,9,528,1089,118
1728464417418639000,1721,1835,9,699,992,26
1728464417419481000,1988,1537,0,837,859,0
1728464417420323000,2387,1222,76,970,700,0
1728464417421165000,2483,887,295,1108,554,0
1728464417422007000,257,911,2630,698,162,1614
1728464417422849000,52,1116,2543,498,398,1683
1728464417423691000,0,1464,2169,348,557,1687
1728464417424533000,4,1775,1863,206,682,1635
1728464417425375000,0,2066,1538,64,870,1530
1728464417426217000,105,2632,1177,0,1030,1332
1728464417427059000,300,2860,842,2,1181,1120
1728464417427901000,578,2922,516,0,1306,890
1728464417428744000,890,2815,242,97,1390,677
1728464417429586000,1228,2528,42,284,1434,485
1728464417430428000,1485,2016,2,506,1405,291
1728464417431270000,1784,1739,1,715,1344,137
1728464417432112000,2062,1450,0,914,1222,23
1728464417432954000,2383,1120,151,1138,1038,10
1728464417433796000,2472,762,352,1231,853,0
1728464417434638000,2489,465,634,1376,670,23
1728464417435481000,2466,218,975,1547,508,157
1728464417436303000,2358,42,1323,1626,338,347
1728464417437145000,1936,10,1667,1653,186,560
1728464417437988000,1662,8,1966,1603,74,785
1728464417438830000,1367,0,2272,1493,0,984
1728464417439672000,1024,134,2543,1289,0,1251
1728464417440514000,712,367,2644,1057,0,1436
1728464417441356000,434,657,2656,850,64,1558
1728464417442198000,194,960,2598,649,202,1667
1728464417443040000,53,1325,2484,459,365,1634
1728464417443882000,0,1632,2059,282,552,1638
1728464417444724000,0,1967,1769,150,736,1591
1728464417445566000,0,2371,1458,41,915,1475
1728464417446408000,139,2700,1094,0,1070,1282
1728464417447250000,375,2891,759,0,1216,1064
1728464417448092000,653,2911,442,6,1324,838
1728464417448935000,983,2745,184,142,1400,619
1728464417449703000,1306,2438,5,344,1422,414
1728464417450545000,1602,1960,13,549,1403,253
1728464417451387000,1884,1671,4,771,1306,98
1728464417452229000,2369,1348,41,970,1149,0
1728464417453071000,2500,1005,203,1167,979,0
1728464417453913000,2456,679,420,1389,789,11
1728464417454755000,2504,394,728,1479,628,43
1728464417455598000,2443,172,1066,1575,459,200
1728464417456440000,2311,1,1417,1636,302,399
1728464417457283000,1870,6,1750,1642,146,623
1728464417458126000,1586,0,2049,1584,50,843
1728464417458968000,1260,11,2488,1439,0,1046
1728464417459810000,946,192,2603,1229,0,1250
1728464417460652000,631,437,2653,1009,0,1425
1728464417461495000,357,724,2691,793,86,1558
1728464417462338000,126,1075,2620,600,220,1731
1728464417463193000,0,1362,2402,408,435,1778
1728464417464035000,0,1681,1929,249,625,1744
1728464417464877000,0,1950,1710,121,791,1595
1728464417465719000,13,2466,1368,18,946,1429
1728464417466561000,194,2759,1006,0,1115,1218
1728464417467403000,448,2920,653,0,1253,1001
1728464417468245000,747,2888,373,25,1350,778
1728464417469088000,1063,2683,124,199,1412,568
1728464417469930000,1402,2304,0,383,1434,375
1728464417470772000,1677,1876,10,603,1386,200
1728464417471614000,1957,1601,0,813,1297,74
1728464417472456000,2369,1245,31,1008,1031,0
1728464417473298000,2479,899,234,1187,874,0
1728464417474140000,2560,594,508,1359,714,2
1728464417474983000,2503,343,818,1484,577,71
1728464417475826000,2412,122,1154,1586,423,250
1728464417476668000,2278,13,1507,1651,249,453
1728464417477511000,1801,0,1840,1639,117,684
1728464417478353000,1506,4,2127,1548,18,904
1728464417479195000,1168,56,2528,1379,0,1093
1728464417480037000,842,242,2620,1185,0,1297
1728464417480878000,553,520,2666,942,9,1467
1728464417481721000,285,815,2648,744,119,1594
1728464417482563000,64,1183,2561,535,281,1661
1728464417483406000,0,1443,2411,360,482,1702
1728464417484248000,0,1749,2013,202,699,1675
1728464417485090000,0,2024,1606,93,832,1552
1728464417485932000,53,2559,1264,0,993,1368
1728464417486773000,258,2814,890,0,1160,1159
1728464417487615000,525,2919,576,0,1285,931
1728464417488457000,815,2850,299,66,1369,714
1728464417489300000,1161,2608,74,231,1424,517
1728464417490150000,1472,2148,6,448,1423,298
1728464417490993000,1768,1813,0,663,1371,157
1728464417491835000,2003,1546,0,868,1234,18
1728464417492676000,2360,1296,73,1064,1082,0
1728464417493518000,2476,946,282,1279,914,0
1728464417494360000,2540,579,593,1396,709,0
1728464417495203000,2480,285,915,1529,532,126
1728464417496045000,2383,78,1265,1611,362,298
1728464417496887000,2016,16,1608,1654,218,521
1728464417497729000,1730,8,1916,1620,100,743
1728464417498571000,1422,2,2176,1528,2,948
1728464417499413000,1100,83,2568,1338,0,1145
1728464417500255000,846,310,2639,1115,0,1347
1728464417501097000,535,586,2667,899,40,1496
1728464417501940000,301,893,2602,758,164,1619
1728464417502783000,0,1225,2553,552,328,1713
1728464417503642000,0,1520,2151,367,511,1728
1728464417504484000,0,1840,1839,169,717,1642
1728464417505326000,0,2072,1527,64,880,1511
1728464417506168000,101,2639,1151,0,1039,1319
1728464417507010000,330,2867,808,0,1189,1098
1728464417507852000,616,2922,488,0,1313,880
1728464417508695000,901,2800,220,82,1369,660
1728464417509538000,1230,2520,34,290,1434,466
1728464417510380000,1546,1999,0,500,1426,277
1728464417511222000,1837,1729,2,723,1344,119
1728464417512064000,2075,1399,0,922,1193,100
1728464417512906000,2417,1073,64,1095,1021,81
1728464417513748000,2503,764,320,1283,865,23
1728464417514590000,2524,453,667,1436,661,25
1728464417515433000,2463,213,1003,1545,481,164
1728464417516275000,2349,28,1352,1631,331,361
1728464417517123000,1920,2,1695,1646,171,576
1728464417517965000,1642,0,2003,1601,64,794
1728464417518807000,1344,0,2444,1470,47,998
1728464417519649000,1019,138,2584,1275,23,1200
1728464417520491000,695,363,2659,1053,23,1385
1728464417521334000,405,663,2660,836,92,1533
1728464417522176000,180,975,2609,624,149,1639
1728464417523019000,0,1291,2480,442,335,1687
1728464417523861000,114,1600,2076,288,529,1692
1728464417524704000,0,1910,1768,146,758,1615
1728464417525546000,0,2400,1429,24,916,1466
1728464417526388000,149,2731,1066,0,1088,1263
1728464417527230000,386,2892,733,0,1223,1035
1728464417528072000,676,2912,421,10,1328,817
1728464417528915000,981,2736,183,157,1404,615
1728464417529757000,1323,2424,0,330,1437,423
1728464417530593000,1621,1939,6,561,1407,228
1728464417531435000,1899,1648,0,781,1308,90
1728464417532277000,2335,1367,18,978,1162,0
1728464417533119000,2435,1054,216,1141,981,4
1728464417533961000,2521,678,442,1323,807,0
1728464417534803000,2513,386,748,1478,612,47
1728464417535646000,2440,154,1093,1579,452,216
1728464417536489000,2309,0,1444,1636,282,409
1728464417537331000,1842,0,1779,1650,138,633
1728464417538173000,1567,0,2059,1567,48,856
1728464417539015000,1259,33,2476,1423,0,1088
1728464417539857000,928,211,2603,1219,0,1242
1728464417540699000,618,455,2656,995,0,1431
1728464417541542000,345,809,2656,778,96,1541
1728464417542385000,149,1151,2573,588,261,1641
1728464417543227000,0,1323,2447,388,513,1676
1728464417544089000,0,1665,1989,248,651,1680
1728464417544931000,0,1976,1682,106,798,1586
1728464417545773000,21,2510,1338,9,962,1422
1728464417546615000,213,2780,975,0,1123,1205
1728464417547457000,463,2915,644,0,1249,977
1728464417548299000,753,2880,356,45,1355,757
1728464417549142000,1090,2656,116,196,1410,561
1728464417549984000,1415,2303,14,403,1437,354
1728464417550826000,1694,1857,0,623,1375,194
1728464417551668000,1888,1560,10,894,1264,102
1728464417552510000,2337,1235,79,1073,1111,0
1728464417553352000,2443,905,290,1248,927,2
1728464417554194000,2520,594,527,1373,746,0
1728464417555036000,2496,321,842,1498,569,90
1728464417555879000,2415,117,1172,1600,407,266
1728464417556721000,2208,9,1534,1646,253,476
1728464417557568000,1781,9,1859,1634,106,698
1728464417558410000,1473,1,2203,1532,16,900
1728464417559252000,1163,64,2559,1375,0,1112
1728464417560094000,853,270,2656,1158,0,1316
1728464417560936000,537,528,2687,951,5,1484
1728464417561779000,279,813,2580,717,139,1665
1728464417562621000,73,1159,2533,530,323,1728
1728464417563463000,33,1508,2261,357,477,1603
1728464417564305000,0,1776,1913,192,660,1663
1728464417565147000,0,2032,1589,85,838,1540
1728464417565989000,68,2572,1237,0,1005,1357
1728464417566831000,276,2831,888,0,1154,1146
1728464417567673000,533,2919,562,0,1285,922
1728464417568515000,853,2835,276,79,1368,697
1728464417569357000,1169,2570,64,253,1427,492
1728464417570199000,1484,2096,9,458,1427,320
1728464417571060000,1784,1788,5,674,1350,141
1728464417571902000,1999,1463,0,879,1182,21
1728464417572744000,2400,1138,90,1066,1014,0
1728464417573586000,2590,810,340,1258,842,0
1728464417574428000,2528,514,601,1403,698,0
1728464417575270000,2478,267,924,1530,521,130
1728464417576113000,2374,64,1278,1615,362,308
1728464417576955000,1974,6,1626,1648,197,535
1728464417577798000,1704,8,1943,1619,79,747
1728464417578640000,1372,0,2177,1497,0,960
1728464417579482000,1076,109,2563,1312,0,1162
1728464417580324000,745,331,2639,1100,0,1348
1728464417581166000,458,597,2672,879,37,1509
1728464417582009000,199,960,2648,658,164,1632
1728464417582851000,5,1248,2514,481,362,1686
1728464417583693000,0,1557,2209,295,549,1703
1728464417584535000,0,1861,1829,166,717,1629
1728464417585377000,0,2112,1497,54,891,1504
1728464417586219000,123,2647,1137,0,1049,1299
1728464417587061000,338,2872,793,0,1202,1088
1728464417587903000,620,2924,474,0,1319,858
1728464417588745000,927,2789,202,117,1392,645
1728464417589588000,1279,2485,11,305,1439,448
1728464417590430000,1547,1991,1,520,1396,252
1728464417591272000,1856,1784,17,739,1333,100
1728464417592114000,2202,1502,0,947,1188,0
1728464417592955000,2458,1151,135,1146,1032,0
1728464417593797000,2511,767,390,1307,832,0
1728464417594639000,2520,448,706,1434,642,37
1728464417595482000,2452,199,1035,1557,480,172
1728464417596324000,2339,26,1378,1632,314,370
1728464417597166000,1904,5,1712,1648,165,584
1728464417598016000,1658,0,2018,1596,57,813
1728464417598858000,1390,0,2474,1462,0,1020
1728464417599700000,1069,158,2590,1272,0,1208
1728464417600542000,727,388,2653,1049,0,1399
1728464417601385000,462,678,2628,882,48,1535
1728464417602228000,93,988,2615,675,212,1681
1728464417603071000,0,1344,2496,381,386,1687
1728464417603913000,0,1647,2047,270,586,1696
1728464417604755000,0,1927,1731,132,772,1604
1728464417605597000,0,2407,1401,30,924,1441
1728464417606439000,164,2723,1047,0,1096,1248
1728464417607281000,409,2912,696,0,1244,1032
1728464417608123000,684,2907,405,16,1344,796
1728464417608966000,1017,2705,149,168,1412,596
1728464417609808000,1346,2382,0,364,1430,394
1728464417610650000,1636,1919,9,576,1404,224
1728464417611502000,1904,1668,50,779,1294,157
1728464417612344000,2352,1315,0,980,1139,88
1728464417613186000,2449,961,133,1175,967,77
1728464417614028000,2528,648,467,1340,777,1
1728464417614871000,2508,373,786,1474,597,82
1728464417615714000,2434,146,1120,1578,448,229
1728464417616556000,2303,0,1472,1650,276,425
1728464417617399000,1840,0,1806,1654,133,650
1728464417618241000,1551,54,2082,1564,40,866
1728464417619083000,1234,72,2511,1414,39,1066
1728464417619925000,910,221,2608,1206,45,1262
1728464417620767000,607,460,2668,986,13,1442
1728464417621610000,329,736,2650,779,161,1574
1728464417622452000,145,1069,2573,557,215,1660
1728464417623295000,0,1377,2431,402,394,1693
1728464417624137000,0,1734,1970,225,642,1679
1728464417624982000,0,2008,1656,104,808,1578
1728464417625824000,43,2515,1305,3,970,1398
1728464417626666000,226,2790,960,0,1131,1193
1728464417627508000,481,2927,632,0,1270,966
1728464417628350000,766,2875,338,64,1347,761
1728464417629193000,1098,2644,106,203,1404,533
1728464417630035000,1409,2254,9,410,1424,349
1728464417630878000,1728,1850,0,627,1368,181
1728464417631720000,1962,1561,14,837,1261,50
1728464417632562000,2360,1216,64,1013,1103,0
1728464417633404000,2471,906,266,1203,915,0
1728464417634246000,2520,564,535,1383,737,0
1728464417635089000,2496,304,862,1500,552,101
1728464417635932000,2392,100,1209,1602,388,274
1728464417636774000,2126,16,1552,1648,235,482
1728464417637616000,1770,10,1875,1632,107,705
1728464417638470000,1472,0,2142,1533,21,902
1728464417639312000,1149,81,2528,1356,0,1114
1728464417640154000,821,281,2630,1144,0,1301
1728464417640996000,537,570,2659,930,26,1464
1728464417641839000,281,942,2630,732,151,1568
1728464417642682000,93,1241,2542,529,378,1646
1728464417643524000,0,1480,2232,350,511,1703
1728464417644366000,0,1812,1892,192,682,1655
1728464417645208000,0,2042,1571,78,862,1529
1728464417646050000,81,2601,1224,0,1009,1347
1728464417646892000,282,2841,875,0,1168,1133
1728464417647734000,564,2928,530,0,1295,916
1728464417648576000,882,2812,273,93,1376,684
1728464417649419000,1193,2549,64,278,1421,493
1728464417650261000,1495,2039,17,476,1413,294
1728464417651104000,1694,1749,0,751,1344,181
1728464417651951000,1976,1458,28,946,1200,49
1728464417652793000,2364,1117,149,1133,1037,5
1728464417653635000,2487,794,341,1271,872,0
1728464417654477000,2522,502,621,1412,683,9
1728464417655320000,2464,242,954,1537,509,146
1728464417656163000,2368,58,1304,1614,353,335
1728464417657005000,1951,5,1637,1653,196,533
1728464417657847000,1686,5,2012,1610,87,767
1728464417658689000,1377,0,2230,1498,0,976
1728464417659531000,1055,128,2605,1303,0,1168
1728464417660373000,740,341,2665,1094,0,1368
1728464417661215000,454,627,2574,860,28,1602
1728464417662058000,197,944,2577,658,210,1685
1728464417662900000,64,1300,2480,455,370,1703
1728464417663742000,0,1584,2106,306,538,1704
1728464417664584000,0,1870,1810,161,738,1627
1728464417665439000,0,2255,1491,53,891,1487
1728464417666281000,122,2670,1130,0,1058,1295
1728464417667123000,356,2888,778,0,1206,1081
1728464417667965000,640,2914,458,0,1328,826
1728464417668808000,960,2760,201,137,1400,640
1728464417669650000,1286,2462,21,320,1427,436
1728464417670492000,1578,1974,0,530,1414,256
1728464417671334000,1869,1669,0,733,1275,103
1728464417672177000,2412,1372,28,971,1150,0
1728464417673019000,2536,1041,215,1144,971,0
1728464417673861000,2511,730,409,1308,817,1
1728464417674703000,2515,426,711,1450,650,30
1728464417675545000,2451,188,1041,1557,468,185
1728464417676387000,2328,26,1402,1632,312,386
1728464417677229000,1888,5,1731,1652,156,599
1728464417678071000,1590,4,2032,1574,44,817
1728464417678936000,1280,0,2485,1445,0,1031
1728464417679778000,960,173,2596,1244,0,1231
1728464417680620000,650,417,2664,1032,0,1420
1728464417681462000,367,738,2672,794,69,1529
1728464417682305000,122,1016,2698,601,231,1660
1728464417683147000,0,1367,2543,430,437,1702
1728464417683989000,0,1658,2018,260,601,1683
1728464417684831000,0,1937,1714,132,777,1584
1728464417685673000,0,2428,1383,23,946,1434
1728464417686515000,183,2744,1020,0,1102,1231
1728464417687357000,431,2914,686,0,1248,1002
1728464417688199000,724,2883,369,25,1344,785
1728464417689042000,1050,2702,146,171,1410,564
1728464417689884000,1367,2375,0,367,1431,386
1728464417690726000,1662,1971,2,597,1402,188
1728464417691568000,1962,1674,9,808,1346,55
1728464417692407000,2386,1359,13,994,1219,0
1728464417693249000,2465,969,224,1183,971,0
1728464417694091000,2520,632,498,1350,768,0
1728464417694933000,2497,362,801,1480,583,74
1728464417695776000,2427,141,1152,1585,433,241
1728464417696618000,2288,0,1483,1643,271,452
1728464417697461000,1853,5,1823,1641,124,658
1728464417698303000,1570,0,2104,1567,23,874
1728464417699145000,1264,37,2521,1437,0,1081
1728464417699987000,918,234,2620,1241,0,1283
1728464417700829000,505,463,2639,1031,0,1459
1728464417701672000,250,769,2672,805,98,1600
1728464417702514000,41,1103,2573,507,266,1650
1728464417703356000,0,1448,2413,378,455,1719
1728464417704198000,0,1743,1953,226,658,1664
1728464417705040000,0,2006,1626,107,828,1558
1728464417705889000,50,2531,1284,5,984,1386
1728464417706731000,234,2815,930,0,1150,1180
1728464417707573000,493,2908,593,0,1295,945
1728464417708415000,794,2859,314,64,1364,724
1728464417709258000,1126,2625,84,228,1421,533
1728464417710100000,1443,2233,0,423,1431,330
1728464417710942000,1744,1828,0,637,1383,224
1728464417711784000,2040,1544,0,847,1258,0
1728464417712626000,2438,1229,31,1048,1088,0
1728464417713468000,2490,856,284,1238,909,0
1728464417714310000,2519,551,570,1385,714,2
1728464417715153000,2481,288,901,1509,542,112
1728464417715996000,2392,89,1235,1606,378,296
1728464417716838000,2076,10,1581,1655,226,496
1728464417717681000,1745,0,1893,1627,87,723
1728464417718523000,1438,0,2168,1518,0,931
1728464417719376000,1120,72,2553,1351,0,1137
1728464417720218000,809,283,2643,1132,0,1329
1728464417721060000,631,553,2678,917,0,1475
1728464417721903000,372,854,2667,718,137,1603
1728464417722745000,106,1202,2532,568,290,1688
1728464417723587000,0,1520,2167,341,517,1696
1728464417724429000,0,1818,1862,182,690,1647
1728464417725271000,0,2059,1562,69,869,1516
1728464417726113000,90,2624,1185,0,1026,1345
1728464417726955000,309,2857,836,0,1183,1122
1728464417727797000,559,2919,522,0,1294,884
1728464417728639000,882,2808,253,86,1387,681
1728464417729482000,1216,2545,64,279,1417,482
1728464417730324000,1521,2021,2,486,1433,284
1728464417731167000,1797,1735,106,704,1380,157
1728464417732009000,2029,1485,64,900,1227,31
1728464417732857000,2416,1127,164,1098,1053,0
1728464417733699000,2511,781,352,1279,855,0
1728464417734541000,2511,470,645,1423,674,16
1728464417735384000,2467,234,978,1536,498,158
1728464417736226000,2352,38,1323,1625,344,341
1728464417737069000,1941,6,1658,1654,192,563
1728464417737911000,1663,74,1968,1600,72,767
1728464417738753000,1359,42,2241,1487,0,983
1728464417739595000,1043,169,2576,1295,0,1183
1728464417740437000,732,418,2645,1077,0,1345
1728464417741279000,434,558,2656,836,130,1504
1728464417742122000,202,909,2605,665,228,1608
1728464417742965000,17,1291,2507,470,368,1698
1728464417743807000,0,1608,2088,290,556,1704
1728464417744649000,0,1894,1795,149,746,1622
1728464417745491000,0,2369,1460,34,914,1485
1728464417746340000,148,2700,1103,0,1067,1277
1728464417747182000,370,2881,767,1,1226,1066
1728464417748024000,619,2912,448,1,1323,846
1728464417748867000,960,2751,201,146,1396,635
1728464417749710000,1314,2445,5,320,1445,425
1728464417750553000,1571,1962,21,532,1410,274
1728464417751395000,1863,1716,37,756,1317,116
1728464417752237000,2315,1428,16,939,1173,0
1728464417753079000,2445,1029,178,1152,1005,0
1728464417753921000,2516,695,423,1340,815,0
1728464417754763000,2519,410,735,1458,622,45
1728464417755606000,2441,165,1057,1567,464,196
1728464417756449000,2319,10,1418,1642,292,394
1728464417757292000,1872,0,1730,1647,154,636
1728464417758134000,1591,1,2031,1575,49,824
1728464417758976000,1269,14,2480,1433,0,1029
1728464417759826000,948,239,2601,1244,0,1235
1728464417760668000,625,521,2656,1036,0,1381
1728464417761511000,356,813,2653,825,111,1505
1728464417762353000,170,1006,2589,585,304,1625
1728464417763196000,0,1383,2477,421,415,1701
1728464417764038000,0,1675,2016,258,609,1683
1728464417764880000,0,1960,1702,124,785,1587
1728464417765722000,17,2458,1370,21,960,1427
1728464417766564000,192,2759,1001,0,1116,1225
1728464417767406000,450,2899,660,0,1230,984
1728464417768248000,738,2872,366,37,1344,776
1728464417769091000,1072,2688,137,180,1403,576
1728464417769933000,1394,2368,0,386,1436,376
1728464417770775000,1588,1880,0,663,1375,237
1728464417771617000,1874,1593,50,860,1274,79
1728464417772459000,2329,1276,50,957,1127,0
1728464417773309000,2464,942,229,1195,956,0
1728464417774151000,2528,621,509,1362,754,0
1728464417774994000,2501,343,809,1487,585,87
1728464417775836000,2429,125,1152,1589,424,247
1728464417776678000,2269,10,1511,1655,256,455
1728464417777520000,1792,4,1919,1632,107,679
1728464417778362000,1504,10,2181,1545,29,898
1728464417779204000,1198,56,2576,1395,4,1100
1728464417780045000,855,238,2663,1175,0,1297
1728464417780887000,544,523,2719,946,31,1465
1728464417781730000,286,818,2557,727,126,1673
1728464417782573000,90,1147,2541,554,295,1716
1728464417783415000,0,1456,2335,378,471,1703
1728464417784257000,0,1760,1918,217,658,1663
1728464417785099000,0,2015,1611,97,842,1549
1728464417785941000,57,2552,1259,0,998,1377
1728464417786862000,261,2819,912,0,1154,1164
1728464417787704000,512,2923,576,0,1286,933
1728464417788546000,832,2840,300,68,1374,713
1728464417789389000,1138,2605,68,234,1425,509
1728464417790231000,1472,2181,0,441,1460,306
1728464417791073000,1787,1765,0,666,1290,149
1728464417791915000,2017,1472,5,869,1187,30
1728464417792757000,2389,1189,82,1056,1077,1
1728464417793599000,2495,858,313,1240,888,0
1728464417794441000,2525,537,586,1401,709,0
1728464417795284000,2487,279,912,1505,532,119
1728464417796127000,2375,78,1263,1612,383,303
1728464417796969000,1998,13,1608,1676,215,510
1728464417797811000,1696,5,1917,1648,83,736
1728464417798653000,1409,0,2161,1508,10,945
1728464417799495000,1095,93,2556,1328,0,1151
1728464417800278000,736,297,2636,1088,0,1332
1728464417801120000,453,583,2672,881,34,1531
1728464417801963000,226,943,2643,675,186,1600
1728464417802805000,42,1225,2527,515,338,1692
1728464417803647000,0,1537,2141,320,519,1706
1728464417804489000,0,1839,1848,192,717,1650
1728464417805331000,0,2062,1519,64,895,1506
1728464417806173000,104,2636,1161,0,1033,1319
1728464417807015000,320,2864,811,0,1189,1106
1728464417807857000,596,2917,480,0,1316,883
1728464417808700000,917,2781,221,104,1401,657
1728464417809542000,1232,2521,25,293,1439,464
1728464417810384000,1586,2009,0,499,1410,206
1728464417811226000,1810,1847,0,754,1353,93
1728464417812068000,2093,1504,0,963,1219,0
1728464417812910000,2431,1095,141,1121,1028,0
1728464417813756000,2503,754,388,1293,843,0
1728464417814598000,2511,464,676,1429,656,34
1728464417815440000,2468,218,1005,1549,501,169
1728464417816282000,2352,37,1346,1634,343,357
1728464417817124000,1927,0,1699,1650,157,566
1728464417817966000,1645,0,1988,1601,53,788
1728464417818808000,1344,0,2429,1472,0,999
1728464417819650000,1031,141,2581,1288,0,1196
1728464417820492000,753,346,2675,1059,0,1379
1728464417821334000,521,650,2711,847,34,1535
1728464417822177000,89,967,2598,704,181,1650
1728464417823019000,0,1328,2501,448,383,1707
1728464417823861000,0,1633,2063,280,577,1688
1728464417824703000,0,1899,1760,153,759,1612
1728464417825545000,0,2384,1428,32,916,1452
1728464417826387000,148,2727,1072,0,1088,1266
1728464417827246000,377,2890,727,0,1224,1040
1728464417828088000,666,2896,429,13,1322,818
1728464417828931000,993,2729,181,154,1403,610
1728464417829774000,1309,2429,8,322,1433,414
1728464417830616000,1606,1919,91,551,1438,250
1728464417831458000,1880,1691,53,773,1342,90
1728464417832300000,2331,1349,50,975,1162,0
1728464417833141000,2447,1001,192,1162,984,0
1728464417833983000,2509,676,443,1329,802,0
1728464417834825000,2512,387,754,1466,618,44
1728464417835668000,2435,153,1088,1584,458,214
1728464417836510000,2319,1,1440,1644,285,410
1728464417837352000,1856,87,1761,1639,146,622
1728464417838194000,1569,57,2055,1567,49,843
1728464417839036000,1254,66,2496,1436,0,1045
1728464417839878000,960,270,2608,1257,10,1226
1728464417840725000,673,520,2664,1000,2,1415
1728464417841568000,342,676,2649,779,165,1538
1728464417842411000,123,1072,2589,591,249,1663
1728464417843254000,0,1418,2467,407,434,1700
1728464417844096000,0,1709,1998,245,626,1688
1728464417844938000,0,1975,1684,117,802,1573
1728464417845780000,18,2488,1347,9,965,1425
1728464417846622000,210,2781,988,0,1123,1205
1728464417847464000,469,2925,656,0,1248,993
1728464417848306000,741,2864,353,51,1356,762
1728464417849149000,1074,2667,121,205,1423,569
1728464417849991000,1358,2314,48,442,1428,354
1728464417850833000,1652,1862,0,562,1386,185
1728464417851675000,1919,1573,0,799,1260,82
1728464417852517000,2369,1244,40,1023,1124,0
1728464417853359000,2475,914,254,1208,936,1
1728464417854206000,2524,602,522,1369,752,0
1728464417855049000,2488,320,832,1501,567,91
1728464417855892000,2407,107,1173,1600,405,252
1728464417856734000,2224,8,1567,1644,247,469
1728464417857577000,1781,4,1829,1629,111,754
1728464417858419000,1478,0,2112,1536,22,944
1728464417859261000,1169,45,2519,1393,0,1137
1728464417860103000,855,261,2585,1153,11,1369
1728464417860945000,588,541,2649,939,36,1501
1728464417861788000,324,833,2613,725,128,1524
1728464417862630000,65,1159,2566,544,292,1675
1728464417863472000,0,1472,2277,370,482,1712
1728464417864314000,0,1776,1916,199,667,1661
1728464417865156000,0,2032,1600,89,839,1541
1728464417865998000,64,2573,1248,0,1002,1369
1728464417866840000,276,2812,896,0,1161,1144
1728464417867694000,523,2912,560,0,1291,914
1728464417868536000,846,2832,293,76,1372,707
1728464417869379000,1166,2598,78,242,1426,493
1728464417870221000,1605,2120,18,459,1393,309
1728464417871064000,1879,1774,58,686,1327,139
1728464417871906000,2025,1484,0,921,1221,52
1728464417872748000,2402,1174,101,1067,1072,2
1728464417873590000,2504,837,314,1253,896,0
1728464417874432000,2528,516,597,1407,706,1
1728464417875275000,2476,269,927,1529,523,129
1728464417876117000,2368,64,1282,1615,369,310
1728464417876959000,1984,9,1617,1637,202,534
1728464417877802000,1703,5,1936,1615,92,759
1728464417878644000,1396,0,2178,1510,0,962
1728464417879486000,1080,106,2574,1326,0,1156
1728464417880328000,749,320,2679,1095,0,1359
1728464417881175000,462,586,2735,866,94,1533
1728464417882018000,224,925,2641,675,180,1619
1728464417882861000,25,1248,2521,495,352,1689
1728464417883703000,0,1553,2119,320,538,1692
1728464417884545000,0,1848,1823,175,726,1634
1728464417885387000,0,2088,1516,51,889,1505
1728464417886229000,107,2659,1145,0,1050,1304
1728464417887071000,349,2857,786,0,1205,1088
1728464417887913000,618,2920,474,0,1317,860
1728464417888756000,926,2787,221,117,1396,651
1728464417889599000,1269,2416,18,277,1507,439
1728464417890441000,1541,1902,0,514,1479,238
1728464417891283000,1845,1639,0,753,1373,106
1728464417892125000,2185,1418,0,934,1188,16
1728464417892967000,2426,1084,154,1120,1018,0
1728464417893809000,2508,746,389,1294,842,0
1728464417894662000,2519,455,690,1439,647,34
1728464417895505000,2453,202,1025,1553,485,175
1728464417896348000,2371,33,1372,1657,308,369
1728464417897190000,1879,0,1711,1693,174,583
1728464417898032000,1609,0,2012,1628,58,815
1728464417898874000,1303,0,2479,1496,0,1009
1728464417899716000,933,143,2614,1294,0,1211
1728464417900558000,637,382,2660,981,0,1388
1728464417901400000,356,679,2659,808,82,1564
1728464417902243000,164,1006,2616,626,218,1655
1728464417903086000,0,1347,2492,448,400,1701
1728464417903928000,0,1632,2043,283,599,1690
1728464417904770000,0,1915,1734,148,763,1600
1728464417905612000,0,2412,1415,29,932,1461
1728464417906454000,156,2740,1047,0,1097,1260
1728464417907296000,413,2904,706,0,1248,1030
1728464417908145000,696,2895,407,31,1347,805
1728464417908988000,1012,2725,130,138,1413,604
1728464417909830000,1381,2416,0,356,1452,441
1728464417910673000,1712,1948,0,576,1391,154
1728464417911515000,1897,1743,0,806,1302,33
1728464417912357000,2345,1318,9,993,1154,0
1728464417913199000,2458,984,216,1167,966,0
1728464417914041000,2508,655,471,1344,779,0
1728464417914884000,2508,378,772,1468,607,66
1728464417915726000,2446,154,1116,1582,448,220
1728464417916568000,2302,0,1459,1643,314,421
1728464417917410000,1833,0,1798,1640,109,639
1728464417918252000,1614,0,2088,1562,36,865
1728464417919094000,1300,28,2502,1414,0,1072
1728464417919936000,1030,194,2656,1224,0,1272
1728464417920778000,702,440,2719,1002,0,1454
1728464417921624000,389,757,2648,805,90,1579
1728464417922467000,101,1110,2574,576,271,1667
1728464417923309000,0,1428,2434,389,458,1702
1728464417924151000,0,1724,1969,242,633,1671
1728464417924993000,0,1984,1656,110,819,1568
1728464417925835000,30,2521,1308,0,969,1413
1728464417926677000,220,2799,960,0,1135,1194
1728464417927519000,477,2919,631,0,1266,972
1728464417928361000,776,2864,342,36,1345,750
1728464417929203000,1088,2655,165,201,1429,555
1728464417930046000,1429,2308,47,397,1452,350
1728464417930888000,1713,1856,0,645,1363,277
1728464417931730000,1984,1548,0,843,1269,90
1728464417932572000,2383,1242,64,1038,1103,8
1728464417933414000,2480,888,279,1224,933,0
1728464417934256000,2516,576,539,1387,738,0
1728464417935120000,2504,312,856,1506,568,98
1728464417935963000,2400,130,1192,1600,403,273
1728464417936805000,2143,64,1549,1648,229,469
1728464417937647000,1760,0,1868,1631,157,700
1728464417938489000,1472,0,2147,1528,64,915
1728464417939331000,1122,0,2527,1360,43,1100
1728464417940173000,808,192,2631,1151,47,1300
1728464417941015000,540,490,2668,939,64,1480
1728464417941858000,265,853,2646,715,146,1604
1728464417942700000,65,1190,2560,522,312,1685
1728464417943543000,0,1508,2222,356,494,1694
1728464417944385000,0,1793,1895,202,685,1653
1728464417945227000,0,2047,1580,71,848,1530
1728464417946069000,55,2588,1219,0,1012,1345
1728464417946911000,260,2845,856,0,1175,1148
1728464417947753000,551,2913,552,0,1283,909
1728464417948596000,850,2820,267,84,1389,698
1728464417949439000,1167,2563,53,229,1426,508
1728464417950281000,1477,2101,31,458,1429,312
1728464417951123000,1778,1804,10,668,1358,125
1728464417951965000,2026,1484,0,904,1230,30
1728464417952807000,2413,1129,98,1088,1067,0
1728464417953649000,2497,805,332,1264,869,2
1728464417954491000,2513,497,629,1417,688,8
1728464417955334000,2471,250,953,1533,513,145
1728464417956177000,2371,52,1274,1616,369,373
1728464417957019000,1954,9,1614,1644,207,576
1728464417957861000,1687,5,1941,1607,74,742
1728464417958703000,1374,0,2204,1507,0,961
1728464417959545000,1089,113,2554,1314,1,1114
1728464417960387000,729,438,2637,1115,5,1328
1728464417961229000,472,705,2663,901,68,1489
1728464417962086000,207,933,2628,663,179,1635
1728464417962928000,10,1266,2526,482,354,1694
1728464417963770000,0,1581,2104,302,552,1701
1728464417964612000,0,1871,1815,162,730,1623
1728464417965454000,0,2179,1490,49,902,1488
1728464417966296000,128,2659,1121,0,1043,1288
1728464417967138000,356,2878,782,0,1204,1070
1728464417967980000,640,2898,453,0,1306,842
1728464417968822000,994,2771,206,128,1378,628
1728464417969665000,1332,2453,36,303,1418,429
1728464417970507000,1444,1964,0,590,1397,293
1728464417971349000,1797,1695,13,785,1324,132
1728464417972191000,2314,1394,0,947,1194,9
1728464417973033000,2435,1053,157,1132,1005,0
1728464417973875000,2506,732,406,1302,826,1
1728464417974717000,2509,435,701,1440,641,44
1728464417975571000,2446,193,1042,1562,476,176
1728464417976413000,2323,13,1383,1632,320,382
1728464417977256000,1888,10,1792,1640,153,602
1728464417978098000,1605,2,2085,1587,49,826
1728464417978940000,1294,2,2528,1454,1,1027
1728464417979782000,988,188,2641,1251,13,1223
1728464417980624000,656,448,2690,1025,2,1406
1728464417981467000,389,711,2639,808,79,1576
1728464417982310000,148,1018,2607,621,240,1651
1728464417983152000,0,1356,2474,438,417,1708
1728464417983994000,0,1657,2031,266,602,1683
1728464417984836000,0,1936,1717,132,779,1609
1728464417985678000,10,2435,1384,21,947,1444
1728464417986520000,170,2748,1024,10,1112,1231
1728464417987362000,426,2904,678,0,1254,1018
1728464417988204000,725,2912,392,23,1344,795
1728464417989050000,1031,2631,122,165,1483,568
1728464417989892000,1376,2345,0,379,1474,372
1728464417990735000,1649,1859,0,576,1320,201
1728464417991577000,1932,1613,0,795,1300,79
1728464417992419000,2348,1305,30,996,1125,0
1728464417993261000,2462,964,226,1183,962,0
1728464417994103000,2515,651,475,1344,773,0
1728464417994946000,2503,366,799,1472,592,64
1728464417995789000,2392,138,1133,1615,431,235
1728464417996631000,2272,0,1482,1675,260,432
1728464417997474000,1798,0,1808,1647,128,666
1728464417998316000,1523,2,2105,1551,29,883
1728464417999158000,1174,52,2510,1370,0,1091
1728464418000000000,852,228,2611,1186,0,1306
1728464418000842000,564,530,2684,961,0,1456
1728464418001684000,322,779,2653,757,122,1580
1728464418002529000,98,1113,2576,565,272,1672
1728464418003371000,0,1436,2423,392,458,1705
1728464418004213000,0,1733,1933,221,654,1669
1728464418005055000,0,2001,1632,102,832,1557
1728464418005897000,32,2515,1279,0,986,1389
1728464418006739000,245,2804,934,0,1148,1182
1728464418007581000,505,2927,591,0,1281,935
1728464418008423000,810,2880,297,47,1379,722
1728464418009266000,1095,2725,73,229,1413,482
1728464418010108000,1445,2277,0,460,1440,299
1728464418010950000,1759,1888,5,661,1371,165
1728464418011792000,1999,1534,1,858,1263,58
1728464418012634000,2380,1203,73,1055,1087,0
1728464418013476000,2484,869,298,1233,900,0
1728464418014318000,2519,557,559,1388,718,2
1728464418015161000,2498,297,887,1505,541,112
1728464418016017000,2471,82,1229,1600,369,277
1728464418016859000,2114,5,1570,1648,215,497
1728464418017702000,1760,1,1899,1666,98,714
1728464418018544000,1415,0,2157,1559,5,936
1728464418019386000,1041,75,2561,1394,0,1187
1728464418020228000,718,293,2656,1176,0,1359
1728464418021070000,458,543,2663,943,31,1483
1728464418021912000,255,881,2628,704,151,1604
1728464418022754000,45,1208,2552,517,322,1683
1728464418023596000,0,1524,2168,340,506,1704
1728464418024438000,0,1815,1860,184,704,1635
1728464418025280000,0,2056,1542,69,872,1522
1728464418026122000,86,2608,1201,0,1023,1344
1728464418026964000,298,2846,847,0,1188,1128
1728464418027806000,568,2918,517,0,1311,896
1728464418028649000,877,2827,293,96,1395,675
1728464418029503000,1209,2524,0,272,1429,554
1728464418030345000,1543,2031,0,486,1434,334
1728464418031187000,1823,1743,0,709,1358,122
1728464418032029000,2046,1456,0,912,1216,37
1728464418032871000,2416,1127,135,1096,1046,0
1728464418033713000,2497,781,349,1279,860,0
1728464418034555000,2530,480,642,1419,682,10
1728464418035398000,2464,217,974,1550,551,149
1728464418036241000,2360,29,1306,1614,378,338
1728464418037083000,1926,0,1661,1652,169,550
1728464418037926000,1665,0,1959,1605,64,773
1728464418038768000,1348,0,2240,1480,0,980
1728464418039610000,1140,102,2588,1297,0,1180
1728464418040452000,843,343,2671,1088,0,1369
1728464418041294000,428,647,2660,848,53,1513
1728464418042137000,188,968,2610,644,201,1632
1728464418042993000,13,1303,2510,466,366,1684
1728464418043834000,0,1600,2093,293,552,1687
1728464418044676000,0,1889,1783,148,744,1621
1728464418045518000,0,2351,1461,21,911,1473
1728464418046360000,138,2679,1102,0,1065,1285
1728464418047202000,358,2888,764,0,1216,1070
1728464418048044000,637,2918,448,0,1326,842
1728464418048887000,956,2790,183,110,1402,598
1728464418049729000,1284,2428,114,321,1454,431
1728464418050572000,1592,1941,79,543,1441,245
1728464418051414000,1883,1674,0,773,1314,93
1728464418052256000,2318,1359,9,963,1176,2
1728464418053098000,2444,1033,171,1145,1002,1
1728464418053940000,2515,696,429,1318,808,0
1728464418054782000,2503,398,727,1460,625,37
1728464418055624000,2444,173,1047,1556,461,181
1728464418056477000,2315,21,1396,1632,305,378
1728464418057319000,1880,74,1738,1644,165,605
1728464418058161000,1598,47,2040,1594,37,819
1728464418059003000,1308,66,2493,1459,0,1010
1728464418059845000,997,242,2582,1234,0,1227
1728464418060687000,691,494,2658,1035,0,1390
1728464418061529000,365,714,2659,807,92,1556
1728464418062372000,139,1050,2595,596,238,1659
1728464418063214000,0,1388,2475,424,424,1710
1728464418064056000,0,1681,2011,252,619,1685
1728464418064898000,0,1961,1707,134,786,1586
1728464418065740000,20,2459,1376,21,945,1416
1728464418066582000,199,2757,1009,0,1093,1223
1728464418067424000,448,2909,679,0,1257,994
1728464418068266000,762,2880,375,42,1345,773
1728464418069109000,979,2690,128,234,1400,612
1728464418069951000,1318,2368,14,418,1426,393
1728464418070793000,1649,1889,9,535,1385,194
1728464418071635000,1945,1605,4,816,1285,64
1728464418072477000,2363,1279,45,1011,1134,0
1728464418073319000,2463,953,233,1181,944,4
1728464418074161000,2521,628,501,1356,767,0
1728464418075003000,2501,341,804,1481,586,79
1728464418075846000,2408,130,1222,1584,427,242
1728464418076688000,2272,0,1563,1644,261,453
1728464418077531000,1799,8,1874,1641,109,672
1728464418078373000,1500,10,2173,1553,25,967
1728464418079215000,1204,50,2409,1381,0,1180
1728464418080057000,866,241,2552,1183,0,1385
1728464418080899000,557,495,2676,962,6,1463
1728464418081742000,302,804,2651,739,122,1591
1728464418082584000,81,1132,2559,551,293,1676
1728464418083442000,0,1457,2321,376,481,1703
1728464418084284000,0,1751,1929,216,650,1664
1728464418085126000,0,2011,1592,105,842,1560
1728464418085968000,64,2552,1257,0,994,1376
1728464418086810000,262,2804,892,0,1157,1149
1728464418087652000,514,2917,576,0,1285,944
1728464418088494000,826,2816,290,87,1401,695
1728464418089337000,1157,2593,77,221,1365,510
1728464418090179000,1447,2172,0,418,1381,320
1728464418091021000,1754,1822,5,662,1368,167
1728464418091863000,2008,1518,0,868,1245,45
1728464418092705000,2393,1199,84,1056,1074,0
1728464418093547000,2486,856,311,1235,902,0
1728464418094389000,2528,546,583,1391,719,0
1728464418095232000,2476,285,919,1565,532,110
1728464418096075000,2371,77,1248,1607,378,310
1728464418096919000,2043,17,1600,1639,220,512
1728464418097761000,1712,0,1927,1624,84,729
1728464418098603000,1408,52,2206,1504,0,953
1728464418099445000,1103,149,2567,1328,0,1150
1728464418100287000,785,352,2652,1109,2,1330
1728464418101129000,494,578,2671,904,31,1504
1728464418101972000,234,894,2639,695,164,1617
1728464418102814000,45,1222,2528,507,345,1687
1728464418103657000,0,1541,2133,331,533,1693
1728464418104499000,0,1832,1854,180,706,1642
1728464418105341000,0,2064,1512,53,874,1513
1728464418106183000,106,2630,1169,0,1046,1310
1728464418107025000,322,2866,810,0,1195,1106
1728464418107867000,600,2932,493,0,1308,878
1728464418108709000,877,2906,203,101,1386,621
1728464418109552000,1229,2608,22,309,1433,434
1728464418110405000,1557,2061,0,497,1424,241
1728464418111248000,1820,1735,0,711,1343,129
1728464418112090000,2079,1438,0,925,1192,25
1728464418112932000,2420,1093,139,1109,1034,0
1728464418113774000,2502,770,373,1284,846,0
1728464418114616000,2519,468,672,1429,655,21
1728464418115459000,2462,200,992,1543,476,161
1728464418116301000,2419,25,1344,1627,313,341
1728464418117144000,1958,0,1692,1657,170,567
1728464418117986000,1600,0,1999,1632,57,802
1728464418118828000,1249,0,2439,1523,0,1047
1728464418119670000,930,132,2558,1349,0,1230
1728464418120512000,651,373,2664,1093,0,1396
1728464418121355000,417,666,2671,839,66,1532
1728464418122197000,180,992,2620,633,205,1649
1728464418123040000,5,1322,2497,458,394,1696
1728464418123887000,0,1625,2062,282,579,1689
1728464418124730000,0,1911,1760,145,749,1610
1728464418125572000,0,2373,1439,29,927,1465
1728464418126414000,137,2707,1082,0,1082,1269
1728464418127256000,376,2905,738,0,1231,1044
1728464418128098000,665,2925,431,0,1319,909
1728464418128941000,993,2724,117,144,1412,676
1728464418129783000,1359,2436,0,339,1437,322
1728464418130625000,1622,1936,0,553,1403,232
1728464418131467000,1889,1651,2,777,1309,93
1728464418132309000,2328,1344,2,970,1163,2
1728464418133151000,2444,1001,192,1153,975,2
1728464418133993000,2512,671,443,1330,802,0
1728464418134835000,2512,432,733,1456,622,45
1728464418135678000,2440,146,1082,1570,501,196
1728464418136520000,2310,0,1425,1640,313,410
1728464418137370000,1859,0,1768,1652,125,619
1728464418138212000,1581,0,2072,1573,4,851
1728464418139054000,1282,0,2497,1423,0,1053
1728464418139896000,1068,181,2609,1230,0,1233
1728464418140738000,621,448,2670,1002,0,1431
1728464418141581000,356,760,2656,776,96,1576
1728464418142424000,124,1072,2591,589,256,1655
1728464418143266000,0,1405,2453,410,433,1701
1728464418144108000,0,1707,1999,242,622,1674
1728464418144950000,0,1956,1682,113,796,1556
1728464418145792000,18,2480,1346,1,960,1428
1728464418146634000,192,2763,992,0,1110,1210
1728464418147476000,453,2919,649,0,1265,992
1728464418148318000,741,2931,366,21,1353,761
1728464418149161000,1058,2666,116,184,1419,553
1728464418150003000,1400,2306,126,392,1454,378
1728464418150861000,1695,1871,13,619,1390,184
1728464418151703000,1958,1585,0,837,1279,78
1728464418152545000,2371,1265,56,1019,1116,0
1728464418153387000,2465,916,258,1218,936,0
1728464418154229000,2520,591,518,1366,757,0
1728464418155072000,2495,341,818,1490,577,132
1728464418155914000,2400,118,1157,1588,411,247
1728464418156756000,2223,90,1509,1639,239,443
1728464418157598000,1794,26,1848,1641,119,678
1728464418158440000,1529,49,2119,1537,20,882
1728464418159282000,1189,111,2526,1364,68,1080
1728464418160124000,846,172,2624,1162,65,1288
1728464418160966000,551,521,2667,944,11,1478
1728464418161808000,282,826,2647,732,136,1596
1728464418162650000,76,1159,2554,542,298,1675
1728464418163492000,0,1482,2290,372,472,1696
1728464418164337000,0,1766,1911,210,671,1661
1728464418165179000,0,2035,1604,92,836,1535
1728464418166021000,64,2563,1263,0,993,1366
1728464418166863000,272,2822,901,0,1163,1166
1728464418167705000,567,2938,568,34,1280,937
1728464418168548000,776,2837,298,127,1364,741
1728464418169391000,1118,2583,93,181,1416,498
1728464418170233000,1445,2112,21,427,1420,313
1728464418171075000,1774,1803,10,672,1364,158
1728464418171918000,2022,1500,0,883,1244,34
1728464418172760000,2400,1172,92,1071,1071,2
1728464418173602000,2486,835,321,1240,882,0
1728464418174444000,2520,530,596,1402,704,0
1728464418175287000,2480,266,965,1511,538,129
1728464418176130000,2371,79,1254,1614,370,372
1728464418176972000,1973,5,1604,1652,207,547
1728464418177824000,1779,25,1898,1615,67,642
1728464418178666000,1462,4,2182,1507,0,880
1728464418179508000,1091,99,2533,1316,0,1109
1728464418180350000,767,325,2659,1118,0,1350
1728464418181192000,477,591,2668,892,46,1504
1728464418182035000,226,911,2616,676,174,1617
1728464418182878000,29,1248,2520,501,352,1690
1728464418183720000,0,1555,2118,309,527,1704
1728464418184562000,0,1848,1825,173,689,1605
1728464418185404000,0,2082,1496,64,886,1492
1728464418186246000,122,2631,1148,0,1029,1309
1728464418187088000,330,2874,805,0,1200,1095
1728464418187930000,704,2914,516,10,1290,866
1728464418188772000,1001,2788,210,137,1378,637
1728464418189615000,1181,2485,22,352,1421,495
1728464418190458000,1557,1991,5,514,1421,269
1728464418191318000,1849,1716,0,737,1338,116
1728464418192160000,2169,1417,0,933,1188,17
1728464418193002000,2424,1090,162,1120,1032,0
1728464418193844000,2508,751,388,1295,837,2
1728464418194686000,2519,466,692,1432,647,24
1728464418195529000,2453,202,1092,1559,484,173
1728464418196372000,2339,36,1429,1627,320,367
1728464418197214000,1906,4,1734,1656,169,594
1728464418198056000,1620,2,1905,1587,46,898
1728464418198898000,1320,0,2387,1458,0,1082
1728464418199740000,995,137,2543,1255,2,1288
1728464418200582000,682,393,2668,1049,0,1407
1728464418201425000,393,681,2663,832,76,1541
1728464418202268000,168,1005,2601,625,230,1645
1728464418203110000,0,1333,2484,448,402,1697
1728464418203952000,0,1633,2047,277,584,1696
1728464418204791000,0,1924,1746,143,763,1600
1728464418205633000,0,2383,1419,33,938,1448
1728464418206475000,169,2718,1040,0,1093,1248
1728464418207317000,401,2880,698,0,1240,1032
1728464418208159000,663,2845,400,37,1380,789
1728464418209001000,1035,2698,155,161,1345,603
1728464418209843000,1351,2399,0,352,1389,389
1728464418210685000,1646,1930,4,576,1409,225
1728464418211528000,1911,1633,0,796,1289,82
1728464418212370000,2343,1316,23,989,1149,0
1728464418213212000,2449,992,215,1167,965,4
1728464418214054000,2520,663,473,1342,789,0
1728464418214896000,2481,366,773,1515,599,65
1728464418215739000,2422,146,1121,1561,434,216
1728464418216581000,2285,0,1465,1637,279,425
1728464418217424000,1831,10,1792,1625,137,648
1728464418218276000,1533,15,2083,1560,41,855
1728464418219118000,1209,6,2604,1400,18,1081
1728464418219960000,906,224,2660,1209,0,1269
1728464418220802000,608,468,2670,988,5,1442
1728464418221645000,335,772,2657,772,105,1575
1728464418222488000,105,1102,2575,581,272,1658
1728464418223331000,0,1422,2437,393,444,1693
1728464418224173000,0,1730,1970,233,634,1656
1728464418225015000,0,1989,1650,106,816,1568
1728464418225857000,45,2514,1303,2,970,1394
1728464418226699000,222,2799,960,0,1138,1176
1728464418227541000,450,3008,597,11,1269,932
1728464418228383000,802,2940,329,73,1361,717
1728464418229226000,1117,2544,90,207,1497,520
1728464418230068000,1433,2291,10,409,1444,349
1728464418230911000,1710,1850,4,637,1376,185
1728464418231763000,1969,1553,0,842,1271,64
1728464418232605000,2380,1238,64,1038,1096,0
1728464418233447000,2474,890,270,1223,933,0
1728464418234289000,2595,568,529,1376,719,0
1728464418235132000,2538,308,860,1504,546,93
1728464418235975000,2406,93,1196,1647,395,279
1728464418236817000,2148,10,1547,1689,237,471
1728464418237659000,1676,0,1891,1679,97,732
1728464418238501000,1418,0,2170,1524,4,911
1728464418239343000,1103,64,2547,1324,0,1101
1728464418240185000,835,270,2631,1159,1,1316
1728464418241027000,532,548,2667,919,16,1484
1728464418241870000,257,852,2652,712,141,1600
1728464418242712000,64,1196,2556,528,306,1691
1728464418243554000,0,1505,2229,357,501,1695
1728464418244396000,0,1805,1896,194,687,1655
1728464418245246000,0,2047,1592,70,850,1527
1728464418246088000,77,2608,1216,0,1013,1347
1728464418246930000,290,2857,833,0,1181,1149
1728464418247772000,553,2929,490,0,1324,974
1728464418248615000,922,2851,234,83,1384,602
1728464418249458000,1197,2561,37,264,1415,441
1728464418250300000,1504,2060,10,478,1431,299
1728464418251143000,1792,1776,1,682,1354,151
1728464418251985000,2022,1478,0,904,1224,41
1728464418252827000,2404,1144,105,1088,1053,0
1728464418253669000,2503,809,335,1268,870,0
1728464418254511000,2516,481,618,1416,725,5
1728464418255354000,2475,240,947,1528,495,144
1728464418256197000,2425,46,1293,1615,352,325
1728464418257039000,2000,0,1632,1653,194,537
1728464418257881000,1753,0,1943,1600,58,757
1728464418258727000,1429,0,2161,1575,0,975
1728464418259569000,969,104,2545,1372,0,1183
1728464418260411000,746,341,2653,1101,0,1358
1728464418261253000,458,615,2663,873,53,1512
1728464418262096000,213,948,2624,670,181,1634
1728464418262939000,11,1266,2515,485,367,1688
1728464418263781000,0,1576,2104,312,538,1698
1728464418264623000,0,1880,1831,165,724,1632
1728464418265465000,0,2165,1493,42,901,1500
1728464418266307000,116,2671,1128,0,1063,1295
1728464418267149000,327,2876,839,0,1209,1078
1728464418267991000,629,2943,538,0,1359,869
1728464418268834000,934,2790,138,120,1387,736
1728464418269677000,1272,2485,4,302,1429,463
1728464418270519000,1580,1977,5,525,1421,249
1728464418271361000,1863,1698,0,751,1331,114
1728464418272214000,2309,1393,0,945,1181,10
1728464418273056000,2425,1062,168,1132,1008,0
1728464418273898000,2509,767,402,1308,823,0
1728464418274740000,2511,485,690,1442,636,20
1728464418275583000,2450,166,1030,1557,520,182
1728464418276425000,2330,4,1379,1632,332,375
1728464418277267000,1914,0,1734,1659,73,587
1728464418278109000,1610,0,2016,1584,4,817
1728464418278951000,1316,0,2473,1447,0,1023
1728464418279793000,974,178,2606,1264,0,1230
1728464418280635000,666,407,2660,1033,0,1407
1728464418281478000,384,706,2662,818,89,1547
1728464418282321000,154,1027,2587,612,242,1647
1728464418283163000,0,1363,2491,441,411,1697
1728464418284005000,0,1662,2036,264,605,1678
1728464418284848000,0,1936,1722,125,770,1603
1728464418285694000,0,2427,1387,26,960,1445
1728464418286536000,164,2759,1025,0,1111,1252
1728464418287378000,386,2957,707,0,1238,1010
1728464418288221000,695,2905,383,13,1345,788
1728464418289064000,1027,2720,213,162,1443,596
1728464418289907000,1359,2392,0,362,1438,383
1728464418290749000,1656,1910,5,583,1394,211
1728464418291591000,1925,1623,0,805,1289,68
1728464418292433000,2339,1297,29,997,1130,0
1728464418293275000,2459,970,228,1170,954,0
1728464418294117000,2511,642,467,1347,766,0
1728464418294959000,2496,362,778,1472,596,53
1728464418295802000,2419,197,1131,1584,430,216
1728464418296644000,2294,5,1483,1656,266,432
1728464418297486000,1823,0,1808,1623,192,632
1728464418298328000,1502,0,2105,1577,93,862
1728464418299207000,1202,0,2508,1420,26,1065
1728464418300049000,888,229,2624,1200,0,1278
1728464418300891000,581,481,2667,975,2,1454
1728464418301733000,321,784,2656,757,122,1579
1728464418302576000,98,1116,2572,576,281,1670
1728464418303418000,0,1448,2416,386,463,1710
1728464418304260000,0,1744,1960,229,637,1674
1728464418305102000,0,1979,1640,112,832,1560
1728464418305944000,30,2520,1296,5,984,1396
1728464418306786000,242,2818,932,11,1142,1187
1728464418307628000,434,2916,599,40,1273,1000
1728464418308471000,750,2843,341,92,1344,756
1728464418309313000,1074,2616,92,186,1420,529
1728464418310155000,1435,2252,9,424,1438,338
1728464418310997000,1728,1839,4,649,1372,169
1728464418311839000,1993,1526,0,869,1259,57
1728464418312665000,2382,1216,78,1047,1088,0
1728464418313506000,2476,882,293,1229,912,0
1728464418314348000,2515,555,629,1388,719,2
1728464418315191000,2487,301,939,1509,549,104
1728464418316034000,2388,81,1208,1614,391,320
1728464418316876000,2087,13,1531,1658,224,553
1728464418317718000,1778,17,1859,1622,111,760
1728464418318560000,1468,13,2124,1513,45,969
1728464418319401000,1141,87,2544,1359,0,1124
1728464418320243000,805,298,2643,1136,0,1336
1728464418321085000,510,576,2666,906,34,1496
1728464418321928000,258,881,2631,706,167,1600
1728464418322770000,52,1193,2535,530,321,1681
1728464418323612000,0,1525,2182,343,503,1695
1728464418324454000,0,1823,1867,188,700,1656
1728464418325296000,0,2028,1533,69,875,1511
1728464418326151000,94,2606,1200,0,1023,1346
1728464418326993000,277,2809,846,8,1223,1116
1728464418327835000,584,2914,517,0,1216,895
1728464418328678000,873,2795,261,105,1336,677
1728464418329521000,1216,2545,40,265,1436,480
1728464418330363000,1519,2028,0,491,1418,288
1728464418331205000,1810,1750,1,711,1351,136
1728464418332047000,2037,1451,0,909,1209,32
1728464418332889000,2408,1124,119,1094,1050,0
1728464418333731000,2480,780,343,1325,863,0
1728464418334573000,2503,474,637,1443,663,9
1728464418335416000,2459,233,968,1537,506,151
1728464418336258000,2355,42,1316,1618,346,334
1728464418337100000,1916,53,1674,1632,184,534
1728464418337943000,1656,33,1969,1591,76,768
1728464418338785000,1354,0,2324,1480,0,984
1728464418339640000,1042,125,2579,1300,0,1182
1728464418340482000,726,368,2642,1074,0,1379
1728464418341325000,442,647,2663,851,55,1512
1728464418342168000,192,960,2608,658,197,1626
1728464418343010000,13,1297,2512,472,362,1688
1728464418343852000,0,1600,2067,290,558,1699
1728464418344694000,0,1892,1790,148,751,1619
1728464418345537000,0,2349,1455,50,905,1452
1728464418346379000,138,2697,1101,0,1061,1272
1728464418347221000,372,2912,741,0,1208,1027
1728464418348063000,645,2975,429,2,1329,779
1728464418348905000,1002,2824,173,174,1407,603
1728464418349748000,1308,2457,20,329,1432,423
1728464418350590000,1600,1963,1,550,1416,256
1728464418351432000,1886,1678,5,760,1320,109
1728464418352274000,2309,1360,4,971,1168,5
1728464418353159000,2443,1024,178,1150,1005,0
1728464418354001000,2508,692,415,1310,790,5
1728464418354843000,2517,402,730,1455,625,46
1728464418355686000,2488,176,1062,1574,454,199
1728464418356528000,2342,14,1407,1640,296,378
1728464418357370000,1772,5,1720,1713,147,656
1728464418358212000,1509,0,2071,1616,37,851
1728464418359054000,1225,0,2496,1477,0,1045
1728464418359896000,952,182,2605,1237,0,1237
1728464418360738000,650,439,2660,1020,0,1425
1728464418361581000,373,715,2663,803,90,1556
1728464418362424000,137,1046,2591,609,234,1648
1728464418363267000,0,1376,2471,428,420,1697
1728464418364109000,0,1685,2017,258,608,1679
1728464418364951000,0,1955,1710,122,791,1585
1728464418365793000,21,2456,1370,16,948,1436
1728464418366598000,188,2752,1074,0,1126,1243
1728464418367440000,420,2929,741,0,1285,1008
1728464418368282000,732,2913,407,21,1332,871
1728464418369125000,1055,2696,132,180,1409,590
1728464418369967000,1392,2368,0,383,1441,372
1728464418370810000,1680,1888,2,594,1392,202
1728464418371652000,1937,1605,0,816,1281,71
1728464418372494000,2358,1278,41,1016,1126,0
1728464418373336000,2463,960,224,1183,949,0
1728464418374178000,2515,704,490,1353,766,0
1728464418375021000,2497,407,802,1484,586,67
1728464418375864000,2410,117,1152,1586,460,231
1728464418376706000,2255,0,1487,1662,320,450
1728464418377548000,1797,0,1828,1652,164,663
1728464418378390000,1530,0,2117,1567,0,897
1728464418379232000,1194,48,2528,1394,0,1091
1728464418380081000,875,249,2624,1192,0,1298
1728464418380923000,568,499,2670,962,20,1459
1728464418381766000,303,808,2644,745,128,1589
1728464418382609000,76,1136,2575,557,289,1677
1728464418383452000,0,1472,2314,386,473,1714
1728464418384294000,0,1754,1931,226,663,1668
1728464418385136000,0,2003,1611,110,834,1556
1728464418385978000,34,2556,1276,0,992,1380
1728464418386820000,197,2831,907,0,1151,1156
1728464418387662000,480,2908,562,0,1290,960
1728464418388504000,787,2880,320,52,1368,747
1728464418389347000,1133,2624,91,229,1429,521
1728464418390189000,1459,2190,16,436,1427,324
1728464418391032000,1746,1816,2,661,1362,162
1728464418391874000,2005,1522,0,869,1248,51
1728464418392716000,2395,1199,82,1055,1075,0
1728464418393564000,2481,853,309,1239,901,73
1728464418394406000,2512,545,565,1389,704,62
1728464418395248000,2478,294,896,1512,537,149
1728464418396090000,2387,82,1240,1610,381,283
1728464418396933000,2012,41,1585,1664,209,454
1728464418397775000,1703,81,1893,1661,100,692
1728464418398617000,1439,66,2172,1539,5,924
1728464418399459000,1109,91,2561,1344,0,1141
1728464418400301000,790,296,2639,1135,0,1344
1728464418401143000,488,577,2669,901,34,1498
1728464418401985000,237,890,2631,692,167,1620
1728464418402828000,37,1227,2531,506,334,1696
1728464418403670000,0,1534,2126,330,520,1688
1728464418404512000,0,1808,1844,193,700,1632
1728464418405354000,0,2055,1532,67,864,1512
1728464418406196000,122,2628,1179,0,1028,1332
1728464418407059000,409,2846,854,0,1180,1109
1728464418407901000,658,2911,492,34,1285,874
1728464418408744000,842,2798,237,158,1379,668
1728464418409586000,1233,2531,36,281,1433,477
1728464418410428000,1537,2008,9,509,1429,281
1728464418411270000,1821,1732,2,724,1336,124
1728464418412112000,2061,1439,0,924,1203,16
1728464418412954000,2416,1101,130,1107,1029,1
1728464418413796000,2503,772,378,1279,847,5
1728464418414638000,2508,468,668,1426,661,13
1728464418415481000,2458,221,1035,1544,498,160
1728464418416323000,2342,53,1387,1612,325,429
1728464418417165000,1917,0,1607,1651,185,651
1728464418418007000,1659,1,1937,1592,85,852
1728464418418849000,1344,0,2403,1486,0,1000
1728464418419690000,1023,160,2588,1285,0,1205
1728464418420533000,717,381,2663,1069,0,1381
1728464418421375000,420,660,2670,853,72,1528
1728464418422218000,183,985,2604,634,207,1647
1728464418423061000,0,1318,2499,455,380,1693
1728464418423903000,0,1621,2057,277,576,1684
1728464418424745000,0,1884,1768,149,750,1608
1728464418425587000,0,2374,1426,34,925,1472
1728464418426429000,139,2690,1064,2,1123,1262
1728464418427271000,393,2879,738,1,1227,1035
1728464418428113000,668,2880,427,9,1272,817
1728464418428956000,987,2752,170,148,1410,608
1728464418429799000,1324,2427,0,346,1443,417
1728464418430641000,1612,1936,4,553,1397,234
1728464418431483000,1888,1658,10,782,1312,93
1728464418432325000,2332,1347,0,972,1174,1
1728464418433167000,2432,1008,185,1198,979,0
1728464418434015000,2488,676,448,1358,794,0
1728464418434857000,2496,394,754,1451,613,55
1728464418435700000,2425,157,1079,1572,456,203
1728464418436542000,2304,41,1447,1621,295,404
1728464418437384000,1844,25,1764,1639,145,609
1728464418438226000,1556,0,2174,1567,71,856
1728464418439068000,1263,18,2497,1432,0,1059
1728464418439910000,942,206,2602,1228,0,1248
1728464418440752000,624,449,2662,1014,0,1424
1728464418441595000,358,750,2664,782,90,1552
1728464418442438000,128,1074,2584,593,250,1664
1728464418443280000,0,1408,2462,399,434,1695
1728464418444122000,0,1708,1999,247,618,1658
1728464418444964000,0,1978,1672,119,802,1571
1728464418445806000,21,2497,1352,9,953,1417
1728464418446648000,165,2864,973,26,1141,1183
1728464418447505000,480,2990,644,5,1265,969
1728464418448347000,777,2929,345,50,1349,737
1728464418449189000,1077,2673,113,194,1423,557
1728464418450031000,1406,2328,5,400,1428,360
1728464418450873000,1678,1863,2,618,1383,192
1728464418451715000,1945,1571,0,832,1269,72
1728464418452557000,2368,1262,48,1024,1125,0
1728464418453399000,2554,901,239,1207,925,0
1728464418454241000,2585,593,525,1359,732,0
1728464418455083000,2510,325,834,1497,568,87
1728464418455926000,2368,107,1172,1625,408,253
1728464418456768000,2205,0,1549,1685,237,452
1728464418457611000,1733,0,1831,1573,104,668
1728464418458453000,1458,0,2126,1528,21,910
1728464418459295000,1173,52,2527,1381,1,1095
1728464418460137000,851,260,2618,1176,0,1306
1728464418460986000,554,528,2672,947,23,1466
1728464418461829000,288,832,2640,741,138,1600
1728464418462671000,89,1155,2560,550,301,1672
1728464418463514000,0,1478,2282,378,485,1704
1728464418464356000,0,1776,1919,197,667,1661
1728464418465198000,0,2046,1583,90,834,1555
1728464418466040000,64,2552,1191,0,1013,1439
1728464418466882000,266,2828,838,0,1189,1209
1728464418467724000,543,2928,535,0,1305,972
1728464418468566000,840,2858,292,75,1374,715
1728464418469409000,1154,2600,78,245,1424,509
1728464418470251000,1476,2116,4,442,1431,314
1728464418471093000,1765,1805,2,672,1359,150
1728464418471935000,2022,1491,0,886,1240,40
1728464418472777000,2383,1158,90,1061,1106,0
1728464418473619000,2496,826,313,1248,930,0
1728464418474467000,2515,509,591,1400,714,1
1728464418475310000,2479,265,919,1524,521,114
1728464418476153000,2425,50,1301,1629,341,299
1728464418476995000,2021,0,1600,1677,192,525
1728464418477837000,1585,0,1919,1692,64,769
1728464418478679000,1412,0,2180,1517,4,960
1728464418479521000,1088,106,2568,1336,0,1154
1728464418480363000,765,320,2652,1114,0,1350
1728464418481206000,474,602,2667,883,42,1506
1728464418482049000,224,915,2630,683,181,1621
1728464418482892000,34,1249,2519,501,338,1685
1728464418483734000,0,1565,2127,320,529,1697
1728464418484576000,0,1850,1823,171,722,1642
1728464418485418000,0,2092,1511,52,887,1503
1728464418486260000,85,2631,1244,0,1072,1325
1728464418487102000,310,2855,877,0,1239,1108
1728464418487950000,605,2955,537,0,1319,865
1728464418488793000,930,2796,210,114,1404,648
1728464418489636000,1249,2504,30,298,1427,453
1728464418490478000,1552,1995,8,514,1417,269
1728464418491320000,1841,1730,0,728,1334,129
1728464418492162000,2168,1422,0,932,1188,11
1728464418493004000,2416,1108,144,1122,1017,0
1728464418493846000,2496,807,392,1285,832,0
1728464418494688000,2509,506,679,1429,651,14
1728464418495531000,2452,212,1017,1549,509,163
1728464418496373000,2319,0,1355,1638,369,331
1728464418497215000,1898,0,1701,1669,215,567
1728464418498057000,1640,0,2008,1592,0,804
1728464418498899000,1319,1,2470,1472,0,1006
1728464418499741000,1000,150,2592,1278,0,1210
1728464418500583000,690,392,2652,1040,0,1399
1728464418501439000,402,687,2657,832,79,1540
1728464418502281000,161,1002,2596,625,222,1643
1728464418503124000,0,1329,2477,452,389,1694
1728464418503966000,0,1626,2047,285,587,1693
1728464418504809000,0,1920,1746,144,770,1614
1728464418505651000,0,2403,1422,10,915,1452
1728464418506493000,122,2710,1028,0,1090,1240
1728464418507335000,362,2887,686,0,1228,1021
1728464418508177000,687,2902,398,4,1336,808
1728464418509020000,1012,2730,156,166,1404,594
1728464418509862000,1334,2400,0,359,1436,397
1728464418510705000,1634,1924,4,576,1397,232
1728464418511547000,1913,1637,2,793,1309,89
1728464418512389000,2340,1325,0,991,1149,28
1728464418513231000,2449,986,196,1164,965,66
1728464418514073000,2503,659,450,1333,781,46
1728464418514932000,2515,374,757,1472,616,64
1728464418515775000,2422,155,1088,1570,429,158
1728464418516617000,2280,96,1443,1668,300,388
1728464418517459000,1880,58,1777,1652,137,605
1728464418518302000,1549,0,2077,1572,40,858
1728464418519144000,1240,29,2511,1409,0,1071
1728464418519986000,910,219,2612,1216,0,1262
1728464418520828000,609,463,2663,993,0,1432
1728464418521671000,340,770,2652,770,106,1564
1728464418522514000,114,1106,2559,569,266,1662
1728464418523356000,0,1420,2448,393,437,1701
1728464418524198000,0,1716,1985,240,624,1677
1728464418525040000,0,1992,1652,103,811,1567
1728464418525882000,0,2515,1292,64,949,1431
1728464418526724000,132,2780,942,49,1112,1235
1728464418527566000,410,2902,654,18,1256,987
1728464418528439000,772,2886,338,50,1359,740
1728464418529282000,1107,2656,104,206,1423,546
1728464418530125000,1423,2295,11,413,1431,348
1728464418530968000,1716,1841,0,641,1383,180
1728464418531810000,1977,1549,0,858,1264,50
1728464418532652000,2370,1231,143,1033,1108,0
1728464418533494000,2472,905,325,1210,927,8
1728464418534336000,2526,578,576,1378,736,0
1728464418535178000,2497,298,837,1517,568,117
1728464418536021000,2447,111,1155,1594,398,177
1728464418536863000,2157,17,1521,1643,226,417
1728464418537705000,1747,114,1859,1627,101,654
1728464418538547000,1472,1,2151,1531,18,912
1728464418539389000,1155,66,2529,1367,0,1120
1728464418540231000,821,276,2637,1144,0,1319
1728464418541073000,523,552,2672,933,18,1483
1728464418541892000,267,859,2639,709,139,1601
1728464418542735000,66,1187,2543,533,313,1667
1728464418543577000,0,1492,2212,347,489,1685
1728464418544419000,0,1793,1904,202,665,1652
1728464418545261000,0,2042,1596,81,839,1520
1728464418546103000,173,2588,1263,0,984,1352
1728464418546945000,378,2831,914,0,1152,1141
1728464418547788000,540,2892,529,47,1281,912
1728464418548631000,855,2832,270,90,1377,685
1728464418549474000,1181,2567,64,258,1429,495
1728464418550316000,1506,2056,10,466,1428,303
1728464418551158000,1781,1768,6,704,1352,142
1728464418552000000,2024,1479,0,900,1228,29
1728464418552842000,2403,1145,104,1076,1053,0
1728464418553684000,2490,805,331,1258,880,0
1728464418554526000,2511,500,637,1414,696,7
1728464418558841000,2466,252,1017,1530,522,126
1728464418559684000,2352,56,1173,1600,343,410
1728464418560526000,1946,1,1572,1638,226,608
1728464418561368000,1688,0,1938,1614,81,762
1728464418562210000,1385,0,2198,1504,0,977
1728464418563052000,1063,112,2567,1313,0,1159
1728464418563894000,744,338,2643,1094,0,1363
1728464418564736000,453,621,2672,869,42,1511
1728464418565579000,203,938,2632,676,187,1613
1728464418566422000,27,1251,2515,471,354,1684
1728464418567264000,0,1556,2101,320,544,1684
1728464418568106000,0,1845,1808,157,727,1632
1728464418568947000,0,2112,1482,52,949,1486
1728464418569789000,114,2635,1122,16,1105,1279
1728464418570631000,350,2837,767,13,1245,1049
1728464418571473000,629,2936,468,0,1310,847
1728464418572315000,938,2784,197,129,1396,636
1728464418573158000,1282,2481,18,305,1438,440
1728464418574000000,1567,1990,5,528,1414,252
1728464418574842000,1856,1703,0,734,1329,109
1728464418575684000,2339,1394,0,996,1170,5
1728464418576525000,2463,1054,157,1139,1003,0
1728464418577367000,2464,719,399,1347,823,0
1728464418578209000,2508,433,704,1461,642,25
1728464418579052000,2429,186,1021,1513,469,170
1728464418579894000,2312,13,1370,1575,310,378
1728464418580736000,1849,13,1743,1632,157,634
1728464418581578000,1611,4,2023,1587,58,817
1728464418582420000,1296,9,2475,1450,0,1023
1728464418583262000,987,161,2589,1265,1,1222
1728464418584104000,666,418,2659,1035,0,1407
1728464418584947000,386,705,2671,816,79,1547
1728464418585792000,144,1031,2598,623,234,1653
1728464418586634000,0,1361,2480,429,402,1691
1728464418587476000,0,1657,2028,274,600,1679
1728464418588318000,0,1934,1724,130,773,1614
1728464418589160000,0,2423,1334,16,956,1505
1728464418590002000,209,2756,985,0,1141,1281
1728464418590844000,469,2941,650,0,1241,932
1728464418591686000,707,2903,395,21,1345,785
1728464418592528000,1025,2719,141,168,1415,594
1728464418593370000,1364,2387,0,368,1445,383
1728464418594212000,1649,1893,0,597,1383,210
1728464418595054000,1925,1628,9,797,1287,74
1728464418595896000,2335,1285,27,991,1188,0
1728464418596738000,2463,949,216,1179,1023,0
1728464418597580000,2513,634,481,1351,799,0
1728464418598422000,2507,353,798,1475,566,64
1728464418599284000,2471,116,1130,1571,380,218
1728464418600126000,2346,0,1539,1654,229,432
1728464418600968000,1896,0,1823,1638,106,654
1728464418601810000,1533,5,2099,1561,33,871
1728464418602652000,1216,34,2512,1407,0,1072
1728464418603494000,880,229,2616,1195,0,1274
1728464418604336000,599,482,2664,975,0,1442
1728464418605179000,324,778,2636,762,120,1574
1728464418606022000,98,1103,2572,568,254,1649
1728464418606864000,0,1418,2418,392,450,1706
1728464418607706000,0,1733,1956,204,639,1671
1728464418608549000,0,2036,1637,85,817,1564
1728464418609391000,5,2567,1317,0,976,1405
1728464418610233000,213,2824,946,0,1130,1174
1728464418611075000,490,2927,601,0,1281,947
1728464418611917000,792,2865,303,53,1365,732
1728464418612765000,1125,2631,92,220,1417,528
1728464418613607000,1439,2240,6,433,1429,329
1728464418614449000,1734,1827,10,634,1370,170
1728464418615291000,1984,1538,0,858,1254,79
1728464418616133000,2374,1208,52,1042,1094,34
1728464418616975000,2475,874,271,1223,904,18
1728464418617817000,2515,555,554,1384,736,0
1728464418618660000,2496,297,856,1497,549,57
1728464418619503000,2401,173,1205,1632,407,242
1728464418620345000,2118,81,1559,1656,227,473
1728464418621188000,1755,5,1902,1632,92,710
1728464418622030000,1447,5,2159,1522,11,939
1728464418622872000,1139,90,2544,1347,2,1129
1728464418623714000,815,303,2639,1141,0,1321
1728464418624556000,517,561,2672,917,32,1484
1728464418625399000,245,885,2624,690,145,1600
1728464418626282000,64,1193,2551,522,322,1668
1728464418627124000,0,1504,2169,354,500,1692
1728464418627966000,0,1829,1885,188,696,1657
1728464418628808000,2,2047,1533,141,852,1548
1728464418629650000,25,2608,1209,34,1013,1375
1728464418630492000,245,2842,872,42,1177,1130
1728464418631334000,576,2929,508,0,1305,895
1728464418632176000,878,2815,250,96,1383,670
1728464418633019000,1205,2536,50,279,1426,480
1728464418633861000,1515,2022,5,489,1412,283
1728464418634704000,1802,1750,0,707,1351,132
1728464418635546000,2038,1452,57,902,1217,39
1728464418636388000,2406,1122,199,1088,1044,0
1728464418637230000,2496,783,383,1274,862,0
1728464418638072000,2523,480,640,1416,680,34
1728464418638915000,2462,216,902,1530,522,226
1728464418639731000,2380,70,1277,1612,365,378
1728464418640573000,1988,18,1625,1648,185,467
1728464418641415000,1674,7,1966,1608,79,779
1728464418642257000,1375,0,2228,1485,0,981
1728464418643099000,1040,136,2575,1298,0,1184
1728464418643941000,729,361,2656,1080,0,1377
1728464418644784000,448,648,2663,855,64,1520
1728464418645626000,203,952,2591,649,207,1621
1728464418646469000,23,1290,2497,482,362,1678
1728464418647311000,0,1586,2110,300,533,1704
1728464418648153000,0,1884,1800,146,707,1630
1728464418648995000,98,2335,1485,53,879,1464
1728464418649837000,240,2664,1134,16,1038,1285
1728464418650679000,461,2872,773,0,1191,1066
1728464418651521000,645,2928,449,2,1324,837
1728464418652364000,977,2758,182,136,1418,623
1728464418653207000,1297,2455,13,323,1436,420
1728464418654049000,1592,1948,0,547,1409,244
1728464418654891000,1882,1674,2,766,1312,94
1728464418655733000,2302,1359,2,954,1172,5
1728464418656575000,2428,1033,169,1125,997,0
1728464418657417000,2510,704,424,1302,808,0
1728464418658259000,2508,423,735,1439,629,36
1728464418659102000,2432,158,1134,1550,465,196
1728464418659944000,2318,0,1499,1626,350,415
1728464418660786000,1880,8,1736,1648,155,615
1728464418661628000,1594,2,2046,1584,50,822
1728464418662470000,1275,2,2488,1441,0,1031
1728464418663312000,960,186,2591,1235,0,1233
1728464418664154000,649,429,2661,1023,0,1412
1728464418664997000,373,715,2653,799,94,1545
1728464418665840000,154,1045,2585,601,238,1648
1728464418666711000,0,1379,2464,434,424,1684
1728464418667553000,0,1684,2024,254,597,1704
1728464418668395000,5,2031,1706,154,798,1549
1728464418669237000,42,2510,1364,18,1034,1410
1728464418670079000,218,2805,1008,0,1186,1201
1728464418670921000,432,2920,677,0,1254,1009
1728464418671763000,736,2892,372,32,1353,775
1728464418672606000,1055,2702,137,192,1417,564
1728464418673448000,1385,2369,0,373,1439,378
1728464418674291000,1683,1902,5,602,1390,204
1728464418675133000,2026,1576,2,826,1276,69
1728464418675975000,2403,1271,37,1006,1111,0
1728464418676817000,2481,949,244,1184,943,0
1728464418677659000,2499,626,491,1380,766,5
1728464418678502000,2451,337,832,1532,576,110
1728464418679345000,2411,121,1146,1529,426,230
1728464418680178000,2227,0,1486,1590,252,455
1728464418681020000,1804,0,1837,1639,112,665
1728464418681862000,1512,4,2117,1560,23,890
1728464418682704000,1201,53,2524,1389,0,1084
1728464418683546000,872,244,2619,1186,0,1294
1728464418684388000,561,494,2656,960,4,1457
1728464418685231000,288,805,2647,741,133,1577
1728464418686074000,74,1131,2557,553,298,1669
1728464418686916000,0,1464,2308,390,472,1704
1728464418687758000,0,1754,1935,215,650,1673
1728464418688600000,0,2016,1552,81,848,1615
1728464418689442000,69,2567,1233,0,1005,1345
1728464418690284000,301,2825,874,1,1150,1088
1728464418691126000,514,2930,583,0,1283,946
1728464418691968000,811,2866,306,69,1368,724
1728464418692810000,1140,2616,76,228,1428,519
1728464418693667000,1458,2200,16,440,1432,332
1728464418694509000,1756,1816,0,658,1369,162
1728464418695351000,2002,1486,0,874,1294,34
1728464418696193000,2382,1174,89,1055,1112,0
1728464418697035000,2484,849,293,1233,914,0
1728464418697877000,2528,530,581,1394,736,0
1728464418698719000,2492,249,903,1513,477,101
1728464418699562000,2478,65,1307,1626,341,287
1728464418700404000,2063,14,1611,1662,209,517
1728464418701246000,1740,5,1915,1624,96,735
1728464418702088000,1425,0,2169,1522,2,936
1728464418702930000,1111,90,2558,1341,0,1136
1728464418703772000,793,307,2632,1129,0,1344
1728464418704614000,497,579,2668,902,41,1491
1728464418705457000,233,866,2636,693,159,1607
1728464418706300000,26,1226,2544,498,322,1684
1728464418707150000,0,1537,2135,335,521,1696
1728464418707992000,0,1868,1862,159,704,1639
1728464418708834000,0,2034,1634,47,885,1517
1728464418709676000,79,2616,1256,0,1041,1312
1728464418710518000,320,2869,817,0,1191,1125
1728464418711360000,597,2936,498,0,1320,885
1728464418712202000,901,2806,224,98,1390,659
1728464418713045000,1224,2523,37,289,1428,456
1728464418713887000,1534,2005,0,498,1425,273
1728464418714729000,1823,1742,0,714,1328,101
1728464418715571000,2057,1436,0,920,1202,4
1728464418716412000,2416,1102,116,1104,1032,0
1728464418717254000,2511,761,362,1288,846,0
1728464418718096000,2499,553,638,1455,675,0
1728464418718939000,2503,285,977,1560,492,130
1728464418719781000,2354,0,1338,1618,404,330
1728464418720635000,1934,5,1688,1655,180,565
1728464418721478000,1652,9,1986,1608,64,786
1728464418722320000,1345,0,2404,1479,0,997
1728464418723162000,1028,153,2588,1278,0,1203
1728464418724004000,708,377,2656,1065,0,1377
1728464418724847000,434,653,2656,844,56,1518
1728464418725690000,192,983,2624,640,204,1629
1728464418726532000,4,1303,2498,466,378,1699
1728464418727374000,0,1624,2072,281,569,1708
1728464418728216000,0,1904,1785,202,736,1670
1728464418729058000,0,2382,1472,69,909,1496
1728464418729900000,112,2715,1076,0,1072,1261
1728464418730742000,393,2903,728,0,1231,1050
1728464418731584000,673,2912,431,13,1327,828
1728464418732427000,981,2741,188,146,1397,612
1728464418733270000,1319,2437,0,341,1439,425
1728464418734120000,1624,1942,4,562,1407,229
1728464418734963000,1888,1673,49,770,1313,101
1728464418735805000,2327,1351,0,972,1157,66
1728464418736647000,2441,1017,180,1157,986,34
1728464418737489000,2509,676,413,1326,805,11
1728464418738331000,2540,413,687,1450,638,77
1728464418739174000,2467,170,1044,1566,448,136
1728464418740016000,2301,101,1415,1652,286,359
1728464418740859000,1862,0,1763,1655,145,628
1728464418741701000,1578,5,2062,1570,42,858
1728464418742543000,1261,34,2497,1427,0,1048
1728464418743385000,939,198,2604,1231,0,1251
1728464418744227000,629,450,2664,997,0,1433
1728464418745070000,368,750,2651,786,100,1560
1728464418745912000,133,1060,2583,585,221,1649
1728464418746754000,0,1403,2460,410,425,1700
1728464418747607000,45,1690,2003,258,599,1682
1728464418748450000,53,1954,1711,107,757,1575
1728464418749292000,0,2476,1321,75,935,1460
1728464418750134000,183,2767,995,22,1119,1219
1728464418750976000,450,2919,649,0,1262,978
1728464418751818000,756,2881,361,47,1357,765
1728464418752661000,1082,2682,121,202,1410,566
1728464418753503000,1415,2316,0,395,1440,358
1728464418754345000,1694,1864,1,621,1379,194
1728464418755187000,1946,1575,0,832,1276,69
1728464418756029000,2360,1258,111,1016,1122,0
1728464418756871000,2478,919,290,1203,941,0
1728464418757713000,2506,591,603,1376,792,25
1728464418758556000,2496,360,890,1480,576,101
1728464418759398000,2406,94,1094,1600,425,320
1728464418760241000,2248,13,1520,1650,250,466
1728464418761088000,1781,0,1849,1634,112,679
1728464418761930000,1494,0,2126,1548,26,909
1728464418762772000,1180,64,2528,1377,0,1109
1728464418763614000,849,260,2631,1176,0,1300
1728464418764456000,519,517,2668,958,17,1460
1728464418765299000,302,832,2629,733,129,1575
1728464418766142000,96,1140,2558,553,302,1676
1728464418766985000,0,1461,2308,370,466,1717
1728464418767827000,0,1724,1907,202,589,1654
1728464418768669000,0,2021,1596,78,798,1545
1728464418769511000,192,2549,1271,0,971,1363
1728464418770353000,269,2834,892,0,1163,1160
1728464418771195000,533,2928,565,0,1284,927
1728464418772037000,842,2855,290,78,1376,704
1728464418772880000,1173,2598,66,242,1438,507
1728464418773723000,1468,2127,11,454,1429,307
1728464418774577000,1743,1791,9,660,1355,156
1728464418775419000,2013,1504,0,874,1231,38
1728464418776261000,2395,1181,94,1058,1080,0
1728464418777103000,2496,842,309,1252,897,0
1728464418777945000,2524,579,621,1392,693,0
1728464418778788000,2468,242,1029,1516,533,113
1728464418779631000,2369,90,1326,1607,388,293
1728464418780474000,1996,0,1614,1655,206,518
1728464418781316000,1711,5,1937,1614,75,750
1728464418782158000,1407,0,2182,1514,0,950
1728464418783000000,1091,104,2559,1332,0,1152
1728464418783842000,769,320,2652,1106,0,1351
1728464418784684000,482,602,2659,890,42,1486
1728464418785527000,233,916,2609,687,185,1609
1728464418786369000,33,1243,2516,503,345,1673
1728464418787211000,0,1552,2126,320,532,1698
1728464418788057000,0,1780,1812,159,794,1624
1728464418788900000,0,2029,1518,82,944,1496
1728464418789742000,117,2624,1156,0,1082,1311
1728464418790584000,330,2882,794,0,1203,1094
1728464418791426000,612,2919,476,0,1315,869
1728464418792269000,927,2792,214,119,1392,647
1728464418793111000,1253,2501,23,306,1433,455
1728464418793953000,1555,2000,10,506,1415,273
1728464418794795000,1811,1726,5,770,1326,132
1728464418795637000,2140,1419,0,950,1199,21
1728464418796479000,2423,1089,153,1143,1022,0
1728464418797321000,2491,741,395,1261,837,0
1728464418798163000,2496,458,678,1390,644,53
1728464418799006000,2432,264,1040,1531,476,165
1728464418799848000,2344,31,1362,1626,329,367
1728464418800690000,1909,9,1700,1650,171,580
1728464418801567000,1636,0,2010,1602,56,808
1728464418802409000,1322,0,2465,1465,0,1016
1728464418803251000,1005,161,2589,1273,0,1203
1728464418804093000,693,382,2656,1054,0,1400
1728464418804935000,405,681,2652,825,72,1533
1728464418805778000,175,1002,2602,634,224,1642
1728464418806621000,0,1332,2496,448,381,1704
1728464418807463000,0,1737,2025,282,584,1654
1728464418808305000,0,1992,1725,170,781,1581
1728464418809147000,9,2463,1413,26,1003,1447
1728464418809989000,164,2727,1056,0,1095,1261
1728464418810831000,407,2912,706,0,1235,1042
1728464418811673000,694,2904,405,20,1344,810
1728464418812516000,1012,2724,161,162,1399,602
1728464418813359000,1337,2413,0,354,1437,404
1728464418814201000,1712,1923,0,577,1399,234
1728464418815035000,1887,1633,0,846,1286,85
1728464418815877000,2317,1319,20,1018,1143,0
1728464418816719000,2442,986,214,1187,968,0
1728464418817561000,2476,666,488,1386,778,0
1728464418818403000,2480,373,775,1417,599,52
1728464418819246000,2410,171,1097,1540,437,237
1728464418820088000,2301,0,1456,1652,274,417
1728464418820931000,1835,4,1789,1648,129,638
1728464418821773000,1550,1,2084,1569,41,868
1728464418822615000,1240,39,2495,1410,0,1067
1728464418823457000,919,218,2609,1216,0,1259
1728464418824299000,617,468,2664,987,10,1438
1728464418825142000,346,779,2643,762,110,1576
1728464418825985000,119,1103,2567,576,267,1670
1728464418826827000,0,1430,2445,397,445,1720
1728464418827669000,41,1758,1932,226,618,1589
1728464418828512000,0,2076,1628,111,808,1522
1728464418829354000,23,2602,1303,10,974,1374
1728464418830196000,213,2809,960,0,1135,1207
1728464418831038000,485,2931,623,0,1274,972
1728464418831880000,779,2872,341,64,1350,750
1728464418832722000,1103,2650,113,213,1422,548
1728464418833565000,1426,2299,10,406,1430,361
1728464418834407000,1712,1824,5,633,1364,178
1728464418835249000,1971,1535,0,847,1253,65
1728464418836091000,2446,1230,65,1032,1088,0
1728464418836933000,2492,895,264,1218,922,1
1728464418837775000,2608,562,578,1389,700,0
1728464418838617000,2544,308,874,1504,538,91
1728464418839460000,2320,101,1196,1659,407,306
1728464418840302000,2168,21,1543,1652,234,471
1728464418841145000,1766,0,1870,1644,103,704
1728464418841996000,1472,0,2145,1531,18,921
1728464418842838000,1152,85,2531,1363,0,1112
1728464418843680000,839,287,2636,1159,0,1328
1728464418844522000,530,539,2657,913,13,1484
1728464418845365000,261,861,2639,704,154,1600
1728464418846207000,69,1190,2550,526,302,1687
1728464418847049000,0,1500,2298,356,498,1710
1728464418847891000,0,1838,1958,188,698,1651
1728464418848733000,0,2026,1472,73,832,1618
1728464418849575000,66,2599,1196,0,1009,1392
1728464418850417000,283,2845,865,0,1173,1141
1728464418851259000,555,2928,549,0,1287,906
1728464418852101000,866,2819,266,90,1380,693
1728464418852944000,1187,2563,64,262,1425,500
1728464418853786000,1504,2081,9,475,1429,296
1728464418854629000,1788,1819,0,691,1354,138
1728464418855478000,2017,1503,0,897,1269,25
1728464418856320000,2404,1132,98,1081,1088,5
1728464418857162000,2491,715,325,1242,946,0
1728464418858004000,2520,437,617,1440,736,0
1728464418858847000,2496,206,950,1526,448,136
1728464418859690000,2369,65,1287,1619,362,325
1728464418860532000,1968,5,1629,1649,207,541
1728464418861374000,1691,5,1948,1623,73,761
1728464418862216000,1381,0,2199,1502,0,973
1728464418863058000,1070,129,2560,1312,0,1179
1728464418863900000,758,334,2656,1095,0,1359
1728464418864743000,453,606,2663,885,55,1512
1728464418865586000,197,938,2630,672,187,1626
1728464418866429000,18,1279,2526,482,354,1704
1728464418867271000,0,1571,2090,270,551,1731
1728464418868113000,0,1893,1835,154,726,1658
1728464418868962000,0,2181,1523,41,898,1475
1728464418869804000,126,2679,1129,0,1053,1305
1728464418870646000,354,2889,775,0,1216,1081
1728464418871488000,632,2920,458,4,1322,852
1728464418872331000,946,2775,201,128,1397,628
1728464418873174000,1279,2475,17,310,1437,437
1728464418874016000,1569,1984,0,523,1405,312
1728464418874858000,1849,1697,0,740,1322,138
1728464418875700000,2295,1385,0,943,1177,5
1728464418876542000,2445,1056,144,1127,1009,0
1728464418877384000,2480,816,370,1298,832,0
1728464418878227000,2509,506,686,1472,642,0
1728464418879070000,2451,240,1035,1555,544,168
1728464418879912000,2340,14,1384,1634,317,381
1728464418880755000,1889,10,1719,1653,162,603
1728464418881597000,1613,2,2025,1586,64,820
1728464418882479000,1302,9,2480,1457,0,1029
1728464418883321000,981,167,2604,1262,2,1227
1728464418884163000,674,399,2652,1040,0,1403
1728464418885006000,386,693,2670,812,69,1535
1728464418885848000,157,1037,2589,620,235,1655
1728464418886691000,0,1357,2469,456,410,1703
1728464418887533000,0,1625,2039,321,585,1716
1728464418888375000,0,1932,1755,133,778,1596
1728464418889217000,0,2445,1392,0,939,1459
1728464418890059000,186,2752,1020,0,1119,1244
1728464418890901000,424,2912,682,1,1242,1016
1728464418891743000,704,2895,398,26,1344,790
1728464418892586000,1033,2700,141,169,1405,577
1728464418893428000,1361,2393,0,369,1437,383
1728464418894270000,1648,1912,50,576,1398,218
1728464418895112000,1926,1624,40,798,1278,79
1728464418895934000,2343,1301,55,999,1138,22
1728464418896776000,2457,965,178,1169,943,77
1728464418897618000,2504,634,418,1336,780,64
1728464418898460000,2528,363,745,1473,610,121
1728464418899302000,2423,138,1136,1588,425,228
1728464418900145000,2296,0,1487,1655,270,440
1728464418900988000,1821,4,1815,1636,120,666
1728464418901830000,1528,4,2106,1562,34,890
1728464418902672000,1217,37,2509,1407,0,1088
1728464418903514000,901,212,2616,1200,0,1283
1728464418904356000,589,451,2668,973,5,1443
1728464418905199000,327,772,2653,757,117,1587
1728464418906042000,102,1112,2571,565,264,1666
1728464418906884000,110,1423,2429,410,434,1695
1728464418907726000,97,1728,2016,249,617,1673
1728464418908568000,74,1995,1660,97,802,1566
1728464418909414000,46,2532,1290,0,985,1404
1728464418910256000,237,2813,937,2,1153,1183
1728464418911098000,494,2919,601,0,1280,960
1728464418911940000,801,2863,320,58,1358,736
1728464418912783000,1132,2624,93,226,1426,532
1728464418913626000,1421,2240,11,414,1423,341
1728464418914468000,1715,1831,2,633,1368,169
1728464418915310000,1978,1533,0,857,1253,57
1728464418916152000,2390,1210,66,1039,1098,0
1728464418916994000,2478,904,296,1231,906,0
1728464418917836000,2510,554,562,1368,726,0
1728464418918678000,2497,281,975,1497,587,121
1728464418919521000,2396,79,1224,1608,386,279
1728464418920363000,2087,13,1576,1648,224,494
1728464418921205000,1747,1,1899,1625,100,718
1728464418922047000,1448,0,2155,1516,11,932
1728464418922904000,1135,85,2552,1356,0,1126
1728464418923746000,815,291,2637,1130,0,1327
1728464418924588000,529,576,2644,906,38,1489
1728464418925431000,265,883,2635,704,153,1582
1728464418926274000,36,1208,2545,526,314,1696
1728464418927116000,0,1586,2178,356,500,1668
1728464418927958000,14,1880,1859,197,693,1633
1728464418928800000,0,1922,1544,50,943,1521
1728464418929642000,78,2631,1201,0,1029,1338
1728464418930484000,301,2853,837,0,1184,1124
1728464418931326000,576,2934,525,0,1299,907
1728464418932168000,880,2815,261,106,1382,676
1728464418933010000,1208,2552,48,272,1431,485
1728464418933852000,1612,2012,5,485,1404,285
1728464418934694000,1875,1741,0,706,1336,141
1728464418935536000,2050,1450,0,905,1216,34
1728464418936428000,2437,1127,113,1103,1050,0
1728464418937270000,2383,773,332,1356,847,13
1728464418938112000,2439,482,624,1477,670,73
1728464418938954000,2448,226,970,1567,508,154
1728464418939797000,2358,42,1303,1623,342,339
1728464418940639000,1938,6,1663,1655,186,545
1728464418941481000,1672,8,1956,1606,79,785
1728464418942323000,1378,4,2220,1490,0,988
1728464418943165000,1041,129,2579,1305,0,1184
1728464418944007000,736,367,2656,1072,0,1376
1728464418944849000,438,653,2657,857,57,1522
1728464418945692000,211,961,2609,651,201,1640
1728464418946534000,2,1312,2548,474,350,1736
1728464418947376000,0,1602,1997,285,533,1799
1728464418948218000,0,1874,1724,144,761,1700
1728464418949060000,0,2353,1459,37,907,1492
1728464418949864000,137,2697,1109,0,1069,1286
1728464418950706000,369,2894,773,0,1216,1073
1728464418951548000,651,2919,450,4,1329,842
1728464418952390000,965,2759,186,137,1405,633
1728464418953233000,1295,2485,9,322,1425,417
1728464418954075000,1592,1954,0,547,1466,240
1728464418954917000,1871,1648,0,756,1338,94
1728464418955759000,2309,1356,0,960,1207,6
1728464418956601000,2420,969,153,1157,1061,0
1728464418957443000,2521,651,402,1338,837,0
1728464418958285000,2536,374,711,1448,568,38
1728464418959128000,2447,178,1052,1564,463,201
1728464418959970000,2316,4,1410,1634,304,394
1728464418960812000,1880,10,1735,1648,157,619
1728464418961654000,1600,1,2032,1577,50,826
1728464418962496000,1281,4,2488,1452,0,1040
1728464418963348000,936,186,2586,1248,0,1242
1728464418964190000,637,430,2672,1028,0,1428
1728464418965033000,377,719,2657,807,104,1553
1728464418965876000,149,1047,2590,613,228,1661
1728464418966718000,0,1376,2496,404,405,1739
1728464418967560000,0,1728,2037,229,599,1703
1728464418968402000,0,1999,1711,109,790,1566
1728464418969244000,2,2454,1363,21,947,1440
1728464418970086000,193,2764,1013,0,1108,1231
1728464418970928000,434,2925,671,0,1251,1003
1728464418971770000,743,2890,370,32,1355,778
1728464418972613000,1058,2701,137,186,1417,576
1728464418973455000,1381,2353,0,375,1433,452
1728464418974297000,1669,1897,0,591,1385,241
1728464418975139000,1946,1600,0,816,1295,100
1728464418975981000,2353,1289,17,1004,1137,0
1728464418976826000,2514,976,207,1177,948,0
1728464418977668000,2528,630,463,1346,753,0
1728464418978510000,2480,438,778,1486,600,40
1728464418979353000,2418,132,1148,1596,427,242
1728464418980195000,2279,0,1506,1656,263,457
1728464418981038000,1807,4,1832,1642,109,668
1728464418981880000,1512,0,2120,1555,26,894
1728464418982722000,1200,50,2515,1392,0,1095
1728464418983564000,884,237,2624,1192,0,1287
1728464418984406000,569,485,2671,969,10,1465
1728464418985249000,312,808,2638,730,118,1591
1728464418986091000,133,1130,2565,559,272,1676
1728464418986934000,53,1441,2341,378,450,1708
1728464418987776000,0,1729,1915,290,640,1683
1728464418988618000,0,2002,1611,137,832,1560
1728464418989460000,53,2551,1268,0,992,1381
1728464418990326000,247,2823,915,0,1156,1176
1728464418991168000,513,2919,576,0,1288,942
1728464418992010000,822,2847,301,66,1365,715
1728464418992853000,1146,2621,77,233,1429,525
1728464418993695000,1451,2192,14,424,1423,333
1728464418994538000,1739,1811,74,658,1363,165
1728464418995380000,2000,1512,26,864,1246,45
1728464418996222000,2390,1192,168,1044,1106,37
1728464418997064000,2471,882,382,1223,935,18
1728464418997906000,2513,562,519,1381,689,90
1728464418998748000,2478,284,902,1519,537,106
1728464418999591000,2384,74,1248,1603,383,298
1728464419000433000,2032,21,1592,1648,214,514
1728464419001276000,1736,0,1920,1626,105,736
1728464419002118000,1429,0,2166,1534,0,944
1728464419002960000,1114,98,2559,1345,0,1138
1728464419003800000,799,314,2639,1134,0,1346
1728464419004642000,509,576,2667,898,42,1491
1728464419005485000,233,866,2635,704,167,1622
1728464419006328000,33,1170,2530,516,380,1678
1728464419007170000,5,1473,2131,327,456,1697
1728464419008012000,0,1805,1848,170,652,1643
1728464419008854000,0,2065,1537,64,871,1517
1728464419009696000,96,2631,1171,0,1041,1329
1728464419010538000,320,2860,807,0,1196,1108
1728464419011380000,581,2923,500,0,1306,876
1728464419012223000,901,2799,229,109,1394,665
1728464419013066000,1220,2524,34,321,1423,463
1728464419013909000,1509,1999,0,485,1415,282
1728464419014751000,1802,1736,4,704,1331,132
1728464419015593000,2072,1439,1,920,1208,21
1728464419016435000,2410,1080,130,1080,1026,23
1728464419017283000,2496,805,393,1259,853,9
1728464419018125000,2496,496,679,1413,657,18
1728464419018968000,2466,217,1000,1548,490,162
1728464419019811000,2348,34,1337,1628,334,353
1728464419020653000,1920,6,1673,1649,189,569
1728464419021495000,1656,5,1991,1605,73,786
1728464419022337000,1347,0,2418,1484,0,1002
1728464419023179000,1013,141,2579,1274,0,1205
1728464419024021000,727,385,2643,1063,4,1383
1728464419024863000,434,660,2658,850,69,1523
1728464419025706000,133,986,2620,641,197,1636
1728464419026549000,9,1418,2504,489,420,1661
1728464419027391000,29,1676,2057,277,591,1675
1728464419028233000,0,1804,1763,143,832,1602
1728464419029075000,0,2396,1441,32,919,1473
1728464419029917000,155,2728,1076,0,1080,1279
1728464419030771000,389,2900,736,0,1233,1055
1728464419031614000,675,2909,440,4,1328,825
1728464419032457000,992,2752,174,153,1406,608
1728464419033299000,1394,2424,0,341,1427,413
1728464419034141000,1667,1938,4,560,1386,234
1728464419034983000,1888,1649,5,798,1306,97
1728464419035825000,2272,1344,0,1023,1158,5
1728464419036667000,2370,999,201,1224,978,33
1728464419037509000,2456,663,462,1374,786,16
1728464419038351000,2501,391,743,1439,615,56
1728464419039194000,2433,158,1081,1575,455,210
1728464419040037000,2316,0,1425,1637,289,407
1728464419040879000,1861,5,1764,1649,148,629
1728464419041721000,1576,6,2047,1570,50,844
1728464419042563000,1263,21,2492,1430,0,1050
1728464419043405000,936,196,2611,1230,5,1250
1728464419044251000,626,455,2652,998,2,1436
1728464419045093000,357,751,2657,781,89,1560
1728464419045936000,106,1066,2547,576,266,1741
1728464419046779000,21,1421,2444,404,429,1620
1728464419047621000,13,1690,1954,250,605,1609
1728464419048463000,0,1975,1693,105,789,1592
1728464419049305000,14,2496,1355,6,960,1434
1728464419050147000,213,2774,987,0,1130,1216
1728464419050989000,461,2912,650,1,1256,986
1728464419051831000,747,2881,373,41,1351,767
1728464419052674000,1077,2657,117,188,1455,554
1728464419053516000,1398,2312,2,401,1418,361
1728464419054358000,1683,1847,0,613,1375,194
1728464419055200000,2002,1575,0,832,1272,64
1728464419056042000,2457,1231,64,1031,1088,0
1728464419056884000,2546,900,298,1230,899,0
1728464419058040000,2570,598,552,1370,728,0
1728464419058882000,2496,327,819,1493,577,87
1728464419059725000,2415,110,1173,1593,407,250
1728464419060567000,2241,5,1520,1660,250,466
1728464419061410000,1791,4,1848,1635,114,683
1728464419062252000,1489,1,2125,1543,21,908
1728464419063094000,1160,58,2531,1371,0,1108
1728464419063936000,849,261,2631,1177,0,1305
1728464419064778000,551,522,2675,945,21,1472
1728464419065621000,289,818,2656,726,119,1607
1728464419066464000,73,1186,2603,528,306,1694
1728464419067307000,0,1473,2197,366,462,1797
1728464419068149000,0,1754,1859,206,670,1730
1728464419068991000,0,2035,1600,90,839,1560
1728464419069833000,75,2574,1259,0,1006,1368
1728464419070675000,262,2830,901,4,1154,1160
1728464419071220000,533,2927,572,0,1295,931
1728464419072062000,842,2847,286,71,1369,718
1728464419072905000,1174,2648,65,242,1421,498
1728464419073747000,1477,2112,9,439,1487,312
1728464419074589000,1760,1780,1,671,1384,149
1728464419075431000,2016,1479,0,874,1269,34
1728464419076273000,2430,1146,76,1075,1034,0
1728464419077115000,2497,798,309,1249,800,0
1728464419077957000,2511,500,591,1396,650,2
1728464419078800000,2482,270,921,1526,534,130
1728464419079643000,2372,77,1253,1609,372,313
1728464419080485000,1998,2,1614,1648,210,517
1728464419081327000,1705,0,1927,1623,82,747
1728464419082169000,1415,0,2177,1513,0,960
1728464419083011000,1073,105,2565,1329,0,1156
1728464419083853000,757,306,2656,1118,0,1359
1728464419084707000,481,600,2674,877,39,1500
1728464419085550000,210,891,2633,677,176,1632
1728464419086392000,10,1285,2543,471,334,1695
1728464419087234000,0,1535,2213,306,535,1701
1728464419088076000,0,1847,1863,169,722,1645
1728464419088918000,0,2089,1509,64,900,1500
1728464419089760000,104,2656,1147,0,1045,1318
1728464419090601000,330,2873,793,0,1202,1092
1728464419091443000,615,2922,480,0,1306,864
1728464419092285000,931,2788,213,116,1397,665
1728464419093128000,1247,2503,10,293,1425,490
1728464419093970000,1547,1989,0,503,1408,251
1728464419094812000,1835,1723,0,719,1332,109
1728464419095654000,2143,1418,0,922,1182,0
1728464419096495000,2425,1081,106,1105,1009,0
1728464419097337000,2480,862,354,1291,836,0
1728464419098188000,2513,462,686,1437,656,31
1728464419099031000,2460,208,1013,1549,495,178
1728464419099873000,2348,39,1368,1634,320,363
1728464419100716000,1906,1,1712,1647,170,583
1728464419101558000,1629,9,2012,1600,57,811
1728464419102399000,1344,0,2467,1468,0,1010
1728464419103241000,1010,148,2587,1287,0,1198
1728464419104083000,695,385,2665,1050,0,1399
1728464419104926000,410,678,2675,839,70,1546
1728464419105769000,276,983,2604,633,207,1637
1728464419106612000,0,1311,2467,514,374,1724
1728464419107454000,0,1615,2046,342,576,1728
1728464419108296000,0,1914,1754,141,758,1603
1728464419109138000,0,2402,1409,30,928,1459
1728464419109980000,165,2731,1050,0,1097,1262
1728464419110822000,404,2901,718,0,1228,1029
1728464419111675000,685,2895,410,21,1344,802
1728464419112518000,997,2715,154,144,1399,601
1728464419113360000,1328,2407,0,344,1431,395
1728464419114202000,1624,1922,0,569,1397,226
1728464419115044000,1911,1635,36,788,1300,81
1728464419115886000,2327,1328,101,980,1188,15
1728464419116728000,2440,1013,270,1152,1013,9
1728464419117570000,2507,690,503,1320,785,87
1728464419118413000,2508,373,769,1472,609,54
1728464419119256000,2435,151,1112,1582,437,212
1728464419120098000,2296,0,1465,1641,279,424
1728464419120941000,1839,9,1800,1639,133,657
1728464419121783000,1553,5,2084,1566,41,866
1728464419122625000,1225,30,2500,1428,1,1063
1728464419123467000,925,224,2604,1208,0,1261
1728464419124309000,600,471,2663,989,0,1430
1728464419125155000,344,797,2659,774,113,1565
1728464419125997000,92,1015,2565,578,329,1633
1728464419126840000,0,1349,2434,421,490,1696
1728464419127682000,1,1679,1974,237,624,1671
1728464419128524000,0,1986,1668,113,818,1578
1728464419129366000,32,2509,1311,5,972,1407
1728464419130208000,226,2798,965,0,1140,1198
1728464419131050000,466,2919,634,0,1264,975
1728464419131892000,789,2872,343,48,1357,754
1728464419132735000,1137,2648,109,271,1410,548
1728464419133577000,1404,2291,10,440,1429,354
1728464419134419000,1693,1856,1,648,1376,185
1728464419135261000,1944,1550,5,826,1270,47
1728464419136103000,2352,1223,64,967,1090,0
1728464419136945000,2456,894,286,1150,918,0
1728464419137787000,2520,585,532,1379,744,4
1728464419138644000,2503,312,851,1504,566,98
1728464419139487000,2396,92,1195,1607,405,269
1728464419140329000,2151,14,1535,1644,234,480
1728464419141171000,1768,2,1867,1634,105,705
1728464419142013000,1472,6,2140,1530,18,920
1728464419142855000,1150,82,2537,1359,0,1116
1728464419143697000,821,274,2629,1152,0,1317
1728464419144539000,522,559,2656,932,11,1494
1728464419145382000,237,843,2611,704,154,1648
1728464419146225000,119,1193,2533,529,309,1611
1728464419147067000,0,1510,2240,360,480,1644
1728464419147909000,0,1791,1907,199,675,1662
1728464419148751000,0,2043,1581,78,852,1537
1728464419149593000,79,2603,1237,0,1013,1355
1728464419150435000,274,2840,876,0,1169,1143
1728464419151277000,554,2928,555,0,1296,915
1728464419152120000,853,2815,277,91,1430,682
1728464419152963000,1180,2556,58,256,1464,489
1728464419153805000,1502,2070,9,468,1402,301
1728464419154647000,1785,1763,0,681,1350,138
1728464419155489000,2152,1460,23,909,1192,21
1728464419156331000,2529,1115,107,1090,1020,0
1728464419157173000,2552,776,370,1278,846,2
1728464419158015000,2524,500,615,1409,690,4
1728464419158858000,2463,245,945,1537,520,129
1728464419159701000,2371,56,1291,1614,360,325
1728464419160543000,1960,16,1632,1648,201,538
1728464419161385000,1698,2,1945,1612,87,757
1728464419162227000,1378,0,2188,1499,0,970
1728464419163069000,1066,117,2575,1314,0,1170
1728464419163911000,754,352,2638,1083,0,1376
1728464419164753000,474,616,2674,882,29,1514
1728464419165606000,184,945,2631,667,177,1617
1728464419166448000,0,1253,2601,463,357,1703
1728464419167290000,0,1582,2202,306,585,1717
1728464419168132000,0,1863,1819,160,734,1635
1728464419168974000,0,2156,1501,64,884,1485
1728464419169816000,130,2666,1144,0,1058,1298
1728464419170658000,350,2882,789,0,1204,1087
1728464419171500000,631,2925,477,0,1325,847
1728464419172343000,942,2770,192,132,1394,676
1728464419173185000,1279,2483,21,309,1428,423
1728464419174027000,1567,2055,0,522,1413,260
1728464419174869000,1857,1760,2,733,1327,103
1728464419175712000,2309,1457,0,940,1179,0
1728464419176554000,2473,1118,142,1156,1016,0
1728464419177396000,2503,657,394,1301,887,0
1728464419178238000,2517,426,699,1440,640,29
1728464419179141000,2449,195,1037,1553,472,185
1728464419179983000,2323,22,1378,1632,314,371
1728464419180825000,1896,4,1712,1650,169,600
1728464419181668000,1615,8,2016,1592,49,817
1728464419182510000,1303,0,2488,1457,0,1019
1728464419183352000,988,164,2588,1259,0,1229
1728464419184194000,680,402,2658,1042,0,1406
1728464419185036000,325,683,2637,861,65,1567
1728464419185879000,105,1012,2636,658,203,1650
1728464419186721000,0,1360,2463,395,405,1714
1728464419187563000,0,1652,2033,261,596,1695
1728464419188405000,0,1939,1728,138,776,1601
1728464419189247000,0,2429,1392,18,939,1445
1728464419190089000,181,2740,1029,0,1099,1248
1728464419190931000,421,2904,691,0,1248,1018
1728464419191773000,709,2901,414,21,1344,796
1728464419192577000,1020,2717,192,165,1408,579
1728464419193419000,1359,2393,0,359,1437,461
1728464419194261000,1662,1906,0,578,1400,230
1728464419195103000,1968,1638,0,794,1298,0
1728464419195945000,2373,1344,0,974,1157,33
1728464419196786000,2497,997,159,1164,952,0
1728464419197628000,2521,642,482,1346,779,0
1728464419198470000,2506,369,794,1474,591,76
1728464419199313000,2420,137,1147,1580,432,234
1728464419200155000,2293,0,1475,1639,261,436
1728464419200998000,1822,9,1814,1643,125,648
1728464419201840000,1535,0,2072,1567,34,852
1728464419202681000,1223,36,2521,1413,0,1076
1728464419203523000,900,226,2624,1208,0,1276
1728464419204365000,604,469,2667,990,9,1452
1728464419205208000,338,762,2640,753,65,1570
1728464419206055000,215,1081,2609,589,234,1668
1728464419206897000,34,1421,2453,376,420,1705
1728464419207739000,0,1735,1956,227,642,1671
1728464419208581000,0,2000,1635,96,821,1565
1728464419209423000,46,2528,1296,2,974,1391
1728464419210265000,231,2796,941,0,1141,1182
1728464419211107000,491,2926,594,0,1279,962
1728464419211949000,774,2863,324,40,1362,732
1728464419212792000,1103,2624,90,213,1417,538
1728464419213634000,1423,2240,9,421,1421,330
1728464419214476000,1728,1834,6,640,1376,173
1728464419215318000,1966,1530,0,832,1258,68
1728464419216160000,2375,1233,181,1017,1111,17
1728464419217002000,2476,897,378,1219,960,8
1728464419217844000,2528,556,557,1382,719,0
1728464419218687000,2488,297,888,1508,551,106
1728464419219544000,2396,96,1220,1601,393,286
1728464419220386000,2091,16,1579,1654,234,488
1728464419221229000,1752,0,1894,1638,101,719
1728464419222071000,1461,5,2150,1521,8,921
1728464419222913000,1121,90,2541,1359,0,1116
1728464419223755000,823,296,2638,1146,0,1331
1728464419224597000,527,594,2680,926,21,1479
1728464419225440000,279,784,2613,681,232,1588
1728464419226282000,57,1144,2542,550,361,1673
1728464419227124000,0,1475,2191,349,501,1703
1728464419227966000,0,1811,1871,194,697,1654
1728464419228808000,0,2054,1563,69,866,1524
1728464419229650000,89,2624,1200,0,1027,1353
1728464419230492000,309,2853,847,0,1189,1130
1728464419231334000,570,2927,530,0,1304,896
1728464419232176000,939,2817,261,133,1377,682
1728464419233023000,1191,2554,65,312,1416,482
1728464419233865000,1496,2022,4,498,1420,293
1728464419234707000,1777,1749,2,631,1344,114
1728464419235549000,2033,1445,0,869,1212,64
1728464419236391000,2385,1121,103,1041,1043,23
1728464419237233000,2510,790,344,1269,855,0
1728464419238075000,2518,481,637,1422,682,8
1728464419238918000,2470,234,960,1535,509,149
1728464419239760000,2360,50,1303,1621,348,327
1728464419240602000,1942,5,1647,1652,186,558
1728464419241444000,1672,10,1963,1592,82,776
1728464419242286000,1359,2,2210,1486,0,982
1728464419243128000,1045,142,2566,1287,2,1183
1728464419243970000,738,357,2656,1088,0,1376
1728464419244812000,448,623,2600,847,50,1600
1728464419245654000,213,969,2577,631,220,1685
1728464419246516000,64,1296,2475,463,356,1612
1728464419247358000,0,1600,2094,297,552,1704
1728464419248200000,0,1888,1802,154,736,1619
1728464419249042000,0,2342,1472,45,907,1484
1728464419249884000,143,2690,1118,0,1064,1291
1728464419250726000,358,2895,767,0,1216,1066
1728464419251568000,650,2955,448,4,1394,826
1728464419252411000,970,2752,192,142,1436,619
1728464419253254000,1300,2440,11,328,1427,429
1728464419254096000,1585,1952,6,533,1396,242
1728464419254938000,1896,1656,5,764,1276,90
1728464419255780000,2420,1344,18,975,1150,10
1728464419256622000,2544,1013,212,1150,967,13
1728464419257464000,2506,702,422,1318,818,0
1728464419258306000,2512,410,719,1449,636,42
1728464419259149000,2446,189,1056,1568,478,202
1728464419259987000,2331,13,1393,1636,309,399
1728464419260830000,1886,10,1743,1650,158,606
1728464419261672000,1595,3,2038,1587,53,839
1728464419262514000,1280,9,2485,1426,0,1039
1728464419263356000,964,203,2598,1248,10,1238
1728464419264198000,658,423,2668,1039,0,1424
1728464419265040000,357,705,2660,788,69,1543
1728464419265883000,132,1050,2648,599,277,1666
1728464419266725000,0,1404,2488,412,410,1695
1728464419267567000,0,1671,2021,254,597,1684
1728464419268409000,0,1945,1715,133,786,1591
1728464419269251000,11,2444,1376,18,942,1424
1728464419270093000,185,2749,1021,0,1102,1223
1728464419270935000,436,2926,678,0,1254,1007
1728464419271777000,731,2887,370,29,1335,756
1728464419272620000,1058,2770,125,185,1414,548
1728464419275425000,1381,2380,0,373,1424,365
1728464419276267000,1666,1939,5,591,1394,192
1728464419277109000,1926,1520,0,806,1349,53
1728464419277951000,2346,1199,23,1017,1184,0
1728464419278793000,2464,906,232,1196,969,0
1728464419279635000,2521,631,500,1346,764,0
1728464419280478000,2498,349,805,1481,584,81
1728464419281320000,2417,128,1137,1584,437,244
1728464419282162000,2274,0,1490,1647,265,448
1728464419283004000,1814,0,1832,1640,120,672
1728464419283846000,1495,0,2113,1557,14,898
1728464419284688000,1189,34,2515,1399,0,1091
1728464419285530000,853,244,2624,1202,0,1298
1728464419286372000,490,491,2691,1006,0,1494
1728464419287214000,260,791,2640,699,117,1574
1728464419288057000,38,1120,2546,514,281,1688
1728464419288899000,0,1457,2397,393,472,1708
1728464419289741000,0,1751,1939,215,659,1669
1728464419290583000,0,2016,1617,98,824,1559
1728464419291425000,64,2540,1269,5,1002,1380
1728464419292267000,250,2815,902,0,1160,1176
1728464419293109000,502,2931,651,0,1288,940
1728464419293951000,807,2855,348,66,1369,729
1728464419294794000,1134,2612,70,226,1411,553
1728464419295636000,1442,2204,0,426,1434,345
1728464419296478000,1810,1857,0,637,1358,100
1728464419297320000,1997,1515,0,866,1236,0
1728464419298162000,2405,1196,41,1061,1076,0
1728464419299004000,2491,864,302,1234,898,0
1728464419299846000,2514,543,583,1390,711,0
1728464419300689000,2486,286,910,1510,531,119
1728464419301532000,2381,86,1248,1607,375,301
1728464419302359000,2048,13,1592,1653,224,498
1728464419303202000,1738,5,1915,1630,84,723
1728464419304044000,1442,0,2163,1523,0,940
1728464419304886000,1120,87,2564,1344,0,1141
1728464419305728000,799,299,2643,1136,0,1344
1728464419306570000,617,557,2695,919,2,1494
1728464419307413000,320,868,2629,689,132,1607
1728464419308255000,0,1207,2527,569,320,1736
1728464419309098000,0,1528,2164,326,517,1709
1728464419309940000,0,1831,1856,185,704,1647
1728464419310782000,0,2059,1530,64,881,1513
1728464419311624000,104,2625,1180,0,1029,1325
1728464419312466000,312,2858,832,0,1194,1110
1728464419313308000,576,2924,491,0,1311,889
1728464419314151000,894,2807,237,96,1391,658
1728464419314994000,1224,2528,93,288,1434,472
1728464419315840000,1540,2013,34,493,1423,276
1728464419316682000,1822,1764,42,711,1336,225
1728464419317524000,2060,1441,0,898,1191,117
1728464419318366000,2416,1110,50,1106,1020,75
1728464419319208000,2508,761,373,1286,852,0
1728464419320050000,2523,481,664,1432,660,14
1728464419320893000,2463,218,996,1545,493,162
1728464419321736000,2352,35,1345,1623,332,349
1728464419322578000,1930,1,1683,1654,186,568
1728464419323421000,1665,8,1984,1605,75,793
1728464419324263000,1359,2,2329,1483,0,986
1728464419325105000,1031,146,2586,1289,0,1194
1728464419325947000,719,320,2652,1054,52,1377
1728464419326789000,421,605,2657,858,119,1524
1728464419327632000,210,922,2606,662,242,1634
1728464419328474000,1,1308,2505,457,361,1695
1728464419329326000,0,1615,2076,287,576,1700
1728464419330168000,0,1904,1769,139,756,1623
1728464419331010000,0,2391,1447,42,921,1468
1728464419331852000,148,2708,1088,0,1082,1271
1728464419332694000,378,2900,736,0,1223,1049
1728464419333536000,645,2903,435,50,1328,824
1728464419334378000,972,2738,181,175,1394,618
1728464419335220000,1300,2439,11,325,1431,407
1728464419336062000,1592,1950,0,520,1403,267
1728464419336904000,1878,1706,14,750,1311,114
1728464419337746000,2320,1376,0,960,1174,0
1728464419338588000,2448,1013,193,1154,987,0
1728464419339430000,2520,687,435,1326,808,0
1728464419340272000,2520,388,732,1466,631,48
1728464419341115000,2443,177,1076,1582,453,210
1728464419341957000,2308,0,1448,1635,295,401
1728464419342807000,1863,16,1767,1639,149,631
1728464419343649000,1588,5,2047,1575,50,839
1728464419344491000,1273,29,2471,1424,0,1019
1728464419345333000,952,200,2630,1230,0,1242
1728464419346175000,663,457,2645,993,0,1376
1728464419347018000,362,837,2624,781,111,1512
1728464419347861000,181,1126,2586,598,245,1640
1728464419348703000,0,1400,2465,407,427,1718
1728464419349545000,0,1693,2004,245,608,1677
1728464419350388000,0,1966,1692,121,800,1586
1728464419351230000,21,2481,1357,5,953,1425
1728464419352072000,205,2785,997,0,1125,1217
1728464419352914000,460,2901,649,0,1239,981
1728464419353756000,754,2872,362,34,1336,766
1728464419354599000,1134,2662,130,196,1408,564
1728464419355441000,1422,2342,9,388,1434,369
1728464419356307000,1602,1863,0,683,1377,229
1728464419357149000,1871,1566,21,875,1273,110
1728464419357991000,2321,1255,75,1047,1122,0
1728464419358833000,2467,921,244,1201,942,0
1728464419359675000,2528,601,509,1368,760,0
1728464419360518000,2496,329,818,1498,578,78
1728464419361361000,2412,117,1169,1588,419,261
1728464419362203000,2264,21,1520,1656,244,466
1728464419363045000,1788,5,1846,1643,133,687
1728464419363887000,1489,2,2125,1539,29,897
1728464419364729000,1186,71,2531,1379,0,1102
1728464419365571000,851,250,2624,1177,0,1335
1728464419366413000,546,501,2589,943,5,1547
1728464419367256000,320,824,2607,727,157,1631
1728464419368099000,114,1141,2544,533,281,1631
1728464419368942000,0,1467,2333,370,474,1701
1728464419369787000,0,1769,1925,210,667,1668
1728464419370629000,0,2028,1602,87,835,1541
1728464419371471000,65,2559,1254,0,997,1372
1728464419372313000,266,2828,907,0,1157,1161
1728464419373155000,520,2903,569,0,1335,913
1728464419373997000,833,2828,287,67,1396,698
1728464419374840000,1165,2588,74,229,1413,505
1728464419375682000,1504,2137,5,448,1408,306
1728464419376524000,1906,1786,23,674,1322,151
1728464419377366000,2058,1478,47,880,1208,37
1728464419378208000,2416,1184,85,1060,1080,2
1728464419379050000,2496,844,309,1242,890,0
1728464419379892000,2510,522,594,1402,704,2
1728464419380735000,2480,273,916,1516,535,128
1728464419381577000,2375,75,1259,1609,375,306
1728464419382419000,2009,11,1601,1653,218,522
1728464419383262000,1703,17,1936,1615,69,744
1728464419384104000,1399,5,2175,1511,5,962
1728464419384946000,1095,106,2551,1328,0,1157
1728464419385787000,749,313,2646,1096,0,1372
1728464419386629000,452,628,2694,878,41,1515
1728464419387472000,213,904,2727,669,177,1600
1728464419388315000,32,1242,2527,503,342,1700
1728464419389157000,0,1546,2118,320,545,1703
1728464419389999000,0,1843,1842,178,722,1635
1728464419390841000,0,2073,1528,65,887,1501
1728464419391683000,114,2656,1159,0,1042,1323
1728464419392525000,323,2867,786,0,1209,1145
1728464419393367000,608,2912,474,0,1315,901
1728464419394210000,923,2784,222,112,1383,634
1728464419395052000,1256,2559,23,291,1443,448
1728464419395895000,1575,2085,0,522,1421,256
1728464419396752000,1840,1805,0,770,1346,74
1728464419397594000,2144,1472,0,946,1187,0
1728464419398436000,2424,1096,149,1110,1026,10
1728464419399278000,2509,764,386,1283,847,0
1728464419400120000,2512,460,681,1436,651,30
1728464419400963000,2460,204,1013,1552,489,168
1728464419401806000,2348,16,1361,1636,330,360
1728464419402648000,1911,0,1700,1641,151,589
1728464419403490000,1635,0,2017,1600,52,808
1728464419404332000,1331,0,2454,1470,0,1015
1728464419405174000,1021,145,2599,1287,0,1208
1728464419406016000,798,378,2689,1071,0,1394
1728464419406859000,297,661,2656,885,57,1572
1728464419407702000,97,1005,2631,672,213,1647
1728464419408544000,0,1317,2487,455,397,1699
1728464419409386000,0,1632,2050,281,578,1694
1728464419410227000,0,1912,1760,144,766,1608
1728464419411069000,0,2396,1407,31,932,1457
1728464419411911000,165,2719,1057,0,1089,1257
1728464419412753000,388,2904,716,0,1235,1038
1728464419413595000,679,2898,412,2,1330,810
1728464419414438000,999,2727,162,157,1406,593
1728464419415280000,1344,2416,27,343,1447,405
1728464419416122000,1614,1957,78,553,1429,235
1728464419416964000,1897,1656,0,773,1285,166
1728464419417806000,2341,1324,0,978,1140,64
1728464419418648000,2456,987,206,1168,980,0
1728464419419490000,2515,658,458,1340,786,0
1728464419420332000,2505,381,776,1458,601,58
1728464419421174000,2425,155,1116,1585,448,229
1728464419422016000,2305,0,1449,1644,292,421
1728464419422858000,1848,10,1780,1651,139,623
1728464419423713000,1564,5,2085,1564,45,864
1728464419424555000,1248,37,2511,1426,0,1061
1728464419425397000,929,257,2609,1216,3,1237
1728464419426239000,650,516,2656,992,0,1404
1728464419427081000,330,691,2656,774,149,1546
1728464419427924000,110,1088,2585,585,274,1675
1728464419428766000,0,1421,2453,396,452,1709
1728464419429608000,0,1720,1976,242,632,1674
1728464419430450000,0,1990,1656,104,815,1579
1728464419431292000,31,2511,1324,5,965,1415
1728464419432134000,256,2786,963,0,1138,1204
1728464419432976000,524,2920,626,0,1259,978
1728464419433818000,810,2864,354,85,1337,743
1728464419434660000,1088,2658,106,240,1419,559
1728464419435502000,1387,2294,26,442,1432,348
1728464419436344000,1664,1856,0,576,1371,188
1728464419437195000,1931,1564,0,794,1255,87
1728464419438037000,2378,1250,53,1032,1120,0
1728464419438879000,2496,898,258,1218,938,0
1728464419439721000,2521,584,530,1379,740,0
1728464419440563000,2489,321,847,1497,568,91
1728464419441406000,2408,98,1184,1600,412,258
1728464419442248000,2152,21,1542,1646,249,471
1728464419443091000,1770,1,1836,1628,105,705
1728464419443933000,1486,5,2131,1530,20,924
1728464419444774000,1173,66,2528,1377,0,1111
1728464419445616000,832,251,2566,1154,0,1394
1728464419446458000,546,545,2629,921,40,1532
1728464419447301000,338,851,2630,719,122,1533
1728464419448143000,64,1173,2559,525,298,1687
1728464419448986000,0,1493,2257,364,490,1705
1728464419449828000,0,1784,1897,194,680,1657
1728464419450681000,0,2044,1585,81,839,1540
1728464419451523000,64,2589,1244,0,1010,1359
1728464419452365000,277,2821,864,0,1231,1136
1728464419453207000,551,2905,552,0,1337,907
1728464419454049000,856,2816,276,85,1400,698
1728464419454892000,1186,2576,64,244,1424,498
1728464419455734000,1494,2079,5,457,1378,302
1728464419456576000,1912,1748,21,685,1322,157
1728464419457418000,2116,1480,44,898,1194,45
1728464419458260000,2400,1145,101,1081,1072,0
1728464419459102000,2496,814,320,1260,885,0
1728464419459944000,2516,517,613,1406,696,2
1728464419460787000,2476,263,935,1525,527,148
1728464419461629000,2379,57,1284,1624,363,320
1728464419462471000,1941,0,1628,1645,202,535
1728464419463314000,1684,8,1937,1587,78,767
1728464419464202000,1392,1,2184,1499,0,985
1728464419465044000,1088,106,2567,1325,0,1169
1728464419465886000,745,357,2658,1090,0,1366
1728464419466728000,453,604,2747,862,66,1515
1728464419467570000,224,935,2679,666,186,1637
1728464419468412000,23,1258,2525,488,359,1697
1728464419469254000,0,1559,2115,322,543,1696
1728464419470096000,0,1858,1834,168,723,1630
1728464419470938000,0,2124,1511,58,893,1500
1728464419471780000,132,2664,1136,0,1058,1305
1728464419472622000,341,2875,777,0,1208,1060
1728464419473464000,632,2906,466,0,1320,846
1728464419474306000,943,2791,203,106,1392,629
1728464419475149000,1251,2553,14,314,1440,404
1728464419475991000,1600,2055,0,528,1422,222
1728464419476834000,1870,1579,1,719,1410,96
1728464419477645000,2290,1394,0,940,1194,13
1728464419478487000,2432,1069,155,1119,1013,0
1728464419479329000,2510,742,400,1297,832,0
1728464419480171000,2512,441,685,1433,647,33
1728464419481014000,2459,202,1026,1554,489,181
1728464419481856000,2337,15,1382,1638,314,370
1728464419482698000,1895,0,1728,1649,153,585
1728464419483540000,1612,5,2013,1592,64,823
1728464419484382000,1268,0,2457,1463,0,1028
1728464419485224000,1011,149,2567,1337,0,1225
1728464419486066000,570,376,2656,1099,0,1442
1728464419486909000,320,686,2690,853,77,1564
1728464419487751000,157,1018,2599,619,231,1655
1728464419488594000,0,1347,2480,441,407,1703
1728464419489436000,0,1644,2037,272,596,1684
1728464419490278000,0,1926,1724,138,773,1605
1728464419491130000,4,2424,1398,20,943,1459
1728464419491972000,164,2739,1090,0,1105,1248
1728464419492814000,407,2892,751,0,1244,1017
1728464419493656000,709,2887,428,23,1344,796
1728464419494499000,1021,2717,143,154,1421,621
1728464419495341000,1353,2384,0,349,1452,458
1728464419496183000,1665,1932,0,576,1421,247
1728464419497025000,1946,1626,0,796,1312,38
1728464419497867000,2355,1314,23,992,1150,0
1728464419498709000,2451,978,219,1173,962,0
1728464419499551000,2514,650,482,1339,778,0
1728464419500394000,2509,377,789,1472,591,73
1728464419501237000,2421,137,1124,1584,434,229
1728464419502079000,2289,0,1480,1637,265,436
1728464419502921000,1824,0,1811,1649,133,661
1728464419503763000,1544,0,2080,1564,45,866
1728464419504617000,1228,28,2512,1418,0,1075
1728464419505459000,921,174,2624,1219,30,1266
1728464419506301000,629,414,2672,989,0,1441
1728464419507144000,341,759,2655,762,92,1560
1728464419507987000,102,1109,2569,572,276,1673
1728464419508829000,0,1428,2432,392,450,1702
1728464419509671000,0,1722,1962,234,642,1672
1728464419510513000,0,1988,1634,101,823,1561
1728464419511355000,29,2521,1299,0,978,1393
1728464419512197000,213,2787,942,26,1138,1192
1728464419513039000,469,2912,604,2,1268,961
1728464419513881000,778,2847,325,49,1368,732
1728464419514724000,1105,2637,87,195,1428,541
1728464419515566000,1412,2288,30,389,1421,345
1728464419516408000,1715,1883,1,629,1382,154
1728464419517250000,1977,1537,46,849,1260,56
1728464419518097000,2377,1221,66,1041,1093,0
1728464419518939000,2482,884,282,1222,919,2
1728464419519781000,2519,565,552,1383,720,0
1728464419520624000,2487,293,885,1508,558,100
1728464419521466000,2400,93,1219,1603,394,285
1728464419522308000,2104,17,1569,1647,234,489
1728464419523150000,1752,9,1885,1628,96,698
1728464419523992000,1454,0,2163,1530,21,925
1728464419524834000,1117,170,2533,1359,0,1088
1728464419525676000,796,389,2631,1153,4,1283
1728464419526518000,533,640,2657,945,37,1456
1728464419527360000,258,862,2630,702,167,1608
1728464419528203000,57,1200,2544,527,322,1685
1728464419529046000,0,1510,2191,350,509,1706
1728464419529888000,0,1815,1878,192,690,1658
1728464419530730000,0,2043,1563,78,865,1530
1728464419531581000,128,2608,1198,0,1020,1344
1728464419532423000,373,2846,856,0,1166,1123
1728464419533265000,597,2926,538,0,1289,900
1728464419534107000,897,2816,258,110,1376,683
1728464419534949000,1141,2544,79,320,1422,514
1728464419535791000,1452,2033,21,461,1412,285
1728464419536633000,1744,1759,0,648,1330,132
1728464419537476000,2035,1454,0,914,1222,26
1728464419538318000,2414,1126,116,1088,1053,0
1728464419539160000,2496,796,341,1267,867,0
1728464419540002000,2515,480,630,1418,683,21
1728464419540844000,2471,235,960,1542,505,144
1728464419541687000,2353,46,1301,1615,363,337
1728464419542529000,1944,16,1636,1657,192,553
1728464419543372000,1659,0,1951,1603,89,778
1728464419544214000,1376,0,2215,1496,0,985
1728464419545063000,1062,133,2552,1294,9,1234
1728464419545905000,766,373,2624,1073,8,1416
1728464419546747000,520,658,2652,842,37,1451
1728464419547590000,189,960,2624,661,185,1637
1728464419548433000,16,1288,2515,469,371,1699
1728464419549275000,0,1601,2093,298,554,1701
1728464419550117000,0,1878,1800,157,745,1625
1728464419550959000,0,2331,1482,45,898,1487
1728464419551801000,133,2681,1119,0,1103,1279
1728464419552643000,352,2887,760,0,1235,1076
1728464419553485000,655,2897,456,0,1309,832
1728464419554328000,994,2766,192,142,1390,626
1728464419555171000,1381,2444,43,329,1413,436
1728464419556013000,1653,1945,2,586,1385,256
1728464419556855000,1776,1688,0,804,1311,137
1728464419557697000,2311,1375,0,949,1180,0
1728464419558548000,2447,1034,166,1144,1008,0
1728464419559390000,2511,704,414,1306,818,0
1728464419560232000,2506,418,722,1450,634,49
1728464419561075000,2443,178,1045,1559,474,193
1728464419561917000,2322,21,1398,1630,308,386
1728464419562759000,1888,4,1734,1646,168,610
1728464419563601000,1601,5,2034,1586,50,832
1728464419564443000,1274,0,2543,1440,0,1042
1728464419565285000,943,174,2663,1229,33,1257
1728464419566127000,648,440,2700,1018,15,1417
1728464419566970000,378,707,2640,808,84,1584
1728464419567813000,146,1031,2608,604,231,1662
1728464419568655000,0,1372,2479,429,413,1709
1728464419569497000,0,1660,2013,256,615,1681
1728464419570339000,0,1943,1717,132,786,1592
1728464419571181000,0,2445,1386,18,948,1438
1728464419572031000,202,2796,1012,0,1103,1228
1728464419572873000,440,2939,679,0,1308,996
1728464419573715000,724,2890,373,26,1390,782
1728464419574558000,1050,2675,137,186,1454,534
1728464419575401000,1408,2346,0,362,1374,365
1728464419576243000,1743,1874,15,598,1338,212
1728464419577085000,1936,1606,2,805,1291,74
1728464419577927000,2353,1289,26,993,1132,0
1728464419578769000,2467,949,226,1185,946,0
1728464419579611000,2513,625,492,1350,778,0
1728464419580453000,2503,354,801,1472,587,79
1728464419581296000,2401,117,1151,1585,424,247
1728464419582138000,2278,0,1494,1619,258,439
1728464419582980000,1800,2,1818,1634,126,667
1728464419583822000,1524,2,2112,1561,25,896
1728464419584664000,1192,94,2562,1390,0,1098
1728464419588079000,852,281,2650,1170,0,1302
1728464419588921000,562,522,2663,948,17,1445
1728464419589764000,320,800,2656,754,126,1586
1728464419590607000,90,1125,2559,563,290,1681
1728464419591450000,0,1448,2382,383,467,1697
1728464419592292000,0,1743,1944,226,658,1661
1728464419593134000,0,2016,1630,90,832,1563
1728464419593976000,42,2543,1263,0,994,1422
1728464419594818000,253,2796,905,0,1156,1149
1728464419595660000,516,2914,581,0,1279,935
1728464419596502000,802,2907,302,53,1376,719
1728464419597345000,1169,2701,73,232,1430,514
1728464419598187000,1472,2116,5,413,1508,297
1728464419599029000,1716,1757,1,665,1425,165
1728464419599871000,2001,1524,6,861,1249,45
1728464419600713000,2381,1214,78,1041,1081,5
1728464419601555000,2486,865,293,1227,903,0
1728464419602397000,2517,549,576,1393,713,0
1728464419603240000,2479,282,910,1513,545,114
1728464419604083000,2383,82,1248,1600,381,299
1728464419604925000,2035,4,1601,1651,216,501
1728464419605767000,1732,0,1904,1621,98,717
1728464419606609000,1407,1,2147,1551,2,945
1728464419607451000,1010,78,2543,1414,0,1182
1728464419608293000,725,287,2641,1177,0,1381
1728464419609135000,466,578,2682,941,41,1495
1728464419609978000,245,876,2624,698,166,1612
1728464419610820000,46,1216,2528,513,327,1686
1728464419611662000,0,1523,2158,335,517,1704
1728464419612504000,0,1816,1856,179,700,1645
1728464419613346000,0,2057,1535,68,877,1511
1728464419614188000,90,2611,1228,0,1035,1330
1728464419615104000,303,2848,879,0,1181,1111
1728464419615946000,578,2923,522,0,1308,888
1728464419616789000,897,2812,170,89,1397,754
1728464419617632000,1218,2545,0,266,1460,533
1728464419618474000,1565,2029,0,489,1428,299
1728464419619317000,1823,1743,5,709,1336,121
1728464419620159000,2055,1440,0,919,1209,26
1728464419621001000,2424,1112,125,1098,1044,1
1728464419621843000,2504,773,372,1280,840,0
1728464419622685000,2513,463,664,1429,663,20
1728464419623528000,2470,230,992,1544,494,154
1728464419624370000,2354,25,1346,1624,346,352
1728464419625212000,1931,0,1681,1655,189,565
1728464419626054000,1656,4,1965,1606,57,777
1728464419626896000,1370,0,2319,1468,0,992
1728464419627738000,1039,117,2583,1273,0,1196
1728464419628522000,818,357,2649,1061,0,1383
1728464419629365000,426,658,2668,841,64,1531
1728464419630207000,185,985,2607,644,210,1639
1728464419631050000,15,1307,2497,463,385,1699
1728464419631892000,0,1614,2075,287,564,1692
1728464419632734000,0,1896,1775,149,749,1624
1728464419633576000,0,2369,1436,21,923,1468
1728464419634418000,129,2705,1081,0,1073,1267
1728464419635260000,372,2881,737,0,1221,1052
1728464419636102000,654,2912,428,0,1320,832
1728464419636945000,961,2748,181,132,1405,610
1728464419637787000,1300,2433,96,321,1472,434
1728464419638629000,1607,1991,65,553,1425,218
1728464419639471000,1889,1671,0,765,1315,98
1728464419640313000,2329,1348,5,972,1164,0
1728464419641155000,2439,1017,183,1157,992,0
1728464419642002000,2510,690,436,1320,811,0
1728464419642845000,2511,402,736,1462,615,46
1728464419643688000,2448,160,1070,1578,465,186
1728464419644530000,2303,8,1422,1639,292,389
1728464419645372000,1860,4,1767,1637,156,621
1728464419646215000,1583,0,2057,1575,45,847
1728464419647057000,1259,0,2479,1424,58,1011
1728464419647899000,928,110,2592,1239,52,1230
1728464419648741000,615,370,2675,997,42,1427
1728464419649584000,353,743,2657,784,92,1567
1728464419650427000,138,1067,2592,591,250,1659
1728464419651269000,0,1401,2467,420,429,1693
1728464419652111000,0,1693,2005,242,619,1681
1728464419652953000,0,1976,1699,117,789,1586
1728464419653795000,5,2471,1359,45,949,1425
1728464419654637000,188,2767,999,26,1113,1223
1728464419655492000,436,2918,653,14,1255,988
1728464419656334000,740,2872,363,29,1354,761
1728464419657177000,1027,2665,117,142,1402,578
1728464419658019000,1357,2335,0,353,1440,402
1728464419658861000,1672,1901,0,589,1387,203
1728464419659703000,1951,1571,1,826,1277,64
1728464419660545000,2353,1254,39,1017,1116,0
1728464419661387000,2467,923,244,1194,938,0
1728464419662229000,2518,613,507,1361,754,0
1728464419663071000,2488,335,823,1487,577,90
1728464419663913000,2419,121,1170,1590,416,260
1728464419664755000,2253,20,1514,1639,255,461
1728464419665597000,1784,10,1822,1632,112,690
1728464419666439000,1492,0,2068,1531,21,960
1728464419667281000,1173,51,2492,1372,13,1153
1728464419668123000,875,258,2592,1166,5,1344
1728464419668972000,555,519,2663,952,13,1465
1728464419669815000,296,834,2645,733,138,1595
1728464419670658000,74,1151,2562,552,289,1674
1728464419671500000,0,1465,2320,377,476,1697
1728464419672342000,0,1772,1926,212,658,1672
1728464419673184000,0,2024,1607,89,834,1546
1728464419674026000,57,2553,1264,0,977,1369
1728464419674868000,266,2807,900,0,1177,1148
1728464419675710000,524,2924,576,0,1273,937
1728464419676552000,834,2836,285,53,1315,698
1728464419677394000,1245,2582,121,255,1384,506
1728464419678237000,1528,2134,13,458,1413,322
1728464419679079000,1760,1815,1,664,1370,154
1728464419679921000,2021,1500,0,871,1253,42
1728464419680763000,2400,1186,93,1060,1074,0
1728464419681604000,2490,845,320,1240,897,0
1728464419682454000,2524,535,584,1399,712,2
1728464419683297000,2483,277,914,1515,535,125
1728464419684140000,2376,79,1258,1611,370,309
1728464419684982000,2003,6,1614,1637,194,522
1728464419685825000,1722,0,1931,1624,82,740
1728464419686667000,1403,0,2178,1494,9,962
1728464419687508000,1074,104,2626,1318,0,1157
1728464419688350000,752,302,2741,1104,5,1344
1728464419689192000,485,593,2653,890,42,1513
1728464419690035000,236,913,2625,682,173,1615
1728464419690877000,34,1235,2530,500,346,1688
1728464419691719000,0,1543,2124,325,523,1692
1728464419692561000,0,1841,1837,175,714,1637
1728464419693403000,0,2077,1499,56,887,1507
1728464419694245000,109,2638,1145,0,1035,1293
1728464419695087000,323,2856,794,0,1200,1083
1728464419695940000,605,2972,480,0,1319,863
1728464419696782000,946,2872,200,125,1393,618
1728464419697625000,1235,2439,14,281,1500,441
1728464419698467000,1538,1903,9,498,1472,258
1728464419699309000,1840,1728,0,723,1344,114
1728464419700151000,2118,1429,0,921,1191,23
1728464419700992000,2420,1093,149,1104,1021,0
1728464419701834000,2504,754,378,1286,838,0
1728464419702676000,2519,457,680,1434,654,21
1728464419703519000,2450,203,1023,1552,477,164
1728464419704361000,2346,38,1368,1620,324,367
1728464419705203000,1906,10,1695,1656,169,577
1728464419706045000,1620,0,1997,1628,64,807
1728464419706887000,1261,0,2488,1516,0,1034
1728464419707729000,920,146,2626,1306,0,1242
1728464419708571000,648,388,2656,1082,0,1398
1728464419709425000,421,666,2663,836,85,1529
1728464419710268000,176,992,2602,642,221,1645
1728464419711110000,0,1328,2499,452,389,1698
1728464419711952000,0,1632,2053,283,580,1683
1728464419712794000,0,1905,1740,137,770,1600
1728464419713636000,0,2393,1488,33,919,1457
1728464419714478000,148,2711,1124,0,1088,1261
1728464419715320000,395,2903,743,0,1236,1045
1728464419716162000,680,2921,474,0,1376,832
1728464419717004000,993,2728,89,154,1407,689
1728464419717847000,1347,2405,0,334,1447,450
1728464419718689000,1621,1939,4,565,1397,229
1728464419719531000,1914,1640,1,779,1312,94
1728464419720373000,2330,1336,9,985,1151,0
1728464419721215000,2452,988,210,1167,974,4
1728464419722057000,2513,670,460,1329,784,9
1728464419722914000,2514,380,755,1472,618,64
1728464419723757000,2433,161,1097,1581,450,226
1728464419724599000,2300,0,1457,1636,286,412
1728464419725442000,1847,0,1773,1657,141,625
1728464419726284000,1593,0,2062,1586,10,837
1728464419727126000,1278,0,2499,1434,0,1048
1728464419727968000,932,158,2610,1231,23,1264
1728464419728810000,618,468,2667,992,0,1450
1728464419729653000,350,753,2655,775,117,1561
1728464419730496000,119,1089,2580,568,258,1668
1728464419731339000,0,1420,2447,395,441,1705
1728464419732181000,0,1709,1984,233,629,1673
1728464419733024000,0,1977,1664,137,805,1567
1728464419733866000,2,2499,1337,33,967,1413
1728464419734707000,201,2786,966,5,1126,1202
1728464419735549000,452,2925,629,0,1261,962
1728464419736388000,725,2861,345,0,1351,781
1728464419737231000,1075,2711,126,181,1413,528
1728464419738073000,1396,2288,16,389,1430,336
1728464419738915000,1708,1856,2,613,1380,177
1728464419739757000,1964,1566,1,846,1272,64
1728464419740599000,2374,1248,50,1026,1121,0
1728464419741441000,2482,907,258,1206,924,0
1728464419742283000,2515,577,532,1375,744,0
1728464419743125000,2482,306,815,1496,572,96
1728464419743968000,2401,108,1187,1585,405,253
1728464419744810000,2164,25,1540,1648,245,485
1728464419745652000,1779,7,1856,1635,106,683
1728464419746494000,1482,85,2138,1567,36,872
1728464419747336000,1165,149,2528,1397,11,1074
1728464419748178000,857,331,2615,1170,0,1289
1728464419749020000,541,529,2666,935,23,1475
1728464419749871000,281,847,2646,732,133,1597
1728464419750713000,65,1173,2565,535,304,1677
1728464419751555000,0,1504,2247,357,491,1712
1728464419752397000,0,1791,1912,200,682,1650
1728464419753239000,0,2028,1575,87,832,1529
1728464419754081000,143,2583,1248,0,992,1351
1728464419754923000,319,2833,881,0,1156,1149
1728464419755765000,602,2924,549,0,1290,910
1728464419756608000,763,2815,264,145,1359,728
1728464419757451000,1101,2553,86,302,1421,535
1728464419758293000,1474,2072,15,473,1422,298
1728464419759135000,1776,1780,0,684,1353,145
1728464419759977000,2017,1482,0,889,1225,37
1728464419760819000,2407,1155,98,1076,1059,0
1728464419761661000,2496,810,320,1269,878,0
1728464419762503000,2514,507,610,1406,682,1
1728464419763362000,2473,267,943,1522,521,138
1728464419764204000,2360,65,1274,1606,378,327
1728464419765046000,1951,10,1621,1644,207,529
1728464419765888000,1681,21,1856,1615,74,841
1728464419766730000,1396,0,2096,1491,0,1044
1728464419767572000,1081,108,2503,1314,0,1221
1728464419768414000,757,322,2643,1107,0,1362
1728464419769256000,469,611,2675,879,40,1518
1728464419770098000,210,923,2636,676,181,1624
1728464419770941000,31,1260,2528,485,350,1696
1728464419771783000,0,1564,2117,312,536,1694
1728464419772625000,0,1893,1821,172,724,1637
1728464419773467000,0,2127,1508,55,927,1481
1728464419774309000,114,2638,1135,0,1087,1298
1728464419775151000,352,2865,780,0,1252,1081
1728464419775993000,617,2881,466,17,1361,832
1728464419776840000,960,2743,207,126,1309,629
1728464419777682000,1323,2483,38,306,1386,448
1728464419778524000,1574,1986,5,518,1426,260
1728464419779366000,1856,1700,2,736,1321,116
1728464419780208000,2273,1410,9,942,1188,15
1728464419781050000,2439,1075,154,1130,1019,4
1728464419781892000,2511,740,393,1289,834,0
1728464419782734000,2488,438,693,1448,648,39
1728464419783577000,2444,198,1041,1530,471,164
1728464419784420000,2336,33,1376,1632,320,368
1728464419785262000,1898,25,1712,1649,162,596
1728464419786104000,1603,36,2026,1570,45,793
1728464419786946000,1281,10,2457,1445,0,1001
1728464419787788000,967,161,2594,1245,0,1202
1728464419788630000,677,403,2658,1046,0,1404
1728464419789472000,394,688,2660,821,81,1544
1728464419790318000,162,1017,2600,631,224,1642
1728464419791160000,0,1344,2490,448,405,1694
1728464419792002000,0,1647,2043,269,586,1695
1728464419792845000,0,1925,1718,132,777,1634
1728464419793687000,0,2415,1380,29,936,1432
1728464419794529000,178,2728,1028,0,1102,1242
1728464419795371000,407,2919,687,0,1240,994
1728464419796213000,704,3027,362,25,1351,751
1728464419797056000,1049,2782,132,197,1423,565
1728464419797899000,1368,2291,0,349,1507,378
1728464419798741000,1646,1920,2,576,1394,221
1728464419799583000,1914,1632,10,786,1292,86
1728464419800425000,2340,1323,25,988,1139,1
1728464419801267000,2457,978,210,1178,961,0
1728464419802109000,2511,660,477,1344,778,0
1728464419802951000,2503,378,800,1464,597,66
1728464419803819000,2422,146,1139,1578,424,235
1728464419804661000,2300,0,1472,1646,277,441
1728464419805503000,1771,0,1807,1702,122,657
1728464419806345000,1449,0,2117,1614,23,921
1728464419807187000,1146,36,2528,1442,0,1103
1728464419808029000,893,226,2619,1230,0,1266
1728464419808871000,605,470,2659,992,2,1452
1728464419809714000,340,777,2656,765,114,1571
1728464419810557000,109,1112,2575,579,277,1672
1728464419811399000,0,1430,2432,394,448,1706
1728464419812241000,0,1733,1965,234,643,1675
1728464419813083000,0,1996,1679,98,824,1568
1728464419813925000,34,2511,1344,2,981,1394
1728464419814767000,226,2790,965,0,1139,1255
1728464419815609000,493,2928,546,0,1270,1052
1728464419816451000,785,2870,276,45,1384,807
1728464419817294000,1170,2662,64,208,1422,450
1728464419818136000,1438,2269,14,420,1430,335
1728464419818978000,1728,1833,0,641,1379,176
1728464419819820000,1986,1544,0,856,1253,58
1728464419820662000,2376,1216,75,1042,1094,0
1728464419821504000,2478,882,277,1230,915,0
1728464419822346000,2531,549,557,1370,719,0
1728464419823188000,2469,292,872,1501,557,100
1728464419824031000,2401,98,1220,1600,393,285
1728464419824873000,2112,4,1567,1665,220,489
1728464419825716000,1891,0,1921,1637,66,714
1728464419826558000,1566,0,2196,1534,0,936
1728464419827400000,1239,66,2589,1364,0,1127
1728464419828242000,816,282,2631,1152,0,1325
1728464419829084000,521,559,2673,924,34,1482
1728464419829927000,262,870,2638,709,159,1611
1728464419830782000,71,1202,2544,522,322,1680
1728464419831624000,0,1512,2195,367,503,1704
1728464419832466000,0,1804,1887,177,686,1652
1728464419833309000,0,2053,1559,66,860,1539
1728464419834151000,85,2604,1206,0,1031,1351
1728464419834993000,282,2862,850,0,1172,1130
1728464419835835000,542,2954,544,0,1304,886
1728464419836677000,869,2814,338,78,1402,698
1728464419837520000,1189,2575,113,253,1429,468
1728464419838362000,1504,2045,5,473,1424,290
1728464419839204000,1800,1762,2,700,1354,130
1728464419840046000,2032,1460,0,909,1221,29
1728464419840888000,2400,1130,114,1088,1052,9
1728464419841730000,2504,797,346,1269,874,0
1728464419842572000,2530,487,622,1423,686,0
1728464419843415000,2455,249,948,1541,515,141
1728464419844260000,2364,55,1308,1632,357,328
1728464419845102000,1954,18,1646,1650,219,534
1728464419845944000,1665,0,1943,1605,146,742
1728464419846786000,1363,0,2198,1507,49,975
1728464419847628000,1047,81,2578,1298,27,1180
1728464419848470000,729,357,2657,1090,0,1368
1728464419849313000,451,633,2663,861,64,1524
1728464419850156000,202,956,2615,656,196,1623
1728464419850999000,10,1293,2511,475,367,1695
1728464419851841000,0,1594,2106,295,546,1696
1728464419852683000,0,1877,1800,210,732,1630
1728464419853525000,0,2308,1476,73,904,1483
1728464419854367000,113,2696,1120,23,1059,1285
1728464419855209000,322,2880,777,17,1211,1067
1728464419856051000,599,2915,436,0,1318,851
1728464419856894000,967,2797,201,121,1413,618
1728464419857750000,1294,2466,21,320,1433,438
1728464419858592000,1578,1963,4,538,1403,249
1728464419859434000,1869,1682,0,756,1321,104
1728464419860276000,2310,1378,0,961,1180,0
1728464419861118000,2446,1034,164,1139,1006,0
1728464419861960000,2509,709,412,1303,810,0
1728464419862802000,2505,395,703,1450,644,42
1728464419863645000,2443,185,1029,1553,474,160
1728464419864487000,2332,11,1389,1640,309,370
1728464419865329000,1864,103,1717,1688,174,561
1728464419866172000,1645,58,2025,1612,45,796
1728464419867014000,1316,52,2488,1444,64,1013
1728464419867856000,969,174,2608,1249,0,1243
1728464419868698000,654,424,2665,1028,0,1420
1728464419869541000,381,706,2662,815,93,1554
1728464419870384000,144,1037,2593,617,233,1649
1728464419871238000,0,1371,2482,434,416,1706
1728464419872080000,46,1665,2021,256,583,1692
1728464419872923000,36,1932,1717,129,778,1592
1728464419873765000,53,2445,1373,81,942,1429
1728464419874607000,175,2755,1024,17,1099,1236
1728464419875449000,334,2910,683,41,1236,1055
1728464419876291000,666,2886,410,64,1346,793
1728464419877134000,1000,2696,130,141,1407,560
1728464419877976000,1377,2376,0,368,1443,378
1728464419878818000,1673,1902,5,591,1399,201
1728464419879660000,1932,1603,0,809,1281,74
1728464419880502000,2353,1293,30,997,1127,0
1728464419881344000,2464,960,216,1188,960,0
1728464419882186000,2513,613,488,1349,776,0
1728464419883028000,2497,363,804,1478,580,77
1728464419883871000,2412,132,1129,1573,425,242
1728464419884717000,2294,0,1487,1646,267,450
1728464419885559000,1878,31,1799,1643,121,576
1728464419886401000,1546,0,2096,1554,9,834
1728464419887243000,1228,42,2522,1392,0,1028
1728464419888085000,877,231,2629,1199,0,1290
1728464419888927000,581,495,2664,964,10,1464
1728464419889770000,311,813,2656,754,129,1579
1728464419890613000,90,1133,2564,561,285,1673
1728464419891455000,0,1456,2400,389,469,1703
1728464419892297000,0,1715,1932,225,693,1660
1728464419893139000,0,1996,1623,97,810,1557
1728464419893981000,45,2536,1283,0,979,1385
1728464419894823000,250,2823,921,0,1135,1184
1728464419895665000,602,2914,624,0,1248,948
1728464419896508000,872,2848,343,67,1345,727
1728464419897350000,1084,2624,90,272,1417,531
1728464419898200000,1451,2243,11,434,1434,338
1728464419899042000,1749,1829,0,645,1381,169
1728464419899884000,1999,1531,2,874,1249,46
1728464419900726000,2377,1205,93,1052,1081,0
1728464419901568000,2496,873,297,1229,893,0
1728464419902410000,2528,570,583,1396,722,0
1728464419903253000,2480,302,898,1498,534,113
1728464419904096000,2388,96,1244,1612,388,290
1728464419904938000,2053,30,1633,1645,235,498
1728464419905780000,1739,0,1804,1618,77,805
1728464419906622000,1435,0,2111,1518,21,1012
1728464419907464000,1120,89,2546,1347,0,1154
1728464419908306000,802,299,2644,1137,0,1329
1728464419909148000,498,564,2661,914,37,1497
1728464419909991000,250,885,2636,700,162,1613
1728464419910834000,38,1216,2541,517,330,1691
1728464419911686000,0,1536,2160,333,529,1702
1728464419912528000,0,1799,1855,192,756,1635
1728464419913370000,0,2032,1533,66,911,1509
1728464419914212000,98,2626,1189,0,1046,1344
1728464419915054000,335,2831,825,1,1114,1108
1728464419915896000,608,2903,511,0,1251,885
1728464419916739000,1002,2807,251,98,1352,656
1728464419917582000,1224,2545,33,273,1435,477
1728464419918424000,1535,2012,2,495,1428,273
1728464419919266000,1820,1735,0,719,1344,126
1728464419920108000,2058,1447,0,922,1204,24
1728464419920950000,2425,1117,133,1102,1031,0
1728464419921791000,2494,772,366,1285,858,7
1728464419922633000,2510,466,663,1430,662,27
1728464419923475000,2455,224,1003,1538,498,164
1728464419924318000,2352,50,1332,1615,333,345
1728464419925171000,1909,50,1671,1634,177,540
1728464419926014000,1652,0,2079,1585,85,788
1728464419926856000,1354,0,2328,1464,0,988
1728464419927697000,1031,154,2587,1293,0,1199
1728464419928539000,723,365,2652,1076,2,1381
1728464419929382000,436,657,2660,845,64,1521
1728464419930225000,192,975,2599,647,207,1636
1728464419931068000,2,1307,2507,456,370,1699
1728464419931910000,0,1608,2047,288,562,1728
1728464419932752000,0,1891,1753,151,757,1659
1728464419933594000,0,2373,1431,41,910,1456
1728464419934436000,135,2704,1079,0,1076,1268
1728464419935278000,368,2982,705,0,1222,1001
1728464419936120000,670,2982,414,33,1346,792
1728464419936963000,1016,2798,166,151,1446,608
1728464419937806000,1315,2446,5,330,1435,414
1728464419938639000,1600,1944,5,557,1401,238
1728464419939481000,1888,1662,0,767,1315,100
1728464419940323000,2323,1359,0,968,1172,2
1728464419941165000,2437,1013,192,1153,997,0
1728464419942007000,2511,692,436,1326,794,0
1728464419942849000,2512,399,736,1460,613,42
1728464419943692000,2440,173,1067,1571,460,215
1728464419944534000,2342,0,1426,1641,282,398
1728464419945376000,1772,0,1728,1729,137,641
1728464419946218000,1487,0,2040,1625,44,892
1728464419947060000,1221,23,2496,1472,0,1052
1728464419947902000,952,192,2602,1238,0,1248
1728464419948744000,634,441,2666,1008,0,1430
1728464419949587000,361,736,2659,789,100,1559
1728464419950430000,133,1069,2576,592,252,1664
1728464419951272000,0,1401,2466,414,429,1702
1728464419952137000,0,1685,2002,253,612,1678
1728464419952979000,0,1964,1701,109,786,1585
1728464419953821000,4,2481,1389,9,953,1435
1728464419954663000,181,2769,1055,0,1155,1229
1728464419955505000,441,2932,719,0,1277,990
1728464419956347000,737,2897,427,45,1365,759
1728464419957189000,1066,2688,122,186,1414,580
1728464419958031000,1397,2335,2,389,1439,356
1728464419958873000,1680,1874,0,622,1390,199
1728464419959715000,1960,1579,10,832,1275,71
1728464419960557000,2361,1263,42,1015,1124,0
1728464419961399000,2470,930,235,1192,952,2
1728464419962241000,2514,613,503,1378,756,0
1728464419963083000,2503,329,820,1496,583,85
1728464419963926000,2422,89,1161,1602,420,242
1728464419964768000,2246,0,1512,1667,298,450
1728464419965622000,1802,0,1835,1646,79,682
1728464419966464000,1496,0,2118,1534,0,900
1728464419967306000,1185,53,2522,1390,0,1099
1728464419968148000,869,253,2631,1175,0,1303
1728464419968990000,551,505,2673,960,10,1472
1728464419969833000,296,818,2631,738,141,1592
1728464419970675000,75,1149,2561,551,292,1671
1728464419971518000,0,1461,2327,407,469,1703
1728464419972360000,0,1758,1928,249,651,1657
1728464419973202000,0,2018,1609,89,837,1551
1728464419974044000,45,2563,1256,0,1002,1379
1728464419974886000,225,2823,893,0,1164,1164
1728464419975728000,482,2912,553,0,1280,948
1728464419976570000,815,2880,300,64,1359,688
1728464419977413000,1152,2599,72,232,1431,510
1728464419978256000,1468,2144,8,442,1424,320
1728464419979110000,1757,1808,10,666,1361,157
1728464419979952000,2004,1509,0,876,1241,46
1728464419980794000,2403,1186,90,1064,1082,0
1728464419981636000,2481,851,297,1248,884,0
1728464419982478000,2510,534,581,1390,713,4
1728464419983321000,2480,291,907,1524,538,96
1728464419984163000,2394,73,1248,1625,392,290
1728464419985005000,1985,125,1586,1678,217,473
1728464419985848000,1709,100,1935,1657,98,714
1728464419986690000,1434,72,2168,1535,10,955
1728464419987532000,1109,98,2557,1335,0,1146
1728464419988374000,770,311,2649,1127,0,1350
1728464419989217000,484,588,2680,889,36,1507
1728464419990060000,229,912,2627,692,175,1618
1728464419990903000,34,1238,2530,503,338,1691
1728464419991746000,57,1535,2125,325,516,1691
1728464419992585000,60,1829,1829,174,707,1633
1728464419993427000,10,2063,1516,65,869,1504
1728464419994269000,138,2634,1166,29,1026,1323
1728464419995111000,229,2861,777,50,1196,1125
1728464419995953000,529,2931,487,45,1312,913
1728464419996796000,890,2784,225,142,1390,658
1728464419997639000,1245,2513,28,290,1429,450
1728464419998481000,1537,2001,9,503,1413,271
1728464419999323000,1834,1736,0,722,1338,126
1728464420000165000,2096,1431,0,936,1200,13
1728464420001007000,2429,1088,141,1119,1026,0
1728464420001849000,2492,765,383,1273,836,1
1728464420002691000,2503,461,683,1429,660,38
1728464420003534000,2456,221,1005,1552,501,173
1728464420004376000,2339,26,1268,1626,314,433
1728464420005218000,1934,0,1642,1652,192,654
1728464420006074000,1669,23,1968,1589,72,857
1728464420006916000,1335,0,2463,1482,0,1004
1728464420007758000,1009,148,2581,1287,0,1207
1728464420008600000,701,388,2660,1060,0,1398
1728464420009443000,410,674,2670,836,73,1546
1728464420010285000,178,992,2608,633,221,1650
1728464420011128000,0,1344,2497,463,394,1689
1728464420011970000,0,1663,2047,277,647,1681
1728464420012812000,0,1894,1744,142,808,1610
1728464420013654000,0,2380,1405,31,949,1461
1728464420014496000,170,2688,1055,0,1095,1253
1728464420015338000,388,2871,714,0,1239,1031
1728464420016180000,688,2894,402,0,1285,801
1728464420017023000,1003,2736,158,154,1407,599
1728464420017865000,1331,2417,0,349,1436,403
1728464420018708000,1629,1929,2,568,1399,231
1728464420019558000,1900,1644,2,785,1304,100
1728464420020400000,2336,1334,4,978,1160,0
1728464420021242000,2447,997,205,1169,965,2
1728464420022084000,2496,661,466,1337,786,0
1728464420022927000,2504,388,765,1447,602,69
1728464420023770000,2428,156,1107,1577,448,212
1728464420024612000,2292,31,1454,1623,276,401
1728464420025454000,1824,0,1881,1631,141,637
1728464420026296000,1560,0,2166,1556,85,885
1728464420027138000,1236,23,2503,1420,0,1063
1728464420027980000,917,212,2624,1219,0,1251
1728464420028822000,617,455,2656,997,10,1436
1728464420029665000,353,762,2649,773,106,1560
1728464420030508000,117,1084,2586,595,261,1666
1728464420031350000,0,1418,2446,406,436,1675
1728464420032192000,0,1712,1967,241,633,1661
1728464420033036000,0,2058,1647,106,818,1561
1728464420033878000,14,2535,1325,11,969,1404
1728464420034720000,226,2847,953,22,1141,1180
1728464420035562000,503,2984,615,0,1263,965
1728464420036404000,777,2792,338,39,1438,744
1728464420037246000,1089,2661,102,205,1420,551
1728464420038088000,1412,2303,18,405,1431,348
1728464420038931000,1704,1844,0,629,1385,186
1728464420039773000,1961,1560,0,842,1260,64
1728464420040615000,2364,1240,53,1025,1110,0
1728464420041457000,2478,898,272,1216,923,0
1728464420042299000,2523,584,533,1378,728,0
1728464420043142000,2471,322,841,1506,567,103
1728464420043985000,2369,96,1195,1632,400,273
1728464420044827000,2194,8,1555,1690,245,480
1728464420045669000,1739,0,1824,1579,114,687
1728464420046525000,1461,0,2135,1529,18,913
1728464420047367000,1166,66,2539,1376,0,1120
1728464420048209000,832,272,2636,1159,0,1318
1728464420049051000,538,535,2664,933,23,1465
1728464420049894000,277,849,2631,720,142,1600
1728464420050737000,74,1182,2560,536,306,1678
1728464420051579000,0,1490,2266,367,488,1728
1728464420052421000,0,1782,1879,194,677,1731
1728464420053263000,0,2033,1585,85,847,1557
1728464420054105000,78,2591,1191,0,1029,1410
1728464420054947000,328,2863,853,1,1181,1058
1728464420055789000,597,2920,518,0,1294,847
1728464420056632000,850,2840,276,82,1378,705
1728464420057474000,1171,2575,75,257,1426,502
1728464420058316000,1488,2084,10,461,1427,320
1728464420059158000,1781,1787,5,692,1363,143
1728464420060007000,2021,1481,0,907,1240,40
1728464420060849000,2401,1141,78,1076,1064,0
1728464420061691000,2492,815,323,1263,877,4
1728464420062533000,2528,490,602,1410,680,8
1728464420063376000,2479,250,936,1529,523,116
1728464420064219000,2431,53,1308,1625,353,320
1728464420065061000,2027,2,1620,1648,178,517
1728464420065904000,1584,0,1913,1681,68,773
1728464420066746000,1394,0,2188,1504,0,966
1728464420067588000,1072,117,2562,1322,0,1166
1728464420068430000,746,324,2653,1101,0,1356
1728464420069272000,466,609,2668,875,43,1511
1728464420070115000,215,917,2627,677,184,1626
1728464420070957000,10,1260,2524,477,340,1697
1728464420071799000,0,1562,2112,308,540,1688
1728464420072641000,0,1850,1882,178,724,1632
1728464420073492000,0,2130,1560,53,889,1504
1728464420074334000,105,2660,1214,0,1093,1322
1728464420075176000,341,2901,847,0,1243,1089
1728464420076018000,609,2933,535,0,1308,927
1728464420076860000,940,2784,213,122,1402,642
1728464420077703000,1271,2503,21,305,1429,450
1728464420078545000,1577,1985,5,522,1421,264
1728464420079388000,1844,1707,5,741,1319,119
1728464420080230000,2286,1416,5,939,1194,8
1728464420081071000,2424,1076,138,1131,1022,4
1728464420081913000,2515,744,378,1295,834,0
1728464420082755000,2510,442,699,1455,644,34
1728464420083598000,2447,174,1026,1553,491,174
1728464420084440000,2345,0,1367,1637,328,358
1728464420085282000,1899,0,1708,1640,100,576
1728464420086124000,1619,0,2005,1591,4,793
1728464420086982000,1311,0,2471,1465,0,1018
1728464420087824000,991,176,2588,1264,0,1221
1728464420088666000,685,406,2658,1044,0,1406
1728464420089509000,389,692,2670,825,83,1544
1728464420090351000,148,1013,2599,615,226,1653
1728464420091193000,0,1340,2481,476,398,1699
1728464420092035000,0,1644,2034,320,591,1696
1728464420092877000,0,1921,1733,142,761,1600
1728464420093719000,0,2422,1396,0,935,1430
1728464420094561000,141,2734,1018,0,1093,1249
1728464420095403000,374,2891,690,0,1238,1042
1728464420096245000,693,2895,392,21,1334,796
1728464420097088000,1030,2728,151,166,1416,590
1728464420097930000,1359,2392,0,360,1438,390
1728464420098772000,1639,1916,1,576,1381,219
1728464420099614000,1911,1633,21,796,1293,90
1728464420100458000,2344,1324,18,986,1145,0
1728464420101300000,2458,986,213,1171,961,0
1728464420102142000,2496,655,453,1344,772,0
1728464420102985000,2502,374,786,1472,599,68
1728464420103828000,2471,171,1102,1573,426,153
1728464420104670000,2252,104,1445,1639,286,383
1728464420105513000,1839,97,1783,1672,145,613
1728464420106355000,1544,0,2102,1575,35,872
1728464420107197000,1226,40,2515,1410,0,1083
1728464420108039000,910,224,2616,1208,0,1274
1728464420108881000,595,477,2663,990,0,1449
1728464420109724000,331,778,2664,770,107,1575
1728464420110567000,110,1094,2576,581,257,1672
1728464420111409000,0,1418,2434,393,438,1702
1728464420112251000,44,1717,1955,229,633,1673
1728464420113094000,18,1991,1637,96,813,1575
1728464420113959000,105,2513,1287,58,965,1396
1728464420114801000,148,2792,916,64,1132,1206
1728464420115643000,426,2922,609,37,1252,1001
1728464420116485000,781,2879,324,53,1363,738
1728464420117328000,1109,2639,86,215,1421,535
1728464420118170000,1425,2265,10,422,1433,335
1728464420119012000,1729,1836,0,645,1377,180
1728464420119854000,1985,1542,0,853,1254,58
1728464420120696000,2358,1227,76,1028,1088,2
1728464420121538000,2480,893,275,1216,917,1
1728464420122380000,2525,572,554,1372,719,0
1728464420123223000,2499,304,874,1515,558,104
1728464420124066000,2402,68,1142,1600,381,358
1728464420124908000,2100,5,1511,1643,258,549
1728464420125750000,1810,33,1859,1610,89,644
1728464420126592000,1457,9,2160,1527,11,942
1728464420127436000,1150,72,2544,1366,0,1124
1728464420128278000,824,283,2637,1143,0,1331
1728464420129120000,520,562,2671,918,30,1483
1728464420129963000,263,874,2631,704,157,1617
1728464420130806000,58,1178,2540,521,362,1669
1728464420131648000,0,1484,2182,346,539,1694
1728464420132490000,0,1799,1872,192,704,1651
1728464420133332000,0,2042,1563,69,834,1532
1728464420134174000,128,2604,1203,0,972,1335
1728464420135016000,409,2839,865,0,1148,1118
1728464420135858000,651,2925,540,0,1273,900
1728464420136701000,879,2824,264,93,1376,679
1728464420137543000,1199,2547,52,274,1428,482
1728464420138385000,1505,2036,5,480,1415,287
1728464420139228000,1793,1760,14,701,1351,143
1728464420140070000,2036,1461,4,901,1224,34
1728464420140913000,2404,1136,116,1081,1041,0
1728464420141755000,2491,797,341,1263,869,0
1728464420142597000,2526,498,625,1416,682,0
1728464420143440000,2463,232,1032,1537,546,149
1728464420144283000,2360,53,1358,1615,330,421
1728464420145125000,1925,0,1572,1639,176,625
1728464420145967000,1680,9,1941,1607,82,788
1728464420146809000,1383,2,2216,1495,0,980
1728464420147651000,1047,121,2575,1306,0,1177
1728464420148493000,736,354,2655,1081,0,1377
1728464420149336000,448,652,2663,858,56,1520
1728464420150179000,198,981,2608,649,193,1629
1728464420151022000,13,1295,2511,470,426,1682
1728464420151864000,0,1559,2085,303,579,1689
1728464420152706000,0,1859,1804,150,750,1630
1728464420153548000,0,2303,1479,53,900,1486
1728464420154401000,149,2668,1113,0,988,1277
1728464420155243000,395,2865,757,0,1145,1050
1728464420156085000,650,2913,449,2,1329,836
1728464420156928000,959,2763,193,130,1396,635
1728464420157771000,1281,2451,21,320,1433,430
1728464420158614000,1587,1968,5,538,1404,256
1728464420159456000,1871,1684,2,757,1332,105
1728464420160298000,2306,1373,0,954,1183,11
1728464420161140000,2425,1037,176,1129,1005,0
1728464420161982000,2502,716,414,1308,816,0
1728464420162824000,2528,419,704,1451,650,34
1728464420163667000,2440,200,1047,1555,469,180
1728464420164509000,2316,0,1500,1617,320,391
1728464420165351000,1871,26,1825,1639,178,626
1728464420166193000,1607,0,2029,1591,50,824
1728464420167035000,1290,8,2472,1451,0,1037
1728464420167883000,971,181,2604,1250,0,1227
1728464420168725000,651,425,2659,1029,0,1419
1728464420169567000,388,710,2666,804,90,1551
1728464420170410000,141,1034,2579,618,234,1683
1728464420171253000,0,1365,2453,420,413,1683
1728464420172095000,0,1713,2016,261,601,1657
1728464420172937000,0,1967,1713,128,775,1590
1728464420173779000,0,2528,1372,47,963,1407
1728464420174621000,189,2839,1023,21,1132,1186
1728464420175463000,453,2952,656,0,1248,978
1728464420176305000,723,2892,380,28,1337,777
1728464420177148000,1049,2695,133,175,1413,577
1728464420177990000,1376,2372,0,356,1428,383
1728464420178832000,1661,1903,5,593,1392,199
1728464420179674000,1932,1610,0,808,1290,73
1728464420180516000,2360,1289,43,1004,1126,0
1728464420181364000,2460,952,235,1185,946,0
1728464420182206000,2510,625,490,1347,767,0
1728464420183048000,2535,357,802,1485,576,64
1728464420183891000,2353,116,1146,1641,425,277
1728464420184733000,2213,0,1504,1692,245,485
1728464420185575000,1770,0,1827,1603,112,663
1728464420186417000,1515,0,2108,1560,34,889
1728464420187259000,1214,47,2528,1402,0,1082
1728464420188101000,877,237,2628,1193,0,1287
1728464420188943000,578,490,2656,962,5,1456
1728464420189786000,312,802,2654,760,122,1574
1728464420190628000,84,1116,2558,564,285,1665
1728464420191470000,0,1452,2405,386,462,1697
1728464420192312000,0,1733,1984,220,652,1665
1728464420193154000,0,2020,1677,89,833,1555
1728464420193996000,32,2557,1325,0,980,1475
1728464420194892000,235,2816,834,0,1133,1264
1728464420195734000,501,2921,588,0,1280,948
1728464420196576000,802,2859,306,66,1367,711
1728464420197418000,1137,2624,84,225,1429,525
1728464420198261000,1447,2221,11,426,1425,331
1728464420199103000,1750,1826,0,645,1377,170
1728464420199945000,2007,1525,0,872,1237,29
1728464420200787000,2387,1204,95,1052,1088,0
1728464420201629000,2481,839,288,1225,901,0
1728464420202471000,2527,545,577,1387,713,0
1728464420203313000,2484,238,895,1543,585,105
1728464420204156000,2403,74,1244,1604,320,277
1728464420204998000,2173,0,1615,1661,174,496
1728464420205841000,1742,5,1916,1625,87,733
1728464420206683000,1430,0,2166,1523,4,934
1728464420207525000,1122,85,2547,1351,0,1137
1728464420208338000,800,314,2630,1129,0,1346
1728464420209180000,506,576,2672,908,41,1489
1728464420210023000,224,881,2631,745,161,1610
1728464420210866000,33,1209,2529,535,330,1673
1728464420211709000,0,1517,2144,321,517,1696
1728464420212551000,0,1824,1862,178,690,1650
1728464420213393000,0,2099,1566,49,865,1530
1728464420214235000,64,2658,1195,0,1027,1351
1728464420215077000,267,2893,840,0,1181,1097
1728464420215919000,576,2930,510,0,1306,886
1728464420216761000,896,2812,234,92,1381,670
1728464420217604000,1222,2528,41,285,1432,473
1728464420218446000,1531,2014,0,494,1415,282
1728464420219289000,1812,1743,5,713,1344,117
1728464420220131000,2060,1439,0,919,1209,23
1728464420220972000,2432,1116,129,1101,1035,2
1728464420221813000,2512,786,362,1288,856,0
1728464420222655000,2520,472,648,1424,661,0
1728464420223498000,2447,320,965,1566,502,116
1728464420224341000,2375,93,1317,1617,370,330
1728464420225183000,1951,0,1664,1640,260,546
1728464420226025000,1656,2,1984,1607,64,788
1728464420226867000,1352,0,2335,1481,0,994
1728464420227709000,1037,149,2580,1289,0,1195
1728464420228551000,719,374,2658,1068,0,1384
1728464420229394000,432,653,2667,847,64,1531
1728464420230237000,282,975,2624,646,192,1632
1728464420231079000,52,1306,2498,457,378,1702
1728464420231921000,29,1607,2064,286,562,1689
1728464420232763000,0,1889,1780,203,743,1623
1728464420233605000,0,2374,1450,93,894,1523
1728464420234447000,83,2695,1097,29,1068,1292
1728464420235307000,357,2887,736,5,1225,1057
1728464420236149000,665,2914,436,0,1320,824
1728464420236992000,985,2745,177,149,1397,612
1728464420237835000,1311,2432,6,333,1432,418
1728464420238677000,1600,1946,5,556,1404,241
1728464420239519000,1884,1665,0,759,1315,100
1728464420240361000,2327,1361,2,964,1161,0
1728464420241203000,2439,1015,185,1145,1001,0
1728464420242045000,2520,690,421,1322,810,0
1728464420242887000,2510,405,634,1453,610,133
1728464420243730000,2446,153,1007,1560,480,274
1728464420244572000,2366,28,1369,1631,300,320
1728464420245414000,1863,0,1759,1653,151,618
1728464420246256000,1583,1,2051,1572,42,850
1728464420247098000,1270,21,2498,1434,0,1052
1728464420247940000,948,192,2601,1235,0,1248
1728464420248785000,634,444,2665,1006,0,1431
1728464420249628000,360,792,2662,786,94,1544
1728464420250470000,133,1047,2584,588,277,1659
1728464420251313000,0,1375,2463,414,450,1689
1728464420252155000,0,1682,1999,257,634,1682
1728464420252997000,0,1933,1690,92,722,1588
1728464420253839000,9,2463,1351,4,906,1423
1728464420254681000,309,2752,985,0,1079,1210
1728464420255523000,453,2917,655,0,1251,993
1728464420256365000,742,2883,372,36,1352,768
1728464420257208000,1070,2682,129,187,1410,578
1728464420258050000,1402,2338,0,395,1440,360
1728464420258892000,1690,1873,0,614,1394,192
1728464420259734000,1935,1573,13,807,1277,71
1728464420260576000,2362,1274,41,1003,1127,0
1728464420261418000,2472,939,240,1184,960,0
1728464420262266000,2527,609,489,1359,766,0
1728464420263109000,2489,352,821,1467,576,98
1728464420263951000,2411,125,1150,1576,409,253
1728464420264793000,2233,0,1615,1629,266,468
1728464420265636000,1793,2,1840,1633,113,684
1728464420266478000,1504,5,2119,1546,26,896
1728464420267320000,1190,48,2528,1391,0,1095
1728464420268162000,862,254,2624,1176,0,1300
1728464420269004000,561,514,2670,960,10,1459
1728464420269846000,298,824,2611,736,138,1634
1728464420270688000,89,1143,2549,549,282,1671
1728464420271530000,0,1456,2321,380,471,1689
1728464420272372000,0,1816,1924,206,658,1660
1728464420273214000,0,2148,1592,106,854,1510
1728464420274056000,73,2633,1244,13,1010,1337
1728464420274898000,289,2880,896,5,1148,1126
1728464420275753000,521,2925,577,0,1288,935
1728464420276595000,834,2850,287,67,1376,718
1728464420277438000,1151,2605,81,235,1424,503
1728464420278281000,1472,2140,8,448,1427,320
1728464420279123000,1766,1810,4,664,1360,149
1728464420279965000,2008,1504,10,880,1239,50
1728464420280807000,2396,1172,89,1055,1070,0
1728464420281649000,2487,849,308,1245,880,0
1728464420282491000,2556,523,601,1400,698,0
1728464420283333000,2521,269,890,1585,517,125
1728464420284176000,2315,53,1273,1666,360,341
1728464420285018000,1996,5,1602,1674,218,522
1728464420285860000,1720,5,1927,1624,90,738
1728464420286702000,1423,4,2171,1519,4,962
1728464420287544000,1104,101,2566,1330,0,1153
1728464420288386000,773,313,2639,1128,0,1344
1728464420289236000,488,581,2672,900,45,1499
1728464420290079000,229,907,2624,683,176,1618
1728464420290921000,29,1227,2531,500,345,1685
1728464420291763000,0,1535,2173,327,521,1701
1728464420292605000,0,1813,1925,170,750,1655
1728464420293447000,0,2098,1576,64,881,1578
1728464420294289000,101,2656,1058,0,1054,1412
1728464420295131000,320,2864,799,0,1194,1098
1728464420295973000,604,2925,487,0,1315,871
1728464420296816000,924,2807,226,110,1385,661
1728464420297658000,1252,2510,31,292,1438,462
1728464420298500000,1538,2000,5,514,1411,272
1728464420299342000,1840,1733,6,733,1337,111
1728464420300184000,2096,1410,0,929,1198,18
1728464420301025000,2437,1097,146,1111,1023,0
1728464420301867000,2511,719,373,1283,847,0
1728464420302759000,2496,392,672,1418,730,7
1728464420303601000,2463,157,997,1572,530,149
1728464420304444000,2370,0,1358,1615,265,353
1728464420305286000,1917,5,1701,1656,171,570
1728464420306129000,1641,0,1999,1608,65,804
1728464420306971000,1339,0,2455,1476,0,1008
1728464420307813000,1008,158,2587,1276,0,1199
1728464420308655000,698,377,2656,1066,0,1394
1728464420309497000,434,663,2664,888,58,1530
1728464420310340000,157,980,2600,672,217,1642
1728464420311183000,0,1322,2496,444,381,1700
1728464420312025000,0,1633,2064,269,568,1695
1728464420312867000,0,1908,1736,103,758,1640
1728464420313709000,0,2429,1453,20,929,1460
1728464420314551000,116,2745,1093,0,1081,1269
1728464420315393000,389,2904,711,0,1236,1041
1728464420316202000,682,2914,409,18,1344,808
1728464420317045000,1010,2733,154,156,1413,602
1728464420317888000,1340,2415,0,354,1426,397
1728464420318730000,1632,1930,10,570,1402,225
1728464420319573000,1906,1656,0,792,1298,93
1728464420320415000,2341,1336,0,983,1165,0
1728464420321257000,2449,994,184,1175,975,0
1728464420322099000,2524,672,455,1338,786,0
1728464420322941000,2514,379,743,1464,597,4
1728464420323784000,2440,257,1077,1607,468,170
1728464420324626000,2320,50,1445,1640,279,398
1728464420325469000,1848,2,1776,1644,138,639
1728464420326311000,1560,0,2077,1572,40,852
1728464420327153000,1252,28,2500,1425,0,1060
1728464420327995000,922,210,2613,1212,0,1261
1728464420328837000,613,463,2676,992,0,1432
1728464420329686000,344,736,2646,778,90,1555
1728464420330529000,202,1080,2583,583,245,1653
1728464420331371000,0,1411,2443,405,431,1708
1728464420332213000,30,1703,1996,233,613,1683
1728464420333055000,0,1969,1649,181,791,1607
1728464420333897000,0,2499,1350,56,962,1452
1728464420334739000,198,2786,970,0,1129,1208
1728464420335581000,460,2924,633,0,1259,981
1728464420336423000,772,2886,352,43,1350,753
1728464420337266000,1088,2658,114,210,1416,552
1728464420338108000,1418,2306,5,404,1435,361
1728464420338950000,1720,1873,5,625,1378,194
1728464420339792000,1968,1566,0,837,1280,68
1728464420340634000,2371,1248,64,1031,1113,0
1728464420341476000,2481,917,257,1216,942,0
1728464420342318000,2510,608,586,1374,762,1
1728464420343179000,2499,313,764,1491,554,173
1728464420344022000,2416,106,1128,1599,437,310
1728464420344864000,2211,14,1538,1648,241,480
1728464420345707000,1775,12,1867,1634,108,714
1728464420346549000,1488,0,2135,1535,29,916
1728464420347391000,1167,69,2528,1376,0,1108
1728464420348233000,834,269,2639,1161,0,1316
1728464420349075000,546,591,2669,929,17,1477
1728464420349918000,289,834,2642,724,192,1584
1728464420350760000,73,1165,2552,534,331,1676
1728464420351603000,0,1487,2272,362,476,1710
1728464420352445000,0,1760,1905,192,625,1648
1728464420353288000,103,2037,1633,107,805,1529
1728464420354130000,154,2567,1279,0,980,1359
1728464420354972000,277,2845,869,0,1171,1152
1728464420355814000,546,2928,551,0,1287,913
1728464420356654000,844,2832,285,82,1372,690
1728464420357497000,1180,2574,66,253,1422,500
1728464420358339000,1487,2073,10,463,1428,310
1728464420359182000,1776,1789,0,661,1357,155
1728464420360024000,2019,1498,2,888,1226,34
1728464420360866000,2403,1156,101,1070,1055,2
1728464420361708000,2501,822,323,1258,873,0
1728464420362550000,2516,485,690,1397,704,0
1728464420363393000,2476,261,1015,1521,565,159
1728464420364236000,2363,81,1305,1604,356,404
1728464420365078000,1969,4,1615,1655,204,533
1728464420365920000,1711,8,1942,1621,85,756
1728464420366762000,1392,0,2187,1513,0,970
1728464420367604000,1074,116,2568,1320,0,1163
1728464420368446000,763,335,2648,1108,0,1366
1728464420369288000,469,609,2663,879,64,1494
1728464420370138000,218,984,2620,669,175,1615
1728464420370981000,21,1297,2527,490,346,1687
1728464420371823000,0,1520,2112,304,583,1695
1728464420372665000,0,1789,1819,180,781,1602
1728464420373508000,9,2083,1491,70,933,1475
1728464420374350000,122,2641,1130,0,1008,1305
1728464420375192000,340,2884,791,0,1200,1075
1728464420376034000,615,2933,466,0,1315,858
1728464420376877000,940,2784,213,116,1385,641
1728464420377720000,1268,2488,21,303,1432,448
1728464420378562000,1567,1984,4,519,1413,257
1728464420379404000,1836,1699,10,741,1336,122
1728464420380246000,2231,1405,2,935,1187,18
1728464420381088000,2438,1072,154,1126,1012,0
1728464420381930000,2496,727,392,1253,832,0
1728464420382772000,2504,442,679,1404,630,66
1728464420383624000,2434,253,1056,1532,480,169
1728464420384467000,2330,28,1376,1632,320,382
1728464420385309000,1903,5,1709,1656,177,583
1728464420386151000,1624,1,2006,1596,64,815
1728464420386993000,1316,0,2471,1460,0,1019
1728464420387835000,980,165,2593,1266,0,1224
1728464420388677000,682,399,2644,1041,2,1449
1728464420389520000,394,691,2639,826,85,1578
1728464420390363000,162,1014,2593,618,231,1635
1728464420391206000,0,1399,2488,440,392,1704
1728464420392048000,0,1749,2028,298,617,1652
1728464420392891000,25,1988,1712,138,778,1573
1728464420393733000,0,2307,1376,10,1012,1426
1728464420394575000,165,2736,1033,0,1099,1248
1728464420395417000,411,2907,696,0,1231,1022
1728464420396260000,704,2894,394,20,1344,794
1728464420397109000,1027,2720,146,162,1411,594
1728464420397951000,1354,2400,0,359,1440,394
1728464420398793000,1648,1923,13,579,1390,230
1728464420399635000,1919,1619,6,798,1298,82
1728464420400477000,2306,1310,20,994,1146,1
1728464420401319000,2458,977,213,1171,966,0
1728464420402161000,2470,644,502,1386,761,0
1728464420403004000,2474,356,788,1402,582,47
1728464420403846000,2397,151,1125,1540,433,257
1728464420404688000,2306,0,1472,1650,277,430
1728464420405530000,1829,2,1804,1652,121,649
1728464420406372000,1541,0,2087,1565,40,874
1728464420407214000,1230,45,2499,1410,0,1088
1728464420408056000,911,218,2612,1207,0,1269
1728464420408898000,577,465,2719,983,0,1444
1728464420409740000,330,770,2674,761,114,1571
1728464420410589000,105,1116,2553,577,274,1713
1728464420411431000,0,1432,2432,395,460,1751
1728464420412273000,25,1743,1938,234,642,1590
1728464420413115000,0,2035,1603,101,808,1509
1728464420413957000,32,2592,1284,39,975,1347
1728464420414799000,224,2802,947,0,1138,1198
1728464420415641000,485,2928,606,0,1275,967
1728464420416483000,793,2869,325,56,1351,738
1728464420417326000,1115,2636,90,218,1422,538
1728464420418168000,1437,2286,9,416,1423,341
1728464420419010000,1723,1823,14,637,1351,173
1728464420419852000,1984,1546,5,847,1242,67
1728464420420694000,2384,1231,71,1040,1101,0
1728464420421536000,2540,874,277,1230,901,0
1728464420422378000,2598,548,586,1386,692,0
1728464420423221000,2525,290,859,1537,524,106
1728464420424077000,2352,96,1218,1634,393,287
1728464420424919000,2122,18,1568,1656,229,485
1728464420425762000,1760,8,1891,1632,103,717
1728464420426604000,1464,8,2155,1533,7,931
1728464420427446000,1146,70,2543,1365,1,1121
1728464420428288000,821,283,2639,1154,0,1331
1728464420429130000,508,555,2670,920,26,1478
1728464420429973000,264,868,2695,709,155,1608
1728464420430816000,67,1183,2572,527,320,1681
1728464420431658000,0,1497,2247,347,538,1728
1728464420432500000,0,1848,1954,178,712,1663
1728464420433342000,0,2051,1456,64,853,1613
1728464420434184000,94,2606,1199,0,1033,1348
1728464420435026000,293,2852,847,0,1173,1133
1728464420435868000,562,2927,546,0,1294,895
1728464420436711000,873,2816,261,100,1373,685
1728464420437559000,1215,2554,64,269,1436,485
1728464420438401000,1510,2044,8,490,1426,285
1728464420439243000,1799,1761,2,693,1345,135
1728464420440085000,2035,1472,7,914,1219,41
1728464420440927000,2424,1126,107,1090,1071,0
1728464420441769000,2509,847,330,1263,943,0
1728464420442611000,2538,546,618,1410,750,0
1728464420443453000,2446,170,938,1538,570,144
1728464420444296000,2382,53,1300,1628,358,325
1728464420445138000,1955,4,1644,1652,196,552
1728464420445980000,1679,5,1954,1605,72,764
1728464420446822000,1373,0,2211,1499,0,981
1728464420447664000,1052,127,2561,1301,0,1177
1728464420448506000,862,344,2650,1088,0,1376
1728464420449348000,500,631,2683,860,47,1522
1728464420450191000,186,942,2617,680,184,1623
1728464420451049000,0,1287,2520,505,353,1694
1728464420451891000,0,1593,2144,339,539,1705
1728464420452733000,0,1871,1796,106,712,1616
1728464420453575000,0,2268,1465,10,895,1508
1728464420454417000,133,2690,1116,0,1060,1294
1728464420455258000,365,2892,765,0,1216,1068
1728464420456100000,645,2912,453,2,1319,842
1728464420456943000,961,2753,193,139,1392,618
1728464420457786000,1282,2461,13,324,1431,432
1728464420458628000,1580,1976,5,530,1413,260
1728464420459470000,1870,1691,0,754,1312,117
1728464420460312000,2316,1368,0,960,1164,11
1728464420461153000,2435,1045,136,1136,996,21
1728464420461995000,2504,709,352,1301,832,66
1728464420462837000,2552,448,670,1437,655,0
1728464420463680000,2447,215,1025,1565,473,145
1728464420464527000,2328,9,1389,1639,311,388
1728464420465370000,1887,14,1735,1648,151,610
1728464420466212000,1600,5,2040,1581,53,842
1728464420467053000,1296,5,2480,1447,0,1031
1728464420467895000,975,178,2593,1257,0,1229
1728464420468737000,651,395,2669,1029,36,1413
1728464420469580000,382,701,2658,806,110,1559
1728464420470423000,148,1027,2604,615,237,1654
1728464420471266000,68,1358,2488,436,379,1699
1728464420472108000,95,1653,2069,281,559,1669
1728464420472950000,64,1933,1763,138,757,1600
1728464420473792000,41,2439,1376,38,930,1439
1728464420474634000,185,2752,1025,0,1109,1235
1728464420475476000,436,2920,683,0,1255,1013
1728464420476318000,729,2895,389,27,1344,776
1728464420477161000,1044,2696,137,181,1407,579
1728464420478013000,1380,2371,0,366,1428,382
1728464420478855000,1646,1905,5,583,1395,213
1728464420479697000,1938,1615,4,802,1290,82
1728464420480539000,2352,1291,33,996,1136,0
1728464420481381000,2463,942,304,1169,965,9
1728464420482223000,2520,645,576,1344,810,22
1728464420483066000,2499,386,857,1472,594,164
1728464420483909000,2417,133,1136,1589,429,242
1728464420484751000,2282,0,1494,1650,264,440
1728464420485594000,1814,0,1817,1651,129,673
1728464420486436000,1525,2,2112,1554,26,888
1728464420487278000,1201,41,2525,1404,0,1089
1728464420488120000,880,309,2616,1191,0,1271
1728464420488962000,586,564,2658,970,2,1444
1728464420489805000,312,826,2645,752,130,1573
1728464420490647000,94,1110,2570,576,303,1672
1728464420491498000,0,1371,2391,386,528,1693
1728464420492340000,0,1685,1914,237,700,1662
1728464420493182000,0,1963,1611,93,767,1559
1728464420494024000,44,2538,1279,4,988,1392
1728464420494866000,242,2807,924,0,1145,1170
1728464420495708000,505,2938,585,0,1286,956
1728464420496550000,818,2856,296,56,1378,728
1728464420497393000,1135,2624,84,225,1427,521
1728464420498235000,1425,2213,23,437,1422,335
1728464420499077000,1729,1821,8,654,1367,165
1728464420499919000,1988,1518,0,837,1241,41
1728464420500761000,2392,1208,70,1042,1095,0
1728464420501603000,2463,864,278,1185,887,0
1728464420502445000,2498,549,558,1342,714,21
1728464420503288000,2482,338,916,1486,533,138
1728464420504130000,2385,88,1233,1604,381,285
1728464420504974000,2062,13,1578,1656,224,506
1728464420505816000,1743,0,1904,1625,98,719
1728464420506658000,1441,0,2160,1530,10,944
1728464420507500000,1122,90,2549,1344,0,1140
1728464420508342000,797,298,2656,1133,0,1331
1728464420509184000,506,557,2638,911,37,1542
1728464420510027000,253,882,2616,695,158,1652
1728464420510870000,41,1208,2543,514,325,1682
1728464420511712000,0,1638,2156,338,511,1658
1728464420512554000,0,1919,1833,217,732,1600
1728464420513396000,0,2099,1529,96,875,1486
1728464420514238000,92,2626,1188,0,1026,1336
1728464420515080000,304,2863,832,0,1185,1113
1728464420515922000,594,2920,502,0,1313,888
1728464420516764000,886,2805,238,103,1377,671
1728464420517607000,1222,2531,41,279,1433,474
1728464420518460000,1533,1999,9,493,1399,281
1728464420519302000,1815,1729,10,717,1344,129
1728464420520144000,2051,1446,0,922,1218,34
1728464420520986000,2499,1102,141,1106,1014,0
1728464420521828000,2552,763,383,1285,832,10
1728464420522670000,2401,458,638,1496,650,39
1728464420523512000,2445,218,983,1569,498,156
1728464420524355000,2353,42,1329,1622,345,348
1728464420525197000,1932,18,1676,1654,183,567
1728464420526039000,1668,0,1975,1604,69,783
1728464420526881000,1356,0,2279,1501,0,992
1728464420527723000,1026,145,2589,1285,0,1201
1728464420528565000,710,375,2648,1058,0,1388
1728464420529407000,418,651,2690,846,64,1516
1728464420530250000,185,964,2624,648,203,1635
1728464420531092000,1,1335,2532,458,368,1785
1728464420531946000,0,1600,1988,279,559,1773
1728464420532789000,0,1906,1713,132,761,1663
1728464420533631000,0,2375,1447,36,913,1472
1728464420534473000,144,2703,1082,0,1079,1284
1728464420535315000,373,2892,738,0,1217,1053
1728464420536157000,655,2904,442,9,1320,832
1728464420537000000,975,2746,188,137,1398,619
1728464420537842000,1313,2443,10,337,1435,426
1728464420538684000,1609,1909,10,551,1409,238
1728464420539526000,1883,1646,10,778,1304,97
1728464420540368000,2320,1349,4,965,1162,0
1728464420541210000,2457,971,157,1154,919,0
1728464420542052000,2497,649,418,1308,743,0
1728464420542895000,2609,369,746,1472,580,58
1728464420543738000,2447,167,1073,1571,458,195
1728464420544580000,2322,10,1412,1643,301,409
1728464420545432000,1876,8,1753,1641,154,628
1728464420546275000,1577,0,2051,1580,48,847
1728464420547117000,1273,10,2480,1436,0,1048
1728464420547959000,931,200,2600,1224,0,1258
1728464420548801000,621,436,2661,993,0,1425
1728464420549643000,357,728,2657,791,87,1557
1728464420550486000,125,1070,2588,594,237,1656
1728464420551328000,0,1377,2511,402,427,1714
1728464420552170000,0,1666,2128,234,624,1692
1728464420553012000,0,1985,1753,105,811,1588
1728464420553854000,10,2480,1353,5,949,1431
1728464420554696000,200,2771,994,0,1120,1216
1728464420555538000,432,2909,661,0,1249,988
1728464420556380000,744,2880,370,34,1344,766
1728464420557222000,1062,2680,130,194,1417,564
1728464420558064000,1411,2336,0,388,1436,350
1728464420558928000,1686,1884,6,616,1381,185
1728464420559770000,1954,1592,5,826,1281,79
1728464420560612000,2359,1305,30,1009,1130,0
1728464420561454000,2496,1013,235,1226,952,0
1728464420562296000,2541,661,485,1361,757,0
1728464420563138000,2496,282,820,1487,613,66
1728464420563981000,2413,114,1157,1601,421,258
1728464420564823000,2272,10,1508,1649,256,455
1728464420565665000,1790,5,1839,1642,122,685
1728464420566507000,1509,1,2118,1541,30,901
1728464420567349000,1192,64,2521,1391,0,1100
1728464420568191000,944,236,2622,1172,0,1298
1728464420569033000,601,508,2668,952,1,1473
1728464420569875000,277,818,2651,762,122,1594
1728464420570718000,39,1139,2574,578,274,1691
1728464420571561000,0,1458,2316,328,471,1690
1728464420572404000,0,1756,1916,189,660,1697
1728464420573246000,0,2030,1608,92,832,1543
1728464420574088000,53,2558,1263,0,992,1369
1728464420574930000,274,2822,896,0,1156,1161
1728464420575772000,532,2924,576,0,1278,930
1728464420576614000,828,2843,289,70,1368,713
1728464420577457000,1149,2603,75,226,1420,508
1728464420578299000,1479,2135,15,448,1426,320
1728464420579141000,1764,1802,0,654,1360,165
1728464420579983000,2016,1515,2,872,1254,45
1728464420580825000,2411,1191,29,1055,1105,47
1728464420581667000,2514,864,254,1231,908,26
1728464420582509000,2550,553,543,1385,692,0
1728464420583352000,2481,277,903,1517,541,129
1728464420584195000,2380,74,1254,1614,376,299
1728464420585037000,2016,4,1600,1659,217,521
1728464420585887000,1721,8,1921,1621,82,743
1728464420586729000,1409,1,2175,1520,0,960
1728464420587571000,1104,77,2552,1344,37,1145
1728464420588413000,782,296,2636,1120,6,1344
1728464420589255000,482,570,2664,885,36,1496
1728464420590098000,227,896,2625,679,151,1628
1728464420590940000,144,1214,2575,522,313,1689
1728464420591783000,64,1523,2154,334,510,1704
1728464420592625000,0,1839,1828,258,704,1659
1728464420593467000,0,2076,1517,58,885,1520
1728464420594309000,114,2641,1159,0,1047,1321
1728464420595151000,324,2860,805,2,1198,1097
1728464420595993000,606,2923,485,0,1311,873
1728464420596835000,920,2812,225,106,1385,668
1728464420597677000,1223,2516,29,277,1443,461
1728464420598519000,1546,2003,1,491,1409,277
1728464420599373000,1829,1731,0,718,1328,128
1728464420600215000,2113,1423,0,914,1216,20
1728464420601057000,2431,1080,235,1098,1034,18
1728464420601899000,2501,764,474,1280,882,20
1728464420602741000,2515,488,719,1423,660,45
1728464420603584000,2455,210,1010,1549,489,164
1728464420604426000,2343,34,1363,1628,322,363
1728464420605269000,1912,4,1702,1653,175,576
1728464420606111000,1642,5,1994,1596,70,808
1728464420606953000,1344,0,2456,1473,0,1007
1728464420607795000,1006,242,2584,1280,0,1188
1728464420608637000,696,429,2645,1053,0,1376
1728464420609480000,419,698,2656,835,65,1524
1728464420610323000,176,947,2604,634,260,1644
1728464420611166000,4,1269,2488,477,427,1688
1728464420612008000,2,1576,2051,292,490,1698
1728464420614578000,0,1890,1752,137,732,1619
1728464420615420000,0,2394,1424,33,930,1464
1728464420616262000,147,2712,1071,0,1088,1261
1728464420617104000,391,2895,713,0,1240,1039
1728464420617946000,683,2905,412,8,1338,807
1728464420618789000,1007,2736,151,149,1409,605
1728464420619632000,1332,2417,4,354,1437,405
1728464420620474000,1610,1924,14,571,1400,219
1728464420621317000,1905,1653,1,781,1299,89
1728464420622159000,2328,1334,5,953,1172,25
1728464420623001000,2442,1003,194,1138,983,29
1728464420623843000,2503,717,484,1308,788,0
1728464420624686000,2516,385,756,1472,615,53
1728464420625529000,2427,156,1094,1578,438,213
1728464420626371000,2298,0,1454,1635,279,417
1728464420627214000,1845,2,1785,1644,138,639
1728464420628056000,1558,1,2074,1572,45,847
1728464420628898000,1237,21,2468,1419,0,1104
1728464420629740000,922,209,2598,1206,0,1307
1728464420630582000,608,459,2641,996,0,1453
1728464420631425000,349,754,2640,772,104,1554
1728464420632268000,85,1173,2565,596,270,1612
1728464420633111000,0,1491,2444,433,457,1664
1728464420633953000,21,1776,1964,265,625,1648
1728464420634795000,0,1978,1674,114,812,1582
1728464420635637000,24,2502,1319,5,968,1415
1728464420636479000,218,2791,971,0,1121,1201
1728464420637321000,472,2920,629,0,1262,982
1728464420638163000,771,2880,345,38,1354,751
1728464420639006000,1089,2645,122,210,1408,549
1728464420639848000,1418,2303,18,400,1423,361
1728464420640691000,1701,1871,5,624,1375,170
1728464420641539000,1976,1554,2,847,1288,64
1728464420642381000,2280,1223,37,1103,1088,17
1728464420643223000,2408,896,302,1270,928,46
1728464420644065000,2479,589,559,1408,744,5
1728464420644908000,2500,320,836,1500,576,82
1728464420645750000,2406,96,1179,1600,410,264
1728464420646592000,2191,14,1528,1649,234,471
1728464420647435000,1776,0,1856,1631,109,694
1728464420648277000,1478,0,2138,1539,17,915
1728464420649119000,1157,69,2575,1364,0,1103
1728464420649961000,845,266,2656,1158,0,1312
1728464420650803000,544,534,2706,928,14,1475
1728464420651645000,263,832,2617,719,125,1617
1728464420652487000,65,1166,2502,525,321,1743
1728464420653329000,23,1511,2259,362,501,1608
1728464420654171000,35,1778,1873,199,668,1588
1728464420655023000,0,2039,1600,85,836,1545
1728464420655865000,68,2583,1245,0,1005,1359
1728464420656707000,277,2844,873,0,1170,1144
1728464420657549000,544,2925,556,0,1292,909
1728464420658391000,850,2831,274,90,1372,698
1728464420659234000,1183,2567,79,257,1422,493
1728464420660077000,1486,2090,13,466,1411,320
1728464420660919000,1788,1779,0,670,1346,153
1728464420661761000,2082,1486,5,904,1216,37
1728464420662603000,2487,1136,146,1093,1033,0
1728464420663445000,2545,809,356,1266,849,0
1728464420664287000,2546,504,608,1451,694,1
1728464420665130000,2482,257,934,1526,520,137
1728464420665973000,2371,56,1278,1615,370,320
1728464420666816000,1970,2,1624,1650,202,535
1728464420667659000,1689,5,1936,1613,78,765
1728464420668512000,1397,0,2179,1508,0,965
1728464420669354000,1068,112,2561,1311,0,1165
1728464420670196000,750,338,2643,1098,0,1352
1728464420671038000,457,612,2668,874,34,1514
1728464420671881000,209,922,2681,663,198,1642
1728464420672724000,11,1274,2482,484,335,1788
1728464420673567000,0,1557,2036,304,537,1769
1728464420674409000,0,1856,1828,170,718,1636
1728464420675251000,0,2123,1514,43,882,1503
1728464420676093000,113,2675,1141,0,1049,1303
1728464420676935000,349,2867,788,0,1216,1088
1728464420677777000,626,2920,476,0,1314,862
1728464420678620000,943,2784,218,122,1388,623
1728464420679463000,1269,2480,26,299,1429,462
1728464420680305000,1569,1977,4,521,1425,246
1728464420681147000,1860,1721,0,736,1339,117
1728464420682000000,2303,1374,0,936,1098,0
1728464420682842000,2450,1040,151,1121,946,0
1728464420683685000,2546,712,401,1285,786,0
1728464420684527000,2516,448,685,1437,649,26
1728464420685370000,2449,202,1017,1551,485,181
1728464420686212000,2333,25,1372,1632,320,366
1728464420687055000,1900,8,1705,1652,170,594
1728464420687898000,1628,5,2016,1592,51,812
1728464420688740000,1290,0,2474,1450,0,1024
1728464420689582000,980,162,2592,1259,0,1221
1728464420690424000,674,399,2648,1040,0,1398
1728464420691266000,392,686,2665,826,71,1548
1728464420692109000,160,1016,2658,608,213,1652
1728464420692951000,0,1333,2559,436,448,1728
1728464420693793000,0,1661,2097,272,641,1696
1728464420694635000,0,1933,1735,133,770,1601
1728464420695474000,0,2415,1397,26,933,1456
1728464420696316000,178,2730,1044,0,1097,1248
1728464420697158000,412,2903,698,0,1241,1012
1728464420698000000,704,2899,394,20,1344,794
1728464420698843000,1034,2719,129,154,1388,564
1728464420699685000,1366,2392,0,363,1429,388
1728464420700527000,1637,1917,9,583,1389,221
1728464420701370000,1923,1658,1,797,1304,72
1728464420702212000,2383,1402,9,995,1141,0
1728464420703053000,2507,1039,207,1190,960,0
1728464420703895000,2524,586,474,1338,847,0
1728464420704737000,2505,374,793,1472,594,69
1728464420705580000,2423,161,1124,1575,431,238
1728464420706422000,2288,0,1472,1640,270,434
1728464420707265000,1825,6,1806,1644,130,645
1728464420708107000,1548,0,2086,1567,37,873
1728464420708965000,1295,28,2520,1407,0,1075
1728464420709807000,952,220,2614,1208,0,1267
1728464420710649000,633,458,2661,988,0,1443
1728464420711492000,276,761,2656,810,98,1592
1728464420712335000,64,1090,2570,514,274,1656
1728464420713178000,0,1426,2440,354,434,1714
1728464420714020000,0,1726,1960,226,641,1675
1728464420714862000,0,1994,1640,105,823,1570
1728464420715704000,41,2513,1298,1,969,1393
1728464420716546000,220,2791,949,0,1136,1185
1728464420717388000,485,2917,610,0,1267,961
1728464420718230000,789,2875,321,55,1366,732
1728464420719073000,1124,2648,90,213,1427,541
1728464420719915000,1431,2273,0,412,1399,343
1728464420720757000,1722,1846,10,637,1378,178
1728464420721599000,1976,1552,0,836,1287,110
1728464420722445000,2423,1258,14,1021,1103,0
1728464420723287000,2521,894,234,1227,905,0
1728464420724129000,2521,570,555,1380,717,0
1728464420724972000,2487,308,879,1507,555,111
1728464420725815000,2405,100,1216,1600,396,286
1728464420726657000,2103,18,1567,1655,226,493
1728464420727500000,1760,5,1893,1634,100,714
1728464420728342000,1459,0,2153,1530,43,913
1728464420729184000,1149,58,2537,1363,10,1122
1728464420730026000,820,266,2639,1149,0,1323
1728464420730868000,515,542,2682,928,8,1480
1728464420731711000,377,833,2663,725,119,1607
1728464420732553000,137,1187,2562,525,282,1682
1728464420733395000,0,1490,2175,423,490,1710
1728464420734237000,0,1808,1882,185,682,1659
1728464420735079000,0,2047,1564,80,865,1527
1728464420735927000,81,2608,1199,0,1020,1345
1728464420736769000,298,2848,856,0,1172,1128
1728464420737611000,554,2919,530,0,1300,900
1728464420738453000,865,2817,256,74,1379,683
1728464420739296000,1201,2558,57,274,1423,466
1728464420740138000,1510,2034,4,480,1423,301
1728464420740981000,1791,1772,5,690,1347,138
1728464420741823000,2032,1494,47,898,1224,18
1728464420742665000,2402,1149,166,1076,1041,37
1728464420743507000,2494,805,274,1256,853,68
1728464420744349000,2524,485,626,1423,685,13
1728464420745192000,2480,238,960,1535,508,141
1728464420746034000,2368,43,1299,1631,357,337
1728464420746876000,1952,9,1654,1644,192,558
1728464420747718000,1675,1,1963,1607,70,779
1728464420748560000,1380,39,2201,1491,0,970
1728464420749414000,1055,164,2564,1309,0,1164
1728464420750256000,736,383,2655,1078,0,1366
1728464420751099000,448,629,2664,854,82,1524
1728464420751942000,206,906,2626,681,232,1603
1728464420752784000,30,1242,2508,468,292,1676
1728464420753626000,0,1567,2112,295,498,1688
1728464420754468000,0,1886,1801,154,729,1622
1728464420755310000,0,2320,1479,42,897,1485
1728464420756152000,130,2683,1115,0,1060,1281
1728464420756994000,365,2880,774,0,1208,1068
1728464420757836000,642,2924,458,0,1314,850
1728464420758679000,926,2762,207,139,1394,632
1728464420759521000,1269,2449,14,320,1436,437
1728464420760363000,1592,1969,2,533,1403,235
1728464420761205000,1840,1677,2,709,1311,96
1728464420762047000,2278,1376,0,913,1166,34
1728464420762896000,2412,1054,162,1100,1001,5
1728464420763738000,2510,710,402,1314,826,0
1728464420764580000,2519,418,712,1453,628,38
1728464420765423000,2445,175,1044,1567,465,188
1728464420766266000,2325,13,1392,1632,302,383
1728464420767108000,1877,8,1729,1649,159,608
1728464420767950000,1604,2,2017,1584,64,873
1728464420768792000,1292,5,2464,1448,0,1061
1728464420769634000,960,172,2583,1245,0,1269
1728464420770476000,653,412,2637,1023,0,1459
1728464420771319000,404,722,2644,792,64,1484
1728464420772162000,138,1120,2586,640,247,1618
1728464420773004000,8,1436,2483,448,413,1665
1728464420773846000,0,1664,2020,260,595,1693
1728464420774688000,0,1944,1721,121,781,1601
1728464420775530000,0,2447,1381,29,938,1434
1728464420776487000,192,2741,1025,0,1104,1229
1728464420777329000,434,2913,684,0,1239,1020
1728464420778171000,727,2866,397,32,1326,770
1728464420779014000,1045,2691,137,169,1400,577
1728464420779856000,1383,2363,0,375,1433,375
1728464420780698000,1673,1901,1,590,1391,209
1728464420781540000,2021,1601,1,853,1258,69
1728464420782382000,2212,1285,17,1077,1109,18
1728464420783224000,2360,946,212,1234,936,34
1728464420784066000,2520,655,482,1352,776,0
1728464420784908000,2514,354,798,1483,603,77
1728464420785750000,2423,138,1144,1591,424,239
1728464420786593000,2279,0,1485,1643,265,448
1728464420787436000,1814,5,1818,1636,117,674
1728464420788278000,1509,0,2191,1550,25,890
1728464420789120000,1201,50,2560,1393,0,1088
1728464420789867000,885,237,2648,1195,0,1285
1728464420790709000,569,480,2705,969,0,1457
1728464420791551000,312,822,2568,736,103,1691
1728464420792394000,86,1116,2511,549,290,1731
1728464420793236000,30,1468,2364,373,465,1612
1728464420794078000,0,1739,1944,224,648,1666
1728464420794920000,0,2005,1621,98,832,1564
1728464420795762000,47,2532,1281,0,980,1383
1728464420796604000,244,2806,917,0,1145,1168
1728464420797446000,510,2917,583,0,1284,945
1728464420798288000,818,2864,312,58,1359,728
1728464420799131000,1124,2598,94,210,1418,522
1728464420799973000,1450,2240,1,426,1426,337
1728464420800815000,1759,1813,0,649,1336,143
1728464420801657000,1996,1490,0,846,1191,42
1728464420802499000,2379,1182,74,1034,1020,0
1728464420803349000,2481,863,301,1233,869,5
1728464420804191000,2511,555,565,1386,727,0
1728464420805033000,2497,298,893,1516,544,112
1728464420805876000,2381,79,1237,1607,381,295
1728464420806718000,2055,21,1588,1657,213,509
1728464420807561000,1738,0,1906,1632,93,728
1728464420808403000,1423,0,2163,1504,2,943
1728464420809245000,1100,88,2556,1336,0,1133
1728464420810087000,791,297,2636,1135,0,1344
1728464420810929000,494,576,2680,894,26,1528
1728464420811772000,235,873,2631,687,163,1612
1728464420812615000,53,1220,2584,498,361,1700
1728464420813458000,0,1514,2159,339,512,1702
1728464420814300000,0,1817,1856,184,705,1640
1728464420815142000,0,2063,1545,68,866,1513
1728464420815984000,89,2618,1177,0,1029,1330
1728464420816842000,320,2856,825,0,1192,1113
1728464420817684000,599,2924,498,0,1311,876
1728464420818526000,903,2802,226,98,1379,657
1728464420819369000,1223,2538,50,282,1422,480
1728464420820212000,1528,2021,0,497,1425,279
1728464420821054000,1826,1627,0,695,1418,113
1728464420821896000,2018,1348,0,912,1276,10
1728464420822738000,2400,1042,122,1116,1090,0
1728464420823580000,2507,773,360,1286,854,0
1728464420824422000,2511,469,661,1435,667,20
1728464420825265000,2463,229,992,1535,496,162
1728464420826108000,2352,49,1339,1624,338,358
1728464420826950000,1938,5,1672,1652,181,562
1728464420827793000,1628,0,1985,1632,66,777
1728464420828635000,1328,0,2292,1511,0,992
1728464420829477000,1020,153,2578,1302,0,1196
1728464420830317000,704,367,2657,1088,0,1377
1728464420831160000,393,649,2641,805,66,1533
1728464420832003000,149,1001,2620,622,207,1648
1728464420832845000,0,1326,2478,444,376,1658
1728464420833687000,0,1607,2078,293,554,1695
1728464420834529000,0,1891,1779,153,746,1619
1728464420835371000,0,2371,1435,32,920,1472
1728464420836213000,150,2700,1081,0,1068,1265
1728464420837055000,368,2895,733,0,1220,1052
1728464420837897000,669,2912,440,5,1320,827
1728464420838739000,982,2728,167,146,1398,618
1728464420839581000,1316,2439,0,322,1444,426
1728464420840423000,1612,1951,4,549,1410,217
1728464420841265000,1906,1672,0,778,1310,36
1728464420842107000,2297,1459,0,979,1169,0
1728464420842949000,2432,1098,162,1176,1008,0
1728464420843801000,2511,682,427,1328,808,0
1728464420844643000,2511,401,737,1462,613,45
1728464420845486000,2447,171,1072,1573,463,210
1728464420846328000,2331,10,1420,1633,301,405
1728464420847171000,1856,2,1764,1654,149,624
1728464420848013000,1649,0,2055,1573,34,845
1728464420848855000,1333,18,2489,1432,0,1040
1728464420849697000,1030,188,2593,1235,0,1248
1728464420850539000,698,431,2680,1016,0,1434
1728464420851382000,413,718,2648,854,64,1563
1728464420852225000,53,1058,2613,633,228,1686
1728464420853068000,0,1391,2468,387,418,1705
1728464420853910000,0,1693,2003,244,615,1683
1728464420854753000,0,1965,1696,117,793,1585
1728464420855595000,9,2466,1359,18,960,1418
1728464420856437000,203,2764,988,0,1113,1225
1728464420857301000,448,2913,660,0,1253,985
1728464420858143000,737,2869,365,42,1344,763
1728464420858986000,1074,2670,130,197,1414,556
1728464420859828000,1392,2331,0,387,1435,370
1728464420860670000,1665,1857,0,581,1377,274
1728464420861512000,1954,1594,0,820,1298,133
1728464420862354000,2392,1283,0,1013,1143,29
1728464420863196000,2476,930,241,1208,941,0
1728464420864038000,2516,608,516,1363,756,0
1728464420864881000,2499,341,832,1486,576,97
1728464420865724000,2414,114,1167,1595,426,258
1728464420866566000,2264,5,1509,1653,254,461
1728464420867409000,1785,0,1843,1632,169,676
1728464420868251000,1498,0,2115,1546,58,906
1728464420869093000,1194,47,2520,1380,26,1096
1728464420869935000,861,241,2629,1189,0,1297
1728464420870824000,581,482,2672,938,0,1459
1728464420871667000,398,799,2689,750,96,1575
1728464420872509000,139,1129,2576,549,253,1669
1728464420873352000,0,1464,2342,375,463,1701
1728464420874194000,0,1761,1927,213,661,1665
1728464420875037000,0,2020,1607,84,832,1545
1728464420875879000,54,2559,1264,0,992,1362
1728464420876721000,261,2819,901,0,1161,1157
1728464420877563000,540,2928,570,0,1288,941
1728464420878405000,833,2848,303,74,1368,715
1728464420879248000,1145,2604,92,236,1410,517
1728464420880090000,1465,2151,18,434,1439,320
1728464420880932000,1764,1848,65,649,1399,167
1728464420881774000,2031,1525,0,864,1221,141
1728464420882616000,2400,1202,0,1057,1057,89
1728464420883458000,2496,845,305,1241,901,0
1728464420884252000,2528,541,587,1398,698,0
1728464420885095000,2486,272,913,1519,538,121
1728464420885937000,2383,77,1258,1615,370,310
1728464420886780000,2016,9,1615,1658,218,521
1728464420887622000,1717,65,1913,1617,81,748
1728464420888464000,1421,39,2176,1511,9,942
1728464420889306000,1095,137,2551,1344,3,1145
1728464420890148000,783,333,2656,1114,31,1346
1728464420890990000,473,525,2660,885,110,1495
1728464420891833000,250,844,2599,693,218,1613
1728464420892675000,34,1212,2529,489,290,1679
1728464420893517000,0,1545,2124,321,531,1702
1728464420894359000,0,1833,1836,177,711,1637
1728464420895201000,0,2068,1519,64,881,1504
1728464420896043000,117,2642,1166,0,1040,1321
1728464420896885000,329,2868,797,0,1193,1095
1728464420897730000,576,2912,478,0,1314,872
1728464420898573000,917,2795,229,106,1385,674
1728464420899416000,1234,2511,49,290,1426,466
1728464420900258000,1513,1998,9,465,1412,279
1728464420901100000,1808,1784,23,696,1344,125
1728464420901942000,2088,1472,0,906,1205,17
1728464420902784000,2421,1095,149,1105,1021,0
1728464420903626000,2503,756,383,1291,840,0
1728464420904468000,2528,459,669,1429,657,29
1728464420905311000,2453,213,1013,1549,486,167
1728464420906154000,2345,34,1361,1628,330,361
1728464420906996000,1915,13,1698,1656,170,582
1728464420907839000,1649,1,1985,1596,77,785
1728464420908681000,1331,0,2444,1475,0,989
1728464420909523000,1006,183,2595,1280,0,1203
1728464420910365000,676,480,2643,1076,5,1354
1728464420911224000,469,731,2657,872,90,1504
1728464420912067000,148,914,2599,628,279,1641
1728464420912909000,0,1327,2497,450,382,1703
1728464420913751000,0,1622,2055,285,581,1690
1728464420914594000,0,1905,1751,139,757,1612
1728464420915436000,0,2402,1428,34,930,1466
1728464420916278000,154,2719,1053,0,1093,1263
1728464420917120000,402,2886,714,0,1224,1027
1728464420917962000,685,2901,420,23,1337,805
1728464420918805000,1011,2716,162,159,1405,609
1728464420919647000,1330,2414,0,346,1438,412
1728464420920489000,1542,1909,33,612,1400,253
1728464420921331000,1848,1642,4,723,1298,69
1728464420922173000,2299,1333,0,934,1152,0
1728464420923015000,2463,1000,194,1165,986,2
1728464420923857000,2513,671,458,1336,789,0
1728464420924714000,2509,378,760,1473,612,57
1728464420925556000,2435,156,1101,1574,439,210
1728464420926398000,2299,0,1452,1646,283,424
1728464420927240000,1850,4,1842,1635,141,643
1728464420928083000,1552,0,2063,1578,40,936
1728464420928925000,1248,14,2485,1413,0,1095
1728464420929767000,926,217,2600,1218,0,1294
1728464420930609000,607,436,2615,992,21,1494
1728464420931451000,402,760,2639,779,97,1479
1728464420932294000,136,1075,2579,587,253,1600
1728464420933136000,0,1420,2450,400,441,1710
1728464420933978000,0,1714,1984,238,621,1678
1728464420934820000,0,1977,1673,109,805,1577
1728464420935662000,29,2498,1326,4,962,1407
1728464420936504000,215,2796,969,0,1125,1216
1728464420937345000,473,2884,640,0,1275,980
1728464420938190000,770,2840,331,50,1359,747
1728464420939033000,1094,2654,114,210,1418,536
1728464420939875000,1425,2301,1,401,1407,349
1728464420940717000,1823,1829,25,621,1327,180
1728464420941559000,2061,1549,77,866,1241,64
1728464420942401000,2444,1225,55,1029,1097,0
1728464420943242000,2486,906,253,1212,925,0
1728464420944084000,2517,583,525,1371,741,0
1728464420944926000,2494,320,847,1487,562,98
1728464420945769000,2401,105,1189,1600,414,270
1728464420946611000,2202,17,1540,1642,245,478
1728464420947454000,1753,8,1863,1624,106,693
1728464420948296000,1461,0,2140,1525,20,915
1728464420949137000,1159,68,2535,1365,0,1116
1728464420949979000,807,268,2631,1136,0,1325
1728464420950821000,509,581,2685,917,21,1477
1728464420951674000,279,841,2706,719,142,1588
1728464420952517000,68,1165,2551,538,303,1681
1728464420953360000,0,1495,2264,363,485,1699
1728464420954202000,0,1784,1907,203,670,1653
1728464420955044000,0,2040,1587,82,852,1537
1728464420955886000,77,2594,1242,0,1000,1358
1728464420956728000,282,2834,879,0,1174,1146
1728464420957570000,548,2924,562,0,1285,917
1728464420958412000,857,2829,277,87,1372,683
1728464420959255000,1177,2588,53,254,1439,501
1728464420960097000,1487,2168,0,488,1438,269
1728464420960939000,1820,1836,0,697,1349,123
1728464420961781000,2026,1384,4,874,1295,18
1728464420962623000,2402,1166,101,1076,1074,0
1728464420963465000,2503,820,320,1266,889,0
1728464420964307000,2520,504,609,1407,685,5
1728464420965186000,2472,256,950,1530,527,142
1728464420966028000,2368,66,1270,1613,373,327
1728464420966870000,2061,0,1618,1650,197,530
1728464420967712000,1760,0,1937,1614,69,754
1728464420968554000,1442,0,2179,1499,0,971
1728464420969396000,1137,113,2567,1328,0,1164
1728464420970238000,834,309,2638,1103,0,1362
1728464420971080000,360,602,2648,938,22,1534
1728464420971923000,119,922,2646,718,168,1656
1728464420972765000,25,1252,2528,487,346,1694
1728464420973607000,0,1567,2117,311,533,1696
1728464420974449000,0,1857,1825,165,719,1633
1728464420975291000,0,2112,1504,64,888,1487
1728464420976133000,114,2653,1143,0,1048,1297
1728464420976975000,342,2880,784,0,1194,1088
1728464420977817000,618,2915,484,0,1298,853
1728464420978648000,938,2778,216,128,1391,648
1728464420979491000,1253,2499,23,290,1439,448
1728464420980333000,1554,2019,46,512,1412,343
1728464420981176000,1845,1707,0,725,1321,201
1728464420982018000,2179,1410,0,936,1203,75
1728464420982860000,2438,1066,149,1127,1026,0
1728464420983702000,2508,740,393,1301,832,4
1728464420984544000,2509,449,698,1436,645,29
1728464420985387000,2452,203,1024,1554,482,193
1728464420986229000,2339,21,1376,1632,326,370
1728464420987071000,1900,45,1704,1655,215,587
1728464420987913000,1623,0,2018,1584,105,810
1728464420988755000,1306,0,2467,1464,13,1022
1728464420989597000,983,117,2584,1268,26,1208
1728464420990439000,695,350,2660,1065,21,1393
1728464420991282000,420,654,2671,815,30,1548
1728464420992126000,261,1018,2604,618,202,1663
1728464420992969000,0,1344,2487,444,409,1700
1728464420993811000,0,1644,2035,279,600,1694
1728464420994653000,0,1931,1743,136,777,1600
1728464420995495000,0,2423,1396,26,933,1452
1728464420996337000,177,2732,1037,0,1103,1247
1728464420997179000,395,2910,698,0,1234,1030
1728464420998021000,712,2895,405,21,1339,802
1728464420998864000,1009,2695,151,157,1404,585
1728464420999706000,1330,2424,0,338,1427,410
1728464421000548000,1637,1969,9,559,1393,197
1728464421001390000,1909,1609,90,777,1292,82
1728464421002232000,2344,1314,52,981,1150,0
1728464421003074000,2457,981,207,1178,960,0
1728464421003916000,2511,653,474,1337,780,0
1728464421004758000,2503,377,785,1465,593,67
1728464421005610000,2426,149,1130,1580,437,218
1728464421006452000,2296,0,1451,1642,274,471
1728464421007294000,1831,4,1784,1637,129,687
1728464421008136000,1541,3,2073,1557,41,864
1728464421008978000,1227,27,2496,1410,0,1063
1728464421009820000,945,226,2599,1208,0,1201
1728464421010662000,603,540,2649,985,0,1392
1728464421011505000,335,848,2638,781,122,1560
1728464421012348000,101,1098,2579,576,271,1672
1728464421013190000,0,1428,2434,400,455,1706
1728464421014032000,0,1723,1955,233,643,1670
1728464421014874000,0,1992,1648,109,820,1572
1728464421015716000,42,2513,1305,0,976,1405
1728464421016558000,226,2804,946,0,1122,1185
1728464421017400000,496,2915,602,0,1267,960
1728464421018243000,799,2867,330,55,1339,739
1728464421019098000,1114,2656,101,207,1430,540
1728464421019940000,1505,2267,6,401,1407,353
1728464421020783000,1594,1835,0,704,1376,206
1728464421021625000,1920,1562,10,896,1263,114
1728464421022467000,2393,1233,68,1036,1113,0
1728464421023309000,2478,896,284,1230,914,0
1728464421024151000,2528,578,564,1376,730,0
1728464421024993000,2496,325,871,1499,553,106
1728464421025835000,2406,97,1209,1600,407,277
1728464421026677000,2115,11,1560,1652,221,489
1728464421027519000,1752,0,1954,1630,106,716
1728464421028361000,1456,0,2203,1518,16,932
1728464421029203000,1146,74,2574,1368,0,1122
1728464421030045000,818,306,2673,1143,4,1315
1728464421030887000,514,577,2703,901,34,1484
1728464421031730000,261,839,2595,706,162,1680
1728464421032585000,55,1194,2554,518,312,1689
1728464421033427000,0,1511,2200,352,505,1696
1728464421034269000,0,1798,1874,194,694,1651
1728464421035111000,0,2044,1564,76,857,1527
1728464421035953000,68,2604,1216,0,1018,1350
1728464421036795000,299,2846,842,1,1190,1128
1728464421037637000,570,2920,526,0,1298,896
1728464421038479000,881,2793,250,89,1381,689
1728464421039322000,1203,2544,52,269,1445,480
1728464421040164000,1524,2026,17,482,1336,290
1728464421041007000,1847,1744,0,682,1311,138
1728464421041849000,2113,1464,5,907,1221,29
1728464421042691000,2415,1130,107,1092,1055,0
1728464421043533000,2498,798,342,1266,866,0
1728464421044375000,2516,494,625,1417,688,9
1728464421045218000,2480,247,951,1535,529,150
1728464421046066000,2364,51,1301,1624,356,325
1728464421046909000,1925,2,1649,1657,194,549
1728464421047752000,1666,9,1952,1600,74,777
1728464421048594000,1364,0,2207,1493,2,984
1728464421049436000,1012,119,2552,1271,0,1189
1728464421050278000,698,348,2648,1063,0,1385
1728464421051120000,434,683,2675,854,58,1504
1728464421051963000,213,948,2620,660,194,1632
1728464421052805000,4,1279,2520,471,361,1695
1728464421053647000,0,1592,2094,297,546,1699
1728464421054489000,0,1883,1797,159,739,1621
1728464421055331000,0,2285,1481,46,898,1484
1728464421056173000,117,2661,1113,0,1049,1293
1728464421057015000,349,2887,778,0,1216,1064
1728464421057857000,648,2905,429,0,1329,833
1728464421058700000,960,2775,198,133,1407,624
1728464421059544000,1302,2535,0,346,1447,405
1728464421060386000,1611,2030,2,547,1394,217
1728464421061228000,1845,1547,10,745,1397,85
1728464421062070000,2316,1373,0,952,1181,5
1728464421062912000,2444,1043,160,1138,999,0
1728464421063754000,2510,706,405,1307,816,0
1728464421064596000,2513,418,714,1445,636,42
1728464421065439000,2440,178,1050,1570,476,188
1728464421066281000,2372,4,1393,1628,288,389
1728464421067123000,1923,0,1732,1655,153,617
1728464421067966000,1573,0,2025,1632,64,832
1728464421068808000,1279,0,2480,1487,0,1031
1728464421069650000,875,165,2626,1297,0,1281
1728464421070492000,589,415,2672,1053,0,1415
1728464421071335000,335,701,2639,771,87,1537
1728464421072178000,144,1031,2591,618,234,1653
1728464421073040000,0,1369,2471,432,414,1700
1728464421073882000,0,1667,2024,264,602,1682
1728464421074724000,0,1939,1718,137,773,1592
1728464421075566000,0,2436,1381,20,944,1437
1728464421076408000,180,2755,1018,0,1114,1238
1728464421077250000,426,2906,685,0,1244,1005
1728464421078092000,710,2882,392,37,1344,782
1728464421078935000,1061,2712,126,165,1419,582
1728464421079777000,1416,2387,0,370,1416,306
1728464421080619000,1656,1967,0,585,1400,158
1728464421081461000,1933,1714,0,836,1301,46
1728464421082303000,2353,1287,37,999,1141,0
1728464421083145000,2463,961,224,1178,960,4
1728464421083987000,2516,636,491,1347,772,0
1728464421084830000,2496,361,799,1481,593,81
1728464421085673000,2416,138,1143,1584,429,234
1728464421086514000,2283,0,1480,1647,253,450
1728464421087356000,1891,0,1810,1637,107,661
1728464421088198000,1561,0,2116,1557,18,881
1728464421089040000,1288,25,2525,1400,0,1067
1728464421089882000,995,229,2668,1212,0,1295
1728464421090724000,656,482,2694,969,0,1460
1728464421091567000,274,793,2649,783,114,1588
1728464421092410000,82,1114,2579,565,281,1671
1728464421093253000,0,1451,2393,378,461,1713
1728464421094095000,0,1743,1937,222,665,1661
1728464421094937000,0,1998,1622,98,832,1560
1728464421095779000,50,2535,1278,1,973,1392
1728464421096621000,241,2809,924,0,1146,1169
1728464421097463000,490,2930,587,0,1285,954
1728464421098305000,814,2864,314,44,1368,725
1728464421099148000,1128,2635,145,231,1464,541
1728464421100000000,1445,2256,46,415,1420,400
1728464421100843000,1723,1790,0,642,1367,247
1728464421101685000,2001,1529,1,852,1247,54
1728464421102527000,2388,1209,82,1047,1088,0
1728464421103369000,2480,869,296,1231,905,0
1728464421104211000,2520,553,576,1384,711,2
1728464421105054000,2482,290,902,1510,544,117
1728464421105897000,2387,146,1231,1600,379,287
1728464421106739000,2054,0,1580,1649,287,500
1728464421107582000,1738,0,1895,1624,133,730
1728464421108424000,1439,0,2169,1529,21,935
1728464421109266000,1125,23,2551,1371,26,1131
1728464421110108000,821,253,2629,1127,0,1325
1728464421110950000,510,541,2662,900,0,1482
1728464421111792000,250,885,2634,696,163,1615
1728464421112635000,47,1220,2533,513,325,1689
1728464421113485000,0,1514,2154,335,527,1696
1728464421114327000,0,1813,1856,185,704,1637
1728464421115169000,0,2063,1551,66,873,1523
1728464421116011000,85,2616,1186,0,1030,1334
1728464421116853000,320,2848,832,0,1193,1120
1728464421117695000,576,2914,511,0,1306,893
1728464421118538000,882,2824,234,81,1392,682
1728464421119381000,1209,2586,50,260,1434,458
1728464421120223000,1516,2009,66,480,1423,269
1728464421121066000,1817,1712,89,704,1377,151
1728464421121908000,2064,1443,0,930,1216,28
1728464421122750000,2416,1112,134,1096,1035,0
1728464421123592000,2496,778,363,1283,850,0
1728464421124434000,2525,474,661,1423,669,18
1728464421125277000,2470,226,989,1544,496,156
1728464421126119000,2352,32,1317,1623,345,329
1728464421126973000,1938,69,1661,1643,180,549
1728464421127815000,1656,43,1984,1602,79,776
1728464421128657000,1355,37,2339,1486,0,997
1728464421129499000,1079,202,2586,1298,0,1163
1728464421130341000,712,414,2654,1061,64,1359
1728464421131183000,432,591,2660,832,129,1511
1728464421132025000,177,976,2609,644,206,1646
1728464421132868000,10,1307,2496,456,386,1690
1728464421133710000,0,1611,2071,292,570,1687
1728464421134552000,0,1889,1776,149,754,1613
1728464421135394000,0,2375,1441,28,912,1476
1728464421136236000,151,2687,1093,0,1080,1269
1728464421137078000,382,2880,744,0,1223,1053
1728464421137920000,669,2892,448,5,1328,832
1728464421138763000,941,2756,175,175,1397,642
1728464421139606000,1263,2426,0,262,1427,404
1728464421140506000,1570,1942,0,518,1402,246
1728464421141348000,1881,1665,4,763,1317,100
1728464421142190000,2324,1365,0,967,1173,0
1728464421143032000,2435,1015,181,1151,989,0
1728464421143874000,2511,689,434,1319,804,0
1728464421144716000,2511,404,729,1459,629,52
1728464421145559000,2437,167,1100,1561,469,210
1728464421146401000,2307,10,1406,1638,299,480
1728464421147243000,1856,4,1733,1637,154,658
1728464421148085000,1583,5,2035,1580,41,832
1728464421148927000,1328,11,2463,1426,0,960
1728464421149769000,997,194,2577,1224,0,1181
1728464421150611000,645,434,2648,999,0,1361
1728464421151454000,352,731,2652,791,94,1559
1728464421152297000,139,1062,2585,595,247,1654
1728464421153139000,0,1393,2461,421,423,1701
1728464421153942000,0,1688,2013,241,605,1687
1728464421154785000,0,1978,1698,118,798,1600
1728464421155627000,34,2480,1336,10,967,1423
1728464421156469000,207,2752,992,4,1096,1205
1728464421157311000,448,2903,679,0,1248,985
1728464421158153000,746,2887,363,32,1353,783
1728464421158996000,1027,2665,107,250,1400,584
1728464421159839000,1316,2337,0,440,1431,397
1728464421160681000,1625,1871,42,656,1381,189
1728464421161523000,1954,1574,0,826,1283,69
1728464421162365000,2361,1264,42,1014,1124,0
1728464421163207000,2468,935,245,1200,945,0
1728464421164049000,2518,610,504,1360,757,0
1728464421164892000,2504,335,823,1496,583,74
1728464421165735000,2411,116,1223,1587,423,256
1728464421166577000,2255,11,1562,1637,249,457
1728464421167424000,1789,10,1813,1633,121,740
1728464421168266000,1499,0,2116,1543,21,922
1728464421169108000,1186,33,2465,1386,4,1157
1728464421169950000,862,237,2589,1180,21,1360
1728464421170792000,546,491,2595,939,10,1550
1728464421171634000,290,815,2648,738,126,1581
1728464421172477000,76,1144,2560,554,296,1678
1728464421173319000,0,1467,2329,373,474,1697
1728464421174161000,0,1764,1930,216,658,1670
1728464421175003000,0,2021,1612,84,842,1551
1728464421175845000,64,2568,1264,1,1002,1353
1728464421176687000,271,2816,890,0,1158,1152
1728464421177528000,532,2928,577,0,1282,939
1728464421178370000,832,2807,295,68,1415,691
1728464421179212000,1145,2567,64,258,1479,513
1728464421180055000,1496,2158,16,432,1354,299
1728464421180910000,1767,1794,0,666,1337,167
1728464421181752000,2025,1509,0,877,1249,37
1728464421182594000,2392,1187,89,1064,1080,0
1728464421183435000,2493,846,309,1246,897,0
1728464421184277000,2517,546,588,1388,706,11
1728464421185120000,2482,274,914,1511,544,121
1728464421185963000,2360,71,1257,1655,366,308
1728464421186805000,1992,10,1603,1672,213,525
1728464421187648000,1704,1,1914,1606,91,740
1728464421188490000,1394,5,2156,1487,0,943
1728464421189331000,1052,86,2548,1311,0,1161
1728464421190173000,737,320,2652,1093,0,1367
1728464421191015000,474,591,2670,896,36,1498
1728464421191858000,225,901,2625,685,165,1617
1728464421192700000,37,1233,2528,500,341,1684
1728464421193543000,0,1535,2125,327,528,1693
1728464421194387000,0,1830,1847,170,706,1635
1728464421195229000,0,2077,1531,64,877,1498
1728464421196071000,94,2632,1154,0,1048,1315
1728464421196913000,340,2864,809,0,1193,1097
1728464421197755000,609,2926,501,0,1312,874
1728464421198597000,946,2787,194,101,1372,586
1728464421199440000,1217,2611,27,305,1447,417
1728464421200282000,1520,2119,0,521,1431,242
1728464421201124000,1840,1736,0,711,1344,122
1728464421201966000,2112,1439,1,931,1201,23
1728464421202808000,2424,1088,136,1112,1031,0
1728464421203650000,2503,762,376,1285,839,0
1728464421204492000,2512,458,676,1428,661,25
1728464421205335000,2455,203,1004,1541,462,162
1728464421206177000,2341,21,1356,1621,309,349
1728464421207019000,1938,2,1691,1648,168,586
1728464421207873000,1695,1,2001,1604,55,793
1728464421208715000,1417,0,2510,1487,0,996
1728464421209557000,1106,138,2624,1284,0,1199
1728464421210399000,767,383,2630,1074,0,1391
1728464421211242000,417,672,2662,834,77,1538
1728464421212085000,173,988,2608,640,205,1637
1728464421212927000,0,1316,2497,455,394,1696
1728464421213769000,0,1632,2056,279,577,1699
1728464421214611000,0,1912,1757,142,765,1609
1728464421215453000,0,2397,1421,23,919,1465
1728464421216295000,159,2719,1072,0,1088,1258
1728464421217137000,380,2906,724,0,1240,1054
1728464421217979000,684,2915,407,0,1340,813
1728464421218821000,994,2755,245,152,1434,611
1728464421219664000,1315,2431,41,343,1419,420
1728464421220506000,1615,1916,0,551,1377,303
1728464421221361000,1903,1648,0,784,1304,90
1728464421222203000,2329,1332,10,965,1148,0
1728464421223045000,2450,993,202,1166,978,0
1728464421223887000,2520,666,455,1331,792,0
1728464421224729000,2503,385,766,1458,603,65
1728464421225572000,2424,252,1095,1570,448,200
1728464421226414000,2301,33,1432,1634,284,409
1728464421227257000,1848,41,1782,1644,178,626
1728464421228099000,1563,0,2071,1572,81,858
1728464421228941000,1228,0,2509,1415,40,1053
1728464421229783000,898,137,2605,1220,58,1241
1728464421230625000,624,426,2656,998,46,1420
1728464421231468000,350,764,2656,776,97,1570
1728464421232310000,119,1081,2580,582,258,1660
1728464421233152000,0,1416,2446,397,434,1710
1728464421233994000,0,1711,1976,237,634,1677
1728464421234839000,0,1984,1661,114,812,1581
1728464421235681000,2,2483,1323,5,946,1410
1728464421236523000,206,2776,972,0,1120,1216
1728464421237365000,474,2918,625,0,1275,981
1728464421238207000,714,2883,361,79,1347,741
1728464421239050000,1066,2659,89,151,1411,548
1728464421239892000,1394,2342,21,382,1426,382
1728464421240735000,1710,1850,1,628,1394,186
1728464421241577000,1968,1563,0,839,1269,68
1728464421242419000,2368,1250,64,1025,1111,0
1728464421243261000,2476,909,251,1218,933,4
1728464421244103000,2531,589,523,1376,749,0
1728464421244946000,2488,320,872,1504,568,180
1728464421245789000,2401,110,1167,1600,405,301
1728464421246631000,2179,6,1523,1646,244,458
1728464421247474000,1777,0,1845,1633,113,682
1728464421248322000,1460,107,2129,1536,10,860
1728464421249164000,1145,165,2524,1375,0,1065
1728464421250006000,817,361,2624,1173,2,1285
1728464421250848000,537,536,2672,935,13,1476
1728464421251691000,282,842,2635,716,142,1600
1728464421252533000,65,1179,2557,533,301,1678
1728464421253375000,0,1483,2252,365,488,1696
1728464421254217000,0,1787,1910,200,668,1656
1728464421255059000,0,2044,1585,78,839,1541
1728464421255901000,71,2581,1241,0,988,1354
1728464421256743000,287,2824,893,0,1157,1144
1728464421257585000,541,2920,562,0,1291,921
1728464421258427000,946,2830,312,78,1356,699
1728464421259270000,1229,2566,52,314,1404,496
1728464421260112000,1394,2063,5,516,1407,352
1728464421260954000,1783,1783,2,688,1357,141
1728464421261805000,2021,1487,0,893,1234,38
1728464421262647000,2403,1164,97,1072,1071,5
1728464421263489000,2496,825,328,1263,885,0
1728464421264331000,2521,501,602,1415,698,0
1728464421265174000,2471,260,935,1509,521,136
1728464421266016000,2356,64,1276,1605,362,320
1728464421266858000,1959,8,1646,1646,206,537
1728464421267700000,1695,5,1984,1625,81,744
1728464421268542000,1394,37,2210,1504,13,962
1728464421269384000,1068,144,2580,1301,0,1189
1728464421270226000,749,329,2541,1097,0,1445
1728464421271068000,464,608,2670,884,47,1507
1728464421271910000,219,925,2633,675,182,1617
1728464421272753000,26,1259,2520,494,354,1699
1728464421273595000,0,1560,2122,314,530,1696
1728464421274437000,0,1852,1831,177,719,1636
1728464421275287000,0,2112,1509,57,888,1491
1728464421276129000,122,2657,1138,0,1049,1287
1728464421276971000,344,2869,802,0,1209,1084
1728464421277813000,626,2960,471,0,1389,855
1728464421278656000,910,2727,206,117,1456,638
1728464421279498000,1281,2480,14,301,1353,434
1728464421280340000,1562,1978,9,513,1390,251
1728464421281182000,1856,1701,0,738,1328,113
1728464421282024000,2287,1411,0,939,1186,9
1728464421282866000,2426,1078,153,1120,1018,0
1728464421283708000,2506,746,389,1298,833,0
1728464421284550000,2511,449,696,1472,637,27
1728464421285393000,2439,197,1020,1583,482,184
1728464421286236000,2329,31,1368,1614,320,374
1728464421287078000,1884,5,1716,1651,165,590
1728464421287921000,1603,34,2031,1570,57,832
1728464421288789000,1297,45,2485,1444,0,1025
1728464421289630000,975,194,2606,1251,1,1232
1728464421290472000,670,398,2664,1035,0,1409
1728464421291314000,388,690,2669,823,73,1543
1728464421292157000,161,1018,2592,625,233,1655
1728464421292999000,0,1347,2488,442,412,1690
1728464421293841000,0,1638,2042,282,591,1688
1728464421294683000,0,1925,1732,130,769,1600
1728464421295525000,0,2420,1388,25,941,1418
1728464421296367000,193,2736,1029,0,1110,1241
1728464421297209000,418,2906,692,0,1231,1008
1728464421298051000,693,2895,397,26,1335,745
1728464421298894000,1041,2783,134,193,1415,551
1728464421299736000,1381,2429,0,343,1501,367
1728464421300578000,1649,1920,0,565,1405,224
1728464421301420000,1919,1639,4,793,1294,82
1728464421302263000,2349,1312,25,992,1144,0
1728464421303105000,2451,984,218,1166,954,0
1728464421303947000,2509,671,478,1333,775,0
1728464421304790000,2544,362,779,1472,585,66
1728464421305633000,2465,148,1130,1572,425,219
1728464421306475000,2316,0,1472,1639,267,430
1728464421307317000,1819,9,1806,1679,122,645
1728464421308159000,1437,4,2102,1621,20,917
1728464421309001000,1144,14,2520,1459,0,1102
1728464421309843000,847,215,2641,1249,0,1283
1728464421310685000,589,466,2675,985,0,1450
1728464421311528000,330,777,2656,762,109,1579
1728464421312371000,104,1093,2575,577,274,1664
1728464421313213000,0,1427,2436,401,449,1697
1728464421314055000,0,1729,1959,232,641,1672
1728464421314897000,0,1991,1644,103,825,1572
1728464421315748000,45,2515,1304,0,982,1392
1728464421316590000,232,2787,943,0,1150,1192
1728464421317432000,476,2937,602,0,1271,997
1728464421318274000,767,2847,266,42,1357,822
1728464421319117000,1156,2674,66,202,1438,484
1728464421319959000,1473,2289,0,420,1421,274
1728464421320801000,1722,1847,1,634,1376,178
1728464421321643000,1984,1545,2,841,1242,57
1728464421322485000,2374,1231,74,1038,1092,0
1728464421323327000,2476,882,276,1218,915,0
1728464421324169000,2528,584,553,1376,726,0
1728464421325011000,2483,283,876,1502,594,97
1728464421325854000,2391,82,1216,1600,405,279
1728464421326696000,2102,0,1565,1648,217,476
1728464421327539000,1844,5,1885,1629,82,719
1728464421328381000,1572,0,2213,1548,0,916
1728464421329242000,1248,64,2576,1369,0,1111
1728464421330084000,851,277,2648,1145,0,1323
1728464421330926000,514,561,2668,924,26,1484
1728464421331769000,270,870,2632,704,162,1603
1728464421332611000,52,1193,2540,522,320,1673
1728464421333454000,0,1501,2195,357,501,1696
1728464421334296000,0,1824,1884,192,680,1668
1728464421335138000,0,2047,1565,65,869,1526
1728464421335980000,82,2608,1201,0,1021,1345
1728464421336822000,305,2851,864,0,1176,1130
1728464421337664000,543,2913,601,0,1309,919
1728464421338506000,885,2829,330,73,1417,711
1728464421339349000,1186,2576,89,265,1414,578
1728464421340191000,1507,2046,2,474,1432,290
1728464421341034000,1798,1763,2,698,1354,129
1728464421341876000,2026,1459,0,908,1218,37
1728464421342712000,2413,1133,121,1081,1047,5
1728464421343554000,2496,798,347,1272,872,0
1728464421344396000,2520,493,612,1414,689,0
1728464421345239000,2463,314,946,1529,500,130
1728464421346082000,2362,69,1298,1620,405,330
1728464421346924000,1947,0,1646,1660,210,540
1728464421347766000,1672,0,1947,1629,145,762
1728464421348608000,1394,0,2190,1510,47,975
1728464421349450000,1067,90,2572,1315,21,1167
1728464421350292000,728,346,2660,1092,0,1372
1728464421351135000,455,632,2668,857,55,1527
1728464421351978000,196,952,2619,658,192,1633
1728464421352821000,18,1288,2524,463,362,1695
1728464421353663000,0,1600,2099,305,549,1696
1728464421354505000,0,1865,1805,162,741,1629
1728464421355347000,0,2283,1484,39,892,1485
1728464421356198000,122,2687,1130,0,1063,1297
1728464421357040000,361,2903,762,0,1211,1073
1728464421357882000,625,2907,448,0,1315,864
1728464421358725000,933,2787,202,110,1381,624
1728464421359567000,1262,2475,23,306,1426,421
1728464421360409000,1575,1969,4,539,1410,245
1728464421361251000,1875,1684,1,753,1319,109
1728464421362093000,2309,1380,0,952,1177,0
1728464421362935000,2440,1037,174,1143,1003,0
1728464421363777000,2510,709,415,1320,815,0
1728464421364619000,2503,416,696,1450,641,89
1728464421365462000,2448,183,1031,1555,469,189
1728464421366304000,2318,21,1390,1632,309,370
1728464421367147000,1888,45,1724,1655,164,594
1728464421367989000,1626,53,2016,1578,107,798
1728464421368831000,1322,18,2467,1431,70,1011
1728464421369683000,975,103,2595,1244,49,1231
1728464421370525000,650,412,2660,1029,0,1407
1728464421371368000,376,711,2661,808,86,1550
1728464421372210000,144,1039,2595,612,245,1648
1728464421373053000,0,1371,2472,430,414,1703
1728464421373895000,0,1664,2026,260,599,1680
1728464421374737000,0,1927,1735,141,766,1600
1728464421375579000,0,2447,1378,21,949,1442
1728464421376421000,175,2758,1023,0,1108,1241
1728464421377263000,381,2905,686,34,1248,1034
1728464421378105000,673,2884,405,68,1326,767
1728464421378948000,1008,2694,137,137,1404,578
1728464421379790000,1369,2387,0,363,1443,394
1728464421380633000,1675,1906,4,589,1399,199
1728464421381475000,1934,1614,0,805,1291,76
1728464421382317000,2355,1302,26,1002,1130,0
1728464421383166000,2462,974,224,1184,960,9
1728464421384008000,2526,638,533,1344,778,0
1728464421384851000,2503,367,833,1476,581,73
1728464421385694000,2418,128,1120,1592,434,293
1728464421386536000,2285,0,1478,1648,258,460
1728464421387379000,1842,2,1791,1643,109,602
1728464421388221000,1495,121,2098,1573,32,844
1728464421389063000,1181,149,2518,1421,11,1035
1728464421389905000,884,231,2624,1199,0,1289
1728464421390747000,576,489,2672,965,0,1463
1728464421391590000,304,792,2660,754,121,1582
1728464421392433000,94,1128,2574,560,281,1675
1728464421393275000,0,1452,2393,388,467,1709
1728464421394117000,0,1734,1936,225,638,1658
1728464421394959000,0,2006,1632,101,814,1554
1728464421395801000,48,2535,1288,5,984,1388
1728464421399360000,256,2819,916,0,1154,1170
1728464421400202000,589,2927,631,5,1253,927
1728464421401044000,872,2842,312,66,1344,722
1728464421401887000,1060,2618,87,285,1404,570
1728464421402730000,1465,2240,4,430,1439,325
1728464421403572000,1744,1829,2,653,1365,170
1728464421404414000,1998,1528,11,864,1248,50
1728464421405256000,2386,1219,78,1053,1091,2
1728464421406098000,2499,871,293,1239,909,0
1728464421406940000,2511,565,584,1387,714,0
1728464421407783000,2481,295,945,1501,537,122
1728464421408626000,2377,84,1277,1607,382,296
1728464421409469000,2068,10,1576,1651,215,549
1728464421410311000,1716,1,1856,1609,110,794
1728464421411153000,1442,10,2134,1508,28,990
1728464421411995000,1175,105,2532,1351,1,1060
1728464421412837000,791,288,2639,1139,0,1335
1728464421413679000,501,576,2667,906,36,1504
1728464421414521000,248,881,2627,697,164,1607
1728464421415363000,46,1204,2529,518,332,1688
1728464421416205000,0,1520,2151,345,507,1695
1728464421417047000,0,1827,1865,192,705,1644
1728464421417889000,0,2044,1541,58,877,1521
1728464421418731000,85,2627,1178,0,1035,1327
1728464421419573000,293,2823,821,0,1224,1107
1728464421420415000,569,2895,489,0,1358,874
1728464421421258000,906,2798,250,105,1301,661
1728464421422100000,1238,2534,42,279,1411,478
1728464421422942000,1533,2019,5,498,1416,277
1728464421423784000,1820,1746,4,716,1350,132
1728464421424626000,2060,1453,0,917,1204,26
1728464421425468000,2423,1111,136,1104,1050,0
1728464421426315000,2500,773,366,1295,856,0
1728464421427157000,2489,476,661,1459,661,27
1728464421428000000,2445,230,992,1567,496,167
1728464421428843000,2355,41,1337,1617,343,349
1728464421429685000,1912,18,1682,1642,173,581
1728464421430527000,1642,57,2003,1582,67,782
1728464421431369000,1337,57,2308,1461,0,994
1728464421432210000,1037,148,2583,1297,0,1193
1728464421433052000,718,362,2650,1082,0,1379
1728464421433894000,436,661,2672,846,58,1527
1728464421434737000,192,981,2608,645,206,1640
1728464421435580000,2,1312,2506,466,368,1692
1728464421436422000,0,1604,2059,296,577,1698
1728464421437264000,0,1900,1764,146,753,1619
1728464421438106000,0,2370,1440,41,914,1472
1728464421438948000,147,2712,1080,0,1080,1284
1728464421439806000,427,2930,693,0,1236,962
1728464421440648000,692,2927,393,0,1315,757
1728464421441491000,975,2840,149,160,1403,576
1728464421442334000,1311,2447,9,337,1428,416
1728464421443176000,1603,1942,8,553,1410,237
1728464421444018000,1887,1668,0,763,1309,100
1728464421444860000,2322,1359,5,968,1168,0
1728464421445701000,2444,1018,175,1157,992,0
1728464421446543000,2515,672,429,1318,833,0
1728464421447385000,2508,389,733,1462,612,52
1728464421448228000,2503,165,1071,1562,449,205
1728464421449070000,2371,0,1417,1640,282,386
1728464421449912000,1961,0,1791,1663,132,617
1728464421450754000,1656,0,2040,1608,32,860
1728464421451596000,1250,2,2472,1507,0,1066
1728464421452438000,943,189,2606,1242,0,1248
1728464421453283000,641,444,2663,1013,0,1424
1728464421454126000,360,739,2655,788,98,1558
1728464421454969000,139,1064,2584,594,250,1659
1728464421455811000,0,1400,2474,418,416,1698
1728464421456653000,0,1696,2016,249,618,1682
1728464421457495000,0,1984,1696,116,794,1586
1728464421458337000,20,2471,1363,18,960,1424
1728464421459179000,192,2782,995,0,1122,1226
1728464421460021000,432,2887,749,0,1276,1008
1728464421460863000,747,2880,430,28,1394,790
1728464421461705000,1079,2698,170,185,1411,651
1728464421462548000,1392,2341,9,397,1435,362
1728464421463390000,1685,1876,16,610,1383,197
1728464421464232000,1949,1596,4,832,1281,77
1728464421465074000,2366,1272,42,1013,1135,0
1728464421465916000,2463,931,242,1209,941,0
1728464421466760000,2514,644,505,1364,754,0
1728464421467602000,2496,402,804,1488,583,82
1728464421468445000,2407,149,1155,1588,455,236
1728464421469287000,2267,0,1504,1642,314,451
1728464421470130000,1787,0,1820,1660,162,660
1728464421470972000,1522,0,2104,1559,0,894
1728464421471814000,1183,32,2521,1380,0,1097
1728464421472656000,864,253,2627,1186,0,1295
1728464421473498000,548,505,2679,960,9,1465
1728464421474341000,298,813,2645,736,132,1587
1728464421475183000,79,1146,2561,554,292,1678
1728464421476026000,0,1442,2318,374,477,1707
1728464421476868000,0,1757,1924,220,657,1664
1728464421477710000,0,2016,1607,99,839,1544
1728464421478552000,56,2554,1273,0,992,1391
1728464421479394000,202,2815,933,13,1151,1153
1728464421480245000,477,2912,580,0,1280,928
1728464421481087000,799,2862,277,33,1367,722
1728464421481930000,1159,2609,73,237,1428,514
1728464421482772000,1472,2160,18,437,1421,320
1728464421483615000,1756,1809,2,669,1360,160
1728464421484457000,2016,1507,0,872,1248,42
1728464421485299000,2391,1193,82,1061,1069,0
1728464421486141000,2480,847,373,1237,896,0
1728464421486983000,2514,540,622,1392,700,50
1728464421487826000,2479,282,898,1515,543,161
1728464421488669000,2377,74,1232,1615,381,287
1728464421489511000,2040,23,1592,1648,205,437
1728464421490353000,1709,6,1889,1631,89,677
1728464421491195000,1407,91,2169,1543,23,907
1728464421492037000,1097,104,2561,1348,0,1149
1728464421492879000,775,306,2648,1122,0,1349
1728464421493732000,485,595,2672,897,33,1508
1728464421494575000,244,896,2633,693,184,1614
1728464421495418000,37,1235,2531,498,330,1698
1728464421496261000,0,1529,2123,329,517,1697
1728464421497103000,0,1822,1847,165,697,1633
1728464421497945000,0,2073,1527,66,875,1495
1728464421498787000,114,2650,1168,0,1039,1322
1728464421499629000,411,2840,851,0,1160,1102
1728464421500471000,660,2910,514,0,1290,861
1728464421501314000,818,2784,224,168,1378,694
1728464421502157000,1250,2522,30,286,1440,452
1728464421502999000,1554,2008,0,509,1419,274
1728464421503842000,1838,1731,5,728,1336,117
1728464421504684000,2091,1427,1,933,1194,18
1728464421505526000,2426,1093,133,1107,1036,0
1728464421506368000,2494,773,379,1282,840,0
1728464421507227000,2513,455,738,1431,661,26
1728464421508070000,2457,234,1082,1551,480,164
1728464421508912000,2337,29,1386,1624,329,395
1728464421509754000,1902,13,1615,1648,154,672
1728464421510596000,1637,0,1941,1592,98,853
1728464421511438000,1321,0,2413,1484,0,1049
1728464421512280000,1015,148,2599,1279,0,1208
1728464421513122000,693,392,2658,1059,0,1394
1728464421513964000,418,669,2659,832,82,1538
1728464421514806000,174,992,2608,648,217,1638
1728464421515649000,0,1317,2497,458,392,1695
1728464421516491000,0,1632,2047,282,576,1685
1728464421517333000,0,1891,1763,146,764,1619
1728464421518175000,0,2379,1416,37,932,1462
1728464421519017000,157,2690,1056,0,1122,1242
1728464421519859000,383,2859,706,8,1282,1028
1728464421520709000,704,2872,414,29,1372,801
1728464421521552000,996,2727,164,154,1396,584
1728464421522395000,1336,2424,0,348,1447,409
1728464421523237000,1631,1935,2,565,1408,221
1728464421524079000,1904,1639,0,783,1300,89
1728464421524921000,2335,1333,9,975,1149,0
1728464421525763000,2420,998,197,1200,975,0
1728464421526605000,2499,674,450,1373,791,0
1728464421527447000,2499,389,761,1491,597,55
1728464421528290000,2428,153,1100,1571,448,213
1728464421529132000,2295,36,1486,1620,274,440
1728464421529974000,1817,37,1783,1621,144,633
1728464421530816000,1545,0,2188,1547,42,873
1728464421531658000,1247,25,2512,1425,0,1053
1728464421532500000,928,205,2606,1223,0,1258
1728464421533342000,619,461,2656,989,2,1436
1728464421534187000,345,766,2657,778,106,1561
1728464421535030000,114,1088,2584,585,258,1660
1728464421535872000,0,1426,2451,402,438,1700
1728464421536714000,1,1709,1964,238,640,1676
1728464421537556000,0,1984,1661,106,805,1559
1728464421538398000,24,2511,1332,5,969,1411
1728464421539240000,224,2781,927,0,1122,1141
1728464421540082000,471,3004,608,17,1286,927
1728464421540924000,785,2941,343,74,1352,725
1728464421541767000,1088,2666,122,196,1416,568
1728464421542610000,1412,2303,10,405,1433,348
1728464421543453000,1704,1858,5,622,1379,189
1728464421544295000,1967,1573,0,839,1273,64
1728464421545137000,2368,1239,43,1032,1111,0
1728464421545979000,2536,898,258,1218,914,0
1728464421546821000,2552,578,526,1370,736,0
1728464421547679000,2460,322,843,1542,558,98
1728464421548522000,2392,98,1185,1615,406,269
1728464421549364000,2202,4,1537,1609,244,462
1728464421550206000,1732,4,1856,1580,99,696
1728464421551048000,1460,1,2128,1505,17,952
1728464421551890000,1159,68,2529,1368,0,1113
1728464421552732000,846,270,2630,1166,0,1304
1728464421553574000,542,530,2666,942,21,1472
1728464421554417000,281,847,2640,713,133,1593
1728464421555259000,58,1181,2558,538,299,1690
1728464421556101000,0,1492,2255,356,494,1699
1728464421556943000,0,1790,1905,207,669,1647
1728464421557785000,0,2027,1583,74,851,1540
1728464421558627000,59,2600,1202,0,1008,1384
1728464421559469000,305,2880,832,0,1185,1189
1728464421560311000,599,2936,526,0,1296,841
1728464421561153000,853,2833,266,70,1380,658
1728464421561995000,1179,2599,66,253,1435,510
1728464421562838000,1499,2082,14,467,1418,301
1728464421563680000,1783,1781,0,686,1361,148
1728464421564523000,2021,1492,0,887,1225,37
1728464421565365000,2402,1158,107,1075,1070,0
1728464421566207000,2483,799,314,1264,879,0
1728464421567049000,2519,498,604,1405,671,0
1728464421567892000,2540,250,928,1531,522,133
1728464421568735000,2440,47,1300,1614,338,303
1728464421569577000,2016,0,1615,1736,181,538
1728464421570419000,1592,0,1928,1670,71,806
1728464421571261000,1383,2,2181,1512,0,965
1728464421572103000,1080,105,2557,1322,0,1157
1728464421572945000,754,330,2648,1105,0,1359
1728464421573787000,463,610,2668,880,50,1502
1728464421574638000,217,929,2617,674,185,1632
1728464421575480000,25,1267,2529,484,362,1689
1728464421576322000,0,1559,2115,322,542,1691
1728464421577164000,0,1836,1839,173,725,1630
1728464421578006000,0,2125,1511,48,897,1513
1728464421578848000,101,2695,1195,0,1084,1303
1728464421579690000,322,2880,697,0,1194,1162
1728464421580532000,618,2892,414,0,1319,933
1728464421581375000,947,2802,212,122,1396,646
1728464421582218000,1257,2502,18,303,1431,450
1728464421583060000,1565,1985,5,509,1411,264
1728464421583903000,1847,1712,5,741,1329,114
1728464421584745000,2277,1407,0,939,1201,4
1728464421585586000,2427,1112,145,1122,1074,0
1728464421586428000,2496,717,395,1292,873,0
1728464421587270000,2503,428,690,1437,676,32
1728464421588124000,2453,189,1021,1561,473,165
1728464421588966000,2320,0,1368,1632,265,363
1728464421589809000,1988,0,1772,1656,136,576
1728464421590652000,1682,0,2044,1599,41,818
1728464421591494000,1315,0,2471,1472,0,1014
1728464421592336000,983,169,2589,1266,0,1211
1728464421593178000,679,397,2658,1046,0,1402
1728464421594021000,398,688,2656,824,74,1539
1728464421594863000,165,1005,2601,627,233,1649
1728464421595705000,0,1347,2480,430,397,1706
1728464421596547000,0,1650,2039,269,591,1684
1728464421597389000,0,1939,1731,141,770,1609
1728464421598231000,0,2428,1401,18,930,1453
1728464421599073000,138,2752,1039,0,1099,1236
1728464421599915000,395,2898,757,0,1250,1010
1728464421600757000,689,2887,468,16,1375,807
1728464421601608000,1035,2727,138,161,1425,588
1728464421602450000,1355,2402,0,363,1429,386
1728464421603292000,1637,1916,20,578,1392,212
1728464421604134000,1917,1636,5,791,1291,92
1728464421604976000,2352,1323,26,988,1157,0
1728464421605818000,2459,975,194,1179,966,21
1728464421606660000,2516,658,473,1328,770,0
1728464421607502000,2496,401,785,1472,596,64
1728464421608344000,2427,206,1112,1582,452,197
1728464421609186000,2325,52,1456,1656,272,395
1728464421610028000,1845,0,1796,1633,213,637
1728464421610870000,1540,0,2096,1563,90,869
1728464421611712000,1216,33,2509,1415,0,1065
1728464421612554000,901,221,2611,1201,0,1274
1728464421613396000,605,480,2675,983,0,1444
1728464421614239000,322,784,2655,772,114,1568
1728464421615129000,101,1098,2576,576,261,1661
1728464421615971000,0,1423,2436,401,450,1694
1728464421616813000,0,1708,1962,241,638,1664
1728464421617655000,0,1973,1652,112,802,1551
1728464421618497000,82,2499,1308,75,960,1411
1728464421619339000,149,2784,928,43,1135,1230
1728464421620181000,410,2925,615,37,1271,996
1728464421621023000,785,2866,320,69,1368,741
1728464421621866000,1103,2639,94,216,1416,533
1728464421622708000,1433,2279,14,418,1433,338
1728464421623550000,1728,1848,0,632,1374,181
1728464421624392000,1984,1551,3,846,1259,50
1728464421625234000,2375,1227,167,1039,1098,0
1728464421626076000,2475,891,345,1210,911,0
1728464421626918000,2509,578,607,1372,721,0
1728464421627760000,2488,307,911,1498,562,97
1728464421628575000,2389,90,1140,1601,402,345
1728464421629418000,2122,18,1514,1646,257,538
1728464421630260000,1822,32,1856,1632,85,638
1728464421631102000,1463,0,2153,1534,18,925
1728464421631944000,1139,77,2540,1363,0,1124
1728464421632786000,824,286,2639,1146,0,1323
1728464421633628000,522,558,2658,923,32,1492
1728464421634471000,269,864,2636,709,148,1600
1728464421635313000,64,1192,2555,538,314,1674
1728464421636155000,0,1486,2205,353,506,1703
1728464421636997000,0,1818,1880,197,696,1650
1728464421637839000,0,2040,1563,77,871,1544
1728464421638681000,92,2582,1202,0,952,1352
1728464421639523000,299,2829,866,0,1120,1129
1728464421640365000,610,2922,527,0,1259,903
1728464421641207000,885,2831,263,86,1382,681
1728464421642954000,1200,2554,52,263,1431,488
1728464421643796000,1509,2041,5,480,1421,286
1728464421644638000,1795,1761,2,701,1352,138
1728464421645480000,2023,1464,0,900,1223,33
1728464421646322000,2396,1131,114,1109,1041,0
1728464421647164000,2480,789,338,1259,865,0
1728464421648006000,2511,490,630,1401,680,12
1728464421648849000,2462,235,957,1524,508,138
1728464421649692000,2359,56,1283,1593,365,327
1728464421650534000,1919,1,1737,1636,197,543
1728464421651376000,1688,9,2034,1607,116,779
1728464421652218000,1374,1,2216,1496,0,984
1728464421653060000,1048,128,2568,1304,0,1166
1728464421653902000,736,343,2637,1088,0,1364
1728464421654744000,449,633,2659,864,53,1509
1728464421655587000,192,947,2626,661,192,1627
1728464421656429000,23,1284,2512,471,356,1691
1728464421657271000,0,1604,2089,298,554,1673
1728464421658113000,0,1880,1792,153,745,1611
1728464421658955000,0,2402,1472,47,894,1446
1728464421659797000,109,2780,1109,26,1072,1248
1728464421660639000,375,2955,760,2,1210,1047
1728464421661482000,649,2975,454,0,1383,832
1728464421662325000,960,2771,194,137,1401,631
1728464421663167000,1288,2463,20,321,1435,427
1728464421664009000,1590,1968,5,546,1415,257
1728464421664851000,1882,1683,1,760,1332,105
1728464421665693000,2336,1376,2,964,1176,9
1728464421666535000,2486,1039,168,1135,995,0
1728464421667377000,2552,719,410,1312,816,0
1728464421668220000,2499,407,705,1503,625,34
1728464421669063000,2391,167,1088,1603,455,210
1728464421669897000,2278,8,1422,1582,306,375
1728464421670739000,1850,13,1710,1600,154,619
1728464421671581000,1600,5,2033,1589,53,811
1728464421672423000,1288,2,2491,1450,0,1034
1728464421673264000,967,178,2599,1252,0,1231
1728464421674106000,660,418,2658,1030,0,1404
1728464421674948000,373,704,2653,809,85,1552
1728464421675791000,138,1041,2595,605,235,1649
1728464421676633000,0,1368,2479,441,420,1702
1728464421677475000,0,1664,2026,255,602,1683
1728464421678317000,0,1955,1720,121,779,1600
1728464421679159000,0,2465,1421,6,932,1521
1728464421680001000,173,2766,950,0,1088,1334
1728464421680843000,432,2884,621,0,1253,1082
1728464421681685000,722,2905,378,21,1349,785
1728464421682528000,1052,2708,142,170,1416,576
1728464421683385000,1378,2376,0,378,1438,384
1728464421684227000,1669,1900,5,589,1394,209
1728464421685069000,1935,1615,2,811,1292,79
1728464421685911000,2346,1347,25,1000,1134,0
1728464421686753000,2462,1038,218,1178,952,0
1728464421687595000,2511,677,489,1345,777,0
1728464421688437000,2499,343,784,1479,623,66
1728464421689280000,2426,87,1144,1608,474,218
1728464421690123000,2297,0,1477,1671,298,441
1728464421690965000,1833,0,1796,1617,66,652
1728464421691807000,1517,0,2114,1561,27,885
1728464421692649000,1208,50,2520,1396,0,1088
1728464421693491000,886,241,2622,1200,0,1284
1728464421694333000,577,485,2675,971,13,1452
1728464421695176000,314,792,2656,754,117,1587
1728464421696018000,90,1126,2576,565,285,1669
1728464421696926000,0,1443,2380,397,468,1703
1728464421697768000,0,1735,1948,238,648,1670
1728464421698610000,0,2008,1630,107,832,1570
1728464421699452000,0,2536,1263,0,988,1378
1728464421700294000,194,2803,901,0,1152,1175
1728464421701136000,485,2918,585,0,1287,960
1728464421701978000,809,2864,304,58,1365,732
1728464421702820000,1128,2626,92,222,1420,526
1728464421703663000,1449,2241,2,425,1432,337
1728464421704505000,1742,1827,1,653,1379,158
1728464421705347000,1999,1524,0,871,1251,46
1728464421706189000,2383,1216,114,1034,1080,57
1728464421707031000,2478,882,282,1228,901,70
1728464421707873000,2522,546,555,1391,726,34
1728464421708715000,2483,294,848,1514,535,150
1728464421709558000,2441,92,1193,1603,393,192
1728464421710346000,2068,13,1559,1649,201,437
1728464421711188000,1729,25,1903,1632,89,719
1728464421712030000,1436,0,2159,1522,13,939
1728464421712872000,1127,89,2557,1348,0,1133
1728464421713714000,798,306,2639,1139,0,1336
1728464421714556000,509,568,2662,912,46,1487
1728464421715399000,258,868,2629,711,158,1606
1728464421716241000,47,1169,2524,524,330,1680
1728464421717083000,0,1520,2154,334,511,1694
1728464421717925000,0,1804,1863,192,692,1649
1728464421718767000,0,2047,1541,53,807,1516
1728464421719609000,101,2601,1180,0,956,1317
1728464421720451000,345,2831,839,0,1149,1094
1728464421721293000,602,2928,501,0,1316,887
1728464421722135000,890,2820,238,91,1392,661
1728464421722978000,1220,2544,36,274,1435,474
1728464421723830000,1528,2013,5,489,1412,274
1728464421724673000,1809,1740,0,714,1344,125
1728464421725515000,2048,1444,0,898,1203,21
1728464421726356000,2401,1120,128,1092,1037,0
1728464421727198000,2488,770,357,1265,847,0
1728464421728040000,2511,469,651,1418,664,10
1728464421728883000,2456,280,1010,1515,505,151
1728464421729725000,2347,54,1316,1607,344,336
1728464421730567000,1928,0,1779,1643,206,559
1728464421731410000,1657,0,1977,1613,68,774
1728464421732252000,1356,0,2304,1485,0,983
1728464421733094000,1033,145,2577,1292,0,1184
1728464421733936000,718,362,2649,1076,0,1377
1728464421734779000,433,654,2670,852,52,1518
1728464421735622000,200,969,2604,649,207,1628
1728464421736464000,10,1308,2496,457,372,1697
1728464421737314000,0,1615,2078,290,568,1688
1728464421738156000,0,1897,1771,151,746,1615
1728464421738998000,0,2467,1434,45,904,1416
1728464421739840000,114,2792,1075,9,1080,1243
1728464421740682000,354,2975,729,11,1237,1015
1728464421741524000,661,2921,434,6,1323,824
1728464421742367000,979,2743,184,144,1401,615
1728464421743209000,1309,2445,8,334,1425,423
1728464421744051000,1605,1948,10,553,1410,242
1728464421744893000,1883,1666,0,772,1314,97
1728464421745735000,2321,1347,8,964,1154,0
1728464421746577000,2445,1017,177,1149,975,2
1728464421747419000,2583,688,427,1311,797,0
1728464421748261000,2546,400,736,1472,618,41
1728464421749104000,2488,176,1082,1571,453,210
1728464421749946000,2220,26,1407,1697,286,429
1728464421750801000,1798,4,1760,1703,154,634
1728464421751643000,1585,2,2052,1588,38,835
1728464421752485000,1270,7,2499,1434,0,1042
1728464421753327000,952,209,2599,1233,0,1253
1728464421754169000,645,440,2660,1008,0,1415
1728464421755012000,357,737,2663,801,90,1550
1728464421755854000,130,1082,2603,591,244,1658
1728464421756696000,0,1405,2465,417,421,1676
1728464421757538000,0,1694,2010,250,610,1686
1728464421758380000,0,1961,1768,107,805,1586
1728464421759222000,21,2503,1395,5,961,1416
1728464421760064000,192,2786,1063,0,1118,1216
1728464421760906000,448,2912,679,0,1259,989
1728464421761748000,744,2890,370,41,1351,765
1728464421762591000,1067,2678,125,192,1411,559
1728464421763433000,1390,2331,0,392,1432,372
1728464421764287000,1681,1881,10,605,1385,205
1728464421765129000,1941,1639,0,825,1276,50
1728464421765971000,2354,1315,30,1016,1126,0
1728464421766813000,2465,992,234,1190,940,0
1728464421767655000,2511,645,501,1361,757,0
1728464421768497000,2530,381,794,1483,576,41
1728464421769340000,2392,46,1146,1582,477,242
1728464421770182000,2261,0,1505,1663,299,453
1728464421771024000,1796,6,1840,1642,110,674
1728464421771866000,1498,2,2123,1550,25,898
1728464421772708000,1187,48,2518,1391,0,1095
1728464421773549000,864,250,2624,1171,0,1295
1728464421774391000,556,512,2671,960,4,1458
1728464421775234000,295,801,2645,738,109,1581
1728464421776077000,82,1147,2560,554,285,1656
1728464421776919000,0,1473,2325,377,477,1705
1728464421777763000,0,1767,1942,221,645,1683
1728464421778605000,0,2032,1660,132,834,1555
1728464421779447000,13,2556,1242,0,1000,1360
1728464421780289000,229,2809,905,0,1144,1133
1728464421781131000,521,2929,576,0,1285,933
1728464421781973000,826,2849,303,65,1365,711
1728464421782816000,1149,2607,85,239,1426,518
1728464421783659000,1475,2160,10,437,1431,322
1728464421784501000,1757,1819,6,666,1365,153
1728464421785343000,2012,1533,34,866,1241,50
1728464421786185000,2395,1194,125,1048,1073,3
1728464421787027000,2496,860,325,1237,901,50
1728464421787869000,2520,540,562,1396,714,34
1728464421788711000,2527,299,865,1512,546,149
1728464421789554000,2397,79,1216,1604,360,242
1728464421790396000,1987,137,1570,1651,218,472
1728464421791291000,1728,2,1919,1625,91,743
1728464421792133000,1417,0,2183,1515,0,953
1728464421792975000,1107,105,2549,1335,0,1149
1728464421793817000,783,309,2639,1121,0,1344
1728464421794659000,488,586,2675,900,31,1507
1728464421795502000,234,894,2639,693,165,1622
1728464421796344000,37,1217,2528,506,343,1688
1728464421797186000,0,1546,2136,331,523,1699
1728464421798028000,0,1817,1857,177,681,1648
1728464421798870000,104,2076,1566,64,840,1510
1728464421799712000,192,2627,1204,0,1018,1306
1728464421800554000,378,2856,808,0,1173,1094
1728464421801396000,606,2929,498,0,1303,869
1728464421802238000,906,2800,232,110,1385,657
1728464421803080000,1245,2520,34,283,1432,462
1728464421803922000,1539,2012,4,501,1415,279
1728464421804747000,1836,1740,0,715,1348,130
1728464421805589000,2096,1438,0,916,1200,16
1728464421806431000,2418,1092,139,1098,1027,0
1728464421807273000,2497,761,377,1280,837,0
1728464421808115000,2512,497,690,1408,661,18
1728464421808957000,2454,218,1108,1532,495,151
1728464421809800000,2353,31,1429,1623,354,370
1728464421810642000,1922,1,1694,1665,178,576
1728464421811484000,1646,5,2006,1592,64,798
1728464421812326000,1329,5,2453,1473,0,1005
1728464421813168000,1019,141,2584,1288,0,1200
1728464421814010000,706,381,2657,1060,0,1396
1728464421814852000,426,662,2647,832,71,1523
1728464421815695000,181,991,2612,631,197,1639
1728464421816537000,0,1326,2498,464,400,1690
1728464421817379000,0,1618,2036,299,578,1683
1728464421818215000,13,1951,1756,138,733,1585
1728464421819057000,0,2269,1421,16,999,1452
1728464421819899000,165,2608,1040,0,1180,1250
1728464421820741000,401,2903,719,0,1231,1040
1728464421821583000,677,2908,415,10,1333,814
1728464421822426000,1000,2752,165,150,1399,599
1728464421823269000,1319,2418,0,352,1432,406
1728464421824111000,1621,1932,1,554,1404,228
1728464421824953000,1954,1643,0,779,1295,83
1728464421825795000,2361,1325,5,973,1147,0
1728464421826636000,2485,997,194,1156,970,0
1728464421827478000,2545,671,449,1377,793,0
1728464421828320000,2418,382,754,1533,607,109
1728464421829163000,2408,164,1120,1607,444,206
1728464421830005000,2282,0,1420,1602,277,405
1728464421830847000,1856,4,1782,1650,138,626
1728464421831698000,1561,0,2065,1569,42,856
1728464421832540000,1254,29,2496,1419,0,1058
1728464421833382000,928,209,2610,1216,0,1256
1728464421834224000,617,450,2661,995,0,1431
1728464421835067000,349,757,2656,773,103,1567
1728464421835910000,122,1088,2586,586,261,1650
1728464421836752000,0,1414,2448,400,437,1702
1728464421837594000,0,1709,1984,239,621,1699
1728464421838436000,0,1958,1600,106,809,1644
1728464421839278000,43,2502,1310,0,969,1472
1728464421840120000,226,2793,936,0,1151,1226
1728464421840962000,469,2920,633,0,1266,984
1728464421841804000,768,2886,345,37,1349,764
1728464421842647000,1088,2657,121,200,1411,554
1728464421843489000,1409,2309,4,405,1429,357
1728464421844331000,1697,1859,10,618,1383,181
1728464421845185000,1972,1545,0,837,1323,67
1728464421846027000,2368,1219,47,1013,1171,0
1728464421846869000,2466,900,253,1216,970,0
1728464421847711000,2528,544,512,1371,783,0
1728464421848554000,2509,312,839,1488,511,89
1728464421849397000,2496,79,1188,1595,378,249
1728464421850239000,2254,0,1535,1653,231,463
1728464421851081000,1780,1,1865,1637,114,697
1728464421851923000,1484,8,2127,1535,26,922
1728464421852765000,1178,70,2540,1370,0,1103
1728464421853607000,841,270,2638,1174,0,1310
1728464421854449000,544,532,2674,936,25,1478
1728464421855292000,274,860,2642,725,141,1592
1728464421856134000,71,1157,2540,539,303,1679
1728464421856977000,0,1500,2279,354,474,1706
1728464421857819000,0,1846,1931,185,672,1666
1728464421858666000,0,2068,1603,69,848,1533
1728464421859508000,57,2568,1374,0,1010,1370
1728464421860350000,270,2842,905,0,1165,1152
1728464421861192000,541,2928,550,0,1289,913
1728464421862034000,847,2831,282,82,1376,701
1728464421862877000,1173,2584,77,249,1420,501
1728464421863719000,1479,2086,18,458,1425,309
1728464421864562000,1780,1788,0,677,1359,136
1728464421865404000,2028,1484,0,889,1228,15
1728464421866246000,2385,1158,93,1072,1061,0
1728464421867088000,2488,824,298,1248,890,0
1728464421867930000,2487,601,581,1428,709,0
1728464421868773000,2500,303,912,1541,532,116
1728464421869615000,2368,0,1266,1600,437,292
1728464421870458000,1970,1,1632,1659,206,528
1728464421871300000,1705,10,1935,1621,82,754
1728464421872161000,1400,0,2179,1508,9,964
1728464421873003000,1077,106,2556,1327,0,1161
1728464421873845000,755,328,2656,1107,0,1355
1728464421874687000,463,602,2671,882,26,1509
1728464421875530000,235,921,2624,671,180,1607
1728464421876373000,9,1241,2519,505,345,1703
1728464421877215000,0,1562,2136,320,532,1714
1728464421878057000,0,1861,1844,202,719,1613
1728464421878899000,0,2088,1484,5,875,1480
1728464421879741000,96,2648,1154,0,1030,1307
1728464421880583000,335,2883,805,0,1203,1088
1728464421881425000,618,2925,474,0,1314,864
1728464421882268000,943,2784,216,121,1386,639
1728464421883111000,1268,2501,21,303,1433,453
1728464421883954000,1567,1991,4,509,1412,263
1728464421884796000,1840,1714,33,733,1324,135
1728464421885639000,2213,1410,0,932,1191,64
1728464421886481000,2427,1077,183,1113,1012,53
1728464421887323000,2502,744,375,1295,835,30
1728464421888165000,2515,443,631,1425,663,74
1728464421889008000,2489,231,999,1546,466,113
1728464421889850000,2316,142,1348,1625,329,335
1728464421890693000,1912,13,1712,1653,162,589
1728464421891535000,1632,0,2016,1602,65,811
1728464421892377000,1319,0,2473,1464,0,1022
1728464421893219000,992,165,2590,1264,0,1212
1728464421894061000,680,392,2659,1047,0,1404
1728464421894904000,393,670,2668,832,78,1541
1728464421895746000,164,1007,2604,635,226,1626
1728464421896588000,2,1344,2496,440,394,1701
1728464421897430000,0,1634,2049,276,543,1687
1728464421898273000,109,1923,1786,153,745,1600
1728464421899121000,85,2404,1436,37,913,1440
1728464421899963000,220,2728,1050,0,1088,1250
1728464421900805000,410,2922,696,0,1246,1034
1728464421901647000,705,2905,402,23,1348,791
1728464421902490000,1026,2717,146,173,1413,591
1728464421903332000,1359,2409,0,357,1431,397
1728464421904175000,1647,1937,2,577,1397,218
1728464421905017000,1902,1656,0,778,1288,89
1728464421905859000,2332,1321,32,973,1140,0
1728464421906701000,2452,992,221,1161,965,0
1728464421907543000,2516,653,562,1325,809,2
1728464421908386000,2498,394,847,1472,610,54
1728464421909228000,2429,133,1043,1566,413,314
1728464421910071000,2296,0,1470,1644,274,424
1728464421910914000,1840,9,1800,1640,132,658
1728464421911756000,1540,2,2092,1563,33,873
1728464421912636000,1233,34,2512,1413,0,1073
1728464421913478000,911,221,2616,1212,0,1272
1728464421914320000,594,475,2658,992,4,1434
1728464421915162000,337,769,2656,765,103,1573
1728464421916005000,101,1095,2567,583,277,1659
1728464421916847000,0,1433,2433,397,449,1701
1728464421917690000,5,1684,1963,224,583,1674
1728464421918532000,110,1954,1646,117,782,1552
1728464421919374000,142,2503,1349,26,941,1396
1728464421920216000,228,2808,946,0,1141,1198
1728464421921058000,496,2936,604,0,1286,970
1728464421921900000,789,2876,333,58,1355,741
1728464421922743000,1109,2639,89,215,1417,539
1728464421923585000,1443,2286,8,416,1432,337
1728464421924427000,1698,1843,2,624,1376,179
1728464421925269000,1967,1556,0,832,1253,64
1728464421926095000,2368,1235,68,1030,1098,0
1728464421926937000,2486,887,266,1216,922,0
1728464421927779000,2510,600,533,1351,725,0
1728464421928622000,2485,293,983,1493,591,121
1728464421929465000,2375,122,1271,1588,397,297
1728464421930307000,2136,17,1566,1656,234,484
1728464421931150000,1760,0,1875,1632,102,705
1728464421931992000,1468,4,2160,1528,9,928
1728464421932834000,1138,79,2545,1361,0,1124
1728464421933676000,826,277,2627,1146,2,1322
1728464421934518000,528,555,2662,920,18,1472
1728464421935361000,266,860,2630,709,158,1600
1728464421936203000,69,1196,2531,528,309,1687
1728464421937045000,0,1486,2214,361,544,1706
1728464421937887000,0,1705,1888,192,754,1643
1728464421938729000,0,1992,1564,89,913,1515
1728464421939576000,87,2590,1199,0,1039,1346
1728464421940418000,301,2853,853,0,1183,1127
1728464421941260000,558,2924,532,0,1300,904
1728464421942102000,872,2820,273,87,1376,691
1728464421942945000,1193,2569,64,267,1426,487
1728464421943788000,1504,2046,5,480,1423,298
1728464421944630000,1768,1760,0,734,1344,134
1728464421945472000,2008,1464,0,958,1218,35
1728464421946314000,2393,1129,111,1097,1047,0
1728464421947156000,2459,794,338,1216,863,0
1728464421947998000,2504,495,608,1376,690,29
1728464421948841000,2447,293,972,1518,514,165
1728464421949683000,2364,47,1300,1623,354,330
1728464421950525000,1951,6,1644,1665,192,543
1728464421951367000,1680,0,1958,1612,77,765
1728464421952209000,1379,0,2193,1493,0,984
1728464421953055000,1063,130,2572,1311,0,1173
1728464421953897000,738,352,2655,1089,0,1371
1728464421954740000,456,634,2670,862,49,1519
1728464421955583000,192,944,2611,652,189,1635
1728464421956425000,26,1287,2511,472,366,1698
1728464421957267000,0,1573,2070,312,526,1626
1728464421958109000,0,1966,1791,192,755,1592
1728464421958952000,17,2330,1472,50,890,1450
1728464421959794000,132,2694,1125,0,1066,1291
1728464421960635000,357,2883,772,1,1216,1075
1728464421961477000,645,2912,464,0,1315,850
1728464421962319000,949,2767,202,133,1397,640
1728464421963162000,1294,2469,18,310,1436,437
1728464421964004000,1586,1951,5,548,1392,250
1728464421964847000,1931,1679,2,752,1315,109
1728464421965689000,2403,1382,0,956,1163,11
1728464421966539000,2499,1035,164,1144,1002,0
1728464421967381000,2574,698,439,1327,791,0
1728464421968223000,2559,420,727,1441,625,22
1728464421969066000,2383,186,1044,1628,455,244
1728464421969908000,2327,11,1394,1640,301,383
1728464421970751000,1888,0,1730,1651,160,606
1728464421971593000,1606,2,2040,1584,56,832
1728464421972434000,1298,18,2476,1452,0,1039
1728464421973276000,974,170,2605,1257,2,1229
1728464421974118000,650,412,2668,1038,0,1417
1728464421974961000,380,718,2672,809,84,1540
1728464421975804000,142,1020,2592,614,238,1655
1728464421976647000,0,1379,2496,430,402,1704
1728464421977489000,0,1677,2096,257,623,1677
1728464421978331000,0,1956,1673,119,759,1701
1728464421979173000,0,2443,1301,16,936,1538
1728464421980032000,181,2762,1024,0,1103,1238
1728464421980874000,429,2914,688,0,1238,1004
1728464421981716000,717,2887,386,29,1344,781
1728464421982559000,1050,2706,146,170,1410,590
1728464421983401000,1372,2390,0,370,1444,379
1728464421984243000,1664,1985,0,589,1399,202
1728464421985085000,1934,1688,0,805,1284,58
1728464421985927000,2347,1338,27,997,1144,0
1728464421986769000,2464,998,203,1184,966,0
1728464421987611000,2538,670,476,1338,855,0
1728464421988454000,2480,303,778,1492,656,64
1728464421989297000,2427,111,1124,1592,462,219
1728464421990139000,2279,0,1487,1649,264,444
1728464421990982000,1813,5,1821,1639,125,669
1728464421991824000,1520,8,2100,1557,29,877
1728464421992666000,1216,42,2510,1412,1,1088
1728464421993508000,888,233,2624,1194,0,1292
1728464421994350000,582,500,2680,974,1,1448
1728464421995193000,309,789,2624,757,122,1584
1728464421996035000,107,1119,2571,576,261,1687
1728464421996878000,0,1436,2428,419,450,1701
1728464421997720000,0,1745,1937,168,650,1667
1728464421998562000,0,2008,1615,66,814,1592
1728464421999404000,53,2538,1278,0,994,1393
1728464422000246000,234,2819,923,0,1152,1180
1728464422001088000,503,2919,597,0,1280,949
1728464422001930000,815,2860,310,58,1366,738
1728464422002773000,1130,2624,84,224,1432,527
1728464422003615000,1444,2253,31,429,1433,348
1728464422004457000,1736,1831,0,642,1365,238
1728464422005299000,1990,1522,0,862,1248,101
1728464422006141000,2397,1217,53,1037,1101,34
1728464422006992000,2481,869,226,1236,921,52
1728464422007834000,2544,558,530,1383,733,36
1728464422008677000,2515,331,866,1499,532,42
1728464422009520000,2387,79,1226,1607,386,287
1728464422010362000,2070,15,1592,1646,218,506
1728464422011205000,1735,0,1909,1628,90,730
1728464422012047000,1441,0,2156,1520,10,939
1728464422012889000,1126,85,2547,1358,0,1130
1728464422013730000,810,274,2643,1136,0,1326
1728464422014572000,501,557,2657,901,37,1487
1728464422015415000,273,878,2626,706,162,1602
1728464422016258000,52,1188,2533,521,314,1689
1728464422017100000,93,1494,2186,343,459,1702
1728464422017942000,79,1780,1909,197,669,1637
1728464422018784000,69,2047,1579,79,853,1527
1728464422019626000,87,2625,1185,0,1032,1335
1728464422020495000,301,2858,836,0,1190,1123
1728464422021337000,579,2928,513,0,1304,891
1728464422022179000,891,2812,242,100,1386,663
1728464422023022000,1221,2542,34,280,1439,480
1728464422023864000,1503,2021,9,480,1420,284
1728464422024706000,1801,1745,0,701,1337,138
1728464422025548000,2048,1445,0,901,1205,32
1728464422026390000,2412,1119,122,1092,1045,0
1728464422027232000,2502,832,368,1263,858,0
1728464422028074000,2509,502,653,1409,669,9
1728464422028917000,2451,229,1076,1524,539,169
1728464422029760000,2368,38,1321,1625,338,343
1728464422030602000,1933,9,1665,1652,184,553
1728464422031444000,1664,11,1978,1603,75,794
1728464422032286000,1367,0,2264,1491,0,986
1728464422033128000,1033,132,2581,1299,0,1185
1728464422033958000,732,373,2647,1063,0,1383
1728464422034800000,449,662,2662,842,68,1530
1728464422035643000,207,967,2587,653,215,1634
1728464422036485000,18,1378,2499,480,370,1680
1728464422037327000,2,1671,2075,308,561,1681
1728464422038169000,9,1957,1768,130,803,1605
1728464422039011000,0,2341,1451,41,965,1461
1728464422039853000,144,2699,1088,9,1080,1284
1728464422040695000,377,2897,752,0,1218,1068
1728464422041537000,661,2927,442,5,1327,846
1728464422042380000,986,2753,180,142,1407,622
1728464422043222000,1318,2446,9,331,1440,422
1728464422044065000,1681,1941,0,551,1396,245
1728464422044907000,1937,1657,0,760,1303,100
1728464422045749000,2283,1348,2,1007,1164,2
1728464422046591000,2358,1023,165,1210,987,26
1728464422047453000,2446,694,440,1371,802,41
1728464422048295000,2466,383,765,1502,617,55
1728464422049137000,2437,170,1061,1569,453,205
1728464422049979000,2313,1,1413,1640,302,402
1728464422050821000,1872,9,1740,1648,158,626
1728464422051663000,1584,1,2033,1572,52,832
1728464422052505000,1274,6,2483,1443,0,1044
1728464422053347000,948,192,2604,1228,0,1245
1728464422054189000,644,448,2657,1002,0,1423
1728464422055031000,369,730,2654,778,105,1562
1728464422055874000,138,1061,2594,609,234,1660
1728464422056716000,0,1367,2396,412,425,1779
1728464422057558000,0,1672,1939,238,620,1760
1728464422058400000,10,1980,1649,110,821,1532
1728464422059242000,10,2480,1361,11,949,1429
1728464422060084000,198,2768,1008,0,1114,1231
1728464422060927000,448,2924,665,0,1253,1008
1728464422061769000,744,2885,372,33,1353,773
1728464422062612000,1063,2685,129,192,1412,565
1728464422063454000,1394,2368,0,393,1441,365
1728464422064296000,1685,1856,0,608,1445,196
1728464422065138000,1951,1561,0,825,1325,68
1728464422065980000,2360,1260,25,1015,1155,0
1728464422066822000,2491,882,229,1205,975,0
1728464422067664000,2530,583,508,1352,704,0
1728464422068506000,2527,320,810,1475,540,77
1728464422069349000,2407,110,1159,1603,429,250
1728464422070191000,2263,8,1511,1645,252,459
1728464422071034000,1796,4,1834,1640,122,669
1728464422071876000,1504,0,2112,1551,31,900
1728464422072718000,1191,50,2524,1389,0,1103
1728464422073560000,854,251,2638,1186,0,1302
1728464422074412000,564,506,2660,949,14,1452
1728464422075255000,266,807,2644,738,129,1591
1728464422076097000,72,1141,2567,549,286,1685
1728464422076939000,0,1461,2338,367,453,1687
1728464422077781000,0,1730,2039,207,676,1696
1728464422078623000,0,2032,1692,82,869,1564
1728464422079465000,47,2565,1271,0,992,1377
1728464422080307000,258,2817,898,0,1154,1159
1728464422081149000,530,2924,581,0,1281,927
1728464422081991000,825,2856,302,66,1375,716
1728464422082834000,1149,2612,77,226,1428,514
1728464422083676000,1463,2156,0,439,1417,298
1728464422084518000,1760,1812,0,663,1372,142
1728464422085360000,2007,1583,0,865,1243,43
1728464422086202000,2392,1270,74,1064,1094,0
1728464422087044000,2499,930,287,1279,921,0
1728464422087908000,2558,599,570,1409,708,0
1728464422088751000,2478,247,900,1523,590,117
1728464422089594000,2382,79,1255,1603,373,308
1728464422090436000,2016,17,1600,1656,206,526
1728464422091278000,1728,4,1909,1620,102,740
1728464422092120000,1430,5,2168,1528,2,953
1728464422092962000,1098,92,2563,1336,0,1152
1728464422093804000,788,309,2640,1120,0,1351
1728464422094646000,506,570,2674,904,30,1482
1728464422095489000,237,885,2624,703,162,1621
1728464422096331000,0,1216,2540,555,321,1731
1728464422097173000,0,1525,2172,372,514,1728
1728464422098015000,0,1820,1856,105,696,1615
1728464422098857000,0,2071,1534,70,880,1514
1728464422099699000,101,2643,1173,0,1039,1323
1728464422100541000,326,2873,820,0,1191,1110
1728464422101378000,599,2920,496,0,1319,875
1728464422102220000,913,2802,224,113,1400,666
1728464422103063000,1230,2531,98,281,1440,461
1728464422103905000,1535,2001,58,501,1419,274
1728464422104747000,1823,1734,42,719,1326,148
1728464422105589000,2092,1433,0,919,1209,52
1728464422106431000,2419,1088,53,1098,1032,66
1728464422107273000,2504,755,327,1282,858,47
1728464422108115000,2555,480,624,1433,673,0
1728464422108958000,2467,220,994,1550,486,158
1728464422109800000,2351,34,1346,1633,333,364
1728464422110642000,1924,4,1695,1647,175,583
1728464422111484000,1635,0,1999,1607,69,806
1728464422112326000,1344,0,2440,1479,0,1006
1728464422113168000,1021,117,2588,1284,0,1190
1728464422114010000,696,365,2655,1061,0,1383
1728464422114861000,429,660,2663,843,64,1529
1728464422115704000,171,975,2624,642,183,1649
1728464422116547000,87,1303,2525,461,353,1703
1728464422117389000,52,1611,2085,285,565,1685
1728464422118231000,0,1871,1735,234,741,1646
1728464422119073000,0,2400,1432,26,922,1470
1728464422119915000,151,2730,1066,0,1090,1279
1728464422120757000,399,2904,716,0,1241,1046
1728464422121599000,683,2897,416,21,1328,810
1728464422122442000,1002,2732,165,154,1408,604
1728464422123285000,1317,2439,0,337,1429,405
1728464422124127000,1605,1925,9,557,1394,231
1728464422124969000,1888,1650,69,772,1308,98
1728464422125811000,2330,1344,52,970,1166,0
1728464422126653000,2460,994,265,1151,1014,2
1728464422127495000,2499,700,519,1320,782,0
1728464422128358000,2501,399,683,1457,604,138
1728464422129201000,2437,155,1088,1573,453,210
1728464422130043000,2307,0,1442,1638,283,414
1728464422130886000,1852,5,1780,1651,144,644
1728464422131728000,1563,2,2072,1572,37,856
1728464422132570000,1253,18,2497,1423,0,1057
1728464422133412000,917,210,2602,1218,0,1249
1728464422134254000,629,473,2656,1000,0,1420
1728464422135097000,353,739,2656,781,98,1557
1728464422135940000,128,1027,2584,590,286,1658
1728464422136783000,0,1372,2452,398,385,1701
1728464422137625000,0,1688,1987,235,564,1667
1728464422138467000,0,1979,1679,112,794,1576
1728464422139309000,26,2498,1328,10,968,1422
1728464422140151000,221,2785,967,0,1135,1216
1728464422140993000,461,2927,637,0,1264,986
1728464422141830000,761,2880,349,42,1351,757
1728464422142673000,1074,2667,114,222,1418,557
1728464422143515000,1404,2307,2,436,1440,361
1728464422144357000,1677,1859,2,658,1373,192
1728464422145199000,1948,1576,13,828,1273,68
1728464422146041000,2333,1252,13,972,1124,9
1728464422146883000,2476,929,249,1181,933,14
1728464422147726000,2511,628,535,1367,741,0
1728464422148569000,2496,321,833,1489,567,89
1728464422149411000,2400,98,1180,1600,410,257
1728464422150253000,2198,5,1521,1645,238,469
1728464422151095000,1776,10,1856,1632,114,691
1728464422151937000,1484,0,2132,1544,21,909
1728464422152779000,1169,64,2508,1365,0,1103
1728464422153621000,842,267,2624,1159,0,1301
1728464422154463000,538,527,2657,935,23,1475
1728464422155315000,298,842,2624,725,124,1585
1728464422156158000,84,1139,2539,543,287,1632
1728464422157001000,0,1583,2280,398,494,1678
1728464422157843000,8,1856,1890,214,669,1635
1728464422158685000,0,2042,1602,78,842,1553
1728464422159527000,64,2585,1248,0,1005,1357
1728464422160369000,267,2836,889,0,1165,1149
1728464422161211000,549,2928,562,0,1290,927
1728464422162053000,845,2847,285,78,1376,704
1728464422162896000,1176,2574,64,247,1420,505
1728464422163739000,1559,2085,10,464,1412,301
1728464422164581000,1827,1774,4,686,1354,158
1728464422165423000,2035,1493,0,883,1230,38
1728464422166265000,2439,1162,86,1061,1067,0
1728464422167107000,2362,812,274,1318,877,16
1728464422167949000,2454,519,622,1456,675,36
1728464422168823000,2481,258,925,1527,530,139
1728464422169666000,2387,65,1273,1623,372,313
1728464422170508000,1969,2,1623,1664,209,530
1728464422171351000,1706,6,1928,1610,83,763
1728464422172193000,1402,11,2179,1512,2,960
1728464422173035000,1090,106,2559,1326,0,1160
1728464422173877000,765,331,2652,1110,0,1359
1728464422174719000,472,613,2673,882,53,1507
1728464422175562000,220,913,2636,676,173,1663
1728464422176405000,18,1227,2480,489,353,1765
1728464422177247000,1,1565,2075,304,551,1749
1728464422178089000,15,1857,1808,178,714,1588
1728464422178931000,0,2113,1517,55,890,1505
1728464422179773000,113,2659,1144,0,1050,1311
1728464422180615000,341,2875,800,0,1198,1088
1728464422181457000,616,2918,482,0,1317,864
1728464422182277000,935,2785,215,110,1392,652
1728464422183120000,1253,2476,29,298,1477,448
1728464422183962000,1556,1949,0,511,1460,261
1728464422184804000,1847,1703,0,729,1356,109
1728464422185646000,2272,1368,0,936,1122,5
1728464422186488000,2428,1045,129,1105,949,0
1728464422187330000,2520,718,394,1296,789,0
1728464422188172000,2520,449,679,1437,657,37
1728464422189015000,2459,211,1019,1553,494,171
1728464422189857000,2339,22,1368,1640,325,373
1728464422190699000,1903,6,1712,1651,162,585
1728464422191541000,1619,2,2013,1596,64,820
1728464422192383000,1319,1,2467,1458,0,1025
1728464422193225000,988,156,2592,1263,0,1202
1728464422194067000,668,389,2669,1047,0,1401
1728464422194910000,375,699,2661,813,71,1557
1728464422195766000,148,1043,2599,613,232,1614
1728464422196608000,0,1314,2579,427,415,1714
1728464422197450000,0,1642,2138,272,630,1712
1728464422198293000,0,1921,1735,133,773,1604
1728464422199135000,0,2417,1412,28,925,1449
1728464422199977000,162,2725,1051,0,1093,1248
1728464422200819000,413,2905,700,0,1244,1025
1728464422201661000,707,2899,401,20,1335,789
1728464422202504000,1018,2703,138,162,1407,581
1728464422203346000,1349,2487,0,352,1427,373
1728464422204188000,1635,1968,4,579,1392,217
1728464422205030000,1923,1670,0,786,1306,82
1728464422205872000,2336,1303,34,972,1221,0
1728464422206714000,2456,868,204,1151,1043,0
1728464422207556000,2490,600,458,1344,840,0
1728464422208398000,2508,372,786,1475,608,64
1728464422209256000,2436,150,1122,1579,440,229
1728464422210098000,2296,0,1474,1639,274,426
1728464422210941000,1832,10,1795,1641,137,660
1728464422211783000,1554,1,2090,1570,41,862
1728464422212625000,1209,21,2499,1425,0,1072
1728464422213467000,872,218,2623,1210,0,1279
1728464422214309000,581,471,2671,992,0,1456
1728464422215152000,320,770,2656,760,117,1584
1728464422215995000,81,1103,2565,554,269,1681
1728464422216837000,0,1456,2448,380,431,1713
1728464422217679000,0,1768,1986,218,635,1663
1728464422218521000,0,1986,1654,109,810,1571
1728464422219363000,39,2513,1301,0,980,1401
1728464422220205000,234,2797,938,0,1131,1192
1728464422221047000,485,2908,608,0,1271,960
1728464422221889000,783,2872,328,46,1354,738
1728464422222740000,1105,2641,85,206,1420,586
1728464422223582000,1425,2277,0,405,1429,394
1728464422224424000,1719,1847,0,626,1367,202
1728464422225266000,1985,1553,0,845,1264,57
1728464422226108000,2402,1242,29,1018,1088,0
1728464422226950000,2509,905,252,1208,898,0
1728464422227792000,2511,612,538,1390,730,0
1728464422228635000,2494,301,868,1509,545,98
1728464422229478000,2393,82,1216,1600,395,276
1728464422230320000,2117,20,1553,1644,223,493
1728464422231163000,1760,7,1884,1625,105,704
1728464422232005000,1464,0,2150,1536,17,928
1728464422232847000,1157,66,2544,1364,0,1114
1728464422233689000,827,290,2633,1146,0,1322
1728464422234531000,532,543,2673,921,23,1487
1728464422235374000,370,838,2658,716,109,1592
1728464422236225000,142,1177,2559,532,299,1680
1728464422237068000,0,1505,2168,429,481,1733
1728464422237910000,0,1801,1897,194,693,1660
1728464422238752000,0,2046,1571,82,858,1535
1728464422239594000,77,2607,1221,0,1021,1344
1728464422240436000,293,2854,850,0,1182,1139
1728464422241278000,576,2928,537,0,1305,911
1728464422242120000,861,2822,267,97,1376,689
1728464422242963000,1189,2559,64,253,1429,493
1728464422243805000,1500,2047,80,473,1423,293
1728464422244648000,1788,1764,18,685,1359,139
1728464422245490000,2031,1501,47,890,1191,42
1728464422246332000,2400,1137,142,1077,1037,101
1728464422247174000,2488,849,383,1248,862,49
1728464422248016000,2535,495,622,1417,680,1
1728464422248859000,2474,237,952,1535,514,141
1728464422249708000,2369,51,1298,1622,352,331
1728464422250550000,1960,1,1646,1652,198,548
1728464422251393000,1684,2,1959,1612,71,777
1728464422252235000,1376,1,2199,1496,0,970
1728464422253077000,1053,125,2571,1311,0,1171
1728464422253919000,752,354,2653,1088,0,1365
1728464422254761000,448,631,2673,868,42,1516
1728464422255604000,175,877,2615,662,239,1631
1728464422256447000,21,1248,2503,480,282,1681
1728464422257289000,4,1535,2085,292,497,1671
1728464422258131000,0,1880,1809,160,722,1634
1728464422258973000,0,2295,1489,42,896,1489
1728464422259815000,138,2688,1115,0,1060,1296
1728464422260657000,367,2886,774,0,1210,1075
1728464422261499000,633,2920,465,0,1323,847
1728464422262342000,933,2761,205,170,1383,637
1728464422263189000,1266,2466,21,348,1424,442
1728464422264031000,1567,1959,0,526,1419,253
1728464422264873000,1864,1695,1,754,1320,103
1728464422265715000,2297,1381,0,930,1184,34
1728464422266557000,2423,1035,137,1097,1002,26
1728464422267399000,2506,754,422,1290,820,0
1728464422268241000,2513,423,697,1452,637,39
1728464422269084000,2442,185,1047,1558,469,182
1728464422269926000,2328,16,1386,1639,310,385
1728464422270768000,1893,0,1721,1644,165,605
1728464422271610000,1604,1,2031,1586,53,828
1728464422272452000,1290,1,2470,1446,0,1035
1728464422273294000,973,180,2576,1248,0,1236
1728464422274136000,665,412,2657,1037,4,1416
1728464422274979000,410,710,2662,816,79,1515
1728464422275822000,126,1114,2586,601,224,1608
1728464422276685000,0,1458,2462,434,431,1658
1728464422277527000,0,1719,2008,266,587,1671
1728464422278369000,0,1946,1731,130,776,1603
1728464422279211000,0,2439,1380,16,941,1444
1728464422280053000,192,2739,1029,0,1094,1230
1728464422280895000,438,2904,689,0,1248,1010
1728464422281737000,722,2900,389,18,1348,791
1728464422282580000,1037,2701,139,170,1436,581
1728464422283422000,1372,2368,0,365,1411,373
1728464422284264000,1663,1899,2,586,1379,202
1728464422285106000,2035,1606,26,809,1266,64
1728464422285948000,2424,1298,71,1004,1120,0
1728464422286790000,2522,950,255,1192,932,0
1728464422287632000,2528,632,480,1351,778,0
1728464422288475000,2503,363,790,1475,589,69
1728464422289317000,2416,136,1135,1583,433,241
1728464422290156000,2284,0,1484,1641,265,443
1728464422290998000,1813,5,1813,1650,128,663
1728464422291840000,1496,8,2096,1539,23,894
1728464422292682000,1216,55,2516,1399,0,1088
1728464422293524000,874,233,2627,1194,0,1286
1728464422294366000,578,488,2664,968,4,1459
1728464422295208000,322,777,2737,751,133,1578
1728464422296051000,105,1102,2624,562,320,1704
1728464422296893000,0,1457,2429,381,448,1797
1728464422297735000,0,1737,1956,229,653,1676
1728464422298577000,0,2003,1635,89,823,1561
1728464422299419000,43,2539,1291,2,984,1386
1728464422300261000,252,2799,926,0,1152,1172
1728464422301103000,505,2924,594,0,1276,954
1728464422301945000,805,2863,306,55,1366,704
1728464422302788000,1128,2690,82,217,1423,522
1728464422303638000,1452,2272,6,420,1432,320
1728464422304480000,1742,1818,0,653,1423,161
1728464422305322000,1979,1447,5,848,1319,37
1728464422306164000,2370,1114,58,1018,1168,0
1728464422307006000,2460,786,274,1229,979,0
1728464422307848000,2527,557,566,1394,715,0
1728464422308690000,2480,296,898,1506,546,111
1728464422309533000,2391,101,1235,1601,381,303
1728464422310375000,2063,18,1584,1654,233,505
1728464422311218000,1744,4,1898,1625,102,722
1728464422312060000,1454,0,2170,1523,8,934
1728464422312902000,1125,90,2550,1351,0,1132
1728464422313744000,824,294,2638,1142,0,1336
1728464422314586000,450,555,2672,937,23,1493
1728464422315429000,188,863,2668,745,154,1600
1728464422316272000,14,1188,2532,474,299,1666
1728464422317124000,0,1508,2172,320,507,1721
1728464422317966000,0,1814,1875,182,696,1649
1728464422318808000,0,2055,1544,73,872,1518
1728464422319650000,96,2608,1189,0,1031,1336
1728464422320492000,305,2848,839,0,1181,1122
1728464422321334000,578,2927,514,0,1305,882
1728464422322176000,881,2815,288,90,1387,680
1728464422323019000,1218,2534,101,273,1420,467
1728464422323861000,1511,2016,17,489,1417,348
1728464422324703000,1807,1739,0,696,1344,193
1728464422325545000,2021,1437,0,901,1223,85
1728464422326387000,2406,1103,77,1088,1070,45
1728464422327229000,2499,786,353,1281,851,0
1728464422328071000,2520,472,655,1425,672,14
1728464422328914000,2467,229,980,1533,498,160
1728464422329756000,2355,49,1330,1626,344,342
1728464422330605000,1936,5,1665,1653,186,561
1728464422331447000,1674,0,1984,1602,68,773
1728464422332289000,1351,0,2253,1487,0,978
1728464422333131000,1040,125,2574,1288,0,1190
1728464422333973000,719,352,2664,1088,0,1376
1728464422334816000,448,596,2656,855,0,1511
1728464422335659000,194,945,2608,633,144,1621
1728464422336501000,117,1267,2545,485,341,1684
1728464422337343000,0,1606,2088,294,554,1707
1728464422338185000,0,1900,1792,151,745,1615
1728464422339027000,0,2367,1450,36,915,1482
1728464422339869000,146,2703,1094,0,1076,1277
1728464422340711000,370,2894,754,1,1221,1063
1728464422341553000,633,2912,437,22,1322,826
1728464422342395000,961,2753,188,131,1392,618
1728464422343238000,1297,2437,5,322,1433,423
1728464422344094000,1595,1957,6,545,1405,237
1728464422344936000,1863,1715,20,753,1303,92
1728464422345778000,2317,1326,101,943,1180,17
1728464422346620000,2443,1014,284,1128,1023,17
1728464422347462000,2511,689,418,1319,807,0
1728464422348304000,2508,402,719,1457,617,41
1728464422349147000,2440,168,1070,1569,466,195
1728464422349989000,2312,9,1412,1632,294,401
1728464422350831000,1870,10,1760,1652,152,612
1728464422351673000,1600,5,2031,1576,50,824
1728464422352515000,1279,16,2486,1436,0,1023
1728464422353357000,951,202,2599,1233,0,1228
1728464422354199000,648,440,2665,1013,0,1426
1728464422355042000,341,809,2660,824,94,1535
1728464422355885000,144,973,2588,586,322,1633
1728464422356727000,0,1328,2463,430,465,1685
1728464422357574000,0,1686,2026,250,604,1688
1728464422358417000,0,1968,1700,114,794,1600
1728464422359259000,22,2465,1365,13,948,1421
1728464422360101000,192,2764,1001,0,1113,1225
1728464422360943000,448,2926,664,0,1256,1002
1728464422361785000,816,2887,372,37,1337,767
1728464422362628000,1130,2677,122,184,1410,562
1728464422363470000,1384,2338,0,443,1422,369
1728464422364312000,1650,1871,11,622,1384,205
1728464422365154000,1888,1579,13,850,1268,66
1728464422365996000,2335,1256,37,948,1116,0
1728464422366838000,2442,938,234,1158,935,4
1728464422367680000,2519,613,505,1357,753,0
1728464422368523000,2497,340,809,1493,581,87
1728464422369366000,2419,119,1151,1591,420,246
1728464422370208000,2265,4,1507,1656,260,461
1728464422371056000,1797,5,1829,1633,123,680
1728464422371898000,1495,0,2116,1532,10,889
1728464422372740000,1203,54,2520,1391,8,1094
1728464422373582000,847,253,2598,1180,0,1307
1728464422374424000,559,503,2617,952,0,1523
1728464422375267000,348,821,2624,725,133,1557
1728464422376110000,113,1146,2545,544,290,1615
1728464422376952000,0,1499,2368,379,472,1704
1728464422377794000,0,1760,1935,210,654,1676
1728464422378636000,0,2022,1621,93,832,1549
1728464422379478000,64,2555,1266,0,990,1373
1728464422380320000,261,2816,912,0,1148,1166
1728464422381162000,517,2918,586,0,1312,936
1728464422382004000,832,2838,305,64,1407,709
1728464422382847000,1143,2605,85,235,1405,514
1728464422383689000,1536,2179,5,429,1431,322
1728464422384550000,1886,1822,41,676,1347,152
1728464422385392000,2072,1492,10,876,1224,30
1728464422386234000,2447,1166,119,1058,1038,0
1728464422387076000,2496,855,302,1235,901,0
1728464422387918000,2521,536,576,1393,713,1
1728464422388761000,2490,282,901,1516,531,114
1728464422389603000,2381,74,1248,1619,378,304
1728464422390445000,2023,10,1591,1648,214,514
1728464422391287000,1716,11,1919,1613,89,752
1728464422392129000,1422,8,2163,1510,15,954
1728464422392971000,1109,104,2553,1344,0,1152
1728464422393813000,781,304,2655,1133,0,1345
1728464422394655000,480,576,2757,885,36,1509
1728464422395498000,228,913,2677,679,194,1615
1728464422396341000,28,1248,2407,496,331,1780
1728464422397183000,0,1540,2161,329,523,1702
1728464422398025000,0,1838,1849,181,706,1641
1728464422398867000,0,2066,1542,57,874,1515
1728464422399709000,100,2636,1177,0,1034,1323
1728464422400551000,325,2866,832,0,1198,1107
1728464422401393000,602,2934,489,0,1311,862
1728464422402236000,904,2865,233,104,1385,649
1728464422403078000,1237,2552,33,274,1428,455
1728464422403920000,1540,2016,4,496,1456,272
1728464422404762000,1808,1658,0,725,1407,111
1728464422405604000,2112,1385,0,952,1240,0
1728464422406446000,2428,1045,133,1128,1080,0
1728464422407288000,2497,764,369,1275,846,0
1728464422408130000,2528,470,670,1428,662,20
1728464422408973000,2460,224,995,1544,494,169
1728464422409815000,2350,41,1352,1619,333,354
1728464422410658000,1916,2,1688,1658,177,576
1728464422411510000,1646,0,2000,1602,64,798
1728464422412352000,1333,0,2431,1479,0,1008
1728464422413194000,1017,146,2583,1277,0,1212
1728464422414036000,673,381,2656,1028,0,1392
1728464422414878000,393,645,2648,832,72,1540
1728464422415721000,133,1013,2634,621,202,1672
1728464422416563000,0,1322,2507,442,388,1703
1728464422417405000,0,1625,2055,284,577,1701
1728464422418247000,0,1903,1760,149,772,1609
1728464422419089000,0,2385,1425,44,925,1472
1728464422419931000,156,2712,1076,0,1088,1267
1728464422420773000,383,2910,724,0,1231,1042
1728464422421615000,683,2895,400,8,1344,881
1728464422422458000,997,2732,158,153,1412,642
1728464422423301000,1330,2418,0,340,1438,402
1728464422424143000,1656,1935,0,558,1386,162
1728464422424996000,1843,1746,0,788,1320,50
1728464422425838000,2318,1424,0,994,1178,0
1728464422426680000,2452,1005,194,1165,972,0
1728464422427522000,2508,663,456,1334,787,0
1728464422428364000,2508,393,757,1460,608,58
1728464422429207000,2432,161,1097,1570,450,219
1728464422430049000,2300,0,1437,1636,287,415
1728464422430891000,1858,0,1786,1644,144,619
1728464422431733000,1572,0,2068,1580,37,856
1728464422432575000,1259,13,2511,1418,0,1063
1728464422433417000,932,198,2616,1224,0,1258
1728464422434259000,714,428,2707,1022,0,1426
1728464422435102000,402,729,2629,845,73,1561
1728464422435945000,23,1060,2577,643,242,1704
1728464422436787000,0,1418,2456,400,431,1720
1728464422437629000,0,1710,1989,242,627,1675
1728464422438482000,0,1975,1675,121,809,1580
1728464422439324000,33,2494,1344,10,962,1419
1728464422440166000,207,2789,975,0,1129,1216
1728464422441008000,458,2919,634,0,1269,981
1728464422441850000,743,2869,352,47,1351,751
1728464422442693000,1080,2659,181,194,1415,557
1728464422443536000,1418,2334,25,393,1435,361
1728464422444378000,1694,1870,0,611,1372,282
1728464422445220000,1948,1552,0,822,1262,144
1728464422446062000,2352,1248,0,1018,1131,34
1728464422446904000,2478,915,247,1212,938,10
1728464422447746000,2529,591,525,1359,747,0
1728464422448588000,2488,320,844,1506,570,91
1728464422449431000,2407,109,1181,1592,408,269
1728464422450273000,2224,11,1527,1649,243,472
1728464422451116000,1781,0,1856,1621,114,691
1728464422452120000,1487,0,2124,1538,26,898
1728464422452962000,1167,53,2536,1381,0,1113
1728464422453804000,850,253,2626,1166,5,1308
1728464422454646000,564,501,2672,949,54,1463
1728464422455489000,292,800,2637,722,79,1584
1728464422456332000,189,1146,2584,548,260,1682
1728464422457174000,0,1487,2289,365,486,1708
1728464422458016000,0,1788,1920,197,666,1667
1728464422458858000,0,2044,1600,81,845,1533
1728464422459700000,71,2588,1244,0,1007,1361
1728464422460542000,276,2831,885,0,1164,1151
1728464422461384000,513,2917,565,11,1281,919
1728464422462226000,835,2828,293,65,1364,704
1728464422463069000,1163,2582,73,246,1426,501
1728464422463911000,1487,2119,5,445,1439,309
1728464422464754000,1766,1763,114,669,1383,159
1728464422465447000,2039,1490,88,869,1278,64
1728464422466289000,2397,1169,130,1061,1069,2
1728464422467131000,2502,832,320,1256,894,0
1728464422467973000,2516,513,599,1407,699,0
1728464422468816000,2479,261,944,1525,522,122
1728464422469659000,2374,53,1272,1620,372,313
1728464422470501000,1975,7,1620,1653,200,529
1728464422471344000,1688,2,1935,1615,86,748
1728464422472186000,1414,2,2184,1507,3,969
1728464422473028000,1090,106,2563,1324,0,1152
1728464422473870000,805,378,2646,1119,0,1333
1728464422474712000,471,515,2663,858,110,1497
1728464422475555000,242,862,2630,687,196,1609
1728464422476398000,26,1248,2530,489,340,1707
1728464422477240000,0,1559,2121,320,535,1695
1728464422478082000,0,1856,1832,166,723,1635
1728464422478932000,0,2100,1509,52,882,1497
1728464422479774000,109,2652,1151,0,1049,1308
1728464422480616000,401,2874,790,0,1199,1090
1728464422481458000,605,2917,485,23,1313,859
1728464422482301000,914,2784,215,138,1385,653
1728464422483144000,1262,2503,26,281,1432,442
1728464422483986000,1530,1984,0,488,1412,285
1728464422484828000,1825,1761,34,696,1325,137
1728464422485670000,2147,1502,20,914,1203,18
1728464422486512000,2437,1072,139,1124,1031,0
1728464422487354000,2507,746,389,1295,834,0
1728464422488196000,2511,450,691,1434,649,28
1728464422489039000,2448,215,1012,1546,484,186
1728464422489881000,2343,25,1364,1632,332,355
1728464422490724000,1913,0,1661,1662,167,586
1728464422491566000,1623,8,1984,1584,64,815
1728464422492423000,1320,9,2470,1457,0,1019
1728464422493265000,1000,146,2574,1278,4,1222
1728464422494106000,709,404,2627,1044,1,1446
1728464422494949000,456,705,2655,823,79,1486
1728464422495792000,157,1103,2590,642,234,1614
1728464422496635000,0,1333,2497,448,393,1709
1728464422497477000,0,1642,2039,271,594,1693
1728464422498319000,0,1931,1738,138,772,1606
1728464422499161000,0,2401,1416,32,933,1449
1728464422500002000,164,2732,1043,0,1097,1262
1728464422500844000,410,2880,698,0,1285,1017
1728464422501686000,704,2883,392,21,1366,795
1728464422502529000,1023,2709,157,158,1397,589
1728464422503371000,1396,2400,0,353,1418,394
1728464422504214000,1738,1904,46,579,1378,215
1728464422505056000,1999,1627,33,789,1273,83
1728464422505905000,2360,1306,26,1012,1128,2
1728464422506747000,2454,985,210,1164,962,0
1728464422507589000,2520,660,470,1331,784,0
1728464422508431000,2510,378,770,1464,605,68
1728464422509274000,2425,154,1120,1576,441,222
1728464422510116000,2298,0,1472,1652,276,426
1728464422510958000,1829,5,1801,1634,132,653
1728464422511800000,1535,18,2087,1557,41,880
1728464422512642000,1238,27,2507,1416,2,1074
1728464422513484000,895,256,2624,1203,0,1266
1728464422514326000,583,490,2667,975,0,1435
1728464422515168000,298,749,2709,746,145,1590
1728464422516011000,106,1095,2591,576,270,1662
1728464422516853000,0,1417,2440,410,449,1706
1728464422517695000,0,1712,1970,224,636,1676
1728464422518537000,0,1998,1656,109,818,1576
1728464422519387000,42,2515,1312,2,979,1402
1728464422520229000,228,2792,952,0,1131,1198
1728464422521071000,477,2912,616,0,1275,955
1728464422521914000,786,2868,325,44,1358,738
1728464422522757000,1107,2695,98,203,1428,527
1728464422523599000,1428,2353,0,442,1447,325
1728464422524441000,1756,1922,0,645,1381,145
1728464422525283000,1989,1428,0,839,1335,56
1728464422526125000,2383,1226,66,1032,1110,0
1728464422526967000,2472,889,276,1230,917,0
1728464422527809000,2523,568,552,1383,736,0
1728464422528651000,2491,320,866,1496,554,117
1728464422529493000,2399,93,1216,1601,405,274
1728464422530336000,2119,18,1575,1660,224,489
1728464422531178000,1758,0,1889,1632,98,711
1728464422532020000,1472,0,2145,1525,18,927
1728464422532866000,1163,73,2546,1367,0,1120
1728464422533708000,808,261,2615,1224,0,1338
1728464422534550000,404,533,2652,985,11,1504
1728464422535392000,194,861,2669,742,142,1613
1728464422536234000,53,1184,2553,527,310,1688
1728464422537077000,0,1503,2212,352,491,1700
1728464422537919000,0,1794,1888,199,690,1654
1728464422538761000,0,2044,1572,74,864,1527
1728464422539603000,74,2614,1216,0,1018,1350
1728464422540445000,282,2837,863,0,1173,1136
1728464422541287000,549,2915,599,0,1295,907
1728464422542130000,864,2810,303,90,1380,683
1728464422542973000,1191,2568,49,254,1428,525
1728464422543816000,1520,2061,0,463,1445,345
1728464422544658000,1856,1794,0,676,1351,47
1728464422545500000,2053,1465,0,901,1201,0
1728464422546350000,2406,1138,107,1088,1058,1
1728464422547192000,2496,801,334,1257,874,0
1728464422548034000,2519,497,622,1414,676,5
1728464422548877000,2479,236,949,1535,524,143
1728464422549720000,2369,56,1295,1625,349,325
1728464422550562000,1950,0,1656,1656,199,538
1728464422551404000,1689,0,1959,1610,74,775
1728464422552246000,1384,0,2191,1504,9,970
1728464422553088000,1066,100,2569,1321,0,1164
1728464422553930000,759,312,2661,1077,0,1375
1728464422554772000,542,594,2676,869,5,1521
1728464422555615000,281,934,2646,657,192,1631
1728464422556457000,10,1283,2518,463,357,1691
1728464422557299000,0,1577,2101,303,546,1696
1728464422558141000,0,1877,1813,154,725,1625
1728464422558983000,0,2248,1491,49,904,1490
1728464422559833000,128,2683,1120,0,1063,1307
1728464422560675000,347,2883,776,0,1200,1070
1728464422561517000,622,2895,458,0,1318,840
1728464422562360000,947,2762,203,117,1394,637
1728464422563203000,1266,2472,18,302,1432,418
1728464422564045000,1547,1948,96,511,1426,266
1728464422564887000,1858,1718,68,741,1355,105
1728464422565729000,2311,1377,0,960,1187,8
1728464422566570000,2438,1048,159,1130,1008,1
1728464422567412000,2503,724,409,1305,821,0
1728464422568254000,2510,424,706,1446,643,39
1728464422569097000,2456,186,1042,1565,480,182
1728464422569940000,2334,14,1396,1635,320,388
1728464422570782000,1882,18,1730,1650,162,606
1728464422571624000,1603,0,2023,1589,64,807
1728464422572466000,1308,1,2469,1463,0,1021
1728464422573320000,986,235,2592,1281,0,1209
1728464422574162000,687,480,2663,1021,48,1392
1728464422575005000,386,629,2669,813,139,1548
1728464422575848000,133,1022,2599,619,228,1659
1728464422576690000,0,1362,2483,430,416,1710
1728464422577532000,0,1663,2035,264,599,1693
1728464422578374000,0,1932,1728,130,788,1600
1728464422579216000,0,2432,1387,21,940,1444
1728464422580058000,226,2748,1035,0,1095,1242
1728464422580900000,474,2912,687,0,1239,1019
1728464422581742000,745,2883,394,74,1336,782
1728464422582585000,1032,2707,138,178,1415,581
1728464422583427000,1329,2369,0,285,1428,357
1728464422584269000,1625,1895,5,546,1393,240
1728464422585111000,1897,1673,5,761,1285,97
1728464422585953000,2352,1306,26,996,1144,0
1728464422586802000,2469,960,212,1187,965,0
1728464422587644000,2511,637,480,1336,767,0
1728464422588486000,2498,361,794,1474,590,74
1728464422589329000,2419,134,1134,1582,430,241
1728464422590171000,2286,0,1472,1632,264,441
1728464422591013000,1820,6,1801,1631,138,665
1728464422591855000,1543,5,2073,1547,26,881
1728464422592697000,1212,32,2525,1409,0,1056
1728464422593539000,952,249,2593,1185,0,1220
1728464422594381000,634,490,2656,970,0,1400
1728464422595224000,320,876,2650,772,121,1547
1728464422596066000,94,1111,2576,567,270,1671
1728464422596909000,0,1443,2424,394,462,1711
1728464422597751000,0,1737,1951,224,654,1673
1728464422598593000,0,2007,1633,106,823,1559
1728464422599435000,42,2528,1290,2,988,1392
1728464422600295000,249,2795,926,0,1144,1183
1728464422601137000,501,2916,596,0,1269,949
1728464422601979000,798,2847,308,53,1358,727
1728464422602822000,1198,2631,96,217,1416,522
1728464422603664000,1519,2235,0,417,1415,343
1728464422604506000,1617,1817,0,707,1355,202
1728464422605348000,1938,1538,8,897,1252,56
1728464422606190000,2384,1217,74,1037,1094,0
1728464422607032000,2493,884,286,1230,902,0
1728464422607874000,2525,560,570,1383,730,0
1728464422608717000,2483,301,896,1510,545,117
1728464422609560000,2384,84,1227,1603,386,287
1728464422610402000,2064,18,1579,1645,231,498
1728464422611244000,1740,8,1898,1618,109,728
1728464422612086000,1448,0,2162,1530,13,940
1728464422612928000,1130,66,2632,1346,13,1153
1728464422613770000,799,282,2712,1132,31,1345
1728464422614612000,494,589,2699,906,56,1491
1728464422615455000,250,869,2636,704,151,1615
1728464422616298000,41,1198,2548,522,325,1689
1728464422617140000,0,1514,2174,342,514,1711
1728464422617982000,0,1813,1866,192,701,1647
1728464422618824000,0,2048,1544,70,872,1523
1728464422619666000,87,2656,1182,0,1020,1319
1728464422620508000,298,2898,833,0,1192,1106
1728464422621350000,580,2960,501,0,1309,881
1728464422622193000,882,2803,242,85,1413,674
1728464422623036000,1192,2474,21,273,1490,464
1728464422623878000,1519,1944,1,512,1472,264
1728464422624720000,1826,1680,2,709,1262,124
1728464422625562000,2045,1452,0,901,1212,27
1728464422626404000,2413,1124,124,1091,1035,0
1728464422627252000,2504,777,356,1277,865,0
1728464422628094000,2515,480,646,1420,670,10
1728464422628937000,2461,226,983,1535,505,152
1728464422629779000,2339,34,1324,1621,338,354
1728464422630621000,1941,11,1671,1653,186,556
1728464422631463000,1658,1,1976,1598,82,786
1728464422632305000,1363,2,2272,1479,0,994
1728464422633147000,1015,137,2565,1267,0,1216
1728464422633989000,705,381,2659,1056,0,1415
1728464422634832000,418,698,2657,839,64,1532
1728464422635674000,192,961,2617,652,201,1639
1728464422636517000,9,1306,2506,463,366,1702
1728464422637359000,0,1601,2085,295,570,1695
1728464422638201000,0,1886,1781,146,744,1607
1728464422639043000,0,2368,1454,37,912,1472
1728464422639885000,136,2686,1072,0,1076,1319
1728464422640746000,383,2888,738,0,1217,1106
1728464422641588000,656,2898,431,0,1326,813
1728464422642431000,973,2759,178,128,1397,613
1728464422643273000,1291,2530,5,356,1453,390
1728464422644115000,1636,2013,0,556,1405,210
1728464422644957000,1895,1549,2,756,1383,82
1728464422645799000,2314,1362,2,962,1176,8
1728464422646641000,2444,1029,181,1143,1002,0
1728464422647483000,2511,704,426,1317,799,0
1728464422648325000,2508,402,726,1455,632,48
1728464422649168000,2445,178,1057,1567,461,202
1728464422650010000,2320,1,1425,1635,305,391
1728464422650852000,1871,5,1757,1648,137,617
1728464422651694000,1584,5,2048,1578,52,837
1728464422652536000,1268,4,2475,1494,0,1051
1728464422653378000,868,186,2584,1288,0,1276
1728464422654224000,543,431,2667,1068,0,1456
1728464422655067000,343,730,2656,800,98,1560
1728464422655910000,129,1055,2583,596,242,1655
1728464422656752000,0,1391,2470,416,431,1707
1728464422657594000,0,1683,2009,258,599,1677
1728464422658436000,0,1955,1720,121,788,1586
1728464422659278000,10,2476,1365,8,946,1439
1728464422660120000,196,2761,1064,0,1123,1221
1728464422660962000,441,2899,717,0,1253,995
1728464422661804000,737,2880,398,26,1344,775
1728464422662647000,1049,2656,79,175,1414,633
1728464422663489000,1412,2368,0,365,1444,413
1728464422664331000,1712,1895,0,604,1402,181
1728464422665173000,1947,1585,0,826,1282,73
1728464422666015000,2366,1280,40,1005,1128,1
1728464422666857000,2472,935,237,1191,960,0
1728464422667782000,2514,616,501,1362,763,0
1728464422668624000,2501,331,811,1487,576,74
1728464422669467000,2413,82,1145,1577,427,244
1728464422670309000,2259,5,1496,1643,258,450
1728464422671151000,1792,0,1844,1633,122,681
1728464422671993000,1512,0,2105,1555,10,901
1728464422672835000,1210,20,2528,1378,0,1080
1728464422673677000,872,210,2618,1182,0,1291
1728464422674519000,576,472,2660,949,0,1457
1728464422675362000,293,810,2647,742,122,1593
1728464422676205000,85,1133,2557,550,296,1673
1728464422677047000,0,1459,2370,378,470,1696
1728464422677889000,0,1750,1934,216,660,1660
1728464422678731000,0,2016,1613,86,824,1557
1728464422679573000,34,2550,1272,18,992,1366
1728464422680415000,242,2818,906,0,1153,1166
1728464422681194000,508,2911,585,0,1271,929
1728464422682036000,805,2856,302,58,1370,719
1728464422682878000,1135,2640,89,207,1419,505
1728464422683720000,1432,2160,119,426,1426,335
1728464422684562000,1752,1806,87,639,1407,165
1728464422685404000,2012,1517,0,866,1245,42
1728464422686246000,2401,1189,85,1055,1089,0
1728464422687088000,2487,858,308,1238,896,0
1728464422687930000,2517,547,591,1392,712,0
1728464422688772000,2482,298,904,1514,540,125
1728464422689615000,2401,77,1248,1607,395,297
1728464422690457000,2002,14,1573,1655,226,506
1728464422691299000,1729,7,1908,1632,92,740
1728464422692141000,1424,16,2175,1526,4,946
1728464422692983000,1120,141,2542,1318,73,1126
1728464422693825000,811,293,2628,1113,64,1315
1728464422694676000,489,516,2665,895,98,1490
1728464422695519000,234,890,2630,682,159,1623
1728464422696362000,25,1221,2535,507,334,1687
1728464422697205000,0,1534,2136,325,522,1703
1728464422698047000,0,1837,1845,177,706,1639
1728464422698889000,0,2067,1534,64,884,1509
1728464422699731000,129,2625,1170,28,1020,1313
1728464422700573000,309,2848,824,22,1188,1102
1728464422701415000,586,2919,487,13,1315,877
1728464422702257000,872,2801,233,133,1392,658
1728464422703100000,1209,2508,21,244,1423,472
1728464422703943000,1514,2050,25,472,1402,282
1728464422704785000,1834,1742,0,715,1344,130
1728464422705627000,2099,1435,0,914,1204,21
1728464422706469000,2417,1103,142,1108,1026,0
1728464422707311000,2502,757,373,1279,843,0
1728464422708181000,2521,477,668,1432,656,28
1728464422709024000,2460,216,1005,1541,498,162
1728464422709867000,2341,29,1333,1621,333,362
1728464422710710000,1920,5,1686,1646,184,576
1728464422711552000,1659,4,1976,1600,70,794
1728464422712394000,1374,0,2423,1467,0,945
1728464422713236000,1011,165,2574,1275,0,1148
1728464422714078000,673,476,2656,1067,0,1353
1728464422714921000,414,662,2664,838,66,1528
1728464422715764000,172,986,2607,636,217,1649
1728464422716607000,0,1319,2499,457,388,1690
1728464422717449000,0,1612,2055,288,578,1688
1728464422718291000,0,1905,1761,133,757,1615
1728464422719133000,0,2376,1431,34,908,1464
1728464422719975000,198,2706,1065,0,1067,1263
1728464422720817000,458,2882,721,0,1216,1035
1728464422721641000,736,2909,400,2,1344,818
1728464422722484000,922,2736,145,221,1389,637
1728464422723327000,1268,2400,28,389,1417,444
1728464422724169000,1554,1926,17,490,1378,211
1728464422725011000,1905,1651,0,773,1315,80
1728464422725853000,2332,1329,2,981,1157,0
1728464422726695000,2445,1000,202,1151,974,0
1728464422727537000,2506,680,451,1330,794,5
1728464422728380000,2520,386,749,1464,628,54
1728464422729223000,2438,164,1095,1572,465,210
1728464422730065000,2306,13,1454,1632,293,417
1728464422730908000,1855,5,1739,1640,132,631
1728464422731750000,1573,0,2061,1575,39,852
1728464422732592000,1254,23,2458,1410,13,1127
1728464422733434000,945,224,2579,1208,9,1292
1728464422734276000,671,458,2644,1001,0,1365
1728464422735128000,346,743,2652,777,94,1560
1728464422735970000,119,1078,2591,587,260,1662
1728464422736813000,0,1409,2457,397,434,1709
1728464422737655000,0,1704,1988,244,623,1682
1728464422738498000,0,1984,1672,111,808,1584
1728464422739340000,27,2475,1331,5,1020,1406
1728464422740181000,207,2766,975,0,1154,1204
1728464422741023000,462,2905,633,0,1290,975
1728464422741865000,766,2875,349,43,1336,746
1728464422742708000,1193,2641,129,209,1377,541
1728464422743550000,1522,2304,58,407,1393,354
1728464422744392000,1719,1840,9,665,1377,185
1728464422745234000,1963,1571,0,835,1279,64
1728464422746076000,2376,1254,53,1021,1110,0
1728464422746918000,2464,911,258,1206,936,1
1728464422747760000,2518,593,528,1369,744,0
1728464422748890000,2496,326,837,1504,578,90
1728464422749733000,2400,109,1175,1575,412,271
1728464422750575000,2207,30,1531,1643,239,480
1728464422751417000,1773,9,1864,1641,119,693
1728464422752259000,1473,38,2149,1521,18,917
1728464422753101000,1160,116,2545,1355,0,1106
1728464422753943000,826,286,2622,1142,0,1300
1728464422754785000,546,538,2674,930,14,1478
1728464422755628000,277,833,2647,733,138,1596
1728464422756471000,69,1166,2574,533,304,1679
1728464422757314000,0,1499,2278,361,485,1704
1728464422758156000,0,1772,1917,206,676,1653
1728464422758998000,0,2038,1594,88,840,1550
1728464422759840000,64,2577,1239,0,1001,1349
1728464422760682000,274,2840,874,0,1163,1134
1728464422761524000,546,2935,557,0,1289,909
1728464422762098000,832,2928,260,111,1392,657
1728464422762941000,1212,2641,46,256,1429,474
1728464422763783000,1468,1957,8,445,1487,283
1728464422764626000,1768,1788,7,668,1356,149
1728464422765468000,2016,1495,0,884,1231,28
1728464422766310000,2403,1157,89,1075,1068,0
1728464422767152000,2489,832,320,1244,879,0
1728464422767994000,2510,516,602,1401,696,1
1728464422768837000,2476,253,926,1524,517,119
1728464422769679000,2376,66,1273,1612,370,320
1728464422770521000,1984,0,1620,1658,213,533
1728464422771363000,1703,4,1938,1628,73,754
1728464422772205000,1329,0,2221,1557,0,981
1728464422773047000,1018,106,2572,1351,0,1160
1728464422773889000,718,325,2648,1039,0,1330
1728464422774731000,460,594,2678,884,37,1515
1728464422775580000,224,913,2627,672,170,1623
1728464422776423000,26,1250,2523,497,352,1695
1728464422777265000,0,1557,2108,311,543,1695
1728464422778107000,0,1849,1829,175,716,1629
1728464422778949000,0,2089,1573,58,889,1493
1728464422779791000,116,2656,1173,0,1044,1335
1728464422780633000,338,2867,839,0,1203,1081
1728464422781475000,613,2924,471,0,1319,909
1728464422782318000,919,2781,174,106,1405,697
1728464422783160000,1317,2529,0,293,1436,375
1728464422784002000,1580,1984,0,507,1411,210
1728464422784844000,1840,1718,7,722,1332,117
1728464422785686000,2240,1413,0,927,1196,13
1728464422786528000,2429,1087,149,1119,1017,1
1728464422787370000,2510,744,392,1294,842,0
1728464422788212000,2520,448,678,1442,651,33
1728464422789063000,2433,197,1009,1555,487,168
1728464422789905000,2341,27,1364,1628,329,359
1728464422790747000,1908,9,1699,1650,160,588
1728464422791589000,1666,0,2006,1595,34,814
1728464422792431000,1443,0,2459,1463,0,999
1728464422793273000,1121,130,2624,1296,0,1200
1728464422794115000,726,375,2664,1047,0,1397
1728464422794958000,402,687,2664,823,71,1535
1728464422795801000,158,1003,2607,629,221,1646
1728464422796643000,0,1332,2487,439,401,1700
1728464422797485000,0,1639,2041,277,586,1680
1728464422798327000,0,1916,1744,138,769,1601
1728464422799169000,0,2408,1408,21,926,1452
1728464422800011000,158,2717,1045,0,1098,1248
1728464422800853000,404,2901,693,0,1239,1023
1728464422801695000,682,2955,417,0,1323,786
1728464422802554000,1000,2707,241,146,1419,616
1728464422803397000,1355,2429,41,335,1465,393
1728464422804239000,1638,1923,4,576,1400,221
1728464422805081000,1913,1640,1,784,1304,90
1728464422805923000,2343,1333,25,983,1138,0
1728464422806765000,2447,986,218,1170,975,0
1728464422807607000,2515,666,471,1338,776,0
1728464422808449000,2508,386,771,1451,597,21
1728464422809292000,2432,165,1108,1571,442,224
1728464422810134000,2295,1,1457,1647,282,425
1728464422810976000,1843,0,1797,1659,136,633
1728464422811818000,1584,72,2083,1562,33,854
1728464422812660000,1264,94,2503,1405,50,1044
1728464422813502000,935,110,2605,1205,69,1235
1728464422814344000,601,458,2665,988,0,1448
1728464422815187000,326,767,2667,770,113,1576
1728464422816065000,115,1102,2584,576,262,1670
1728464422816907000,0,1425,2446,404,448,1696
1728464422817749000,0,1706,1962,238,640,1675
1728464422818591000,57,1978,1660,105,798,1564
1728464422819433000,68,2496,1316,8,964,1397
1728464422820275000,217,2784,963,29,1128,1191
1728464422821117000,465,2929,614,18,1269,962
1728464422821959000,719,2858,336,102,1351,792
1728464422822801000,1051,2638,114,144,1393,522
1728464422823643000,1386,2282,5,372,1424,367
1728464422824485000,1717,1848,2,629,1377,180
1728464422825327000,1976,1554,0,849,1263,57
1728464422826169000,2378,1226,64,1036,1096,0
1728464422827011000,2480,892,274,1216,912,0
1728464422827853000,2520,578,546,1378,736,0
1728464422828695000,2481,320,861,1495,565,107
1728464422829520000,2400,109,1216,1592,410,271
1728464422830362000,2112,13,1554,1651,237,485
1728464422831205000,1775,4,1864,1634,101,718
1728464422832047000,1527,21,2137,1521,18,852
1728464422832889000,1205,90,2530,1356,0,1059
1728464422833731000,872,289,2624,1155,0,1270
1728464422834573000,529,538,2669,926,25,1485
1728464422835416000,267,863,2631,704,145,1615
1728464422836258000,64,1187,2556,530,323,1688
1728464422837101000,0,1504,2210,359,494,1706
1728464422837943000,0,1812,1897,194,685,1648
1728464422838785000,0,2039,1562,73,851,1528
1728464422839627000,90,2594,1216,0,992,1344
1728464422840469000,281,2837,865,11,1169,1135
1728464422841311000,594,2918,522,0,1268,900
1728464422842153000,962,2803,308,106,1349,669
1728464422843000000,1258,2546,52,320,1411,500
1728464422843842000,1473,2055,13,487,1412,299
1728464422844685000,1798,1768,5,698,1356,140
1728464422845527000,2030,1472,0,896,1222,37
1728464422846369000,2403,1146,114,1081,1058,0
1728464422847211000,2496,800,335,1271,872,0
1728464422848053000,2517,496,615,1409,682,2
1728464422848896000,2471,250,956,1531,517,149
1728464422849739000,2348,64,1293,1612,354,333
1728464422850582000,1940,0,1649,1653,204,543
1728464422851424000,1676,23,2016,1603,114,779
1728464422852266000,1373,34,2224,1487,14,970
1728464422853108000,1047,158,2599,1293,0,1179
1728464422853950000,744,345,2656,1091,0,1369
1728464422854792000,462,634,2672,867,53,1515
1728464422855635000,213,938,2626,662,197,1625
1728464422856494000,11,1281,2513,484,353,1697
1728464422857336000,0,1582,2119,306,539,1699
1728464422858178000,0,1957,1805,157,729,1621
1728464422859021000,0,2286,1487,48,905,1465
1728464422859863000,133,2703,1120,2,1059,1287
1728464422860705000,352,2912,779,0,1239,1075
1728464422861547000,618,2855,453,0,1389,833
1728464422862390000,967,2732,192,146,1446,619
1728464422863232000,1296,2439,18,336,1382,425
1728464422864074000,1576,1964,10,529,1413,253
1728464422864916000,1863,1685,0,751,1317,96
1728464422865758000,2300,1379,0,952,1177,9
1728464422866600000,2435,1055,161,1141,1011,5
1728464422867442000,2507,722,402,1304,818,0
1728464422868284000,2506,411,707,1451,636,29
1728464422869127000,2428,188,1046,1559,469,198
1728464422869970000,2320,18,1394,1632,306,392
1728464422870812000,1867,2,1728,1650,162,602
1728464422871654000,1576,4,2030,1556,48,847
1728464422872496000,1264,0,2481,1434,0,1058
1728464422873338000,949,224,2616,1236,0,1252
1728464422874180000,661,414,2665,1041,0,1411
1728464422875023000,381,700,2656,811,84,1545
1728464422875865000,151,1029,2596,618,237,1648
1728464422876708000,0,1356,2480,434,407,1696
1728464422877550000,0,1664,2032,260,588,1689
1728464422878392000,0,1936,1715,133,778,1666
1728464422879234000,0,2428,1363,23,948,1476
1728464422880076000,186,2744,1025,0,1096,1272
1728464422880918000,410,2916,679,0,1245,1048
1728464422881760000,770,2919,357,10,1344,701
1728464422882603000,1026,2814,121,192,1408,522
1728464422883455000,1364,2439,0,372,1439,362
1728464422884297000,1663,1917,5,583,1395,218
1728464422885139000,1933,1612,0,802,1295,74
1728464422885981000,2348,1305,29,996,1130,0
1728464422886823000,2455,973,241,1177,960,0
1728464422887665000,2511,644,480,1348,767,4
1728464422888507000,2511,354,784,1484,596,53
1728464422889350000,2426,143,1138,1593,431,240
1728464422890192000,2292,0,1485,1644,261,448
1728464422891035000,1871,0,1827,1643,105,658
1728464422891877000,1409,0,2079,1639,18,905
1728464422892719000,1100,41,2505,1473,0,1101
1728464422893561000,866,231,2615,1220,0,1285
1728464422894403000,586,490,2664,974,5,1454
1728464422895246000,312,790,2650,754,117,1574
1728464422896089000,97,1122,2563,565,282,1666
1728464422896939000,0,1444,2410,389,463,1702
1728464422897781000,0,1730,1940,226,649,1656
1728464422898623000,0,2001,1633,91,818,1564
1728464422899465000,33,2519,1337,1,980,1385
1728464422900307000,237,2811,968,0,1151,1180
1728464422901149000,495,2944,661,0,1314,956
1728464422901991000,777,2892,360,50,1367,765
1728464422902834000,1127,2624,37,211,1428,582
1728464422903676000,1449,2255,16,425,1433,337
1728464422904518000,1737,1821,0,636,1379,173
1728464422905360000,1985,1537,4,860,1249,47
1728464422906202000,2383,1208,81,1047,1088,0
1728464422907044000,2480,878,290,1222,902,6
1728464422907886000,2536,572,578,1386,727,0
1728464422908729000,2496,287,890,1511,549,109
1728464422909572000,2380,90,1223,1604,388,289
1728464422910420000,2079,5,1583,1662,228,498
1728464422911262000,1742,0,1900,1615,37,716
1728464422912104000,1487,0,2172,1513,0,942
1728464422912946000,1245,71,2581,1364,0,1143
1728464422913788000,812,289,2639,1144,0,1327
1728464422914630000,511,561,2672,919,30,1496
1728464422915473000,253,874,2636,704,154,1603
1728464422916316000,42,1201,2535,521,327,1681
1728464422917158000,0,1516,2173,346,511,1703
1728464422918000000,0,1819,1864,175,698,1646
1728464422918842000,0,2044,1543,64,866,1511
1728464422919684000,85,2611,1192,0,1020,1334
1728464422920526000,298,2860,838,0,1192,1124
1728464422921368000,565,2938,506,0,1308,879
1728464422922211000,877,2805,336,85,1412,680
1728464422923053000,1208,2575,90,261,1439,485
1728464422923906000,1532,2021,5,490,1419,275
1728464422924748000,1814,1747,1,719,1346,130
1728464422925590000,2048,1451,4,907,1208,31
1728464422926432000,2407,1125,132,1093,1037,1
1728464422927274000,2510,785,357,1278,865,0
1728464422928116000,2515,482,644,1424,666,0
1728464422928959000,2474,233,992,1546,506,146
1728464422929802000,2358,42,1325,1625,338,338
1728464422930644000,1933,0,1655,1665,213,558
1728464422931487000,1694,0,1978,1606,46,774
1728464422932329000,1379,0,2250,1480,0,992
1728464422933171000,1036,116,2578,1295,0,1186
1728464422934013000,720,366,2656,1072,0,1383
1728464422934855000,431,641,2663,850,64,1520
1728464422935698000,194,974,2611,647,202,1641
1728464422936541000,6,1314,2507,464,384,1691
1728464422937391000,0,1604,2076,296,565,1689
1728464422938233000,0,1890,1784,184,740,1615
1728464422939075000,0,2360,1455,26,912,1475
1728464422939917000,125,2698,1088,0,1078,1282
1728464422940759000,330,2892,738,0,1205,1050
1728464422941601000,628,2900,432,0,1344,852
1728464422942444000,963,2802,199,125,1398,610
1728464422943287000,1315,2446,15,330,1438,420
1728464422944129000,1601,1954,2,548,1401,244
1728464422944971000,1877,1667,10,767,1316,96
1728464422945813000,2321,1367,0,965,1173,7
1728464422946655000,2451,1029,179,1142,997,0
1728464422947497000,2506,692,429,1327,806,0
1728464422948339000,2520,413,727,1454,636,50
1728464422949182000,2439,188,1045,1555,459,186
1728464422950024000,2314,10,1402,1640,303,394
1728464422950877000,1865,90,1740,1680,157,597
1728464422951719000,1616,39,2021,1593,46,814
1728464422952561000,1304,13,2482,1416,58,1034
1728464422953403000,945,192,2604,1238,0,1244
1728464422954245000,642,431,2662,1018,0,1424
1728464422955088000,369,732,2656,800,85,1555
1728464422955931000,129,1053,2591,601,245,1653
1728464422956773000,0,1392,2473,412,413,1714
1728464422957615000,71,1679,2013,250,604,1676
1728464422958457000,41,1951,1695,120,779,1585
1728464422959299000,71,2458,1361,19,940,1416
1728464422960141000,206,2776,1010,29,1106,1230
1728464422960983000,349,2912,640,42,1246,1024
1728464422961825000,658,2881,386,92,1344,814
1728464422962668000,1032,2680,114,146,1434,552
1728464422963511000,1396,2348,0,389,1430,365
1728464422964364000,1680,1878,10,610,1389,200
1728464422965206000,1944,1600,0,821,1279,79
1728464422966048000,2368,1275,41,1014,1134,0
1728464422966890000,2478,932,229,1206,951,0
1728464422967732000,2513,605,512,1351,761,0
1728464422968575000,2482,343,817,1482,585,88
1728464422969418000,2415,126,1154,1580,426,250
1728464422970260000,2267,11,1482,1656,261,466
1728464422971102000,1812,13,1788,1624,148,725
1728464422971944000,1570,29,2074,1550,14,812
1728464422972786000,1244,48,2504,1389,0,1039
1728464422973628000,869,245,2630,1188,0,1305
1728464422974470000,559,509,2678,960,11,1464
1728464422975313000,298,814,2641,743,127,1585
1728464422976155000,83,1138,2562,558,279,1670
1728464422976998000,0,1460,2366,378,471,1708
1728464422977846000,0,1731,1929,209,689,1669
1728464422978688000,0,1996,1613,100,838,1543
1728464422979530000,54,2545,1261,0,985,1376
1728464422980372000,335,2823,909,0,1128,1164
1728464422981214000,632,2914,613,2,1257,936
1728464422982056000,898,2835,346,69,1344,722
1728464422982899000,1103,2610,82,278,1416,519
1728464422983742000,1472,2170,18,437,1428,322
1728464422984584000,1751,1815,2,660,1365,162
1728464422985426000,2016,1512,0,873,1248,45
1728464422986267000,2391,1193,87,1052,1079,0
1728464422987109000,2496,858,301,1240,901,0
1728464422987951000,2520,546,582,1394,712,1
1728464422988794000,2480,296,910,1508,528,122
1728464422989637000,2375,75,1253,1617,383,301
1728464422990479000,2029,0,1705,1641,225,519
1728464422991329000,1706,0,2026,1614,104,743
1728464422992170000,1426,0,2242,1518,50,960
1728464422993012000,1108,96,2557,1345,0,1149
1728464422993854000,783,316,2641,1125,0,1344
1728464422994696000,489,591,2659,894,40,1495
1728464422995539000,247,898,2630,696,175,1610
1728464422996382000,38,1222,2534,520,333,1690
1728464422997224000,0,1538,2138,323,518,1692
1728464422998066000,0,1841,1841,180,707,1633
1728464422998908000,0,2064,1519,64,885,1496
1728464422999750000,98,2691,1166,0,1032,1307
1728464423000592000,305,2937,804,21,1218,1063
1728464423001434000,629,2988,471,0,1299,853
1728464423002277000,917,2708,247,96,1469,651
1728464423003120000,1229,2528,28,287,1437,463
1728464423003962000,1542,2007,9,497,1415,268
1728464423004816000,1825,1748,5,721,1344,138
1728464423005658000,2078,1440,0,914,1194,26
1728464423006500000,2418,1107,138,1114,1032,0
1728464423007342000,2511,758,386,1290,839,0
1728464423008184000,2520,476,678,1424,650,36
1728464423009027000,2464,234,1008,1543,500,168
1728464423009869000,2352,34,1344,1634,328,356
1728464423010711000,1813,0,1670,1721,161,597
1728464423011553000,1582,0,2026,1647,66,804
1728464423012395000,1280,5,2447,1486,0,1000
1728464423013237000,1017,146,2588,1285,0,1195
1728464423014079000,705,366,2648,1069,0,1390
1728464423014922000,421,661,2657,842,66,1528
1728464423015764000,170,980,2616,642,212,1638
1728464423016607000,0,1309,2498,454,378,1703
1728464423017449000,0,1620,2057,282,576,1687
1728464423018309000,0,1903,1842,142,763,1614
1728464423019151000,0,2378,1475,37,914,1464
1728464423019993000,141,2714,1103,0,1088,1274
1728464423020835000,386,2928,772,0,1267,1061
1728464423021677000,690,2926,458,4,1318,889
1728464423022520000,997,2714,114,151,1390,672
1728464423023362000,1325,2423,0,343,1429,405
1728464423024204000,1615,1932,5,564,1404,237
1728464423025046000,1904,1650,2,778,1303,100
1728464423025888000,2324,1341,15,978,1155,1
1728464423026730000,2441,995,201,1161,978,0
1728464423027572000,2514,682,442,1328,796,0
1728464423028415000,2508,399,751,1472,620,47
1728464423029258000,2432,153,1089,1568,454,220
1728464423030101000,2313,0,1439,1644,321,392
1728464423030943000,1873,0,1752,1661,103,633
1728464423031778000,1583,0,2064,1544,0,860
1728464423032620000,1250,18,2504,1432,0,1051
1728464423033462000,927,197,2615,1229,0,1256
1728464423034304000,625,455,2657,993,0,1446
1728464423035147000,352,751,2654,781,116,1566
1728464423035990000,123,1084,2587,591,256,1667
1728464423036832000,0,1407,2465,411,437,1705
1728464423037674000,0,1708,1984,281,626,1685
1728464423038516000,0,1969,1670,133,807,1575
1728464423039358000,8,2496,1344,9,960,1421
1728464423040200000,165,2785,989,0,1131,1204
1728464423041042000,427,2925,616,0,1248,990
1728464423041884000,751,2894,348,20,1362,784
1728464423042727000,1088,2668,112,193,1409,554
1728464423043569000,1406,2314,5,404,1432,358
1728464423044411000,1697,1859,0,618,1388,184
1728464423045261000,1960,1579,0,838,1270,64
1728464423046103000,2371,1250,46,1023,1118,0
1728464423046945000,2468,924,253,1201,933,5
1728464423047787000,2511,599,497,1360,743,0
1728464423048630000,2496,330,832,1490,576,94
1728464423049473000,2410,114,1169,1592,413,250
1728464423050315000,2228,0,1489,1647,232,408
1728464423051157000,1764,101,1831,1632,98,639
1728464423051999000,1466,98,2112,1546,28,876
1728464423052841000,1169,69,2528,1375,0,1113
1728464423053683000,847,266,2627,1167,0,1306
1728464423054525000,540,520,2669,940,12,1472
1728464423055368000,285,832,2631,725,141,1600
1728464423056210000,65,1173,2556,538,295,1680
1728464423057052000,0,1458,2292,369,514,1700
1728464423057894000,0,1748,1908,202,698,1656
1728464423058745000,0,2025,1600,92,832,1535
1728464423059587000,66,2588,1240,0,1000,1370
1728464423060429000,375,2833,897,0,1124,1137
1728464423061271000,651,2908,597,8,1275,920
1728464423062113000,936,2827,322,78,1363,700
1728464423062955000,1162,2592,75,250,1432,505
1728464423063797000,1477,2097,5,453,1431,320
1728464423064639000,1778,1791,2,680,1370,142
1728464423065481000,2014,1490,0,894,1239,42
1728464423066323000,2403,1167,100,1074,1070,0
1728464423067165000,2490,836,326,1254,881,11
1728464423068007000,2510,530,599,1397,700,5
1728464423068849000,2476,274,931,1535,540,130
1728464423069692000,2377,56,1295,1615,377,320
1728464423070534000,1973,42,1676,1641,215,528
1728464423071377000,1700,0,1809,1611,66,846
1728464423072240000,1409,0,2119,1497,0,1031
1728464423073082000,1088,112,2560,1328,0,1160
1728464423073924000,760,330,2654,1108,0,1352
1728464423074766000,474,601,2673,885,37,1511
1728464423075609000,221,912,2627,681,184,1632
1728464423076451000,26,1249,2517,491,352,1697
1728464423077293000,0,1633,2115,320,540,1675
1728464423078135000,0,1877,1825,178,713,1621
1728464423078977000,0,2096,1506,57,898,1483
1728464423079819000,113,2703,1150,0,1125,1309
1728464423080661000,324,2791,793,0,1279,1073
1728464423081503000,597,2880,480,13,1362,847
1728464423082346000,935,2779,217,116,1387,645
1728464423083189000,1261,2508,18,296,1431,451
1728464423084031000,1556,1990,0,514,1419,266
1728464423084873000,1838,1720,2,730,1324,118
1728464423085713000,2200,1419,4,936,1198,8
1728464423086554000,2435,1088,138,1123,1025,5
1728464423087396000,2496,737,377,1292,832,6
1728464423088238000,2508,434,691,1439,646,40
1728464423089081000,2455,210,1026,1554,490,177
1728464423089923000,2319,41,1363,1603,320,394
1728464423090765000,1893,57,1722,1631,178,590
1728464423091607000,1602,42,2018,1600,50,786
1728464423092449000,1311,0,2484,1473,0,1017
1728464423093291000,997,165,2583,1269,0,1223
1728464423094133000,697,395,2656,1052,0,1399
1728464423094976000,405,685,2659,843,79,1540
1728464423095819000,167,1003,2606,636,210,1642
1728464423096662000,0,1330,2476,448,402,1755
1728464423097504000,0,1636,2009,272,588,1728
1728464423098346000,0,1923,1729,138,767,1593
1728464423099195000,0,2407,1398,31,932,1448
1728464423100037000,205,2739,1016,0,1082,1182
1728464423100879000,386,3007,683,0,1230,983
1728464423101721000,656,2959,379,33,1357,766
1728464423102564000,1010,2734,153,161,1412,591
1728464423103406000,1350,2406,0,350,1437,394
1728464423104248000,1651,1929,5,577,1390,221
1728464423105090000,1901,1638,10,786,1294,88
1728464423105932000,2338,1330,14,981,1146,0
1728464423106774000,2461,975,210,1169,960,0
1728464423107616000,2521,658,462,1345,781,0
1728464423108459000,2510,386,798,1472,587,58
1728464423109302000,2426,146,1120,1584,437,226
1728464423110144000,2207,0,1458,1711,269,475
1728464423110986000,1750,9,1810,1704,122,686
1728464423111828000,1497,0,2117,1612,34,857
1728464423112688000,1238,36,2511,1420,0,1082
1728464423113530000,917,215,2618,1219,2,1264
1728464423114372000,605,462,2660,1000,2,1445
1728464423115215000,341,766,2654,778,107,1568
1728464423116057000,110,1091,2576,587,265,1670
1728464423116899000,0,1420,2440,394,454,1710
1728464423117741000,0,1720,1984,242,638,1670
1728464423118583000,0,1984,1720,105,817,1574
1728464423119425000,28,2520,1359,5,967,1414
1728464423120267000,206,2812,1006,0,1146,1190
1728464423121109000,474,2944,658,0,1256,1042
1728464423121951000,772,2878,306,43,1362,786
1728464423122794000,1101,2647,90,200,1423,543
1728464423123636000,1432,2287,10,417,1442,342
1728464423124478000,1720,1836,0,636,1376,184
1728464423125320000,1959,1543,0,837,1252,64
1728464423126166000,2372,1234,66,1034,1102,0
1728464423127008000,2486,890,258,1231,921,0
1728464423127850000,2527,583,546,1378,730,0
1728464423128692000,2485,309,863,1507,562,100
1728464423129535000,2408,50,1199,1615,440,261
1728464423130377000,2127,0,1547,1635,173,477
1728464423131219000,1889,0,1888,1634,74,707
1728464423132061000,1472,11,2152,1534,18,930
1728464423132903000,1148,73,2552,1367,0,1125
1728464423133745000,825,278,2628,1152,0,1321
1728464423134587000,522,547,2668,921,30,1477
1728464423135430000,274,869,2627,707,151,1605
1728464423136273000,64,1186,2544,541,312,1679
1728464423137115000,0,1496,2206,356,495,1704
1728464423137957000,0,1796,1894,192,682,1644
1728464423138799000,0,2054,1571,73,856,1548
1728464423139648000,65,2657,1228,0,1023,1349
1728464423140490000,272,2871,873,0,1165,1113
1728464423141332000,542,2909,556,0,1298,892
1728464423142174000,864,2832,258,84,1375,701
1728464423143017000,1186,2559,58,262,1424,487
1728464423143859000,1498,2051,2,470,1423,296
1728464423144701000,1794,1768,2,694,1355,136
1728464423145543000,2032,1468,0,902,1228,31
1728464423146385000,2407,1150,104,1063,1060,2
1728464423147227000,2497,812,330,1259,873,0
1728464423148069000,2530,498,610,1422,690,9
1728464423148912000,2486,250,942,1539,518,123
1728464423149755000,2395,96,1274,1622,385,298
1728464423150597000,1959,0,1626,1631,277,527
1728464423151439000,1659,0,1943,1615,149,753
1728464423152281000,1388,2,2200,1504,4,981
1728464423153133000,1065,126,2573,1314,0,1181
1728464423153975000,736,340,2655,1090,0,1367
1728464423154817000,454,628,2663,864,52,1517
1728464423155660000,210,952,2624,666,192,1634
1728464423156502000,125,1269,2519,480,348,1695
1728464423157344000,23,1582,2112,307,538,1702
1728464423158186000,0,1863,1801,193,729,1628
1728464423159028000,0,2289,1489,57,895,1492
1728464423159870000,68,2668,1151,30,1052,1299
1728464423160712000,308,2881,772,0,1210,1064
1728464423161554000,613,2907,459,0,1323,862
1728464423162397000,961,2761,193,133,1407,637
1728464423163239000,1284,2475,7,309,1426,434
1728464423164081000,1576,1968,0,536,1408,252
1728464423164923000,1860,1684,0,750,1316,105
1728464423165765000,2303,1388,0,951,1185,0
1728464423166673000,2436,1053,159,1133,1015,1
1728464423167515000,2503,719,382,1299,816,0
1728464423168357000,2509,420,705,1443,634,34
1728464423169200000,2470,192,1022,1562,480,126
1728464423170042000,2335,17,1359,1625,299,309
1728464423170884000,1861,129,1688,1648,167,556
1728464423171726000,1606,53,2016,1592,64,808
1728464423172568000,1294,0,2479,1462,0,1031
1728464423173410000,976,174,2593,1253,0,1233
1728464423174252000,666,413,2662,1034,0,1410
1728464423175094000,388,698,2659,817,85,1544
1728464423175937000,160,1027,2598,616,229,1656
1728464423176779000,0,1344,2486,434,394,1696
1728464423177621000,0,1640,2022,264,580,1683
1728464423178463000,26,1934,1728,132,769,1596
1728464423179305000,88,2407,1421,49,917,1443
1728464423180114000,290,2736,1066,0,1071,1235
1728464423180956000,505,2907,728,0,1224,1007
1728464423181798000,724,2893,383,23,1349,786
1728464423182641000,1040,2711,143,178,1416,576
1728464423183484000,1368,2380,0,375,1440,389
1728464423184326000,1663,1914,2,586,1386,202
1728464423185168000,1922,1606,1,808,1286,77
1728464423186010000,2336,1318,26,986,1131,0
1728464423186852000,2462,982,232,1176,974,0
1728464423187694000,2515,651,480,1337,773,2
1728464423188536000,2494,354,794,1484,596,66
1728464423189379000,2412,165,1191,1573,429,242
1728464423190221000,2282,0,1398,1634,271,526
1728464423191064000,1794,0,1763,1632,150,711
1728464423191906000,1524,2,2096,1560,29,880
1728464423192748000,1216,41,2520,1411,0,1080
1728464423193596000,888,226,2619,1200,0,1290
1728464423194438000,581,489,2668,969,8,1456
1728464423195281000,306,789,2649,756,117,1575
1728464423196124000,97,1157,2568,568,327,1660
1728464423196967000,0,1423,2405,392,516,1693
1728464423197809000,0,1705,1939,229,679,1664
1728464423198651000,0,1987,1635,98,839,1571
1728464423199493000,58,2510,1292,0,914,1378
1728464423200335000,235,2803,914,0,1095,1175
1728464423201177000,626,2910,609,0,1244,922
1728464423202019000,804,2865,307,64,1365,730
1728464423202862000,1130,2624,96,221,1413,521
1728464423203705000,1442,2240,11,425,1432,327
1728464423204547000,1735,1831,0,638,1360,169
1728464423205389000,1991,1539,4,852,1251,43
1728464423206231000,2376,1208,78,1050,1088,2
1728464423207071000,2463,872,297,1216,910,0
1728464423207913000,2509,576,570,1379,717,4
1728464423208756000,2488,302,885,1506,552,106
1728464423209599000,2379,71,1324,1600,410,301
1728464423210441000,2070,41,1635,1642,250,497
1728464423211284000,1743,10,1818,1624,87,804
1728464423212126000,1441,0,2164,1527,9,936
1728464423212968000,1127,89,2553,1351,0,1133
1728464423213810000,809,290,2640,1140,5,1319
1728464423214652000,506,559,2664,921,37,1494
1728464423215495000,256,875,2641,704,154,1612
1728464423216337000,48,1260,2529,525,327,1676
1728464423217179000,0,1553,2164,338,516,1693
1728464423218021000,0,1838,1862,194,730,1642
1728464423218863000,0,1968,1544,64,940,1518
1728464423219705000,82,2583,1175,0,1076,1319
1728464423220556000,320,2822,817,11,1231,1104
1728464423221398000,586,2912,512,0,1318,893
1728464423222240000,885,2826,253,98,1384,674
1728464423223083000,1216,2551,38,271,1436,480
1728464423223925000,1508,2023,4,488,1413,281
1728464423224768000,1816,1743,0,708,1350,129
1728464423225610000,2049,1455,0,917,1210,28
1728464423226452000,2389,1114,133,1093,1033,2
1728464423227294000,2487,791,357,1277,855,0
1728464423228136000,2515,481,650,1425,674,10
1728464423228979000,2452,217,949,1499,500,173
1728464423229822000,2355,82,1356,1604,338,346
1728464423230664000,1926,34,1678,1646,186,560
1728464423231507000,1666,4,1973,1602,73,781
1728464423232348000,1359,5,2274,1487,0,992
1728464423233190000,1042,141,2577,1294,0,1191
1728464423234039000,722,357,2652,1080,0,1373
1728464423234881000,442,648,2648,850,53,1520
1728464423235723000,188,965,2621,650,205,1640
1728464423236566000,9,1301,2477,457,373,1747
1728464423237408000,0,1600,2068,298,560,1719
1728464423238250000,0,1894,1777,144,741,1625
1728464423239092000,23,2382,1426,42,898,1408
1728464423239934000,141,2709,1063,0,1080,1225
1728464423240776000,354,2995,727,0,1220,1010
1728464423241618000,653,2913,439,0,1332,832
1728464423242461000,975,2758,184,136,1396,631
1728464423243304000,1307,2447,17,329,1435,420
1728464423244146000,1600,1950,2,555,1408,242
1728464423244988000,1885,1673,4,756,1316,101
1728464423245830000,2322,1370,0,966,1156,16
1728464423246672000,2446,1012,178,1141,975,1
1728464423247523000,2511,696,427,1323,785,1
1728464423248365000,2524,401,727,1457,631,30
1728464423249208000,2510,170,1108,1574,440,207
1728464423250050000,2328,0,1395,1708,285,410
1728464423250892000,1781,0,1728,1713,137,657
1728464423251734000,1585,0,2039,1580,50,827
1728464423252576000,1279,18,2481,1439,0,1042
1728464423253418000,962,193,2609,1232,0,1247
1728464423254260000,640,442,2666,1023,0,1416
1728464423255103000,369,723,2668,799,96,1555
1728464423255945000,129,1063,2585,591,234,1657
1728464423256788000,0,1386,2462,418,420,1698
1728464423257630000,0,1684,2065,242,599,1683
1728464423258472000,0,1969,1760,120,789,1600
1728464423259314000,0,2500,1413,0,971,1431
1728464423260156000,188,2797,1060,0,1108,1207
1728464423261007000,436,2918,715,0,1256,1000
1728464423261849000,741,2892,365,34,1357,769
1728464423262692000,1066,2687,132,192,1417,558
1728464423263534000,1388,2335,0,389,1431,378
1728464423264376000,1679,1880,6,602,1379,193
1728464423265218000,1941,1584,0,821,1280,70
1728464423266060000,2368,1272,23,1014,1128,0
1728464423266902000,2471,939,226,1196,937,0
1728464423267744000,2528,614,504,1363,761,0
1728464423268586000,2520,381,790,1482,642,64
1728464423269429000,2407,53,1140,1607,471,224
1728464423270271000,2282,0,1486,1664,302,441
1728464423271113000,1794,2,1835,1636,114,672
1728464423271955000,1505,0,2113,1557,29,901
1728464423272797000,1200,50,2528,1388,0,1098
1728464423273638000,863,251,2624,1188,0,1291
1728464423274491000,576,501,2672,961,9,1464
1728464423275334000,320,811,2644,745,117,1583
1728464423276177000,69,1121,2565,602,289,1669
1728464423277019000,0,1456,2348,409,458,1716
1728464423277861000,0,1756,1941,225,649,1659
1728464423278703000,0,2021,1641,130,832,1555
1728464423279545000,13,2543,1274,0,982,1355
1728464423280387000,212,2784,901,0,1146,1152
1728464423281229000,517,2929,581,0,1287,940
1728464423282071000,828,2859,302,68,1376,714
1728464423282913000,1160,2608,75,234,1434,512
1728464423283755000,1473,2168,9,448,1423,322
1728464423284597000,1747,1811,11,657,1365,155
1728464423285439000,2010,1528,0,864,1256,56
1728464423286281000,2405,1201,83,1055,1088,0
1728464423287123000,2482,864,305,1248,901,0
1728464423289987000,2528,546,585,1392,710,0
1728464423290830000,2481,277,838,1508,558,181
1728464423291673000,2424,101,1203,1603,381,210
1728464423292515000,2087,37,1555,1643,201,442
1728464423293357000,1728,0,1909,1629,90,738
1728464423294199000,1423,0,2167,1520,0,947
1728464423295041000,1118,93,2549,1344,0,1139
1728464423295883000,790,306,2638,1135,0,1348
1728464423296725000,488,579,2684,893,25,1508
1728464423297568000,233,862,2628,691,221,1600
1728464423298410000,37,1205,2528,505,362,1685
1728464423299252000,0,1519,2136,325,542,1691
1728464423300094000,0,1817,1856,181,700,1648
1728464423300936000,0,2044,1512,52,819,1494
1728464423301778000,162,2622,1162,0,1000,1305
1728464423302620000,425,2848,811,0,1158,1103
1728464423303462000,596,2931,491,0,1314,874
1728464423304305000,910,2798,225,108,1387,658
1728464423305147000,1239,2524,33,288,1424,458
1728464423305989000,1536,2022,8,498,1418,274
1728464423306831000,1826,1740,5,715,1332,133
1728464423307673000,2071,1446,2,912,1199,16
1728464423308515000,2426,1103,134,1103,1034,0
1728464423309357000,2504,778,381,1276,841,1
1728464423310199000,2506,482,674,1411,656,21
1728464423311041000,2451,226,987,1533,498,162
1728464423311883000,2341,20,1461,1626,356,361
1728464423312725000,1922,9,1747,1656,186,576
1728464423313568000,1650,13,1996,1603,58,796
1728464423314410000,1341,0,2451,1478,0,1001
1728464423315252000,1022,148,2586,1289,0,1198
1728464423316094000,709,380,2663,1068,0,1385
1728464423316951000,413,666,2671,844,69,1538
1728464423317794000,186,981,2599,631,213,1635
1728464423318636000,0,1314,2491,471,386,1682
1728464423319478000,0,1647,2063,283,576,1689
1728464423320320000,0,1989,1746,170,750,1583
1728464423321162000,6,2425,1417,25,940,1436
1728464423322004000,170,2752,1060,0,1072,1237
1728464423322846000,389,2903,736,0,1231,1042
1728464423323688000,678,2912,414,9,1334,832
1728464423324531000,992,2739,170,149,1390,604
1728464423325373000,1314,2420,2,341,1429,406
1728464423326215000,1615,1932,0,552,1394,239
1728464423327057000,1899,1642,10,782,1298,111
1728464423327899000,2324,1333,10,975,1148,0
1728464423328740000,2451,1008,206,1155,979,4
1728464423329582000,2518,682,444,1329,798,0
1728464423330444000,2544,380,727,1528,599,50
1728464423331287000,2373,154,1097,1622,437,249
1728464423332129000,2272,0,1465,1679,274,402
1728464423332972000,1857,5,1766,1649,138,626
1728464423333814000,1566,0,2067,1574,45,854
1728464423334656000,1254,30,2496,1424,0,1061
1728464423335498000,939,207,2610,1226,0,1250
1728464423336340000,624,449,2657,1002,0,1436
1728464423337183000,345,753,2655,769,97,1565
1728464423338026000,116,1082,2623,588,251,1660
1728464423338869000,0,1406,2465,407,429,1700
1728464423339711000,0,1704,2020,241,613,1681
1728464423340553000,0,1944,1592,107,794,1666
1728464423341395000,17,2468,1273,0,969,1486
1728464423342237000,207,2786,929,0,1146,1253
1728464423343079000,459,2921,633,0,1265,984
1728464423343921000,767,2881,350,44,1351,757
1728464423344764000,1088,2657,109,205,1409,558
1728464423345606000,1409,2316,20,393,1424,363
1728464423346448000,1695,1873,1,617,1387,199
1728464423347291000,1984,1543,0,832,1284,53
1728464423348133000,2370,1239,57,1032,1106,0
1728464423348975000,2464,906,267,1210,933,0
1728464423349817000,2530,594,509,1368,760,2
1728464423350660000,2516,308,832,1484,506,81
1728464423351503000,2532,96,1184,1586,376,256
1728464423352345000,2268,9,1559,1660,217,471
1728464423353188000,1785,0,1847,1639,116,688
1728464423354030000,1485,8,2129,1543,16,907
1728464423354872000,1167,73,2535,1371,0,1109
1728464423355714000,852,267,2618,1168,0,1305
1728464423356556000,554,526,2668,944,10,1472
1728464423357402000,260,832,2648,719,135,1593
1728464423358244000,66,1172,2563,528,293,1684
1728464423359086000,0,1491,2279,362,475,1708
1728464423359928000,0,1793,1916,192,670,1665
1728464423360770000,0,2019,1626,77,836,1534
1728464423361612000,64,2552,1348,0,1034,1388
1728464423362454000,264,2836,933,0,1164,1156
1728464423363296000,543,2927,557,0,1298,912
1728464423364138000,846,2831,277,85,1374,704
1728464423364981000,1174,2583,77,247,1413,498
1728464423365823000,1472,2095,11,461,1421,314
1728464423366666000,1775,1788,0,674,1359,154
1728464423367508000,2012,1487,0,895,1232,23
1728464423368350000,2400,1174,98,1072,1071,1
1728464423369192000,2485,837,299,1257,887,0
1728464423370034000,2503,576,583,1431,709,0
1728464423370885000,2509,325,919,1535,567,116
1728464423371727000,2352,0,1266,1614,421,309
1728464423372569000,1976,10,1614,1654,210,538
1728464423373412000,1701,2,1933,1620,79,745
1728464423374254000,1406,0,2174,1508,4,963
1728464423375096000,1088,117,2572,1311,0,1166
1728464423375938000,761,346,2643,1100,0,1358
1728464423376780000,563,597,2662,882,39,1504
1728464423377623000,269,927,2624,708,166,1617
1728464423378465000,14,1258,2520,511,346,1689
1728464423379307000,0,1563,2126,321,518,1707
1728464423380149000,0,1858,1839,114,705,1632
1728464423380991000,0,2118,1496,2,887,1498
1728464423381833000,94,2668,1139,0,1031,1335
1728464423382675000,329,2880,802,0,1200,1094
1728464423383517000,613,2919,474,0,1314,858
1728464423384374000,936,2785,221,128,1397,644
1728464423385217000,1260,2488,18,305,1431,457
1728464423386060000,1553,1984,2,517,1417,257
1728464423386902000,1831,1703,0,747,1325,113
1728464423387744000,2172,1400,0,933,1191,18
1728464423388586000,2425,1072,125,1124,1011,0
1728464423389428000,2516,716,375,1301,845,0
1728464423390270000,2529,442,626,1437,666,77
1728464423391113000,2496,205,992,1551,480,98
1728464423391955000,2325,149,1340,1637,331,343
1728464423392798000,1911,4,1704,1651,174,581
1728464423393640000,1632,2,2006,1600,64,814
1728464423394482000,1327,0,2468,1460,0,1015
1728464423395324000,992,175,2591,1261,0,1223
1728464423396166000,690,405,2657,1035,0,1399
1728464423397009000,400,679,2663,832,101,1529
1728464423397854000,168,1006,2610,618,215,1646
1728464423398697000,7,1338,2480,440,380,1690
1728464423399539000,18,1638,2047,269,565,1692
1728464423400382000,74,1916,1784,133,736,1602
1728464423401224000,64,2415,1412,33,919,1446
1728464423402066000,234,2710,1041,23,1088,1257
1728464423402908000,402,2912,704,0,1230,1034
1728464423403750000,690,2904,407,21,1344,802
1728464423404593000,1015,2709,146,164,1403,591
1728464423405435000,1358,2387,0,366,1440,390
1728464423406277000,1635,1905,0,581,1393,221
1728464423407119000,1903,1634,4,792,1288,81
1728464423407961000,2339,1312,23,993,1141,0
1728464423408803000,2450,972,207,1176,970,0
1728464423409645000,2520,650,466,1326,766,0
1728464423410487000,2497,345,877,1461,618,79
1728464423411340000,2413,165,1170,1572,453,226
1728464423412182000,2295,0,1454,1646,282,457
1728464423413024000,1840,8,1799,1645,132,650
1728464423413866000,1546,0,2094,1559,36,861
1728464423414708000,1234,37,2504,1416,0,1080
1728464423415550000,918,224,2611,1201,0,1272
1728464423416392000,601,484,2661,977,5,1431
1728464423417234000,338,844,2650,757,114,1560
1728464423418077000,113,1139,2572,576,266,1653
1728464423418919000,0,1465,2437,394,455,1700
1728464423419761000,4,1612,1970,222,711,1658
1728464423420603000,0,1915,1654,125,864,1558
1728464423421445000,52,2496,1300,13,921,1398
1728464423422287000,239,2797,952,0,1153,1191
1728464423423129000,488,2926,608,0,1273,970
1728464423423971000,779,2872,341,46,1356,749
1728464423424824000,1101,2639,106,221,1420,540
1728464423425666000,1428,2282,1,415,1438,348
1728464423426508000,1690,1856,8,634,1370,178
1728464423427350000,1937,1557,0,848,1269,66
1728464423428192000,2375,1227,68,1040,1095,0
1728464423429034000,2475,888,273,1227,928,0
1728464423429876000,2490,564,553,1402,723,0
1728464423430718000,2472,306,840,1456,552,113
1728464423431561000,2397,142,1222,1589,404,286
1728464423432403000,2163,2,1553,1664,231,480
1728464423433246000,1771,2,1880,1637,105,710
1728464423434088000,1472,5,2154,1526,11,931
1728464423434930000,1136,77,2535,1364,0,1113
1728464423435772000,832,273,2630,1158,0,1318
1728464423436614000,528,551,2694,919,23,1504
1728464423437457000,265,857,2622,711,148,1636
1728464423438363000,73,1186,2544,521,320,1687
1728464423439205000,0,1503,2225,361,487,1695
1728464423440047000,0,1838,1858,192,685,1600
1728464423440889000,0,2139,1554,109,874,1504
1728464423441731000,116,2648,1206,4,1028,1322
1728464423442573000,289,2850,864,0,1171,1139
1728464423443415000,554,2927,543,0,1305,901
1728464423444257000,873,2839,258,85,1377,699
1728464423445100000,1193,2561,65,261,1414,498
1728464423445942000,1504,2047,8,474,1423,300
1728464423446784000,1794,1760,8,690,1326,145
1728464423447626000,2028,1477,0,900,1216,29
1728464423448468000,2408,1150,114,1090,1058,0
1728464423449310000,2527,791,334,1261,858,0
1728464423450152000,2514,486,602,1499,674,20
1728464423450995000,2417,240,954,1580,505,189
1728464423451792000,2340,64,1301,1633,357,338
1728464423452634000,1957,5,1637,1653,201,545
1728464423453477000,1688,2,1952,1614,83,764
1728464423454319000,1392,0,2188,1502,5,977
1728464423455161000,1066,126,2568,1306,0,1179
1728464423456003000,742,351,2656,1092,0,1363
1728464423456845000,450,624,2696,866,54,1516
1728464423457688000,216,946,2648,660,186,1626
1728464423458530000,21,1271,2532,487,354,1728
1728464423459372000,0,1584,2031,289,522,1789
1728464423460214000,0,1861,1749,157,752,1699
1728464423461056000,34,2257,1440,42,924,1439
1728464423461898000,136,2687,1131,2,1058,1294
1728464423462740000,361,2886,783,0,1208,1078
1728464423463582000,638,2916,463,0,1317,855
1728464423464425000,960,2759,206,132,1405,640
1728464423465269000,1278,2476,17,306,1430,441
1728464423466111000,1579,1975,0,533,1409,233
1728464423466954000,1864,1679,0,751,1323,109
1728464423467796000,2311,1391,0,937,1167,5
1728464423468638000,2442,1054,161,1135,1012,0
1728464423469480000,2552,696,390,1301,776,0
1728464423470322000,2608,410,730,1458,601,21
1728464423471165000,2496,168,1036,1559,448,184
1728464423472007000,2335,21,1387,1639,309,382
1728464423472850000,1888,4,1715,1651,162,608
1728464423473692000,1612,1,2023,1587,53,821
1728464423474534000,1298,0,2476,1456,0,1033
1728464423475376000,978,165,2593,1263,0,1229
1728464423476218000,652,414,2658,1026,0,1418
1728464423477061000,374,696,2659,812,84,1544
1728464423477904000,150,1021,2594,610,224,1649
1728464423478767000,0,1353,2519,431,400,1713
1728464423479609000,0,1693,2101,240,618,1703
1728464423480452000,0,1959,1618,121,766,1678
1728464423481294000,0,2412,1301,26,937,1520
1728464423482136000,179,2752,1035,0,1097,1245
1728464423482978000,424,2919,693,0,1244,1013
1728464423483820000,727,2887,388,30,1345,784
1728464423484663000,1047,2712,148,180,1406,578
1728464423485505000,1377,2389,0,367,1441,392
1728464423486348000,1666,1922,2,587,1394,216
1728464423487190000,1929,1616,2,805,1296,77
1728464423488032000,2360,1314,29,1000,1146,0
1728464423488874000,2475,980,213,1186,967,0
1728464423489716000,2510,576,477,1336,846,0
1728464423490559000,2488,301,786,1490,629,64
1728464423491402000,2416,94,1107,1570,372,234
1728464423492246000,2296,0,1475,1646,276,448
1728464423493088000,1815,5,1805,1640,130,660
1728464423493930000,1528,0,2096,1564,34,885
1728464423494772000,1216,42,2517,1401,0,1085
1728464423495614000,888,228,2617,1200,0,1276
1728464423496456000,628,471,2660,1022,0,1454
1728464423497299000,304,786,2649,788,112,1575
1728464423498142000,92,1106,2568,568,276,1666
1728464423498984000,0,1433,2417,372,434,1712
1728464423499826000,0,1789,1971,203,645,1693
1728464423500668000,0,2034,1632,79,832,1556
1728464423501510000,37,2535,1363,0,981,1385
1728464423502352000,242,2806,918,0,1151,1183
1728464423503194000,506,2920,591,0,1278,954
1728464423504036000,802,2872,316,66,1362,733
1728464423504879000,1124,2631,92,217,1423,529
1728464423505728000,1447,2261,9,422,1433,333
1728464423506571000,1756,1829,0,649,1379,171
1728464423507413000,1991,1528,0,857,1228,45
1728464423508255000,2375,1213,86,1035,1089,0
1728464423509097000,2532,900,244,1225,917,0
1728464423509939000,2503,661,520,1393,729,0
1728464423510781000,2463,388,864,1535,555,64
1728464423511623000,2392,91,1243,1606,385,293
1728464423512466000,2086,9,1582,1656,223,498
1728464423513309000,1746,8,1890,1626,97,730
1728464423514151000,1442,4,2159,1520,10,936
1728464423514993000,1124,82,2547,1355,0,1133
1728464423515834000,809,285,2627,1137,21,1333
1728464423516676000,520,552,2664,914,40,1487
1728464423517518000,259,856,2627,702,151,1604
1728464423518361000,101,1194,2536,526,298,1683
1728464423519216000,41,1485,2152,414,493,1716
1728464423520058000,0,1798,1848,245,679,1683
1728464423520900000,0,2063,1563,127,861,1559
1728464423521742000,83,2608,1185,0,1026,1344
1728464423522584000,310,2848,834,0,1186,1120
1728464423523426000,577,2928,515,0,1306,892
1728464423524269000,890,2812,247,90,1377,675
1728464423525111000,1212,2556,44,269,1431,475
1728464423525953000,1520,2033,0,480,1429,285
1728464423526795000,1817,1750,4,710,1344,133
1728464423527637000,2037,1456,4,914,1216,34
1728464423528479000,2406,1122,122,1088,1055,8
1728464423529321000,2496,815,421,1266,869,0
1728464423530163000,2528,490,543,1427,661,117
1728464423531006000,2475,238,936,1534,520,202
1728464423531849000,2354,44,1327,1625,341,349
1728464423532697000,1945,3,1669,1653,187,567
1728464423533539000,1664,0,1979,1614,73,788
1728464423534381000,1359,1,2253,1484,0,993
1728464423535223000,1042,146,2580,1296,0,1197
1728464423536065000,730,418,2650,1075,0,1370
1728464423536907000,442,654,2656,854,124,1514
1728464423537750000,192,963,2605,645,237,1628
1728464423538593000,4,1278,2499,469,389,1679
1728464423539435000,0,1561,2078,283,480,1682
1728464423540277000,0,1842,1788,142,690,1615
1728464423541119000,78,2340,1472,41,885,1479
1728464423541961000,136,2703,1095,0,1073,1277
1728464423542803000,369,2887,742,0,1220,1058
1728464423543645000,662,2912,436,0,1326,832
1728464423544488000,977,2748,185,146,1396,622
1728464423545330000,1304,2447,1,322,1436,426
1728464423546189000,1584,1961,9,552,1402,241
1728464423547031000,1876,1655,0,762,1316,106
1728464423547873000,2323,1352,0,956,1152,14
1728464423548715000,2427,1023,183,1128,998,9
1728464423549557000,2496,746,448,1302,818,0
1728464423550399000,2503,463,736,1431,624,34
1728464423551241000,2449,176,1125,1571,469,208
1728464423552083000,2320,6,1410,1634,301,405
1728464423552925000,1861,0,1743,1653,151,617
1728464423553767000,1589,0,2051,1575,43,837
1728464423554609000,1275,22,2487,1437,0,1045
1728464423555451000,960,181,2591,1241,0,1252
1728464423556293000,642,434,2648,1012,0,1472
1728464423557135000,370,732,2647,789,94,1549
1728464423557978000,129,1065,2576,594,238,1653
1728464423558820000,0,1475,2459,448,437,1659
1728464423559674000,0,1745,1988,295,613,1645
1728464423560516000,23,1890,1702,117,864,1562
1728464423561358000,4,2470,1367,13,952,1444
1728464423562200000,206,2770,1003,0,1122,1226
1728464423563042000,448,2918,668,1,1242,993
1728464423563884000,736,2882,383,42,1347,773
1728464423564727000,1065,2693,125,178,1417,564
1728464423565569000,1386,2324,0,385,1412,372
1728464423566411000,1678,1884,13,596,1376,201
1728464423567253000,1944,1595,0,826,1276,58
1728464423568095000,2368,1263,30,1015,1133,0
1728464423568937000,2343,925,217,1260,917,37
1728464423569780000,2446,606,512,1406,744,38
1728464423570622000,2467,340,825,1479,577,79
1728464423571465000,2417,119,1159,1600,428,240
1728464423572307000,2272,10,1493,1649,258,457
1728464423573155000,1806,8,1835,1640,125,682
1728464423573997000,1510,1,2106,1547,32,904
1728464423574839000,1200,65,2524,1388,0,1095
1728464423575681000,866,258,2672,1174,0,1291
1728464423576523000,565,510,2714,947,10,1464
1728464423577366000,303,826,2658,729,122,1592
1728464423578209000,79,1145,2559,549,289,1705
1728464423579052000,16,1505,2368,361,481,1764
1728464423579894000,22,1791,1901,204,666,1687
1728464423580736000,1,2023,1582,81,818,1487
1728464423581578000,66,2571,1269,0,994,1379
1728464423582420000,247,2825,913,0,1153,1169
1728464423583262000,521,2929,585,0,1288,937
1728464423584104000,822,2854,305,81,1359,719
1728464423584947000,1160,2599,74,240,1428,517
1728464423585789000,1468,2117,20,448,1417,301
1728464423586643000,1756,1796,0,671,1365,162
1728464423587485000,2014,1504,2,882,1237,46
1728464423588327000,2396,1167,69,1065,1053,0
1728464423589169000,2588,806,301,1252,853,0
1728464423590011000,2610,518,622,1412,672,0
1728464423590854000,2519,266,904,1521,525,105
1728464423591697000,2379,66,1242,1609,377,306
1728464423592539000,2024,14,1593,1653,220,520
1728464423593382000,1728,5,1905,1621,96,745
1728464423594224000,1427,0,2165,1516,5,945
1728464423595066000,1097,98,2556,1335,0,1146
1728464423595908000,773,320,2637,1102,0,1345
1728464423596751000,480,596,2665,883,34,1496
1728464423597594000,232,910,2626,680,168,1618
1728464423598436000,21,1237,2616,492,330,1688
1728464423599279000,0,1573,2181,306,549,1697
1728464423600119000,0,1863,1806,160,684,1742
1728464423600961000,0,2073,1525,57,884,1521
1728464423601803000,100,2656,1164,0,1044,1322
1728464423602645000,323,2872,819,0,1189,1100
1728464423603487000,588,2915,493,0,1308,875
1728464423604329000,914,2794,230,105,1391,666
1728464423605172000,1237,2520,27,308,1429,458
1728464423606014000,1537,2001,4,509,1421,267
1728464423606856000,1838,1738,2,730,1332,130
1728464423607698000,2094,1416,0,931,1216,17
1728464423608540000,2429,996,119,1107,1100,0
1728464423609382000,2488,667,373,1277,912,0
1728464423610224000,2520,414,658,1444,703,37
1728464423611067000,2453,215,1001,1553,480,159
1728464423611909000,2352,25,1344,1634,330,356
1728464423612751000,1928,7,1683,1650,176,580
1728464423613605000,1641,5,1991,1600,68,800
1728464423614447000,1344,0,2433,1474,0,1008
1728464423615289000,1055,149,2584,1294,0,1198
1728464423616131000,681,377,2647,1089,0,1385
1728464423616974000,405,672,2664,854,64,1531
1728464423617816000,158,996,2611,626,201,1648
1728464423618659000,0,1330,2499,417,382,1723
1728464423619501000,0,1676,2071,254,577,1698
1728464423620344000,0,1940,1743,126,765,1594
1728464423621186000,0,2400,1429,21,913,1472
1728464423622028000,153,2727,1070,0,1090,1262
1728464423622870000,392,2892,713,0,1231,1044
1728464423623712000,685,2895,416,18,1330,814
1728464423624555000,988,2736,166,157,1403,604
1728464423625397000,1329,2416,0,330,1430,413
1728464423626239000,1625,1943,13,569,1404,237
1728464423627090000,1916,1657,0,770,1319,98
1728464423627932000,2344,1346,0,975,1158,0
1728464423628774000,2442,990,165,1162,971,0
1728464423629616000,2496,758,418,1344,794,0
1728464423630458000,2527,462,745,1482,628,29
1728464423631301000,2440,160,1088,1582,456,215
1728464423632143000,2303,2,1452,1642,288,412
1728464423632985000,1856,8,1772,1652,141,644
1728464423633827000,1565,1,2062,1575,37,852
1728464423634669000,1252,23,2499,1436,0,1062
1728464423635511000,929,192,2612,1219,0,1249
1728464423636353000,623,450,2656,997,0,1431
1728464423637196000,423,743,2655,782,93,1560
1728464423638039000,169,1075,2589,626,234,1674
1728464423638881000,0,1400,2435,466,425,1760
1728464423639723000,0,1698,1994,286,620,1704
1728464423640571000,0,1959,1671,142,795,1575
1728464423641413000,21,2491,1330,10,963,1422
1728464423642255000,210,2784,975,0,1121,1213
1728464423643097000,461,2915,642,0,1268,970
1728464423643939000,757,2865,343,49,1354,757
1728464423644782000,1090,2670,113,199,1408,554
1728464423645624000,1412,2310,5,401,1432,364
1728464423646466000,1692,1856,5,610,1386,202
1728464423647308000,1948,1578,4,837,1276,68
1728464423648150000,2360,1286,92,1010,1115,79
1728464423648992000,2473,916,149,1202,913,74
1728464423649834000,2524,576,450,1375,748,64
1728464423650676000,2496,320,824,1498,576,97
1728464423651518000,2407,117,1183,1600,415,265
1728464423652360000,2224,21,1521,1648,245,480
1728464423653203000,1785,2,1856,1633,121,691
1728464423654063000,1490,0,2130,1551,27,909
1728464423654905000,1176,105,2540,1370,0,1106
1728464423655747000,847,306,2624,1162,0,1304
1728464423656589000,554,568,2659,939,69,1460
1728464423657432000,289,821,2637,738,150,1589
1728464423658275000,93,1114,2559,525,207,1670
1728464423659117000,0,1472,2289,352,421,1704
1728464423659959000,82,1749,1949,218,626,1657
1728464423660801000,0,2034,1586,76,844,1544
1728464423661643000,72,2588,1242,0,1000,1366
1728464423662485000,265,2839,893,0,1161,1149
1728464423663327000,549,2920,562,0,1298,922
1728464423664169000,846,2839,298,74,1377,697
1728464423665012000,1154,2577,66,245,1430,508
1728464423665854000,1490,2083,10,450,1422,298
1728464423666696000,1764,1777,2,677,1345,158
1728464423667541000,2006,1506,2,880,1240,39
1728464423668383000,2392,1222,101,1043,1075,13
1728464423669225000,2485,890,323,1240,897,0
1728464423670067000,2521,538,602,1390,693,0
1728464423670910000,2485,253,921,1533,530,128
1728464423671753000,2382,68,1264,1614,367,320
1728464423672595000,1974,5,1615,1653,217,532
1728464423673438000,1703,4,1936,1613,79,758
1728464423674280000,1401,0,2181,1510,0,956
1728464423675122000,1090,113,2544,1323,0,1191
1728464423675964000,772,336,2635,1091,0,1345
1728464423676806000,466,614,2661,873,41,1489
1728464423677649000,216,982,2624,669,171,1614
1728464423678492000,66,1321,2528,494,341,1663
1728464423679335000,0,1444,2100,299,618,1689
1728464423680177000,0,1777,1829,149,772,1633
1728464423681023000,0,2148,1527,53,884,1509
1728464423681865000,114,2676,1141,0,1047,1316
1728464423682707000,354,2880,802,0,1202,1088
1728464423683549000,616,2914,489,2,1312,862
1728464423684392000,930,2778,229,123,1386,651
1728464423685235000,1264,2483,34,309,1430,449
1728464423686077000,1574,1977,4,525,1407,266
1728464423686919000,1852,1708,5,738,1319,117
1728464423687761000,2205,1393,0,987,1193,33
1728464423688603000,2368,1060,157,1162,1012,33
1728464423689445000,2456,736,407,1336,824,0
1728464423690287000,2510,441,677,1424,654,37
1728464423691130000,2456,199,1017,1560,488,171
1728464423691972000,2345,10,1357,1637,327,368
1728464423692814000,1907,10,1696,1656,162,594
1728464423693656000,1619,0,2008,1588,64,810
1728464423694534000,1321,4,2453,1463,0,1020
1728464423695376000,1006,168,2608,1263,1,1211
1728464423696218000,682,402,2680,1042,0,1402
1728464423697061000,401,683,2648,807,64,1585
1728464423697904000,168,1015,2567,617,243,1701
1728464423698746000,74,1357,2466,434,389,1634
1728464423699588000,0,1629,2010,267,576,1621
1728464423700430000,0,1933,1743,130,765,1607
1728464423701272000,0,2435,1408,22,924,1459
1728464423702114000,171,2736,1052,0,1099,1250
1728464423702956000,407,2898,686,0,1240,1026
1728464423703798000,705,2905,415,21,1344,801
1728464423704641000,1022,2712,157,170,1411,597
1728464423705484000,1344,2383,0,362,1381,383
1728464423706326000,1649,1907,0,585,1397,224
1728464423707168000,1923,1632,9,791,1291,89
1728464423707996000,2407,1294,50,1001,1115,0
1728464423708838000,2515,960,241,1192,938,0
1728464423709680000,2561,637,506,1346,757,0
1728464423710522000,2501,368,776,1479,600,64
1728464423711365000,2433,142,1120,1578,434,226
1728464423712207000,2288,0,1466,1644,270,429
1728464423713050000,1833,4,1792,1637,138,649
1728464423713892000,1547,10,2083,1564,34,868
1728464423714734000,1228,34,2503,1405,0,1066
1728464423715576000,898,226,2608,1200,0,1272
1728464423716418000,594,477,2660,972,0,1429
1728464423717261000,327,785,2689,757,107,1579
1728464423718104000,132,1143,2608,566,277,1654
1728464423718946000,0,1424,2312,400,426,1788
1728464423719788000,0,1699,1884,202,625,1752
1728464423720630000,0,2001,1655,103,813,1584
1728464423721478000,42,2522,1310,0,982,1406
1728464423722320000,229,2800,954,2,1128,1188
1728464423723162000,480,2912,628,0,1269,965
1728464423724004000,782,2878,327,45,1358,755
1728464423724847000,1114,2643,111,216,1424,537
1728464423725689000,1434,2278,2,414,1431,350
1728464423726532000,1713,1839,0,633,1376,161
1728464423727374000,1984,1520,2,854,1290,57
1728464423728216000,2381,1185,65,1044,1128,1
1728464423729058000,2488,856,279,1216,850,0
1728464423729900000,2528,562,541,1373,705,0
1728464423730743000,2496,309,864,1504,558,93
1728464423731586000,2400,104,1205,1602,395,281
1728464423732428000,2132,17,1560,1649,226,482
1728464423733271000,1757,2,1873,1635,106,709
1728464423734113000,1468,4,2152,1526,17,926
1728464423734963000,1132,79,2543,1392,0,1116
1728464423735805000,806,272,2636,1147,0,1317
1728464423736647000,519,552,2660,919,17,1480
1728464423737490000,233,863,2627,686,153,1606
1728464423738332000,33,1227,2554,508,303,1682
1728464423739174000,0,1552,2224,340,484,1684
1728464423740016000,0,1793,1883,197,680,1660
1728464423740858000,0,2042,1568,69,858,1534
1728464423741700000,73,2601,1219,0,1014,1355
1728464423742542000,285,2844,853,0,1173,1131
1728464423743384000,565,2928,528,0,1295,902
1728464423744226000,864,2826,264,92,1384,688
1728464423745069000,1192,2552,29,262,1416,498
1728464423745911000,1506,2051,23,473,1420,295
1728464423746754000,1811,1776,0,687,1363,138
1728464423747596000,2051,1475,0,900,1208,0
1728464423748445000,2429,1130,81,1081,1034,0
1728464423749287000,2529,813,301,1263,857,0
1728464423750129000,2522,501,617,1416,682,4
1728464423750972000,2471,242,951,1533,522,144
1728464423751814000,2368,54,1293,1618,350,333
1728464423752656000,1954,10,1651,1656,194,549
1728464423753499000,1682,11,1944,1614,79,778
1728464423754341000,1391,0,2192,1500,0,969
1728464423755183000,1056,112,2569,1311,23,1174
1728464423756024000,744,338,2646,1088,21,1359
1728464423756866000,461,617,2665,868,31,1519
1728464423757709000,334,918,2639,676,158,1624
1728464423758552000,106,1270,2542,480,325,1686
1728464423759394000,0,1561,2079,381,527,1692
1728464423760236000,0,1869,1815,157,722,1629
1728464423761078000,0,2260,1488,45,907,1481
1728464423761930000,130,2676,1125,4,1056,1292
1728464423762772000,354,2873,789,0,1203,1074
1728464423763614000,628,2927,459,0,1319,846
1728464423764457000,960,2772,192,116,1395,634
1728464423765300000,1279,2481,30,312,1434,437
1728464423766143000,1565,1973,0,521,1402,260
1728464423766985000,1864,1696,1,742,1326,106
1728464423767827000,2298,1360,96,946,1194,13
1728464423768669000,2435,1010,254,1122,1031,13
1728464423769511000,2495,734,490,1303,834,1
1728464423770354000,2510,416,704,1450,640,29
1728464423771197000,2452,192,1037,1566,471,181
1728464423772040000,2328,13,1391,1632,312,392
1728464423772883000,1889,8,1721,1647,165,615
1728464423773725000,1607,1,2028,1588,64,820
1728464423774567000,1298,64,2466,1455,0,1018
1728464423775413000,975,232,2594,1240,0,1227
1728464423776255000,663,491,2657,1025,0,1397
1728464423777097000,395,745,2657,804,141,1543
1728464423777940000,121,963,2605,622,277,1628
1728464423778782000,0,1305,2465,431,453,1692
1728464423779624000,0,1643,2021,257,620,1693
1728464423780466000,0,1950,1731,130,782,1603
1728464423781308000,0,2451,1385,23,943,1441
1728464423782150000,183,2752,1036,0,1093,1233
1728464423782992000,421,2911,695,0,1240,1018
1728464423783834000,723,2894,381,26,1350,786
1728464423784677000,1041,2687,149,182,1404,568
1728464423785519000,1368,2368,0,373,1421,395
1728464423786361000,1643,1894,9,595,1384,217
1728464423787203000,1880,1592,8,763,1282,65
1728464423788045000,2319,1286,8,946,1125,0
1728464423788896000,2446,950,201,1146,954,0
1728464423789738000,2520,622,472,1356,776,0
1728464423790580000,2499,352,785,1487,582,68
1728464423791422000,2420,128,1133,1588,437,237
1728464423792265000,2289,0,1472,1641,264,448
1728464423793107000,1818,2,1811,1642,125,663
1728464423793949000,1528,4,2083,1554,31,914
1728464423794791000,1215,48,2480,1395,0,1138
1728464423795633000,884,245,2591,1186,0,1350
1728464423796475000,586,491,2645,960,0,1479
1728464423797317000,325,782,2602,750,125,1632
1728464423798160000,168,1138,2551,559,264,1585
1728464423799002000,0,1443,2403,385,439,1652
1728464423799844000,0,1752,1953,220,648,1676
1728464423800686000,0,2009,1628,96,821,1561
1728464423801528000,44,2535,1290,0,981,1381
1728464423802404000,238,2807,931,0,1140,1181
1728464423803246000,505,2924,591,0,1279,952
1728464423804088000,805,2858,320,65,1368,725
1728464423804931000,1120,2608,92,234,1427,533
1728464423805774000,1454,2188,1,441,1422,331
1728464423806616000,1745,1825,0,653,1376,168
1728464423807458000,2115,1504,21,866,1209,64
1728464423808300000,2422,1179,77,1040,1048,0
1728464423809142000,2586,845,298,1246,871,0
1728464423809984000,2530,552,568,1386,720,0
1728464423810826000,2480,282,883,1511,542,109
1728464423811669000,2391,82,1239,1605,382,289
1728464423812511000,2067,23,1577,1651,228,506
1728464423813354000,1752,4,1892,1622,106,722
1728464423814196000,1431,0,2156,1511,0,928
1728464423815038000,1113,82,2555,1344,0,1129
1728464423815861000,796,306,2628,1121,0,1337
1728464423816703000,514,579,2671,903,37,1491
1728464423817546000,239,879,2665,690,165,1601
1728464423818388000,50,1231,2616,509,346,1697
1728464423819231000,0,1545,2184,331,509,1754
1728464423820073000,0,1824,1870,176,688,1651
1728464423820915000,0,2055,1556,64,866,1510
1728464423821757000,92,2622,1187,0,1026,1322
1728464423822599000,311,2856,838,0,1180,1112
1728464423823441000,576,2924,517,0,1300,892
1728464423824283000,895,2807,242,89,1375,674
1728464423825126000,1200,2547,41,284,1431,465
1728464423825968000,1527,2018,4,495,1426,289
1728464423826810000,1819,1777,2,709,1375,114
1728464423827652000,2030,1344,0,896,1290,15
1728464423828494000,2410,1022,106,1076,1120,0
1728464423829351000,2501,747,340,1279,897,0
1728464423830193000,2529,477,641,1427,668,17
1728464423831036000,2465,237,984,1542,498,151
1728464423831879000,2344,45,1326,1623,343,348
1728464423832721000,1944,5,1664,1650,194,560
1728464423833564000,1667,5,1976,1609,79,776
1728464423834406000,1359,0,2255,1540,0,992
1728464423835248000,1022,136,2574,1344,0,1192
1728464423836090000,712,357,2651,1102,0,1370
1728464423836932000,361,636,2676,887,49,1557
1728464423837775000,146,967,2624,600,194,1614
1728464423838617000,0,1287,2489,436,362,1705
1728464423839459000,0,1600,2082,288,555,1700
1728464423840301000,0,1889,1783,157,740,1622
1728464423841143000,0,2360,1456,37,914,1478
1728464423841985000,144,2701,1097,0,1061,1285
1728464423842840000,373,2883,751,2,1228,1059
1728464423843682000,663,2895,434,8,1336,837
1728464423844524000,971,2766,198,138,1397,621
1728464423845367000,1293,2462,13,324,1435,436
1728464423846209000,1614,1954,0,540,1410,238
1728464423847051000,1898,1671,0,773,1327,144
1728464423847893000,2369,1377,0,952,1173,0
1728464423848735000,2486,1059,132,1128,1000,0
1728464423849577000,2522,692,415,1323,821,0
1728464423850419000,2514,410,722,1464,626,42
1728464423851262000,2440,174,1060,1566,463,202
1728464423852104000,2318,5,1428,1632,295,402
1728464423852947000,1864,5,1747,1652,148,618
1728464423853789000,1589,0,2035,1576,90,835
1728464423854631000,1284,2,2480,1437,4,1036
1728464423855473000,952,171,2595,1230,14,1238
1728464423856315000,642,417,2657,1017,5,1417
1728464423857158000,372,704,2657,788,37,1543
1728464423858001000,235,1037,2621,607,211,1647
1728464423858844000,50,1363,2465,415,388,1680
1728464423859686000,0,1675,2015,258,599,1682
1728464423860528000,0,1956,1712,117,782,1590
1728464423861370000,10,2470,1365,13,947,1424
1728464423862212000,198,2755,1005,0,1112,1218
1728464423863054000,443,2914,667,0,1243,996
1728464423863896000,734,2875,376,27,1344,767
1728464423864739000,1066,2694,140,180,1402,587
1728464423865581000,1383,2343,0,381,1429,366
1728464423866423000,1672,1891,7,604,1399,200
1728464423867265000,1935,1569,96,810,1300,75
1728464423868107000,2352,1263,130,995,1161,13
1728464423868949000,2448,938,322,1185,976,5
1728464423869805000,2519,615,496,1362,751,0
1728464423870648000,2513,333,820,1491,591,79
1728464423871491000,2417,133,1150,1589,417,256
1728464423872333000,2272,0,1511,1645,261,460
1728464423873176000,1796,2,1838,1646,114,683
1728464423874018000,1509,79,2116,1547,33,877
1728464423874860000,1191,141,2512,1388,0,1089
1728464423875702000,879,293,2624,1171,0,1289
1728464423876544000,568,570,2667,970,2,1454
1728464423877387000,301,741,2639,721,198,1577
1728464423878230000,90,1103,2560,563,340,1650
1728464423879072000,0,1454,2364,376,448,1686
1728464423879914000,0,1770,1944,211,649,1664
1728464423880756000,0,2027,1623,93,832,1554
1728464423881598000,57,2557,1273,0,988,1373
1728464423882440000,261,2840,914,0,1155,1163
1728464423883279000,520,2923,581,0,1282,930
1728464423884121000,813,2842,297,78,1359,720
1728464423884964000,1137,2585,98,249,1426,521
1728464423885806000,1450,2136,17,424,1421,333
1728464423886648000,1702,1804,0,608,1358,149
1728464423887490000,1996,1531,2,860,1238,69
1728464423888332000,2387,1200,93,1029,1066,0
1728464423889174000,2480,839,298,1248,897,0
1728464423890016000,2514,530,586,1394,707,2
1728464423890859000,2478,285,898,1522,538,121
1728464423891701000,2396,70,1236,1610,389,299
1728464423892544000,2030,15,1593,1660,215,505
1728464423893387000,1720,0,1898,1615,89,781
1728464423894229000,1423,2,2158,1515,1,928
1728464423895071000,1112,100,2543,1330,0,1133
1728464423895913000,789,320,2630,1122,0,1330
1728464423896769000,527,588,2672,894,13,1446
1728464423897611000,212,993,2623,706,180,1577
1728464423898454000,66,1312,2528,506,323,1654
1728464423899296000,0,1550,2144,322,522,1707
1728464423900138000,0,1845,1856,171,704,1647
1728464423900980000,0,2079,1529,64,874,1501
1728464423901822000,105,2639,1167,0,1045,1322
1728464423902664000,320,2880,813,0,1189,1111
1728464423903506000,596,2929,493,0,1301,876
1728464423904349000,917,2781,233,116,1383,650
1728464423905191000,1238,2503,46,300,1423,449
1728464423906033000,1526,2016,10,505,1429,282
1728464423906876000,1768,1741,21,757,1335,125
1728464423907718000,2084,1413,0,879,1202,0
1728464423908560000,2392,1078,137,1063,1015,0
1728464423909402000,2503,756,375,1289,845,0
1728464423910260000,2521,457,668,1438,665,34
1728464423911103000,2476,216,1003,1551,503,162
1728464423911946000,2350,32,1344,1639,330,355
1728464423912788000,1925,4,1690,1658,170,568
1728464423913630000,1638,0,1999,1600,69,874
1728464423914472000,1330,0,2400,1465,0,1071
1728464423915314000,1021,157,2545,1270,0,1252
1728464423916156000,704,381,2636,1055,0,1426
1728464423916998000,466,688,2638,826,74,1578
1728464423917841000,217,1000,2606,626,202,1592
1728464423918683000,0,1417,2499,453,383,1677
1728464423919525000,0,1631,2063,277,576,1687
1728464423920367000,0,1908,1753,145,757,1617
1728464423921209000,0,2400,1437,26,916,1472
1728464423922051000,149,2719,1077,0,1078,1258
1728464423922893000,390,2906,722,0,1231,1045
1728464423923738000,686,2904,417,20,1331,805
1728464423924581000,1003,2734,165,161,1394,606
1728464423925424000,1337,2411,11,348,1422,421
1728464423926266000,1712,1921,13,561,1376,226
1728464423927108000,1984,1650,13,773,1288,91
1728464423927950000,2364,1338,0,1039,1133,0
1728464423928792000,2422,996,197,1190,979,0
1728464423929635000,2522,682,448,1332,792,0
1728464423930477000,2511,389,756,1460,621,58
1728464423931320000,2438,165,1094,1574,448,216
1728464423932162000,2304,0,1455,1642,286,418
1728464423933004000,1848,1,1769,1645,144,631
1728464423933846000,1552,0,2145,1565,40,847
1728464423934688000,1253,21,2539,1423,0,1056
1728464423935530000,930,202,2638,1220,0,1259
1728464423936372000,626,471,2695,994,21,1423
1728464423937225000,336,754,2528,767,85,1660
1728464423938068000,114,1063,2525,576,269,1728
1728464423938910000,0,1400,2456,412,433,1712
1728464423939752000,0,1700,1989,245,617,1680
1728464423940594000,0,1969,1679,119,803,1585
1728464423941436000,26,2488,1328,5,968,1420
1728464423942278000,212,2784,982,0,1120,1210
1728464423943120000,472,2914,629,0,1264,975
1728464423943962000,773,2880,341,42,1349,755
1728464423944804000,1088,2658,127,207,1416,559
1728464423945646000,1416,2328,2,393,1442,366
1728464423946488000,1721,1834,5,610,1328,179
1728464423947330000,1953,1527,0,832,1216,42
1728464423948172000,2473,1225,65,1026,1070,0
1728464423949014000,2471,921,253,1208,936,0
1728464423949856000,2528,587,517,1377,753,0
1728464423950714000,2496,325,832,1495,565,84
1728464423951557000,2412,106,1177,1600,417,266
1728464423952399000,2236,16,1524,1643,242,476
1728464423953242000,1761,0,1859,1617,113,697
1728464423954084000,1459,0,2123,1531,29,913
1728464423954926000,1159,66,2532,1367,0,1107
1728464423955768000,834,260,2639,1163,0,1314
1728464423956610000,531,555,2675,925,21,1483
1728464423957453000,274,878,2656,728,141,1582
1728464423958296000,69,1160,2656,528,322,1695
1728464423959138000,0,1500,2304,365,471,1702
1728464423959980000,0,1776,1915,213,666,1660
1728464423960822000,0,2032,1600,77,841,1540
1728464423961664000,66,2586,1250,0,1002,1364
1728464423962506000,273,2840,892,0,1162,1145
1728464423963348000,541,2917,551,0,1297,917
1728464423964188000,847,2833,295,79,1377,681
1728464423965031000,1180,2590,73,245,1424,514
1728464423965873000,1484,2147,17,461,1433,303
1728464423966716000,1808,1863,2,681,1359,130
1728464423967558000,2019,1372,0,868,1315,16
1728464423968400000,2396,1095,87,1073,1121,0
1728464423969242000,2497,826,320,1252,891,0
1728464423970084000,2516,521,605,1408,695,0
1728464423970927000,2474,265,924,1521,533,132
1728464423971770000,2380,75,1267,1614,373,320
1728464423972613000,1984,0,1612,1655,213,528
1728464423973456000,1705,0,1928,1679,68,746
1728464423974298000,1371,0,2183,1549,0,961
1728464423975140000,1064,112,2551,1336,0,1165
1728464423975982000,690,334,2642,1138,0,1397
1728464423976824000,427,599,2673,917,36,1484
1728464423977672000,192,905,2620,644,160,1631
1728464423978515000,23,1266,2536,490,346,1691
1728464423979357000,0,1572,2127,306,526,1703
1728464423980199000,0,1863,1835,165,716,1625
1728464423981041000,0,2127,1508,53,885,1494
1728464423981883000,121,2656,1148,0,1042,1299
1728464423982725000,320,2880,803,0,1203,1094
1728464423983567000,613,2920,484,0,1313,865
1728464423984410000,930,2782,215,122,1392,649
1728464423985253000,1268,2488,20,299,1439,434
1728464423986095000,1541,2093,0,521,1421,215
1728464423986937000,1820,1800,0,762,1357,85
1728464423987779000,2210,1474,0,960,1198,0
1728464423988621000,2434,1068,149,1130,1032,0
1728464423989463000,2510,729,382,1301,835,0
1728464423990305000,2511,436,687,1432,648,37
1728464423991158000,2450,196,1021,1560,490,184
1728464423992000000,2344,21,1358,1632,334,369
1728464423992842000,1904,0,1700,1654,162,580
1728464423993684000,1625,0,2008,1592,50,810
1728464423994526000,1322,0,2460,1462,0,1016
1728464423995368000,1000,157,2595,1266,0,1208
1728464423996209000,674,374,2662,1034,0,1402
1728464423997052000,525,688,2710,832,40,1515
1728464423997894000,226,1000,2590,671,192,1642
1728464423998737000,0,1347,2492,434,398,1703
1728464423999579000,0,1662,2047,273,585,1692
1728464424000421000,0,1935,1741,125,770,1604
1728464424001263000,0,2432,1410,30,928,1449
1728464424002104000,170,2736,1047,0,1098,1252
1728464424002946000,390,2893,697,0,1239,1033
1728464424003788000,696,2895,416,9,1326,804
1728464424004640000,1017,2719,164,178,1410,608
1728464424005482000,1359,2400,0,356,1450,394
1728464424006324000,1636,1906,90,581,1434,234
1728464424007166000,1904,1638,87,789,1337,107
1728464424008008000,2315,1344,81,975,1160,0
1728464424008850000,2462,969,209,1177,979,0
1728464424009692000,2513,650,466,1344,779,0
1728464424010534000,2503,373,789,1473,604,57
1728464424011377000,2428,154,1117,1579,444,235
1728464424012219000,2312,0,1463,1645,283,421
1728464424013061000,1831,0,1782,1647,137,620
1728464424013903000,1546,114,2083,1552,36,854
1728464424014745000,1232,96,2503,1414,0,1066
1728464424015587000,919,287,2615,1213,4,1248
1728464424016429000,598,561,2671,1010,8,1422
1728464424017272000,354,842,2651,745,181,1557
1728464424018141000,116,1077,2581,569,293,1661
1728464424018983000,0,1431,2445,393,444,1701
1728464424019825000,0,1722,1963,228,635,1672
1728464424020667000,0,1999,1651,97,811,1579
1728464424021509000,30,2515,1315,4,976,1402
1728464424022351000,224,2800,947,0,1135,1198
1728464424023193000,483,2908,613,0,1253,960
1728464424024036000,783,2855,335,64,1351,756
1728464424024879000,1107,2640,106,199,1415,539
1728464424025721000,1314,2291,0,481,1425,367
1728464424026564000,1648,1841,13,683,1379,221
1728464424027406000,1941,1556,18,841,1249,41
1728464424028248000,2375,1228,68,1033,1107,0
1728464424029090000,2478,892,266,1218,912,0
1728464424029932000,2520,578,548,1377,736,0
1728464424030775000,2496,320,858,1502,562,109
1728464424031615000,2401,101,1208,1604,407,272
1728464424032457000,2138,5,1632,1658,238,488
1728464424033299000,1761,9,1922,1632,104,707
1728464424034141000,1453,2,2107,1524,17,985
1728464424034983000,1164,78,2520,1366,4,1166
1728464424035825000,828,266,2568,1157,0,1390
1728464424036667000,513,516,2599,916,25,1551
1728464424037509000,322,904,2616,700,156,1532
1728464424038352000,64,1179,2557,530,320,1690
1728464424039194000,0,1500,2220,360,491,1709
1728464424040036000,0,1799,1900,198,691,1654
1728464424040878000,0,2041,1564,81,859,1531
1728464424041720000,74,2601,1221,0,1008,1351
1728464424042562000,295,2843,855,0,1173,1117
1728464424043404000,564,2909,535,0,1303,893
1728464424044246000,890,2831,266,94,1374,692
1728464424045093000,1191,2557,66,258,1413,498
1728464424045935000,1506,2066,17,456,1384,299
1728464424046777000,1919,1763,37,713,1332,138
1728464424047620000,2073,1453,6,896,1207,34
1728464424048462000,2409,1144,108,1088,1054,0
1728464424049304000,2496,807,333,1265,873,0
1728464424050146000,2517,500,609,1407,695,8
1728464424050989000,2471,253,946,1529,519,135
1728464424051832000,2368,53,1289,1617,359,327
1728464424052674000,1940,5,1639,1637,186,538
1728464424053516000,1671,0,1943,1603,82,769
1728464424054358000,1376,0,2193,1493,0,981
1728464424055199000,1054,122,2566,1300,0,1174
1728464424056041000,727,370,2662,1077,0,1376
1728464424056883000,414,628,2659,847,42,1518
1728464424057726000,197,929,2687,646,210,1634
1728464424058581000,17,1277,2520,478,354,1702
1728464424059423000,0,1580,2115,305,544,1689
1728464424060265000,0,1863,1813,167,730,1633
1728464424061107000,0,2216,1492,50,901,1484
1728464424061949000,117,2676,1133,0,1058,1297
1728464424062791000,360,2883,777,0,1212,1064
1728464424063633000,648,2917,460,2,1321,844
1728464424064476000,965,2767,183,132,1411,623
1728464424065319000,1291,2521,11,330,1429,417
1728464424066161000,1606,2040,9,525,1426,238
1728464424067003000,1854,1610,0,734,1394,93
1728464424067845000,2318,1377,0,953,1216,1
1728464424068687000,2438,1042,154,1146,1013,2
1728464424069529000,2510,722,416,1300,818,0
1728464424070371000,2508,434,707,1448,644,39
1728464424071214000,2448,192,1036,1557,474,192
1728464424072065000,2367,18,1385,1633,311,383
1728464424072907000,1930,4,1720,1643,159,606
1728464424073749000,1583,0,2017,1625,45,819
1728464424074591000,1274,0,2478,1491,0,1026
1728464424075433000,892,175,2584,1296,0,1266
1728464424076275000,583,413,2673,1060,0,1425
1728464424077118000,340,689,2641,767,76,1533
1728464424077961000,149,1037,2600,612,221,1653
1728464424078803000,0,1367,2480,425,407,1704
1728464424079645000,0,1676,2037,258,591,1694
1728464424080487000,0,1941,1728,130,776,1588
1728464424081329000,0,2447,1385,21,939,1440
1728464424082171000,173,2740,1034,0,1103,1240
1728464424083013000,413,2916,687,0,1248,1017
1728464424083855000,720,2892,389,32,1349,787
1728464424084697000,1045,2703,133,186,1419,580
1728464424085545000,1376,2357,0,367,1455,441
1728464424086387000,1710,1928,0,589,1376,137
1728464424087229000,1937,1637,0,809,1295,28
1728464424088071000,2351,1288,21,1005,1143,0
1728464424088913000,2464,955,229,1188,962,0
1728464424089755000,2515,629,481,1355,776,4
1728464424090597000,2511,353,792,1484,601,71
1728464424091440000,2417,126,1133,1600,439,234
1728464424092282000,2286,0,1466,1636,290,442
1728464424093125000,1823,0,1809,1637,113,660
1728464424093967000,1531,0,2093,1547,22,883
1728464424094809000,1258,29,2520,1400,0,1076
1728464424095651000,1009,209,2639,1201,0,1278
1728464424096493000,704,475,2701,974,0,1445
1728464424097336000,398,786,2650,752,98,1570
1728464424098178000,90,1125,2567,558,277,1671
1728464424099030000,0,1461,2420,384,466,1704
1728464424099872000,0,1740,1941,222,654,1667
1728464424100714000,0,2006,1635,104,820,1560
1728464424101556000,41,2549,1296,0,983,1396
1728464424102398000,241,2820,925,0,1147,1184
1728464424103240000,487,2928,600,0,1273,949
1728464424104082000,772,2847,322,64,1367,732
1728464424104925000,1131,2627,136,220,1425,537
1728464424105767000,1429,2233,81,427,1445,352
1728464424106610000,1728,1813,0,633,1369,269
1728464424107452000,1987,1518,0,864,1256,107
1728464424108294000,2381,1196,78,1055,1091,0
1728464424109136000,2484,865,289,1228,904,1
1728464424109978000,2522,552,569,1387,725,0
1728464424110821000,2480,289,882,1513,551,117
1728464424111664000,2385,84,1226,1603,389,279
1728464424112517000,2075,64,1567,1650,227,487
1728464424113360000,1743,0,1891,1626,133,716
1728464424114202000,1440,0,2168,1507,36,934
1728464424115044000,1121,23,2535,1345,45,1124
1728464424115886000,794,233,2624,1143,37,1303
1728464424116728000,530,514,2656,914,0,1468
1728464424117570000,255,881,2628,692,148,1610
1728464424118413000,42,1216,2542,516,325,1690
1728464424119256000,0,1522,2167,330,509,1695
1728464424120098000,0,1828,1865,186,701,1644
1728464424120940000,0,2051,1551,66,871,1523
1728464424121782000,74,2624,1198,0,1029,1344
1728464424122624000,272,2845,847,0,1188,1121
1728464424123466000,576,2920,512,0,1311,904
1728464424124309000,873,2819,252,89,1389,673
1728464424125152000,1187,2571,50,247,1427,495
1728464424126052000,1507,2067,20,463,1418,268
1728464424126894000,1778,1734,101,696,1350,146
1728464424127736000,2048,1454,2,904,1214,29
1728464424128578000,2420,1125,121,1097,1045,0
1728464424129420000,2510,776,348,1279,863,0
1728464424130262000,2515,482,650,1428,670,14
1728464424131105000,2461,229,989,1540,505,151
1728464424131947000,2355,57,1310,1611,342,338
1728464424132789000,1945,4,1648,1651,194,543
1728464424133632000,1667,78,1958,1600,81,770
1728464424134474000,1365,34,2264,1496,0,980
1728464424135316000,1039,225,2586,1314,0,1162
1728464424136158000,747,424,2657,1089,0,1341
1728464424137001000,466,695,2656,842,142,1490
1728464424137843000,192,966,2605,645,199,1639
1728464424138686000,2,1303,2510,466,375,1698
1728464424139483000,0,1600,2084,299,564,1693
1728464424140325000,0,1888,1784,155,745,1615
1728464424141167000,0,2354,1455,42,912,1484
1728464424142009000,147,2680,1102,0,1070,1287
1728464424142851000,375,2887,752,0,1211,1058
1728464424143693000,617,2893,442,7,1331,833
1728464424144536000,965,2768,179,138,1393,629
1728464424145378000,1264,2431,20,276,1423,397
1728464424146220000,1558,1934,0,501,1400,266
1728464424147062000,1845,1695,17,739,1303,117
1728464424147904000,2324,1365,0,964,1179,8
1728464424148746000,2448,1032,174,1140,999,0
1728464424149588000,2508,700,425,1323,808,0
1728464424150430000,2510,407,722,1452,634,47
1728464424151273000,2446,185,1058,1565,468,201
1728464424152115000,2327,10,1390,1628,315,485
1728464424152968000,1863,2,1728,1648,148,656
1728464424153811000,1584,0,2025,1581,52,860
1728464424154653000,1282,14,2474,1440,0,1083
1728464424155495000,1010,202,2585,1228,0,1169
1728464424156337000,680,434,2636,1009,0,1345
1728464424157179000,369,810,2640,799,83,1529
1728464424158022000,128,1044,2597,602,240,1653
1728464424158864000,0,1387,2472,411,413,1710
1728464424159706000,0,1688,2016,250,608,1675
1728464424160548000,0,1960,1699,124,789,1587
1728464424161390000,18,2464,1368,17,946,1420
1728464424162232000,195,2752,1007,0,1089,1225
1728464424163074000,439,2895,674,0,1224,1005
1728464424163916000,741,2895,377,34,1349,773
1728464424164759000,1132,2679,126,173,1405,565
1728464424165602000,1308,2343,0,453,1423,400
1728464424166460000,1600,1863,26,645,1377,247
1728464424167302000,1941,1600,0,821,1280,72
1728464424168144000,2368,1273,40,1008,1142,0
1728464424168986000,2470,944,229,1194,949,0
1728464424169828000,2521,617,506,1359,754,0
1728464424170671000,2508,345,809,1501,585,88
1728464424171514000,2419,123,1152,1585,430,245
1728464424172356000,2262,11,1497,1646,258,460
1728464424173198000,1792,2,1898,1629,126,683
1728464424174040000,1509,9,2144,1553,17,893
1728464424174882000,1196,74,2552,1377,20,1089
1728464424175724000,853,272,2656,1165,0,1323
1728464424176566000,535,517,2563,936,0,1548
1728464424177409000,297,832,2644,733,123,1600
1728464424178252000,96,1145,2561,549,289,1671
1728464424179094000,0,1472,2364,369,469,1705
1728464424179938000,0,1768,1934,204,655,1674
1728464424180780000,0,2023,1623,94,832,1557
1728464424181622000,65,2559,1257,0,994,1357
1728464424182464000,265,2823,917,0,1137,1157
1728464424183306000,517,2896,591,0,1280,940
1728464424184148000,818,2828,307,64,1373,719
1728464424184991000,1172,2591,84,239,1366,508
1728464424185834000,1473,2136,2,436,1390,320
1728464424186676000,1866,1784,47,686,1330,160
1728464424187518000,2008,1501,0,869,1251,42
1728464424188360000,2393,1182,82,1069,1082,0
1728464424189202000,2488,838,306,1242,901,0
1728464424190044000,2516,533,576,1390,711,4
1728464424190886000,2483,272,903,1520,544,114
1728464424191729000,2368,69,1240,1599,381,302
1728464424192571000,2030,16,1600,1645,216,509
1728464424193419000,1719,9,1906,1615,98,748
1728464424194261000,1427,0,2172,1509,4,940
1728464424195103000,1098,94,2575,1332,0,1134
1728464424195945000,766,295,2716,1103,1,1347
1728464424196787000,482,602,2731,885,65,1518
1728464424197630000,239,906,2638,680,175,1619
1728464424198472000,37,1236,2533,492,328,1687
1728464424199315000,0,1560,2137,323,526,1702
1728464424200157000,0,1839,1842,173,715,1635
1728464424200999000,0,2083,1533,58,869,1512
1728464424201841000,106,2641,1162,0,1035,1309
1728464424202683000,330,2864,809,0,1188,1086
1728464424203525000,594,2919,497,0,1309,861
1728464424204367000,914,2856,224,106,1394,651
1728464424205210000,1213,2455,26,292,1505,450
1728464424206052000,1553,1924,0,530,1457,250
1728464424206916000,1833,1712,0,727,1321,119
1728464424207758000,2092,1426,2,931,1203,22
1728464424208599000,2424,1090,137,1112,1035,0
1728464424209441000,2510,762,376,1291,846,0
1728464424210283000,2528,451,668,1435,672,26
1728464424211126000,2443,215,1008,1606,485,165
1728464424211969000,2332,26,1354,1653,330,358
1728464424212811000,1895,10,1681,1633,171,584
1728464424213653000,1646,1,1995,1594,74,794
1728464424214495000,1310,2,2429,1447,0,1013
1728464424215337000,991,153,2586,1250,0,1222
1728464424216179000,674,405,2679,1034,0,1427
1728464424217022000,430,673,2657,825,65,1535
1728464424217865000,170,996,2611,631,212,1644
1728464424218708000,0,1328,2496,443,382,1699
1728464424219550000,0,1623,2059,279,576,1679
1728464424220389000,0,1906,1762,144,760,1602
1728464424221231000,0,2401,1413,27,919,1468
1728464424222073000,157,2719,1061,0,1088,1268
1728464424222915000,394,2892,719,0,1230,1021
1728464424223757000,687,2915,426,5,1330,816
1728464424224600000,992,2818,153,178,1416,576
1728464424225443000,1363,2488,0,348,1430,378
1728464424226285000,1616,1826,0,554,1474,206
1728464424227127000,1895,1648,0,776,1306,91
1728464424227969000,2330,1347,16,974,1160,0
1728464424228811000,2451,1005,194,1161,981,4
1728464424229653000,2515,680,453,1328,790,0
1728464424230495000,2503,394,756,1472,621,48
1728464424231338000,2432,149,1090,1568,442,214
1728464424232180000,2364,2,1449,1632,276,413
1728464424233023000,1875,0,1769,1646,144,633
1728464424233871000,1559,1,2068,1614,36,847
1728464424234713000,1165,9,2499,1497,0,1093
1728464424235555000,996,189,2579,1294,0,1263
1728464424236396000,510,437,2643,1048,0,1452
1728464424237239000,345,744,2659,789,104,1564
1728464424238082000,122,1077,2591,580,252,1668
1728464424238925000,0,1419,2455,405,433,1708
1728464424239767000,0,1701,1984,244,635,1675
1728464424240609000,0,1976,1676,117,797,1577
1728464424241451000,18,2496,1347,11,968,1419
1728464424242292000,213,2786,974,0,1127,1210
1728464424243134000,476,2912,641,0,1264,975
1728464424243976000,769,2883,375,45,1361,761
1728464424244819000,1081,2677,154,185,1395,648
1728464424245661000,1402,2304,0,391,1454,414
1728464424246503000,1710,1856,0,609,1385,226
1728464424247357000,1964,1571,2,832,1279,57
1728464424248198000,2372,1250,42,1026,1120,0
1728464424249040000,2469,911,264,1200,929,0
1728464424249882000,2509,599,522,1365,741,0
1728464424250725000,2496,323,832,1488,577,85
1728464424251568000,2406,161,1165,1592,414,249
1728464424252410000,2218,21,1522,1646,294,467
1728464424253252000,1774,0,1847,1632,141,687
1728464424254094000,1472,0,2135,1544,74,897
1728464424254936000,1160,12,2520,1394,46,1095
1728464424255778000,875,221,2617,1180,23,1292
1728464424256620000,534,507,2678,946,1,1474
1728464424257463000,285,834,2648,718,130,1600
1728464424258306000,67,1163,2559,541,303,1682
1728464424259148000,0,1484,2272,361,493,1701
1728464424259990000,0,1782,1920,207,670,1656
1728464424260841000,0,2034,1600,91,842,1546
1728464424261683000,53,2579,1252,0,997,1374
1728464424262525000,269,2839,895,0,1165,1145
1728464424263367000,532,2928,560,0,1295,922
1728464424264209000,813,2828,274,36,1360,704
1728464424265051000,1129,2582,78,221,1415,538
1728464424265893000,1465,2145,34,425,1435,322
1728464424266736000,1773,1791,3,683,1364,151
1728464424267578000,2020,1493,0,887,1239,41
1728464424268420000,2406,1170,85,1067,1061,0
1728464424269262000,2492,826,320,1254,892,0
1728464424270104000,2520,518,594,1407,698,1
1728464424270947000,2474,271,970,1524,528,207
1728464424271789000,2375,73,1244,1612,373,373
1728464424272632000,1982,9,1600,1650,199,564
1728464424273474000,1706,0,1926,1615,85,742
1728464424274332000,1402,0,2177,1500,0,915
1728464424275174000,1065,218,2550,1314,0,1106
1728464424276016000,737,438,2624,1115,0,1315
1728464424276858000,474,612,2674,874,32,1510
1728464424277700000,215,926,2623,675,174,1624
1728464424278543000,30,1261,2525,480,340,1695
1728464424279385000,0,1573,2119,320,532,1697
1728464424280227000,0,1859,1827,158,716,1635
1728464424281069000,0,2137,1522,56,873,1504
1728464424281911000,122,2639,1149,0,1039,1300
1728464424282753000,342,2862,777,0,1192,1088
1728464424283595000,623,2933,485,0,1319,855
1728464424284438000,1036,2770,258,151,1365,645
1728464424285280000,1330,2467,14,366,1414,450
1728464424286123000,1444,1968,0,584,1402,293
1728464424286965000,1845,1709,5,732,1336,118
1728464424287893000,2240,1411,0,944,1193,14
1728464424288734000,2439,1058,149,1129,1026,0
1728464424289576000,2509,737,388,1296,832,0
1728464424290418000,2515,448,690,1442,654,25
1728464424291261000,2448,202,1008,1545,491,193
1728464424292104000,2338,23,1358,1626,334,362
1728464424292946000,1904,5,1761,1651,175,588
1728464424293788000,1631,5,2062,1587,54,805
1728464424294630000,1289,9,2511,1451,10,1032
1728464424295472000,984,180,2629,1241,31,1219
1728464424296314000,683,413,2676,1038,0,1395
1728464424297156000,402,686,2662,818,73,1537
1728464424297999000,162,1024,2608,620,212,1648
1728464424298841000,0,1345,2492,439,407,1700
1728464424299683000,0,1651,2040,275,591,1690
1728464424300525000,0,1933,1747,133,761,1603
1728464424301296000,0,2428,1399,28,924,1444
1728464424302138000,175,2733,1051,0,1104,1245
1728464424302980000,402,2913,711,1,1244,1032
1728464424303822000,704,2968,395,41,1355,786
1728464424304665000,1013,2643,144,153,1480,570
1728464424305507000,1337,2345,0,373,1472,373
1728464424306349000,1639,1900,2,568,1397,225
1728464424307191000,1911,1637,0,794,1300,90
1728464424308033000,2342,1313,17,988,1149,0
1728464424308875000,2451,978,212,1178,962,0
1728464424309717000,2510,648,468,1338,785,0
1728464424310559000,2535,370,776,1464,590,64
1728464424311402000,2422,146,1117,1615,436,217
1728464424312244000,2274,0,1464,1695,274,428
1728464424313086000,1830,0,1794,1670,126,638
1728464424313928000,1504,0,2104,1579,37,852
1728464424314785000,1188,25,2511,1336,0,1055
1728464424315627000,850,207,2599,1161,0,1255
1728464424316469000,610,472,2664,983,0,1440
1728464424317312000,335,782,2648,761,106,1572
1728464424318155000,109,1101,2583,576,273,1666
1728464424318997000,0,1436,2444,395,442,1701
1728464424319839000,0,1729,1968,228,636,1672
1728464424320681000,0,2000,1648,105,824,1570
1728464424321523000,46,2520,1316,1,971,1405
1728464424322365000,224,2806,958,0,1135,1192
1728464424323207000,480,2927,616,0,1273,974
1728464424324049000,767,2880,276,46,1344,828
1728464424324891000,1102,2650,65,203,1449,590
1728464424325733000,1472,2298,0,410,1439,335
1728464424326575000,1715,1852,10,629,1380,170
1728464424327417000,1978,1551,0,846,1261,68
1728464424328259000,2381,1237,69,1033,1101,0
1728464424329101000,2472,893,279,1226,920,0
1728464424329943000,2522,576,541,1376,739,0
1728464424330785000,2502,353,857,1497,618,95
1728464424331628000,2402,82,1202,1602,449,274
1728464424332470000,2123,0,1550,1653,250,477
1728464424333313000,1765,0,1892,1636,90,699
1728464424334155000,1455,0,2161,1524,0,926
1728464424334997000,1188,53,2542,1364,0,1100
1728464424335839000,807,247,2639,1156,0,1309
1728464424336681000,529,541,2677,921,21,1481
1728464424337524000,265,869,2631,711,149,1607
1728464424338366000,71,1187,2546,526,314,1679
1728464424339208000,0,1505,2208,356,498,1694
1728464424340050000,0,1785,1884,201,689,1652
1728464424340892000,0,2047,1569,73,855,1527
1728464424341740000,58,2591,1223,0,999,1319
1728464424342582000,285,2828,861,0,1171,1133
1728464424343424000,527,2913,541,0,1286,921
1728464424344266000,838,2815,267,50,1372,712
1728464424345109000,1168,2624,92,240,1424,485
1728464424345951000,1493,2062,16,472,1423,293
1728464424346793000,1795,1776,0,688,1355,141
1728464424347635000,2029,1477,0,895,1224,34
1728464424348476000,2396,1148,106,1081,1052,0
1728464424349318000,2496,802,329,1266,873,0
1728464424350160000,2524,501,617,1413,687,0
1728464424351003000,2468,247,929,1529,521,192
1728464424351846000,2363,57,1274,1604,350,367
1728464424352688000,1950,2,1635,1654,192,522
1728464424353530000,1729,10,1907,1592,66,698
1728464424354372000,1372,105,2185,1500,0,916
1728464424355225000,1041,220,2547,1310,0,1118
1728464424356067000,744,346,2645,1089,0,1365
1728464424356909000,460,626,2667,868,52,1514
1728464424357752000,210,938,2616,664,192,1632
1728464424358595000,21,1281,2520,482,349,1692
1728464424359437000,0,1579,2114,309,540,1702
1728464424360279000,0,1844,1800,162,731,1617
1728464424361121000,0,2219,1496,49,880,1482
1728464424361963000,131,2657,1125,0,1053,1289
1728464424362805000,353,2888,788,0,1199,1082
1728464424363647000,746,2908,480,10,1282,832
1728464424364490000,1041,2752,226,132,1374,644
1728464424365333000,1344,2465,21,335,1403,430
1728464424366175000,1576,1976,8,535,1418,252
1728464424367017000,1867,1699,0,744,1326,114
1728464424367859000,2313,1387,0,949,1188,13
1728464424368709000,2433,1049,162,1141,1013,0
1728464424369551000,2509,724,407,1308,817,0
1728464424370393000,2504,434,701,1438,643,43
1728464424371236000,2454,194,1038,1547,482,192
1728464424372078000,2320,21,1386,1632,312,386
1728464424372920000,1888,5,1790,1648,162,598
1728464424373762000,1593,11,2099,1577,100,837
1728464424374604000,1300,32,2512,1439,0,1032
1728464424375446000,969,216,2625,1250,0,1241
1728464424376288000,661,421,2672,1032,0,1407
1728464424377131000,386,714,2659,812,85,1553
1728464424377973000,149,1034,2604,613,221,1648
1728464424378815000,0,1361,2487,421,405,1703
1728464424379657000,0,1672,2027,258,595,1692
1728464424380499000,0,1947,1720,130,776,1582
1728464424381341000,0,2442,1395,34,946,1440
1728464424382201000,186,2755,1034,0,1098,1240
1728464424383043000,422,2943,680,0,1239,1000
1728464424383885000,744,2939,372,18,1427,752
1728464424384728000,1031,2661,145,197,1472,561
1728464424385570000,1372,2320,0,389,1471,392
1728464424386412000,1661,1904,1,593,1392,202
1728464424387254000,1923,1603,0,810,1292,74
1728464424388096000,2352,1293,17,1001,1148,0
1728464424388938000,2461,960,218,1185,956,0
1728464424389780000,2511,630,480,1351,773,0
1728464424390623000,2534,357,791,1475,587,74
1728464424391466000,2380,125,1123,1636,426,234
1728464424392309000,2273,0,1473,1665,270,440
1728464424393151000,1786,5,1814,1582,121,658
1728464424393994000,1496,0,2090,1522,34,898
1728464424394836000,1169,36,2501,1379,0,1097
1728464424395680000,881,242,2624,1181,0,1287
1728464424396522000,583,491,2663,969,2,1455
1728464424397365000,327,798,2647,751,116,1572
1728464424398208000,101,1121,2559,572,279,1665
1728464424399050000,0,1455,2426,389,455,1702
1728464424399892000,0,1760,1955,220,648,1678
1728464424400734000,0,2012,1628,97,823,1559
1728464424401576000,48,2538,1294,10,982,1384
1728464424402418000,217,2804,927,0,1153,1188
1728464424403260000,501,2958,550,0,1304,1015
1728464424404102000,858,2887,282,66,1376,650
1728464424404945000,1120,2737,68,237,1447,482
1728464424405787000,1445,2253,13,431,1438,334
1728464424406630000,1735,1817,2,653,1373,175
1728464424407472000,1987,1527,2,872,1246,53
1728464424408314000,2382,1214,79,1048,1090,0
1728464424409158000,2483,866,281,1237,911,0
1728464424410000000,2521,529,564,1383,756,0
1728464424410843000,2471,274,885,1511,527,106
1728464424411686000,2429,77,1221,1600,377,287
1728464424412528000,2136,10,1570,1654,213,496
1728464424413370000,1832,0,1924,1629,78,711
1728464424414212000,1506,0,2119,1576,0,933
1728464424415054000,1072,71,2536,1413,0,1142
1728464424415896000,804,303,2643,1131,0,1337
1728464424416738000,508,576,2672,905,31,1481
1728464424417581000,253,885,2627,697,162,1608
1728464424418424000,56,1217,2543,516,330,1676
1728464424419266000,0,1527,2169,343,509,1705
1728464424420108000,0,1831,1870,178,698,1637
1728464424420950000,0,2047,1566,77,869,1521
1728464424421792000,85,2624,1195,0,1034,1344
1728464424422654000,293,2881,839,0,1193,1128
1728464424423496000,567,2947,558,0,1308,921
1728464424424338000,875,2821,175,89,1368,765
1728464424425180000,1210,2542,4,284,1458,536
1728464424426022000,1526,2030,0,485,1432,284
1728464424426864000,1803,1764,2,705,1344,130
1728464424427706000,2042,1458,0,907,1217,34
1728464424428548000,2414,1122,124,1090,1038,0
1728464424429390000,2497,777,357,1275,864,0
1728464424430232000,2510,520,636,1418,673,11
1728464424431075000,2464,217,975,1529,553,139
1728464424431918000,2353,28,1312,1630,389,337
1728464424432760000,1951,0,1648,1662,154,539
1728464424433603000,1668,0,1972,1600,18,772
1728464424434445000,1487,0,2272,1494,0,990
1728464424435287000,1125,118,2588,1300,0,1186
1728464424436132000,729,356,2648,1081,0,1376
1728464424436974000,439,648,2661,845,54,1525
1728464424437817000,186,949,2624,649,199,1629
1728464424438659000,10,1304,2514,466,368,1703
1728464424439501000,0,1603,2082,297,570,1688
1728464424440343000,0,1898,1771,151,751,1622
1728464424441185000,0,2343,1472,46,901,1477
1728464424442027000,125,2701,1109,0,1067,1292
1728464424442869000,349,2920,751,0,1228,1070
1728464424443712000,621,2935,433,0,1327,816
1728464424444555000,964,2767,269,129,1450,633
1728464424445397000,1304,2448,17,325,1425,416
1728464424446239000,1600,1951,4,551,1409,241
1728464424447082000,1877,1676,2,763,1316,98
1728464424447924000,2313,1367,2,960,1170,4
1728464424448765000,2445,1023,175,1157,1002,0
1728464424449615000,2511,704,416,1319,808,0
1728464424450457000,2502,413,718,1450,629,33
1728464424451300000,2438,240,1054,1560,469,194
1728464424452142000,2317,36,1405,1638,304,381
1728464424452984000,1875,0,1724,1638,226,591
1728464424453827000,1566,0,2032,1600,116,832
1728464424454669000,1290,0,2486,1463,17,1036
1728464424455511000,960,186,2606,1235,0,1246
1728464424456353000,637,437,2663,1018,0,1417
1728464424457196000,373,736,2656,791,97,1553
1728464424458038000,134,1063,2587,600,242,1656
1728464424458881000,0,1377,2472,422,422,1702
1728464424459723000,0,1675,2018,260,595,1677
1728464424460565000,0,1968,1711,127,788,1591
1728464424461407000,7,2463,1367,18,948,1453
1728464424462249000,194,2771,1013,0,1109,1228
1728464424463097000,381,2903,693,0,1248,992
1728464424463939000,697,2880,367,0,1351,781
1728464424464782000,1033,2745,165,169,1417,576
1728464424465624000,1401,2358,0,378,1441,375
1728464424466466000,1670,1887,4,602,1385,192
1728464424467308000,1947,1595,0,820,1285,72
1728464424468150000,2367,1282,37,1010,1125,0
1728464424468992000,2457,939,233,1196,948,0
1728464424469834000,2514,618,474,1354,764,57
1728464424470677000,2496,349,794,1480,586,119
1728464424471520000,2413,130,1125,1583,427,235
1728464424472362000,2275,10,1492,1649,250,430
1728464424473205000,1767,114,1811,1659,125,617
1728464424474047000,1518,89,2091,1586,50,866
1728464424474889000,1201,132,2511,1412,5,1071
1728464424475731000,867,247,2624,1187,0,1300
1728464424476583000,565,512,2670,946,2,1468
1728464424477426000,298,822,2651,738,130,1592
1728464424478268000,98,1152,2554,544,293,1674
1728464424479111000,0,1479,2383,379,467,1702
1728464424479953000,0,1754,1935,205,639,1664
1728464424480795000,0,2029,1616,97,818,1539
1728464424481637000,64,2549,1284,0,993,1384
1728464424482479000,289,2818,917,0,1134,1172
1728464424483321000,585,2904,615,0,1245,933
1728464424484163000,713,2833,293,141,1367,753
1728464424485006000,1131,2599,84,274,1430,514
1728464424485848000,1461,2148,18,452,1429,323
1728464424486690000,1753,1804,15,663,1363,165
1728464424487532000,2006,1504,2,882,1248,36
1728464424488374000,2400,1176,79,1068,1088,0
1728464424489216000,2481,847,295,1244,896,0
1728464424490075000,2508,528,585,1391,705,0
1728464424490918000,2480,273,978,1514,533,122
1728464424491761000,2373,77,1277,1613,383,302
1728464424492603000,2032,18,1475,1641,214,593
1728464424493445000,1729,9,1846,1616,129,788
1728464424494287000,1494,16,2150,1508,26,869
1728464424495129000,1111,101,2557,1335,0,1143
1728464424495971000,781,322,2645,1115,0,1344
1728464424496813000,490,599,2665,885,41,1504
1728464424497656000,242,907,2631,688,177,1608
1728464424498499000,40,1230,2528,510,338,1688
1728464424499341000,0,1534,2150,325,530,1696
1728464424500183000,0,1831,1851,181,711,1649
1728464424501025000,0,2075,1510,71,894,1504
1728464424501867000,97,2653,1173,0,1032,1325
1728464424502709000,351,2847,817,0,1132,1108
1728464424503552000,669,2919,504,0,1267,895
1728464424504395000,1013,2775,279,117,1373,660
1728464424505237000,1236,2520,29,297,1443,466
1728464424506079000,1542,2005,11,504,1409,274
1728464424506922000,1829,1733,0,727,1344,133
1728464424507764000,2084,1424,0,925,1204,21
1728464424508606000,2419,1095,138,1122,1038,0
1728464424509448000,2481,757,373,1311,847,0
1728464424510290000,2507,466,669,1422,650,29
1728464424511133000,2449,212,1003,1537,501,165
1728464424511975000,2347,29,1347,1624,331,353
1728464424512817000,1893,53,1693,1624,180,549
1728464424513659000,1638,0,2092,1582,77,790
1728464424514501000,1317,0,2496,1472,0,997
1728464424515343000,1017,146,2589,1280,0,1201
1728464424516185000,704,380,2641,1053,0,1388
1728464424517032000,421,681,2662,834,64,1522
1728464424517874000,178,994,2608,642,211,1634
1728464424518717000,0,1328,2499,448,377,1695
1728464424519559000,0,1625,2039,274,576,1695
1728464424520401000,0,1915,1760,136,764,1586
1728464424521243000,0,2400,1434,37,914,1464
1728464424522085000,146,2725,1055,0,1088,1249
1728464424522927000,402,2896,679,0,1212,981
1728464424523769000,656,2997,416,41,1349,773
1728464424524612000,1017,2786,158,174,1403,592
1728464424525454000,1327,2433,2,341,1431,407
1728464424526296000,1624,1936,0,565,1403,234
1728464424527139000,1904,1659,1,776,1312,96
1728464424527981000,2319,1344,11,977,1156,1
1728464424528823000,2451,1006,194,1163,992,0
1728464424529665000,2511,672,442,1320,779,0
1728464424530525000,2551,386,754,1460,602,53
1728464424531368000,2465,162,1088,1571,450,213
1728464424532210000,2336,0,1445,1644,269,402
1728464424533052000,1762,10,1778,1706,141,696
1728464424533895000,1498,0,2098,1615,37,882
1728464424534737000,1228,26,2501,1447,0,1047
1728464424535578000,929,194,2608,1231,0,1251
1728464424536420000,626,454,2661,996,0,1436
1728464424537263000,352,745,2655,781,107,1561
1728464424538106000,122,1076,2590,590,250,1663
1728464424538949000,0,1403,2466,404,426,1690
1728464424539791000,0,1707,1977,241,621,1673
1728464424540633000,0,1984,1680,116,805,1581
1728464424541475000,10,2488,1347,0,967,1422
1728464424542317000,194,2776,1053,0,1162,1219
1728464424543159000,448,2943,689,0,1300,992
1728464424543999000,773,2896,378,37,1344,837
1728464424544842000,1082,2672,122,193,1406,554
1728464424545684000,1400,2322,4,402,1430,355
1728464424546526000,1697,1862,4,615,1384,194
1728464424547368000,1955,1581,2,834,1272,66
1728464424548210000,2370,1264,49,1026,1120,0
1728464424549052000,2463,961,245,1197,929,0
1728464424549894000,2514,660,513,1368,756,0
1728464424550737000,2487,373,817,1487,577,84
1728464424551580000,2407,101,1181,1600,450,241
1728464424552422000,2223,0,1509,1679,290,448
1728464424553264000,1811,0,1842,1627,20,672
1728464424554106000,1494,0,2139,1532,0,906
1728464424554948000,1168,64,2528,1376,0,1107
1728464424555790000,849,269,2624,1168,0,1300
1728464424556632000,542,520,2671,939,20,1475
1728464424557483000,287,835,2637,721,133,1596
1728464424558326000,66,1161,2563,544,294,1682
1728464424559168000,0,1498,2278,372,480,1705
1728464424560010000,0,1768,1920,213,660,1660
1728464424560852000,0,2033,1600,100,844,1548
1728464424561694000,45,2580,1264,0,994,1381
1728464424562536000,215,2840,878,0,1162,1160
1728464424563378000,514,2931,554,0,1305,940
1728464424564220000,817,2857,284,57,1368,718
1728464424565062000,1169,2589,73,245,1425,505
1728464424565905000,1482,2112,13,453,1426,320
1728464424566747000,1769,1788,0,682,1368,147
1728464424567590000,2016,1493,0,890,1233,37
1728464424568432000,2408,1170,100,1070,1078,0
1728464424569274000,2486,832,289,1249,882,42
1728464424570116000,2528,521,576,1399,716,69
1728464424570970000,2473,276,913,1531,534,125
1728464424571813000,2376,68,1230,1612,372,273
1728464424572655000,1984,113,1600,1688,221,480
1728464424573498000,1731,57,1914,1650,90,723
1728464424574340000,1429,37,2171,1497,37,940
1728464424575182000,1079,109,2557,1317,0,1161
1728464424576024000,762,320,2644,1109,0,1349
1728464424576866000,471,610,2664,880,31,1504
1728464424577709000,224,921,2625,671,176,1614
1728464424578551000,26,1262,2528,490,338,1694
1728464424579394000,0,1568,2135,320,528,1686
1728464424580236000,0,1856,1838,176,713,1632
1728464424581078000,0,2097,1526,55,878,1500
1728464424581920000,168,2667,1176,0,1026,1323
1728464424582762000,382,2864,794,45,1185,1103
1728464424583604000,522,2915,462,58,1300,902
1728464424584456000,924,2787,224,132,1399,650
1728464424585298000,1261,2497,26,301,1429,453
1728464424586140000,1561,1984,2,526,1423,265
1728464424586982000,1842,1706,1,746,1327,114
1728464424587824000,2144,1401,0,940,1196,14
1728464424588665000,2428,1072,136,1124,1027,2
1728464424589507000,2505,738,383,1297,837,0
1728464424590349000,2511,437,749,1440,650,32
1728464424591192000,2464,202,1058,1550,489,171
1728464424592034000,2335,25,1261,1623,321,457
1728464424592876000,1930,0,1624,1643,200,644
1728464424593718000,1634,9,1944,1600,77,860
1728464424594560000,1318,0,2476,1468,0,1010
1728464424595402000,1000,173,2583,1260,0,1218
1728464424596244000,690,404,2657,1041,0,1399
1728464424597087000,402,688,2662,836,77,1539
1728464424597937000,170,1015,2612,626,214,1645
1728464424598780000,0,1344,2488,440,399,1704
1728464424599622000,0,1649,2025,249,602,1681
1728464424600464000,0,1927,1740,141,767,1587
1728464424601306000,0,2416,1413,34,933,1472
1728464424602148000,175,2705,1045,10,1125,1257
1728464424602990000,426,2892,710,0,1230,1020
1728464424603832000,672,2880,398,8,1291,814
1728464424604675000,1016,2727,150,165,1418,593
1728464424605517000,1350,2392,0,362,1440,398
1728464424606359000,1635,1915,5,578,1392,219
1728464424607201000,1904,1632,5,799,1297,89
1728464424608043000,2336,1314,2,986,1156,0
1728464424608885000,2438,975,205,1202,963,0
1728464424609727000,2499,650,465,1377,779,0
1728464424610570000,2491,372,773,1461,591,64
1728464424611422000,2421,139,1111,1579,448,217
1728464424612264000,2288,52,1483,1622,279,419
1728464424613107000,1822,4,1802,1637,138,628
1728464424613949000,1545,0,2158,1552,69,879
1728464424614791000,1239,37,2510,1418,0,1066
1728464424615633000,912,216,2611,1208,0,1266
1728464424616475000,602,480,2657,977,0,1437
1728464424617318000,338,778,2656,762,102,1561
1728464424618160000,113,1103,2573,581,263,1664
1728464424619002000,0,1427,2442,392,452,1703
1728464424619844000,0,1735,1967,229,636,1665
1728464424620686000,0,1999,1640,102,815,1566
1728464424621528000,33,2560,1296,1,965,1378
1728464424622370000,213,2892,939,18,1156,1157
1728464424623212000,459,3011,600,5,1272,930
1728464424624054000,778,2923,338,53,1360,728
1728464424624907000,1101,2668,98,212,1417,554
1728464424625749000,1439,2295,9,415,1437,345
1728464424626591000,1712,1847,0,643,1376,181
1728464424627433000,1973,1554,11,841,1261,64
1728464424628275000,2370,1248,66,1035,1106,1
1728464424629117000,2488,877,262,1219,914,0
1728464424629959000,2516,576,538,1376,716,0
1728464424630802000,2547,306,873,1504,548,97
1728464424631644000,2446,88,1218,1602,382,285
1728464424632486000,1998,21,1536,1720,232,516
1728464424633328000,1697,17,1894,1679,107,746
1728464424634170000,1465,4,2146,1533,10,917
1728464424635012000,1147,64,2541,1368,0,1111
1728464424635854000,832,282,2625,1149,0,1315
1728464424636696000,533,548,2668,930,20,1476
1728464424637539000,272,850,2634,717,149,1600
1728464424638394000,74,1188,2552,530,309,1674
1728464424639236000,0,1478,2216,358,506,1704
1728464424640078000,0,1790,1886,192,686,1659
1728464424640920000,0,2046,1572,79,862,1535
1728464424641762000,64,2625,1262,0,1036,1349
1728464424642604000,277,2868,909,0,1161,1123
1728464424643446000,541,2919,468,0,1280,993
1728464424644289000,861,2844,257,78,1386,696
1728464424645132000,1185,2567,64,258,1427,481
1728464424645974000,1497,2053,8,477,1425,299
1728464424646816000,1791,1774,2,690,1351,146
1728464424647658000,2021,1481,5,898,1228,40
1728464424648500000,2408,1195,98,1088,1063,0
1728464424649342000,2494,860,324,1264,869,0
1728464424650184000,2510,538,618,1411,764,0
1728464424651027000,2477,244,944,1529,533,143
1728464424651873000,2392,5,1295,1626,282,320
1728464424652715000,1968,0,1634,1653,138,548
1728464424653557000,1808,0,1973,1612,48,752
1728464424654399000,1387,2,2188,1506,0,980
1728464424655241000,1071,121,2569,1310,0,1171
1728464424656083000,741,341,2647,1101,0,1357
1728464424656925000,455,617,2668,872,53,1513
1728464424657768000,209,954,2624,666,178,1638
1728464424658610000,5,1258,2524,485,350,1694
1728464424659452000,0,1564,2112,306,534,1695
1728464424660294000,0,1853,1821,146,722,1628
1728464424661136000,0,2252,1491,29,901,1495
1728464424661978000,96,2688,1130,0,1064,1322
1728464424662820000,321,2919,790,0,1202,1084
1728464424663662000,633,2936,463,0,1312,811
1728464424664505000,948,2782,203,128,1400,629
1728464424665361000,1273,2481,13,308,1435,439
1728464424666203000,1582,1976,5,532,1402,246
1728464424667045000,1864,1692,0,746,1326,110
1728464424667887000,2312,1390,0,943,1185,11
1728464424668729000,2421,1055,139,1129,1007,34
1728464424669571000,2499,728,388,1300,827,0
1728464424670413000,2511,430,680,1444,637,16
1728464424671255000,2456,266,1023,1567,484,160
1728464424672097000,2352,81,1373,1665,320,356
1728464424672939000,1917,52,1717,1641,217,583
1728464424673781000,1609,0,2014,1585,102,821
1728464424674623000,1311,9,2471,1453,0,1025
1728464424675465000,969,176,2599,1255,0,1225
1728464424676307000,664,421,2656,1023,0,1408
1728464424677149000,385,715,2656,808,83,1543
1728464424677992000,154,1023,2592,608,229,1652
1728464424678845000,0,1368,2489,432,392,1687
1728464424679687000,0,1650,2051,273,590,1671
1728464424680529000,0,1944,1736,125,770,1614
1728464424681371000,0,2440,1372,74,933,1472
1728464424682213000,71,2738,1014,64,1091,1266
1728464424683055000,352,2912,704,42,1225,1053
1728464424683897000,709,2899,391,29,1344,794
1728464424684740000,1033,2704,145,170,1405,589
1728464424685582000,1362,2374,0,370,1432,375
1728464424686424000,1652,1898,0,593,1395,211
1728464424687266000,1935,1611,1,811,1295,66
1728464424688108000,2336,1294,25,996,1138,0
1728464424688949000,2450,960,211,1170,962,0
1728464424689791000,2511,629,576,1344,765,0
1728464424690633000,2503,346,807,1483,604,58
1728464424691476000,2425,148,1030,1582,413,310
1728464424692325000,2282,0,1426,1646,289,506
1728464424693168000,1863,34,1773,1631,126,577
1728464424694010000,1532,0,2097,1557,38,867
1728464424694852000,1216,37,2503,1404,0,1081
1728464424695694000,890,237,2625,1185,0,1284
1728464424696536000,581,496,2668,967,1,1453
1728464424697379000,324,793,2659,749,124,1578
1728464424698222000,90,1084,2570,559,277,1648
1728464424699064000,0,1453,2415,381,463,1693
1728464424699906000,0,1731,1940,228,642,1657
1728464424700748000,0,1990,1647,105,832,1576
1728464424701590000,58,2528,1304,0,922,1390
1728464424702432000,233,2807,933,0,1099,1170
1728464424703274000,522,2912,590,0,1228,960
1728464424704116000,805,2880,314,53,1367,730
1728464424704959000,1122,2626,93,234,1426,533
1728464424705808000,1442,2227,13,427,1437,339
1728464424706650000,1734,1836,5,651,1376,174
1728464424707492000,1999,1522,0,867,1266,50
1728464424708334000,2370,1202,68,1044,1088,0
1728464424709176000,2467,872,296,1219,904,0
1728464424710018000,2512,561,558,1376,722,4
1728464424710861000,2480,293,884,1508,548,94
1728464424711704000,2380,66,1239,1587,394,272
1728464424712546000,2086,1,1660,1644,249,506
1728464424713389000,1754,18,1954,1627,101,722
1728464424714231000,1443,0,2160,1517,5,927
1728464424715073000,1130,90,2554,1344,5,1121
1728464424715915000,810,297,2634,1131,0,1325
1728464424716757000,514,576,2670,900,25,1486
1728464424717600000,247,880,2639,704,150,1604
1728464424718442000,64,1208,2552,509,322,1683
1728464424719307000,0,1535,2165,349,516,1697
1728464424720149000,0,1823,1863,184,699,1638
1728464424720991000,0,2076,1551,77,853,1511
1728464424721833000,101,2520,1188,0,1108,1336
1728464424722675000,289,2806,839,0,1253,1109
1728464424723517000,578,2927,521,0,1330,886
1728464424724359000,883,2823,250,103,1389,674
1728464424725202000,1211,2547,53,276,1423,473
1728464424726044000,1517,2028,0,487,1423,298
1728464424726886000,1810,1752,0,696,1351,135
1728464424727728000,2040,1450,0,915,1202,25
1728464424728570000,2445,1109,121,1097,1041,0
1728464424729412000,2529,792,352,1267,844,8
1728464424730254000,2496,476,655,1447,678,6
1728464424731097000,2402,238,960,1584,505,194
1728464424731939000,2332,47,1328,1549,344,298
1728464424732776000,1915,9,1642,1612,192,555
1728464424733618000,1669,4,1968,1607,58,772
1728464424734460000,1359,0,2268,1494,0,992
1728464424735302000,1044,137,2570,1298,0,1183
1728464424736144000,727,369,2644,1072,0,1376
1728464424736987000,444,642,2664,859,56,1522
1728464424737829000,181,963,2622,634,197,1636
1728464424738672000,8,1294,2507,463,372,1690
1728464424739514000,0,1600,2080,290,560,1690
1728464424740356000,0,1893,1773,157,745,1626
1728464424741198000,2,2345,1416,37,938,1540
1728464424742040000,164,2707,1067,0,1088,1334
1728464424742882000,416,2918,719,0,1231,968
1728464424743724000,651,2931,434,0,1333,842
1728464424744567000,974,2762,193,137,1398,622
1728464424745410000,1301,2448,9,332,1427,426
1728464424746271000,1601,1953,5,546,1405,238
1728464424747113000,1871,1675,2,765,1317,101
1728464424747955000,2314,1344,0,960,1218,2
1728464424748797000,2439,1017,174,1144,1037,0
1728464424749639000,2507,690,421,1318,832,0
1728464424750481000,2510,401,716,1451,618,42
1728464424751324000,2529,159,1111,1575,437,192
1728464424752167000,2368,7,1424,1634,285,395
1728464424753010000,1776,5,1722,1728,141,610
1728464424753852000,1592,2,2039,1581,56,837
1728464424754694000,1273,8,2496,1439,0,1034
1728464424755536000,940,199,2604,1241,0,1248
1728464424756378000,653,437,2656,1013,8,1415
1728464424757221000,372,729,2659,804,92,1551
1728464424758064000,133,1050,2583,602,233,1655
1728464424758907000,0,1395,2480,420,405,1693
1728464424759748000,0,1681,2023,253,597,1674
1728464424760591000,0,1959,1755,117,785,1601
1728464424761433000,0,2483,1437,8,970,1427
1728464424762275000,185,2776,1067,0,1119,1226
1728464424763117000,431,2913,648,0,1240,1076
1728464424763959000,732,2894,381,33,1347,773
1728464424764802000,1058,2692,130,174,1407,578
1728464424765644000,1385,2352,0,383,1436,373
1728464424766487000,1669,1884,0,595,1388,199
1728464424767329000,1941,1593,8,816,1283,66
1728464424768171000,2359,1317,25,1007,1137,0
1728464424769013000,2465,966,232,1185,999,0
1728464424769855000,2509,604,492,1359,804,0
1728464424770698000,2482,290,802,1492,627,70
1728464424771540000,2416,105,1145,1572,369,237
1728464424772382000,2272,0,1496,1643,218,441
1728464424773227000,1806,4,1834,1654,116,670
1728464424774069000,1506,0,2123,1549,34,886
1728464424774911000,1196,64,2514,1391,0,1102
1728464424775752000,858,250,2624,1168,0,1294
1728464424776594000,561,516,2663,960,1,1452
1728464424777437000,265,819,2639,738,133,1590
1728464424778280000,77,1151,2570,553,290,1682
1728464424779122000,0,1472,2368,366,461,1698
1728464424779964000,0,1767,1944,197,645,1669
1728464424780806000,0,2027,1601,40,826,1540
1728464424781648000,36,2574,1269,0,986,1417
1728464424782490000,234,2816,924,0,1140,1200
1728464424783332000,506,2928,581,2,1273,936
1728464424784174000,826,2848,320,69,1370,719
1728464424785017000,1144,2595,82,241,1421,516
1728464424785859000,1456,2144,5,442,1428,323
1728464424786721000,1758,1807,4,669,1364,151
1728464424787563000,2012,1498,0,875,1248,106
1728464424788405000,2388,1180,50,1050,1088,68
1728464424789247000,2476,851,290,1238,897,32
1728464424790089000,2522,524,557,1399,714,2
1728464424790931000,2531,290,868,1522,530,42
1728464424791774000,2368,165,1217,1631,395,253
1728464424792616000,1988,116,1585,1669,229,474
1728464424793458000,1728,2,1913,1627,89,724
1728464424794300000,1430,0,2161,1519,7,946
1728464424795142000,1110,100,2551,1328,0,1146
1728464424795984000,782,322,2650,1120,0,1336
1728464424796826000,490,589,2668,891,36,1498
1728464424797669000,247,902,2631,689,173,1610
1728464424798511000,52,1225,2525,509,327,1676
1728464424799353000,0,1544,2140,314,508,1703
1728464424800193000,0,1839,1857,176,693,1644
1728464424801035000,82,2082,1578,74,866,1510
1728464424801877000,181,2629,1204,0,1008,1307
1728464424802719000,375,2849,828,5,1173,1099
1728464424803561000,594,2931,506,0,1307,881
1728464424804404000,904,2800,229,108,1393,656
1728464424805246000,1236,2514,29,293,1435,466
1728464424806089000,1538,2003,7,512,1410,274
1728464424806931000,1820,1728,13,725,1344,121
1728464424807773000,2067,1434,0,916,1198,29
1728464424808615000,2417,1097,137,1104,1039,0
1728464424809457000,2501,754,370,1285,845,0
1728464424810299000,2515,466,666,1415,659,16
1728464424811141000,2462,207,1090,1547,529,178
1728464424811984000,2352,64,1405,1619,346,349
1728464424812826000,1926,16,1656,1656,184,622
1728464424813684000,1652,4,1988,1600,66,791
1728464424814526000,1347,8,2424,1474,0,992
1728464424815368000,1037,145,2583,1280,1,1191
1728464424816210000,707,388,2655,1058,0,1379
1728464424817052000,425,671,2672,837,56,1522
1728464424817895000,170,999,2599,644,213,1628
1728464424818737000,5,1328,2496,458,377,1686
1728464424819579000,0,1632,2067,282,569,1699
1728464424820421000,0,1816,1746,117,818,1600
1728464424821263000,0,2343,1431,32,983,1448
1728464424822105000,122,2657,1066,0,1142,1244
1728464424822947000,386,2902,730,0,1225,1047
1728464424823789000,669,2918,421,9,1336,811
1728464424824632000,994,2742,164,149,1410,608
1728464424825474000,1322,2431,2,342,1437,405
1728464424826316000,1615,1938,2,561,1406,233
1728464424827164000,1877,1660,1,825,1297,92
1728464424828006000,2284,1344,9,1033,1153,0
1728464424828847000,2422,1000,188,1210,978,0
1728464424829689000,2496,685,448,1346,793,0
1728464424830531000,2469,397,773,1496,616,34
1728464424831374000,2428,168,1072,1525,456,210
1728464424832216000,2288,30,1448,1609,272,441
1728464424833058000,1860,9,1767,1649,148,629
1728464424833900000,1567,5,2065,1573,36,849
1728464424834742000,1249,13,2500,1426,0,1047
1728464424835584000,936,201,2598,1226,0,1250
1728464424836426000,633,450,2664,1003,0,1428
1728464424837269000,354,745,2649,780,101,1559
1728464424838112000,125,1071,2584,590,245,1652
1728464424838955000,0,1381,2453,418,448,1700
1728464424839797000,0,1701,1991,240,621,1692
1728464424840649000,13,1991,1643,109,807,1641
1728464424841491000,77,2488,1308,5,975,1329
1728464424842333000,245,2785,948,0,1111,1137
1728464424843175000,453,2934,647,0,1262,992
1728464424844017000,754,2887,348,34,1355,769
1728464424844860000,1088,2673,123,201,1420,553
1728464424845702000,1410,2314,0,411,1432,362
1728464424846544000,1693,1873,10,613,1381,195
1728464424847386000,1951,1555,0,826,1313,58
1728464424848228000,2368,1241,40,1017,1143,0
1728464424849070000,2478,906,245,1213,918,0
1728464424849912000,2528,587,514,1367,747,0
1728464424850754000,2613,320,837,1481,537,79
1728464424851597000,2472,96,1217,1615,388,244
1728464424852439000,2257,0,1517,1664,234,463
1728464424853282000,1776,5,1844,1636,112,683
1728464424854142000,1491,0,2127,1543,26,905
1728464424854984000,1173,64,2528,1376,0,1103
1728464424855826000,850,264,2627,1161,0,1294
1728464424856668000,549,521,2659,945,13,1472
1728464424857511000,290,832,2650,724,128,1584
1728464424858353000,73,1160,2559,530,287,1682
1728464424859196000,0,1485,2295,367,477,1710
1728464424860038000,0,1791,1922,195,672,1669
1728464424860881000,0,2010,1690,74,877,1562
1728464424861723000,56,2599,1322,0,1028,1369
1728464424862565000,266,2823,912,0,1161,1150
1728464424863407000,538,2946,554,0,1295,930
1728464424864249000,840,2847,293,77,1376,695
1728464424865092000,1164,2591,73,249,1421,503
1728464424865934000,1481,2112,21,452,1425,308
1728464424866777000,1765,1809,0,676,1361,151
1728464424867622000,2024,1570,0,890,1242,30
1728464424868464000,2389,1222,86,1068,1066,0
1728464424869306000,2481,853,306,1256,890,0
1728464424870148000,2561,569,576,1413,693,0
1728464424870991000,2474,182,918,1510,622,121
1728464424871833000,2375,18,1249,1633,418,302
1728464424872675000,1984,10,1620,1658,203,526
1728464424873517000,1713,0,1921,1617,92,745
1728464424874359000,1407,2,2169,1511,2,961
1728464424875201000,1082,113,2559,1325,0,1156
1728464424876043000,765,332,2644,1102,0,1351
1728464424876886000,482,609,2672,877,17,1493
1728464424877729000,239,922,2618,678,170,1614
1728464424878572000,13,1249,2537,490,331,1693
1728464424879414000,0,1564,2128,320,527,1712
1728464424880256000,0,1856,1842,97,714,1614
1728464424881099000,0,2097,1502,2,874,1482
1728464424881941000,69,2636,1140,0,1021,1328
1728464424882783000,334,2880,800,0,1194,1100
1728464424883625000,613,2919,484,0,1314,849
1728464424884468000,928,2792,216,118,1394,653
1728464424885310000,1256,2497,34,305,1432,448
1728464424886152000,1556,1973,0,530,1415,263
1728464424886994000,1841,1706,58,728,1336,118
1728464424887836000,2132,1407,32,937,1200,96
1728464424888678000,2422,1066,174,1118,1022,0
1728464424889520000,2509,740,365,1299,836,31
1728464424890362000,2513,421,617,1439,673,97
1728464424891205000,2496,232,975,1530,484,84
1728464424892047000,2344,26,1344,1624,331,302
1728464424892890000,1912,11,1696,1656,177,588
1728464424893732000,1648,1,2006,1596,68,802
1728464424894590000,1328,0,2455,1465,0,1016
1728464424895432000,994,165,2608,1255,0,1217
1728464424896274000,688,400,2656,1045,0,1396
1728464424897116000,405,654,2656,824,85,1528
1728464424897959000,171,1007,2592,633,216,1632
1728464424898801000,0,1345,2499,444,389,1699
1728464424899643000,0,1642,2063,272,553,1707
1728464424900486000,114,1912,1757,141,738,1583
1728464424901328000,100,2413,1456,49,898,1444
1728464424902170000,245,2721,1084,0,1063,1251
1728464424903012000,400,2915,714,0,1239,1039
1728464424903854000,698,2903,398,18,1349,805
1728464424904697000,1018,2723,162,173,1412,594
1728464424905539000,1348,2403,0,360,1439,402
1728464424906381000,1639,1925,2,583,1393,234
1728464424907223000,1888,1619,0,789,1291,88
1728464424908068000,2334,1316,21,971,1145,4
1728464424908910000,2441,983,201,1164,969,0
1728464424909752000,2510,673,453,1327,782,0
1728464424910594000,2497,357,832,1465,597,55
1728464424911436000,2428,166,1183,1567,474,235
1728464424912278000,2299,0,1466,1632,277,429
1728464424913120000,1840,8,1796,1648,134,644
1728464424913962000,1550,2,2080,1564,40,863
1728464424914804000,1242,34,2502,1407,0,1055
1728464424915646000,910,218,2620,1209,0,1267
1728464424916488000,619,480,2650,968,2,1428
1728464424917330000,341,779,2648,770,109,1555
1728464424918173000,98,1101,2571,581,271,1660
1728464424919015000,0,1438,2444,398,437,1712
1728464424919857000,10,1791,1987,228,700,1670
1728464424920700000,0,1908,1648,106,871,1566
1728464424921551000,29,2482,1288,21,1002,1378
1728464424922393000,221,2800,952,0,1136,1208
1728464424923235000,482,2918,621,0,1267,975
1728464424924077000,773,2872,343,64,1358,750
1728464424924920000,1103,2656,110,205,1418,549
1728464424925763000,1423,2308,9,409,1438,351
1728464424926606000,1696,1843,0,687,1382,182
1728464424927448000,1951,1553,5,896,1257,64
1728464424928290000,2357,1223,65,1055,1098,0
1728464424929132000,2465,903,265,1225,922,8
1728464424929974000,2496,589,555,1319,747,0
1728464424930816000,2483,305,841,1470,546,120
1728464424931658000,2391,153,1229,1575,389,279
1728464424932500000,2160,5,1552,1654,236,477
1728464424933343000,1766,5,1871,1632,98,708
1728464424934185000,1466,2,2152,1534,16,923
1728464424935039000,1159,68,2528,1370,0,1117
1728464424935881000,833,273,2629,1148,0,1311
1728464424936723000,505,546,2677,929,26,1479
1728464424937566000,265,849,2631,704,148,1603
1728464424938408000,66,1190,2550,534,312,1680
1728464424939250000,0,1500,2220,354,496,1706
1728464424940092000,0,1783,1866,192,658,1602
1728464424940934000,0,2113,1555,101,864,1493
1728464424941776000,85,2668,1200,11,1013,1317
1728464424942618000,285,2847,863,0,1176,1136
1728464424943460000,559,2926,537,0,1296,912
1728464424944303000,865,2825,272,82,1365,688
1728464424945146000,1187,2568,64,262,1418,498
1728464424945988000,1507,2062,9,463,1427,298
1728464424946830000,1884,1765,5,698,1344,146
1728464424947672000,2096,1472,2,891,1207,36
1728464424948523000,2439,1149,107,1081,1049,0
1728464424949365000,2534,810,330,1263,882,1
1728464424950207000,2500,509,599,1484,669,21
1728464424951050000,2432,242,978,1574,501,166
1728464424951893000,2329,50,1284,1621,357,329
1728464424952735000,1953,7,1631,1653,198,530
1728464424953578000,1692,5,1942,1607,82,764
1728464424954420000,1387,0,2185,1500,0,969
1728464424955262000,1060,114,2561,1312,0,1166
1728464424956104000,746,342,2642,1092,0,1359
1728464424956947000,460,629,2668,864,41,1512
1728464424957790000,207,948,2616,663,192,1632
1728464424958632000,10,1280,2523,480,354,1702
1728464424959474000,0,1609,2156,302,529,1749
1728464424960316000,0,1852,1737,151,730,1717
1728464424961158000,0,2197,1429,34,924,1535
1728464424962049000,130,2678,1130,0,1058,1298
1728464424962891000,356,2884,786,0,1204,1082
1728464424963733000,633,2923,468,0,1323,849
1728464424964575000,941,2784,205,122,1395,644
1728464424965418000,1284,2478,23,312,1426,435
1728464424966260000,1582,1984,0,535,1483,250
1728464424967102000,1866,1672,1,740,1384,113
1728464424967944000,2294,1371,0,945,1208,16
1728464424968786000,2439,1040,146,1129,1035,0
1728464424969628000,2525,689,405,1331,858,0
1728464424970470000,2522,405,692,1437,592,28
1728464424971313000,2565,181,1049,1561,448,185
1728464424972155000,2333,10,1381,1636,321,381
1728464424972997000,1889,4,1713,1663,170,601
1728464424973839000,1613,5,2028,1586,64,817
1728464424974681000,1310,13,2472,1451,0,1036
1728464424975492000,989,177,2599,1253,0,1229
1728464424976334000,657,411,2663,1041,0,1407
1728464424977177000,375,694,2670,796,79,1546
1728464424978020000,157,1042,2597,608,224,1651
1728464424978863000,0,1371,2483,430,394,1708
1728464424979705000,0,1683,2037,237,576,1672
1728464424980547000,0,1912,1845,114,778,1605
1728464424981389000,0,2434,1486,0,967,1458
1728464424982231000,173,2758,1036,0,1092,1242
1728464424983073000,412,2904,687,0,1236,1012
1728464424983915000,719,2897,394,28,1344,791
1728464424984758000,1023,2703,150,175,1409,586
1728464424985600000,1364,2380,0,370,1438,386
1728464424986442000,1656,1899,0,590,1396,182
1728464424987284000,1925,1600,0,807,1293,69
1728464424988126000,2350,1384,18,993,1140,0
1728464424988975000,2456,974,207,1185,967,0
1728464424989817000,2508,706,456,1384,786,0
1728464424990660000,2535,409,761,1479,593,37
1728464424991503000,2432,64,1114,1595,501,224
1728464424992346000,2292,0,1477,1653,265,436
1728464424993189000,1814,1,1815,1643,129,663
1728464424994031000,1531,4,2084,1555,42,887
1728464424994873000,1226,49,2505,1397,0,1076
1728464424995715000,885,233,2623,1199,0,1291
1728464424996557000,591,490,2688,966,0,1455
1728464424997400000,325,792,2649,754,114,1582
1728464424998242000,94,1113,2564,562,293,1676
1728464424999085000,0,1456,2433,406,448,1713
1728464424999927000,0,1721,1987,267,634,1660
1728464425000769000,0,1986,1632,48,812,1560
1728464425001611000,23,2537,1295,0,980,1396
1728464425002464000,237,2823,930,0,1151,1186
1728464425003306000,501,2930,594,0,1270,952
1728464425004148000,810,2847,312,66,1367,730
1728464425004991000,1128,2627,90,221,1416,539
1728464425005833000,1431,2240,21,427,1429,336
1728464425006675000,1728,1834,44,646,1368,195
1728464425007517000,1984,1527,0,862,1256,109
1728464425008359000,2383,1204,56,1054,1100,23
1728464425009201000,2497,876,230,1219,927,46
1728464425010044000,2556,579,533,1383,721,0
1728464425010886000,2504,293,840,1504,542,26
1728464425011728000,2386,87,1218,1615,389,277
1728464425012570000,2084,16,1573,1649,227,501
1728464425013413000,1752,13,1898,1624,87,727
1728464425014255000,1453,0,2152,1521,16,930
1728464425015097000,1135,87,2551,1353,0,1135
1728464425015940000,810,306,2652,1133,0,1329
1728464425016782000,519,555,2658,916,30,1487
1728464425017625000,271,864,2641,704,141,1602
1728464425018468000,55,1204,2540,525,320,1692
1728464425019310000,42,1525,2160,343,496,1700
1728464425020152000,0,1798,1857,265,680,1678
1728464425020994000,0,2062,1582,106,858,1568
1728464425021836000,82,2631,1196,0,1032,1344
1728464425022678000,293,2860,836,0,1182,1121
1728464425023520000,576,2918,521,0,1301,891
1728464425024363000,875,2815,250,100,1380,669
1728464425025206000,1216,2552,38,270,1439,482
1728464425026049000,1509,2039,2,480,1425,289
1728464425026891000,1802,1760,57,698,1349,139
1728464425027733000,2042,1458,41,914,1202,25
1728464425028575000,2412,1120,136,1095,1053,0
1728464425029423000,2513,800,373,1264,847,97
1728464425030265000,2512,485,576,1404,667,98
1728464425031108000,2502,261,921,1537,529,192
1728464425031951000,2365,41,1325,1628,350,335
1728464425032793000,1938,9,1672,1656,192,570
1728464425033635000,1675,2,1976,1600,77,789
1728464425034477000,1358,0,2234,1496,0,984
1728464425035319000,1044,122,2579,1298,0,1186
1728464425036161000,738,369,2639,1080,0,1375
1728464425037004000,448,624,2663,853,74,1517
1728464425037847000,197,940,2609,661,199,1636
1728464425038689000,9,1280,2517,471,362,1693
1728464425039531000,5,1557,2072,303,511,1692
1728464425040373000,5,1856,1783,145,686,1621
1728464425041215000,43,2320,1475,54,876,1492
1728464425042057000,141,2692,1103,0,1075,1287
1728464425042910000,373,2907,749,0,1217,1069
1728464425043752000,658,2912,448,1,1336,834
1728464425044595000,969,2752,192,145,1396,625
1728464425045437000,1301,2461,9,327,1436,418
1728464425046279000,1570,1956,0,578,1407,250
1728464425047121000,1857,1676,2,784,1303,105
1728464425047963000,2306,1366,1,956,1174,5
1728464425048804000,2424,1036,170,1120,1007,0
1728464425049646000,2504,704,406,1278,810,4
1728464425050488000,2508,413,719,1399,627,73
1728464425051330000,2437,184,1055,1558,462,199
1728464425052172000,2319,4,1400,1638,306,394
1728464425053014000,1880,5,1729,1651,162,621
1728464425053857000,1592,4,2031,1580,50,832
1728464425054699000,1279,5,2480,1447,0,1039
1728464425055541000,962,192,2600,1231,0,1242
1728464425056392000,650,440,2656,1020,0,1415
1728464425057234000,368,727,2635,794,91,1553
1728464425058077000,146,1049,2600,606,225,1659
1728464425058919000,26,1396,2456,426,402,1632
1728464425059761000,8,1680,1984,237,587,1619
1728464425060604000,0,2061,1685,151,789,1548
1728464425061446000,10,2463,1371,8,946,1438
1728464425062288000,192,2759,1012,0,1108,1232
1728464425063130000,441,2910,675,0,1252,1002
1728464425063972000,732,2892,373,29,1347,791
1728464425064815000,1050,2695,139,180,1411,570
1728464425065657000,1384,2343,0,389,1457,375
1728464425066499000,1677,1871,2,602,1378,193
1728464425067341000,2017,1581,0,829,1271,78
1728464425068183000,2356,1278,30,1000,1127,0
1728464425069024000,2574,938,251,1198,914,0
1728464425069878000,2608,608,542,1379,741,0
1728464425070720000,2539,341,822,1498,562,97
1728464425071563000,2409,122,1148,1588,424,242
1728464425072405000,2272,16,1495,1639,253,462
1728464425073248000,1808,2,1821,1639,121,677
1728464425074090000,1511,5,2094,1552,32,896
1728464425074932000,1199,54,2530,1395,0,1091
1728464425075774000,853,274,2626,1170,0,1308
1728464425076616000,576,516,2662,945,16,1464
1728464425077459000,298,832,2641,738,117,1584
1728464425078301000,94,1144,2565,556,284,1681
1728464425079143000,0,1487,2424,370,466,1703
1728464425079985000,0,1807,2016,203,670,1678
1728464425080827000,0,2021,1490,74,820,1645
1728464425081669000,53,2570,1274,0,982,1379
1728464425082511000,245,2818,927,0,1152,1166
1728464425083365000,511,2924,589,0,1273,939
1728464425084207000,818,2847,312,70,1368,714
1728464425085050000,1143,2611,82,234,1431,527
1728464425085892000,1458,2167,1,448,1420,302
1728464425086734000,1749,1884,0,669,1365,149
1728464425087576000,2004,1540,0,868,1244,65
1728464425088418000,2392,1231,72,1058,1090,0
1728464425089260000,2512,890,281,1234,930,0
1728464425090102000,2514,457,552,1394,782,0
1728464425090945000,2476,241,900,1516,568,117
1728464425091788000,2384,77,1242,1608,379,308
1728464425092630000,2032,14,1590,1657,225,505
1728464425093473000,1728,5,1898,1619,101,736
1728464425094315000,1431,5,2160,1513,10,948
1728464425095157000,1109,104,2559,1336,0,1153
1728464425095999000,794,324,2639,1121,0,1344
1728464425096843000,501,589,2656,899,37,1495
1728464425097686000,235,901,2629,692,171,1628
1728464425098528000,5,1244,2536,517,320,1679
1728464425099371000,0,1528,2127,287,520,1717
1728464425100213000,0,1860,1870,153,698,1670
1728464425101055000,0,2076,1538,64,879,1521
1728464425101897000,100,2664,1165,0,1039,1336
1728464425102739000,327,2869,816,0,1193,1107
1728464425103581000,591,2920,500,4,1314,878
1728464425104423000,910,2798,233,105,1390,669
1728464425105266000,1231,2534,64,285,1434,500
1728464425106108000,1526,2001,0,498,1415,333
1728464425106951000,1823,1731,0,722,1326,142
1728464425107793000,2080,1424,0,930,1210,5
1728464425108635000,2480,1109,101,1103,1026,0
1728464425109477000,2559,782,338,1276,841,0
1728464425110334000,2520,458,626,1435,660,0
1728464425111177000,2463,213,992,1552,492,153
1728464425112019000,2355,26,1337,1633,335,356
1728464425112861000,1923,9,1683,1651,167,578
1728464425113703000,1649,0,1991,1600,66,794
1728464425114545000,1344,0,2373,1476,0,1008
1728464425115387000,1033,141,2577,1283,0,1197
1728464425116229000,705,368,2663,1059,0,1387
1728464425117072000,427,664,2662,834,68,1530
1728464425117915000,176,988,2609,635,205,1641
1728464425118758000,66,1313,2482,442,363,1682
1728464425119600000,0,1612,2056,366,545,1704
1728464425120442000,0,1905,1789,201,744,1666
1728464425121284000,0,2400,1440,30,921,1475
1728464425122126000,157,2723,1076,0,1090,1270
1728464425122968000,388,2896,727,0,1225,1045
1728464425123815000,677,2904,431,10,1328,820
1728464425124658000,990,2753,171,154,1409,617
1728464425125500000,1320,2432,0,330,1440,422
1728464425126342000,1606,1943,32,560,1400,229
1728464425127184000,1888,1650,47,779,1307,96
1728464425128026000,2332,1357,10,969,1164,0
1728464425128868000,2453,996,277,1147,1025,13
1728464425129710000,2496,711,511,1317,832,4
1728464425130553000,2503,414,677,1447,601,136
1728464425131396000,2440,154,1088,1580,459,203
1728464425132238000,2318,2,1436,1643,284,413
1728464425133081000,1841,1,1772,1640,145,634
1728464425133923000,1573,1,2064,1569,43,861
1728464425134765000,1258,10,2496,1434,0,1048
1728464425135607000,936,196,2602,1235,0,1248
1728464425136449000,637,454,2659,999,0,1431
1728464425137298000,354,745,2667,779,101,1562
1728464425138141000,121,1045,2591,590,279,1663
1728464425138983000,0,1355,2449,438,481,1692
1728464425139825000,13,1630,1984,261,553,1668
1728464425140668000,0,1958,1679,116,772,1584
1728464425141510000,7,2481,1345,14,964,1420
1728464425142352000,206,2784,975,0,1131,1217
1728464425143194000,463,2915,642,0,1256,983
1728464425144037000,759,2880,349,44,1355,764
1728464425144880000,1088,2672,117,194,1410,566
1728464425145722000,1385,2320,5,433,1428,360
1728464425146564000,1669,1865,0,629,1384,197
1728464425147406000,1946,1583,1,814,1278,65
1728464425148248000,2357,1253,18,983,1119,0
1728464425149090000,2457,916,233,1169,923,18
1728464425149932000,2488,633,541,1344,743,17
1728464425150788000,2504,345,826,1494,582,97
1728464425151630000,2416,114,1167,1600,425,253
1728464425152472000,2244,2,1511,1663,253,466
1728464425153314000,1787,5,1840,1634,109,687
1728464425154156000,1486,0,2134,1542,25,902
1728464425154998000,1176,58,2515,1376,0,1103
1728464425155840000,858,260,2611,1178,0,1304
1728464425156682000,547,522,2671,941,16,1472
1728464425157525000,297,832,2656,724,121,1600
1728464425158368000,37,1250,2559,550,290,1640
1728464425159210000,8,1558,2304,383,482,1671
1728464425160052000,20,1842,1902,224,666,1634
1728464425160894000,0,2032,1601,79,843,1549
1728464425161736000,64,2577,1257,0,992,1365
1728464425162578000,266,2832,901,0,1164,1156
1728464425163420000,538,2931,562,0,1291,922
1728464425164264000,844,2847,292,70,1369,704
1728464425165107000,1164,2582,71,252,1409,506
1728464425165949000,1577,2106,16,455,1410,309
1728464425166792000,1808,1797,0,676,1351,160
1728464425167634000,1999,1500,0,898,1247,42
1728464425168476000,2392,1167,73,1150,1064,2
1728464425169318000,2415,816,320,1325,884,34
1728464425170160000,2461,525,609,1444,696,42
1728464425171003000,2485,264,920,1525,544,121
1728464425171846000,2378,66,1262,1619,366,314
1728464425172688000,1970,2,1619,1656,210,528
1728464425173531000,1712,0,1921,1609,84,747
1728464425174373000,1405,2,2171,1510,0,956
1728464425175215000,1088,106,2559,1319,2,1162
1728464425176057000,767,342,2656,1103,0,1359
1728464425176899000,478,612,2666,874,46,1496
1728464425177753000,225,922,2605,668,171,1649
1728464425178596000,71,1285,2509,477,341,1615
1728464425179439000,8,1572,2079,305,522,1632
1728464425180281000,0,1891,1805,170,708,1587
1728464425181123000,0,2128,1527,58,885,1511
1728464425181965000,111,2666,1158,0,1048,1318
1728464425182807000,335,2880,805,0,1202,1092
1728464425183649000,622,2912,485,0,1311,865
1728464425184492000,925,2788,220,121,1385,651
1728464425185335000,1248,2483,40,301,1440,449
1728464425186177000,1551,1974,4,517,1400,274
1728464425187019000,1848,1702,2,736,1337,111
1728464425187861000,2255,1411,0,938,1187,18
1728464425188703000,2521,1063,178,1129,992,0
1728464425189545000,2572,732,431,1315,815,5
1728464425190387000,2531,448,670,1445,668,30
1728464425191235000,2455,202,1008,1563,491,165
1728464425192077000,2341,26,1359,1625,331,366
1728464425192919000,1916,5,1698,1652,166,581
1728464425193761000,1628,1,2000,1601,64,806
1728464425194603000,1326,0,2462,1454,0,1015
1728464425195445000,992,167,2584,1256,0,1211
1728464425196287000,684,395,2656,1039,0,1400
1728464425197130000,412,690,2663,826,58,1535
1728464425197973000,158,974,2687,610,226,1670
1728464425198815000,0,1380,2521,420,397,1711
1728464425199657000,0,1679,2096,250,576,1778
1728464425200499000,0,1924,1744,136,764,1609
1728464425201341000,0,2417,1416,21,924,1447
1728464425202183000,166,2736,1049,0,1093,1260
1728464425203025000,410,2906,714,0,1236,1035
1728464425203867000,688,2907,409,22,1338,802
1728464425204718000,1012,2776,145,159,1407,581
1728464425205560000,1350,2442,0,356,1429,395
1728464425206402000,1639,1926,0,579,1455,218
1728464425207244000,1908,1616,0,791,1339,82
1728464425208086000,2336,1258,5,1000,1202,0
1728464425208928000,2447,937,186,1199,1023,0
1728464425209770000,2535,603,464,1354,815,0
1728464425210612000,2499,367,774,1480,605,64
1728464425211455000,2428,146,1113,1573,442,221
1728464425212297000,2297,5,1456,1642,279,437
1728464425213140000,1837,5,1787,1635,138,650
1728464425213982000,1547,4,2086,1560,34,858
1728464425214824000,1224,37,2501,1421,0,1075
1728464425215666000,922,213,2611,1202,0,1268
1728464425216508000,593,480,2669,985,0,1436
1728464425217351000,333,776,2656,760,98,1582
1728464425218213000,87,1139,2608,554,250,1672
1728464425219055000,0,1456,2442,380,449,1704
1728464425219897000,0,1731,1975,210,625,1668
1728464425220739000,0,1989,1663,107,809,1577
1728464425221581000,34,2520,1308,1,975,1410
1728464425222423000,226,2795,951,0,1131,1193
1728464425223265000,480,2916,621,0,1263,966
1728464425224107000,772,2867,338,42,1355,747
1728464425224950000,1092,2641,89,207,1416,585
1728464425225792000,1429,2288,1,405,1431,329
1728464425226635000,1706,1912,0,636,1379,173
1728464425227477000,1971,1619,0,844,1267,42
1728464425228319000,2390,1319,37,1054,1106,0
1728464425229161000,2510,944,239,1218,922,0
1728464425230003000,2512,559,528,1373,796,0
1728464425230846000,2489,320,869,1504,560,93
1728464425231693000,2400,109,1197,1600,403,282
1728464425232535000,2155,16,1550,1656,242,480
1728464425233378000,1760,1,1881,1632,106,712
1728464425234220000,1472,2,2151,1527,14,926
1728464425235062000,1153,79,2540,1369,0,1108
1728464425235904000,844,270,2639,1162,4,1316
1728464425236746000,538,545,2672,932,16,1468
1728464425237589000,188,833,2627,769,133,1621
1728464425238432000,5,1154,2577,565,285,1677
1728464425239274000,0,1494,2202,290,486,1684
1728464425240116000,0,1792,1889,194,683,1661
1728464425240958000,0,2048,1576,81,850,1531
1728464425241800000,71,2595,1230,0,1016,1352
1728464425242642000,284,2844,856,0,1182,1144
1728464425243484000,553,2931,535,0,1302,906
1728464425244326000,864,2826,305,87,1384,692
1728464425245172000,1187,2561,100,257,1419,492
1728464425246014000,1484,2047,0,471,1413,345
1728464425246857000,1791,1776,0,679,1356,188
1728464425247699000,2050,1496,0,890,1248,91
1728464425248541000,2447,1178,58,1074,1088,33
1728464425249383000,2535,814,286,1257,853,0
1728464425250225000,2520,501,617,1411,693,8
1728464425251068000,2471,260,946,1523,516,154
1728464425251910000,2369,52,1291,1623,357,326
1728464425252752000,1953,4,1625,1649,201,543
1728464425253594000,1688,8,1947,1617,81,762
1728464425254436000,1392,0,2181,1508,0,969
1728464425255278000,1063,114,2565,1305,0,1165
1728464425256120000,747,345,2651,1092,0,1359
1728464425256963000,457,621,2663,868,37,1521
1728464425257805000,293,929,2639,664,160,1619
1728464425258668000,84,1252,2503,559,330,1700
1728464425259510000,0,1574,2106,370,522,1739
1728464425260352000,0,1870,1819,165,729,1634
1728464425261194000,0,2244,1493,42,893,1495
1728464425262036000,121,2686,1138,0,1054,1291
1728464425262878000,352,2875,784,0,1206,1072
1728464425263720000,636,2921,462,0,1316,849
1728464425264563000,944,2767,200,122,1395,636
1728464425265405000,1280,2476,97,309,1425,444
1728464425266247000,1565,1969,53,530,1408,257
1728464425267089000,1863,1707,0,738,1330,158
1728464425267931000,2301,1387,0,933,1212,89
1728464425268773000,2414,1052,89,1127,1012,74
1728464425269615000,2520,729,369,1301,832,42
1728464425270457000,2515,440,704,1447,645,50
1728464425271300000,2444,193,1034,1554,471,194
1728464425272196000,2326,18,1385,1627,312,376
1728464425273038000,1890,0,1728,1654,165,608
1728464425273880000,1611,0,2018,1590,55,819
1728464425274722000,1298,5,2475,1454,0,1032
1728464425275564000,986,150,2584,1235,0,1226
1728464425276406000,669,413,2644,1023,0,1399
1728464425277248000,395,677,2650,814,114,1538
1728464425278091000,175,996,2590,594,161,1647
1728464425278934000,0,1331,2490,418,348,1698
1728464425279776000,42,1661,2029,258,578,1689
1728464425280618000,0,1944,1728,130,766,1594
1728464425281460000,1,2446,1394,25,938,1444
1728464425282302000,181,2752,1041,0,1096,1247
1728464425283144000,418,2915,696,0,1240,1012
1728464425283986000,717,2895,393,29,1349,788
1728464425284829000,1022,2695,145,208,1395,576
1728464425285627000,1344,2369,0,363,1429,389
1728464425286469000,1638,1896,7,576,1392,216
1728464425287311000,1904,1607,0,778,1288,104
1728464425288153000,2338,1314,34,974,1134,16
1728464425288995000,2446,1001,244,1147,964,16
1728464425289838000,2511,633,476,1349,774,0
1728464425290680000,2508,354,780,1478,600,66
1728464425291522000,2424,136,1122,1590,436,230
1728464425292364000,2288,0,1472,1647,273,441
1728464425293206000,1821,13,1806,1642,122,661
1728464425294048000,1521,0,2079,1549,45,880
1728464425294890000,1209,46,2497,1403,4,1081
1728464425295732000,901,244,2624,1188,0,1277
1728464425296574000,570,489,2663,973,0,1461
1728464425297416000,378,809,2627,740,122,1522
1728464425298259000,112,1199,2562,565,282,1612
1728464425299112000,1,1530,2404,402,462,1678
1728464425299954000,0,1754,1960,217,635,1682
1728464425300796000,0,2008,1638,104,831,1566
1728464425301638000,47,2546,1296,1,978,1395
1728464425302480000,246,2811,943,0,1136,1185
1728464425303321000,490,2931,609,0,1276,967
1728464425304163000,807,2850,320,57,1403,731
1728464425305006000,1122,2611,93,234,1402,530
1728464425305849000,1498,2218,5,429,1422,338
1728464425306691000,1770,1828,5,643,1376,161
1728464425307533000,2010,1496,0,952,1230,64
1728464425308375000,2432,1184,71,1052,1067,0
1728464425309217000,2340,866,258,1297,901,18
1728464425310059000,2516,550,555,1384,723,0
1728464425310901000,2488,290,881,1511,548,101
1728464425311744000,2396,78,1223,1607,393,286
1728464425312594000,2081,20,1574,1656,218,498
1728464425313437000,1739,0,1899,1628,98,715
1728464425314279000,1450,4,2152,1512,4,928
1728464425315120000,1132,103,2547,1344,0,1128
1728464425315962000,804,305,2639,1116,0,1329
1728464425316804000,508,554,2694,900,21,1495
1728464425317647000,231,905,2675,689,146,1605
1728464425318489000,38,1202,2456,496,321,1758
1728464425319332000,0,1523,2150,341,525,1749
1728464425320174000,0,1812,1876,184,698,1650
1728464425321016000,0,2051,1556,74,858,1520
1728464425321858000,89,2625,1207,0,1028,1344
1728464425322700000,303,2864,839,0,1187,1134
1728464425323542000,581,2928,523,0,1303,892
1728464425324384000,884,2855,242,105,1381,664
1728464425325227000,1216,2517,53,274,1473,468
1728464425326085000,1511,1999,0,480,1458,290
1728464425326927000,1822,1720,0,704,1396,117
1728464425327769000,2069,1420,0,925,1136,2
1728464425328610000,2451,1074,119,1103,960,0
1728464425329452000,2497,788,357,1268,845,8
1728464425330294000,2519,485,645,1417,681,6
1728464425331137000,2464,235,968,1547,508,151
1728464425331979000,2366,46,1329,1624,341,338
1728464425332821000,1942,8,1658,1654,193,554
1728464425333664000,1671,5,1980,1603,67,783
1728464425334506000,1347,0,2247,1492,0,994
1728464425335348000,1044,130,2571,1304,0,1187
1728464425336190000,709,369,2656,1075,0,1378
1728464425337033000,402,635,2660,824,53,1544
1728464425337876000,162,992,2649,625,186,1662
1728464425338718000,0,1326,2498,452,379,1688
1728464425339560000,0,1603,2084,295,562,1699
1728464425340402000,0,1889,1789,153,732,1621
1728464425341244000,0,2344,1464,47,911,1478
1728464425342086000,141,2693,1101,0,1068,1285
1728464425342928000,366,2887,757,0,1221,1053
1728464425343770000,652,2908,429,0,1326,899
1728464425344612000,974,2754,180,133,1392,666
1728464425345455000,1300,2449,0,331,1429,406
1728464425346297000,1602,2008,0,530,1412,237
1728464425347140000,1888,1772,0,797,1332,64
1728464425347982000,2353,1429,0,973,1177,0
1728464425348824000,2479,1097,154,1141,994,0
1728464425349666000,2512,693,421,1316,815,0
1728464425350508000,2512,417,720,1453,628,50
1728464425351351000,2440,180,1071,1562,469,199
1728464425352193000,2315,18,1398,1638,306,407
1728464425353044000,1888,9,1743,1652,162,610
1728464425353886000,1600,4,2043,1579,53,832
1728464425354728000,1286,2,2482,1441,0,1035
1728464425355570000,953,173,2605,1244,0,1244
1728464425356412000,660,430,2661,1021,0,1418
1728464425357255000,286,714,2656,850,58,1600
1728464425358098000,71,1035,2609,604,228,1657
1728464425358941000,0,1396,2456,370,405,1680
1728464425359783000,0,1676,2023,258,608,1686
1728464425360625000,0,1957,1715,114,784,1601
1728464425361467000,10,2467,1377,18,952,1429
1728464425362309000,197,2755,1009,1,1110,1220
1728464425363151000,442,2920,675,0,1248,1002
1728464425363993000,725,2887,457,26,1344,767
1728464425364836000,1052,2685,171,177,1413,576
1728464425365678000,1384,2350,0,380,1434,409
1728464425366536000,1679,1893,0,597,1399,235
1728464425367378000,1987,1632,0,802,1295,111
1728464425368220000,2407,1303,2,1005,1122,0
1728464425369062000,2496,943,207,1196,951,0
1728464425369904000,2525,620,487,1363,761,0
1728464425370747000,2503,342,809,1487,589,82
1728464425371590000,2419,138,1149,1593,418,255
1728464425372432000,2284,0,1497,1653,265,454
1728464425373275000,1798,4,1838,1642,119,677
1728464425374117000,1516,0,2117,1552,29,885
1728464425374959000,1199,50,2511,1391,0,1081
1728464425375801000,888,250,2626,1180,0,1298
1728464425376643000,578,479,2667,967,0,1462
1728464425377486000,444,797,2685,746,85,1579
1728464425378329000,157,1124,2591,547,253,1671
1728464425379172000,0,1462,2392,380,463,1707
1728464425380014000,0,1766,1944,212,654,1662
1728464425380856000,0,2023,1623,92,832,1557
1728464425381698000,58,2558,1272,0,994,1376
1728464425382540000,256,2819,922,0,1144,1161
1728464425383382000,509,2919,588,5,1282,933
1728464425384224000,806,2846,304,55,1359,722
1728464425385067000,1127,2600,90,224,1417,511
1728464425385909000,1453,2158,10,436,1434,328
1728464425386751000,1737,1820,0,641,1357,154
1728464425387593000,2009,1489,105,859,1279,64
1728464425388435000,2388,1186,174,1037,1127,16
1728464425389277000,2484,850,297,1241,900,0
1728464425390119000,2520,533,568,1392,713,0
1728464425390962000,2492,279,897,1518,537,115
1728464425391804000,2392,68,1235,1611,386,289
1728464425392646000,2027,10,1589,1649,211,514
1728464425393494000,1728,4,1903,1612,82,711
1728464425394336000,1426,5,2156,1515,17,948
1728464425395178000,1116,111,2552,1338,0,1136
1728464425396020000,779,308,2654,1131,0,1337
1728464425396862000,528,657,2664,913,50,1477
1728464425397704000,245,805,2617,672,241,1596
1728464425398546000,37,1166,2530,510,381,1679
1728464425399388000,0,1546,2151,325,518,1702
1728464425400230000,0,1836,1859,180,709,1645
1728464425401072000,0,2083,1536,57,885,1524
1728464425401914000,106,2652,1173,0,1047,1331
1728464425402756000,313,2869,820,0,1193,1111
1728464425403598000,671,2921,527,0,1289,872
1728464425404441000,949,2796,237,123,1383,669
1728464425405284000,1216,2510,39,305,1422,472
1728464425406126000,1520,2007,10,516,1422,279
1728464425406982000,1784,1728,0,670,1344,125
1728464425407824000,2073,1435,0,874,1216,49
1728464425408666000,2396,1116,133,1066,1037,11
1728464425409508000,2501,758,372,1280,844,0
1728464425410350000,2511,460,664,1432,661,13
1728464425411193000,2464,210,992,1546,503,164
1728464425412036000,2352,41,1339,1632,335,352
1728464425412878000,1930,0,1682,1656,181,576
1728464425413720000,1663,11,1978,1595,64,793
1728464425414562000,1338,0,2347,1464,0,1000
1728464425415404000,1028,157,2571,1282,0,1205
1728464425416246000,715,385,2639,1058,0,1437
1728464425417089000,469,688,2624,832,77,1532
1728464425417932000,221,976,2588,633,201,1577
1728464425418775000,0,1359,2504,462,383,1683
1728464425419617000,0,1628,2079,274,568,1701
1728464425420501000,0,1919,1769,145,751,1619
1728464425421343000,0,2383,1435,41,932,1472
1728464425422185000,153,2711,1079,4,1077,1269
1728464425423027000,383,2904,747,0,1230,1050
1728464425423869000,673,2905,417,9,1363,823
1728464425424712000,999,2735,171,148,1391,597
1728464425425555000,1359,2432,0,341,1433,416
1728464425426398000,1719,1942,58,576,1382,234
1728464425427240000,1964,1645,0,847,1285,104
1728464425428082000,2191,1344,4,1037,1147,46
1728464425428924000,2448,1013,192,1157,993,0
1728464425429766000,2518,677,434,1327,799,0
1728464425430608000,2511,393,749,1457,608,48
1728464425431451000,2439,162,1088,1575,453,207
1728464425432294000,2316,2,1438,1640,290,410
1728464425433136000,1840,9,1765,1632,141,626
1728464425433953000,1580,4,2061,1564,50,849
1728464425434795000,1250,25,2496,1427,0,1047
1728464425435637000,938,197,2619,1231,0,1253
1728464425436479000,622,433,2733,993,26,1450
1728464425437322000,346,777,2688,773,100,1569
1728464425438165000,125,1046,2486,584,249,1728
1728464425439007000,0,1402,2466,410,425,1706
1728464425439849000,0,1699,1991,245,625,1684
1728464425440691000,0,1968,1685,109,804,1588
1728464425441533000,21,2490,1352,21,960,1422
1728464425442375000,210,2778,986,0,1131,1216
1728464425443217000,457,2981,634,0,1262,972
1728464425444059000,757,2922,357,43,1359,748
1728464425444902000,1082,2656,121,200,1442,558
1728464425445745000,1404,2321,17,391,1457,357
1728464425446587000,1706,1830,5,598,1323,186
1728464425447432000,1999,1548,14,816,1212,52
1728464425448274000,2448,1225,82,1028,1077,0
1728464425449116000,2476,919,242,1196,940,0
1728464425449958000,2520,618,514,1366,755,0
1728464425450800000,2496,329,824,1487,576,90
1728464425451643000,2406,121,1176,1592,417,256
1728464425452485000,2245,13,1516,1649,250,463
1728464425453328000,1788,0,1856,1635,114,681
1728464425454170000,1465,2,2129,1542,21,913
1728464425455012000,1175,68,2535,1363,0,1111
1728464425455854000,845,267,2631,1172,0,1306
1728464425456696000,524,546,2687,925,13,1492
1728464425457539000,256,864,2644,706,125,1583
1728464425458381000,72,1151,2636,542,320,1676
1728464425459224000,0,1483,2317,368,471,1715
1728464425460066000,0,1775,1925,207,674,1648
1728464425460922000,0,2039,1600,91,843,1541
1728464425461764000,69,2572,1268,0,993,1361
1728464425462606000,264,2838,914,0,1161,1160
1728464425463448000,543,2925,558,0,1301,906
1728464425464290000,838,2855,281,82,1368,686
1728464425465133000,1168,2627,82,244,1429,501
1728464425465975000,1491,2137,16,453,1477,297
1728464425466817000,1756,1692,0,671,1423,133
1728464425467659000,1994,1416,18,898,1283,42
1728464425468501000,2400,1158,102,1066,1080,0
1728464425469343000,2494,835,312,1256,890,0
1728464425470185000,2528,522,596,1406,696,0
1728464425471028000,2491,265,921,1523,535,137
1728464425471871000,2373,74,1260,1612,368,298
1728464425472713000,1961,1,1615,1647,216,524
1728464425473555000,1684,0,1929,1619,82,763
1728464425474414000,1390,5,2176,1508,5,962
1728464425475256000,1055,109,2565,1329,0,1166
1728464425476098000,689,320,2672,1133,0,1377
1728464425476940000,428,618,2672,824,40,1493
1728464425477783000,194,930,2616,638,184,1646
1728464425478626000,26,1266,2525,488,344,1696
1728464425479468000,0,1557,2129,320,535,1699
1728464425480310000,0,1856,1837,167,708,1637
1728464425481152000,0,2112,1517,53,885,1497
1728464425481994000,114,2671,1144,0,1046,1322
1728464425482836000,343,2878,851,0,1195,1089
1728464425483678000,613,2913,470,1,1314,936
1728464425484521000,933,2773,225,121,1385,679
1728464425485364000,1250,2501,21,297,1437,453
1728464425486206000,1582,1972,0,509,1405,212
1728464425487049000,1823,1813,0,761,1348,74
1728464425487889000,2172,1472,0,967,1208,0
1728464425488731000,2433,1071,148,1122,1022,0
1728464425489573000,2492,731,388,1299,836,0
1728464425490415000,2513,441,684,1437,648,34
1728464425491258000,2455,197,1013,1554,494,178
1728464425492100000,2352,21,1351,1632,335,370
1728464425492942000,1907,8,1688,1646,167,564
1728464425493784000,1636,0,2016,1596,58,805
1728464425494626000,1327,0,2457,1456,0,1020
1728464425495468000,1001,162,2591,1268,0,1212
1728464425496310000,754,400,2657,1040,0,1412
1728464425497153000,287,686,2648,880,50,1568
1728464425497995000,98,1017,2625,663,229,1665
1728464425498838000,0,1346,2496,440,395,1704
1728464425499680000,0,1646,2051,269,584,1698
1728464425500522000,0,1928,1758,132,765,1609
1728464425501372000,0,2423,1412,29,933,1453
1728464425502214000,176,2736,1047,0,1103,1253
1728464425503056000,400,2904,712,0,1234,1036
1728464425503898000,686,2896,479,20,1336,808
1728464425504741000,1013,2720,185,158,1402,631
1728464425505583000,1344,2401,0,356,1439,448
1728464425506425000,1642,1918,0,562,1430,278
1728464425507267000,1980,1633,0,802,1292,8
1728464425508109000,2339,1306,0,988,1149,0
1728464425508951000,2449,976,206,1169,967,0
1728464425509793000,2511,655,477,1338,784,0
1728464425510635000,2504,370,770,1470,608,68
1728464425511478000,2425,149,1115,1580,441,220
1728464425512320000,2300,0,1456,1650,283,426
1728464425513162000,1831,0,1777,1644,138,649
1728464425514004000,1548,2,2075,1559,40,868
1728464425514862000,1241,14,2504,1420,0,1067
1728464425515704000,921,177,2609,1204,0,1261
1728464425516546000,608,436,2667,974,0,1442
1728464425517389000,461,765,2701,769,94,1580
1728464425518232000,149,1102,2584,576,269,1669
1728464425519074000,0,1432,2442,402,450,1706
1728464425519915000,0,1728,1975,229,631,1676
1728464425520757000,0,1996,1666,107,814,1576
1728464425521599000,46,2520,1310,0,984,1404
1728464425522441000,222,2796,954,14,1129,1189
1728464425523283000,465,2916,620,0,1267,965
1728464425524125000,769,2864,335,42,1351,752
1728464425524968000,1089,2652,104,202,1425,544
1728464425525810000,1419,2333,15,397,1437,330
1728464425526652000,1708,1865,2,617,1389,170
1728464425527494000,1968,1538,85,846,1295,73
1728464425528343000,2383,1233,58,1033,1109,0
1728464425529185000,2476,890,269,1224,924,1
1728464425530027000,2515,578,542,1368,734,0
1728464425530870000,2487,322,864,1496,548,98
1728464425531712000,2413,93,1206,1612,411,269
1728464425532554000,2127,18,1554,1651,239,459
1728464425533396000,1769,2,1863,1629,110,708
1728464425534238000,1464,0,2158,1531,21,917
1728464425535080000,1146,72,2543,1376,0,1103
1728464425535922000,853,335,2627,1173,0,1283
1728464425536764000,562,597,2657,925,20,1455
1728464425537606000,234,762,2651,714,218,1590
1728464425538449000,64,1184,2556,530,303,1691
1728464425539291000,0,1495,2225,356,497,1693
1728464425540133000,0,1793,1885,194,689,1660
1728464425540975000,0,2045,1572,78,861,1529
1728464425541825000,64,2591,1225,0,1014,1349
1728464425542667000,357,2836,863,0,1159,1131
1728464425543509000,625,2927,538,0,1296,906
1728464425544352000,854,2811,266,130,1378,691
1728464425545195000,1182,2571,64,285,1422,490
1728464425546037000,1443,2056,15,399,1421,283
1728464425546880000,1762,1787,0,644,1350,168
1728464425547722000,2019,1518,11,894,1231,34
1728464425548564000,2404,1137,101,1088,1060,0
1728464425549406000,2497,805,338,1264,868,0
1728464425550248000,2518,501,618,1412,692,10
1728464425551091000,2477,251,938,1525,519,144
1728464425551934000,2360,46,1291,1632,358,324
1728464425552776000,1916,0,1618,1638,201,538
1728464425553619000,1692,1,1936,1609,87,756
1728464425554461000,1400,0,2191,1506,0,975
1728464425555311000,1055,114,2564,1311,0,1207
1728464425556153000,794,353,2635,1090,0,1282
1728464425556995000,511,629,2652,872,41,1449
1728464425557838000,196,994,2624,665,180,1620
1728464425558681000,16,1269,2520,478,355,1693
1728464425559523000,0,1575,2112,305,538,1702
1728464425560365000,0,1869,1815,162,729,1620
1728464425561207000,0,2196,1493,42,898,1492
1728464425562049000,122,2676,1132,0,1048,1293
1728464425562891000,346,2864,782,0,1236,1059
1728464425563733000,637,2901,459,0,1305,839
1728464425564576000,960,2775,210,122,1390,632
1728464425565419000,1356,2467,55,303,1418,426
1728464425566261000,1659,1966,53,536,1376,250
1728464425567103000,1822,1686,0,824,1318,125
1728464425567945000,2301,1392,0,947,1185,14
1728464425568800000,2439,1055,158,1129,1007,0
1728464425569642000,2510,717,394,1305,825,0
1728464425570484000,2520,426,698,1438,644,40
1728464425571327000,2442,192,1036,1562,480,186
1728464425572169000,2309,10,1387,1623,287,389
1728464425573011000,1876,17,1728,1650,154,599
1728464425573854000,1615,13,2024,1584,71,821
1728464425574696000,1301,4,2480,1449,0,1025
1728464425575538000,969,155,2689,1242,0,1238
1728464425576380000,656,412,2719,1018,26,1429
1728464425577223000,402,727,2690,801,57,1606
1728464425578066000,150,1038,2595,618,229,1660
1728464425578908000,0,1369,2496,421,395,1699
1728464425579750000,0,1672,2046,265,594,1696
1728464425580592000,0,1942,1738,125,782,1603
1728464425581434000,0,2447,1399,25,941,1445
1728464425582287000,178,2847,1034,0,1107,1224
1728464425583129000,418,2965,687,0,1236,1008
1728464425583971000,722,2928,393,33,1355,783
1728464425584813000,1042,2696,138,162,1455,580
1728464425585656000,1350,2331,0,378,1498,370
1728464425586498000,1672,1848,0,606,1439,209
1728464425587340000,1943,1586,9,798,1222,66
1728464425588182000,2343,1288,21,996,1148,0
1728464425589024000,2464,960,207,1182,968,0
1728464425589866000,2519,628,477,1351,769,0
1728464425590708000,2501,349,781,1479,602,71
1728464425591551000,2427,133,1124,1585,433,229
1728464425592393000,2276,0,1480,1643,272,450
1728464425593235000,1800,1,1809,1633,126,665
1728464425594077000,1508,0,2095,1547,31,880
1728464425594919000,1206,30,2512,1394,0,1088
1728464425595758000,857,228,2602,1167,0,1298
1728464425596600000,564,517,2687,948,2,1474
1728464425597443000,308,820,2657,744,114,1580
1728464425598285000,93,1119,2575,557,274,1671
1728464425599128000,0,1464,2406,378,463,1713
1728464425599970000,0,1743,1953,220,657,1661
1728464425600812000,0,1999,1638,111,826,1560
1728464425601654000,41,2533,1303,0,981,1396
1728464425602496000,229,2816,915,0,1145,1223
1728464425603338000,501,2904,579,0,1285,993
1728464425604180000,799,2844,311,68,1356,714
1728464425605023000,1122,2683,89,225,1434,506
1728464425605865000,1481,2255,4,450,1442,303
1728464425606707000,1757,1712,2,631,1461,162
1728464425607549000,1984,1504,2,856,1278,64
1728464425608391000,2392,1208,68,1047,1089,0
1728464425609245000,2476,874,287,1229,908,0
1728464425610087000,2510,552,566,1382,711,0
1728464425610930000,2481,292,885,1507,550,107
1728464425611773000,2392,75,1212,1605,400,286
1728464425612616000,2076,18,1580,1653,229,495
1728464425613458000,1746,0,1902,1628,93,725
1728464425614300000,1450,0,2163,1530,0,934
1728464425615142000,1206,78,2535,1410,0,1120
1728464425615984000,707,290,2616,1196,0,1364
1728464425616826000,448,568,2688,946,21,1523
1728464425617668000,250,873,2636,699,156,1612
1728464425618511000,53,1216,2539,518,320,1685
1728464425619353000,0,1523,2183,345,519,1703
1728464425620195000,0,1819,1861,187,704,1651
1728464425621037000,0,2057,1559,65,866,1524
1728464425621879000,79,2624,1271,0,1025,1344
1728464425622737000,305,2850,901,0,1187,1123
1728464425623579000,568,2919,553,0,1303,884
1728464425624422000,880,2816,277,82,1383,721
1728464425625265000,1201,2527,0,267,1429,567
1728464425626107000,1536,2019,0,482,1455,340
1728464425626949000,1869,1776,0,697,1345,46
1728464425627791000,2041,1456,10,907,1220,28
1728464425628633000,2415,1129,119,1090,1049,5
1728464425629475000,2511,783,353,1273,863,0
1728464425630317000,2510,480,650,1424,674,18
1728464425631160000,2466,234,986,1526,502,151
1728464425632002000,2357,28,1308,1613,348,325
1728464425632844000,1946,0,1646,1656,194,554
1728464425633686000,1678,5,1968,1600,69,777
1728464425634528000,1365,0,2264,1497,0,989
1728464425635370000,1076,106,2577,1293,0,1173
1728464425636212000,742,335,2650,1070,0,1370
1728464425637054000,425,609,2663,852,18,1520
1728464425637896000,197,961,2610,650,193,1636
1728464425638739000,2,1290,2511,473,375,1698
1728464425639581000,0,1596,2085,289,553,1693
1728464425640423000,0,1890,1786,151,747,1612
1728464425641265000,0,2339,1462,43,914,1480
1728464425642107000,122,2688,1101,17,1065,1277
1728464425642949000,343,2884,753,0,1216,1055
1728464425643791000,644,2906,436,0,1327,834
1728464425644634000,960,2760,179,119,1395,624
1728464425645476000,1283,2496,25,309,1429,413
1728464425646318000,1580,1968,0,522,1404,245
1728464425647160000,1867,1660,77,754,1328,108
1728464425648002000,2317,1369,0,954,1178,9
1728464425648844000,2446,1030,170,1144,994,0
1728464425649697000,2501,696,413,1317,813,0
1728464425650539000,2509,417,732,1445,629,50
1728464425651382000,2435,181,1063,1566,468,202
1728464425652224000,2323,10,1384,1615,320,377
1728464425653067000,1874,8,1738,1651,161,601
1728464425653909000,1584,9,2034,1584,58,840
1728464425654751000,1284,82,2482,1450,0,1018
1728464425655593000,960,277,2596,1265,14,1209
1728464425656435000,663,501,2652,1028,0,1391
1728464425657277000,374,711,2658,793,114,1554
1728464425658120000,135,1053,2591,601,242,1665
1728464425658962000,0,1380,2472,423,405,1698
1728464425659804000,0,1675,2022,252,608,1680
1728464425660646000,0,1959,1705,117,789,1595
1728464425661488000,17,2455,1370,11,941,1421
1728464425662330000,254,2752,1010,0,1094,1222
1728464425663181000,492,2904,671,0,1241,1002
1728464425664023000,753,2895,373,66,1346,781
1728464425664866000,1014,2690,162,213,1410,603
1728464425665708000,1333,2327,0,338,1423,345
1728464425666550000,1627,1875,0,546,1380,177
1728464425667392000,1945,1600,0,816,1284,68
1728464425668234000,2360,1271,37,1004,1128,0
1728464425669076000,2462,945,229,1189,949,0
1728464425669918000,2523,619,496,1355,760,0
1728464425670761000,2503,334,801,1485,588,81
1728464425671604000,2418,130,1150,1582,429,253
1728464425672446000,2255,0,1506,1644,264,456
1728464425673288000,1792,2,1817,1620,114,677
1728464425674130000,1507,10,2112,1552,31,893
1728464425674972000,1192,36,2463,1381,23,1165
1728464425675814000,884,256,2589,1160,8,1355
1728464425676666000,600,532,2648,946,34,1512
1728464425677509000,301,817,2641,732,126,1600
1728464425678352000,95,1149,2565,548,297,1673
1728464425679194000,0,1460,2383,383,467,1706
1728464425680036000,0,1760,1953,207,649,1670
1728464425680878000,0,2032,1623,87,834,1560
1728464425681720000,64,2540,1264,0,1063,1371
1728464425682562000,251,2801,913,0,1177,1157
1728464425683404000,509,2912,605,0,1315,935
1728464425684246000,818,2853,301,58,1379,725
1728464425685088000,1159,2590,75,225,1387,506
1728464425685930000,1586,2144,45,452,1395,320
1728464425686772000,1833,1797,29,663,1351,153
1728464425687614000,2009,1496,0,878,1259,43
1728464425688456000,2381,1184,78,1052,1077,2
1728464425689298000,2480,857,304,1236,899,0
1728464425690158000,2517,527,571,1397,715,0
1728464425691000000,2490,272,893,1518,537,107
1728464425691843000,2375,65,1233,1591,373,309
1728464425692685000,2023,23,1594,1635,216,510
1728464425693528000,1704,13,1911,1622,96,740
1728464425694370000,1432,0,2157,1505,17,946
1728464425695212000,1098,90,2657,1326,0,1159
1728464425696054000,738,293,2745,1101,5,1356
1728464425696896000,486,592,2718,882,36,1506
1728464425697739000,239,914,2627,682,173,1616
1728464425698581000,39,1238,2525,501,338,1687
1728464425699424000,0,1547,2143,321,522,1695
1728464425700266000,0,1839,1856,184,711,1650
1728464425701108000,0,2071,1531,64,881,1507
1728464425701950000,96,2734,1162,0,1040,1314
1728464425702792000,320,2924,813,0,1191,1093
1728464425703633000,591,2957,498,0,1304,877
1728464425704475000,937,2849,210,96,1473,639
1728464425705318000,1225,2464,25,309,1488,448
1728464425706160000,1560,1946,0,516,1456,272
1728464425707002000,1831,1728,2,713,1336,122
1728464425707844000,2072,1425,0,926,1200,14
1728464425708685000,2417,1088,138,1119,1037,0
1728464425709527000,2500,759,382,1277,843,0
1728464425710369000,2511,468,663,1427,665,14
1728464425711212000,2456,201,994,1547,482,154
1728464425712054000,2320,29,1345,1624,333,354
1728464425712897000,1908,4,1678,1649,181,585
1728464425713739000,1650,1,1991,1601,58,788
1728464425714581000,1288,0,2431,1416,0,992
1728464425715423000,973,130,2559,1207,0,1185
1728464425716265000,677,377,2628,1013,0,1385
1728464425717160000,421,666,2680,836,66,1540
1728464425718003000,178,992,2609,629,203,1645
1728464425718846000,0,1320,2499,449,388,1693
1728464425719688000,0,1632,2047,276,576,1691
1728464425720530000,0,1912,1768,139,762,1614
1728464425721372000,0,2387,1433,37,921,1556
1728464425722214000,154,2712,1063,0,1082,1323
1728464425723056000,386,2900,712,0,1227,1088
1728464425723898000,674,2906,413,0,1344,854
1728464425724741000,1021,2739,148,146,1392,538
1728464425725583000,1311,2538,0,340,1440,358
1728464425726425000,1605,2045,0,585,1415,213
1728464425727267000,1899,1656,1,770,1313,93
1728464425728109000,2324,1345,2,973,1162,0
1728464425728951000,2448,1003,197,1155,978,0
1728464425729793000,2510,686,450,1320,794,4
1728464425730607000,2517,398,747,1459,622,54
1728464425731450000,2435,146,1080,1585,453,201
1728464425732292000,2313,0,1436,1642,286,406
1728464425733134000,1863,10,1772,1644,141,634
1728464425733976000,1576,0,2077,1581,34,853
1728464425734818000,1365,0,2529,1439,0,1049
1728464425735660000,1023,181,2631,1233,0,1239
1728464425736502000,689,418,2637,1053,0,1421
1728464425737345000,350,746,2656,786,93,1562
1728464425738187000,114,1068,2591,589,256,1665
1728464425739029000,0,1401,2457,406,432,1703
1728464425739871000,0,1698,1990,245,624,1666
1728464425740713000,0,1966,1678,113,803,1583
1728464425741555000,10,2490,1345,5,956,1416
1728464425742397000,188,2767,982,0,1128,1209
1728464425743239000,452,2912,634,0,1270,988
1728464425744101000,741,2883,417,29,1359,759
1728464425744944000,1065,2697,168,178,1433,559
1728464425745786000,1399,2321,0,380,1413,451
1728464425746628000,1695,1860,0,611,1391,221
1728464425747470000,1958,1576,0,832,1274,65
1728464425748312000,2359,1259,64,1013,1116,0
1728464425749154000,2466,915,245,1208,938,2
1728464425749996000,2531,600,518,1370,754,0
1728464425750839000,2486,324,832,1495,576,89
1728464425751682000,2405,113,1167,1581,407,255
1728464425752524000,2226,16,1514,1648,249,462
1728464425753367000,1777,0,1844,1634,119,682
1728464425754209000,1479,0,2128,1556,65,898
1728464425755051000,1181,13,2520,1397,29,1102
1728464425755893000,864,212,2635,1165,0,1295
1728464425756735000,542,524,2666,942,10,1464
1728464425757573000,287,833,2639,723,142,1601
1728464425758416000,69,1167,2561,539,301,1677
1728464425759258000,0,1478,2291,368,485,1698
1728464425760100000,0,1778,1920,212,662,1656
1728464425760942000,0,2033,1601,117,837,1543
1728464425761784000,52,2576,1249,0,1001,1369
1728464425762626000,262,2821,897,0,1156,1145
1728464425763468000,525,2924,561,0,1291,925
1728464425764310000,809,2864,301,36,1365,732
1728464425765153000,1129,2633,90,214,1413,509
1728464425765995000,1464,2113,2,441,1431,289
1728464425766838000,1779,1795,4,677,1368,146
1728464425767680000,2018,1490,0,882,1239,40
1728464425768522000,2400,1172,92,1060,1066,2
1728464425769364000,2489,832,320,1249,891,0
1728464425770206000,2511,510,591,1411,705,0
1728464425771051000,2471,276,909,1516,529,127
1728464425771893000,2375,72,1263,1608,373,324
1728464425772735000,1984,8,1607,1652,215,522
1728464425773577000,1710,8,1919,1632,86,738
1728464425774419000,1389,105,2173,1505,0,913
1728464425775261000,1069,215,2554,1334,0,1128
1728464425776103000,738,417,2637,1125,0,1301
1728464425776945000,474,604,2667,890,43,1507
1728464425777787000,229,930,2632,674,167,1624
1728464425778629000,32,1264,2529,491,342,1702
1728464425779471000,0,1564,2132,310,535,1703
1728464425780313000,0,1862,1840,177,715,1630
1728464425781155000,0,2112,1505,46,871,1495
1728464425781997000,116,2648,1158,0,1017,1300
1728464425782839000,335,2860,811,0,1192,1089
1728464425783681000,612,2919,480,0,1306,860
1728464425784541000,1034,2781,258,133,1364,651
1728464425785383000,1320,2466,45,320,1414,459
1728464425786225000,1461,1984,0,582,1397,273
1728464425787067000,1840,1708,5,738,1335,114
1728464425787909000,2165,1406,0,932,1193,18
1728464425788751000,2431,1072,149,1120,1020,0
1728464425789593000,2487,736,388,1297,833,0
1728464425790435000,2520,440,671,1432,663,32
1728464425791278000,2449,217,1013,1555,493,171
1728464425792121000,2328,40,1352,1618,326,370
1728464425792963000,1912,10,1700,1656,180,576
1728464425793806000,1623,0,2098,1598,77,815
1728464425794648000,1309,0,2544,1453,5,1035
1728464425795489000,994,154,2668,1256,23,1224
1728464425796331000,685,395,2695,1047,0,1402
1728464425797174000,405,688,2663,821,69,1533
1728464425798109000,160,1016,2607,624,221,1642
1728464425798951000,0,1345,2496,431,394,1695
1728464425799793000,0,1652,2055,274,580,1691
1728464425800635000,0,1918,1748,136,765,1600
1728464425801477000,0,2416,1397,26,924,1435
1728464425802319000,165,2739,1047,0,1089,1249
1728464425803161000,402,2959,704,0,1237,1024
1728464425804003000,693,2975,396,47,1348,761
1728464425804846000,1034,2612,139,164,1487,577
1728464425805688000,1325,2341,0,354,1477,388
1728464425806530000,1626,1918,8,578,1402,224
1728464425807372000,1909,1629,0,788,1292,85
1728464425808214000,2343,1324,18,986,1145,0
1728464425809056000,2451,981,211,1170,977,0
1728464425809898000,2511,655,457,1344,786,0
1728464425810740000,2510,365,795,1475,606,53
1728464425811505000,2432,149,1112,1576,427,229
1728464425812347000,2303,2,1460,1642,286,422
1728464425813189000,1806,16,1800,1659,133,650
1728464425814031000,1475,0,2123,1594,15,875
1728464425814873000,1170,34,2526,1441,0,1067
1728464425815715000,858,207,2624,1198,0,1250
1728464425816557000,608,472,2667,980,0,1448
1728464425817400000,330,773,2655,765,107,1572
1728464425818243000,114,1097,2563,570,270,1656
1728464425819085000,0,1436,2443,395,449,1697
1728464425819927000,0,1720,1976,229,633,1680
1728464425820769000,0,1992,1706,107,808,1568
1728464425821611000,25,2511,1366,4,974,1397
1728464425822453000,221,2791,979,0,1135,1207
1728464425823295000,466,2931,612,0,1270,988
1728464425824137000,783,2872,266,42,1354,836
1728464425824991000,1116,2656,58,194,1436,601
1728464425825833000,1467,2302,0,402,1434,272
1728464425826675000,1715,1857,1,625,1384,181
1728464425827517000,1971,1552,0,841,1260,56
1728464425828359000,2382,1227,64,1035,1108,0
1728464425829201000,2469,896,267,1209,913,2
1728464425830043000,2515,586,546,1370,738,0
1728464425830885000,2496,310,856,1508,562,97
1728464425831728000,2409,78,1200,1600,402,274
1728464425832570000,2133,4,1535,1655,241,485
1728464425833413000,1767,0,1879,1621,68,704
1728464425834255000,1462,0,2154,1520,0,922
1728464425835097000,1188,37,2543,1359,0,1108
1728464425835939000,834,266,2636,1147,0,1319
1728464425836781000,527,545,2680,928,21,1487
1728464425837624000,272,855,2636,712,149,1609
1728464425838479000,70,1183,2551,532,325,1673
1728464425839322000,0,1501,2211,361,499,1703
1728464425840164000,0,1797,1904,196,675,1652
1728464425841006000,0,2046,1578,74,851,1538
1728464425841848000,73,2588,1205,0,1023,1350
1728464425842690000,278,2840,864,0,1164,1134
1728464425843532000,529,2921,543,0,1301,930
1728464425844374000,839,2880,279,57,1369,693
1728464425845217000,1170,2545,164,250,1437,496
1728464425846059000,1501,2060,10,455,1425,303
1728464425846901000,1788,1785,0,685,1356,135
1728464425847743000,2033,1473,0,900,1229,29
1728464425848585000,2404,1143,109,1082,1052,0
1728464425849427000,2491,808,334,1258,876,0
1728464425850269000,2514,510,612,1402,695,5
1728464425851112000,2480,254,929,1532,522,107
1728464425851958000,2368,65,1287,1624,365,322
1728464425852801000,1968,10,1632,1657,196,535
1728464425853644000,1728,50,1926,1619,76,744
1728464425854486000,1409,0,2185,1477,77,951
1728464425855328000,1060,28,2562,1296,66,1154
1728464425856170000,745,333,2648,1095,0,1369
1728464425857012000,458,625,2666,871,42,1520
1728464425857855000,205,937,2632,665,192,1630
1728464425858698000,18,1272,2520,476,353,1694
1728464425859540000,0,1579,2114,306,542,1692
1728464425860382000,58,1863,1809,158,715,1633
1728464425861224000,34,2172,1500,47,885,1484
1728464425862066000,145,2662,1135,25,1045,1289
1728464425862908000,339,2883,778,0,1214,1081
1728464425863750000,545,2923,474,37,1310,900
1728464425864593000,912,2772,206,65,1403,629
1728464425865440000,1246,2478,2,266,1432,444
1728464425866282000,1577,1976,0,528,1416,250
1728464425867125000,1861,1699,0,737,1324,109
1728464425867967000,2296,1387,0,946,1182,10
1728464425868809000,2441,1051,155,1133,1013,0
1728464425869651000,2515,726,389,1306,824,0
1728464425870493000,2513,432,699,1435,656,36
1728464425871336000,2442,200,1038,1554,471,187
1728464425872178000,2325,13,1361,1637,320,386
1728464425873020000,1900,5,1714,1652,173,608
1728464425873862000,1665,26,1969,1575,79,789
1728464425874704000,1362,21,2448,1447,0,944
1728464425875546000,1020,176,2573,1240,0,1166
1728464425876388000,672,416,2658,1029,0,1408
1728464425877231000,389,704,2656,810,82,1548
1728464425878073000,154,1034,2604,616,217,1650
1728464425878922000,0,1361,2492,432,401,1708
1728464425879764000,0,1670,2038,250,587,1693
1728464425880606000,0,1922,1730,130,824,1584
1728464425881448000,0,2422,1393,20,956,1437
1728464425882290000,178,2739,1040,0,1112,1235
1728464425883132000,418,2909,695,0,1273,1008
1728464425883974000,732,2881,388,15,1291,793
1728464425884817000,1144,2685,170,181,1359,576
1728464425885659000,1416,2370,0,377,1426,385
1728464425886501000,1658,1906,1,594,1394,213
1728464425887343000,1925,1612,2,807,1301,79
1728464425888185000,2344,1298,21,1002,1148,0
1728464425889027000,2461,961,224,1186,960,0
1728464425889869000,2514,640,476,1352,778,0
1728464425890711000,2497,361,789,1456,605,78
1728464425891553000,2417,144,1127,1584,437,237
1728464425892404000,2292,0,1477,1651,276,434
1728464425893247000,1811,10,1815,1632,130,638
1728464425894089000,1510,0,2185,1548,68,896
1728464425894931000,1207,34,2599,1387,21,1095
1728464425895773000,889,236,2636,1200,0,1273
1728464425896615000,591,493,2664,974,5,1464
1728464425897458000,324,797,2656,751,110,1567
1728464425898301000,101,1116,2570,562,276,1666
1728464425899143000,0,1452,2428,382,448,1703
1728464425899985000,0,1743,1951,226,649,1652
1728464425900827000,0,2072,1619,96,826,1551
1728464425901669000,34,2577,1289,0,977,1372
1728464425902511000,224,2835,930,0,1147,1180
1728464425903353000,512,3000,588,9,1286,930
1728464425904196000,813,2784,309,55,1446,716
1728464425905039000,1122,2587,98,230,1472,531
1728464425905895000,1436,2260,14,421,1434,335
1728464425906738000,1735,1826,0,650,1379,172
1728464425907580000,1991,1530,1,869,1250,50
1728464425908422000,2376,1211,82,1046,1092,1
1728464425909264000,2480,875,274,1226,914,1
1728464425910106000,2528,549,582,1390,715,0
1728464425910948000,2454,289,880,1519,550,114
1728464425911791000,2370,98,1232,1603,386,288
1728464425912633000,2094,23,1583,1658,228,490
1728464425913476000,1715,10,1902,1596,84,747
1728464425914318000,1420,16,2173,1495,13,960
1728464425915160000,1114,132,2558,1326,0,1133
1728464425916002000,817,304,2642,1139,0,1338
1728464425916844000,509,568,2672,917,30,1490
1728464425917687000,261,881,2633,692,155,1611
1728464425918530000,50,1212,2543,517,324,1685
1728464425919379000,0,1528,2194,337,506,1703
1728464425920221000,0,1821,1845,185,693,1689
1728464425921063000,0,2044,1541,73,869,1557
1728464425921905000,94,2618,1190,0,1020,1336
1728464425922747000,298,2864,842,0,1188,1106
1728464425923589000,562,3025,489,0,1311,852
1728464425924432000,882,2898,242,124,1392,648
1728464425925275000,1221,2603,46,262,1505,474
1728464425926117000,1527,2037,4,481,1421,282
1728464425926959000,1805,1756,0,715,1345,136
1728464425927801000,2036,1465,5,905,1216,31
1728464425928643000,2408,1135,125,1091,1047,1
1728464425929485000,2505,789,349,1279,874,0
1728464425930327000,2524,488,654,1429,663,17
1728464425931170000,2469,234,981,1543,505,157
1728464425932013000,2359,50,1315,1621,343,340
1728464425932860000,1887,4,1669,1701,178,580
1728464425933703000,1620,0,1969,1573,70,767
1728464425934545000,1311,1,2223,1438,0,960
1728464425935387000,1042,119,2570,1299,0,1182
1728464425936229000,724,359,2648,1074,0,1382
1728464425937071000,434,644,2663,849,57,1516
1728464425937914000,197,962,2605,654,202,1632
1728464425938756000,14,1291,2506,472,368,1688
1728464425939598000,0,1600,2081,299,557,1692
1728464425940440000,0,1888,1824,146,738,1624
1728464425941282000,0,2336,1455,46,905,1544
1728464425942124000,138,2685,1088,0,1078,1347
1728464425942966000,359,2880,688,0,1212,1143
1728464425943808000,648,2904,404,0,1344,892
1728464425944650000,1013,2768,159,125,1377,569
1728464425945493000,1299,2457,13,325,1444,426
1728464425946356000,1600,1959,0,541,1412,249
1728464425947199000,1871,1679,14,760,1316,97
1728464425948041000,2313,1367,0,964,1169,14
1728464425948882000,2447,1033,174,1139,1007,2
1728464425949724000,2497,693,414,1311,815,0
1728464425950566000,2508,409,711,1445,634,47
1728464425951409000,2435,189,1050,1560,466,192
1728464425952251000,2320,1,1412,1648,298,383
1728464425953093000,1967,0,1770,1651,126,617
1728464425953935000,1662,0,2026,1639,36,858
1728464425954777000,1192,10,2463,1496,0,1075
1728464425955619000,951,186,2599,1249,0,1237
1728464425956461000,645,423,2656,1018,0,1417
1728464425957304000,377,730,2648,796,87,1554
1728464425958147000,146,1045,2589,605,244,1649
1728464425958990000,0,1381,2474,426,406,1699
1728464425959830000,0,1678,2027,250,604,1682
1728464425960672000,0,1956,1762,117,789,1592
1728464425961514000,17,2453,1413,18,953,1424
1728464425962356000,173,2759,1055,0,1108,1228
1728464425963198000,429,2942,732,0,1271,1010
1728464425964040000,721,2904,311,20,1325,871
1728464425964883000,1064,2672,94,171,1439,628
1728464425965725000,1380,2359,0,386,1438,362
1728464425966567000,1677,1876,5,604,1393,199
1728464425967409000,1945,1604,0,818,1280,81
1728464425968251000,2353,1273,45,1007,1136,0
1728464425969093000,2466,944,224,1194,954,0
1728464425969935000,2527,622,500,1360,756,0
1728464425970778000,2503,356,809,1487,590,96
1728464425971621000,2420,126,1134,1582,421,241
1728464425972463000,2274,0,1494,1651,290,438
1728464425973318000,1825,0,1807,1644,40,673
1728464425974160000,1511,0,2103,1528,0,884
1728464425975002000,1191,32,2519,1390,0,1090
1728464425975844000,867,247,2624,1173,0,1295
1728464425976686000,568,514,2662,960,9,1456
1728464425977529000,304,818,2638,734,132,1583
1728464425978371000,90,1149,2564,549,277,1665
1728464425979213000,0,1466,2400,382,466,1704
1728464425980055000,0,1760,1937,242,645,1663
1728464425980897000,0,2013,1621,104,832,1552
1728464425981739000,58,2561,1269,0,988,1381
1728464425982581000,218,2808,916,0,1144,1167
1728464425983423000,471,2919,605,0,1281,976
1728464425984265000,818,2892,322,47,1359,721
1728464425985108000,1135,2608,88,237,1422,521
1728464425985950000,1461,2156,11,440,1434,324
1728464425986806000,1750,1815,2,670,1368,170
1728464425987648000,2011,1502,0,873,1253,42
1728464425988490000,2385,1185,81,1065,1079,0
1728464425989332000,2480,845,309,1237,898,0
1728464425990174000,2520,538,555,1395,719,5
1728464425991017000,2492,284,900,1520,552,106
1728464425991860000,2368,88,1228,1623,387,290
1728464425992702000,2047,89,1570,1680,215,467
1728464425993544000,1753,9,1893,1615,175,700
1728464425994386000,1392,0,2163,1509,68,930
1728464425995228000,1105,101,2553,1331,0,1140
1728464425996070000,786,311,2643,1124,0,1346
1728464425996912000,491,587,2672,901,32,1493
1728464425997755000,242,901,2625,687,170,1612
1728464425998598000,42,1240,2535,496,331,1695
1728464425999440000,29,1535,2143,322,508,1700
1728464426000287000,11,1832,1847,237,708,1640
1728464426001129000,0,2072,1530,108,876,1500
1728464426001971000,83,2648,1170,5,1038,1330
1728464426002813000,267,2880,847,13,1177,1124
1728464426003655000,544,2906,507,0,1312,858
1728464426004498000,869,2788,215,82,1384,673
1728464426005341000,1231,2526,42,288,1435,458
1728464426006183000,1536,2011,0,501,1423,290
1728464426007025000,1835,1730,1,725,1338,121
1728464426007867000,2072,1426,2,943,1199,24
1728464426008709000,2421,1093,133,1107,1039,0
1728464426009551000,2493,777,372,1284,850,0
1728464426010393000,2514,458,649,1428,664,22
1728464426011236000,2467,224,997,1544,491,162
1728464426012079000,2360,25,1336,1635,340,330
1728464426012921000,1902,119,1653,1653,177,516
1728464426013770000,1666,76,1994,1626,58,762
1728464426014612000,1368,72,2358,1476,0,981
1728464426015454000,1026,153,2583,1281,0,1196
1728464426016296000,700,381,2652,1059,0,1390
1728464426017139000,417,671,2668,826,58,1534
1728464426017981000,170,991,2613,637,209,1637
1728464426018824000,4,1328,2496,452,389,1701
1728464426019666000,0,1615,2061,289,561,1685
1728464426020508000,52,1895,1763,151,745,1609
1728464426021350000,50,2388,1440,37,903,1461
1728464426022192000,207,2712,1083,0,1074,1271
1728464426023034000,468,2890,750,0,1218,1050
1728464426023876000,591,2909,409,85,1305,840
1728464426024719000,963,2727,177,181,1397,618
1728464426025561000,1325,2435,0,337,1435,421
1728464426026403000,1620,1945,4,556,1409,235
1728464426027258000,1896,1656,0,782,1310,92
1728464426028100000,2332,1346,18,978,1150,0
1728464426028942000,2443,1010,197,1162,986,4
1728464426029784000,2507,696,439,1312,807,2
1728464426030626000,2511,402,753,1458,610,42
1728464426031469000,2432,162,1096,1570,458,210
1728464426032311000,2299,23,1496,1624,313,425
1728464426033153000,1856,30,1800,1635,138,724
1728464426033995000,1555,0,1998,1560,32,932
1728464426034837000,1257,22,2497,1432,0,1050
1728464426035678000,929,203,2616,1231,0,1257
1728464426036520000,618,448,2661,999,0,1431
1728464426037363000,349,751,2661,786,101,1569
1728464426038206000,122,1073,2575,591,254,1663
1728464426039048000,0,1459,2456,414,440,1688
1728464426039890000,0,1752,1979,245,627,1664
1728464426040738000,0,2002,1678,117,850,1566
1728464426041580000,10,2471,1335,9,992,1417
1728464426042422000,221,2697,960,0,1199,1193
1728464426043264000,463,2880,634,5,1313,967
1728464426044106000,776,2850,333,36,1300,749
1728464426044949000,1071,2676,113,192,1409,556
1728464426045792000,1412,2319,2,401,1433,357
1728464426046634000,1691,1863,0,613,1381,192
1728464426047476000,1959,1580,2,832,1271,64
1728464426048318000,2368,1255,41,1023,1122,0
1728464426049160000,2470,908,252,1199,925,4
1728464426050002000,2497,609,520,1369,745,0
1728464426050845000,2481,329,836,1491,577,103
1728464426051688000,2404,116,1169,1584,415,254
1728464426052530000,2224,10,1504,1607,247,501
1728464426053372000,1765,49,1868,1617,110,705
1728464426054231000,1492,30,2141,1520,18,889
1728464426055073000,1173,65,2524,1377,0,1111
1728464426055915000,855,260,2627,1172,0,1301
1728464426056757000,544,520,2668,952,18,1472
1728464426057600000,289,832,2645,720,132,1600
1728464426058443000,65,1165,2565,543,292,1685
1728464426059285000,0,1487,2269,363,489,1761
1728464426060127000,0,1773,1901,213,661,1701
1728464426060969000,0,2030,1582,87,842,1573
1728464426061811000,64,2585,1248,0,994,1359
1728464426062653000,304,2840,865,0,1154,1073
1728464426063495000,520,2983,530,2,1291,874
1728464426064337000,833,2939,282,82,1382,677
1728464426065179000,1167,2584,72,247,1425,504
1728464426066022000,1474,2112,11,450,1418,314
1728464426066864000,1762,1791,4,674,1360,152
1728464426067708000,2016,1498,0,882,1242,44
1728464426068550000,2394,1170,93,1066,1065,0
1728464426069392000,2492,814,309,1259,872,2
1728464426070234000,2520,514,598,1398,690,0
1728464426071076000,2478,267,917,1524,530,128
1728464426071919000,2420,50,1273,1615,354,313
1728464426072761000,2021,1,1601,1720,194,528
1728464426073603000,1617,0,1899,1685,89,797
1728464426074445000,1387,0,2178,1523,0,972
1728464426075287000,1085,109,2560,1324,0,1152
1728464426076129000,766,324,2646,1109,0,1352
1728464426076971000,477,608,2663,871,42,1508
1728464426077814000,224,928,2627,678,178,1628
1728464426078656000,31,1257,2535,485,345,1695
1728464426079499000,0,1568,2126,320,530,1694
1728464426080341000,0,1848,1827,159,719,1632
1728464426081180000,0,2118,1560,52,880,1508
1728464426082022000,91,2639,1231,0,1088,1324
1728464426082864000,326,2866,868,0,1248,1114
1728464426083706000,599,2937,554,0,1329,852
1728464426084549000,926,2786,213,117,1398,666
1728464426085392000,1263,2496,34,303,1432,448
1728464426086234000,1556,1984,2,531,1413,266
1728464426087077000,1843,1703,0,732,1331,125
1728464426087919000,2137,1417,0,935,1201,27
1728464426088760000,2439,1067,116,1133,1040,0
1728464426089602000,2505,741,382,1312,833,0
1728464426090444000,2512,441,686,1444,658,28
1728464426091287000,2459,188,1005,1553,491,155
1728464426092130000,2355,0,1354,1657,362,357
1728464426092973000,1928,0,1698,1644,112,590
1728464426093815000,1636,0,1987,1583,9,803
1728464426094680000,1329,0,2466,1472,0,1013
1728464426095522000,997,164,2589,1264,0,1217
1728464426096364000,682,402,2658,1042,0,1398
1728464426097207000,401,683,2653,828,75,1536
1728464426098050000,173,1010,2603,626,214,1638
1728464426098893000,0,1337,2503,475,391,1700
1728464426099735000,0,1641,2052,285,578,1692
1728464426100577000,0,1925,1743,125,764,1607
1728464426101419000,0,2423,1405,10,937,1459
1728464426102261000,130,2767,1073,0,1081,1266
1728464426103103000,370,2943,719,0,1227,1016
1728464426103945000,674,2882,407,8,1344,794
1728464426104788000,1012,2720,154,165,1422,594
1728464426105630000,1344,2400,0,361,1439,401
1728464426106472000,1632,1922,18,578,1402,207
1728464426107314000,1902,1634,2,804,1297,96
1728464426108159000,2348,1316,13,983,1159,2
1728464426109001000,2442,988,192,1186,974,0
1728464426109843000,2518,658,453,1329,789,0
1728464426110686000,2508,381,772,1472,603,49
1728464426111529000,2415,174,1095,1591,448,199
1728464426112371000,2326,66,1456,1675,279,388
1728464426113213000,1871,71,1791,1652,186,624
1728464426114055000,1545,0,2082,1564,93,855
1728464426114897000,1240,34,2510,1418,0,1060
1728464426115739000,917,217,2613,1217,0,1270
1728464426116581000,605,476,2669,978,0,1450
1728464426117424000,334,776,2652,767,107,1557
1728464426118266000,112,1102,2568,576,267,1666
1728464426119108000,34,1426,2443,393,441,1699
1728464426119950000,52,1718,1979,235,628,1672
1728464426120793000,0,1984,1658,153,806,1569
1728464426121653000,0,2503,1319,62,956,1452
1728464426122495000,151,2784,985,21,1127,1233
1728464426123337000,425,2916,645,17,1255,961
1728464426124179000,773,2863,330,45,1367,750
1728464426125022000,1103,2656,102,218,1414,540
1728464426125864000,1425,2294,16,413,1434,349
1728464426126707000,1715,1857,2,629,1376,194
1728464426127549000,1977,1562,1,845,1272,54
1728464426128391000,2376,1248,53,1029,1109,0
1728464426129233000,2481,901,274,1208,923,2
1728464426130075000,2513,591,538,1373,740,3
1728464426130918000,2484,320,824,1481,564,97
1728464426131761000,2432,123,1156,1586,418,320
1728464426132603000,2188,36,1513,1647,235,405
1728464426133445000,1749,133,1841,1634,114,668
1728464426134287000,1472,0,2152,1542,16,924
1728464426135125000,1154,74,2544,1363,0,1121
1728464426135967000,836,277,2625,1154,0,1313
1728464426136809000,533,538,2666,929,28,1480
1728464426137652000,270,855,2639,719,137,1601
1728464426138495000,57,1151,2553,539,341,1676
1728464426139337000,0,1488,2220,352,484,1702
1728464426140179000,0,1784,1888,197,676,1642
1728464426141021000,68,2046,1572,77,846,1538
1728464426141863000,180,2583,1276,4,976,1361
1728464426142705000,382,2832,903,5,1148,1140
1728464426143547000,644,2917,562,0,1278,903
1728464426144389000,855,2837,266,85,1381,685
1728464426145232000,1185,2572,64,257,1429,491
1728464426146074000,1503,2065,10,466,1417,301
1728464426146916000,1787,1769,4,690,1357,146
1728464426147758000,2026,1478,1,906,1224,37
1728464426148609000,2396,1159,114,1072,1061,0
1728464426149451000,2488,815,325,1252,877,1
1728464426150293000,2523,509,614,1398,680,13
1728464426151136000,2474,250,960,1538,527,136
1728464426151979000,2368,64,1373,1601,399,335
1728464426152821000,1959,47,1675,1648,218,534
1728464426153663000,1695,2,1856,1597,82,860
1728464426154505000,1387,1,2198,1509,0,969
1728464426155347000,1059,114,2583,1316,0,1168
1728464426156189000,750,352,2648,1092,0,1369
1728464426157032000,472,627,2659,868,64,1510
1728464426157875000,204,936,2624,660,184,1632
1728464426158718000,21,1331,2512,484,346,1677
1728464426159560000,0,1617,2099,309,545,1684
1728464426160402000,0,1900,1809,154,767,1623
1728464426161244000,0,2207,1501,47,937,1485
1728464426162098000,130,2640,1121,5,1109,1293
1728464426162940000,382,2851,776,5,1248,1075
1728464426163782000,629,2893,458,1,1293,844
1728464426164625000,953,2780,206,117,1396,641
1728464426165467000,1272,2480,26,312,1434,448
1728464426166309000,1575,1974,0,529,1420,254
1728464426167151000,1862,1695,2,750,1330,101
1728464426167993000,2303,1386,0,949,1189,13
1728464426168835000,2427,1064,162,1126,1008,10
1728464426169677000,2515,727,409,1306,836,0
1728464426170519000,2501,424,695,1439,647,40
1728464426171362000,2431,229,1067,1531,476,186
1728464426172204000,2324,69,1372,1607,320,372
1728464426173046000,1879,0,1822,1642,178,612
1728464426173888000,1614,0,2034,1593,64,823
1728464426174730000,1302,5,2468,1447,0,1033
1728464426175579000,976,180,2595,1252,0,1219
1728464426176421000,671,413,2653,1035,0,1404
1728464426177263000,388,712,2665,806,77,1542
1728464426178106000,148,1036,2590,612,232,1666
1728464426178948000,0,1368,2483,423,402,1683
1728464426179790000,0,1670,2030,266,590,1662
1728464426180632000,0,2010,1723,125,774,1600
1728464426181474000,28,2518,1376,42,935,1406
1728464426182316000,194,2806,1023,18,1101,1209
1728464426183158000,437,2891,694,0,1318,997
1728464426184000000,705,2895,394,25,1343,788
1728464426184843000,1038,2707,137,170,1414,591
1728464426185685000,1376,2378,0,373,1446,388
1728464426186527000,1652,1891,1,604,1392,213
1728464426187370000,1931,1611,5,810,1290,75
1728464426188212000,2343,1297,31,1001,1138,2
1728464426189061000,2462,942,218,1183,975,0
1728464426189903000,2515,641,481,1358,760,0
1728464426190745000,2504,338,792,1491,599,66
1728464426191588000,2387,137,1145,1584,421,218
1728464426192430000,2241,0,1451,1596,258,433
1728464426193272000,1792,14,1824,1612,128,693
1728464426194114000,1525,2,2088,1562,31,871
1728464426194956000,1219,34,2504,1403,0,1073
1728464426195798000,904,237,2620,1189,4,1283
1728464426196640000,580,494,2668,969,0,1442
1728464426197483000,320,799,2639,750,117,1574
1728464426198325000,93,1125,2588,558,278,1684
1728464426199167000,0,1443,2400,388,458,1739
1728464426200009000,0,1744,1939,215,643,1724
1728464426200851000,0,2010,1627,101,824,1600
1728464426201693000,93,2562,1258,0,994,1291
1728464426202573000,287,2831,908,1,1138,1102
1728464426203415000,496,2915,585,0,1266,895
1728464426204257000,794,2866,320,58,1368,738
1728464426205100000,1123,2620,94,228,1428,530
1728464426205942000,1440,2224,6,430,1432,340
1728464426206784000,1731,1827,13,650,1370,165
1728464426207626000,1988,1526,0,870,1254,57
1728464426208468000,2389,1185,76,1045,1093,1
1728464426209310000,2477,869,290,1233,898,0
1728464426210152000,2521,544,561,1391,721,0
1728464426210995000,2591,273,890,1511,501,94
1728464426211838000,2463,77,1277,1617,375,290
1728464426212680000,2096,16,1575,1693,205,506
1728464426213523000,1720,0,1907,1658,90,726
1728464426214365000,1445,5,2156,1521,13,944
1728464426215207000,1146,90,2546,1352,0,1128
1728464426216030000,808,302,2639,1140,0,1331
1728464426216872000,513,578,2687,906,28,1495
1728464426217715000,247,882,2635,697,154,1605
1728464426218557000,42,1218,2531,509,325,1678
1728464426219400000,0,1526,2240,335,509,1689
1728464426220242000,0,1816,1896,184,696,1651
1728464426221084000,0,2093,1604,55,882,1520
1728464426221926000,78,2636,1194,0,1009,1438
1728464426222768000,292,2841,762,0,1176,1208
1728464426223610000,576,2928,514,0,1310,889
1728464426224452000,886,2808,245,100,1387,672
1728464426225295000,1214,2542,49,281,1421,474
1728464426226137000,1522,2018,6,489,1420,288
1728464426226980000,1811,1760,1,698,1346,145
1728464426227822000,2043,1454,1,913,1220,16
1728464426228664000,2414,1124,123,1102,1043,2
1728464426229516000,2499,763,362,1257,855,0
1728464426230358000,2514,487,645,1424,678,13
1728464426231201000,2498,197,969,1529,421,146
1728464426232044000,2348,18,1319,1617,298,341
1728464426232886000,2057,0,1687,1649,156,548
1728464426233728000,1669,5,1969,1607,68,767
1728464426234570000,1353,0,2256,1492,0,986
1728464426235412000,1042,137,2579,1304,0,1190
1728464426236254000,725,362,2661,1077,0,1368
1728464426237096000,442,654,2659,851,64,1522
1728464426237939000,170,965,2607,637,197,1632
1728464426238782000,1,1290,2499,466,370,1690
1728464426239624000,0,1600,2080,291,554,1678
1728464426240466000,0,1890,1791,149,743,1627
1728464426241308000,0,2370,1454,11,905,1461
1728464426242150000,132,2682,1194,0,1078,1279
1728464426243003000,370,2860,837,0,1237,1067
1728464426243845000,659,2917,433,1,1329,832
1728464426244688000,965,2757,185,141,1399,617
1728464426245531000,1300,2448,18,320,1421,421
1728464426246374000,1592,1959,4,548,1404,253
1728464426247216000,1881,1676,0,757,1329,102
1728464426248058000,2320,1375,0,970,1176,0
1728464426248900000,2438,1031,192,1138,986,0
1728464426249742000,2507,714,426,1315,810,5
1728464426250585000,2526,433,718,1459,643,29
1728464426251428000,2466,180,1038,1546,549,178
1728464426252270000,2295,0,1406,1640,358,388
1728464426253112000,1877,0,1729,1657,192,622
1728464426253954000,1607,2,2041,1580,53,842
1728464426254796000,1277,16,2485,1447,0,1045
1728464426255638000,947,184,2608,1240,0,1241
1728464426256486000,647,441,2660,1013,0,1429
1728464426257329000,372,721,2657,796,103,1553
1728464426258171000,194,1050,2594,594,234,1657
1728464426259013000,14,1383,2466,463,412,1692
1728464426259855000,0,1669,2012,281,602,1680
1728464426260697000,0,1949,1732,160,767,1600
1728464426261539000,0,2457,1370,0,939,1409
1728464426262381000,162,2752,979,0,1109,1217
1728464426263223000,442,2907,672,0,1244,990
1728464426264065000,736,2892,369,37,1347,773
1728464426264908000,1063,2688,130,184,1410,568
1728464426265750000,1385,2355,0,383,1432,373
1728464426266593000,1677,1884,1,599,1384,198
1728464426267435000,1943,1609,0,812,1288,75
1728464426268277000,2360,1277,33,1002,1131,0
1728464426269119000,2460,941,234,1181,946,2
1728464426270013000,2520,626,491,1354,754,0
1728464426270855000,2502,333,725,1481,596,149
1728464426271697000,2453,144,1109,1584,433,212
1728464426272539000,2309,0,1460,1639,256,386
1728464426273381000,1801,5,1829,1645,119,673
1728464426274223000,1506,0,2115,1554,30,898
1728464426275065000,1196,47,2520,1390,0,1097
1728464426275906000,872,257,2624,1182,0,1296
1728464426276748000,562,511,2667,960,2,1464
1728464426277591000,308,850,2648,736,183,1577
1728464426278434000,83,1139,2567,549,320,1665
1728464426279277000,0,1461,2368,365,463,1703
1728464426280119000,0,1745,1941,213,634,1662
1728464426280961000,0,2018,1624,90,775,1546
1728464426281803000,173,2548,1287,0,956,1377
1728464426282645000,354,2819,939,0,1120,1162
1728464426283448000,520,2926,583,0,1290,939
1728464426284290000,825,2848,302,77,1366,713
1728464426285133000,1149,2603,89,241,1426,517
1728464426285976000,1462,2144,15,442,1425,325
1728464426286818000,1760,1816,6,670,1378,153
1728464426287660000,2012,1504,0,864,1255,46
1728464426288502000,2393,1180,58,1050,1072,0
1728464426289344000,2483,858,306,1244,898,6
1728464426290186000,2534,537,578,1392,708,0
1728464426291029000,2472,266,985,1504,548,107
1728464426291872000,2378,104,1307,1600,407,305
1728464426292714000,2026,21,1654,1646,233,506
1728464426293556000,1728,0,1910,1630,89,733
1728464426294398000,1430,0,2168,1507,4,943
1728464426295240000,1106,101,2555,1331,0,1138
1728464426296082000,790,311,2643,1120,0,1336
1728464426296931000,490,587,2663,889,28,1496
1728464426297774000,240,896,2628,683,169,1601
1728464426298616000,50,1235,2516,495,337,1669
1728464426299458000,0,1583,2135,322,525,1682
1728464426300300000,0,1902,1842,180,705,1624
1728464426301142000,10,2112,1540,74,866,1489
1728464426301984000,102,2565,1175,0,1114,1299
1728464426302826000,320,2817,804,0,1245,1097
1728464426303668000,596,2931,504,0,1319,873
1728464426304511000,903,2789,232,110,1385,661
1728464426305353000,1235,2517,34,290,1428,465
1728464426306195000,1537,2007,4,503,1425,277
1728464426307037000,1828,1732,7,725,1337,133
1728464426307879000,2067,1439,5,929,1197,1
1728464426308721000,2426,1091,137,1114,1034,0
1728464426309563000,2510,745,366,1288,847,4
1728464426310429000,2521,449,651,1505,641,16
1728464426311271000,2405,212,1021,1600,485,181
1728464426312114000,2328,22,1351,1652,330,327
1728464426312956000,1934,2,1683,1662,192,576
1728464426313799000,1649,2,1996,1605,57,789
1728464426314641000,1340,0,2439,1479,0,1002
1728464426315483000,1028,159,2575,1277,0,1205
1728464426316325000,719,389,2656,1061,0,1388
1728464426317167000,410,671,2687,840,66,1528
1728464426318010000,177,992,2646,626,202,1639
1728464426318852000,0,1317,2511,453,386,1691
1728464426319694000,0,1628,2047,272,565,1752
1728464426320536000,0,1907,1701,136,772,1681
1728464426321378000,1,2397,1389,34,935,1515
1728464426322220000,184,2728,1049,0,1098,1326
1728464426323062000,380,2910,729,0,1227,1042
1728464426323908000,674,2912,421,9,1335,819
1728464426324751000,1000,2746,173,152,1407,608
1728464426325594000,1328,2422,0,346,1435,410
1728464426326436000,1619,1941,2,562,1398,228
1728464426327278000,1880,1646,18,778,1306,98
1728464426328120000,2308,1324,0,973,1164,2
1728464426328961000,2441,1013,194,1161,984,0
1728464426329803000,2514,679,444,1332,802,0
1728464426330645000,2520,366,763,1442,548,50
1728464426331488000,2536,151,1121,1583,420,202
1728464426332330000,2367,0,1477,1649,269,405
1728464426333173000,1852,9,1775,1657,146,626
1728464426334015000,1570,0,2072,1576,46,852
1728464426334857000,1259,33,2498,1424,0,1061
1728464426335699000,946,202,2606,1225,2,1230
1728464426336541000,628,442,2664,1013,0,1434
1728464426337392000,343,749,2659,772,92,1557
1728464426338235000,118,1062,2579,587,254,1651
1728464426339078000,0,1401,2456,410,420,1696
1728464426339920000,0,1695,1997,234,608,1692
1728464426340762000,0,1950,1775,98,824,1592
1728464426341604000,14,2461,1441,10,992,1436
1728464426342446000,193,2782,1040,0,1128,1212
1728464426343288000,461,2918,644,0,1257,987
1728464426344130000,756,2892,353,42,1354,761
1728464426344973000,1080,2663,114,192,1413,552
1728464426345815000,1407,2321,10,397,1421,353
1728464426346657000,1702,1870,0,618,1386,188
1728464426347499000,1963,1579,0,817,1262,58
1728464426348341000,2352,1262,53,1021,1120,0
1728464426349183000,2427,918,245,1218,942,0
1728464426350025000,2535,657,500,1373,749,0
1728464426350874000,2516,373,819,1483,658,75
1728464426351717000,2383,29,1163,1584,480,245
1728464426352559000,2240,0,1522,1656,264,458
1728464426353402000,1788,2,1843,1632,122,692
1728464426354244000,1496,11,2126,1539,31,911
1728464426355086000,1169,66,2536,1378,0,1105
1728464426355928000,850,265,2630,1169,0,1309
1728464426356770000,557,523,2664,936,14,1465
1728464426357613000,325,832,2636,730,129,1600
1728464426358455000,69,1158,2552,569,292,1670
1728464426359297000,0,1472,2303,405,469,1703
1728464426360139000,0,1780,1965,235,658,1667
1728464426360982000,0,2041,1569,34,832,1553
1728464426361824000,41,2564,1241,0,998,1383
1728464426362666000,271,2834,896,9,1155,1150
1728464426363508000,532,2923,576,0,1292,924
1728464426364354000,843,2852,276,72,1377,719
1728464426365197000,1172,2591,77,249,1430,500
1728464426366039000,1478,2107,2,449,1431,312
1728464426366881000,1788,1798,0,674,1355,148
1728464426367723000,2017,1493,0,881,1228,41
1728464426368565000,2391,1172,98,1053,1059,5
1728464426369407000,2497,837,314,1252,891,0
1728464426370249000,2528,517,530,1399,736,42
1728464426371092000,2538,285,878,1512,518,47
1728464426371934000,2352,139,1239,1610,381,274
1728464426372776000,1998,5,1615,1653,203,527
1728464426373618000,1710,8,1930,1620,89,761
1728464426374460000,1412,0,2167,1505,5,965
1728464426375302000,1088,117,2562,1318,0,1164
1728464426376144000,767,333,2647,1106,0,1347
1728464426376986000,477,587,2660,877,96,1496
1728464426377837000,226,911,2618,672,193,1614
1728464426378680000,37,1244,2528,493,330,1684
1728464426379522000,21,1561,2133,311,508,1703
1728464426380364000,50,1835,1862,164,689,1634
1728464426381206000,50,2098,1506,92,869,1499
1728464426382048000,25,2633,1130,54,1028,1318
1728464426382890000,338,2880,805,0,1197,1092
1728464426383732000,613,2928,482,0,1309,865
1728464426384575000,929,2776,220,122,1396,648
1728464426385417000,1251,2496,31,309,1426,458
1728464426386260000,1555,1990,17,520,1415,261
1728464426387102000,1841,1720,0,733,1329,128
1728464426387944000,2153,1410,0,943,1198,13
1728464426388786000,2420,1082,149,1123,1020,0
1728464426389628000,2496,741,379,1284,842,0
1728464426390470000,2510,430,771,1432,670,42
1728464426391327000,2463,222,1074,1559,516,178
1728464426392170000,2343,29,1305,1624,322,440
1728464426393012000,1906,1,1702,1655,171,584
1728464426393854000,1631,0,2007,1592,57,809
1728464426394696000,1322,1,2462,1464,0,1010
1728464426395538000,1006,165,2587,1263,0,1217
1728464426396380000,690,400,2656,1037,0,1407
1728464426397223000,399,743,2661,821,72,1523
1728464426398066000,170,1044,2604,617,229,1633
1728464426398908000,0,1339,2486,434,431,1689
1728464426399750000,0,1574,2040,277,648,1680
1728464426400592000,0,1861,1740,160,808,1600
1728464426401434000,2,2383,1404,28,866,1434
1728464426402276000,167,2734,1045,0,1092,1258
1728464426403118000,395,2916,706,0,1235,1029
1728464426403960000,698,2895,400,26,1344,802
1728464426404806000,1017,2716,154,169,1405,590
1728464426405648000,1346,2395,0,357,1437,400
1728464426406491000,1632,1932,8,576,1394,241
1728464426407333000,1903,1638,9,792,1298,85
1728464426408175000,2332,1280,0,992,1140,0
1728464426409017000,2459,969,212,1176,966,0
1728464426409859000,2492,686,482,1311,786,18
1728464426410701000,2500,405,779,1447,594,48
1728464426411544000,2422,125,1235,1575,460,247
1728464426412386000,2304,0,1451,1646,282,425
1728464426413228000,1839,9,1791,1644,135,638
1728464426414070000,1545,0,2084,1567,36,865
1728464426414912000,1237,37,2511,1415,0,1063
1728464426415754000,914,218,2617,1208,0,1267
1728464426416596000,608,474,2648,978,8,1487
1728464426417438000,331,776,2650,758,105,1555
1728464426418304000,106,1162,2559,572,263,1645
1728464426419146000,0,1460,2444,395,440,1696
1728464426419988000,18,1777,1965,225,663,1651
1728464426420831000,0,1907,1655,106,865,1565
1728464426421673000,13,2481,1316,34,1021,1393
1728464426422515000,221,2800,951,0,1137,1200
1728464426423357000,487,2930,621,0,1268,966
1728464426424200000,769,2872,342,64,1362,747
1728464426425043000,1103,2643,107,206,1411,541
1728464426425886000,1429,2300,10,412,1437,356
1728464426426728000,1696,1856,0,629,1392,194
1728464426427570000,1969,1564,8,850,1248,64
1728464426428412000,2361,1223,85,1044,1095,0
1728464426429254000,2475,898,274,1222,923,15
1728464426430096000,2503,589,538,1319,738,0
1728464426430939000,2481,333,880,1464,553,138
1728464426431779000,2386,142,1211,1578,392,272
1728464426432621000,2166,10,1547,1654,237,480
1728464426433464000,1762,4,1871,1636,104,702
1728464426434306000,1472,0,2145,1525,16,922
1728464426435148000,1153,75,2545,1361,0,1123
1728464426435990000,826,276,2631,1156,0,1308
1728464426436832000,530,536,2638,932,26,1523
1728464426437675000,279,862,2632,713,145,1620
1728464426438518000,64,1181,2537,530,309,1680
1728464426439361000,0,1586,2222,364,494,1678
1728464426440203000,0,1896,1886,235,702,1624
1728464426441045000,21,2083,1566,66,855,1514
1728464426441887000,85,2639,1219,0,1053,1351
1728464426442729000,283,2840,868,0,1175,1138
1728464426443571000,560,2922,542,0,1296,909
1728464426444413000,861,2831,273,84,1379,688
1728464426445264000,1190,2580,57,253,1430,500
1728464426446106000,1510,2063,11,473,1422,290
1728464426446948000,1798,1772,1,701,1355,142
1728464426447790000,2031,1487,11,896,1216,37
1728464426448632000,2405,1151,106,1077,1045,0
1728464426449474000,2547,791,335,1300,858,0
1728464426450316000,2405,495,594,1487,677,43
1728464426451159000,2451,250,980,1573,516,164
1728464426452002000,2368,56,1288,1614,356,338
1728464426452844000,1954,0,1639,1664,199,546
1728464426453687000,1691,1,1950,1607,79,767
1728464426454529000,1383,2,2196,1500,0,973
1728464426455371000,1072,117,2563,1315,0,1173
1728464426456213000,737,342,2712,1089,0,1367
1728464426457055000,453,626,2707,868,50,1517
1728464426457898000,209,944,2641,645,192,1633
1728464426458750000,17,1271,2496,480,354,1740
1728464426459592000,0,1559,2025,298,563,1751
1728464426460434000,46,1888,1760,151,732,1554
1728464426461276000,25,2195,1468,42,890,1424
1728464426462118000,123,2675,1124,0,1061,1301
1728464426462960000,353,2887,781,0,1209,1075
1728464426463802000,639,2909,466,0,1321,850
1728464426464644000,954,2784,206,130,1392,642
1728464426465487000,1282,2482,21,311,1440,436
1728464426466329000,1579,1944,9,538,1415,253
1728464426467171000,1858,1687,0,752,1326,86
1728464426468013000,2311,1392,0,956,1185,21
1728464426468855000,2447,1052,146,1130,1010,0
1728464426469697000,2515,692,400,1297,761,0
1728464426470539000,2628,421,719,1454,611,37
1728464426471382000,2502,187,1052,1565,459,194
1728464426472230000,2341,10,1378,1641,320,381
1728464426473072000,1891,9,1728,1649,161,602
1728464426473914000,1612,0,2015,1587,57,824
1728464426474756000,1306,2,2478,1450,0,1031
1728464426475598000,982,175,2592,1256,0,1230
1728464426476440000,642,406,2657,1019,0,1410
1728464426477283000,378,709,2656,794,73,1551
1728464426478126000,141,1028,2604,607,228,1646
1728464426478968000,0,1368,2528,406,401,1711
1728464426479810000,0,1703,2104,242,612,1685
1728464426480652000,0,1968,1633,125,759,1697
1728464426481494000,0,2442,1318,15,947,1514
1728464426482336000,181,2754,1032,0,1102,1242
1728464426483178000,423,2912,704,0,1240,1015
1728464426484020000,713,2891,394,30,1344,785
1728464426484863000,1042,2694,141,179,1423,586
1728464426485716000,1364,2371,0,378,1436,378
1728464426486559000,1662,1900,9,590,1398,209
1728464426487401000,1935,1584,0,810,1289,87
1728464426488243000,2350,1286,21,1010,1151,0
1728464426489085000,2452,893,194,1193,1023,0
1728464426489927000,2545,591,490,1362,728,0
1728464426490769000,2501,324,778,1479,533,66
1728464426491612000,2431,128,1124,1585,430,234
1728464426492454000,2288,0,1475,1645,272,440
1728464426493297000,1815,2,1801,1633,126,665
1728464426494139000,1529,1,2096,1549,34,873
1728464426494981000,1216,32,2508,1405,0,1077
1728464426495823000,885,234,2624,1195,0,1284
1728464426496665000,565,498,2659,994,0,1459
1728464426497508000,298,803,2644,770,117,1569
1728464426498350000,82,1123,2574,555,260,1670
1728464426499200000,0,1443,2416,354,458,1732
1728464426500042000,0,1795,1962,197,638,1662
1728464426500884000,0,2024,1635,85,824,1546
1728464426501726000,42,2543,1295,0,977,1397
1728464426502568000,237,2813,932,0,1149,1175
1728464426503410000,493,2925,597,0,1282,956
1728464426504252000,801,2852,320,56,1361,733
1728464426505095000,1120,2623,94,230,1422,528
1728464426505937000,1458,2202,1,426,1439,333
1728464426506780000,1746,1838,0,649,1368,156
1728464426507622000,1991,1520,0,861,1257,39
1728464426508464000,2391,1212,66,1055,1095,1
1728464426509306000,2499,863,248,1230,900,0
1728464426510148000,2496,658,533,1407,736,0
1728464426510991000,2513,381,873,1555,552,78
1728464426511833000,2392,77,1221,1619,389,284
1728464426512685000,2086,16,1586,1656,226,503
1728464426513527000,1741,11,1899,1627,98,732
1728464426514369000,1456,2,2153,1516,26,938
1728464426515211000,1131,87,2548,1357,0,1127
1728464426516053000,807,282,2647,1135,0,1331
1728464426516895000,508,565,2657,901,19,1495
1728464426517738000,320,879,2625,697,153,1600
1728464426518581000,90,1210,2542,522,309,1686
1728464426519423000,0,1514,2149,409,486,1734
1728464426520265000,0,1820,1876,242,689,1696
1728464426521107000,0,2056,1584,108,843,1546
1728464426521949000,78,2631,1196,0,1023,1333
1728464426522791000,298,2847,843,0,1181,1120
1728464426523633000,577,2928,513,0,1300,893
1728464426524476000,879,2803,247,101,1376,678
1728464426525319000,1208,2546,47,264,1426,481
1728464426526180000,1506,2030,2,482,1420,268
1728464426527022000,1802,1754,0,711,1345,136
1728464426527864000,2011,1466,0,898,1216,34
1728464426528706000,2397,1124,173,1088,1050,0
1728464426529548000,2496,820,394,1268,860,58
1728464426530390000,2514,473,559,1412,665,98
1728464426531233000,2471,242,942,1540,509,194
1728464426532076000,2364,46,1323,1621,340,337
1728464426532918000,1945,3,1663,1659,192,562
1728464426533760000,1675,1,1974,1601,79,786
1728464426534602000,1362,4,2246,1491,0,986
1728464426535444000,1045,127,2577,1297,0,1200
1728464426536286000,729,408,2649,1073,0,1376
1728464426537128000,439,632,2663,853,110,1515
1728464426537971000,197,945,2613,653,207,1639
1728464426538813000,2,1245,2524,489,397,1681
1728464426539656000,0,1541,2078,297,469,1703
1728464426540499000,0,1856,1784,141,696,1614
1728464426541341000,0,2333,1458,56,907,1484
1728464426542183000,141,2698,1110,0,1068,1287
1728464426543025000,362,2903,753,0,1219,1061
1728464426543867000,663,2897,434,3,1337,832
1728464426544710000,971,2755,185,145,1394,624
1728464426545552000,1279,2446,2,327,1432,428
1728464426546394000,1591,1956,5,521,1402,237
1728464426547236000,1875,1667,5,757,1288,114
1728464426548078000,2320,1382,0,954,1182,10
1728464426548920000,2423,1076,192,1113,992,9
1728464426549762000,2498,730,422,1304,804,0
1728464426550604000,2496,440,713,1433,628,32
1728464426551446000,2444,181,1056,1568,468,194
1728464426552288000,2321,13,1397,1633,303,398
1728464426553136000,1879,7,1750,1653,150,611
1728464426553979000,1590,0,2036,1586,56,836
1728464426554821000,1284,16,2496,1442,0,1047
1728464426555663000,952,193,2583,1236,0,1271
1728464426556505000,645,424,2641,1019,0,1452
1728464426557347000,372,736,2644,796,86,1529
1728464426558190000,126,1091,2600,601,233,1653
1728464426559032000,13,1472,2463,434,418,1683
1728464426559874000,21,1756,2018,250,608,1656
1728464426560716000,0,1857,1685,102,851,1567
1728464426561558000,10,2463,1375,13,952,1429
1728464426562400000,192,2767,1014,0,1112,1235
1728464426563242000,448,2909,663,0,1253,999
1728464426564084000,736,2883,375,43,1346,769
1728464426564927000,1055,2689,133,178,1415,576
1728464426565769000,1395,2362,0,383,1415,388
1728464426566624000,1690,1874,4,608,1398,199
1728464426567466000,1923,1584,0,824,1271,84
1728464426568308000,2341,1271,39,1024,1127,0
1728464426569150000,2381,946,221,1251,939,47
1728464426569992000,2466,613,509,1396,760,28
1728464426570835000,2465,333,807,1425,565,58
1728464426571678000,2417,121,1141,1588,424,247
1728464426572520000,2273,10,1495,1648,260,457
1728464426573363000,1797,4,1820,1636,121,680
1728464426574205000,1509,0,2101,1548,21,893
1728464426575047000,1194,52,2518,1388,0,1095
1728464426575889000,864,249,2688,1172,0,1294
1728464426576731000,562,510,2704,948,0,1460
1728464426577574000,301,812,2656,736,122,1584
1728464426578417000,84,1145,2536,549,277,1729
1728464426579260000,18,1484,2380,377,484,1752
1728464426580103000,45,1778,1896,213,658,1571
1728464426580945000,0,2031,1610,90,832,1529
1728464426581787000,53,2560,1272,0,992,1384
1728464426582629000,256,2824,917,0,1149,1173
1728464426583471000,509,2928,587,0,1276,939
1728464426584313000,821,2840,299,66,1366,714
1728464426585156000,1143,2611,82,237,1421,517
1728464426585998000,1472,2119,5,453,1437,332
1728464426586840000,1755,1797,0,675,1351,154
1728464426587682000,2003,1504,8,878,1248,49
1728464426588524000,2405,1149,68,1049,1031,21
1728464426589366000,2485,816,299,1233,852,0
1728464426590208000,2632,514,601,1419,676,0
1728464426591051000,2494,270,901,1518,535,119
1728464426591893000,2380,75,1239,1607,378,306
1728464426592735000,2035,14,1582,1648,231,517
1728464426593585000,1726,9,1910,1632,94,732
1728464426594427000,1424,0,2171,1519,8,949
1728464426595269000,1097,106,2552,1316,0,1157
1728464426596111000,776,321,2639,1113,0,1344
1728464426596953000,477,588,2663,889,36,1497
1728464426597796000,230,905,2641,686,162,1617
1728464426598638000,16,1242,2498,485,341,1673
1728464426599480000,0,1524,2247,306,533,1711
1728464426600322000,0,1830,1944,169,744,1672
1728464426601164000,0,2076,1520,53,877,1513
1728464426602006000,105,2648,1170,0,1041,1315
1728464426602848000,322,2864,820,0,1191,1104
1728464426603690000,594,2918,494,0,1311,877
1728464426604532000,905,2807,234,113,1390,654
1728464426605375000,1250,2522,9,283,1439,426
1728464426606217000,1544,2005,10,506,1409,266
1728464426607073000,1800,1728,0,727,1335,129
1728464426607915000,2083,1429,0,932,1202,2
1728464426608757000,2460,1143,117,1122,1024,0
1728464426609599000,2531,810,357,1290,847,0
1728464426610441000,2511,361,656,1417,725,4
1728464426611284000,2473,211,997,1553,494,165
1728464426612126000,2351,32,1345,1636,335,351
1728464426612969000,1919,0,1687,1657,181,576
1728464426613812000,1652,9,1991,1598,68,804
1728464426614654000,1344,6,2429,1475,0,1005
1728464426615496000,1091,138,2582,1283,0,1202
1728464426616338000,738,379,2652,1073,0,1391
1728464426617181000,394,665,2663,861,64,1532
1728464426618024000,153,994,2612,629,194,1639
1728464426618867000,0,1336,2476,422,383,1706
1728464426619709000,0,1671,2079,260,579,1701
1728464426620557000,0,1959,1774,137,757,1609
1728464426621399000,0,2394,1436,34,922,1468
1728464426622241000,150,2720,1074,0,1074,1278
1728464426623083000,388,2906,727,0,1231,1036
1728464426623925000,677,2899,413,18,1338,820
1728464426624768000,997,2743,170,149,1399,605
1728464426625610000,1330,2418,0,352,1434,410
1728464426626452000,1634,1943,0,554,1401,229
1728464426627294000,1905,1659,2,777,1308,77
1728464426628136000,2344,1347,0,971,1165,0
1728464426628978000,2481,1003,162,1166,954,0
1728464426629820000,2500,704,430,1325,786,0
1728464426630662000,2509,425,745,1460,612,50
1728464426631505000,2439,159,1093,1571,455,212
1728464426632348000,2307,2,1445,1645,290,417
1728464426633191000,1848,7,1780,1648,146,628
1728464426634047000,1570,1,2060,1575,47,858
1728464426634889000,1263,15,2499,1426,0,1060
1728464426635731000,928,193,2608,1232,0,1248
1728464426636573000,627,430,2662,1004,0,1419
1728464426637416000,405,750,2664,786,81,1571
1728464426638259000,180,1055,2559,635,226,1668
1728464426639101000,0,1409,2441,463,413,1719
1728464426639943000,0,1701,1996,320,606,1713
1728464426640785000,0,1968,1676,111,805,1579
1728464426641627000,21,2496,1336,6,952,1415
1728464426642469000,199,2774,981,0,1120,1208
1728464426643311000,462,2915,642,0,1258,983
1728464426644153000,756,2880,351,37,1354,746
1728464426644996000,1083,2676,108,193,1419,557
1728464426645838000,1411,2323,10,385,1422,357
1728464426646680000,1698,1870,9,624,1386,194
1728464426647524000,1966,1586,1,814,1282,64
1728464426648366000,2368,1285,87,1011,1108,37
1728464426649208000,2467,914,144,1199,914,85
1728464426650050000,2490,576,442,1358,730,69
1728464426650892000,2496,320,832,1494,577,82
1728464426651734000,2406,115,1174,1592,408,266
1728464426652576000,2226,18,1530,1646,244,467
1728464426653418000,1780,5,1840,1632,114,700
1728464426654260000,1500,1,2129,1544,31,905
1728464426655102000,1173,93,2531,1378,30,1102
1728464426655944000,849,250,2631,1156,34,1303
1728464426656786000,543,523,2661,942,54,1472
1728464426657628000,298,808,2639,728,139,1594
1728464426658471000,104,1122,2561,541,209,1672
1728464426659313000,7,1451,2290,357,434,1698
1728464426660156000,85,1771,1955,214,632,1667
1728464426661009000,0,2034,1600,88,842,1551
1728464426661851000,65,2579,1244,0,1002,1367
1728464426662693000,275,2827,906,0,1154,1146
1728464426663535000,529,2927,571,0,1288,931
1728464426664377000,852,2841,286,69,1375,701
1728464426665219000,1156,2599,74,225,1428,493
1728464426666061000,1480,2102,5,448,1427,322
1728464426666903000,1770,1793,4,657,1358,153
1728464426667745000,2031,1507,0,878,1245,35
1728464426668587000,2391,1229,102,1032,1068,0
1728464426669429000,2484,835,302,1236,875,0
1728464426670272000,2519,517,685,1393,705,1
1728464426671115000,2483,264,916,1528,530,122
1728464426671958000,2378,64,1264,1614,373,310
1728464426672800000,1975,14,1614,1648,201,530
1728464426673643000,1711,0,1928,1615,93,752
1728464426674505000,1404,0,2175,1513,0,967
1728464426675347000,1083,141,2561,1316,0,1137
1728464426676189000,767,390,2638,1098,0,1349
1728464426677031000,485,666,2662,880,41,1496
1728464426677874000,235,962,2632,682,234,1606
1728464426678716000,9,1178,2533,477,394,1690
1728464426679559000,4,1521,2119,320,525,1694
1728464426680401000,0,1857,1831,162,711,1637
1728464426681243000,0,2127,1520,50,882,1495
1728464426682085000,121,2658,1144,0,1048,1308
1728464426682927000,341,2872,802,0,1198,1094
1728464426683769000,609,2929,488,0,1311,866
1728464426684612000,898,2784,218,119,1390,651
1728464426685455000,1237,2496,36,306,1431,450
1728464426686297000,1561,1976,0,522,1412,261
1728464426687139000,1827,1720,8,724,1327,114
1728464426687980000,2169,1412,0,903,1208,37
1728464426688822000,2417,1079,119,1088,1029,25
1728464426689665000,2504,787,398,1282,835,0
1728464426690507000,2512,429,676,1445,653,26
1728464426691350000,2461,202,1018,1558,485,168
1728464426692192000,2335,21,1351,1635,326,373
1728464426693034000,1914,4,1706,1654,178,582
1728464426693876000,1632,2,2010,1602,64,810
1728464426694718000,1322,0,2458,1458,0,1040
1728464426695560000,1006,175,2578,1262,0,1216
1728464426696402000,698,402,2654,1039,0,1378
1728464426697245000,402,733,2664,818,64,1535
1728464426698088000,194,1074,2611,648,224,1618
1728464426698930000,5,1234,2486,426,469,1690
1728464426699772000,0,1567,2023,266,653,1671
1728464426700614000,0,1932,1737,125,765,1609
1728464426701463000,0,2424,1412,25,927,1455
1728464426702305000,156,2727,1053,0,1090,1248
1728464426703147000,403,2899,709,0,1241,1027
1728464426703989000,693,2907,405,17,1344,800
1728464426704832000,1016,2720,149,162,1407,586
1728464426705675000,1347,2386,0,365,1427,389
1728464426706517000,1621,1893,6,589,1392,229
1728464426707360000,1909,1637,9,802,1299,83
1728464426708202000,2309,1319,0,941,1149,0
1728464426709044000,2440,965,169,1129,972,4
1728464426709887000,2503,659,466,1318,772,5
1728464426710729000,2511,378,777,1474,611,66
1728464426711572000,2438,146,1107,1582,434,218
1728464426712414000,2290,0,1458,1651,274,425
1728464426713257000,1839,1,1792,1644,133,639
1728464426714099000,1545,0,2087,1564,41,864
1728464426714949000,1236,33,2487,1405,0,1119
1728464426715791000,907,224,2604,1208,0,1306
1728464426716633000,597,471,2657,978,1,1472
1728464426717476000,352,776,2640,758,98,1531
1728464426718318000,71,1181,2573,587,262,1625
1728464426719161000,0,1491,2425,394,448,1665
1728464426720003000,0,1781,1968,233,629,1655
1728464426720844000,0,1999,1662,106,813,1580
1728464426721686000,33,2517,1307,0,972,1403
1728464426722528000,225,2797,960,0,1133,1184
1728464426723370000,480,2912,617,0,1269,965
1728464426724212000,783,2872,330,50,1356,746
1728464426725055000,1088,2627,90,201,1415,540
1728464426725897000,1425,2279,0,405,1423,320
1728464426726739000,1720,1847,18,632,1372,174
1728464426727581000,2047,1531,47,861,1239,64
1728464426728435000,2448,1236,105,1032,1088,0
1728464426729277000,2518,898,287,1221,896,0
1728464426730119000,2508,576,533,1377,736,0
1728464426730962000,2501,320,858,1505,557,100
1728464426731805000,2408,98,1200,1601,402,274
1728464426732647000,2136,17,1555,1650,232,490
1728464426733489000,1757,5,1885,1635,101,705
1728464426734331000,1456,5,2144,1520,18,927
1728464426735173000,1147,76,2534,1359,0,1107
1728464426736015000,814,277,2638,1150,0,1317
1728464426736857000,517,541,2681,924,10,1485
1728464426737700000,264,862,2730,704,153,1594
1728464426738542000,68,1183,2611,530,349,1691
1728464426739385000,0,1529,2240,350,483,1748
1728464426740227000,0,1792,1887,196,677,1652
1728464426741069000,0,2038,1577,79,854,1523
1728464426741915000,72,2604,1222,0,1010,1344
1728464426742757000,287,2833,864,0,1172,1131
1728464426743599000,557,2928,533,0,1290,906
1728464426744441000,867,2819,258,81,1364,663
1728464426745284000,1175,2567,49,257,1420,495
1728464426746126000,1497,2059,10,469,1419,290
1728464426746969000,1796,1780,0,690,1359,136
1728464426747811000,2011,1379,1,890,1294,16
1728464426748653000,2372,1060,103,1060,1132,0
1728464426749495000,2481,727,322,1249,951,0
1728464426750337000,2523,501,613,1416,680,0
1728464426751180000,2480,245,941,1533,517,139
1728464426752022000,2369,64,1286,1620,354,325
1728464426752865000,1950,5,1643,1650,202,545
1728464426753708000,1688,10,1950,1610,74,774
1728464426754550000,1399,0,2188,1560,0,970
1728464426755402000,1107,119,2559,1313,0,1174
1728464426756244000,786,340,2656,1116,0,1367
1728464426757086000,429,620,2671,889,40,1515
1728464426757929000,160,938,2627,692,192,1621
1728464426758772000,4,1279,2498,448,345,1684
1728464426759614000,0,1590,2114,285,530,1700
1728464426760456000,0,1878,1816,165,719,1634
1728464426761298000,0,2232,1496,52,906,1487
1728464426762140000,129,2677,1123,0,1060,1301
1728464426762982000,357,2880,788,0,1193,1069
1728464426763824000,626,2919,466,0,1316,851
1728464426764667000,975,2776,210,122,1400,644
1728464426765509000,1256,2466,21,309,1424,448
1728464426766351000,1576,1984,0,522,1415,258
1728464426767193000,1884,1695,0,737,1325,139
1728464426768035000,2344,1398,0,935,1184,0
1728464426768995000,2464,1088,109,1122,1032,58
1728464426769837000,2504,727,395,1298,824,0
1728464426770679000,2512,415,697,1452,641,37
1728464426771522000,2451,193,1032,1562,478,184
1728464426772364000,2336,16,1378,1638,320,384
1728464426773206000,1887,5,1719,1644,154,609
1728464426774048000,1606,0,2030,1584,75,832
1728464426774890000,1296,0,2468,1452,0,1025
1728464426775732000,980,157,2586,1248,0,1218
1728464426776574000,658,402,2660,1031,0,1415
1728464426777417000,510,693,2661,776,41,1557
1728464426778260000,226,1031,2615,613,206,1638
1728464426779102000,56,1355,2466,482,389,1687
1728464426779944000,0,1671,2031,257,589,1689
1728464426780787000,0,1940,1729,132,778,1600
1728464426781629000,0,2449,1395,32,933,1443
1728464426782378000,181,2760,1039,0,1101,1245
1728464426783220000,424,2916,683,0,1243,1021
1728464426784062000,719,2871,380,6,1329,785
1728464426784905000,1042,2695,146,186,1397,584
1728464426785747000,1373,2370,9,378,1436,389
1728464426786589000,1652,1904,4,581,1417,209
1728464426787431000,1931,1632,66,794,1297,79
1728464426788273000,2335,1317,85,993,1133,0
1728464426789115000,2457,965,240,1169,953,90
1728464426789958000,2522,630,475,1352,774,0
1728464426790801000,2497,352,791,1479,591,68
1728464426791643000,2417,134,1129,1581,427,242
1728464426792486000,2279,0,1477,1639,269,448
1728464426793328000,1829,1,1797,1641,136,665
1728464426794170000,1522,21,2087,1552,98,869
1728464426795012000,1216,26,2508,1395,41,1073
1728464426795859000,893,226,2622,1187,21,1281
1728464426796701000,582,473,2666,968,31,1450
1728464426797543000,323,741,2651,772,157,1568
1728464426798385000,114,1091,2560,550,200,1654
1728464426799227000,0,1416,2410,376,407,1687
1728464426800069000,0,1743,1948,214,645,1669
1728464426800911000,0,2015,1631,101,821,1557
1728464426801753000,43,2533,1295,5,981,1392
1728464426802595000,242,2808,928,0,1142,1182
1728464426803437000,496,2927,597,0,1284,944
1728464426804279000,800,2848,298,69,1362,731
1728464426805122000,1125,2608,110,226,1397,537
1728464426805964000,1440,2208,13,437,1413,345
1728464426806806000,1726,1832,0,626,1378,173
1728464426807648000,1970,1542,18,845,1244,78
1728464426808490000,2380,1217,85,1029,1081,21
1728464426809339000,2477,885,295,1223,903,5
1728464426810181000,2521,544,561,1391,729,0
1728464426811023000,2496,292,880,1514,546,115
1728464426811866000,2383,82,1235,1601,386,289
1728464426812708000,2065,8,1569,1649,226,488
1728464426813551000,1740,4,1901,1632,96,713
1728464426814393000,1450,0,2146,1515,14,980
1728464426815235000,1130,96,2528,1332,0,1172
1728464426816077000,806,303,2631,1136,0,1347
1728464426816919000,551,561,2637,907,20,1421
1728464426817762000,231,972,2624,694,148,1563
1728464426818604000,66,1293,2540,527,335,1664
1728464426819446000,0,1521,2171,334,501,1695
1728464426820288000,0,1820,1869,185,690,1637
1728464426821130000,0,2064,1550,64,870,1524
1728464426821972000,90,2626,1198,0,1016,1336
1728464426822836000,296,2855,847,0,1181,1117
1728464426823678000,578,2890,502,0,1299,889
1728464426824521000,886,2815,248,100,1377,673
1728464426825364000,1222,2536,50,274,1430,473
1728464426826206000,1530,2016,9,488,1419,284
1728464426827048000,1704,1743,0,782,1326,145
1728464426827890000,1946,1454,0,972,1194,69
1728464426828732000,2341,1109,126,1153,1029,36
1728464426829574000,2504,779,352,1279,865,0
1728464426830416000,2523,481,645,1425,668,14
1728464426831259000,2471,233,977,1535,506,155
1728464426832102000,2360,57,1323,1618,340,354
1728464426832944000,1946,5,1671,1658,194,558
1728464426833786000,1660,0,2054,1607,77,781
1728464426834628000,1357,0,2311,1483,0,986
1728464426835470000,1032,142,2622,1294,0,1196
1728464426836316000,727,356,2687,1075,0,1379
1728464426837159000,434,661,2697,864,43,1606
1728464426838002000,192,949,2541,639,192,1712
1728464426838844000,13,1300,2465,455,393,1737
1728464426839686000,0,1600,2093,301,551,1692
1728464426840528000,0,1888,1791,146,736,1628
1728464426841370000,0,2351,1458,41,911,1481
1728464426842212000,139,2687,1095,0,1071,1283
1728464426843054000,362,2887,752,0,1205,1061
1728464426843896000,647,2905,449,1,1326,825
1728464426844738000,979,2754,176,132,1402,617
1728464426845581000,1302,2454,8,329,1428,402
1728464426846423000,1604,1957,5,541,1421,245
1728464426847266000,1901,1648,10,753,1244,94
1728464426848108000,2314,1351,0,953,1127,0
1728464426848950000,2566,1008,182,1148,946,0
1728464426849788000,2512,695,425,1320,810,0
1728464426850630000,2508,409,718,1449,629,45
1728464426851473000,2447,186,1058,1567,463,200
1728464426852315000,2326,8,1402,1635,314,399
1728464426853158000,1873,9,1745,1661,146,613
1728464426854000000,1570,0,2050,1568,47,837
1728464426854842000,1264,11,2475,1427,0,1050
1728464426855684000,954,186,2604,1234,0,1240
1728464426856526000,608,441,2671,1006,0,1427
1728464426857369000,348,762,2671,770,75,1543
1728464426858212000,125,1028,2687,591,258,1685
1728464426859055000,0,1396,2497,405,431,1707
1728464426859897000,0,1687,2022,260,602,1676
1728464426860740000,0,1958,1705,119,781,1583
1728464426861582000,17,2451,1368,16,941,1417
1728464426862424000,195,2753,1018,0,1101,1227
1728464426863268000,440,2916,671,0,1250,1001
1728464426864110000,741,2889,376,30,1333,758
1728464426864953000,1064,2680,132,186,1415,558
1728464426865795000,1404,2360,0,386,1433,372
1728464426866638000,1672,1779,1,585,1458,192
1728464426867480000,1934,1530,0,810,1344,66
1728464426868322000,2369,1229,17,1032,1183,0
1728464426869164000,2470,932,226,1198,949,0
1728464426870006000,2517,621,502,1353,754,0
1728464426870849000,2497,344,805,1487,583,84
1728464426871692000,2427,128,1150,1592,429,254
1728464426872535000,2269,2,1503,1659,261,452
1728464426873378000,1775,2,1831,1667,113,679
1728464426874220000,1482,10,2118,1575,26,907
1728464426875062000,1184,46,2515,1414,0,1091
1728464426875904000,850,245,2624,1168,0,1298
1728464426876760000,528,501,2653,913,2,1464
1728464426877603000,286,866,2668,714,118,1595
1728464426878446000,66,1125,2654,530,277,1680
1728464426879289000,0,1477,2385,369,468,1704
1728464426880131000,0,1767,1929,207,647,1665
1728464426880973000,0,2020,1620,90,832,1545
1728464426881815000,50,2556,1273,0,981,1371
1728464426882657000,255,2827,918,0,1158,1160
1728464426883499000,514,2900,562,0,1284,937
1728464426884341000,817,2833,302,64,1364,709
1728464426885184000,1148,2596,79,231,1424,498
1728464426886026000,1472,2148,14,437,1433,313
1728464426886868000,1736,1913,0,690,1390,130
1728464426887710000,2030,1579,0,890,1262,21
1728464426888552000,2414,1269,64,1088,1090,0
1728464426889394000,2485,839,298,1244,904,0
1728464426890249000,2520,532,569,1394,716,5
1728464426891092000,2482,275,904,1520,544,118
1728464426891934000,2380,77,1241,1617,386,305
1728464426892777000,2038,13,1600,1653,215,507
1728464426893620000,1808,0,1904,1619,81,745
1728464426894462000,1517,0,2167,1504,1,951
1728464426895304000,1176,97,2551,1336,0,1136
1728464426896146000,814,308,2636,1132,0,1344
1728464426896988000,399,590,2648,949,25,1539
1728464426897830000,204,881,2644,723,165,1605
1728464426898673000,8,1227,2532,466,322,1691
1728464426899515000,0,1546,2154,326,525,1704
1728464426900357000,0,1851,1841,171,714,1642
1728464426901199000,0,2079,1532,64,880,1505
1728464426902041000,101,2636,1169,0,1033,1320
1728464426902883000,322,2867,826,0,1190,1103
1728464426903726000,594,2923,501,0,1320,873
1728464426904569000,900,2795,232,96,1393,666
1728464426905412000,1242,2515,33,288,1437,463
1728464426906255000,1544,1991,0,505,1427,312
1728464426907097000,1895,1742,0,715,1332,16
1728464426907940000,2040,1487,0,933,1216,0
1728464426908782000,2416,1090,119,1110,1038,0
1728464426909624000,2500,760,373,1292,847,0
1728464426910466000,2524,448,664,1436,664,25
1728464426911309000,2462,214,997,1550,482,164
1728464426912152000,2347,30,1351,1627,332,354
1728464426912994000,1919,5,1684,1654,161,576
1728464426913836000,1650,0,1996,1598,64,790
1728464426914678000,1344,0,2402,1479,0,1002
1728464426915520000,1023,142,2590,1280,0,1198
1728464426916362000,799,357,2671,1069,0,1387
1728464426917213000,532,660,2712,838,46,1515
1728464426918056000,66,964,2581,712,186,1641
1728464426918899000,0,1327,2496,448,386,1699
1728464426919741000,0,1623,2065,281,576,1692
1728464426920583000,0,1910,1763,146,757,1610
1728464426921425000,0,2392,1433,25,917,1468
1728464426922267000,149,2719,1073,0,1081,1264
1728464426923109000,381,2904,730,0,1231,1046
1728464426923951000,672,2912,428,18,1318,810
1728464426924794000,993,2723,174,149,1413,616
1728464426925637000,1324,2437,0,327,1440,420
1728464426926479000,1611,1978,50,561,1406,217
1728464426927321000,1890,1644,0,766,1293,178
1728464426928163000,2331,1359,0,964,1192,41
1728464426929005000,2458,1008,190,1155,993,0
1728464426929847000,2520,677,448,1326,795,0
1728464426930703000,2504,389,761,1472,616,56
1728464426931546000,2437,162,1098,1565,448,217
1728464426932388000,2301,9,1439,1637,287,423
1728464426933230000,1860,0,1761,1639,220,624
1728464426934072000,1567,0,2064,1583,85,842
1728464426934914000,1259,2,2498,1427,10,1046
1728464426935756000,935,196,2611,1226,2,1263
1728464426936598000,633,407,2661,988,0,1413
1728464426937441000,484,732,2662,783,67,1549
1728464426938284000,215,1059,2607,598,228,1648
1728464426939126000,0,1400,2456,411,437,1704
1728464426939968000,0,1706,1992,242,616,1682
1728464426940810000,0,1969,1688,122,802,1577
1728464426941652000,29,2488,1338,9,962,1418
1728464426942494000,212,2787,978,0,1130,1208
1728464426943336000,442,2912,644,0,1256,992
1728464426944181000,753,2880,358,37,1344,767
1728464426945023000,1068,2664,121,200,1418,560
1728464426945866000,1408,2328,40,377,1442,367
1728464426946708000,1673,1887,78,612,1398,197
1728464426947551000,1956,1605,0,813,1261,174
1728464426948393000,2368,1264,2,1013,1113,50
1728464426949235000,2480,915,249,1211,947,0
1728464426950077000,2521,594,522,1370,745,0
1728464426950920000,2484,323,847,1489,569,92
1728464426951763000,2401,106,1172,1593,407,264
1728464426952605000,2224,18,1528,1648,248,473
1728464426953448000,1784,4,1842,1632,171,693
1728464426954290000,1481,41,2113,1525,16,897
1728464426955131000,1173,73,2529,1381,0,1093
1728464426955973000,884,297,2624,1167,50,1288
1728464426956815000,549,440,2676,931,84,1464
1728464426957659000,296,788,2639,743,170,1584
1728464426958502000,73,1157,2559,537,279,1686
1728464426959345000,0,1478,2295,370,482,1705
1728464426960187000,0,1773,1911,199,671,1661
1728464426961029000,0,2038,1600,86,837,1542
1728464426961871000,64,2573,1256,0,999,1361
1728464426962713000,269,2829,882,0,1151,1159
1728464426963555000,546,2917,569,0,1277,921
1728464426964397000,846,2815,302,84,1360,709
1728464426965239000,1152,2575,66,239,1407,511
1728464426966081000,1565,2096,39,448,1416,305
1728464426966922000,1848,1775,13,680,1344,149
1728464426967764000,2053,1472,37,895,1216,36
1728464426968605000,2403,1168,82,1066,1080,1
1728464426969447000,2499,832,313,1255,890,0
1728464426970289000,2511,516,597,1399,698,5
1728464426971159000,2480,269,917,1529,533,128
1728464426972001000,2382,69,1260,1613,367,308
1728464426972843000,1998,0,1615,1722,205,528
1728464426973685000,1697,0,1921,1663,79,749
1728464426974527000,1379,0,2173,1561,0,960
1728464426975368000,1110,106,2553,1323,0,1156
1728464426976210000,826,315,2661,1108,0,1361
1728464426977052000,551,596,2681,884,26,1500
1728464426977894000,122,918,2610,750,158,1634
1728464426978736000,23,1259,2535,486,341,1697
1728464426979578000,0,1569,2129,306,525,1704
1728464426980420000,0,1860,1841,173,722,1628
1728464426981262000,0,2096,1518,65,887,1496
1728464426982104000,111,2660,1161,0,1038,1315
1728464426982946000,302,2870,808,0,1194,1099
1728464426983788000,597,2894,494,0,1300,870
1728464426984618000,918,2771,238,122,1386,658
1728464426985460000,1234,2505,37,298,1438,456
1728464426986302000,1495,1991,37,549,1412,261
1728464426987144000,1786,1706,39,786,1328,105
1728464426987986000,2113,1406,20,929,1200,5
1728464426988827000,2425,1072,146,1129,1028,0
1728464426989669000,2502,739,382,1296,841,0
1728464426990511000,2519,450,670,1439,653,34
1728464426991353000,2461,204,1011,1559,501,178
1728464426992195000,2339,23,1349,1637,333,366
1728464426993037000,1892,1,1699,1635,162,578
1728464426993879000,1615,2,1997,1583,68,815
1728464426994721000,1311,0,2440,1457,0,1016
1728464426995562000,975,154,2592,1255,0,1216
1728464426996404000,641,389,2640,1013,0,1399
1728464426997246000,370,654,2650,802,69,1564
1728464426998102000,148,1017,2606,622,206,1644
1728464426998944000,0,1336,2498,448,393,1704
1728464426999786000,0,1640,2047,272,583,1688
1728464427000628000,0,1923,1746,136,759,1602
1728464427001470000,0,2405,1423,29,929,1457
1728464427002312000,154,2717,1052,0,1088,1255
1728464427003154000,398,2904,722,0,1238,1037
1728464427003996000,690,2907,418,10,1336,810
1728464427004839000,1007,2723,159,149,1413,601
1728464427005681000,1323,2383,85,348,1460,413
1728464427006523000,1622,1907,94,567,1440,239
1728464427007365000,1904,1658,58,776,1336,98
1728464427008207000,2339,1333,14,984,1156,0
1728464427009048000,2456,988,199,1170,980,0
1728464427009890000,2520,654,452,1348,793,0
1728464427010732000,2506,379,769,1464,608,68
1728464427011574000,2429,153,1108,1580,448,224
1728464427012416000,2304,0,1433,1641,291,504
1728464427013258000,1839,2,1761,1645,133,695
1728464427014100000,1549,0,2061,1561,46,909
1728464427014942000,1240,34,2480,1414,0,1120
1728464427015783000,920,205,2524,1190,0,1344
1728464427016625000,609,448,2585,985,0,1504
1728464427017467000,337,738,2597,761,121,1632
1728464427018309000,114,1098,2592,581,251,1668
1728464427019151000,0,1418,2455,402,442,1704
1728464427019993000,0,1714,1972,231,629,1681
1728464427020835000,0,1984,1668,109,801,1575
1728464427021676000,21,2504,1331,8,966,1414
1728464427022518000,225,2777,949,0,1140,1195
1728464427023360000,490,2916,624,0,1264,978
1728464427024202000,781,2874,343,56,1368,746
1728464427025055000,1097,2670,85,200,1429,535
1728464427025897000,1445,2305,0,405,1426,278
1728464427026739000,1720,1893,0,631,1386,151
1728464427027581000,1944,1685,0,847,1281,25
1728464427028423000,2373,1245,64,1021,1111,0
1728464427029265000,2476,911,261,1216,931,0
1728464427030107000,2528,579,530,1374,746,1
1728464427030949000,2496,321,856,1495,562,104
1728464427031791000,2400,104,1197,1600,405,261
1728464427032633000,2200,85,1523,1656,245,467
1728464427033475000,1776,66,1856,1628,107,681
1728464427034317000,1472,49,2137,1536,20,901
1728464427035158000,1169,98,2533,1383,0,1099
1728464427036000000,866,330,2618,1177,0,1283
1728464427036842000,562,602,2659,936,13,1450
1728464427037684000,282,762,2626,706,221,1578
1728464427038539000,68,1168,2549,528,300,1681
1728464427039381000,0,1493,2241,362,485,1708
1728464427040223000,0,1774,1902,202,678,1655
1728464427041065000,0,2036,1581,87,841,1532
1728464427041907000,69,2590,1238,0,1010,1364
1728464427042748000,277,2823,879,0,1169,1144
1728464427043590000,543,2916,535,0,1293,922
1728464427044432000,864,2825,276,82,1388,692
1728464427045274000,1183,2545,53,264,1457,498
1728464427046116000,1508,2074,20,463,1451,314
1728464427046958000,1791,1776,9,677,1300,148
1728464427047800000,2030,1477,0,889,1231,37
1728464427048641000,2407,1162,96,1074,1064,4
1728464427049483000,2496,828,333,1253,885,0
1728464427050325000,2522,513,602,1411,704,10
1728464427051167000,2480,261,927,1520,529,139
1728464427052009000,2383,69,1276,1619,368,325
1728464427052851000,2054,0,1617,1656,192,534
1728464427053693000,1781,0,1929,1616,64,753
1728464427054535000,1441,0,2177,1511,0,964
1728464427055377000,1193,72,2579,1338,0,1160
1728464427056219000,881,308,2673,1103,0,1351
1728464427057061000,565,594,2684,887,10,1507
1728464427057903000,220,911,2624,676,178,1621
1728464427058745000,27,1260,2528,487,341,1696
1728464427059587000,0,1563,2125,310,532,1698
1728464427060429000,0,1856,1823,164,719,1632
1728464427061271000,0,2104,1512,64,886,1492
1728464427062113000,89,2655,1146,0,1045,1314
1728464427062954000,322,2872,802,5,1199,1094
1728464427063796000,591,2894,489,0,1305,871
1728464427064638000,930,2798,224,117,1387,666
1728464427065489000,1203,2503,74,337,1435,468
1728464427066331000,1506,1984,17,484,1397,242
1728464427067173000,1810,1698,4,685,1327,100
1728464427068015000,2278,1419,0,936,1202,30
1728464427068856000,2433,1073,149,1117,1023,2
1728464427069698000,2502,741,389,1300,836,0
1728464427070540000,2520,441,682,1439,657,33
1728464427071382000,2459,209,1014,1550,485,186
1728464427072224000,2328,21,1369,1615,324,376
1728464427073066000,1888,5,1701,1641,173,593
1728464427073908000,1613,0,2008,1581,57,807
1728464427074749000,1306,2,2477,1459,0,1013
1728464427075591000,947,138,2582,1242,0,1233
1728464427076433000,641,404,2648,1005,0,1415
1728464427077275000,378,727,2669,795,64,1554
1728464427078117000,161,1021,2603,615,213,1649
1728464427078968000,0,1351,2496,444,390,1698
1728464427079810000,0,1652,2048,272,581,1680
1728464427080652000,0,1923,1745,138,767,1603
1728464427081494000,0,2419,1425,18,922,1455
1728464427082336000,157,2751,1064,0,1090,1241
1728464427083178000,410,2895,713,0,1241,1022
1728464427084020000,687,2894,421,26,1328,805
1728464427084862000,997,2711,202,154,1424,591
1728464427085704000,1336,2383,81,349,1475,416
1728464427086546000,1639,1930,73,586,1442,225
1728464427087388000,1898,1637,66,788,1308,85
1728464427088230000,2341,1317,13,986,1157,0
1728464427089072000,2459,984,201,1171,975,2
1728464427089914000,2520,655,455,1344,792,0
1728464427090756000,2503,372,765,1480,610,65
1728464427091598000,2428,144,1108,1581,437,218
1728464427092442000,2296,0,1435,1642,288,474
1728464427093284000,1836,5,1762,1638,150,699
1728464427094126000,1546,4,2070,1563,34,878
1728464427094968000,1233,29,2479,1408,2,1102
1728464427095810000,946,238,2575,1200,2,1309
1728464427096652000,654,480,2642,979,4,1378
1728464427097494000,329,773,2657,763,106,1563
1728464427098336000,105,1100,2572,570,268,1665
1728464427099178000,0,1433,2441,394,441,1700
1728464427100020000,0,1728,1975,234,637,1675
1728464427100862000,0,1989,1653,102,812,1575
1728464427101704000,29,2516,1305,4,961,1385
1728464427102546000,209,2791,962,0,1136,1189
1728464427103388000,482,2917,608,0,1271,961
1728464427104230000,781,2869,329,52,1365,741
1728464427105072000,1116,2714,89,258,1441,506
1728464427105921000,1473,2323,0,431,1446,322
1728464427106763000,1738,1912,4,618,1423,165
1728464427107605000,1984,1546,0,850,1282,57
1728464427108447000,2373,1229,43,1041,1108,0
1728464427109289000,2481,893,272,1223,919,0
1728464427110131000,2514,576,549,1379,736,4
1728464427110973000,2496,314,854,1502,564,96
1728464427111815000,2398,78,1198,1602,448,261
1728464427112657000,2142,0,1547,1651,285,482
1728464427113499000,1764,0,1875,1620,130,713
1728464427114341000,1472,0,2149,1536,34,905
1728464427115183000,1148,10,2529,1381,37,1101
1728464427116024000,832,224,2624,1161,23,1309
1728464427116866000,525,490,2666,940,66,1468
1728464427117708000,264,847,2638,714,141,1600
1728464427118550000,67,1184,2552,522,306,1682
1728464427119865000,0,1508,2227,354,498,1700
1728464427120707000,0,1796,1889,199,687,1656
1728464427121549000,0,2042,1584,74,851,1533
1728464427122390000,85,2589,1228,0,1008,1345
1728464427123232000,284,2836,866,2,1168,1129
1728464427124074000,564,2908,545,0,1300,907
1728464427124916000,873,2823,272,84,1372,693
1728464427125758000,1296,2553,81,261,1405,493
1728464427126600000,1565,2060,26,491,1414,314
1728464427127442000,1811,1777,0,757,1344,146
1728464427128284000,2025,1481,0,898,1231,37
1728464427129125000,2416,1149,98,1075,1069,0
1728464427129967000,2497,817,337,1264,874,0
1728464427130809000,2524,501,620,1407,687,4
1728464427131651000,2477,256,941,1525,519,141
1728464427132493000,2354,55,1289,1606,362,325
1728464427132879000,1935,0,1629,1661,197,545
1728464427133721000,1674,0,1952,1612,74,757
1728464427134563000,1376,0,2197,1477,0,968
1728464427135404000,1027,102,2563,1254,0,1160
1728464427136246000,693,338,2656,1020,0,1353
1728464427137088000,448,619,2661,850,43,1508
1728464427137931000,210,934,2616,664,187,1632
1728464427138773000,25,1264,2515,487,354,1690
1728464427139615000,0,1571,2112,310,540,1698
1728464427140457000,0,1858,1809,159,729,1625
1728464427141299000,0,2151,1488,50,893,1489
1728464427142141000,120,2671,1134,0,1052,1304
1728464427142983000,348,2867,777,0,1208,1079
1728464427143825000,636,2912,469,0,1322,862
1728464427144667000,921,2799,222,101,1397,634
1728464427145509000,1252,2480,126,290,1459,463
1728464427146367000,1587,1967,88,521,1454,272
1728464427147209000,1856,1699,18,750,1332,109
1728464427148051000,2304,1399,0,935,1195,16
1728464427148892000,2433,1069,153,1125,1009,0
1728464427149734000,2508,725,398,1303,836,0
1728464427150576000,2511,437,686,1443,650,34
1728464427151418000,2455,200,1019,1552,473,244
1728464427152260000,2325,21,1359,1628,320,441
1728464427153102000,1890,2,1690,1642,170,650
1728464427153944000,1616,0,2004,1600,64,847
1728464427154786000,1298,0,2428,1436,9,1090
1728464427155628000,992,170,2540,1244,14,1290
1728464427156470000,672,403,2556,1026,0,1487
1728464427157312000,385,689,2661,815,74,1548
1728464427158154000,156,1016,2600,611,226,1650
1728464427158996000,0,1356,2496,436,402,1697
1728464427159840000,0,1644,2047,272,584,1683
1728464427160682000,0,1928,1742,128,767,1609
1728464427161524000,0,2428,1401,26,931,1430
1728464427162366000,170,2731,1041,0,1089,1235
1728464427163208000,432,2895,696,0,1242,1019
1728464427164050000,722,2907,402,5,1344,789
1728464427164892000,1020,2813,139,186,1424,542
1728464427165734000,1385,2464,0,393,1437,359
1728464427166576000,1672,1970,0,586,1383,200
1728464427167418000,1922,1639,0,789,1305,84
1728464427168260000,2347,1312,20,986,1140,0
1728464427169102000,2452,975,224,1173,960,0
1728464427169944000,2519,654,466,1344,782,1
1728464427170786000,2515,372,772,1476,608,64
1728464427171628000,2425,117,1117,1589,477,225
1728464427172470000,2290,0,1466,1637,274,432
1728464427173325000,1823,0,1786,1636,127,655
1728464427174167000,1550,0,2080,1567,32,868
1728464427175009000,1223,0,2505,1401,0,1057
1728464427175851000,911,178,2611,1189,0,1251
1728464427176693000,585,469,2669,963,0,1439
1728464427177535000,335,784,2656,752,114,1582
1728464427178377000,98,1117,2581,576,267,1664
1728464427179219000,0,1443,2444,389,451,1702
1728464427180061000,0,1730,1970,228,634,1672
1728464427180903000,0,2001,1657,101,821,1576
1728464427181745000,21,2521,1312,2,971,1399
1728464427182587000,217,2791,952,0,1116,1200
1728464427183429000,476,2916,619,0,1266,970
1728464427184271000,766,2865,329,77,1365,748
1728464427185113000,1063,2631,130,250,1397,526
1728464427185955000,1384,2251,0,370,1423,338
1728464427186811000,1708,1832,0,614,1376,187
1728464427187653000,1986,1543,1,856,1266,50
1728464427188495000,2381,1208,64,1044,1101,0
1728464427189337000,2480,880,277,1221,916,0
1728464427190179000,2513,565,543,1380,733,0
1728464427191021000,2496,296,856,1508,564,106
1728464427191864000,2395,93,1273,1600,389,277
1728464427192706000,2099,9,1636,1646,234,489
1728464427193548000,1752,2,1916,1625,107,714
1728464427194390000,1446,18,2179,1520,34,934
1728464427195232000,1122,100,2590,1352,21,1130
1728464427196074000,801,322,2668,1125,9,1315
1728464427196916000,526,558,2664,914,14,1479
1728464427197758000,265,864,2636,708,154,1601
1728464427198600000,52,1198,2552,514,308,1686
1728464427199442000,0,1519,2202,349,501,1698
1728464427200281000,0,1795,1878,192,686,1650
1728464427201123000,0,2048,1554,64,858,1486
1728464427201965000,82,2616,1218,0,1016,1337
1728464427202807000,312,2844,858,0,1182,1112
1728464427203649000,570,2936,521,0,1304,910
1728464427204491000,877,2820,245,85,1384,626
1728464427205333000,1180,2660,31,284,1447,442
1728464427206175000,1503,2135,0,509,1419,256
1728464427207017000,1793,1764,1,697,1351,141
1728464427207859000,2034,1464,0,900,1228,34
1728464427208700000,2419,1130,116,1091,1052,0
1728464427209542000,2496,791,347,1277,868,0
1728464427210384000,2516,489,629,1413,685,10
1728464427211226000,2478,231,960,1532,568,141
1728464427212068000,2362,34,1298,1623,397,329
1728464427212910000,1952,0,1643,1640,212,547
1728464427213763000,1682,1,1970,1610,82,767
1728464427214605000,1406,0,2208,1508,0,978
1728464427215447000,1080,82,2570,1312,0,1162
1728464427216289000,760,298,2655,1089,0,1351
1728464427217131000,449,632,2674,862,50,1520
1728464427217973000,210,964,2624,656,184,1633
1728464427218815000,15,1286,2523,478,372,1695
1728464427219657000,0,1589,2089,303,557,1693
1728464427220499000,0,1882,1808,155,732,1626
1728464427221341000,0,2304,1492,47,888,1486
1728464427222183000,139,2681,1117,0,1063,1273
1728464427223025000,359,2884,768,0,1205,1061
1728464427223867000,640,2912,467,0,1318,846
1728464427224709000,1023,2752,192,141,1374,624
1728464427225551000,1193,2455,10,386,1405,472
1728464427226393000,1466,1965,2,591,1394,290
1728464427227240000,1870,1696,5,741,1323,109
1728464427228082000,2303,1387,0,950,1182,5
1728464427228924000,2428,1056,170,1133,1005,0
1728464427229766000,2508,718,404,1305,821,0
1728464427230608000,2519,430,716,1442,629,34
1728464427231450000,2435,184,1042,1547,468,192
1728464427232292000,2328,17,1395,1617,309,388
1728464427233134000,1870,0,1731,1646,157,602
1728464427233976000,1600,8,2036,1572,42,827
1728464427234818000,1269,46,2502,1437,0,1030
1728464427235659000,936,221,2616,1234,0,1241
1728464427236501000,654,416,2656,1023,0,1411
1728464427237343000,383,708,2662,804,74,1549
1728464427238185000,139,1030,2598,616,231,1651
1728464427239027000,0,1358,2476,424,409,1695
1728464427239869000,0,1665,2021,264,596,1677
1728464427240724000,0,1948,1724,122,783,1596
1728464427241566000,0,2442,1385,14,938,1439
1728464427242408000,178,2744,1026,0,1106,1238
1728464427243250000,413,2912,687,0,1248,1021
1728464427244092000,704,2930,441,10,1345,805
1728464427244934000,1041,2699,77,165,1406,656
1728464427245776000,1361,2375,0,356,1461,431
1728464427246618000,1659,1904,0,590,1385,202
1728464427247460000,1927,1612,5,798,1286,75
1728464427248302000,2346,1302,21,995,1139,0
1728464427249144000,2466,971,224,1184,960,10
1728464427249986000,2519,639,484,1349,785,0
1728464427250828000,2508,364,770,1480,591,46
1728464427251670000,2423,175,1131,1584,426,216
1728464427252512000,2273,69,1472,1637,272,441
1728464427253354000,1827,65,1806,1642,133,649
1728464427254211000,1530,101,2091,1602,53,842
1728464427255053000,1210,123,2520,1435,16,1047
1728464427255895000,920,322,2598,1227,10,1253
1728464427256737000,597,489,2672,972,0,1452
1728464427257580000,320,784,2656,766,111,1580
1728464427258422000,102,1122,2579,563,272,1676
1728464427259264000,0,1450,2426,386,454,1708
1728464427260106000,0,1735,1960,226,647,1674
1728464427260948000,0,1984,1650,116,812,1550
1728464427261790000,48,2526,1311,8,984,1382
1728464427262632000,245,2799,940,0,1145,1184
1728464427263474000,503,2917,604,0,1269,945
1728464427264316000,818,2844,314,68,1282,709
1728464427265158000,1129,2595,82,207,1372,506
1728464427266000000,1565,2224,21,427,1383,341
1728464427266842000,1745,1833,1,645,1381,167
1728464427267683000,1989,1535,0,857,1257,50
1728464427268525000,2392,1210,73,1042,1098,0
1728464427269367000,2476,879,284,1228,912,0
1728464427270209000,2520,562,554,1382,734,0
1728464427271051000,2527,296,868,1507,544,101
1728464427271893000,2374,82,1213,1659,385,285
1728464427272735000,2037,10,1559,1680,220,502
1728464427273577000,1722,0,1894,1651,98,722
1728464427274419000,1381,0,2180,1567,1,941
1728464427275261000,1049,57,2573,1389,0,1167
1728464427276103000,730,298,2638,1169,0,1347
1728464427276945000,509,559,2668,911,28,1486
1728464427277787000,252,877,2631,704,146,1600
1728464427278629000,46,1216,2551,517,320,1687
1728464427279471000,0,1525,2173,337,506,1705
1728464427280313000,0,1817,1881,192,683,1641
1728464427281163000,0,2058,1571,69,858,1520
1728464427282005000,74,2624,1205,0,1015,1344
1728464427282847000,303,2846,850,0,1155,1125
1728464427283689000,545,2941,533,0,1296,914
1728464427284531000,875,2846,260,74,1380,661
1728464427285373000,1192,2529,96,254,1438,472
1728464427286215000,1515,2017,32,489,1425,293
1728464427287057000,1809,1735,0,704,1344,130
1728464427287899000,2047,1455,0,914,1216,20
1728464427288740000,2413,1115,110,1103,1050,0
1728464427289582000,2496,786,365,1272,864,0
1728464427290424000,2509,485,683,1420,677,12
1728464427291266000,2475,224,983,1535,521,224
1728464427292108000,2360,50,1290,1626,345,388
1728464427292950000,1935,0,1654,1655,194,591
1728464427293792000,1680,14,1922,1594,98,833
1728464427294649000,1418,26,2211,1480,20,1023
1728464427295491000,1058,153,2550,1291,21,1231
1728464427296333000,730,362,2658,1075,0,1378
1728464427297175000,442,655,2672,853,58,1522
1728464427298017000,199,960,2608,647,207,1627
1728464427298859000,11,1301,2508,473,362,1689
1728464427299701000,0,1597,2099,292,552,1698
1728464427300543000,0,1901,1781,153,741,1621
1728464427301385000,0,2353,1456,45,911,1469
1728464427302227000,136,2702,1115,2,1069,1289
1728464427303069000,366,2908,753,0,1221,1067
1728464427303911000,667,2838,424,0,1402,818
1728464427304754000,975,2702,170,155,1472,616
1728464427305596000,1303,2406,0,354,1464,419
1728464427306438000,1590,1959,17,545,1412,237
1728464427307280000,1870,1676,0,767,1319,109
1728464427308127000,2328,1368,0,960,1178,13
1728464427308969000,2442,1035,184,1152,1000,0
1728464427309811000,2511,696,426,1323,814,0
1728464427310653000,2511,400,721,1446,610,50
1728464427311495000,2511,169,1058,1564,457,195
1728464427312337000,2348,2,1408,1638,296,396
1728464427313179000,1932,0,1752,1654,137,604
1728464427314021000,1479,0,2020,1663,49,873
1728464427314863000,1175,0,2471,1509,0,1077
1728464427315705000,864,185,2592,1303,0,1274
1728464427316547000,636,427,2672,1017,0,1417
1728464427317389000,373,728,2659,792,86,1555
1728464427318231000,141,1060,2593,602,245,1649
1728464427319073000,0,1383,2471,427,422,1699
1728464427319915000,0,1682,2017,257,600,1682
1728464427320757000,0,1955,1705,119,788,1591
1728464427321603000,9,2471,1372,10,951,1433
1728464427322445000,192,2764,1016,0,1095,1229
1728464427323287000,418,2922,674,0,1248,1002
1728464427324129000,708,2923,370,4,1349,794
1728464427324972000,1030,2719,132,154,1408,561
1728464427325814000,1374,2356,72,373,1437,380
1728464427326656000,1671,1894,8,597,1387,204
1728464427327498000,1938,1606,0,816,1284,71
1728464427328340000,2358,1280,30,1007,1130,0
1728464427329182000,2462,948,221,1177,940,0
1728464427330024000,2513,629,498,1356,761,0
1728464427330867000,2502,345,797,1486,588,142
1728464427331709000,2420,135,1130,1580,418,285
1728464427332551000,2269,0,1495,1648,263,485
1728464427333393000,1843,27,1807,1632,122,581
1728464427334235000,1571,29,2077,1546,37,807
1728464427335085000,1233,71,2487,1385,9,1060
1728464427335927000,876,234,2611,1186,0,1282
1728464427336769000,579,498,2672,962,1,1457
1728464427337612000,309,804,2641,747,129,1589
1728464427338454000,94,1134,2570,552,283,1678
1728464427339296000,0,1449,2381,385,460,1703
1728464427340138000,0,1752,1915,221,662,1668
1728464427340980000,0,2016,1616,98,828,1541
1728464427341822000,53,2544,1287,2,992,1383
1728464427342664000,249,2826,894,0,1158,1172
1728464427343506000,530,2887,560,0,1359,914
1728464427344348000,810,2793,299,56,1438,704
1728464427345190000,1142,2568,53,242,1468,505
1728464427346032000,1450,2211,14,436,1429,321
1728464427346874000,1750,1818,4,658,1374,164
1728464427347716000,2004,1523,0,860,1248,53
1728464427348609000,2381,1216,84,1052,1089,0
1728464427349451000,2498,856,286,1242,916,1
1728464427350293000,2520,528,566,1394,702,0
1728464427351135000,2542,290,901,1511,533,121
1728464427351977000,2424,82,1227,1602,383,297
1728464427352819000,2081,4,1584,1662,216,493
1728464427353661000,1795,0,1884,1717,89,736
1728464427354503000,1317,0,2119,1593,2,963
1728464427355345000,1002,93,2536,1410,0,1174
1728464427356187000,786,297,2643,1134,1,1338
1728464427357029000,495,570,2660,907,36,1489
1728464427357871000,242,891,2639,695,162,1607
1728464427358713000,47,1223,2536,511,327,1693
1728464427359555000,0,1534,2176,344,511,1706
1728464427360397000,0,1831,1871,186,705,1637
1728464427361239000,0,2053,1543,53,873,1517
1728464427362052000,100,2631,1195,0,1019,1336
1728464427362894000,305,2880,839,0,1188,1109
1728464427363736000,565,2964,523,0,1309,914
1728464427364578000,892,2851,268,69,1378,666
1728464427365420000,1198,2558,49,265,1440,474
1728464427366262000,1533,2020,0,490,1432,279
1728464427367104000,1815,1743,0,717,1344,109
1728464427367946000,2055,1439,0,917,1209,25
1728464427368788000,2417,1121,128,1102,1037,4
1728464427369630000,2511,777,354,1276,865,0
1728464427370472000,2521,474,682,1431,675,23
1728464427371314000,2460,231,971,1537,498,215
1728464427372156000,2348,49,1317,1623,344,398
1728464427372998000,1943,1,1637,1651,196,562
1728464427373840000,1705,16,1929,1600,66,704
1728464427374682000,1396,6,2243,1473,0,926
1728464427375529000,1040,148,2560,1290,0,1167
1728464427376371000,722,365,2656,1075,0,1378
1728464427377213000,421,651,2671,851,64,1532
1728464427378056000,184,973,2624,634,197,1644
1728464427378898000,2,1324,2510,461,372,1702
1728464427379740000,0,1618,2078,288,576,1698
1728464427380582000,0,1906,1786,155,744,1603
1728464427381424000,0,2371,1465,37,910,1472
1728464427382266000,146,2708,1088,5,1075,1273
1728464427383108000,415,2939,737,0,1302,1033
1728464427383950000,670,2818,431,1,1416,824
1728464427384792000,981,2704,174,162,1458,602
1728464427385634000,1317,2436,5,335,1429,415
