timestamp_nsec,channel_0,channel_1,channel_2,channel_3,channel_4,channel_5
1728462916702059000,682,463,0,431,421,0
1728462916702900000,747,356,45,509,353,0
1728462916703741000,778,247,125,570,277,0
1728462916704583000,778,160,232,618,202,54
1728462916705425000,745,64,335,644,136,117
1728462916706267000,694,10,462,658,74,207
1728462916707108000,626,0,563,652,34,295
1728462916707949000,530,4,749,586,29,402
1728462916708790000,427,43,814,522,0,474
1728462916709631000,333,34,714,434,0,634
1728462916710473000,233,133,849,352,2,604
1728462916711315000,125,219,853,272,50,663
1728462916712157000,50,320,817,188,118,683
1728462916712999000,0,437,762,104,184,686
1728462916713841000,738,31,395,766,165,145
1728462916714683000,684,0,514,786,85,229
1728462916715525000,670,0,670,767,14,322
1728462916716366000,543,0,717,741,0,440
1728462916717207000,292,23,779,690,0,576
1728462916718048000,267,87,832,533,0,637
1728462916718890000,175,177,858,432,0,705
1728462916719732000,82,285,835,330,64,778
1728462916720574000,13,381,789,234,130,801
1728462916721415000,0,490,710,139,222,796
1728462916722257000,0,594,604,64,301,841
1728462916723098000,0,682,506,4,379,709
1728462916723939000,11,747,401,0,463,602
1728462916724780000,78,813,285,0,542,510
1728462916725622000,194,848,162,0,635,392
1728462916726464000,251,710,96,49,702,303
1728462916727306000,382,719,11,114,616,205
1728462916728148000,482,685,0,216,658,112
1728462916728990000,577,587,0,323,625,45
1728462916729831000,679,487,0,427,576,0
1728462916730672000,736,393,23,516,497,0
1728462916731514000,778,273,110,610,412,0
1728462916732355000,782,181,205,682,306,2
1728462916733197000,766,90,311,747,232,66
1728462916734040000,705,14,431,777,157,155
1728462916734881000,641,0,516,774,82,254
1728462916735723000,609,20,597,756,38,418
1728462916736564000,493,0,705,685,0,402
1728462916737406000,322,144,794,638,2,533
1728462916738247000,245,106,834,515,0,660
1728462916739089000,149,202,842,397,18,732
1728462916739931000,70,306,824,306,68,779
1728462916740773000,2,421,771,207,154,810
1728462916741615000,0,515,696,119,237,797
1728462916742383000,0,610,594,79,320,756
1728462916743225000,0,691,489,0,397,690
1728462916744066000,27,757,378,0,485,596
1728462916744907000,100,805,260,0,558,503
1728462916745749000,188,782,258,0,631,407
1728462916746591000,281,804,119,45,644,345
1728462916747433000,391,717,0,133,658,255
1728462916748275000,509,656,0,252,653,93
1728462916749116000,605,576,0,352,613,27
1728462916749957000,683,461,5,457,549,0
1728462916750799000,746,346,45,557,480,0
1728462916751641000,780,257,125,626,389,0
1728462916752482000,783,132,221,702,298,9
1728462916753324000,765,69,337,757,212,75
1728462916754166000,705,0,463,779,130,174
1728462916755008000,594,0,576,795,64,292
1728462916756088000,454,0,684,779,0,423
1728462916756930000,393,0,767,602,0,473
1728462916757771000,288,41,805,543,0,596
1728462916758612000,217,135,847,485,0,677
1728462916759454000,130,221,841,383,33,746
1728462916760296000,49,335,819,270,90,791
1728462916761138000,0,448,760,184,169,802
1728462916761980000,0,554,675,100,258,802
1728462916762821000,0,735,565,33,349,724
1728462916763662000,0,777,452,0,420,653
1728462916764503000,57,762,345,0,543,577
1728462916765345000,132,785,238,0,591,469
1728462916766187000,232,759,154,11,560,346
1728462916767029000,448,756,94,105,634,267
1728462916767871000,377,705,0,226,655,181
1728462916768713000,541,634,0,269,641,90
1728462916769271000,635,541,0,387,594,10
1728462916770112000,709,440,10,473,526,0
1728462916770954000,752,324,79,580,452,0
1728462916771795000,786,213,149,655,370,0
1728462916772637000,773,141,254,709,287,37
1728462916773479000,754,57,356,770,202,106
1728462916774321000,689,0,489,785,117,189
1728462916775162000,610,0,585,772,53,264
1728462916776003000,512,73,666,767,23,381
1728462916776845000,480,66,749,644,0,489
1728462916777686000,305,53,825,555,21,631
1728462916778528000,197,158,855,456,0,690
1728462916779370000,101,253,847,354,48,760
1728462916780212000,32,362,797,247,116,797
1728462916781054000,0,470,743,151,192,810
1728462916781895000,0,581,655,85,289,778
1728462916782747000,0,673,543,10,363,729
1728462916783588000,0,729,436,0,448,643
1728462916784430000,64,777,312,0,527,546
1728462916785271000,149,809,269,0,621,463
1728462916786113000,249,783,16,18,613,418
1728462916786955000,357,761,0,98,679,284
1728462916787797000,476,700,0,201,663,139
1728462916788639000,562,613,0,296,635,65
1728462916789480000,661,517,0,402,587,5
1728462916790321000,724,417,20,496,506,0
1728462916791163000,761,303,94,594,431,0
1728462916792005000,782,175,186,672,332,0
1728462916792847000,784,98,285,736,256,64
1728462916793689000,736,29,407,767,169,137
1728462916794531000,682,0,521,789,103,233
1728462916795372000,528,0,615,718,33,316
1728462916796214000,450,0,719,685,0,461
1728462916797056000,369,50,786,626,0,520
1728462916797898000,276,90,832,535,0,644
1728462916798740000,177,183,847,423,0,719
1728462916799582000,87,278,839,330,57,759
1728462916800424000,10,381,793,238,133,807
1728462916801266000,0,496,714,142,213,805
1728462916802108000,0,649,629,64,297,767
1728462916802950000,0,658,515,8,417,704
1728462916803791000,18,750,405,0,494,622
1728462916804633000,84,779,293,0,564,522
1728462916805474000,162,757,173,0,557,407
1728462916806316000,368,777,128,50,623,309
1728462916807158000,277,744,6,184,650,256
1728462916808000000,491,686,0,217,660,109
1728462916808841000,583,594,0,322,626,50
1728462916809695000,671,482,0,427,568,0
1728462916810536000,746,385,24,522,506,0
1728462916811378000,775,276,101,607,405,0
1728462916812220000,810,181,207,693,322,4
1728462916813062000,757,82,298,741,244,71
1728462916813904000,722,28,426,774,162,158
1728462916814746000,650,0,537,779,78,250
1728462916815587000,579,32,632,730,98,333
1728462916816429000,448,0,730,711,45,450
1728462916817270000,359,0,799,607,0,553
1728462916818111000,244,101,837,511,0,656
1728462916818953000,154,206,840,402,21,736
1728462916819795000,73,320,832,301,69,786
1728462916820637000,5,409,777,210,154,803
1728462916821479000,0,513,693,125,234,794
1728462916822321000,0,618,600,45,325,762
1728462916823162000,0,698,553,2,397,685
1728462916824004000,38,764,417,0,480,597
1728462916824845000,105,813,253,0,558,564
1728462916825687000,260,819,124,0,621,440
1728462916826529000,282,841,37,66,661,242
1728462916827371000,453,816,0,151,651,160
1728462916828213000,513,668,0,250,653,103
1728462916829054000,608,569,0,352,617,32
1728462916829895000,690,469,0,451,559,0
1728462916830736000,749,357,45,549,481,0
1728462916831578000,791,249,129,628,400,0
1728462916832420000,758,141,213,704,296,22
1728462916833262000,741,50,345,746,209,81
1728462916834104000,711,10,448,772,142,186
1728462916834946000,632,4,572,770,64,295
1728462916835787000,533,0,782,734,36,405
1728462916836631000,427,26,825,671,0,476
1728462916837473000,299,34,743,581,0,692
1728462916838314000,222,125,850,485,0,674
1728462916839156000,132,225,858,373,23,747
1728462916839998000,53,337,817,277,96,794
1728462916840840000,0,438,764,189,170,804
1728462916841682000,0,542,676,108,271,789
1728462916842523000,0,626,562,34,329,743
1728462916843364000,87,706,464,0,405,668
1728462916844205000,93,769,353,2,485,568
1728462916845046000,106,815,231,20,568,471
1728462916845888000,174,791,136,0,610,341
1728462916846730000,297,794,64,58,654,290
1728462916847572000,421,706,0,155,658,152
1728462916848413000,543,645,0,272,650,77
1728462916849254000,628,546,0,382,599,10
1728462916850116000,705,437,4,480,536,0
1728462916850958000,757,325,66,576,454,0
1728462916851800000,786,224,153,650,362,0
1728462916852642000,767,133,250,723,274,25
1728462916853484000,750,52,362,765,196,100
1728462916854326000,692,0,485,791,117,194
1728462916855167000,612,0,578,767,40,306
1728462916856008000,649,0,717,733,0,413
1728462916856850000,501,0,808,662,0,500
1728462916857691000,235,43,815,637,0,644
1728462916858533000,197,154,856,459,0,696
1728462916859375000,106,253,836,346,42,757
1728462916860217000,39,361,812,258,113,797
1728462916861059000,0,478,733,161,193,805
1728462916861901000,0,569,652,82,280,775
1728462916862743000,0,658,520,23,380,782
1728462916863583000,6,736,407,0,448,677
1728462916864425000,69,779,306,0,517,537
1728462916865266000,164,809,192,0,585,414
1728462916866108000,295,875,90,34,634,305
1728462916866950000,345,661,11,114,709,220
1728462916867792000,474,650,0,194,619,127
1728462916868633000,569,617,0,293,631,66
1728462916869474000,656,520,0,410,578,2
1728462916870315000,722,417,23,499,517,0
1728462916871157000,768,303,90,594,433,0
1728462916871998000,785,196,178,671,343,0
1728462916872840000,765,114,279,722,266,56
1728462916873682000,733,45,391,762,189,133
1728462916874524000,674,0,517,788,102,231
1728462916875365000,590,0,665,767,42,338
1728462916876207000,500,0,640,704,9,522
1728462916877056000,393,36,724,625,10,595
1728462916877897000,285,90,824,539,0,603
1728462916878739000,178,183,853,428,10,709
1728462916879581000,85,276,834,329,57,773
1728462916880423000,17,386,786,228,132,802
1728462916881265000,0,496,725,139,212,799
1728462916882107000,0,605,628,64,305,769
1728462916882949000,28,680,523,16,380,700
1728462916883790000,2,747,409,23,468,623
1728462916884632000,73,789,286,9,541,526
1728462916885474000,137,800,178,0,591,421
1728462916886316000,253,846,105,23,634,293
1728462916887158000,369,732,117,117,704,226
1728462916888000000,490,671,0,224,657,114
1728462916888841000,591,585,0,327,631,43
1728462916889682000,677,485,0,423,576,0
1728462916890528000,738,382,39,528,490,0
1728462916891370000,782,270,112,616,405,0
1728462916892212000,786,177,200,689,324,0
1728462916893054000,772,84,311,750,238,64
1728462916893896000,729,5,437,773,156,162
1728462916894738000,650,0,546,782,69,247
1728462916895580000,650,0,690,762,2,349
1728462916896422000,524,0,734,692,0,470
1728462916897263000,261,26,820,666,0,609
1728462916898105000,250,114,834,506,0,660
1728462916898947000,157,201,849,405,10,719
1728462916899789000,73,302,826,306,84,782
1728462916900631000,5,417,772,209,151,803
1728462916901473000,0,520,704,117,228,797
1728462916902314000,0,622,596,52,320,776
1728462916903155000,0,705,490,0,404,672
1728462916904006000,26,802,375,0,482,583
1728462916904848000,116,834,253,0,561,493
1728462916905690000,181,719,151,0,676,389
1728462916906532000,320,757,74,48,583,286
1728462916907374000,527,730,58,160,637,180
1728462916908216000,522,664,0,247,655,104
1728462916909057000,608,569,0,351,613,23
1728462916909898000,696,463,0,448,560,0
1728462916910739000,747,359,47,544,469,0
1728462916911581000,788,250,130,639,381,0
1728462916912423000,783,154,218,693,303,4
1728462916913265000,757,64,329,756,226,94
1728462916914107000,710,9,441,770,137,192
1728462916914948000,650,0,568,778,73,274
1728462916915789000,550,0,634,736,0,320
1728462916916631000,421,78,750,714,0,450
1728462916917477000,369,107,808,586,0,576
1728462916918319000,224,123,849,481,0,677
1728462916919161000,134,235,852,382,23,747
1728462916920003000,50,334,818,282,97,782
1728462916920845000,0,439,757,192,173,810
1728462916921687000,0,543,672,102,258,789
1728462916922528000,0,637,577,17,341,746
1728462916923370000,0,719,474,0,416,667
1728462916924212000,38,775,352,0,504,582
1728462916925054000,125,800,250,0,576,472
1728462916925896000,220,817,217,0,657,373
1728462916926738000,320,760,0,73,633,360
1728462916927580000,490,741,0,164,668,110
1728462916928421000,535,638,0,270,645,87
1728462916929262000,631,542,0,377,599,20
1728462916930103000,705,450,2,471,533,0
1728462916930949000,765,330,71,566,455,0
1728462916931790000,779,224,151,640,361,0
1728462916932631000,786,125,240,722,264,11
1728462916933473000,747,31,377,762,195,98
1728462916934315000,688,0,475,781,114,213
1728462916935156000,599,0,597,773,43,315
1728462916935998000,469,0,674,660,0,383
1728462916936840000,378,11,770,624,0,547
1728462916937682000,273,112,839,546,0,617
1728462916938523000,199,146,846,462,0,693
1728462916939365000,107,252,840,346,37,759
1728462916940207000,34,366,810,261,111,798
1728462916941049000,0,465,746,168,197,810
1728462916941891000,0,565,650,84,279,785
1728462916942733000,0,715,538,23,401,718
1728462916943575000,10,705,430,0,501,645
1728462916944430000,73,770,313,0,549,545
1728462916945271000,148,801,209,0,576,441
1728462916946113000,388,778,154,46,608,334
1728462916946955000,354,753,16,175,651,266
1728462916947797000,407,686,18,241,644,127
1728462916948639000,564,613,0,298,642,64
1728462916949480000,653,525,0,407,589,0
1728462916950321000,714,407,21,498,510,0
1728462916951163000,770,297,82,596,434,0
1728462916952005000,791,198,165,665,352,0
1728462916952847000,766,109,279,727,249,46
1728462916953689000,742,32,392,766,180,122
1728462916954531000,677,0,500,785,104,224
1728462916955372000,596,6,604,761,42,329
1728462916956213000,471,0,706,722,56,413
1728462916957055000,405,0,773,651,21,520
1728462916957907000,286,58,837,535,0,623
1728462916958749000,181,173,849,441,4,711
1728462916959591000,90,282,846,322,64,778
1728462916960433000,23,389,789,230,126,802
1728462916961275000,0,505,722,145,213,804
1728462916962116000,0,593,629,66,309,773
1728462916962958000,0,681,520,6,385,709
1728462916963799000,21,746,478,0,466,622
1728462916964641000,90,791,325,0,542,525
1728462916965483000,170,815,161,0,590,457
1728462916966325000,327,814,46,45,644,348
1728462916967167000,401,738,0,128,656,141
1728462916968008000,501,757,0,226,668,92
1728462916968849000,586,592,0,324,619,47
1728462916969690000,675,491,0,426,561,0
1728462916970531000,739,389,39,523,497,0
1728462916971373000,770,269,113,618,410,0
1728462916972215000,788,173,196,697,329,13
1728462916973057000,772,82,309,737,233,69
1728462916973899000,701,26,434,785,151,154
1728462916974741000,637,0,545,773,86,242
1728462916975582000,538,0,650,729,26,366
1728462916976424000,448,30,749,679,0,448
1728462916977266000,346,23,893,597,30,587
1728462916978108000,260,116,887,498,0,657
1728462916978950000,145,206,856,404,10,728
1728462916979792000,72,293,825,311,78,780
1728462916980634000,10,414,772,202,156,807
1728462916981476000,0,523,700,120,226,805
1728462916982317000,0,624,597,50,330,757
1728462916983158000,0,683,499,1,396,689
1728462916984000000,30,749,377,0,472,593
1728462916984849000,154,789,250,0,549,495
1728462916985691000,253,808,144,50,596,400
1728462916986533000,232,791,114,103,636,299
1728462916987375000,370,740,9,117,666,212
1728462916988217000,525,665,0,245,658,97
1728462916989058000,618,568,0,345,613,34
1728462916989899000,693,467,0,453,548,0
1728462916990740000,754,354,46,546,466,0
1728462916991582000,779,253,144,626,392,0
1728462916992424000,784,148,229,708,298,17
1728462916993266000,764,66,327,757,228,79
1728462916994108000,719,11,462,777,139,178
1728462916994950000,626,0,576,784,69,277
1728462916995792000,562,0,671,740,36,388
1728462916996633000,426,0,766,674,0,498
1728462916997475000,421,36,855,590,0,586
1728462916998332000,238,139,846,482,0,686
1728462916999174000,133,233,847,378,31,740
1728462917000016000,42,328,824,285,93,792
1728462917000858000,0,436,748,180,174,805
1728462917001700000,0,546,676,104,250,785
1728462917002541000,0,642,608,33,344,738
1728462917003382000,0,725,449,0,425,718
1728462917004224000,50,773,335,0,512,618
1728462917005065000,125,798,224,0,570,462
1728462917005907000,221,797,111,21,625,303
1728462917006749000,362,850,42,89,644,239
1728462917007591000,404,633,0,165,736,148
1728462917008432000,532,641,0,272,644,82
1728462917009273000,632,543,0,377,606,20
1728462917010114000,710,437,5,476,546,0
1728462917010955000,757,330,66,570,453,0
1728462917011796000,786,229,148,656,368,0
1728462917012638000,758,138,261,719,282,34
1728462917013480000,741,41,359,757,205,113
1728462917014322000,695,1,488,780,109,193
1728462917015164000,609,0,596,776,58,304
1728462917016005000,504,0,779,717,32,413
1728462917016846000,401,26,821,658,0,537
1728462917017688000,293,42,747,549,0,706
1728462917018530000,201,159,846,458,0,690
1728462917019372000,114,258,843,346,36,767
1728462917020214000,36,360,810,258,119,797
1728462917021056000,0,466,740,169,192,808
1728462917021898000,0,565,650,93,281,781
1728462917022739000,0,650,544,16,347,726
1728462917023580000,109,722,436,0,423,651
1728462917024421000,126,783,313,0,508,549
1728462917025267000,138,806,209,11,583,440
1728462917026109000,199,789,139,66,628,333
1728462917026951000,325,767,26,68,655,272
1728462917027793000,440,742,4,171,651,132
1728462917028634000,566,619,0,295,629,64
1728462917029475000,650,525,0,394,586,0
1728462917030316000,719,410,14,494,514,0
1728462917031158000,772,298,89,597,440,0
1728462917031999000,788,201,173,663,349,0
1728462917032841000,783,116,269,727,261,50
1728462917033683000,739,39,385,772,185,121
1728462917034525000,668,0,500,773,103,218
1728462917035366000,595,0,612,767,47,341
1728462917036207000,508,0,704,697,0,426
1728462917037048000,430,0,785,637,0,522
1728462917037890000,380,77,865,552,0,626
1728462917038788000,170,173,857,433,0,711
1728462917039630000,87,272,833,338,58,771
1728462917040472000,23,393,790,230,128,815
1728462917041314000,0,490,723,145,210,803
1728462917042155000,0,599,629,69,300,762
1728462917042997000,0,679,502,17,387,798
1728462917043839000,13,754,383,0,466,664
1728462917044681000,89,801,274,0,535,515
1728462917045522000,178,809,177,0,594,415
1728462917046363000,279,882,77,64,648,269
1728462917047205000,372,626,18,119,747,192
1728462917048047000,522,631,0,232,705,110
1728462917048888000,591,596,0,320,622,52
1728462917049729000,671,490,0,420,569,0
1728462917050570000,741,386,31,525,493,0
1728462917051412000,776,285,111,612,412,0
1728462917052217000,784,167,205,686,320,2
1728462917053059000,757,82,311,749,241,74
1728462917053901000,709,34,429,772,153,162
1728462917054743000,637,0,547,775,77,242
1728462917055584000,556,0,650,749,36,365
1728462917056425000,449,29,804,689,0,466
1728462917057267000,352,25,713,602,2,651
1728462917058109000,290,129,799,502,10,699
1728462917058951000,157,207,852,409,10,729
1728462917059793000,64,300,834,299,73,781
1728462917060635000,10,418,770,208,157,807
1728462917061477000,0,532,698,114,233,810
1728462917062318000,0,621,601,50,320,753
1728462917063160000,23,695,493,0,389,680
1728462917064002000,0,756,378,30,482,602
1728462917064843000,86,794,259,9,555,501
1728462917065697000,175,796,156,0,616,394
1728462917066539000,286,846,85,41,642,282
1728462917067381000,381,716,114,133,685,192
1728462917068223000,521,670,40,239,661,94
1728462917069064000,618,576,0,352,615,34
1728462917069905000,690,467,0,448,554,0
1728462917070747000,749,356,57,546,471,0
1728462917071588000,782,250,129,629,382,0
1728462917072430000,781,157,232,704,298,29
1728462917073272000,762,36,334,762,226,90
1728462917074114000,710,2,454,776,114,182
1728462917074955000,637,0,565,775,52,278
1728462917075797000,591,0,680,740,0,383
1728462917076638000,370,0,740,746,0,509
1728462917077479000,226,42,842,632,0,602
1728462917078321000,201,133,834,455,0,672
1728462917079166000,133,229,845,377,26,737
1728462917080008000,50,330,815,287,92,789
1728462917080850000,0,436,758,192,173,802
1728462917081692000,0,542,676,98,256,789
1728462917082533000,0,653,577,26,338,756
1728462917083374000,0,718,457,0,417,648
1728462917084215000,42,832,341,0,501,559
1728462917085056000,122,844,233,0,568,468
1728462917085898000,220,727,133,7,687,352
1728462917086740000,341,721,47,69,564,251
1728462917087582000,551,701,34,184,639,154
1728462917088424000,537,633,0,267,644,79
1728462917089265000,634,538,0,381,613,15
1728462917090106000,705,434,0,480,533,0
1728462917090947000,759,327,71,564,451,0
1728462917091789000,786,224,157,653,366,0
1728462917092646000,788,139,252,718,285,33
1728462917093488000,740,46,362,762,205,99
1728462917094330000,696,0,476,783,128,206
1728462917095171000,615,0,586,765,50,309
1728462917096013000,559,0,659,719,0,340
1728462917096854000,393,111,757,687,0,469
1728462917097695000,334,141,820,561,0,602
1728462917098537000,197,157,849,455,0,704
1728462917099379000,116,253,847,360,46,757
1728462917100221000,30,359,805,260,114,794
1728462917101063000,0,463,745,162,192,805
1728462917101905000,0,565,655,87,281,779
1728462917102746000,0,657,539,42,366,725
1728462917103587000,0,740,437,0,438,658
1728462917104429000,69,783,321,0,528,546
1728462917105271000,139,807,209,0,583,448
1728462917106122000,229,772,202,17,661,353
1728462917106964000,342,776,88,90,639,314
1728462917107806000,465,669,0,181,674,207
1728462917108647000,566,623,0,293,629,68
1728462917109488000,645,521,0,404,583,0
1728462917110329000,725,410,21,497,524,0
1728462917111171000,767,298,75,596,434,0
1728462917112013000,786,204,173,674,347,0
1728462917112854000,781,97,277,725,260,44
1728462917113696000,741,46,395,770,180,125
1728462917114538000,677,0,504,783,93,220
1728462917115379000,567,0,602,772,44,336
1728462917116220000,420,0,734,747,0,437
1728462917117061000,335,5,762,586,0,530
1728462917117903000,255,87,824,505,0,655
1728462917118745000,173,173,849,434,1,715
1728462917119586000,85,284,832,326,57,779
1728462917120428000,18,380,796,229,129,799
1728462917121270000,0,498,722,143,202,801
1728462917122111000,0,587,637,71,296,773
1728462917122953000,0,767,516,13,386,696
1728462917123794000,17,807,405,0,466,612
1728462917124635000,88,770,279,0,594,522
1728462917125477000,178,800,188,0,617,418
1728462917126319000,276,767,92,33,597,299
1728462917127161000,471,736,64,138,632,202
1728462917128003000,386,653,0,285,649,156
1728462917128844000,594,595,0,320,626,52
1728462917129685000,671,493,0,416,569,0
1728462917130526000,741,397,32,529,491,0
1728462917131367000,776,279,106,613,418,0
1728462917132208000,781,173,203,685,320,5
1728462917133060000,757,76,309,750,249,74
1728462917133902000,717,28,413,764,161,154
1728462917134744000,645,0,533,781,87,249
1728462917135585000,564,0,634,758,29,357
1728462917136426000,488,0,711,696,0,407
1728462917137268000,338,146,767,635,14,528
1728462917138109000,277,202,820,520,0,625
1728462917138951000,157,194,849,399,13,732
1728462917139793000,67,306,839,307,74,777
1728462917140635000,5,410,773,215,149,810
1728462917141477000,0,514,693,117,237,799
1728462917142318000,0,619,606,45,327,764
1728462917143160000,0,698,498,0,389,690
1728462917144001000,14,762,382,0,484,601
1728462917144842000,92,801,274,0,555,502
1728462917145684000,194,804,194,0,611,396
1728462917146537000,296,825,137,42,649,285
1728462917147379000,410,725,0,133,696,234
1728462917148221000,530,660,0,245,642,26
1728462917149063000,606,559,0,351,618,32
1728462917149904000,692,466,0,448,558,0
1728462917150745000,746,354,49,540,467,0
1728462917151586000,791,258,129,640,386,0
1728462917152428000,786,156,226,704,304,13
1728462917153270000,761,52,343,755,206,87
1728462917154112000,690,4,462,775,132,186
1728462917154954000,619,0,580,778,64,288
1728462917155795000,527,0,670,714,16,378
1728462917156637000,392,5,767,641,0,522
1728462917157479000,301,82,821,565,0,576
1728462917158321000,205,130,938,468,0,670
1728462917159163000,133,232,848,388,21,746
1728462917160010000,50,333,821,277,93,781
1728462917160852000,0,440,765,188,171,815
1728462917161694000,0,543,671,101,259,798
1728462917162536000,0,640,578,33,344,745
1728462917163377000,0,696,462,0,466,658
1728462917164219000,42,755,345,0,532,567
1728462917165061000,124,786,237,0,560,469
1728462917165903000,272,795,138,20,612,368
1728462917166745000,397,752,52,74,636,261
1728462917167587000,343,704,0,226,653,205
1728462917168429000,488,642,0,274,648,77
1728462917169270000,622,544,0,382,598,20
1728462917170111000,704,436,5,485,538,0
1728462917170953000,760,327,68,573,458,0
1728462917171795000,789,224,146,645,361,0
1728462917172637000,787,137,250,719,277,33
1728462917173487000,761,50,354,764,209,110
1728462917174329000,690,0,482,789,117,186
1728462917175170000,610,0,580,777,64,305
1728462917176012000,522,23,682,725,0,389
1728462917176853000,378,0,761,660,45,500
1728462917177694000,312,9,818,570,23,613
1728462917178536000,202,117,847,457,0,692
1728462917179378000,109,253,847,345,36,759
1728462917180220000,34,357,805,263,104,789
1728462917181062000,0,466,745,169,196,810
1728462917181904000,0,585,650,87,282,781
1728462917182745000,0,674,546,26,370,738
1728462917183586000,5,730,504,0,442,647
1728462917184428000,64,783,360,0,517,549
1728462917185269000,146,807,234,0,587,458
1728462917186111000,250,785,51,21,649,401
1728462917186960000,397,778,5,96,645,170
1728462917187802000,466,796,0,220,661,117
1728462917188644000,568,629,0,297,634,57
1728462917189485000,655,525,0,400,591,0
1728462917190326000,714,418,21,500,514,0
1728462917191167000,769,296,81,591,437,0
1728462917192009000,786,205,180,661,351,0
1728462917192851000,777,112,281,723,250,52
1728462917193693000,722,37,397,772,185,122
1728462917194535000,682,0,494,771,110,234
1728462917195376000,590,0,617,764,43,340
1728462917196218000,482,27,722,704,0,427
1728462917197059000,388,5,885,626,11,554
1728462917197901000,274,122,898,540,0,621
1728462917198743000,173,177,857,437,8,719
1728462917199585000,96,276,834,325,66,776
1728462917200434000,20,385,798,234,121,802
1728462917201276000,0,491,722,141,207,794
1728462917202117000,0,600,635,64,298,777
1728462917202958000,0,663,521,13,415,710
1728462917203800000,20,724,402,0,448,621
1728462917204641000,135,788,290,0,523,528
1728462917205483000,224,801,186,0,586,412
1728462917206325000,176,788,94,112,629,338
1728462917207167000,325,738,13,114,653,197
1728462917208009000,462,669,0,169,653,137
1728462917208850000,585,596,0,320,622,53
1728462917209691000,676,498,0,418,570,0
1728462917210532000,743,394,33,521,497,0
1728462917211374000,772,278,104,613,410,0
1728462917212216000,781,176,201,687,327,2
1728462917213058000,762,85,298,724,250,71
1728462917213913000,729,25,421,767,157,145
1728462917214754000,649,0,533,786,90,252
1728462917215595000,564,0,645,754,30,360
1728462917216436000,450,0,730,711,53,450
1728462917217278000,377,0,782,631,37,562
1728462917218120000,261,88,839,491,0,651
1728462917218962000,158,197,852,405,4,719
1728462917219804000,69,308,832,307,75,777
1728462917220645000,10,405,778,214,151,808
1728462917221487000,0,517,695,122,241,802
1728462917222328000,0,616,601,53,320,762
1728462917223170000,0,700,497,0,394,693
1728462917224011000,21,764,457,0,482,594
1728462917224853000,98,795,305,0,559,501
1728462917225695000,198,806,145,0,613,442
1728462917226537000,356,803,47,46,632,224
1728462917227379000,400,847,0,173,680,137
1728462917228221000,517,666,0,226,737,69
1728462917229063000,606,568,0,354,616,34
1728462917229904000,692,469,0,444,558,0
1728462917230746000,747,369,46,538,474,0
1728462917231587000,781,250,125,625,382,0
1728462917232429000,783,159,225,699,305,11
1728462917233271000,762,57,334,761,220,96
1728462917234113000,704,4,450,763,138,184
1728462917234955000,629,2,562,767,65,290
1728462917235796000,543,4,666,738,13,392
1728462917236638000,421,0,866,671,17,509
1728462917237479000,330,73,872,583,0,584
1728462917238321000,213,105,757,480,2,751
1728462917239163000,130,225,849,372,20,746
1728462917240005000,50,330,820,284,93,787
1728462917240856000,0,441,765,192,167,815
1728462917241698000,0,543,677,101,257,794
1728462917242539000,0,640,585,34,341,747
1728462917243380000,0,704,472,0,402,669
1728462917244222000,107,770,354,0,493,576
1728462917245063000,157,798,243,0,556,470
1728462917245905000,207,796,133,40,619,368
1728462917246747000,277,773,50,27,644,277
1728462917247589000,419,777,25,150,665,168
1728462917248431000,506,633,0,253,655,82
1728462917249272000,624,546,0,372,602,18
1728462917250113000,704,434,2,474,533,0
1728462917250955000,760,329,64,568,458,0
1728462917251796000,779,233,164,645,363,0
1728462917252638000,785,133,256,719,274,28
1728462917253480000,750,46,357,769,202,96
1728462917254337000,691,0,487,794,117,201
1728462917255178000,613,0,588,773,64,307
1728462917256020000,520,0,669,716,0,412
1728462917256861000,423,0,770,653,0,520
1728462917257702000,400,37,869,576,0,599
1728462917258544000,261,128,853,448,0,685
1728462917259386000,106,253,837,352,42,759
1728462917260228000,37,358,808,258,106,794
1728462917261070000,0,471,740,164,194,800
1728462917261912000,0,577,652,84,279,789
1728462917262753000,0,657,546,23,365,724
1728462917263594000,15,732,412,0,458,714
1728462917264436000,69,785,301,0,520,591
1728462917265277000,157,805,197,0,576,429
1728462917266119000,250,870,119,32,636,321
1728462917266961000,393,815,21,90,683,221
1728462917267799000,449,613,0,205,706,125
1728462917268641000,567,581,0,297,576,58
1728462917269482000,652,526,0,399,591,5
1728462917270323000,715,420,21,501,514,0
1728462917271165000,757,297,90,595,437,0
1728462917272007000,788,203,165,661,349,0
1728462917272849000,773,114,281,722,257,64
1728462917273691000,725,42,393,756,186,122
1728462917274533000,666,0,514,781,101,224
1728462917275374000,594,0,617,767,46,331
1728462917276216000,489,0,757,704,1,437
1728462917277057000,389,25,683,617,0,629
1728462917277898000,284,73,761,537,0,709
1728462917278740000,186,179,847,436,1,680
1728462917279582000,98,269,832,330,68,772
1728462917280424000,10,381,789,237,132,807
1728462917281431000,0,497,722,143,207,803
1728462917282273000,0,595,634,64,306,764
1728462917283114000,0,689,526,10,389,722
1728462917283955000,82,736,418,0,456,621
1728462917284796000,82,785,282,34,547,525
1728462917285638000,160,806,184,0,589,425
1728462917286480000,231,791,82,0,629,298
1728462917287322000,345,807,45,105,657,207
1728462917288164000,487,649,69,209,691,126
1728462917289006000,583,593,0,320,628,47
1728462917289847000,679,492,0,421,578,0
1728462917290688000,738,389,33,523,489,0
1728462917291530000,772,275,112,616,407,0
1728462917292371000,786,169,207,685,326,8
1728462917293212000,769,87,302,741,244,69
1728462917294054000,708,0,426,770,156,159
1728462917294750000,658,0,546,786,82,242
1728462917295591000,569,0,640,752,26,348
1728462917296432000,572,0,767,714,0,453
1728462917297274000,440,21,810,609,0,561
1728462917298115000,322,116,837,504,0,658
1728462917298956000,154,202,852,404,10,732
1728462917299798000,69,299,832,308,74,773
1728462917300640000,9,404,780,213,157,807
1728462917301482000,0,523,697,125,234,800
1728462917302323000,0,615,605,47,316,762
1728462917303165000,0,697,484,0,395,751
1728462917304007000,29,764,366,0,482,631
1728462917304849000,101,801,252,0,554,480
1728462917305691000,202,853,151,0,615,385
1728462917306533000,309,850,69,41,718,279
1728462917307375000,410,680,9,171,706,178
1728462917308221000,506,644,0,229,599,90
1728462917309062000,606,576,0,348,619,36
1728462917309903000,682,469,0,452,554,0
1728462917310745000,747,360,37,542,486,0
1728462917311587000,789,253,128,621,398,0
1728462917312429000,781,151,225,698,302,10
1728462917313271000,748,75,341,749,221,93
1728462917314113000,704,0,442,766,149,181
1728462917314955000,629,5,567,767,66,295
1728462917315797000,554,0,663,743,29,382
1728462917316638000,485,17,718,669,0,538
1728462917317479000,366,58,786,591,0,527
1728462917318320000,197,250,814,498,11,631
1728462917319162000,136,229,857,378,25,751
1728462917320004000,50,335,823,282,92,791
1728462917320846000,0,430,762,189,170,804
1728462917321703000,0,554,673,102,256,794
1728462917322545000,0,637,581,34,335,743
1728462917323387000,0,707,468,31,413,666
1728462917324229000,26,778,359,0,503,578
1728462917325071000,110,800,250,0,576,480
1728462917325912000,214,794,136,10,619,362
1728462917326754000,309,759,149,66,687,293
1728462917327596000,430,718,0,160,647,261
1728462917328438000,545,655,0,254,665,137
1728462917329279000,625,546,0,369,605,23
1728462917330120000,706,440,2,470,537,0
1728462917330962000,758,335,64,568,459,0
1728462917331803000,780,221,148,638,369,0
1728462917332645000,785,138,256,717,274,31
1728462917333487000,746,29,359,767,189,94
1728462917334329000,692,0,485,778,116,196
1728462917335171000,613,0,588,767,64,309
1728462917336012000,505,0,682,728,0,421
1728462917336853000,346,1,800,709,0,535
1728462917337694000,264,57,817,501,0,599
1728462917338536000,170,154,861,441,0,718
1728462917339378000,114,248,845,353,34,757
1728462917340220000,38,356,800,257,103,794
1728462917341062000,0,473,745,168,186,799
1728462917341903000,0,559,654,87,282,784
1728462917342744000,0,654,546,26,373,732
1728462917343585000,2,817,425,0,442,637
1728462917344427000,73,823,320,0,520,543
1728462917345268000,151,777,213,0,620,439
1728462917346110000,241,781,117,25,634,341
1728462917346952000,341,713,37,106,615,231
1728462917347794000,559,682,4,186,644,144
1728462917348650000,434,596,0,364,609,100
1728462917349491000,648,523,0,397,595,1
1728462917350332000,720,421,23,494,520,0
1728462917351174000,770,297,84,595,436,0
1728462917352016000,786,206,168,666,349,2
1728462917352858000,782,114,274,724,261,53
1728462917353700000,730,43,354,762,178,121
1728462917354542000,690,0,491,785,101,221
1728462917355383000,597,0,605,749,42,322
1728462917356225000,482,0,707,709,0,427
1728462917357066000,429,82,765,635,0,503
1728462917357907000,261,0,819,533,64,607
1728462917358749000,154,98,853,448,33,704
1728462917359591000,87,274,832,331,58,770
1728462917360433000,23,386,795,235,130,803
1728462917361275000,0,498,715,138,212,796
1728462917362127000,0,600,634,66,301,778
1728462917362968000,0,674,518,15,389,709
1728462917363809000,7,752,402,0,463,629
1728462917364650000,81,790,290,0,533,529
1728462917365491000,171,805,237,0,591,416
1728462917366333000,266,801,135,45,644,313
1728462917367175000,383,743,0,117,687,279
1728462917368017000,556,698,0,213,671,36
1728462917368858000,597,640,0,320,629,29
1728462917369699000,673,496,0,430,564,0
1728462917370540000,743,383,37,529,493,0
1728462917371381000,770,279,111,610,410,0
1728462917372223000,778,173,205,685,322,5
1728462917373065000,766,93,297,733,242,74
1728462917373907000,730,26,421,775,151,144
1728462917374749000,608,0,538,782,85,250
1728462917375604000,562,0,642,762,37,361
1728462917376445000,433,0,736,717,0,466
1728462917377286000,328,43,781,562,0,573
1728462917378128000,245,173,864,488,0,673
1728462917378970000,162,203,907,405,9,722
1728462917379812000,64,298,835,304,66,784
1728462917380654000,8,414,776,216,151,805
1728462917381496000,0,520,706,117,234,810
1728462917382337000,0,619,618,43,320,765
1728462917383178000,0,701,497,0,394,692
1728462917384019000,26,803,373,0,481,583
1728462917384860000,105,772,263,0,613,498
1728462917385702000,197,793,160,2,629,394
1728462917386544000,298,770,68,45,602,296
1728462917387386000,490,733,34,139,634,186
1728462917388228000,412,656,0,320,645,138
1728462917389066000,602,563,0,357,613,31
1728462917389907000,692,466,0,450,560,0
1728462917390748000,746,356,42,546,480,0
1728462917391590000,789,249,125,629,389,0
1728462917392432000,781,154,224,696,299,11
1728462917393274000,754,65,335,747,214,89
1728462917394116000,714,20,436,775,148,185
1728462917394958000,648,0,554,761,64,278
1728462917395800000,535,0,664,746,9,369
1728462917396641000,473,56,749,690,0,448
1728462917397483000,293,0,805,570,58,576
1728462917398324000,212,56,833,509,30,658
1728462917399166000,137,230,848,378,21,750
1728462917400008000,52,331,818,283,96,786
1728462917400850000,0,431,765,186,168,805
1728462917401692000,0,528,677,116,258,789
1728462917402543000,0,640,576,34,348,746
1728462917403384000,0,713,481,0,416,676
1728462917404226000,46,774,352,0,498,579
1728462917405068000,117,808,322,0,570,469
1728462917405910000,226,804,173,14,629,370
1728462917406752000,327,783,0,80,677,330
1728462917407594000,473,722,0,162,650,98
1728462917408436000,548,745,0,293,658,41
1728462917409278000,626,549,0,373,603,21
1728462917410119000,705,437,0,469,535,0
1728462917410961000,764,335,64,564,466,0
1728462917411803000,783,228,149,641,366,0
1728462917412645000,783,138,245,708,277,29
1728462917413487000,722,43,361,766,200,117
1728462917414329000,686,0,482,778,119,202
1728462917415170000,610,0,586,767,64,306
1728462917416016000,523,0,692,727,5,407
1728462917416858000,394,4,761,640,0,490
1728462917417699000,293,42,927,565,26,632
1728462917418541000,197,181,904,448,0,693
1728462917419383000,105,248,837,354,37,759
1728462917420225000,39,360,808,260,105,802
1728462917421067000,0,465,746,169,193,813
1728462917421908000,0,567,654,87,272,782
1728462917422749000,0,663,550,29,369,732
1728462917423590000,5,704,440,0,444,647
1728462917424432000,93,773,320,0,495,548
1728462917425273000,229,803,213,0,579,450
1728462917426115000,278,794,117,39,629,342
1728462917426957000,276,759,58,138,649,254
1728462917427799000,426,699,0,146,651,159
1728462917428641000,543,689,26,272,631,72
1728462917429493000,645,522,0,395,590,5
1728462917430334000,719,423,18,496,528,0
1728462917431176000,772,298,77,591,440,0
1728462917432017000,796,201,170,661,359,0
1728462917432859000,779,113,279,726,264,50
1728462917433701000,736,46,379,774,186,121
1728462917434543000,677,0,504,783,104,221
1728462917435384000,596,0,610,764,47,335
1728462917436225000,505,0,704,709,0,444
1728462917437066000,423,0,794,631,0,525
1728462917437907000,306,50,839,548,0,616
1728462917438749000,272,153,901,453,0,706
1728462917439591000,90,277,841,327,57,776
1728462917440433000,21,378,793,229,121,805
1728462917441275000,0,488,719,146,215,793
1728462917442116000,0,594,635,66,302,778
1728462917442966000,0,676,530,17,381,711
1728462917443807000,13,736,458,0,465,627
1728462917444649000,85,797,326,0,541,560
1728462917445490000,174,807,168,0,591,458
1728462917446332000,272,799,85,40,642,305
1728462917447174000,362,853,1,150,679,175
1728462917448016000,510,732,0,201,715,106
1728462917448858000,576,506,0,324,680,49
1728462917449699000,671,497,0,420,565,0
1728462917450540000,732,389,40,521,488,0
1728462917451381000,776,276,106,614,418,0
1728462917452223000,789,170,194,681,327,2
1728462917453065000,773,85,298,738,250,65
1728462917453907000,709,29,425,769,159,151
1728462917454749000,645,0,542,772,87,249
1728462917455590000,557,0,639,749,30,357
1728462917456435000,470,0,727,694,0,462
1728462917457276000,361,65,864,594,15,564
1728462917458118000,256,117,837,497,0,741
1728462917458960000,186,210,798,405,21,765
1728462917459802000,64,298,834,302,72,786
1728462917460644000,4,409,779,204,148,811
1728462917461485000,0,521,704,118,233,804
1728462917462326000,0,629,602,46,320,770
1728462917463167000,0,704,500,0,405,690
1728462917464008000,26,746,382,0,472,602
1728462917464849000,198,789,258,0,547,504
1728462917465691000,233,804,158,13,609,397
1728462917466533000,260,786,79,84,637,299
1728462917467374000,365,750,0,84,660,183
1728462917468216000,476,698,5,218,648,116
1728462917469057000,597,589,0,335,618,13
1728462917469916000,690,466,0,452,557,0
1728462917470757000,746,357,40,542,480,0
1728462917471599000,789,250,128,624,391,0
1728462917472441000,789,154,220,693,299,13
1728462917473283000,758,74,343,754,221,87
1728462917474125000,708,8,448,784,146,169
1728462917474966000,642,0,564,773,70,290
1728462917475807000,543,0,668,747,13,381
1728462917476648000,442,0,767,678,2,472
1728462917477490000,331,11,810,576,0,586
1728462917478332000,327,125,884,495,0,661
1728462917479174000,79,221,845,417,21,743
1728462917480016000,58,330,818,282,96,786
1728462917480858000,0,438,764,188,170,808
1728462917481700000,0,538,679,110,257,794
1728462917482541000,0,641,564,36,350,746
1728462917483388000,0,722,469,0,417,682
1728462917484230000,52,773,338,0,509,643
1728462917485071000,120,810,220,0,570,517
1728462917485913000,213,804,132,14,618,369
1728462917486755000,302,873,36,90,671,233
1728462917487597000,459,770,0,153,706,138
1728462917488439000,529,586,0,288,700,73
1728462917489280000,622,538,0,374,596,20
1728462917490121000,716,437,0,471,546,0
1728462917490963000,757,333,58,567,461,0
1728462917491805000,790,226,156,640,366,0
1728462917492647000,791,132,257,715,279,26
1728462917493489000,746,57,362,752,204,98
1728462917494331000,685,1,485,783,114,203
1728462917495172000,610,0,586,761,68,298
1728462917496014000,517,0,687,725,4,411
1728462917496858000,401,23,832,641,0,497
1728462917497700000,293,50,730,557,0,697
1728462917498541000,213,149,794,453,21,752
1728462917499383000,114,247,847,352,36,750
1728462917500225000,45,354,809,264,107,796
1728462917501067000,0,465,741,168,186,809
1728462917501909000,0,567,658,85,277,785
1728462917502751000,0,661,554,21,370,728
1728462917503592000,85,718,437,0,428,649
1728462917504434000,125,789,325,0,508,557
1728462917505275000,125,801,217,26,581,442
1728462917506117000,226,793,117,46,629,342
1728462917506959000,320,760,25,66,658,272
1728462917507801000,440,746,2,168,648,128
1728462917508643000,546,596,97,285,657,79
1728462917509484000,645,533,0,392,590,6
1728462917510339000,717,418,16,494,517,0
1728462917511181000,775,302,87,591,449,0
1728462917512022000,786,206,173,664,353,0
1728462917512864000,773,112,279,720,258,52
1728462917513706000,750,46,386,773,192,125
1728462917514548000,688,0,488,789,106,226
1728462917515389000,595,0,610,772,47,331
1728462917516230000,505,0,706,715,2,440
1728462917517071000,517,0,789,634,0,527
1728462917517912000,383,69,872,549,0,633
1728462917518754000,64,164,842,506,0,738
1728462917519596000,90,270,834,333,58,773
1728462917520438000,21,377,797,228,121,805
1728462917521280000,0,491,723,146,210,801
1728462917522121000,0,597,629,68,297,769
1728462917522963000,0,677,532,11,382,714
1728462917523808000,13,738,385,0,463,682
1728462917524650000,89,795,266,0,545,570
1728462917525492000,176,816,186,0,591,420
1728462917526334000,269,832,95,42,645,302
1728462917527176000,386,802,13,106,718,192
1728462917528018000,498,618,0,240,707,117
1728462917528860000,597,558,0,302,554,57
1728462917529701000,677,498,0,422,570,0
1728462917530542000,738,398,31,517,491,0
1728462917531384000,770,274,109,612,416,0
1728462917532226000,800,174,193,686,338,5
1728462917533068000,767,92,299,741,246,69
1728462917533910000,711,33,418,766,153,138
1728462917534752000,642,0,532,778,90,244
1728462917535593000,559,0,639,752,36,363
1728462917536435000,465,0,725,695,0,457
1728462917537282000,369,26,717,601,20,610
1728462917538124000,320,125,794,498,0,554
1728462917538966000,141,193,821,413,0,658
1728462917539808000,69,296,842,310,74,783
1728462917540650000,9,416,774,207,149,809
1728462917541492000,0,513,704,118,228,798
1728462917542333000,0,618,608,54,322,756
1728462917543174000,0,702,498,0,401,690
1728462917544016000,77,753,388,42,473,602
1728462917544857000,79,787,266,26,552,500
1728462917545698000,180,810,154,5,611,401
1728462917546540000,287,793,77,49,644,305
1728462917547382000,392,779,18,124,672,174
1728462917548224000,501,666,93,238,693,121
1728462917549065000,612,583,26,346,607,26
1728462917549906000,692,469,0,444,559,0
1728462917550753000,745,360,49,539,480,0
1728462917551594000,778,251,129,625,389,0
1728462917552436000,790,148,221,693,298,13
1728462917553278000,762,68,338,754,229,91
1728462917554120000,708,0,457,777,142,180
1728462917554961000,638,0,562,771,69,276
1728462917555803000,554,0,668,738,0,378
1728462917556644000,450,0,766,680,0,478
1728462917557486000,389,42,807,587,0,596
1728462917558328000,114,111,832,549,0,717
1728462917559170000,94,232,848,320,18,729
1728462917560012000,57,330,819,293,84,783
1728462917560854000,0,433,765,188,165,807
1728462917561696000,0,538,674,104,254,792
1728462917562537000,0,646,576,36,346,749
1728462917563378000,0,714,467,0,424,674
1728462917564229000,49,776,338,0,494,602
1728462917565070000,121,804,229,0,568,453
1728462917565912000,213,864,137,16,624,354
1728462917566754000,325,800,57,74,699,266
1728462917567596000,442,677,2,181,698,167
1728462917568438000,526,613,0,265,604,72
1728462917569280000,718,543,18,378,578,21
1728462917570121000,697,441,9,478,537,0
1728462917570962000,760,331,58,565,463,0
1728462917571804000,785,226,153,638,363,0
1728462917572646000,786,133,249,714,274,29
1728462917573488000,750,46,363,765,207,106
1728462917574330000,692,2,476,776,136,206
1728462917575172000,609,0,591,765,52,303
1728462917576014000,526,0,669,727,9,405
1728462917576855000,427,13,746,653,0,545
1728462917577708000,338,69,798,562,0,535
1728462917578550000,185,267,837,493,10,658
1728462917579392000,129,264,833,350,98,754
1728462917580234000,37,357,810,258,101,794
1728462917581076000,0,468,744,166,193,810
1728462917581918000,0,568,651,85,281,784
1728462917582759000,0,665,549,20,363,732
1728462917583601000,2,738,442,0,441,659
1728462917584443000,55,777,320,0,520,554
1728462917585284000,128,807,215,0,578,444
1728462917586126000,234,796,119,34,631,343
1728462917586968000,351,765,110,86,687,250
1728462917587810000,456,717,42,180,637,226
1728462917588651000,559,626,0,293,654,134
1728462917589492000,645,522,0,392,590,9
1728462917590333000,722,413,22,491,526,0
1728462917591173000,767,293,79,595,434,0
1728462917592014000,788,196,165,660,349,0
1728462917592856000,777,113,287,727,258,43
1728462917593698000,733,36,378,770,178,111
1728462917594540000,677,0,513,789,98,217
1728462917595381000,605,0,612,759,47,333
1728462917596222000,433,0,708,716,0,442
1728462917597063000,320,4,789,684,0,549
1728462917597904000,234,77,823,466,0,616
1728462917598746000,128,162,855,400,0,730
1728462917599588000,89,273,833,333,57,778
1728462917600430000,23,378,789,229,126,803
1728462917601272000,0,496,736,146,202,799
1728462917602113000,0,594,637,71,296,761
1728462917602955000,0,676,538,14,382,716
1728462917603797000,16,833,397,0,461,615
1728462917604649000,87,856,290,0,538,525
1728462917605491000,178,845,185,0,637,413
1728462917606333000,265,781,100,41,658,309
1728462917607175000,372,709,11,117,608,201
1728462917608017000,600,664,17,220,634,126
1728462917608859000,670,588,0,303,597,66
1728462917609700000,673,506,0,428,568,0
1728462917610541000,744,393,26,517,498,0
1728462917611383000,777,281,104,605,422,0
1728462917612224000,789,173,193,687,325,1
1728462917613066000,768,90,292,732,245,68
1728462917613908000,724,37,429,772,161,148
1728462917614750000,640,0,516,776,87,244
1728462917615591000,570,0,625,754,36,353
1728462917616433000,489,0,711,700,0,461
1728462917617274000,357,42,762,608,0,505
1728462917618128000,271,206,826,549,0,621
1728462917618970000,158,89,853,402,87,704
1728462917619812000,64,293,836,312,68,783
1728462917620654000,10,402,773,212,153,805
1728462917621496000,0,517,704,125,233,799
1728462917622337000,0,618,610,57,320,752
1728462917623179000,0,700,505,9,404,686
1728462917624020000,2,756,389,0,481,608
1728462917624861000,90,793,261,0,557,507
1728462917625703000,194,807,160,0,613,404
1728462917626545000,301,786,119,57,648,293
1728462917627387000,396,736,0,133,665,282
1728462917628229000,533,665,0,245,683,153
1728462917629070000,661,577,0,343,637,85
1728462917629911000,689,471,0,439,561,0
1728462917630753000,750,365,46,538,482,0
1728462917631594000,787,256,125,626,388,0
1728462917632436000,788,161,229,698,309,21
1728462917633278000,761,69,328,757,226,85
1728462917634120000,711,13,453,773,130,181
1728462917634961000,641,0,576,773,57,277
1728462917635803000,514,0,658,744,16,388
1728462917636644000,427,0,755,685,0,493
1728462917637485000,271,37,811,526,0,568
1728462917638327000,194,141,839,452,0,697
1728462917639169000,136,234,832,370,21,732
1728462917640011000,49,321,829,282,84,791
1728462917640853000,0,430,762,196,168,808
1728462917641695000,0,532,685,101,250,789
1728462917642537000,0,638,583,29,340,749
1728462917643378000,0,714,480,0,422,680
1728462917644220000,45,810,349,0,548,576
1728462917645069000,125,778,242,0,613,476
1728462917645911000,218,794,134,8,602,363
1728462917646753000,383,775,57,82,644,269
1728462917647595000,314,718,0,233,661,202
1728462917648437000,476,640,14,309,640,90
1728462917649278000,593,546,0,322,601,14
1728462917650119000,704,449,0,463,541,0
1728462917650961000,756,329,64,563,452,0
1728462917651803000,789,233,149,647,366,0
1728462917652645000,778,130,249,715,284,30
1728462917653487000,747,53,362,758,201,104
1728462917654329000,698,0,473,779,110,186
1728462917655170000,612,0,583,772,52,293
1728462917656012000,518,0,686,730,4,395
1728462917656853000,412,0,765,658,4,501
1728462917657695000,301,0,810,581,30,616
1728462917658543000,197,114,855,433,0,681
1728462917659385000,205,240,874,361,5,737
1728462917660227000,32,362,810,263,114,810
1728462917661069000,0,460,749,169,193,810
1728462917661911000,0,576,650,84,279,786
1728462917662752000,0,656,549,18,362,729
1728462917663594000,17,736,441,0,441,649
1728462917664436000,56,780,394,0,527,560
1728462917665278000,146,799,242,0,586,500
1728462917666120000,244,802,106,21,635,389
1728462917666962000,360,763,29,96,654,223
1728462917667804000,441,811,0,221,681,98
1728462917668646000,583,684,0,290,644,48
1728462917669488000,633,442,0,402,645,0
1728462917670329000,721,421,8,497,523,0
1728462917671171000,765,305,82,581,433,0
1728462917672018000,783,205,170,668,344,0
1728462917672860000,773,117,276,725,266,42
1728462917673702000,744,34,388,773,192,129
1728462917674544000,681,0,516,772,92,231
1728462917675385000,593,0,615,757,37,334
1728462917676226000,500,0,713,707,0,433
1728462917677067000,372,20,858,629,0,530
1728462917677908000,261,100,919,535,13,637
1728462917678750000,165,146,762,426,10,796
1728462917679592000,106,278,826,320,64,745
1728462917680434000,21,381,798,242,133,801
1728462917681276000,0,489,725,141,209,807
1728462917682117000,0,593,638,66,298,771
1728462917682958000,0,682,517,9,378,716
1728462917683799000,21,760,413,0,460,634
1728462917684640000,162,783,293,0,520,527
1728462917685491000,238,803,189,0,586,416
1728462917686333000,256,793,98,93,640,320
1728462917687175000,333,752,38,162,667,224
1728462917688017000,453,685,0,173,658,148
1728462917688859000,582,666,5,297,617,64
1728462917689700000,666,509,0,418,576,0
1728462917690541000,738,386,34,523,506,0
1728462917691383000,778,274,98,616,417,0
1728462917692224000,786,178,193,676,324,0
1728462917693066000,770,94,320,737,239,69
1728462917693908000,695,30,417,776,162,133
1728462917694750000,657,0,533,783,86,233
1728462917695591000,578,0,619,759,39,343
1728462917696432000,464,0,707,697,0,463
1728462917697273000,360,0,796,628,26,555
1728462917698114000,257,74,841,506,0,637
1728462917698967000,266,193,909,434,0,736
1728462917699809000,64,299,832,314,73,784
1728462917700651000,14,404,779,207,146,810
1728462917701493000,0,516,704,129,226,793
1728462917702334000,0,617,608,64,314,754
1728462917703176000,0,693,508,4,398,693
1728462917704017000,33,756,448,0,484,604
1728462917704858000,106,804,298,0,557,509
1728462917705700000,196,803,149,0,605,462
1728462917706542000,294,787,68,54,648,279
1728462917707384000,374,856,0,149,680,144
1728462917708225000,538,740,0,257,649,69
1728462917709067000,612,451,0,320,700,5
1728462917709908000,689,472,0,437,552,0
1728462917710750000,747,361,46,543,480,0
1728462917711591000,783,257,122,625,402,0
1728462917712438000,778,157,222,698,309,18
1728462917713280000,760,52,327,765,226,85
1728462917714122000,698,5,453,773,137,181
1728462917714964000,628,0,562,762,69,279
1728462917715805000,541,10,666,736,16,398
1728462917716647000,436,0,756,686,0,480
1728462917717488000,304,18,903,580,16,599
1728462917718330000,215,164,901,477,0,709
1728462917719172000,157,229,784,376,42,786
1728462917720014000,50,321,821,282,85,794
1728462917720856000,0,434,762,193,168,818
1728462917721698000,0,532,682,104,249,793
1728462917722540000,0,637,581,38,330,745
1728462917723381000,0,719,480,0,418,670
1728462917724223000,39,750,357,0,486,578
1728462917725064000,196,796,245,0,564,480
1728462917725926000,245,807,146,64,615,377
1728462917726768000,309,774,64,98,648,272
1728462917727610000,409,722,0,124,668,181
1728462917728452000,514,709,18,245,650,89
1728462917729293000,618,554,0,357,609,29
1728462917730134000,706,448,0,466,546,0
1728462917730976000,760,338,64,561,455,0
1728462917731818000,786,226,149,645,363,0
1728462917732660000,786,135,249,713,293,20
1728462917733502000,749,45,354,762,199,106
1728462917734344000,696,0,480,778,116,197
1728462917735186000,613,0,594,773,53,299
1728462917736028000,521,0,683,733,10,398
1728462917736869000,412,0,763,663,0,503
1728462917737711000,442,43,869,583,0,609
1728462917738553000,273,150,857,454,0,704
1728462917739389000,37,250,884,415,30,767
1728462917740231000,34,352,811,261,107,799
1728462917741073000,0,458,738,171,192,810
1728462917741915000,0,562,647,82,276,782
1728462917742756000,0,654,552,20,360,728
1728462917743597000,8,733,443,0,431,648
1728462917744439000,64,781,309,0,517,602
1728462917745280000,154,799,200,0,583,434
1728462917746122000,245,890,101,21,633,333
1728462917746964000,353,789,39,89,656,250
1728462917747806000,450,631,0,207,706,125
1728462917748647000,561,576,0,284,576,64
1728462917749489000,705,495,0,407,552,2
1728462917750330000,719,421,1,489,523,0
1728462917751172000,771,306,92,586,437,0
1728462917752014000,790,209,175,663,342,0
1728462917752864000,770,104,277,725,264,45
1728462917753706000,740,34,380,767,185,128
1728462917754548000,683,0,514,778,105,233
1728462917755389000,595,0,615,758,42,327
1728462917756230000,490,0,715,706,0,430
1728462917757071000,386,18,775,631,0,548
1728462917757912000,274,87,776,542,7,695
1728462917758754000,199,165,817,429,9,650
1728462917759596000,117,359,832,338,57,737
1728462917760438000,15,377,797,235,124,804
1728462917761280000,0,484,724,146,213,802
1728462917762121000,0,597,623,64,303,777
1728462917762962000,0,688,526,8,386,715
1728462917763803000,26,750,410,0,464,626
1728462917764644000,64,792,292,45,533,529
1728462917765486000,139,799,192,26,590,423
1728462917766347000,257,791,92,32,642,314
1728462917767189000,377,753,18,114,660,221
1728462917768031000,487,669,84,206,680,138
1728462917768872000,576,641,64,308,630,42
1728462917769713000,672,502,0,418,578,89
1728462917770554000,732,386,29,523,498,0
1728462917771396000,778,274,102,608,421,0
1728462917772238000,789,181,206,682,322,2
1728462917773080000,767,101,309,736,241,66
1728462917773922000,725,14,416,779,162,149
1728462917774763000,668,0,522,776,93,241
1728462917775604000,569,0,651,752,20,355
1728462917776445000,474,0,738,698,0,458
1728462917777286000,426,34,802,612,0,554
1728462917778127000,132,100,821,586,0,683
1728462917778969000,105,194,887,461,5,732
1728462917779810000,65,295,827,290,77,785
1728462917780652000,9,412,784,216,141,808
1728462917781494000,0,520,702,134,229,794
1728462917782335000,0,613,613,56,322,759
1728462917783177000,0,690,498,2,402,693
1728462917784018000,33,764,377,0,485,612
1728462917784860000,112,800,250,0,554,485
1728462917785702000,207,890,159,0,613,381
1728462917786543000,292,813,73,64,646,287
1728462917787385000,397,674,1,148,734,178
1728462917788227000,530,620,0,226,576,90
1728462917789069000,602,537,0,338,555,33
1728462917789910000,734,461,0,448,546,0
1728462917790752000,750,367,50,545,485,0
1728462917791594000,770,245,127,629,389,0
1728462917792435000,788,148,215,708,309,15
1728462917793286000,765,71,335,747,224,89
1728462917794128000,705,13,449,766,139,171
1728462917794970000,625,0,561,762,82,284
1728462917795811000,555,0,658,741,30,386
1728462917796653000,448,0,737,677,0,488
1728462917797494000,324,37,725,586,0,677
1728462917798335000,260,148,798,473,4,728
1728462917799177000,148,229,824,389,18,674
1728462917800019000,55,330,826,290,92,795
1728462917800861000,0,426,758,194,169,809
1728462917801703000,0,552,690,101,253,798
1728462917802545000,0,637,580,42,337,741
1728462917803386000,0,718,471,0,420,670
1728462917804228000,81,766,372,30,496,585
1728462917805070000,96,794,234,25,569,480
1728462917805912000,203,802,153,2,612,373
1728462917806761000,320,776,58,68,651,266
1728462917807603000,409,690,21,149,672,171
1728462917808445000,523,666,57,255,677,93
1728462917809286000,622,554,0,349,587,117
1728462917810127000,704,448,0,465,536,0
1728462917810969000,763,345,64,566,455,0
1728462917811810000,788,235,151,642,376,0
1728462917812652000,770,125,249,713,281,31
1728462917813494000,752,56,352,766,203,110
1728462917814336000,695,0,466,775,116,193
1728462917815178000,610,0,589,776,50,295
1728462917816020000,521,0,691,732,2,405
1728462917816861000,420,0,772,660,0,506
1728462917817702000,186,49,802,636,0,642
1728462917818544000,133,139,880,506,0,689
1728462917819386000,85,263,850,320,25,774
1728462917820232000,28,346,808,262,104,798
1728462917821074000,0,466,733,162,192,810
1728462917821916000,0,565,661,82,272,785
1728462917822757000,0,656,558,18,363,728
1728462917823598000,10,729,448,0,432,644
1728462917824440000,64,785,320,0,522,546
1728462917825281000,145,866,213,0,580,434
1728462917826123000,249,846,106,21,679,340
1728462917826965000,354,754,39,89,679,248
1728462917827807000,450,684,1,187,612,130
1728462917828649000,661,600,45,308,608,65
1728462917829490000,722,520,0,392,576,14
1728462917830331000,714,419,9,485,523,0
1728462917831173000,769,308,79,584,440,0
1728462917832015000,786,217,169,663,349,0
1728462917832857000,773,107,274,724,273,50
1728462917833712000,736,34,374,767,185,124
1728462917834554000,687,0,465,777,96,226
1728462917835395000,602,0,617,756,52,325
1728462917836237000,506,0,704,713,0,418
1728462917837078000,394,23,782,644,0,530
1728462917837920000,293,170,832,580,0,593
1728462917838762000,186,100,847,424,77,691
1728462917839604000,125,225,834,337,98,753
1728462917840446000,17,376,802,239,125,805
1728462917841288000,0,488,722,148,210,805
1728462917842129000,0,600,628,66,305,779
1728462917842970000,0,679,526,13,378,711
1728462917843811000,17,747,416,0,456,626
1728462917844653000,72,786,297,0,538,530
1728462917845495000,160,804,185,0,594,426
1728462917846337000,261,794,148,32,639,320
1728462917847181000,380,757,13,119,660,258
1728462917848023000,537,705,0,209,676,160
1728462917848864000,581,583,0,312,608,0
1728462917849705000,633,605,0,442,581,0
1728462917850546000,736,392,22,513,505,0
1728462917851388000,776,279,114,613,411,0
1728462917852230000,794,184,199,682,322,4
1728462917853071000,761,90,303,738,245,66
1728462917853913000,730,26,412,773,174,149
1728462917854754000,621,0,528,776,74,255
1728462917855595000,571,0,642,751,22,356
1728462917856437000,455,0,733,681,0,452
1728462917857279000,354,32,799,605,0,561
1728462917858121000,237,157,843,499,0,644
1728462917858963000,154,170,949,398,41,741
1728462917859805000,55,290,738,298,46,865
1728462917860654000,1,404,783,210,148,807
1728462917861496000,0,511,706,127,232,802
1728462917862337000,0,616,602,51,325,766
1728462917863179000,0,704,498,0,402,706
1728462917864020000,39,764,386,0,476,604
1728462917864861000,96,773,265,0,593,493
1728462917865703000,192,785,162,2,586,388
1728462917866545000,353,780,69,53,642,294
1728462917867387000,380,738,5,170,658,198
1728462917868229000,462,672,13,274,655,84
1728462917869070000,576,570,0,306,616,64
1728462917869911000,658,455,0,421,557,0
1728462917870752000,746,354,39,552,480,0
1728462917871593000,781,256,121,619,397,0
1728462917872434000,789,158,228,696,301,23
1728462917873276000,757,72,335,752,226,78
1728462917874142000,713,5,448,779,143,174
1728462917874984000,648,0,552,775,84,266
1728462917875826000,546,0,645,743,23,368
1728462917876667000,453,0,751,680,0,485
1728462917877509000,335,0,810,586,25,569
1728462917878350000,234,71,837,509,37,658
1728462917879192000,128,186,832,378,0,738
1728462917880034000,127,306,832,278,79,775
1728462917880876000,0,440,762,192,164,803
1728462917881718000,0,550,681,113,253,788
1728462917882559000,0,637,589,37,340,749
1728462917883400000,0,707,468,0,422,672
1728462917884241000,49,778,343,0,506,590
1728462917885082000,117,801,242,0,565,480
1728462917885924000,226,805,202,13,623,367
1728462917886766000,320,776,50,80,653,309
1728462917887604000,457,727,0,157,667,117
1728462917888446000,521,761,0,283,657,41
1728462917889287000,663,641,0,394,607,0
1728462917890128000,712,472,5,468,532,0
1728462917890970000,757,328,66,576,462,0
1728462917891811000,783,225,142,647,373,0
1728462917892653000,779,136,245,709,288,34
1728462917893495000,751,53,365,762,197,98
1728462917894337000,689,0,485,783,109,199
1728462917895179000,601,0,587,755,52,292
1728462917896021000,520,0,683,727,21,412
1728462917896862000,421,8,767,652,0,507
1728462917897703000,293,41,921,557,0,618
1728462917898545000,184,184,917,453,2,677
1728462917899387000,117,231,762,352,69,810
1728462917900229000,37,348,805,258,101,797
1728462917901076000,0,461,750,170,186,806
1728462917901917000,0,572,661,90,271,778
1728462917902759000,0,658,558,26,360,736
1728462917903600000,5,728,450,0,437,658
1728462917904442000,66,767,322,0,510,554
1728462917905283000,229,805,212,0,569,456
1728462917906125000,224,798,122,64,627,340
1728462917906967000,325,759,43,125,653,242
1728462917907809000,426,714,0,151,663,185
1728462917908651000,542,685,10,270,638,64
1728462917909492000,628,508,64,381,604,9
1728462917910333000,718,431,13,489,526,0
1728462917911175000,762,304,85,589,441,0
1728462917912017000,789,199,165,665,349,0
1728462917912859000,779,110,272,722,261,50
1728462917913701000,739,46,394,768,189,125
1728462917914550000,672,0,510,786,106,226
1728462917915391000,597,0,600,770,50,328
1728462917916233000,500,0,682,704,0,432
1728462917917074000,405,20,789,639,0,529
1728462917917915000,394,72,888,562,0,626
1728462917918757000,245,167,842,440,0,713
1728462917919599000,30,267,869,375,52,756
1728462917920441000,34,381,789,241,133,807
1728462917921283000,0,487,724,145,203,799
1728462917922125000,0,595,634,71,303,770
1728462917922967000,0,674,529,20,382,713
1728462917923808000,22,741,416,0,459,628
1728462917924650000,82,789,277,0,540,596
1728462917925491000,175,806,178,0,591,426
1728462917926333000,273,885,90,37,633,320
1728462917927175000,373,772,25,115,663,211
1728462917928025000,478,583,0,233,709,109
1728462917928867000,587,560,0,309,560,53
1728462917929708000,656,469,0,407,527,0
1728462917930549000,735,395,25,516,497,0
1728462917931390000,770,290,101,603,418,0
1728462917932232000,789,178,194,677,330,2
1728462917933074000,765,97,295,740,247,64
1728462917933916000,732,23,413,783,160,149
1728462917934758000,648,0,543,775,92,253
1728462917935600000,565,0,636,759,39,356
1728462917936441000,474,0,723,706,0,466
1728462917937282000,368,29,773,617,0,560
1728462917938123000,288,102,778,501,5,702
1728462917938965000,186,176,820,408,0,658
1728462917939807000,98,378,839,316,64,753
1728462917940649000,8,405,781,215,148,809
1728462917941502000,0,518,704,121,228,808
1728462917942343000,0,618,608,55,314,760
1728462917943184000,0,700,504,4,409,690
1728462917944026000,26,756,386,0,484,604
1728462917944867000,73,788,261,34,549,506
1728462917945709000,174,804,165,21,607,401
1728462917946551000,285,783,74,51,645,292
1728462917947393000,397,740,9,137,663,188
1728462917948235000,493,653,89,234,693,116
1728462917949076000,590,576,43,341,608,47
1728462917949917000,666,463,0,444,551,79
1728462917950759000,745,359,50,541,476,0
1728462917951601000,778,251,122,626,396,0
1728462917952443000,781,159,226,695,306,26
1728462917953285000,761,74,330,745,229,87
1728462917954127000,706,10,448,773,133,175
1728462917954975000,647,0,555,786,68,276
1728462917955817000,546,0,674,744,9,377
1728462917956658000,441,0,750,678,0,480
1728462917957500000,335,52,809,599,0,595
1728462917958342000,167,126,871,530,0,669
1728462917959184000,122,217,837,346,23,752
1728462917960026000,32,377,837,273,85,784
1728462917960868000,0,431,761,192,169,809
1728462917961710000,0,538,670,104,253,791
1728462917962551000,0,637,581,31,338,751
1728462917963393000,0,714,480,0,415,669
1728462917964235000,52,773,361,0,510,585
1728462917965077000,126,868,222,0,576,462
1728462917965919000,221,858,137,13,620,362
1728462917966760000,314,758,64,73,690,269
1728462917967602000,436,701,0,162,626,155
1728462917968448000,645,617,23,282,612,77
1728462917969290000,728,527,0,371,587,8
1728462917970131000,642,433,0,533,523,0
1728462917970973000,757,335,64,566,453,0
1728462917971815000,788,228,151,648,365,0
1728462917972657000,781,133,249,714,285,34
1728462917973499000,750,57,356,762,206,106
1728462917974341000,695,0,477,773,122,196
1728462917975182000,607,0,580,778,56,293
1728462917976024000,528,0,674,729,6,372
1728462917976866000,399,5,770,658,0,506
1728462917977707000,309,111,810,577,0,593
1728462917978549000,202,171,825,441,73,677
1728462917979391000,125,180,836,372,78,727
1728462917980233000,31,338,802,266,81,791
1728462917981075000,0,458,741,173,192,809
1728462917981929000,0,567,656,79,277,785
1728462917982771000,0,656,549,22,357,733
1728462917983612000,9,741,444,0,440,658
1728462917984454000,58,782,325,0,523,551
1728462917985295000,133,799,213,0,586,451
1728462917986137000,238,789,112,27,633,348
1728462917986979000,349,766,81,90,656,252
1728462917987821000,461,704,0,181,663,201
1728462917988663000,628,655,0,282,639,0
1728462917989504000,642,509,0,394,583,0
1728462917990345000,724,453,11,500,527,0
1728462917991187000,765,302,74,588,442,0
1728462917992028000,788,206,177,656,348,0
1728462917992870000,773,114,279,724,261,41
1728462917993712000,742,30,378,774,189,129
1728462917994554000,678,0,498,778,109,228
1728462917995399000,581,0,615,767,40,327
1728462917996241000,490,0,709,696,0,421
1728462917997082000,392,26,786,635,0,536
1728462917997923000,249,122,878,522,0,644
1728462917998765000,170,170,842,431,10,706
1728462917999607000,85,320,893,324,57,767
1728462918000449000,23,375,796,238,132,798
1728462918001291000,0,482,732,149,210,805
1728462918002133000,0,584,632,79,301,778
1728462918002975000,0,676,529,10,383,716
1728462918003816000,23,744,414,0,457,636
1728462918004658000,86,775,291,0,556,532
1728462918005499000,168,794,194,0,602,417
1728462918006341000,267,778,100,42,629,320
1728462918007183000,425,752,15,117,658,225
1728462918008025000,378,669,0,267,634,162
1728462918008866000,517,587,0,346,618,33
1728462918009707000,618,517,0,367,578,0
1728462918010549000,727,390,31,517,501,0
1728462918011391000,778,282,96,606,427,0
1728462918012232000,789,185,194,676,326,8
1728462918013074000,773,98,300,736,244,64
1728462918013916000,720,18,426,775,164,146
1728462918014758000,668,0,514,778,81,233
1728462918015599000,576,0,640,756,37,343
1728462918016440000,480,0,722,698,0,448
1728462918017281000,369,33,786,621,0,545
1728462918018122000,239,11,832,530,34,634
1728462918018964000,171,148,856,402,0,719
1728462918019806000,181,290,877,320,45,776
1728462918020648000,11,414,781,211,138,819
1728462918021489000,0,512,704,127,221,796
1728462918022351000,0,616,610,56,320,756
1728462918023192000,0,694,506,8,400,696
1728462918024034000,34,753,388,0,482,610
1728462918024875000,98,801,268,0,558,506
1728462918025717000,188,804,231,0,602,402
1728462918026559000,292,785,121,58,642,291
1728462918027401000,407,736,0,138,674,238
1728462918028243000,576,694,0,239,661,122
1728462918029084000,610,557,0,346,610,0
1728462918029925000,651,594,0,449,570,0
1728462918030766000,745,370,38,537,477,0
1728462918031608000,776,263,122,625,394,0
1728462918032450000,781,153,221,695,309,17
1728462918033292000,753,69,322,749,226,86
1728462918034134000,710,11,444,776,138,174
1728462918034975000,602,0,548,783,71,274
1728462918035817000,533,0,659,743,14,378
1728462918036658000,416,0,752,668,0,489
1728462918037500000,327,47,809,599,0,586
1728462918038342000,215,170,841,469,0,663
1728462918039183000,133,192,962,376,32,746
1728462918040025000,37,350,884,279,85,788
1728462918040867000,0,429,770,196,168,813
1728462918041709000,0,544,682,105,256,802
1728462918042550000,0,629,585,33,334,751
1728462918043392000,0,711,473,0,420,677
1728462918044234000,42,773,362,0,499,578
1728462918045075000,119,767,242,0,624,471
1728462918045917000,221,782,138,10,645,372
1728462918046759000,320,767,53,73,646,274
1728462918047601000,467,725,0,165,655,173
1728462918048443000,444,633,0,321,649,119
1728462918049290000,560,537,11,409,592,2
1728462918050131000,661,433,0,427,530,0
1728462918050973000,761,335,58,564,468,0
1728462918051815000,786,232,158,640,370,0
1728462918052656000,788,139,245,717,288,26
1728462918053498000,749,50,363,763,210,100
1728462918054340000,693,1,474,778,124,206
1728462918055182000,604,0,581,769,53,287
1728462918056024000,533,0,682,736,4,392
1728462918056866000,420,11,764,658,0,510
1728462918057707000,296,47,832,576,0,613
1728462918058549000,229,90,834,470,30,674
1728462918059391000,189,224,855,354,0,743
1728462918060233000,92,341,795,276,79,797
1728462918061075000,0,453,746,167,192,804
1728462918061917000,0,570,648,84,279,786
1728462918062766000,0,661,556,18,354,741
1728462918063607000,5,727,442,0,433,647
1728462918064448000,71,789,322,0,532,554
1728462918065289000,133,801,274,0,580,454
1728462918066131000,241,789,98,23,628,407
1728462918066973000,349,764,21,89,661,292
1728462918067815000,457,757,0,178,658,120
1728462918068657000,583,701,0,303,646,41
1728462918069498000,654,565,0,375,674,0
1728462918070339000,698,324,1,494,570,0
1728462918071181000,765,302,74,594,440,0
1728462918072022000,787,205,170,654,348,0
1728462918072864000,777,117,274,727,269,42
1728462918073706000,740,36,381,771,184,121
1728462918074548000,682,0,501,781,116,224
1728462918075389000,586,0,613,749,38,338
1728462918076239000,504,0,707,715,0,428
1728462918077081000,386,18,786,635,0,526
1728462918077922000,261,78,901,533,0,633
1728462918078764000,169,178,897,421,0,797
1728462918079606000,136,298,786,323,79,818
1728462918080448000,21,469,789,241,126,785
1728462918081290000,0,484,732,149,205,805
1728462918082131000,0,585,632,73,301,777
1728462918082973000,0,678,510,5,382,715
1728462918083814000,20,749,413,0,455,637
1728462918084656000,89,791,297,0,546,532
1728462918085498000,228,802,192,0,596,426
1728462918086340000,246,786,98,93,634,321
1728462918087182000,364,750,21,101,653,224
1728462918088024000,466,700,0,197,650,126
1728462918088866000,565,601,0,293,633,51
1728462918089742000,641,472,81,409,602,9
1728462918090584000,743,388,29,516,510,0
1728462918091425000,773,281,113,605,410,0
1728462918092267000,789,181,198,678,324,0
1728462918093109000,767,94,309,740,250,66
1728462918093951000,727,20,416,778,163,153
1728462918094793000,653,0,537,781,90,245
1728462918095634000,581,0,637,751,37,354
1728462918096476000,477,0,730,698,0,450
1728462918097317000,365,25,807,627,0,549
1728462918098159000,329,77,872,520,0,650
1728462918099001000,39,184,837,488,2,765
1728462918099843000,16,306,832,250,57,770
1728462918100685000,18,402,779,215,157,799
1728462918101527000,0,511,707,125,226,802
1728462918102368000,0,605,605,66,320,760
1728462918103187000,0,693,496,0,404,691
1728462918104029000,36,762,388,0,480,607
1728462918104870000,106,802,256,0,548,548
1728462918105711000,203,810,157,0,612,372
1728462918106553000,297,862,74,58,658,285
1728462918107395000,404,725,0,141,704,188
1728462918108237000,525,604,0,253,693,98
1728462918109079000,602,551,0,325,564,26
1728462918109921000,804,463,18,451,518,0
1728462918110763000,741,357,40,540,486,0
1728462918111604000,788,265,114,622,407,0
1728462918112446000,786,162,224,692,305,21
1728462918113288000,761,74,325,745,229,75
1728462918114130000,704,5,449,784,146,173
1728462918114972000,628,0,557,767,81,276
1728462918115814000,549,0,656,733,16,378
1728462918116659000,448,0,730,664,0,485
1728462918117500000,338,50,805,596,0,581
1728462918118342000,290,149,791,496,0,700
1728462918119184000,114,325,833,415,37,700
1728462918120026000,66,383,806,266,182,779
1728462918120868000,0,426,759,194,158,800
1728462918121710000,0,542,682,107,258,784
1728462918122551000,0,639,589,37,338,752
1728462918123392000,0,709,471,1,413,674
1728462918124234000,49,772,346,0,506,580
1728462918125075000,105,802,245,23,562,489
1728462918125917000,197,807,145,39,607,373
1728462918126759000,305,776,64,66,653,274
1728462918127601000,423,717,21,161,665,167
1728462918128443000,530,650,64,260,680,96
1728462918129284000,628,569,34,352,591,84
1728462918130143000,708,436,0,456,520,69
1728462918130985000,754,346,65,565,462,0
1728462918131827000,778,225,151,646,377,0
1728462918132669000,788,136,239,708,296,36
1728462918133511000,749,58,357,760,197,101
1728462918134353000,701,2,474,779,122,192
1728462918135194000,619,0,585,777,45,293
1728462918136036000,517,0,690,736,2,404
1728462918136877000,424,7,767,668,0,520
1728462918137718000,314,64,818,568,0,612
1728462918138559000,84,145,833,537,0,732
1728462918139401000,58,233,872,402,27,726
1728462918140243000,0,384,845,247,94,814
1728462918141085000,0,459,743,165,188,808
1728462918141927000,0,568,655,82,267,789
1728462918142768000,0,655,553,26,353,728
1728462918143611000,0,734,455,0,434,645
1728462918144453000,55,778,335,0,521,559
1728462918145294000,146,801,199,0,587,436
1728462918146136000,242,860,116,20,626,335
1728462918146978000,350,753,42,98,689,245
1728462918147820000,456,692,0,186,680,148
1728462918148662000,593,592,0,288,590,64
1728462918149503000,770,513,18,411,557,0
1728462918150344000,805,401,26,489,506,0
1728462918151186000,765,302,93,591,435,0
1728462918152028000,784,207,170,662,352,0
1728462918152870000,775,106,277,736,269,47
1728462918153712000,744,34,379,764,194,130
1728462918154554000,679,0,506,789,98,216
1728462918155395000,597,0,609,756,47,320
1728462918156236000,487,0,698,711,0,429
1728462918157081000,402,14,777,641,0,533
1728462918157922000,287,97,832,538,0,623
1728462918158764000,196,260,840,461,11,677
1728462918159606000,78,185,826,330,130,746
1728462918160448000,39,313,790,234,50,796
1728462918161290000,0,484,721,146,210,809
1728462918162131000,0,591,624,69,302,776
1728462918162973000,0,684,528,7,378,719
1728462918163814000,26,747,418,0,466,629
1728462918164656000,77,789,298,0,533,535
1728462918165498000,158,802,184,0,596,425
1728462918166340000,258,798,92,29,641,325
1728462918167182000,369,749,90,114,650,206
1728462918168024000,485,698,0,216,665,178
1728462918168866000,576,587,0,308,656,125
1728462918169707000,724,521,0,414,573,0
1728462918170592000,744,381,0,518,506,0
1728462918171434000,775,277,101,599,414,0
1728462918172275000,791,186,208,679,327,0
1728462918173117000,767,92,303,744,245,69
1728462918173959000,728,21,409,773,177,151
1728462918174801000,658,0,538,776,86,250
1728462918175643000,525,0,638,761,22,353
1728462918176484000,450,0,736,704,0,455
1728462918177325000,356,15,811,618,0,558
1728462918178166000,231,82,834,495,0,656
1728462918179008000,141,250,869,383,10,715
1728462918179850000,58,296,924,297,100,789
1728462918180692000,5,400,721,215,141,858
1728462918181534000,0,509,704,130,234,800
1728462918182376000,0,620,610,49,322,769
1728462918183217000,0,694,503,0,395,706
1728462918184033000,37,762,385,0,476,611
1728462918184874000,104,797,276,0,560,505
1728462918185716000,186,783,169,1,653,394
1728462918186558000,296,762,69,65,637,293
1728462918187400000,477,731,10,133,653,202
1728462918188242000,562,665,0,306,645,114
1728462918189083000,501,578,2,402,601,77
1728462918189924000,608,463,8,482,552,0
1728462918190766000,743,356,41,527,480,0
1728462918191607000,779,253,122,623,392,0
1728462918192449000,791,161,222,697,306,14
1728462918193291000,757,69,329,751,226,85
1728462918194133000,712,18,448,781,149,178
1728462918194975000,642,0,552,778,81,276
1728462918195816000,562,0,656,736,25,375
1728462918196657000,450,0,741,688,0,476
1728462918197519000,346,57,798,593,0,570
1728462918198361000,224,18,845,490,49,645
1728462918199203000,158,170,838,379,0,728
1728462918200045000,170,292,853,292,56,787
1728462918200887000,10,431,762,192,170,802
1728462918201728000,0,534,687,116,250,792
1728462918202569000,0,635,583,42,341,753
1728462918203410000,0,716,477,0,422,677
1728462918204252000,50,770,354,0,497,588
1728462918205093000,124,804,241,0,561,482
1728462918205935000,213,811,218,9,619,378
1728462918206777000,305,776,98,75,649,306
1728462918207619000,434,724,0,164,672,178
1728462918208461000,557,642,0,255,636,21
1728462918209302000,634,665,0,400,618,0
1728462918210143000,738,532,0,468,532,0
1728462918210983000,759,337,64,565,466,0
1728462918211825000,789,233,138,644,383,0
1728462918212667000,784,136,245,709,287,33
1728462918213509000,754,64,354,752,203,101
1728462918214351000,687,0,485,783,125,193
1728462918215192000,608,1,582,778,64,309
1728462918216034000,513,0,677,719,5,407
1728462918216875000,418,13,765,655,0,508
1728462918217717000,320,71,821,569,0,602
1728462918218559000,210,162,843,460,0,670
1728462918219400000,105,273,930,366,57,763
1728462918220242000,37,327,736,258,117,875
1728462918221084000,0,462,749,164,181,815
1728462918221926000,0,564,663,89,270,783
1728462918222767000,0,650,564,32,360,738
1728462918223608000,0,726,453,0,437,660
1728462918224456000,69,785,325,0,519,561
1728462918225298000,148,788,210,0,562,453
1728462918226140000,348,799,121,23,612,350
1728462918226982000,385,757,46,125,653,245
1728462918227824000,440,697,0,202,660,145
1728462918228666000,526,634,0,244,628,90
1728462918229508000,623,578,12,373,584,13
1728462918230349000,704,442,20,476,514,0
1728462918231191000,757,308,78,587,448,0
1728462918232033000,789,202,165,663,354,0
1728462918232875000,786,117,270,724,269,43
1728462918233717000,744,39,386,773,181,121
1728462918234559000,668,0,509,779,105,221
1728462918235400000,600,0,594,763,50,320
1728462918236242000,504,0,692,718,5,434
1728462918237083000,397,17,781,629,0,535
1728462918237936000,287,81,832,543,0,621
1728462918238777000,279,149,902,456,0,686
1728462918239619000,138,244,812,415,39,786
1728462918240461000,0,363,824,279,122,794
1728462918241303000,0,490,725,149,203,805
1728462918242144000,0,589,632,69,295,769
1728462918242986000,0,672,530,20,383,714
1728462918243827000,18,739,412,0,457,628
1728462918244668000,84,793,290,0,539,535
1728462918245510000,168,808,180,0,591,497
1728462918246352000,276,796,82,38,633,304
1728462918247194000,370,804,29,121,661,221
1728462918248036000,482,697,0,210,683,118
1728462918248878000,565,530,0,329,682,33
1728462918249719000,682,450,0,427,604,0
1728462918250560000,739,354,42,506,448,0
1728462918251403000,773,277,100,610,422,0
1728462918252245000,788,186,192,682,334,10
1728462918253087000,784,92,294,736,254,65
1728462918253929000,725,21,416,777,151,142
1728462918254771000,657,0,537,788,90,249
1728462918255612000,553,0,649,747,36,349
1728462918256453000,474,0,724,707,0,456
1728462918257295000,373,42,789,617,0,565
1728462918258136000,258,104,835,509,0,671
1728462918258978000,226,221,818,412,14,631
1728462918259820000,90,399,813,343,82,746
1728462918260662000,14,289,768,192,218,781
1728462918261504000,0,517,704,122,224,805
1728462918262345000,0,623,608,53,320,762
1728462918263187000,0,700,501,2,401,689
1728462918264028000,33,757,391,0,489,612
1728462918264877000,101,789,265,0,557,507
1728462918265719000,170,808,170,28,602,405
1728462918266561000,277,785,82,47,639,290
1728462918267403000,389,738,10,134,663,201
1728462918268245000,503,662,38,234,661,109
1728462918269087000,586,601,66,334,658,52
1728462918269928000,682,500,43,437,538,34
1728462918270770000,738,357,0,552,480,52
1728462918271612000,777,256,133,624,393,0
1728462918272454000,782,152,224,698,310,14
1728462918273296000,762,76,324,752,230,96
1728462918274138000,711,6,448,773,139,170
1728462918274980000,642,0,560,778,66,270
1728462918275821000,549,0,663,752,5,378
1728462918276662000,448,0,746,676,0,477
1728462918277503000,346,32,821,604,0,576
1728462918278358000,258,107,847,490,0,677
1728462918279200000,46,205,853,436,11,800
1728462918280042000,10,325,801,239,98,784
1728462918280884000,0,433,759,183,170,808
1728462918281726000,0,541,679,103,251,794
1728462918282568000,0,634,586,34,334,747
1728462918283409000,0,716,464,0,414,672
1728462918284251000,36,772,354,0,498,576
1728462918285092000,125,803,245,0,576,473
1728462918285933000,218,801,129,11,621,360
1728462918286775000,320,845,50,79,660,261
1728462918287617000,426,704,0,166,704,162
1728462918288459000,535,604,0,272,679,69
1728462918289300000,616,528,0,361,549,23
1728462918290141000,820,417,36,480,504,0
1728462918290983000,804,341,64,561,463,0
1728462918291826000,785,228,149,642,368,0
1728462918292668000,786,136,247,711,281,21
1728462918293510000,752,64,355,759,209,106
1728462918294352000,696,0,470,786,125,203
1728462918295193000,621,0,586,772,53,295
1728462918296035000,532,0,683,730,18,405
1728462918296876000,407,9,765,646,0,500
1728462918297717000,302,69,811,570,0,601
1728462918298559000,218,144,801,463,13,746
1728462918299401000,130,237,810,360,32,698
1728462918300243000,71,424,794,281,110,776
1728462918301085000,0,457,746,169,204,800
1728462918301927000,0,561,661,90,269,789
1728462918302768000,0,656,565,37,360,737
1728462918303609000,4,722,444,0,442,653
1728462918304451000,66,788,329,0,523,564
1728462918305298000,192,802,218,0,570,459
1728462918306140000,224,797,122,64,619,341
1728462918306982000,331,765,49,89,664,250
1728462918307824000,448,710,0,183,666,149
1728462918308666000,554,620,89,271,648,69
1728462918309507000,645,554,92,388,617,17
1728462918310348000,709,466,85,490,517,0
1728462918311190000,762,303,85,591,448,0
1728462918312032000,793,203,165,663,362,0
1728462918312874000,776,111,277,719,261,49
1728462918313717000,736,42,388,766,186,120
1728462918314559000,670,0,504,783,106,225
1728462918315401000,601,0,601,762,42,327
1728462918316243000,498,0,704,716,0,427
1728462918317084000,405,26,782,629,0,538
1728462918317925000,282,94,834,548,0,631
1728462918318772000,107,170,889,485,0,698
1728462918319614000,66,265,820,306,52,788
1728462918320456000,30,417,811,220,122,793
1728462918321298000,0,482,724,146,195,798
1728462918322140000,0,587,636,71,301,766
1728462918322981000,0,672,543,18,377,714
1728462918323823000,17,738,421,0,458,634
1728462918324664000,84,791,296,0,541,542
1728462918325506000,168,900,185,0,591,415
1728462918326348000,265,843,98,41,686,320
1728462918327190000,381,730,21,119,690,221
1728462918328032000,480,683,0,205,649,125
1728462918328873000,700,594,31,330,596,50
1728462918329714000,775,490,21,426,549,0
1728462918330555000,626,389,13,594,497,16
1728462918331397000,765,282,101,605,420,0
1728462918332249000,791,177,192,681,338,1
1728462918333091000,775,96,297,736,242,66
1728462918333933000,724,27,413,779,166,142
1728462918334775000,654,0,533,782,92,242
1728462918335617000,576,0,616,756,42,353
1728462918336458000,482,0,714,696,0,462
1728462918337300000,372,29,794,618,0,542
1728462918338141000,267,106,841,525,0,651
1728462918338983000,158,229,849,401,88,706
1728462918339825000,79,217,819,325,113,769
1728462918340667000,4,373,779,210,75,794
1728462918341509000,0,521,709,129,221,806
1728462918342350000,0,613,613,55,314,752
1728462918343192000,0,690,508,5,409,697
1728462918344033000,30,749,389,0,476,610
1728462918344874000,100,797,266,0,553,509
1728462918345729000,181,805,173,0,602,400
1728462918346571000,285,801,149,56,650,298
1728462918347413000,394,732,58,142,661,193
1728462918348255000,516,658,0,237,666,137
1728462918349096000,629,597,0,327,628,85
1728462918349937000,737,485,0,439,535,0
1728462918350779000,724,480,26,562,485,0
1728462918351621000,778,262,126,626,396,0
1728462918352462000,777,157,224,697,306,20
1728462918353304000,764,77,322,749,232,81
1728462918354146000,711,11,442,776,141,178
1728462918354988000,639,0,562,788,74,267
1728462918355829000,548,0,653,747,10,388
1728462918356670000,420,0,757,677,0,485
1728462918357511000,325,50,811,602,0,590
1728462918358352000,226,111,842,475,0,663
1728462918359195000,119,250,864,354,21,762
1728462918360037000,29,320,808,274,92,786
1728462918360879000,0,440,834,175,201,805
1728462918361721000,0,533,684,110,250,796
1728462918362562000,0,634,576,32,338,746
1728462918363403000,0,718,480,0,423,683
1728462918364244000,52,771,360,0,496,584
1728462918365085000,130,805,249,0,569,482
1728462918365927000,213,852,141,17,617,366
1728462918366769000,320,757,50,74,695,267
1728462918367611000,430,709,0,156,642,170
1728462918368453000,589,639,0,264,641,81
1728462918369294000,736,537,34,376,577,8
1728462918370135000,789,441,16,455,514,0
1728462918370977000,668,338,64,627,458,16
1728462918371818000,788,234,138,649,378,0
1728462918372665000,783,136,253,709,282,34
1728462918373507000,750,58,356,756,210,98
1728462918374349000,696,0,471,778,125,193
1728462918375190000,624,0,581,775,64,296
1728462918376031000,520,0,649,729,5,405
1728462918376872000,413,0,751,658,0,509
1728462918377713000,321,68,817,565,0,602
1728462918378555000,218,150,842,468,0,650
1728462918379397000,157,329,832,381,50,730
1728462918380239000,17,274,803,274,169,801
1728462918381081000,0,423,749,164,206,802
1728462918381922000,0,568,661,94,276,785
1728462918382764000,0,661,561,26,357,729
1728462918383605000,0,725,455,0,434,655
1728462918384447000,66,782,325,0,530,565
1728462918385288000,145,815,208,0,586,466
1728462918386147000,228,794,117,5,628,348
1728462918386989000,331,770,45,89,656,247
1728462918387831000,453,704,56,181,667,151
1728462918388673000,558,654,42,286,643,72
1728462918389514000,651,512,0,386,599,96
1728462918390355000,717,420,0,484,533,57
1728462918391197000,765,303,81,588,442,0
1728462918392039000,778,200,170,661,352,0
1728462918392881000,779,117,272,728,269,49
1728462918393723000,741,43,390,770,181,121
1728462918394565000,674,0,501,781,109,214
1728462918395406000,587,0,608,762,48,338
1728462918396247000,505,0,706,721,0,426
1728462918397088000,394,5,778,639,0,537
1728462918397929000,267,69,832,546,0,634
1728462918398770000,122,158,873,466,0,693
1728462918399624000,42,273,832,305,47,777
1728462918400466000,0,402,808,224,117,799
1728462918401308000,0,482,733,149,210,805
1728462918402150000,0,583,634,66,301,773
1728462918402991000,0,676,533,17,369,711
1728462918403832000,13,743,425,0,457,626
1728462918404673000,79,785,313,0,537,538
1728462918405515000,166,850,181,0,597,425
1728462918406357000,266,847,86,31,641,311
1728462918407199000,381,730,21,116,695,204
1728462918408041000,480,682,0,207,649,123
1728462918408882000,701,580,17,322,601,50
1728462918409723000,757,493,0,417,568,0
1728462918410564000,706,386,0,589,493,26
1728462918411406000,773,292,100,608,418,0
1728462918412248000,794,185,192,682,340,0
1728462918413091000,766,94,298,739,248,64
1728462918413933000,729,29,405,778,170,149
1728462918414775000,661,0,533,778,85,248
1728462918415616000,576,0,617,756,30,352
1728462918416457000,469,0,711,697,0,452
1728462918417298000,373,25,783,628,0,537
1728462918418139000,277,101,834,527,0,649
1728462918418981000,167,293,832,442,30,693
1728462918419823000,55,196,826,299,134,760
1728462918420665000,28,348,777,210,73,797
1728462918421507000,0,512,705,133,228,805
1728462918422348000,0,609,608,53,320,761
1728462918423190000,0,692,508,0,405,698
1728462918424032000,36,762,392,0,474,608
1728462918424873000,101,799,277,0,554,504
1728462918425715000,172,805,179,0,606,405
1728462918426565000,284,786,74,52,648,301
1728462918427407000,397,736,64,136,660,195
1728462918428249000,518,671,2,232,655,143
1728462918429090000,585,569,0,330,629,102
1728462918429931000,682,482,0,442,580,50
1728462918430772000,786,369,0,532,474,0
1728462918431613000,782,251,128,626,404,0
1728462918432454000,784,160,225,693,304,21
1728462918433296000,765,72,322,746,224,74
1728462918434138000,700,11,445,778,145,172
1728462918434980000,636,0,551,783,74,270
1728462918435821000,554,0,661,746,17,383
1728462918436662000,453,0,756,680,0,487
1728462918437504000,305,50,816,599,0,581
1728462918438345000,225,129,846,498,0,670
1728462918439187000,105,213,844,350,23,761
1728462918440037000,36,348,813,265,77,767
1728462918440879000,0,434,852,171,201,815
1728462918441721000,0,538,689,109,241,792
1728462918442562000,0,637,591,41,333,744
1728462918443403000,0,711,482,0,417,681
1728462918444245000,50,769,357,0,505,593
1728462918445086000,122,802,242,0,568,488
1728462918445928000,215,853,138,14,611,357
1728462918446770000,320,766,64,74,688,269
1728462918447612000,420,709,0,161,651,170
1728462918448453000,579,647,0,260,643,93
1728462918449294000,725,528,18,369,590,17
1728462918450135000,765,437,0,486,521,0
1728462918450977000,660,340,81,616,450,31
1728462918451819000,783,229,146,640,378,0
1728462918452661000,786,133,250,715,285,32
1728462918453507000,752,54,348,758,210,105
1728462918454349000,702,0,469,784,117,189
1728462918455190000,622,0,589,774,68,291
1728462918456031000,522,0,670,733,10,402
1728462918456872000,431,0,750,670,0,501
1728462918457713000,310,67,810,560,0,605
1728462918458555000,202,151,837,463,0,678
1728462918459397000,149,325,832,379,29,709
1728462918460238000,16,265,805,261,174,777
1728462918461080000,0,407,749,189,218,802
1728462918461921000,0,568,656,90,278,786
1728462918462763000,0,660,559,21,357,739
1728462918463604000,2,727,454,0,431,653
1728462918464446000,64,788,325,0,522,553
1728462918465287000,139,812,218,0,586,457
1728462918466129000,226,794,117,18,634,349
1728462918466974000,336,752,40,83,653,249
1728462918467816000,455,709,64,178,657,149
1728462918468658000,546,634,41,288,641,68
1728462918469499000,637,517,0,395,591,97
1728462918470340000,719,425,0,490,549,64
1728462918471181000,816,309,46,581,450,0
1728462918472023000,786,207,169,656,352,0
1728462918472865000,779,118,270,726,262,42
1728462918473707000,733,37,392,768,184,121
1728462918474549000,681,0,498,784,111,218
1728462918475390000,595,5,611,762,45,335
1728462918476232000,509,0,706,719,0,419
1728462918477073000,392,11,773,644,0,527
1728462918477914000,261,65,837,553,0,635
1728462918478756000,138,149,868,469,0,710
1728462918479598000,65,269,832,293,58,791
1728462918480457000,28,432,799,218,121,797
1728462918481299000,0,485,808,138,215,800
1728462918482141000,0,586,642,77,303,778
1728462918482983000,0,674,530,21,385,718
1728462918483824000,14,741,416,0,458,633
1728462918484666000,84,788,308,0,530,539
1728462918485507000,170,809,192,0,589,431
1728462918486349000,261,854,100,37,640,314
1728462918487191000,378,721,21,127,719,218
1728462918488033000,482,671,0,206,629,125
1728462918488874000,683,578,2,312,597,45
1728462918489715000,738,491,0,408,553,0
1728462918490556000,786,390,10,528,482,0
1728462918491397000,741,282,109,630,413,0
1728462918492238000,789,174,192,683,333,0
1728462918493080000,782,93,299,739,245,64
1728462918493936000,723,26,410,782,167,141
1728462918494778000,654,0,534,786,89,243
1728462918495619000,576,0,626,759,34,345
1728462918496460000,469,0,706,696,0,458
1728462918497301000,385,34,783,612,0,555
1728462918498142000,277,101,832,509,0,642
1728462918498984000,142,303,834,440,16,682
1728462918499826000,72,311,828,292,144,757
1728462918500668000,5,337,773,234,189,791
1728462918501510000,0,509,705,122,218,805
1728462918502352000,0,606,613,55,306,754
1728462918503193000,0,695,509,5,405,693
1728462918504035000,29,757,393,0,477,610
1728462918504876000,105,794,270,0,555,509
1728462918505718000,180,806,165,0,610,405
1728462918506560000,281,791,81,47,642,299
1728462918507401000,389,754,64,133,666,212
1728462918508243000,498,663,18,233,657,102
1728462918509084000,597,606,34,335,629,38
1728462918509925000,672,462,0,426,554,79
1728462918510766000,750,378,0,525,500,42
1728462918511608000,788,264,129,621,397,0
1728462918512450000,782,167,221,693,311,21
1728462918513292000,761,64,321,751,229,79
1728462918514134000,722,13,442,772,151,171
1728462918514975000,643,0,558,782,72,269
1728462918515817000,549,0,666,749,10,360
1728462918516658000,448,0,754,682,0,476
1728462918517499000,305,37,804,591,0,584
1728462918518340000,220,133,842,497,0,673
1728462918519182000,101,209,824,330,21,742
1728462918520024000,34,365,853,264,78,799
1728462918520880000,0,416,838,194,170,820
1728462918521722000,0,530,686,114,250,792
1728462918522563000,0,635,581,40,335,751
1728462918523404000,0,714,485,0,410,682
1728462918524246000,50,767,363,0,494,580
1728462918525087000,126,805,250,0,570,482
1728462918525929000,210,888,139,18,618,362
1728462918526771000,320,812,53,69,651,266
1728462918527613000,427,708,5,154,696,175
1728462918528454000,533,645,0,256,629,85
1728462918529295000,663,532,0,357,560,5
1728462918530136000,815,426,45,474,506,0
1728462918530978000,802,325,37,618,440,0
1728462918531819000,788,238,138,647,383,0
1728462918532660000,785,141,242,704,286,30
1728462918533502000,746,58,350,762,207,94
1728462918534358000,695,5,477,786,130,192
1728462918535200000,619,0,574,778,71,298
1728462918536041000,534,0,674,725,18,404
1728462918536882000,418,0,738,660,0,501
1728462918537723000,320,58,799,561,0,609
1728462918538564000,214,146,857,471,0,686
1728462918539406000,159,255,809,362,23,680
1728462918540248000,84,418,797,290,110,765
1728462918541090000,0,357,749,169,249,803
1728462918541932000,0,562,665,96,257,781
1728462918542773000,0,661,564,27,359,732
1728462918543615000,0,724,460,0,437,658
1728462918544457000,64,782,329,0,523,565
1728462918545298000,146,814,209,0,585,466
1728462918546139000,226,798,122,29,623,346
1728462918546981000,328,767,45,86,650,241
1728462918547820000,448,698,0,181,658,151
1728462918548662000,546,626,28,277,645,77
1728462918549503000,632,541,33,381,576,113
1728462918550344000,713,407,0,480,519,64
1728462918551186000,782,321,26,582,458,34
1728462918552027000,777,200,171,663,349,0
1728462918552869000,778,107,266,730,270,45
1728462918553711000,741,45,383,758,181,127
1728462918554553000,670,0,489,784,104,212
1728462918555394000,595,0,610,766,47,332
1728462918556235000,500,0,714,718,0,421
1728462918557076000,405,8,779,647,0,517
1728462918557917000,290,74,823,548,0,624
1728462918558759000,184,161,859,438,0,714
1728462918559601000,53,265,832,285,42,766
1728462918560443000,14,412,790,222,119,776
1728462918561295000,0,454,804,138,242,815
1728462918562137000,0,587,636,66,293,778
1728462918562978000,0,677,535,18,373,709
1728462918563819000,14,754,424,0,458,626
1728462918564661000,75,794,309,0,535,538
1728462918565502000,170,804,192,0,598,433
1728462918566344000,264,862,85,31,640,320
1728462918567186000,375,732,26,117,711,213
1728462918568028000,480,666,0,212,650,117
1728462918568870000,570,591,0,322,619,58
1728462918569711000,776,481,36,431,541,0
1728462918570552000,817,382,41,506,490,0
1728462918571394000,683,289,90,665,404,23
1728462918572236000,789,183,193,675,331,0
1728462918573078000,759,90,298,741,249,64
1728462918573921000,727,28,398,773,169,151
1728462918574770000,661,0,532,779,84,238
1728462918575611000,576,0,629,757,34,339
1728462918576452000,473,0,711,697,0,452
1728462918577293000,373,32,789,610,0,549
1728462918578134000,276,101,832,520,0,634
1728462918578976000,170,242,841,416,5,699
1728462918579818000,46,192,832,299,121,756
1728462918580660000,29,357,793,234,164,798
1728462918581502000,16,481,709,133,209,800
1728462918582344000,0,610,610,53,322,765
1728462918583185000,0,689,501,0,397,700
1728462918584027000,31,757,388,0,473,605
1728462918584868000,100,804,277,0,552,505
1728462918585710000,185,804,178,0,605,403
1728462918586552000,282,793,74,45,651,302
1728462918587394000,395,744,90,129,663,205
1728462918588245000,511,672,40,237,655,101
1728462918589086000,602,583,0,342,613,98
1728462918589927000,679,466,0,441,581,50
1728462918590768000,789,369,0,533,469,0
1728462918591610000,782,320,101,622,397,0
1728462918592452000,791,165,214,686,306,25
1728462918593294000,761,73,330,752,228,74
1728462918594136000,713,9,439,781,148,170
1728462918594977000,640,0,548,777,78,272
1728462918595818000,551,0,661,738,16,375
1728462918596659000,458,0,754,689,0,466
1728462918597500000,329,42,814,597,0,582
1728462918598341000,229,138,852,504,0,674
1728462918599183000,122,206,828,349,29,732
1728462918600025000,46,373,834,266,82,779
1728462918600867000,0,416,874,178,192,832
1728462918601725000,0,540,708,111,245,788
1728462918602566000,0,632,586,42,336,750
1728462918603407000,0,711,480,0,418,685
1728462918604249000,43,765,357,0,497,591
1728462918605090000,130,801,242,0,576,490
1728462918605932000,215,856,145,11,610,366
1728462918606774000,313,778,64,74,708,261
1728462918607616000,427,704,0,161,689,173
1728462918608458000,522,651,0,253,649,98
1728462918609300000,730,544,34,377,576,25
1728462918610141000,810,434,34,465,528,0
1728462918610982000,809,325,37,629,448,0
1728462918611824000,770,234,143,639,375,0
1728462918612665000,788,138,238,707,293,30
1728462918613507000,754,60,342,754,214,101
1728462918614349000,698,0,466,784,118,181
1728462918615187000,625,0,578,777,69,288
1728462918616029000,514,0,681,730,11,394
1728462918616870000,421,1,763,671,0,497
1728462918617711000,327,64,809,581,0,605
1728462918618553000,220,145,855,474,0,686
1728462918619395000,85,354,816,377,29,687
1728462918620237000,56,388,794,247,174,764
1728462918621079000,0,383,730,197,218,793
1728462918621921000,0,558,668,94,261,789
1728462918622763000,0,653,560,29,354,730
1728462918623604000,5,730,458,0,429,658
1728462918624445000,64,788,336,0,517,568
1728462918625286000,141,799,224,0,585,455
1728462918626128000,228,808,117,5,637,354
1728462918626970000,331,767,45,82,650,253
1728462918627812000,453,709,47,180,665,145
1728462918628661000,547,626,26,282,640,74
1728462918629502000,648,528,0,383,583,107
1728462918630343000,719,439,0,478,553,64
1728462918631185000,832,332,26,576,441,0
1728462918632027000,787,213,169,661,348,0
1728462918632869000,776,117,267,729,278,36
1728462918633711000,743,42,378,767,193,125
1728462918634553000,675,0,498,775,105,218
1728462918635394000,596,0,606,759,42,329
1728462918636235000,501,0,708,710,0,421
1728462918637076000,354,20,779,645,0,538
1728462918637917000,253,74,836,564,0,626
1728462918638759000,180,161,848,423,0,706
1728462918639601000,90,321,852,321,42,761
1728462918640443000,14,374,907,238,161,818
1728462918641285000,0,514,784,154,202,794
1728462918642143000,0,587,642,71,293,778
1728462918642984000,0,671,541,21,370,719
1728462918643825000,18,750,426,0,455,643
1728462918644667000,82,788,313,0,525,533
1728462918645508000,164,808,202,0,590,428
1728462918646350000,263,764,92,37,697,313
1728462918647192000,377,740,18,109,677,226
1728462918648034000,535,680,0,215,641,126
1728462918648876000,614,597,0,309,622,45
1728462918649717000,722,490,0,421,553,9
1728462918650558000,622,385,25,583,498,32
1728462918651400000,713,296,106,642,421,0
1728462918652242000,792,186,194,674,334,1
1728462918653084000,767,93,296,738,235,52
1728462918653926000,728,21,410,782,173,142
1728462918654768000,658,0,526,782,90,240
1728462918655612000,576,0,628,754,34,346
1728462918656454000,493,0,726,696,0,461
1728462918657295000,377,36,787,605,0,538
1728462918658136000,244,109,840,526,0,638
1728462918658978000,167,192,852,427,17,722
1728462918659820000,92,247,821,325,106,778
1728462918660662000,0,373,788,215,89,793
1728462918661504000,55,509,736,138,199,785
1728462918662345000,0,608,618,58,320,765
1728462918663186000,0,689,506,6,398,704
1728462918664028000,26,754,380,0,477,612
1728462918664869000,106,802,274,0,556,517
1728462918665710000,196,811,177,0,597,405
1728462918666552000,277,782,162,53,642,302
1728462918667394000,396,736,55,141,667,225
1728462918668236000,514,672,0,229,661,151
1728462918669085000,601,581,0,342,612,40
1728462918669926000,682,458,0,434,555,0
1728462918670768000,713,485,29,551,494,0
1728462918671609000,804,314,98,618,402,0
1728462918672451000,790,173,210,691,318,21
1728462918673293000,769,81,327,744,229,85
1728462918674135000,707,18,444,778,144,162
1728462918674976000,634,0,559,786,79,266
1728462918675818000,552,0,656,748,23,373
1728462918676659000,437,0,741,682,0,480
1728462918677500000,333,42,814,580,0,590
1728462918678341000,242,128,850,495,0,668
1728462918679183000,135,226,853,386,26,741
1728462918680025000,58,330,897,287,107,792
1728462918680867000,1,417,684,178,154,899
1728462918681709000,2,552,658,101,242,783
1728462918682560000,0,637,586,40,338,746
1728462918683401000,0,711,477,0,413,676
1728462918684243000,46,766,372,0,506,590
1728462918685084000,113,794,245,0,567,485
1728462918685926000,210,805,138,10,618,381
1728462918686768000,320,763,65,73,631,267
1728462918687610000,525,714,0,162,653,165
1728462918688452000,591,650,0,260,645,101
1728462918689293000,674,555,0,363,592,25
1728462918690134000,586,448,0,537,532,18
1728462918690976000,704,338,82,605,455,0
1728462918691818000,754,238,146,622,369,0
1728462918692660000,781,132,249,709,292,26
1728462918693502000,756,58,343,761,212,106
1728462918694344000,698,0,474,777,121,192
1728462918695185000,629,0,583,776,64,285
1728462918696022000,529,0,679,736,9,394
1728462918696863000,434,4,757,657,0,485
1728462918697704000,314,64,824,581,0,581
1728462918698545000,213,137,845,477,0,690
1728462918699387000,111,170,848,359,90,740
1728462918700229000,70,312,810,264,50,779
1728462918701071000,105,421,804,196,154,802
1728462918701913000,8,562,666,89,269,790
1728462918702754000,0,649,572,23,350,733
1728462918703596000,5,726,448,0,434,656
1728462918704438000,64,782,331,0,517,555
1728462918705279000,142,799,225,0,584,457
1728462918706121000,234,798,124,22,629,353
1728462918706963000,338,770,92,90,654,254
1728462918707805000,452,709,0,181,655,183
1728462918708646000,549,629,0,285,641,84
1728462918709504000,665,539,0,388,580,0
1728462918710345000,693,533,0,514,542,0
1728462918711187000,800,381,38,582,440,0
1728462918712029000,787,212,162,663,352,0
1728462918712871000,774,122,273,722,276,38
1728462918713713000,744,37,370,767,196,119
1728462918714555000,681,2,498,775,106,226
1728462918715396000,600,0,603,760,45,320
1728462918716237000,466,0,707,721,0,421
1728462918717078000,388,21,779,638,0,522
1728462918717919000,266,85,838,548,0,628
1728462918718761000,193,158,853,448,0,704
1728462918719603000,85,258,930,320,79,799
1728462918720445000,18,354,704,229,114,887
1728462918721287000,20,497,683,151,216,849
1728462918722129000,0,577,638,81,292,781
1728462918722984000,0,671,533,9,375,721
1728462918723825000,17,741,434,0,449,641
1728462918724667000,84,797,302,0,528,538
1728462918725508000,165,821,202,0,591,436
1728462918726350000,256,776,112,40,623,324
1728462918727192000,448,746,21,107,655,228
1728462918728034000,516,689,0,244,653,133
1728462918728875000,561,602,0,338,621,48
1728462918729716000,594,510,5,448,567,0
1728462918730558000,674,395,17,461,501,4
1728462918731400000,738,302,104,587,423,5
1728462918732241000,796,182,177,674,348,0
1728462918733083000,770,96,293,729,242,64
1728462918733925000,725,29,410,775,170,133
1728462918734767000,664,0,521,785,97,238
1728462918735608000,578,0,629,755,40,357
1728462918736459000,485,0,719,704,0,455
1728462918737300000,381,26,789,623,0,538
1728462918738141000,267,106,842,516,0,631
1728462918738983000,160,175,855,431,5,718
1728462918739825000,89,272,845,320,26,773
1728462918740667000,98,394,805,213,121,813
1728462918741509000,0,515,719,192,213,841
1728462918742351000,0,605,619,64,321,767
1728462918743192000,0,690,513,8,394,704
1728462918744033000,28,750,392,0,474,610
1728462918744874000,105,797,273,0,558,525
1728462918745716000,193,812,165,0,601,410
1728462918746558000,282,802,138,52,648,306
1728462918747400000,400,736,0,139,667,242
1728462918748242000,498,676,0,234,658,98
1728462918749083000,597,579,0,335,625,29
1728462918749936000,704,578,0,474,576,0
1728462918750778000,786,440,43,542,478,0
1728462918751620000,752,184,122,630,462,0
1728462918752462000,791,157,213,699,320,10
1728462918753304000,765,76,309,741,241,82
1728462918754146000,713,13,442,775,138,162
1728462918754988000,640,0,559,777,74,261
1728462918755829000,545,0,660,744,25,372
1728462918756670000,448,0,744,674,0,473
1728462918757511000,337,53,804,589,0,585
1728462918758353000,238,132,846,486,0,674
1728462918759195000,145,224,856,392,26,736
1728462918760037000,58,309,719,287,74,876
1728462918760879000,18,434,711,192,178,869
1728462918761720000,21,551,658,93,229,736
1728462918762561000,0,641,589,37,330,761
1728462918763400000,0,712,480,0,412,680
1728462918764242000,37,766,367,0,487,591
1728462918765084000,122,801,253,1,568,488
1728462918765926000,214,810,142,2,626,378
1728462918766768000,334,765,69,66,631,276
1728462918767610000,488,725,4,162,653,174
1728462918768452000,505,641,0,301,647,90
1728462918769293000,618,554,0,386,617,25
1728462918770134000,661,458,0,410,541,0
1728462918770976000,732,374,85,533,458,15
1728462918771818000,764,250,149,627,363,0
1728462918772660000,782,143,240,714,293,20
1728462918773502000,757,52,346,761,213,90
1728462918774344000,706,1,466,777,137,192
1728462918775185000,618,0,581,770,56,298
1728462918776027000,530,0,677,732,2,395
1728462918776881000,433,11,750,666,0,480
1728462918777722000,314,64,810,576,0,592
1728462918778564000,218,133,844,479,0,690
1728462918779406000,121,226,851,360,18,751
1728462918780248000,146,331,855,276,64,784
1728462918781090000,0,433,727,247,173,837
1728462918781932000,0,538,663,127,261,790
1728462918782773000,0,655,556,25,362,740
1728462918783614000,2,731,450,0,442,668
1728462918784456000,70,785,329,0,528,562
1728462918785297000,137,805,224,0,576,464
1728462918786139000,239,800,121,33,629,354
1728462918786980000,341,773,18,89,663,314
1728462918787822000,455,713,0,184,657,130
1728462918788664000,549,683,0,290,644,64
1728462918789505000,642,594,0,402,602,2
1728462918790360000,727,474,10,471,610,0
1728462918791202000,780,254,69,602,494,0
1728462918792044000,792,184,160,654,335,0
1728462918792886000,782,119,277,722,261,41
1728462918793728000,733,40,381,767,187,119
1728462918794570000,684,0,494,778,113,216
1728462918795411000,608,0,607,762,45,322
1728462918796252000,505,0,704,725,0,425
1728462918797093000,397,25,783,642,0,517
1728462918797934000,277,89,837,545,0,629
1728462918798776000,192,164,847,442,0,704
1728462918799618000,96,258,774,331,64,836
1728462918800460000,85,397,768,239,106,725
1728462918801302000,0,602,717,183,218,767
1728462918802144000,0,596,638,74,293,781
1728462918802986000,0,676,537,14,378,724
1728462918803823000,13,744,425,0,448,639
1728462918804664000,84,797,306,0,533,541
1728462918805506000,154,813,200,0,600,431
1728462918806348000,282,794,113,39,632,329
1728462918807190000,346,757,26,146,666,229
1728462918808032000,467,696,0,192,658,138
1728462918808874000,576,611,0,303,625,53
1728462918809715000,644,579,13,392,581,0
1728462918810556000,709,383,70,500,516,0
1728462918811398000,767,309,181,596,466,0
1728462918812240000,786,188,186,675,330,0
1728462918813082000,775,101,294,736,245,56
1728462918813924000,722,21,418,772,170,147
1728462918814766000,661,0,522,788,91,245
1728462918815607000,576,0,619,752,36,344
1728462918816448000,484,0,722,701,0,455
1728462918817298000,373,17,794,628,0,541
1728462918818139000,266,96,838,521,0,634
1728462918818981000,168,188,875,421,10,719
1728462918819823000,0,284,815,381,49,823
1728462918820665000,0,388,781,146,130,783
1728462918821507000,0,513,698,93,226,816
1728462918822348000,0,609,618,64,309,765
1728462918823190000,0,683,504,16,398,700
1728462918824032000,30,756,389,0,475,616
1728462918824873000,101,796,276,0,546,520
1728462918825714000,193,813,172,0,599,402
1728462918826556000,289,791,68,50,640,276
1728462918827398000,382,806,16,138,658,186
1728462918828239000,505,714,0,240,657,100
1728462918829080000,602,586,0,327,677,39
1728462918829921000,676,407,0,453,612,0
1728462918830768000,772,328,37,538,432,0
1728462918831610000,889,249,156,632,373,0
1728462918832452000,794,160,210,697,325,14
1728462918833294000,762,76,306,745,234,76
1728462918834136000,717,16,434,775,142,162
1728462918834978000,637,0,562,781,77,258
1728462918835819000,546,0,652,749,32,370
1728462918836660000,455,0,736,687,0,472
1728462918837502000,352,46,804,597,0,581
1728462918838343000,239,120,843,490,0,670
1728462918839185000,149,218,848,393,14,736
1728462918840027000,50,303,798,286,73,725
1728462918840869000,31,505,746,212,161,783
1728462918841711000,0,469,674,122,304,782
1728462918842553000,0,635,597,43,343,746
1728462918843394000,0,704,484,0,410,677
1728462918844244000,45,762,357,0,497,587
1728462918845085000,119,804,248,0,570,490
1728462918845926000,213,808,153,5,618,380
1728462918846768000,293,779,64,110,645,277
1728462918847610000,404,725,4,146,661,175
1728462918848452000,517,645,0,261,648,92
1728462918849293000,618,559,0,359,615,23
1728462918850134000,687,448,92,448,576,0
1728462918850976000,750,366,149,551,480,0
1728462918851817000,781,229,56,644,377,74
1728462918852659000,776,132,244,707,290,23
1728462918853501000,760,55,349,759,219,101
1728462918854343000,701,0,468,777,125,194
1728462918855184000,622,0,578,770,53,290
1728462918856026000,522,0,689,736,9,397
1728462918856867000,429,0,747,669,0,487
1728462918857725000,320,66,811,571,0,606
1728462918858567000,220,148,856,476,0,685
1728462918859409000,94,242,848,370,29,752
1728462918860251000,0,335,821,299,92,765
1728462918861093000,0,480,767,150,175,815
1728462918861935000,0,549,660,78,271,777
1728462918862776000,0,663,559,21,354,741
1728462918863618000,10,730,450,0,431,658
1728462918864460000,56,783,335,0,517,556
1728462918865301000,136,802,224,0,580,458
1728462918866143000,235,796,125,23,629,357
1728462918866985000,341,843,33,88,652,240
1728462918867827000,450,689,0,181,719,148
1728462918868669000,549,608,0,290,672,71
1728462918869510000,638,514,0,395,578,9
1728462918870351000,704,405,13,482,482,0
1728462918871191000,882,298,128,586,412,0
1728462918872033000,843,205,154,722,324,0
1728462918872875000,778,124,266,721,272,42
1728462918873717000,745,36,380,767,193,121
1728462918874559000,681,0,499,782,100,219
1728462918875401000,605,0,602,774,47,320
1728462918876243000,511,0,700,714,0,424
1728462918877084000,383,17,767,645,0,523
1728462918877925000,277,78,811,549,0,622
1728462918878767000,197,164,824,436,0,688
1728462918879609000,106,303,832,349,53,752
1728462918880451000,10,270,789,238,197,779
1728462918881293000,8,432,720,165,239,798
1728462918882135000,0,557,645,69,249,772
1728462918882976000,0,676,536,17,375,724
1728462918883817000,18,743,420,0,452,633
1728462918884666000,79,791,306,0,541,532
1728462918885507000,157,805,197,0,596,434
1728462918886349000,265,792,105,50,642,330
1728462918887191000,358,762,34,101,662,234
1728462918888033000,477,690,42,206,651,126
1728462918888874000,576,622,29,309,634,64
1728462918889715000,656,511,41,414,580,34
1728462918890556000,713,380,0,510,519,64
1728462918891398000,826,311,47,605,429,0
1728462918892240000,791,221,184,676,329,0
1728462918893082000,773,98,295,740,250,53
1728462918893924000,736,26,405,775,171,149
1728462918894766000,664,0,523,778,100,242
1728462918895607000,572,0,630,750,26,349
1728462918896448000,485,0,722,708,0,448
1728462918897289000,372,27,799,623,0,549
1728462918898144000,224,92,852,528,0,649
1728462918898986000,161,192,850,409,16,714
1728462918899828000,46,303,837,290,53,794
1728462918900670000,5,382,898,218,170,811
1728462918901512000,0,533,765,132,221,785
1728462918902354000,0,602,604,53,314,781
1728462918903195000,0,687,518,2,394,704
1728462918904036000,30,757,394,0,468,613
1728462918904878000,98,799,278,0,554,512
1728462918905720000,188,807,175,0,607,409
1728462918906562000,290,774,82,58,666,303
1728462918907404000,394,728,13,125,642,203
1728462918908245000,570,670,4,231,640,107
1728462918909087000,636,583,0,332,616,31
1728462918909928000,555,466,0,501,552,29
1728462918910770000,679,359,69,569,487,0
1728462918911611000,722,261,82,562,401,0
1728462918912453000,789,165,207,698,309,8
1728462918913295000,759,81,323,745,231,74
1728462918914137000,714,8,432,783,149,169
1728462918914979000,648,0,548,778,85,265
1728462918915820000,557,0,656,739,21,380
1728462918916661000,456,0,738,693,0,454
1728462918917503000,343,47,805,608,0,563
1728462918918344000,234,114,842,501,0,664
1728462918919186000,138,185,824,398,20,725
1728462918920028000,89,279,820,277,11,798
1728462918920870000,129,422,823,215,130,802
1728462918921712000,0,530,677,186,233,813
1728462918922554000,0,623,586,52,335,747
1728462918923395000,0,709,478,0,413,682
1728462918924236000,45,767,365,0,490,591
1728462918925089000,123,805,245,0,560,484
1728462918925931000,210,810,151,9,617,373
1728462918926773000,321,775,116,74,672,277
1728462918927615000,424,725,0,159,670,234
1728462918928457000,532,653,0,244,645,137
1728462918929298000,622,562,0,362,602,11
1728462918930139000,696,445,0,462,541,0
1728462918930981000,741,452,47,596,485,0
1728462918931822000,787,283,145,633,461,0
1728462918932664000,784,146,244,706,290,23
1728462918933506000,757,66,348,754,207,98
1728462918934348000,695,2,480,781,133,194
1728462918935189000,621,0,576,775,68,290
1728462918936030000,530,2,670,732,15,410
1728462918936871000,426,7,765,665,0,501
1728462918937712000,313,53,809,570,0,605
1728462918938652000,210,151,851,475,0,688
1728462918939494000,107,239,858,366,33,754
1728462918940336000,37,378,868,265,117,785
1728462918941178000,0,461,661,170,170,911
1728462918942019000,0,559,620,92,282,850
1728462918942861000,0,649,565,29,361,731
1728462918943702000,0,723,457,0,433,670
1728462918944544000,64,776,335,0,513,569
1728462918945385000,138,802,224,0,578,463
1728462918946227000,239,805,125,17,625,362
1728462918947069000,338,757,47,90,639,244
1728462918947911000,526,697,0,184,661,149
1728462918948753000,535,623,0,333,635,79
1728462918949594000,621,529,0,392,586,10
1728462918950435000,661,421,21,514,516,0
1728462918951276000,746,314,53,540,444,5
1728462918952036000,759,266,186,640,350,0
1728462918952878000,783,112,265,732,273,42
1728462918953720000,744,43,381,762,188,117
1728462918954562000,678,0,502,777,111,217
1728462918955403000,591,0,622,772,47,322
1728462918956245000,506,0,698,718,4,426
1728462918957086000,408,29,758,642,0,522
1728462918957927000,292,65,832,549,0,618
1728462918958769000,196,154,851,448,0,704
1728462918959611000,97,261,842,348,41,768
1728462918960453000,101,365,791,234,102,798
1728462918961295000,0,471,745,201,178,836
1728462918962137000,0,587,642,4,272,773
1728462918962979000,0,671,538,16,378,721
1728462918963821000,13,736,418,0,452,634
1728462918964662000,82,788,297,0,541,546
1728462918965511000,165,806,200,0,586,437
1728462918966353000,266,798,105,40,630,320
1728462918967195000,365,767,8,114,670,271
1728462918968037000,480,683,0,207,668,112
1728462918968878000,570,687,0,308,629,47
1728462918969719000,663,535,0,413,576,0
1728462918970560000,721,286,13,491,576,0
1728462918971402000,778,228,93,620,453,0
1728462918972244000,786,145,198,669,276,0
1728462918973085000,769,94,293,736,250,56
1728462918973928000,729,26,407,777,159,133
1728462918974770000,661,0,527,789,93,230
1728462918975611000,570,0,629,754,36,345
1728462918976452000,476,0,727,709,0,449
1728462918977294000,363,32,784,610,0,552
1728462918978135000,261,102,840,514,0,650
1728462918978986000,177,194,851,417,8,711
1728462918979828000,79,289,819,312,68,796
1728462918980670000,0,432,754,216,145,751
1728462918981512000,0,555,704,125,206,774
1728462918982354000,0,530,602,58,378,743
1728462918983196000,0,690,509,5,397,706
1728462918984038000,27,754,401,0,484,617
1728462918984879000,100,800,270,0,558,516
1728462918985721000,192,810,170,0,602,413
1728462918986563000,293,794,93,53,640,299
1728462918987405000,370,740,13,122,658,202
1728462918988247000,497,666,0,229,658,111
1728462918989088000,587,576,0,328,623,42
1728462918989929000,675,482,0,434,561,0
1728462918990770000,741,375,125,537,533,10
1728462918991612000,779,293,180,608,394,0
1728462918992463000,784,159,186,697,320,47
1728462918993305000,767,81,320,747,238,90
1728462918994147000,719,13,441,776,145,165
1728462918994989000,633,0,558,776,70,260
1728462918995830000,552,0,659,754,23,379
1728462918996671000,457,0,744,687,0,480
1728462918997512000,338,29,809,604,0,576
1728462918998353000,239,105,839,498,0,656
1728462918999195000,149,218,854,400,17,736
1728462919000037000,10,305,845,330,82,796
1728462919000879000,0,437,765,171,162,839
1728462919001721000,0,596,700,87,242,789
1728462919002562000,0,629,624,45,327,749
1728462919003404000,0,714,486,0,418,679
1728462919004245000,37,766,373,0,496,588
1728462919005086000,124,798,253,0,570,484
1728462919005939000,213,804,143,7,620,383
1728462919006781000,321,809,64,69,645,269
1728462919007623000,421,767,10,156,708,165
1728462919008464000,521,628,0,257,688,85
1728462919009305000,620,535,0,359,625,21
1728462919010146000,713,410,0,441,485,0
1728462919010988000,882,321,78,558,420,0
1728462919011830000,850,226,132,631,361,0
1728462919012672000,775,141,247,711,293,29
1728462919013514000,756,53,340,762,214,98
1728462919014356000,704,10,466,778,127,203
1728462919015198000,626,0,579,778,64,290
1728462919016039000,522,0,672,736,5,386
1728462919016880000,426,0,759,669,0,505
1728462919017721000,320,56,816,569,0,600
1728462919018562000,210,141,840,463,0,685
1728462919019410000,136,248,850,366,21,745
1728462919020252000,33,448,797,290,105,741
1728462919021094000,21,513,751,173,174,794
1728462919021936000,0,473,668,107,329,784
1728462919022778000,0,654,559,28,357,743
1728462919023619000,5,725,463,0,430,666
1728462919024461000,64,780,330,0,512,562
1728462919025302000,138,819,226,0,583,464
1728462919026143000,234,802,132,23,634,350
1728462919026985000,325,766,42,129,658,254
1728462919027827000,441,714,0,173,658,160
1728462919028669000,541,628,0,274,629,64
1728462919029510000,633,535,15,385,597,1
1728462919030351000,710,448,106,473,576,16
1728462919031193000,756,320,107,576,427,82
1728462919032035000,796,212,103,639,369,48
1728462919032885000,779,121,266,724,266,38
1728462919033727000,736,39,383,765,189,119
1728462919034569000,682,0,485,788,114,218
1728462919035410000,597,0,593,767,50,327
1728462919036252000,505,0,700,714,0,428
1728462919037093000,421,0,766,651,0,505
1728462919037935000,288,74,838,554,0,613
1728462919038777000,186,149,854,450,0,704
1728462919039619000,89,256,847,343,53,767
1728462919040461000,22,398,808,217,116,834
1728462919041303000,0,484,727,138,199,804
1728462919042145000,0,593,736,64,322,796
1728462919042987000,0,674,535,21,379,725
1728462919043829000,13,740,431,0,448,638
1728462919044671000,81,789,320,0,526,537
1728462919045512000,162,814,202,0,594,436
1728462919046363000,249,791,113,34,634,337
1728462919047205000,373,727,21,111,737,218
1728462919048047000,484,665,0,207,694,135
1728462919048889000,580,594,0,306,608,52
1728462919049730000,698,505,0,413,576,0
1728462919050571000,817,386,55,517,484,0
1728462919051412000,651,276,72,679,407,28
1728462919052254000,719,174,224,712,325,0
1728462919053096000,773,97,292,737,245,54
1728462919053938000,724,25,409,770,168,145
1728462919054780000,661,0,523,786,90,238
1728462919055621000,580,0,618,757,42,348
1728462919056463000,481,0,725,701,0,458
1728462919057304000,366,29,779,616,0,541
1728462919058145000,289,104,832,521,0,639
1728462919058987000,165,196,851,426,10,711
1728462919059832000,79,292,832,320,66,767
1728462919060674000,14,325,767,234,178,791
1728462919061516000,0,477,704,124,171,782
1728462919062358000,93,582,673,74,276,757
1728462919063199000,0,687,511,5,405,700
1728462919064041000,29,760,386,0,480,617
1728462919064882000,101,797,277,0,546,518
1728462919065724000,193,808,180,0,602,404
1728462919066566000,285,797,85,57,648,314
1728462919067408000,388,736,98,133,665,204
1728462919068250000,505,670,13,229,668,109
1728462919069091000,586,582,0,327,613,89
1728462919069932000,681,481,0,448,558,21
1728462919070773000,786,391,0,526,517,26
1728462919071615000,791,251,77,618,404,0
1728462919072457000,794,249,189,727,324,0
1728462919073305000,762,66,322,745,226,79
1728462919074147000,717,17,439,777,151,165
1728462919074988000,643,0,557,788,77,266
1728462919075830000,555,0,653,751,25,374
1728462919076671000,452,0,733,680,0,476
1728462919077512000,314,45,802,596,0,587
1728462919078353000,224,110,847,498,0,665
1728462919079195000,138,213,839,381,32,733
1728462919080037000,43,325,836,285,85,793
1728462919080879000,0,413,869,184,197,832
1728462919081721000,0,576,756,98,245,789
1728462919082563000,0,634,528,38,330,813
1728462919083405000,0,712,488,0,414,682
1728462919084247000,50,762,361,0,506,591
1728462919085088000,117,804,250,0,568,493
1728462919085930000,213,805,146,16,619,382
1728462919086777000,320,779,69,74,650,273
1728462919087619000,421,714,0,158,672,170
1728462919088461000,520,642,0,261,640,90
1728462919089302000,680,542,0,365,608,32
1728462919090143000,776,440,0,459,526,0
1728462919090985000,681,330,33,634,441,27
1728462919091827000,700,238,173,689,366,10
1728462919092669000,759,149,237,687,292,29
1728462919093511000,756,65,346,756,215,105
1728462919094353000,707,0,463,778,130,192
1728462919095195000,621,0,576,773,52,285
1728462919096037000,523,0,679,738,5,394
1728462919096878000,427,1,767,666,0,497
1728462919097719000,325,57,809,576,0,580
1728462919098560000,200,146,839,464,0,672
1728462919099402000,132,242,847,369,26,737
1728462919100254000,42,292,814,272,150,786
1728462919101096000,0,418,752,165,114,805
1728462919101938000,85,540,706,98,244,782
1728462919102780000,8,656,570,26,348,744
1728462919103621000,2,729,455,0,426,658
1728462919104462000,57,787,335,0,516,552
1728462919105303000,141,805,224,0,582,464
1728462919106145000,234,801,128,28,628,354
1728462919106987000,340,766,37,97,661,258
1728462919107829000,450,709,61,180,653,151
1728462919108671000,543,629,26,282,637,87
1728462919109512000,629,535,0,395,596,65
1728462919110353000,706,394,0,484,530,57
1728462919111195000,791,320,16,577,471,37
1728462919112037000,805,193,133,651,337,0
1728462919112879000,782,126,269,724,269,40
1728462919113736000,738,37,390,766,192,121
1728462919114578000,682,0,490,789,116,220
1728462919115419000,602,0,592,762,57,320
1728462919116261000,510,0,697,707,5,428
1728462919117102000,405,17,782,648,0,500
1728462919117943000,249,74,820,549,0,622
1728462919118785000,181,165,869,448,0,708
1728462919119627000,101,270,836,330,53,772
1728462919120469000,34,410,804,218,114,778
1728462919121311000,0,489,823,137,238,817
1728462919122153000,0,599,700,58,264,775
1728462919122995000,0,671,535,26,378,723
1728462919123836000,14,749,426,0,455,637
1728462919124678000,81,800,309,0,530,548
1728462919125519000,168,813,202,0,586,441
1728462919126361000,264,793,109,37,636,330
1728462919127199000,361,724,23,116,701,224
1728462919128041000,483,672,0,214,645,130
1728462919128883000,668,593,0,304,615,64
1728462919129724000,704,501,0,415,569,0
1728462919130565000,794,397,9,505,496,0
1728462919131407000,677,273,118,655,416,13
1728462919132249000,740,174,174,617,331,0
1728462919133091000,770,96,290,738,250,58
1728462919133933000,727,28,404,773,173,146
1728462919134775000,661,0,515,783,93,237
1728462919135616000,576,0,624,757,37,346
1728462919136458000,482,0,725,700,0,451
1728462919137299000,389,35,779,619,0,538
1728462919138140000,270,104,832,518,0,626
1728462919138982000,167,194,841,418,8,706
1728462919139824000,77,292,847,310,68,782
1728462919140678000,37,362,790,220,58,797
1728462919141520000,102,485,757,151,197,785
1728462919142362000,69,597,656,64,301,762
1728462919143203000,0,688,509,9,389,704
1728462919144045000,29,757,389,0,480,616
1728462919144886000,100,798,285,0,546,521
1728462919145728000,189,808,175,0,597,404
1728462919146570000,285,799,86,56,647,306
1728462919147412000,394,738,74,137,672,207
1728462919148254000,500,674,0,233,659,172
1728462919149095000,597,577,0,335,622,77
1728462919149936000,681,482,0,436,558,17
1728462919150777000,757,373,5,533,496,0
1728462919151619000,778,369,96,656,421,0
1728462919152461000,842,215,189,687,321,0
1728462919153303000,769,82,321,743,233,79
1728462919154156000,721,14,440,785,158,160
1728462919154997000,638,0,553,775,79,269
1728462919155839000,558,0,658,747,22,372
1728462919156681000,450,0,729,682,0,474
1728462919157522000,331,39,813,597,0,579
1728462919158363000,232,121,847,485,0,658
1728462919159205000,133,224,850,394,21,728
1728462919160047000,64,313,824,285,87,789
1728462919160889000,0,451,818,178,149,799
1728462919161731000,0,508,610,109,260,869
1728462919162573000,42,647,537,38,335,655
1728462919163415000,0,704,483,0,417,687
1728462919164256000,41,762,361,0,491,592
1728462919165097000,117,812,240,0,576,491
1728462919165939000,212,811,158,0,608,381
1728462919166781000,314,778,64,74,644,276
1728462919167616000,448,711,2,157,652,184
1728462919168458000,580,640,0,258,645,93
1728462919169299000,660,558,0,397,606,28
1728462919170140000,682,450,0,490,548,0
1728462919170981000,684,341,87,593,453,0
1728462919171823000,736,244,144,598,378,8
1728462919172665000,756,205,254,693,293,21
1728462919173507000,754,58,338,754,215,98
1728462919174349000,693,1,469,786,117,181
1728462919175191000,622,0,583,782,71,282
1728462919176033000,527,0,681,732,11,403
1728462919176874000,429,0,764,669,0,498
1728462919177715000,314,50,804,581,0,596
1728462919178556000,218,146,850,462,0,677
1728462919179398000,126,231,846,368,32,736
1728462919180240000,42,322,819,276,78,794
1728462919181100000,71,450,784,178,162,815
1728462919181942000,0,546,658,162,253,821
1728462919182783000,0,649,562,79,352,740
1728462919183624000,4,738,450,0,427,669
1728462919184465000,64,779,338,0,517,567
1728462919185306000,133,800,225,0,580,458
1728462919186148000,238,808,121,26,635,358
1728462919186990000,340,768,45,84,651,258
1728462919187832000,453,714,29,182,661,218
1728462919188673000,544,641,0,282,644,130
1728462919189514000,629,528,0,389,593,0
1728462919190355000,725,421,0,487,538,0
1728462919191197000,762,418,50,616,468,0
1728462919192039000,786,101,162,637,430,0
1728462919192881000,773,96,264,728,303,33
1728462919193723000,737,41,382,765,192,122
1728462919194569000,682,0,490,778,111,217
1728462919195410000,604,0,606,763,50,320
1728462919196251000,509,4,696,718,0,420
1728462919197092000,398,19,779,650,0,516
1728462919197933000,279,74,833,541,0,626
1728462919198775000,189,165,847,442,0,704
1728462919199617000,98,274,842,325,47,767
1728462919200459000,50,388,849,245,113,864
1728462919201301000,0,476,667,150,224,877
1728462919202142000,41,597,604,70,285,709
1728462919202984000,0,714,532,16,377,720
1728462919203825000,16,741,424,0,448,641
1728462919204667000,81,799,308,0,522,548
1728462919205508000,157,810,202,0,588,426
1728462919206350000,256,794,104,42,640,332
1728462919207192000,408,759,21,114,654,231
1728462919208041000,528,685,0,206,650,133
1728462919208882000,552,602,0,353,624,55
1728462919209723000,644,514,0,432,580,1
1728462919210564000,670,391,26,442,506,0
1728462919211406000,753,296,94,577,429,10
1728462919212248000,781,193,192,664,330,0
1728462919213090000,775,100,298,736,249,56
1728462919213932000,722,18,415,776,171,137
1728462919214774000,666,0,521,782,98,247
1728462919215615000,576,0,629,751,31,347
1728462919216456000,485,0,719,706,0,448
1728462919217297000,377,37,794,620,0,553
1728462919218138000,260,85,832,526,0,637
1728462919218980000,175,178,850,421,10,712
1728462919219822000,85,298,832,312,58,779
1728462919220664000,87,394,793,225,116,804
1728462919221566000,0,506,741,178,217,810
1728462919222408000,0,594,608,2,306,752
1728462919223249000,0,696,509,2,395,708
1728462919224090000,28,757,404,0,469,619
1728462919224932000,101,796,274,0,547,513
1728462919225773000,185,819,178,0,605,409
1728462919226615000,281,784,93,58,645,305
1728462919227457000,393,741,0,128,666,181
1728462919228299000,504,754,0,233,654,105
1728462919229140000,591,626,0,338,612,28
1728462919229981000,679,503,0,440,588,0
1728462919230822000,715,276,18,522,558,0
1728462919231663000,804,196,104,629,421,0
1728462919232505000,784,122,186,692,282,2
1728462919233347000,767,77,320,747,229,75
1728462919234189000,706,5,439,775,149,162
1728462919234993000,649,0,535,783,85,265
1728462919235835000,553,0,637,741,18,378
1728462919236676000,453,0,742,679,0,476
1728462919237517000,345,37,808,594,0,576
1728462919238358000,226,130,843,496,0,659
1728462919239200000,137,212,825,394,18,733
1728462919240042000,65,320,818,284,85,786
1728462919240884000,0,537,738,216,160,763
1728462919241726000,13,583,676,98,254,756
1728462919242568000,0,534,577,45,402,736
1728462919243409000,0,705,482,0,410,687
1728462919244251000,42,773,363,0,498,594
1728462919245092000,117,802,254,0,562,493
1728462919245934000,215,810,151,10,609,381
1728462919246776000,306,784,71,72,649,287
1728462919247618000,400,724,0,144,669,178
1728462919248466000,513,650,0,244,645,96
1728462919249307000,611,562,0,362,602,25
1728462919250148000,698,454,0,458,539,0
1728462919250989000,740,360,144,549,506,6
1728462919251831000,776,242,109,629,367,87
1728462919252673000,781,133,160,704,320,82
1728462919253515000,753,57,348,758,202,92
1728462919254357000,696,5,471,786,129,186
1728462919255198000,616,0,585,777,64,293
1728462919256040000,533,0,681,738,16,397
1728462919256881000,427,5,751,665,0,504
1728462919257722000,322,43,818,570,0,598
1728462919258563000,229,144,853,477,0,677
1728462919259405000,116,237,851,370,26,757
1728462919260247000,17,325,816,282,94,796
1728462919261089000,0,442,727,119,178,811
1728462919261943000,0,605,676,64,260,791
1728462919262784000,0,658,548,9,352,720
1728462919263625000,2,719,453,0,440,661
1728462919264467000,64,778,330,0,517,576
1728462919265308000,138,806,220,0,583,462
1728462919266149000,242,802,122,17,638,353
1728462919266990000,343,773,53,90,653,258
1728462919267832000,448,797,0,181,653,138
1728462919268673000,546,663,0,285,645,69
1728462919269515000,644,512,0,389,645,10
1728462919270356000,713,409,2,480,554,0
1728462919271198000,787,273,74,565,382,0
1728462919272040000,780,184,170,645,299,0
1728462919272881000,839,104,295,719,252,39
1728462919273723000,743,38,363,767,197,116
1728462919274565000,692,0,488,779,114,220
1728462919275420000,597,0,602,764,37,312
1728462919276261000,500,0,700,725,0,413
1728462919277103000,394,11,775,647,0,521
1728462919277944000,293,78,832,557,0,625
1728462919278786000,192,170,810,440,0,705
1728462919279628000,113,264,834,345,52,760
1728462919280470000,31,421,794,253,114,786
1728462919281312000,4,530,722,144,215,789
1728462919282154000,0,506,644,87,344,773
1728462919282996000,0,654,526,13,306,715
1728462919283837000,10,754,429,0,456,644
1728462919284679000,79,788,309,0,544,543
1728462919285520000,161,806,197,0,594,436
1728462919286362000,261,802,98,42,644,332
1728462919287204000,373,757,28,110,659,226
1728462919288046000,466,700,0,201,664,125
1728462919288881000,561,609,49,306,631,66
1728462919289722000,661,500,16,412,586,0
1728462919290564000,726,406,49,497,501,58
1728462919291406000,764,274,16,594,430,66
1728462919292248000,848,212,153,666,321,0
1728462919293090000,750,137,292,736,253,41
1728462919293932000,732,32,402,770,174,149
1728462919294774000,663,0,520,776,92,241
1728462919295615000,591,0,626,758,40,346
1728462919296457000,463,0,723,708,0,451
1728462919297298000,367,21,792,626,0,542
1728462919298139000,267,89,832,527,0,651
1728462919298981000,154,192,857,421,2,729
1728462919299823000,69,286,834,310,49,773
1728462919300665000,5,417,788,212,143,801
1728462919301507000,0,491,816,137,261,823
1728462919302370000,0,624,681,47,289,765
1728462919303212000,0,687,506,6,390,733
1728462919304053000,26,761,405,0,474,614
1728462919304894000,90,804,285,0,549,533
1728462919305735000,193,799,174,0,609,410
1728462919306577000,286,796,85,49,649,313
1728462919307419000,394,737,18,145,690,202
1728462919308261000,501,657,0,226,668,101
1728462919309102000,593,579,0,330,604,42
1728462919309943000,730,480,0,438,555,0
1728462919310785000,832,366,68,541,469,0
1728462919311627000,682,261,114,688,402,32
1728462919312469000,746,165,226,741,305,0
1728462919313311000,765,79,320,747,238,78
1728462919314153000,718,23,421,773,157,168
1728462919314995000,645,0,549,773,74,272
1728462919315839000,561,0,648,746,18,360
1728462919316681000,466,0,745,688,0,469
1728462919317522000,352,53,808,603,0,578
1728462919318363000,242,114,841,498,0,648
1728462919319205000,146,213,846,395,25,736
1728462919320047000,50,279,810,279,74,789
1728462919320889000,14,367,751,210,197,779
1728462919321731000,0,498,684,112,205,792
1728462919322573000,94,604,634,57,295,756
1728462919323415000,0,704,488,0,413,688
1728462919324257000,42,769,370,0,489,592
1728462919325098000,121,807,253,0,557,489
1728462919325940000,210,810,155,10,614,389
1728462919326782000,320,781,64,73,658,284
1728462919327624000,412,730,71,148,662,183
1728462919328466000,523,653,23,261,644,89
1728462919329309000,613,555,0,354,610,79
1728462919330150000,693,465,0,452,545,13
1728462919330992000,799,374,30,557,455,0
1728462919331834000,808,339,121,667,402,0
1728462919332676000,832,215,222,704,296,1
1728462919333518000,754,66,350,766,217,93
1728462919334360000,704,0,464,785,133,188
1728462919335201000,622,0,562,770,68,293
1728462919336043000,532,0,676,737,10,405
1728462919336884000,437,0,756,668,0,491
1728462919337726000,314,58,819,578,0,602
1728462919338568000,192,135,854,468,0,688
1728462919339410000,117,244,843,359,31,753
1728462919340252000,42,341,820,266,98,807
1728462919341094000,0,450,663,170,170,896
1728462919341936000,18,576,621,94,281,832
1728462919342787000,0,645,525,28,338,663
1728462919343629000,2,725,463,0,424,667
1728462919344471000,64,777,341,0,510,576
1728462919345312000,143,815,231,0,576,462
1728462919346154000,234,802,133,21,624,360
1728462919346996000,337,751,44,93,658,254
1728462919347838000,522,708,0,173,661,165
1728462919348679000,526,626,0,324,626,69
1728462919349520000,610,533,0,417,589,2
1728462919350361000,690,431,10,501,523,0
1728462919351202000,704,301,57,530,437,2
1728462919352044000,752,269,175,634,360,0
1728462919352886000,778,105,367,704,301,64
1728462919353728000,740,46,378,766,189,109
1728462919354570000,674,0,501,794,101,210
1728462919355411000,601,0,600,765,52,320
1728462919356258000,506,0,694,718,4,427
1728462919357099000,404,16,777,641,0,527
1728462919357940000,298,77,832,557,0,613
1728462919358782000,194,126,846,442,1,690
1728462919359624000,105,234,828,349,42,754
1728462919360466000,37,354,800,246,122,802
1728462919361308000,53,471,728,164,178,825
1728462919362150000,0,580,624,145,277,816
1728462919362991000,0,672,557,64,370,733
1728462919363832000,5,739,426,0,459,644
1728462919364673000,73,781,302,0,530,540
1728462919365514000,165,806,189,0,599,437
1728462919366356000,265,804,101,34,633,329
1728462919367198000,359,759,26,109,658,224
1728462919368040000,480,693,0,210,666,196
1728462919368882000,576,608,0,302,635,45
1728462919369785000,658,507,0,408,578,0
1728462919370626000,732,437,13,506,506,0
1728462919371468000,805,376,85,628,426,0
1728462919372310000,756,104,197,671,400,0
1728462919373152000,783,64,284,741,289,64
1728462919373994000,736,29,405,767,170,145
1728462919374836000,661,0,528,782,93,234
1728462919375677000,576,0,632,762,41,335
1728462919376518000,478,0,719,704,0,450
1728462919377359000,376,21,792,626,0,547
1728462919378200000,267,105,832,517,0,648
1728462919379042000,169,194,847,407,0,709
1728462919379884000,82,298,835,320,74,770
1728462919380726000,14,389,757,226,136,834
1728462919381568000,42,530,666,125,229,818
1728462919382409000,0,597,604,45,293,711
1728462919383206000,0,783,501,20,394,677
1728462919384047000,26,767,394,0,475,614
1728462919384889000,96,797,285,0,551,519
1728462919385731000,181,802,171,0,605,409
1728462919386573000,288,793,86,57,647,309
1728462919387415000,398,749,21,136,658,204
1728462919388257000,466,666,0,276,649,113
1728462919389099000,576,583,0,367,619,50
1728462919389940000,668,490,0,421,568,0
1728462919390782000,724,380,42,522,480,0
1728462919391624000,772,261,101,609,397,0
1728462919392466000,789,188,292,682,338,20
1728462919393308000,761,75,274,750,234,137
1728462919394150000,719,20,437,773,149,174
1728462919394992000,649,0,549,779,74,263
1728462919395833000,546,0,657,748,16,367
1728462919396679000,450,0,745,696,0,474
1728462919397520000,344,38,804,602,0,577
1728462919398361000,239,101,837,498,0,651
1728462919399203000,147,199,845,391,18,737
1728462919400045000,64,312,832,298,85,783
1728462919400887000,0,415,772,247,156,826
1728462919401729000,0,522,663,65,239,789
1728462919402571000,0,664,606,8,321,786
1728462919403413000,0,707,492,0,405,686
1728462919404255000,37,772,367,0,490,587
1728462919405096000,114,810,250,0,564,491
1728462919405937000,215,802,153,9,619,379
1728462919406779000,303,781,64,68,653,277
1728462919407621000,425,728,0,151,663,165
1728462919408463000,522,722,0,250,650,84
1728462919409304000,609,588,0,359,660,18
1728462919410173000,696,440,0,455,578,0
1728462919411014000,745,293,37,569,515,0
1728462919411855000,789,205,122,618,308,0
1728462919412697000,901,126,273,726,265,5
1728462919413539000,741,49,348,756,213,96
1728462919414381000,704,5,459,783,136,194
1728462919415223000,629,0,572,768,64,295
1728462919416065000,537,0,673,737,6,394
1728462919416906000,434,0,760,673,0,493
1728462919417747000,290,34,821,578,0,600
1728462919418588000,207,139,841,467,0,681
1728462919419430000,122,237,826,356,26,750
1728462919420272000,57,343,801,265,94,794
1728462919421114000,0,555,738,199,189,770
1728462919421956000,30,605,651,98,292,764
1728462919422798000,0,554,548,21,438,724
1728462919423637000,0,722,457,0,425,668
1728462919424479000,64,779,346,0,507,568
1728462919425320000,135,805,225,0,583,458
1728462919426162000,234,814,133,22,630,358
1728462919427004000,341,769,46,89,661,265
1728462919427846000,429,709,0,160,655,160
1728462919428688000,538,634,0,277,640,77
1728462919429529000,625,541,0,376,591,6
1728462919430370000,698,431,8,480,532,0
1728462919431211000,756,301,170,570,480,13
1728462919432053000,781,253,215,640,372,0
1728462919432895000,773,114,184,714,277,103
1728462919433737000,744,47,374,773,196,110
1728462919434579000,677,0,500,781,110,214
1728462919435420000,601,0,608,767,50,320
1728462919436262000,509,0,688,722,5,433
1728462919437101000,405,13,776,642,0,525
1728462919437942000,301,74,832,556,0,623
1728462919438784000,192,145,847,452,0,700
1728462919439626000,103,250,849,346,47,761
1728462919440468000,21,354,791,253,114,804
1728462919441310000,0,468,730,186,185,797
1728462919442152000,0,589,634,29,284,793
1728462919442993000,0,720,546,0,380,711
1728462919443834000,14,736,423,0,454,642
1728462919444676000,78,789,298,0,535,546
1728462919445517000,162,808,204,0,589,439
1728462919446359000,265,805,116,37,637,322
1728462919447200000,359,762,34,117,661,229
1728462919448042000,466,689,0,207,661,114
1728462919448883000,576,677,0,305,634,47
1728462919449724000,660,548,0,404,576,0
1728462919450577000,727,383,18,507,526,0
1728462919451419000,791,239,97,608,386,0
1728462919452261000,886,168,205,674,293,0
1728462919453103000,842,96,302,725,229,64
1728462919453945000,741,28,402,772,180,140
1728462919454786000,661,0,523,786,97,238
1728462919455627000,576,0,633,754,34,338
1728462919456468000,489,0,718,707,0,448
1728462919457309000,377,21,777,626,0,549
1728462919458150000,261,96,817,514,0,650
1728462919458992000,175,192,850,421,13,713
1728462919459834000,81,298,823,314,68,773
1728462919460676000,18,393,784,232,133,797
1728462919461518000,1,590,705,161,229,773
1728462919462360000,0,485,609,47,378,756
1728462919463202000,0,629,506,23,450,704
1728462919464111000,23,760,399,0,474,618
1728462919464952000,93,796,276,0,548,520
1728462919465794000,181,804,170,0,610,409
1728462919466636000,287,794,88,46,646,310
1728462919467478000,398,747,10,133,659,207
1728462919468320000,482,677,0,216,652,119
1728462919469161000,586,578,0,330,621,42
1728462919470002000,678,484,0,426,576,0
1728462919470843000,736,377,78,528,489,0
1728462919471685000,767,289,181,609,405,0
1728462919472527000,791,148,132,688,321,98
1728462919473369000,832,89,281,745,237,0
1728462919474211000,718,14,438,778,148,165
1728462919475053000,659,0,552,783,85,261
1728462919475894000,552,0,653,747,23,372
1728462919476736000,449,0,741,686,0,471
1728462919477524000,341,40,815,602,0,570
1728462919478365000,242,106,844,504,0,653
1728462919479207000,149,217,862,394,13,745
1728462919480049000,64,309,832,297,85,783
1728462919480891000,0,426,774,185,162,814
1728462919481733000,0,570,696,90,237,789
1728462919482575000,0,633,572,20,329,741
1728462919483416000,0,688,585,0,418,708
1728462919484257000,43,777,367,0,485,597
1728462919485098000,117,803,253,0,570,482
1728462919485940000,203,805,160,10,615,383
1728462919486782000,302,781,66,71,655,286
1728462919487624000,424,727,2,157,658,174
1728462919488466000,521,629,0,253,711,82
1728462919489307000,612,542,0,361,646,18
1728462919490148000,689,433,0,457,562,0
1728462919491001000,758,335,50,558,448,0
1728462919491843000,900,224,192,644,348,0
1728462919492685000,711,132,205,786,267,42
1728462919493527000,722,50,359,753,198,85
1728462919494369000,700,2,464,786,132,192
1728462919495211000,625,0,577,777,66,287
1728462919496052000,541,0,671,730,14,397
1728462919496893000,431,2,756,665,0,490
1728462919497734000,314,65,821,585,0,592
1728462919498576000,202,138,841,463,0,677
1728462919499418000,133,249,834,357,34,730
1728462919500260000,50,354,807,267,96,798
1728462919501102000,0,498,749,170,192,782
1728462919501944000,0,485,657,109,309,765
1728462919502786000,0,598,552,36,279,725
1728462919503627000,26,714,453,0,425,663
1728462919504469000,64,786,333,0,511,576
1728462919505310000,138,818,229,0,572,466
1728462919506152000,237,797,132,25,628,354
1728462919506994000,337,765,42,90,651,260
1728462919507836000,448,712,0,180,660,161
1728462919508678000,547,629,47,281,640,73
1728462919509519000,626,539,38,386,597,8
1728462919510360000,704,429,42,482,524,37
1728462919511202000,759,297,13,581,480,43
1728462919512044000,832,218,121,653,365,0
1728462919512886000,752,237,233,746,285,0
1728462919513728000,740,34,376,762,197,118
1728462919514570000,686,0,488,789,117,218
1728462919515411000,600,0,591,762,53,322
1728462919516253000,512,0,693,718,0,421
1728462919517094000,413,17,773,647,0,517
1728462919517955000,289,64,815,549,0,619
1728462919518797000,169,158,857,458,0,705
1728462919519639000,99,255,832,330,50,764
1728462919520481000,34,377,809,237,110,807
1728462919521323000,0,462,837,144,234,832
1728462919522165000,0,621,707,71,301,772
1728462919523007000,0,654,456,11,394,803
1728462919523849000,13,742,420,0,454,645
1728462919524691000,77,788,313,0,528,546
1728462919525532000,164,811,204,0,586,440
1728462919526374000,255,806,110,40,634,332
1728462919527216000,373,753,29,117,666,229
1728462919528058000,480,684,0,206,646,136
1728462919528899000,618,594,0,313,616,64
1728462919529741000,749,498,0,410,567,0
1728462919530582000,762,401,26,514,505,0
1728462919531419000,683,277,122,654,413,17
1728462919532261000,738,181,175,599,337,0
1728462919533103000,756,125,298,694,244,79
1728462919533945000,725,30,404,778,170,129
1728462919534787000,660,0,521,783,98,231
1728462919535628000,580,0,618,760,43,345
1728462919536469000,484,0,713,698,0,450
1728462919537310000,378,26,789,623,0,543
1728462919538151000,279,101,824,523,0,628
1728462919538993000,170,193,849,421,4,711
1728462919539835000,85,277,826,324,65,766
1728462919540677000,20,394,794,218,109,806
1728462919541519000,82,494,758,138,186,793
1728462919542361000,0,600,609,139,292,794
1728462919543203000,0,682,544,64,399,736
1728462919544044000,21,751,398,0,473,620
1728462919544892000,97,796,274,0,552,517
1728462919545734000,188,814,178,0,602,417
1728462919546576000,282,799,90,53,645,304
1728462919547418000,383,737,17,138,660,201
1728462919548260000,506,673,0,226,666,167
1728462919549101000,589,584,0,325,616,82
1728462919549942000,676,487,0,438,559,0
1728462919550783000,745,378,34,533,496,0
1728462919551625000,786,353,110,650,410,0
1728462919552467000,765,33,188,679,389,0
1728462919553309000,786,18,320,749,269,59
1728462919554151000,713,18,433,778,151,160
1728462919554993000,640,0,554,787,79,266
1728462919555834000,555,0,655,746,29,368
1728462919556675000,458,5,730,682,0,473
1728462919557516000,346,43,798,600,0,578
1728462919558374000,231,109,833,485,0,661
1728462919559216000,139,226,855,392,29,730
1728462919560058000,56,309,832,298,82,786
1728462919560900000,5,422,757,201,165,809
1728462919561742000,5,528,629,97,261,845
1728462919562583000,5,625,552,33,311,688
1728462919563425000,0,820,469,8,415,637
1728462919564267000,53,767,362,0,505,600
1728462919565108000,111,805,248,0,562,494
1728462919565950000,210,808,149,1,616,388
1728462919566792000,312,789,74,71,658,282
1728462919567634000,412,730,5,157,664,181
1728462919568476000,494,645,0,297,645,101
1728462919569318000,597,554,0,377,610,29
1728462919570159000,674,456,0,443,538,0
1728462919571001000,754,345,54,560,459,0
1728462919571844000,765,238,125,621,381,0
1728462919572686000,778,149,327,697,328,46
1728462919573528000,736,66,256,746,194,196
1728462919574370000,711,4,466,782,130,181
1728462919575212000,618,0,583,773,64,284
1728462919576053000,525,0,685,741,13,397
1728462919576894000,430,0,756,670,0,496
1728462919577735000,314,58,821,576,0,599
1728462919578577000,209,124,837,473,0,679
1728462919579419000,133,237,847,367,29,741
1728462919580261000,50,341,817,273,98,786
1728462919581103000,0,442,741,201,178,815
1728462919581945000,0,554,687,133,250,790
1728462919582787000,0,637,562,0,329,714
1728462919583628000,0,740,464,0,410,672
1728462919584470000,55,774,339,0,522,568
1728462919585319000,144,802,217,0,586,466
1728462919586160000,234,802,122,26,628,361
1728462919587002000,340,768,46,90,656,266
1728462919587844000,448,719,1,171,665,148
1728462919588686000,540,627,0,281,642,64
1728462919589527000,639,588,0,389,602,1
1728462919590368000,708,459,1,480,533,0
1728462919591209000,762,354,73,576,494,0
1728462919592050000,796,156,149,689,410,0
1728462919592892000,789,78,258,709,214,25
1728462919593734000,824,26,378,766,189,122
1728462919594576000,685,0,496,779,106,221
1728462919595417000,612,0,601,767,48,320
1728462919596259000,501,0,704,721,0,409
1728462919597101000,395,5,779,654,0,517
1728462919597942000,294,74,827,554,0,626
1728462919598791000,194,165,858,434,2,704
1728462919599633000,93,270,840,343,41,762
1728462919600475000,17,363,789,248,122,802
1728462919601317000,0,477,707,151,199,767
1728462919602159000,0,679,621,109,301,750
1728462919603000000,30,749,530,9,369,700
1728462919603841000,18,725,436,0,469,640
1728462919604683000,75,796,313,0,530,537
1728462919605524000,156,802,205,0,594,436
1728462919606366000,264,800,98,33,651,334
1728462919607208000,363,758,34,113,658,234
1728462919608050000,464,691,0,215,661,125
1728462919608891000,546,608,0,333,629,55
1728462919609732000,633,500,0,402,577,0
1728462919610573000,716,393,17,507,514,0
1728462919611415000,764,314,84,579,436,0
1728462919612267000,777,207,277,673,369,5
1728462919613109000,762,101,182,732,241,136
1728462919613951000,738,26,400,775,178,138
1728462919614793000,663,0,517,783,96,237
1728462919615634000,581,0,616,755,38,350
1728462919616476000,484,0,714,696,0,448
1728462919617317000,383,25,789,624,0,540
1728462919618158000,266,79,828,530,0,636
1728462919619000000,178,188,846,421,0,718
1728462919619842000,87,290,837,314,53,775
1728462919620684000,18,402,788,228,121,812
1728462919621526000,0,498,752,170,207,801
1728462919622368000,0,607,619,1,309,756
1728462919623210000,0,730,532,0,389,736
1728462919624052000,26,758,399,0,466,617
1728462919624893000,96,797,285,0,541,516
1728462919625744000,180,811,175,0,608,405
1728462919626586000,282,788,94,57,650,303
1728462919627428000,401,746,17,133,674,213
1728462919628270000,496,764,0,228,650,104
1728462919629111000,604,642,0,335,619,33
1728462919629952000,670,473,0,432,615,0
1728462919630794000,736,353,37,540,516,0
1728462919631636000,796,218,104,605,345,0
1728462919632478000,898,145,266,704,286,10
1728462919633320000,754,66,298,832,228,97
1728462919634162000,712,9,430,786,154,159
1728462919635003000,645,0,541,781,82,261
1728462919635845000,557,0,641,746,26,368
1728462919636686000,461,0,736,682,0,480
1728462919637528000,350,45,797,597,0,567
1728462919638369000,226,122,842,498,0,634
1728462919639215000,146,205,832,398,23,729
1728462919640057000,69,320,804,293,84,758
1728462919640899000,8,426,776,207,149,802
1728462919641741000,0,577,682,98,325,791
1728462919642583000,0,557,586,64,386,748
1728462919643425000,0,684,480,0,343,690
1728462919644267000,46,770,376,0,490,600
1728462919645108000,119,808,253,0,554,491
1728462919645950000,205,817,157,4,613,376
1728462919646792000,311,786,64,74,651,286
1728462919647634000,426,728,5,154,668,186
1728462919648476000,517,653,0,250,639,90
1728462919649318000,604,562,47,365,612,21
1728462919650159000,686,456,18,458,548,0
1728462919651001000,754,341,43,559,473,29
1728462919651843000,811,252,74,629,404,50
1728462919652688000,800,133,212,706,282,0
1728462919653530000,789,153,333,771,210,66
1728462919654372000,704,0,464,794,127,186
1728462919655214000,624,0,567,770,66,287
1728462919656056000,531,0,669,724,9,402
1728462919656897000,430,5,755,671,0,495
1728462919657738000,320,58,815,580,0,589
1728462919658579000,200,129,847,477,0,682
1728462919659421000,106,229,846,356,25,736
1728462919660263000,50,346,810,258,103,797
1728462919661105000,0,455,762,174,181,810
1728462919661947000,0,589,736,90,270,789
1728462919662789000,0,629,480,29,348,832
1728462919663630000,0,700,379,0,452,736
1728462919664472000,56,779,339,0,506,565
1728462919665313000,137,803,226,0,576,463
1728462919666178000,230,802,138,21,627,363
1728462919667020000,340,769,43,87,653,260
1728462919667862000,453,714,0,180,666,158
1728462919668704000,559,618,0,282,629,74
1728462919669545000,714,532,0,383,581,9
1728462919670386000,749,429,10,484,517,0
1728462919671228000,743,314,71,612,448,0
1728462919672070000,724,215,181,696,354,0
1728462919672912000,740,125,254,682,269,68
1728462919673754000,738,69,382,753,197,101
1728462919674596000,686,0,490,784,110,211
1728462919675437000,605,0,597,782,53,320
1728462919676278000,512,0,692,717,5,420
1728462919677119000,407,18,786,642,0,525
1728462919677960000,292,79,832,553,0,624
1728462919678802000,187,169,849,449,0,681
1728462919679638000,112,246,832,351,58,756
1728462919680480000,34,362,806,254,114,806
1728462919681322000,0,473,736,157,184,794
1728462919682163000,90,562,690,90,256,773
1728462919683005000,41,651,525,23,354,722
1728462919683846000,0,733,425,32,451,673
1728462919684688000,85,789,310,0,538,546
1728462919685529000,161,808,203,0,584,434
1728462919686371000,261,802,109,37,640,325
1728462919687213000,361,758,38,111,660,234
1728462919688055000,470,698,0,207,664,136
1728462919688897000,576,608,0,302,638,137
1728462919689738000,661,514,0,402,581,64
1728462919690579000,725,407,17,506,498,18
1728462919691421000,769,286,75,597,428,0
1728462919692263000,807,282,161,695,344,0
1728462919693110000,822,173,266,715,282,34
1728462919693952000,734,4,394,777,192,121
1728462919694794000,664,0,525,780,97,233
1728462919695635000,578,0,627,759,49,341
1728462919696476000,474,0,721,714,0,444
1728462919697317000,377,34,785,623,0,548
1728462919698158000,261,90,832,517,0,641
1728462919699000000,160,186,853,418,4,723
1728462919699841000,74,296,832,298,64,781
1728462919700683000,11,398,794,226,146,811
1728462919701525000,0,500,799,129,224,805
1728462919702367000,0,642,692,50,334,778
1728462919703208000,0,698,418,0,369,792
1728462919704050000,23,761,390,0,474,626
1728462919704891000,90,797,286,0,548,525
1728462919705733000,181,799,178,0,604,415
1728462919706582000,282,789,77,52,643,309
1728462919707424000,395,744,18,146,658,202
1728462919708266000,497,669,0,229,656,107
1728462919709107000,599,565,0,335,609,40
1728462919709948000,750,473,0,442,557,0
1728462919710789000,784,370,34,531,487,0
1728462919711631000,704,251,128,673,401,34
1728462919712473000,741,166,202,624,321,0
1728462919713315000,721,137,338,725,233,86
1728462919714157000,719,17,441,781,158,164
1728462919714999000,648,0,543,775,78,265
1728462919715840000,559,0,649,745,17,360
1728462919716681000,458,0,734,690,0,463
1728462919717522000,344,39,802,597,0,576
1728462919718363000,250,119,837,501,0,610
1728462919719205000,148,214,848,395,18,721
1728462919720054000,66,303,810,285,77,779
1728462919720896000,5,426,773,205,159,816
1728462919721738000,0,491,704,110,193,794
1728462919722580000,82,624,648,51,308,757
1728462919723422000,26,704,474,73,404,719
1728462919724264000,38,770,369,0,485,591
1728462919725105000,119,802,261,0,562,490
1728462919725947000,203,816,154,9,613,393
1728462919726789000,312,773,69,75,654,282
1728462919727631000,422,724,0,155,658,174
1728462919728473000,523,655,11,260,642,144
1728462919729315000,601,562,0,357,608,80
1728462919730156000,686,448,0,457,546,21
1728462919730997000,762,343,34,559,474,0
1728462919731839000,791,261,105,631,383,0
1728462919732681000,815,210,213,719,295,0
1728462919733529000,725,0,330,758,272,90
1728462919734371000,693,0,469,779,132,185
1728462919735213000,624,0,576,779,66,285
1728462919736055000,533,0,661,730,20,397
1728462919736896000,427,9,758,664,0,506
1728462919737737000,324,64,816,578,0,591
1728462919738578000,209,149,850,472,0,677
1728462919739420000,122,235,847,362,32,752
1728462919740262000,37,346,810,261,96,794
1728462919741104000,0,453,754,171,174,805
1728462919741946000,0,581,718,89,245,878
1728462919742787000,0,625,509,34,368,809
1728462919743629000,52,741,420,0,427,605
1728462919744471000,58,775,340,0,516,578
1728462919745312000,138,805,229,0,576,470
1728462919746154000,234,807,144,23,628,354
1728462919747006000,329,775,50,85,653,263
1728462919747848000,448,709,0,184,669,158
1728462919748689000,656,619,0,278,638,78
1728462919749530000,704,534,0,378,580,18
1728462919750371000,746,429,9,489,513,0
1728462919751213000,747,324,78,604,448,0
1728462919752055000,742,213,149,591,360,0
1728462919752897000,756,148,260,692,274,71
1728462919753739000,746,29,360,754,197,111
1728462919754581000,680,0,489,781,111,203
1728462919755422000,598,0,603,773,49,314
1728462919756264000,506,0,698,722,2,417
1728462919757105000,405,14,767,649,0,516
1728462919757946000,292,79,833,548,0,631
1728462919758788000,192,168,850,457,0,682
1728462919759630000,106,266,837,346,55,743
1728462919760478000,29,338,802,261,117,801
1728462919761320000,0,476,732,151,194,806
1728462919762161000,101,576,700,93,258,786
1728462919763003000,69,669,533,11,349,721
1728462919763844000,0,734,400,52,434,669
1728462919764686000,77,784,309,0,540,546
1728462919765527000,159,802,197,0,585,437
1728462919766368000,260,798,100,42,642,334
1728462919767210000,370,761,34,106,658,237
1728462919768052000,473,699,0,206,661,130
1728462919768894000,561,615,33,308,636,117
1728462919769735000,656,501,0,407,586,68
1728462919770576000,718,402,2,500,510,42
1728462919771418000,772,290,85,595,424,4
1728462919772259000,773,199,162,673,335,0
1728462919773101000,795,193,298,751,261,11
1728462919773961000,722,0,386,794,225,130
1728462919774803000,668,0,522,778,93,235
1728462919775644000,583,0,622,761,43,341
1728462919776486000,473,0,714,704,0,437
1728462919777327000,373,23,786,624,0,534
1728462919778168000,260,94,839,519,0,641
1728462919779010000,161,181,852,436,2,722
1728462919779852000,75,293,832,298,46,783
1728462919780694000,25,402,786,224,128,805
1728462919781536000,0,504,750,130,220,808
1728462919782378000,0,637,687,66,320,766
1728462919783220000,0,672,434,0,410,786
1728462919784062000,66,773,362,0,473,568
1728462919784903000,101,799,282,0,546,523
1728462919785744000,181,812,178,0,602,409
1728462919786586000,281,785,82,52,640,308
1728462919787439000,400,746,11,138,665,209
1728462919788281000,505,682,0,229,653,118
1728462919789122000,671,579,0,328,608,38
1728462919789963000,725,480,0,433,554,0
1728462919790805000,725,368,32,576,482,0
1728462919791646000,745,258,114,645,401,0
1728462919792488000,744,160,202,647,306,34
1728462919793330000,741,122,322,728,241,64
1728462919794172000,717,18,491,773,162,166
1728462919795014000,648,0,550,781,82,265
1728462919795855000,559,0,648,742,21,366
1728462919796696000,467,0,744,682,0,466
1728462919797537000,341,41,807,608,0,566
1728462919798378000,237,122,843,509,0,664
1728462919799220000,151,204,849,398,18,720
1728462919800062000,66,298,832,301,75,773
1728462919800899000,8,410,767,205,153,802
1728462919801741000,69,513,705,116,228,802
1728462919802583000,36,610,610,57,313,764
1728462919803424000,0,711,493,64,405,736
1728462919804266000,26,770,373,0,496,604
1728462919805107000,117,802,251,0,556,489
1728462919805949000,205,813,155,8,616,383
1728462919806791000,302,773,66,71,652,281
1728462919807633000,416,729,0,156,663,178
1728462919808475000,530,654,0,260,652,117
1728462919809316000,617,564,0,357,608,69
1728462919810157000,696,459,0,458,541,1
1728462919810998000,754,346,43,558,474,0
1728462919811840000,789,316,104,661,397,0
1728462919812682000,784,26,210,693,382,13
1728462919813524000,773,13,335,749,122,78
1728462919814388000,704,10,459,780,130,193
1728462919815229000,628,0,578,778,68,288
1728462919816071000,530,0,666,737,18,393
1728462919816912000,437,2,746,658,0,493
1728462919817753000,322,64,817,569,0,599
1728462919818594000,201,139,842,463,0,674
1728462919819436000,111,242,851,366,26,750
1728462919820278000,41,346,818,271,105,797
1728462919821120000,0,452,752,169,171,807
1728462919821962000,0,552,586,90,250,863
1728462919822803000,21,663,519,21,361,773
1728462919823644000,46,728,426,0,405,587
1728462919824486000,57,779,338,0,513,576
1728462919825327000,138,807,225,0,578,469
1728462919826169000,231,802,141,16,615,362
1728462919827010000,338,775,50,88,649,266
1728462919827848000,441,711,0,180,666,162
1728462919828689000,629,617,0,285,637,74
1728462919829530000,682,533,0,385,595,20
1728462919830371000,705,423,10,522,527,0
1728462919831213000,743,313,74,599,444,0
1728462919832055000,736,212,125,605,365,0
1728462919832896000,749,171,277,697,277,41
1728462919833738000,729,17,459,749,226,122
1728462919834580000,689,0,485,788,110,199
1728462919835421000,608,0,605,777,46,309
1728462919836262000,501,0,700,719,0,407
1728462919837104000,402,10,778,648,0,520
1728462919837945000,293,78,832,551,0,626
1728462919838786000,202,162,850,454,0,690
1728462919839628000,105,239,841,346,37,753
1728462919840470000,25,361,801,255,97,799
1728462919841321000,0,465,744,162,194,805
1728462919842162000,64,576,648,64,264,773
1728462919843004000,0,666,522,75,352,770
1728462919843846000,0,738,448,36,436,674
1728462919844687000,82,791,320,0,540,541
1728462919845528000,151,807,206,0,588,441
1728462919846370000,257,793,106,36,634,338
1728462919847212000,367,758,37,109,660,234
1728462919848054000,478,699,0,203,666,130
1728462919848896000,562,602,0,302,632,109
1728462919849737000,650,509,0,407,590,45
1728462919850578000,725,402,6,508,512,0
1728462919851420000,769,341,81,602,434,0
1728462919852261000,808,245,177,655,341,0
1728462919853103000,736,26,276,740,311,37
1728462919853945000,712,5,402,774,125,133
1728462919854795000,671,0,514,782,101,234
1728462919855636000,578,0,624,757,34,341
1728462919856477000,485,0,722,713,0,440
1728462919857318000,383,28,786,623,0,532
1728462919858159000,270,101,842,529,0,642
1728462919859001000,170,181,852,419,5,724
1728462919859843000,82,283,840,313,52,767
1728462919860685000,18,395,784,225,129,799
1728462919861527000,0,494,706,141,220,810
1728462919862369000,31,629,586,64,306,682
1728462919863211000,0,685,491,0,389,645
1728462919864052000,0,876,389,18,485,594
1728462919864893000,96,794,282,0,546,517
1728462919865734000,185,807,178,0,610,405
1728462919866576000,276,794,90,53,645,312
1728462919867418000,394,744,5,128,666,206
1728462919868266000,501,676,0,221,654,116
1728462919869107000,658,585,0,345,608,42
1728462919869948000,644,487,0,484,559,0
1728462919870790000,720,370,37,557,493,0
1728462919871632000,765,260,107,612,401,0
1728462919872474000,757,196,210,676,310,0
1728462919873316000,759,85,405,738,266,82
1728462919874158000,698,0,343,766,170,241
1728462919875000000,647,0,548,783,79,257
1728462919875841000,561,0,642,747,36,370
1728462919876683000,458,0,740,681,0,477
1728462919877524000,349,45,805,604,0,565
1728462919878365000,240,117,844,508,0,654
1728462919879207000,145,185,847,402,18,715
1728462919880049000,64,309,820,288,75,786
1728462919880891000,9,415,774,209,149,794
1728462919881749000,0,524,686,128,235,799
1728462919882591000,0,604,626,84,320,763
1728462919883432000,0,689,455,0,394,688
1728462919884274000,11,791,369,0,489,619
1728462919885115000,114,804,251,0,557,500
1728462919885957000,212,808,153,9,609,381
1728462919886799000,311,778,66,69,660,283
1728462919887641000,417,718,4,160,664,178
1728462919888483000,523,654,0,250,650,99
1728462919889324000,616,647,0,357,608,9
1728462919890165000,698,535,0,455,544,0
1728462919891006000,741,381,52,554,514,0
1728462919891848000,795,210,124,643,426,0
1728462919892690000,800,109,226,687,234,25
1728462919893532000,855,49,396,767,177,86
1728462919894374000,618,0,471,839,125,199
1728462919895601000,633,0,569,778,66,288
1728462919896443000,526,0,670,736,14,393
1728462919897284000,432,0,759,661,0,491
1728462919898126000,323,64,818,578,0,598
1728462919898967000,224,139,850,485,0,674
1728462919899809000,124,238,852,369,37,745
1728462919900651000,41,352,806,269,102,794
1728462919901493000,4,463,752,171,171,810
1728462919902335000,0,636,661,106,264,751
1728462919903177000,9,698,565,21,412,724
1728462919904018000,0,628,452,0,498,652
1728462919904860000,58,752,327,0,530,565
1728462919905701000,137,807,228,0,582,471
1728462919906543000,231,810,133,13,623,366
1728462919907385000,333,775,52,89,661,253
1728462919908227000,455,711,0,180,673,158
1728462919908691000,542,637,0,277,645,81
1728462919909532000,621,532,0,369,587,13
1728462919910373000,692,429,8,463,525,0
1728462919911214000,757,321,72,576,448,0
1728462919912056000,773,215,244,650,399,0
1728462919912898000,789,132,306,719,279,135
1728462919913740000,781,74,325,759,207,165
1728462919914582000,686,0,488,781,104,201
1728462919915423000,606,0,602,766,53,308
1728462919916264000,503,0,695,719,1,421
1728462919917105000,405,17,767,650,0,522
1728462919917946000,297,82,824,554,0,622
1728462919918787000,205,148,861,442,0,697
1728462919919629000,109,249,850,354,40,752
1728462919920471000,0,366,804,253,117,802
1728462919921313000,0,481,730,151,202,810
1728462919922175000,0,580,629,21,273,791
1728462919923016000,0,719,561,0,370,727
1728462919923857000,18,789,426,0,455,621
1728462919924698000,74,788,325,0,528,549
1728462919925539000,159,802,196,0,591,437
1728462919926381000,258,802,113,30,638,334
1728462919927223000,367,763,37,116,658,237
1728462919928065000,471,689,0,204,660,126
1728462919928906000,576,660,0,309,641,56
1728462919929747000,650,494,0,410,635,0
1728462919930588000,727,382,13,513,554,0
1728462919931430000,770,279,90,590,421,0
1728462919932272000,901,181,224,679,309,0
1728462919933114000,833,82,270,750,242,43
1728462919933956000,645,33,410,820,171,165
1728462919934797000,666,0,522,776,90,236
1728462919935638000,581,0,620,770,37,333
1728462919936479000,482,0,716,704,0,442
1728462919937320000,378,27,787,626,0,545
1728462919938161000,276,97,828,533,0,644
1728462919939003000,178,188,846,415,0,715
1728462919939845000,90,285,818,302,53,774
1728462919940686000,26,396,789,234,126,779
1728462919941528000,0,505,723,133,217,799
1728462919942369000,0,666,626,46,312,746
1728462919943211000,0,597,501,8,453,695
1728462919944053000,37,704,402,0,503,613
1728462919944895000,104,802,289,0,557,521
1728462919945737000,176,805,181,0,600,413
1728462919946579000,285,786,83,50,650,309
1728462919947421000,386,749,27,126,661,212
1728462919948263000,506,680,0,229,649,110
1728462919949111000,581,587,0,320,625,40
1728462919949952000,668,485,0,426,570,0
1728462919950793000,722,375,53,533,490,0
1728462919951634000,773,266,139,622,410,0
1728462919952476000,777,139,109,674,301,95
1728462919953318000,788,89,258,741,250,125
1728462919954160000,682,109,402,786,170,125
1728462919955002000,651,0,541,783,82,260
1728462919955843000,555,0,652,750,18,372
1728462919956684000,461,0,736,687,0,469
1728462919957525000,352,47,802,599,0,567
1728462919958366000,235,117,849,509,0,663
1728462919959208000,154,201,852,403,18,730
1728462919960050000,47,301,819,296,76,789
1728462919960892000,0,415,782,192,141,783
1728462919961734000,0,537,700,122,245,794
1728462919962588000,0,636,594,34,336,754
1728462919963429000,0,700,580,0,448,710
1728462919964271000,34,805,448,0,501,607
1728462919965112000,116,801,254,0,558,495
1728462919965953000,212,807,157,2,618,377
1728462919966795000,290,780,73,74,653,287
1728462919967637000,418,738,0,149,668,185
1728462919968479000,520,653,0,244,645,98
1728462919969320000,613,534,0,361,649,21
1728462919970161000,697,449,0,453,583,0
1728462919971002000,746,335,53,549,461,0
1728462919971843000,838,229,128,640,380,0
1728462919972685000,874,141,233,704,277,26
1728462919973527000,690,64,392,802,199,111
1728462919974369000,665,5,448,738,117,193
1728462919975210000,624,0,578,777,66,293
1728462919976058000,534,0,671,740,16,393
1728462919976899000,434,0,747,672,0,491
1728462919977740000,324,64,814,581,0,602
1728462919978582000,221,138,842,471,0,672
1728462919979424000,136,240,846,372,34,738
1728462919980266000,64,344,805,269,93,784
1728462919981108000,0,452,750,180,181,807
1728462919981950000,0,529,673,100,279,767
1728462919982792000,0,576,552,50,395,717
1728462919983633000,8,676,457,0,362,645
1728462919984475000,42,733,353,0,468,561
1728462919985316000,138,810,218,0,585,469
1728462919986158000,229,812,130,7,621,363
1728462919987000000,343,778,50,88,655,254
1728462919987842000,441,709,0,177,665,156
1728462919988684000,549,634,0,279,645,82
1728462919989541000,628,535,0,373,597,16
1728462919990382000,704,432,79,469,533,0
1728462919991224000,759,333,108,577,449,0
1728462919992066000,776,221,130,660,370,40
1728462919992908000,832,138,213,718,274,0
1728462919993750000,730,151,335,799,215,82
1728462919994592000,690,38,485,784,148,193
1728462919995433000,613,0,596,769,47,306
1728462919996275000,509,0,692,722,1,418
1728462919997116000,400,9,782,650,0,517
1728462919997957000,303,69,824,558,0,616
1728462919998799000,192,161,848,448,0,699
1728462919999641000,84,245,848,341,28,759
1728462920000483000,25,362,815,252,117,791
1728462920001325000,0,482,736,150,197,813
1728462920002167000,0,591,647,52,283,782
1728462920003007000,0,651,636,0,405,741
1728462920003849000,0,782,498,0,442,631
1728462920004691000,71,785,293,0,526,578
1728462920005533000,157,802,207,0,590,440
1728462920006375000,260,804,106,34,641,342
1728462920007216000,362,767,36,105,657,250
1728462920008058000,480,693,0,206,666,129
1728462920008899000,560,601,0,306,634,64
1728462920009741000,657,489,0,415,569,0
1728462920010582000,722,394,17,505,501,0
1728462920011424000,821,281,83,590,413,0
1728462920012266000,847,186,178,676,320,2
1728462920013107000,690,100,320,774,248,56
1728462920013949000,685,33,393,744,181,165
1728462920014791000,666,0,516,784,102,234
1728462920015632000,580,0,616,761,31,328
1728462920016480000,485,0,707,706,0,434
1728462920017322000,378,32,791,628,0,543
1728462920018163000,265,87,841,533,0,634
1728462920019004000,196,174,836,425,21,711
1728462920019846000,90,289,833,320,57,764
1728462920020688000,18,397,783,228,128,784
1728462920021530000,0,484,730,138,220,811
1728462920022371000,0,576,622,64,235,768
1728462920023213000,0,661,527,10,353,706
1728462920024054000,117,740,448,0,449,616
1728462920024896000,101,798,284,0,544,520
1728462920025738000,178,813,185,2,601,420
1728462920026580000,286,787,92,57,650,312
1728462920027422000,391,746,14,128,660,212
1728462920028264000,505,674,0,229,651,110
1728462920029105000,591,586,52,328,631,37
1728462920029957000,661,481,26,431,564,0
1728462920030798000,736,370,18,535,489,34
1728462920031640000,781,266,101,618,415,26
1728462920032481000,850,184,175,685,306,0
1728462920033323000,757,199,302,778,249,36
1728462920034165000,704,0,420,766,237,149
1728462920035007000,648,0,538,783,82,264
1728462920035848000,559,0,642,749,28,370
1728462920036689000,455,0,733,679,0,468
1728462920037530000,353,46,805,602,0,565
1728462920038371000,237,121,841,499,0,650
1728462920039213000,103,196,856,402,18,730
1728462920040055000,64,303,811,279,82,786
1728462920040897000,10,429,778,209,149,805
1728462920041739000,0,534,698,117,239,794
1728462920042581000,0,655,662,40,326,746
1728462920043429000,0,698,386,0,397,792
1728462920044270000,47,778,314,0,509,658
1728462920045112000,122,801,258,0,564,498
1728462920045954000,206,807,162,2,601,386
1728462920046796000,299,779,75,79,650,288
1728462920047638000,420,728,9,157,670,185
1728462920048480000,522,661,0,245,654,101
1728462920049321000,611,553,0,352,590,34
1728462920050162000,782,453,0,458,536,0
1728462920051004000,789,352,52,549,463,0
1728462920051845000,767,235,132,669,385,0
1728462920052687000,732,141,225,722,290,0
1728462920053529000,741,121,368,738,205,101
1728462920054371000,701,0,581,767,156,211
1728462920055213000,636,0,569,781,74,282
1728462920056054000,532,0,672,736,14,393
1728462920056900000,432,0,754,669,0,490
1728462920057741000,322,53,817,576,0,597
1728462920058583000,222,141,853,473,0,677
1728462920059425000,130,234,847,375,34,746
1728462920060267000,33,327,805,277,98,779
1728462920061109000,10,456,761,181,177,811
1728462920061951000,0,558,677,101,250,770
1728462920062792000,73,636,613,46,322,722
1728462920063633000,53,711,450,64,415,687
1728462920064475000,0,764,370,29,501,580
1728462920065317000,133,799,229,0,576,465
1728462920066159000,241,805,130,21,626,357
1728462920067001000,329,775,53,85,654,258
1728462920067843000,441,709,0,173,661,158
1728462920068685000,550,637,0,277,651,80
1728462920069526000,632,538,0,373,594,64
1728462920070382000,707,442,0,480,525,0
1728462920071224000,760,323,66,576,458,0
1728462920072066000,775,249,155,653,363,0
1728462920072908000,800,170,245,711,343,11
1728462920073750000,746,0,356,778,233,98
1728462920074592000,687,0,482,775,56,194
1728462920075433000,602,0,594,769,50,307
1728462920076275000,506,0,696,723,5,414
1728462920077117000,405,8,767,652,0,516
1728462920077958000,293,73,820,560,0,618
1728462920078800000,197,154,849,448,0,700
1728462920079642000,90,267,851,336,41,756
1728462920080484000,17,354,811,256,121,805
1728462920081326000,0,477,730,151,207,807
1728462920082168000,0,581,628,66,293,808
1728462920083009000,41,693,498,11,363,626
1728462920083847000,10,728,392,0,448,576
1728462920084689000,64,901,309,18,538,511
1728462920085530000,158,805,202,0,594,448
1728462920086372000,260,797,112,29,632,331
1728462920087214000,370,765,33,109,665,234
1728462920088056000,466,702,0,203,663,139
1728462920088898000,568,608,0,307,640,64
1728462920089739000,622,514,0,450,581,8
1728462920090580000,696,405,14,543,507,0
1728462920091421000,752,296,92,613,426,0
1728462920092263000,778,194,180,648,330,0
1728462920093105000,752,165,313,704,245,58
1728462920093947000,709,10,495,767,212,145
1728462920094789000,660,0,522,767,82,302
1728462920095630000,583,0,623,759,32,329
1728462920096472000,482,0,718,708,0,434
1728462920097325000,377,21,789,625,0,548
1728462920098166000,272,90,839,530,0,640
1728462920099008000,171,178,847,424,4,713
1728462920099850000,90,272,833,321,57,759
1728462920100692000,16,397,799,225,114,794
1728462920101534000,0,491,723,139,205,806
1728462920102375000,48,587,629,66,286,761
1728462920103216000,42,676,501,64,383,724
1728462920104057000,0,745,397,41,451,661
1728462920104898000,74,796,285,18,537,516
1728462920105740000,181,815,189,0,602,402
1728462920106582000,281,784,82,54,642,308
1728462920107424000,392,752,11,130,661,218
1728462920108266000,503,676,0,226,653,107
1728462920109107000,586,590,0,335,622,39
1728462920109948000,670,478,0,437,568,25
1728462920110804000,741,374,20,531,492,0
1728462920111646000,772,308,107,617,411,0
1728462920112488000,821,233,194,692,320,0
1728462920113330000,746,0,303,746,298,47
1728462920114172000,701,0,421,764,101,162
1728462920115014000,669,0,537,783,90,258
1728462920115855000,558,0,645,739,21,366
1728462920116696000,461,0,741,679,0,466
1728462920117538000,360,46,800,604,0,564
1728462920118379000,241,117,837,497,0,657
1728462920119221000,142,209,849,393,21,725
1728462920120063000,66,309,832,285,79,783
1728462920120905000,8,426,773,206,148,804
1728462920121747000,0,527,682,117,239,802
1728462920122588000,26,632,540,42,326,794
1728462920123430000,0,698,448,0,399,626
1728462920124271000,34,884,372,10,497,576
1728462920125112000,114,804,260,0,552,495
1728462920125954000,202,814,160,13,613,386
1728462920126796000,312,784,78,72,650,288
1728462920127638000,414,732,0,151,669,184
1728462920128479000,522,661,0,245,649,106
1728462920129320000,666,561,0,412,604,26
1728462920130161000,670,457,0,504,545,0
1728462920131002000,730,342,50,581,472,0
1728462920131844000,770,234,114,626,385,0
1728462920132686000,770,207,250,682,303,21
1728462920133528000,753,58,452,750,234,111
1728462920134370000,699,9,526,778,112,264
1728462920135212000,639,0,572,783,72,281
1728462920136053000,535,0,663,737,18,389
1728462920136895000,437,0,758,663,0,497
1728462920137751000,323,57,821,583,0,591
1728462920138593000,218,138,846,476,0,672
1728462920139435000,113,219,853,377,34,749
1728462920140277000,58,341,810,265,90,791
1728462920141119000,7,456,762,181,168,810
1728462920141961000,0,565,676,96,260,786
1728462920142803000,0,649,607,82,338,769
1728462920143645000,0,714,453,0,421,656
1728462920144487000,34,788,348,0,506,594
1728462920145328000,139,808,234,0,578,474
1728462920146169000,241,802,136,21,619,357
1728462920147011000,331,776,50,94,656,267
1728462920147853000,441,709,0,176,661,156
1728462920148695000,543,634,0,273,637,82
1728462920149536000,635,559,0,383,596,4
1728462920150377000,713,510,2,476,533,0
1728462920151223000,752,366,69,578,448,0
1728462920152064000,785,202,146,661,405,0
1728462920152906000,800,73,248,730,322,20
1728462920153748000,875,29,380,776,154,98
1728462920154590000,757,0,473,779,90,207
1728462920155432000,598,0,602,770,49,309
1728462920156273000,506,0,690,730,0,417
1728462920157114000,409,9,766,650,0,514
1728462920157955000,298,74,832,551,0,619
1728462920158797000,196,155,856,453,0,690
1728462920159639000,98,249,843,340,50,761
1728462920160481000,23,361,800,250,114,798
1728462920161323000,0,472,723,149,203,810
1728462920162165000,0,579,644,84,279,776
1728462920163006000,0,669,512,10,375,661
1728462920163847000,25,834,413,10,455,613
1728462920164693000,90,832,290,0,602,517
1728462920165534000,154,818,194,0,594,453
1728462920166376000,261,800,111,30,640,342
1728462920167218000,354,759,30,106,661,228
1728462920168060000,466,696,0,201,666,137
1728462920168901000,568,608,0,306,634,64
1728462920169742000,628,509,0,432,583,2
1728462920170583000,704,410,21,514,506,0
1728462920171425000,758,292,92,588,418,0
1728462920172267000,790,198,184,669,343,0
1728462920173109000,767,132,368,730,290,64
1728462920173951000,726,18,325,765,184,215
1728462920174793000,705,2,462,779,113,264
1728462920175634000,581,0,622,757,41,338
1728462920176476000,480,0,719,708,0,442
1728462920177317000,392,18,786,634,0,540
1728462920178174000,274,94,832,530,0,641
1728462920179016000,170,183,852,415,0,716
1728462920179858000,85,274,850,325,43,756
1728462920180700000,18,389,798,234,130,811
1728462920181541000,0,500,724,138,217,810
1728462920182382000,0,602,621,79,308,777
1728462920183224000,0,681,506,0,382,709
1728462920184066000,0,791,418,0,465,631
1728462920184908000,53,794,285,0,549,513
1728462920185750000,181,802,170,0,608,414
1728462920186592000,281,802,82,43,647,320
1728462920187433000,391,745,20,132,661,200
1728462920188275000,494,679,0,226,658,106
1728462920189116000,590,591,0,335,624,49
1728462920189957000,665,567,0,431,565,0
1728462920190798000,740,439,32,542,496,0
1728462920191641000,775,264,109,609,456,0
1728462920192483000,789,129,201,693,343,0
1728462920193325000,794,50,322,746,206,69
1728462920194167000,794,0,425,777,139,168
1728462920195009000,589,0,549,816,72,286
1728462920195850000,565,0,653,753,23,359
1728462920196691000,465,0,736,688,0,464
1728462920197532000,352,42,807,608,0,554
1728462920198373000,245,111,842,507,0,653
1728462920199215000,148,213,842,392,14,727
1728462920200057000,64,320,826,285,73,785
1728462920200899000,5,421,761,206,154,797
1728462920201741000,0,530,693,117,242,800
1728462920202582000,0,706,583,50,327,729
1728462920203423000,33,781,476,8,415,661
1728462920204264000,42,661,375,0,558,604
1728462920205116000,119,782,263,0,589,492
1728462920205958000,199,809,162,5,616,380
1728462920206800000,305,781,64,69,655,288
1728462920207642000,414,741,10,146,661,194
1728462920208484000,528,657,0,256,651,90
1728462920209325000,618,566,0,359,610,26
1728462920210166000,666,458,0,442,544,0
1728462920211008000,728,343,50,548,473,0
1728462920211850000,782,235,132,636,393,0
1728462920212691000,772,145,322,689,313,26
1728462920213533000,758,87,394,752,194,130
1728462920214375000,742,5,405,777,144,226
1728462920215217000,632,0,562,779,66,281
1728462920216058000,537,0,673,736,17,394
1728462920216899000,440,0,761,666,0,495
1728462920217740000,325,64,817,581,0,594
1728462920218586000,215,151,847,476,0,677
1728462920219428000,128,228,847,370,18,741
1728462920220270000,48,338,818,271,87,781
1728462920221112000,0,458,762,189,165,818
1728462920221954000,0,559,681,98,257,778
1728462920222795000,0,649,562,0,338,726
1728462920223636000,0,725,465,0,421,695
1728462920224477000,57,821,353,0,512,562
1728462920225319000,145,806,226,0,578,475
1728462920226161000,229,797,132,28,615,356
1728462920227003000,330,775,53,85,657,250
1728462920227845000,442,712,0,181,668,166
1728462920228687000,543,640,0,274,639,90
1728462920229528000,640,608,0,377,599,5
1728462920230369000,719,481,1,477,537,0
1728462920231211000,754,302,65,578,508,0
1728462920232062000,778,195,154,654,401,0
1728462920232904000,771,85,242,709,240,32
1728462920233746000,826,34,377,749,173,113
1728462920234588000,597,0,501,842,105,237
1728462920235429000,613,0,594,769,64,303
1728462920236270000,513,0,693,719,0,413
1728462920237111000,405,2,767,664,0,512
1728462920237952000,298,77,824,552,0,618
1728462920238794000,194,160,845,444,0,698
1728462920239636000,98,269,842,343,37,754
1728462920240478000,47,361,785,251,123,797
1728462920241320000,0,480,719,146,194,809
1728462920242161000,0,584,650,85,282,789
1728462920243003000,15,747,532,41,368,692
1728462920243845000,0,636,418,0,522,621
1728462920244687000,68,723,303,10,561,534
1728462920245531000,157,810,201,0,595,442
1728462920246373000,250,802,109,25,626,338
1728462920247215000,362,765,37,115,654,233
1728462920248057000,469,693,0,201,663,133
1728462920248899000,570,610,0,305,637,64
1728462920249740000,638,522,0,389,585,10
1728462920250581000,715,405,10,490,517,0
1728462920251423000,770,295,85,595,431,0
1728462920252265000,783,198,232,672,341,0
1728462920253107000,762,133,351,725,250,50
1728462920253949000,747,47,341,761,206,188
1728462920254791000,704,0,485,767,81,164
1728462920255632000,588,0,621,761,34,328
1728462920256473000,487,0,718,707,2,438
1728462920257314000,373,18,789,629,0,538
1728462920258155000,274,85,832,540,0,637
1728462920259051000,173,188,844,421,8,711
1728462920259893000,93,279,841,324,53,764
1728462920260735000,2,394,785,234,122,820
1728462920261577000,0,494,709,146,218,809
1728462920262418000,0,602,626,58,302,773
1728462920263260000,0,709,541,0,381,725
1728462920264102000,9,772,394,0,468,609
1728462920264944000,78,801,288,0,555,516
1728462920265785000,174,807,180,0,604,418
1728462920266627000,279,786,84,48,649,312
1728462920267469000,397,752,23,126,668,213
1728462920268311000,495,677,0,229,648,111
1728462920269152000,587,596,0,325,626,42
1728462920269993000,669,542,0,429,565,0
1728462920270835000,736,350,27,532,543,0
1728462920271677000,779,249,114,613,442,0
1728462920272489000,789,158,202,677,306,4
1728462920273331000,873,57,361,756,202,53
1728462920274173000,610,10,414,841,139,205
1728462920275015000,597,0,550,800,78,242
1728462920275857000,562,0,646,746,20,366
1728462920276698000,468,0,736,690,0,457
1728462920277539000,354,42,807,603,0,560
1728462920278380000,234,111,839,509,0,656
1728462920279222000,149,196,842,412,20,723
1728462920280064000,65,303,811,285,74,783
1728462920280906000,1,422,766,209,156,794
1728462920281748000,0,529,682,125,242,779
1728462920282589000,0,634,584,52,341,757
1728462920283431000,0,614,474,8,456,680
1728462920284272000,47,704,366,2,516,591
1728462920285113000,111,769,260,0,500,478
1728462920285969000,194,812,157,5,613,392
1728462920286811000,306,786,69,71,658,292
1728462920287653000,420,736,5,146,668,192
1728462920288495000,522,661,0,257,642,93
1728462920289336000,613,567,0,361,618,26
1728462920290177000,682,482,0,448,551,0
1728462920291018000,746,347,122,549,473,0
1728462920291860000,778,245,176,632,393,0
1728462920292701000,791,149,193,700,296,64
1728462920293543000,818,94,302,748,224,37
1728462920294385000,673,101,450,815,133,133
1728462920295227000,641,42,560,767,81,261
1728462920296069000,538,0,686,732,6,394
1728462920296910000,435,0,752,670,0,486
1728462920297751000,320,67,811,578,0,598
1728462920298592000,215,135,853,476,0,675
1728462920299433000,126,226,841,374,26,743
1728462920300275000,33,337,815,276,82,776
1728462920301117000,0,463,767,178,169,806
1728462920301959000,0,558,677,98,254,780
1728462920302800000,0,638,640,36,354,736
1728462920303641000,0,751,542,0,463,671
1728462920304483000,47,761,244,0,484,655
1728462920305325000,136,801,206,0,581,498
1728462920306167000,229,806,143,21,625,366
1728462920307009000,331,772,50,90,657,267
1728462920307851000,448,721,0,170,661,170
1728462920308692000,552,640,0,279,644,79
1728462920309533000,626,542,0,385,597,7
1728462920310374000,704,417,5,484,517,0
1728462920311216000,825,309,64,578,448,0
1728462920312058000,808,215,158,652,365,0
1728462920312906000,719,121,265,765,274,47
1728462920313748000,715,56,352,725,206,114
1728462920314590000,683,23,486,766,113,186
1728462920315432000,605,0,609,773,56,309
1728462920316273000,516,0,688,714,0,420
1728462920317115000,413,14,773,650,0,508
1728462920317956000,293,81,832,558,0,609
1728462920318798000,192,161,858,454,0,696
1728462920319640000,92,261,842,346,52,744
1728462920320482000,33,362,799,242,102,789
1728462920321324000,0,463,741,162,197,796
1728462920322166000,0,576,669,79,282,784
1728462920323008000,98,635,543,23,331,713
1728462920323849000,125,725,457,0,428,639
1728462920324691000,0,784,308,47,514,585
1728462920325532000,151,807,207,0,578,437
1728462920326387000,253,803,114,33,638,338
1728462920327229000,357,754,34,106,655,234
1728462920328071000,471,696,0,204,665,142
1728462920328912000,576,619,0,302,635,64
1728462920329753000,661,516,23,401,587,45
1728462920330594000,715,410,2,503,513,39
1728462920331436000,765,290,74,604,436,30
1728462920332277000,792,196,164,664,346,0
1728462920333119000,773,199,267,754,270,17
1728462920333961000,704,0,389,776,245,117
1728462920334803000,683,0,514,778,23,209
1728462920335645000,582,0,612,757,41,335
1728462920336487000,490,0,713,708,0,441
1728462920337328000,383,28,783,617,0,542
1728462920338169000,278,98,843,527,0,634
1728462920339011000,175,192,852,427,8,718
1728462920339854000,82,289,832,320,54,778
1728462920340696000,14,402,794,220,122,810
1728462920341538000,0,512,722,138,218,799
1728462920342380000,0,608,621,64,298,778
1728462920343222000,0,668,466,0,401,776
1728462920344063000,66,763,353,0,471,650
1728462920344905000,126,792,239,0,538,444
1728462920345746000,186,813,182,0,602,414
1728462920346588000,277,795,93,53,642,305
1728462920347430000,382,743,15,130,663,210
1728462920348272000,497,681,0,221,663,121
1728462920349113000,587,588,0,324,626,45
1728462920349954000,763,485,0,424,547,0
1728462920350796000,798,378,37,528,480,0
1728462920351637000,740,264,113,658,398,0
1728462920352479000,758,164,207,712,321,9
1728462920353327000,736,119,332,712,242,98
1728462920354169000,706,4,490,765,174,169
1728462920355011000,642,30,619,775,106,266
1728462920355853000,568,0,639,754,32,362
1728462920356694000,458,0,736,693,0,460
1728462920357535000,353,37,791,606,0,569
1728462920358376000,245,113,845,500,0,662
1728462920359218000,148,207,861,404,18,724
1728462920360060000,64,276,810,306,74,772
1728462920360902000,10,397,763,206,142,801
1728462920361744000,0,517,704,122,226,786
1728462920362585000,0,613,604,55,320,758
1728462920363426000,0,690,474,66,391,736
1728462920364268000,0,746,402,17,480,602
1728462920365109000,57,803,238,0,563,496
1728462920365951000,206,810,158,0,613,393
1728462920366803000,311,785,73,64,649,282
1728462920367645000,409,734,5,157,664,185
1728462920368487000,522,658,0,250,655,93
1728462920369328000,610,568,0,350,613,29
1728462920370170000,688,459,0,448,548,20
1728462920371011000,757,361,38,548,468,0
1728462920371853000,779,320,130,629,389,0
1728462920372695000,777,169,228,705,309,18
1728462920373537000,762,5,325,776,255,85
1728462920374379000,693,0,474,782,79,175
1728462920375221000,704,0,613,785,43,277
1728462920376063000,528,0,671,738,13,394
1728462920376904000,437,0,753,674,0,485
1728462920377745000,320,56,809,581,0,591
1728462920378586000,224,133,845,480,0,679
1728462920379428000,132,233,847,369,30,738
1728462920380278000,41,339,817,282,100,794
1728462920381120000,0,448,746,178,170,807
1728462920381962000,0,551,656,90,258,791
1728462920382803000,0,645,567,42,338,740
1728462920383645000,0,709,439,0,421,602
1728462920384487000,55,872,341,26,517,551
1728462920385329000,146,847,221,0,633,457
1728462920386171000,232,808,126,16,630,368
1728462920387013000,333,775,47,74,656,267
1728462920387855000,442,722,0,176,677,153
1728462920388697000,538,632,0,281,650,77
1728462920389538000,637,540,0,378,602,17
1728462920390379000,680,436,5,510,530,0
1728462920391221000,744,321,65,554,448,0
1728462920392063000,777,232,154,643,366,0
1728462920392904000,770,122,258,711,282,26
1728462920393758000,736,53,436,762,229,114
1728462920394600000,692,0,394,767,101,297
1728462920395442000,631,0,555,760,52,362
1728462920396284000,509,0,693,725,2,420
1728462920397126000,410,14,767,651,0,526
1728462920397967000,296,65,825,555,0,618
1728462920398808000,194,159,856,448,0,696
1728462920399650000,109,262,842,354,41,757
1728462920400492000,32,357,822,253,104,788
1728462920401334000,0,458,741,165,194,803
1728462920402175000,0,578,647,77,279,789
1728462920403017000,0,666,548,43,361,712
1728462920403858000,0,741,414,0,430,649
1728462920404699000,54,832,327,0,522,569
1728462920405541000,148,809,213,0,576,442
1728462920406383000,253,799,113,32,634,335
1728462920407230000,360,762,34,100,656,238
1728462920408072000,464,698,0,200,661,129
1728462920408914000,562,608,0,305,641,64
1728462920409755000,648,507,0,414,586,4
1728462920410596000,721,481,5,501,516,0
1728462920411438000,770,334,90,592,427,0
1728462920412279000,789,176,168,669,368,0
1728462920413121000,773,89,273,732,279,37
1728462920413963000,864,10,434,791,154,120
1728462920414805000,736,0,489,860,90,245
1728462920415646000,565,0,616,775,36,341
1728462920416487000,493,0,718,707,0,433
1728462920417328000,381,25,781,629,0,530
1728462920418169000,267,97,833,529,0,642
1728462920419011000,174,168,843,430,2,708
1728462920419853000,87,287,834,303,64,774
1728462920420698000,23,398,776,229,125,799
1728462920421540000,0,508,721,130,215,796
1728462920422381000,0,600,633,64,302,762
1728462920423223000,0,789,497,13,389,661
1728462920424064000,46,832,393,5,473,587
1728462920424906000,93,673,262,0,628,497
1728462920425748000,174,807,181,0,602,410
1728462920426590000,272,789,96,46,642,310
1728462920427432000,383,749,21,126,663,209
1728462920428273000,497,684,0,218,656,122
1728462920429114000,595,590,0,327,621,43
1728462920429955000,651,484,0,454,567,0
1728462920430797000,711,378,32,514,490,0
1728462920431639000,757,258,104,610,405,0
1728462920432481000,777,162,193,679,322,5
1728462920433323000,750,58,397,722,269,90
1728462920434178000,704,28,320,764,154,257
1728462920435020000,672,0,498,778,122,306
1728462920435861000,561,0,637,746,30,363
1728462920436702000,461,0,729,688,0,466
1728462920437543000,354,37,801,606,0,561
1728462920438384000,249,112,845,506,0,650
1728462920439226000,144,207,855,397,11,729
1728462920440068000,64,293,821,301,65,772
1728462920440910000,18,410,781,202,145,805
1728462920441752000,0,522,698,123,235,798
1728462920442593000,0,608,608,50,314,754
1728462920443434000,0,690,517,0,402,682
1728462920444275000,5,764,367,0,485,632
1728462920445117000,87,860,284,0,554,498
1728462920445959000,213,805,160,5,616,383
1728462920446801000,293,788,69,66,649,282
1728462920447659000,410,725,4,148,663,178
1728462920448501000,520,657,0,245,660,101
1728462920449342000,610,568,0,350,610,37
1728462920450183000,690,559,0,448,546,0
1728462920451024000,760,414,46,550,480,0
1728462920451866000,773,221,125,632,426,0
1728462920452708000,786,130,226,713,320,16
1728462920453550000,757,46,349,754,165,90
1728462920454392000,788,0,482,777,105,178
1728462920455234000,521,0,585,837,57,335
1728462920456076000,544,0,666,741,20,386
1728462920456917000,432,1,750,668,0,490
1728462920457758000,327,56,818,586,0,594
1728462920458599000,225,130,842,473,0,676
1728462920459441000,126,235,850,373,29,738
1728462920460283000,49,340,788,279,93,794
1728462920461123000,5,448,743,182,181,804
1728462920461965000,0,554,668,96,257,784
1728462920462806000,0,655,576,40,338,729
1728462920463647000,26,790,458,0,413,631
1728462920464489000,53,647,345,0,587,559
1728462920465331000,153,745,218,1,617,474
1728462920466173000,228,802,138,14,621,363
1728462920467015000,344,776,49,83,670,258
1728462920467857000,436,716,0,181,666,157
1728462920468698000,543,634,0,279,640,81
1728462920469539000,635,543,0,378,606,17
1728462920470380000,693,441,8,456,528,0
1728462920471221000,751,331,68,565,445,0
1728462920472063000,777,224,151,645,369,0
1728462920472904000,767,123,277,717,279,33
1728462920473746000,743,32,279,765,215,181
1728462920474596000,725,0,452,773,94,130
1728462920475438000,583,87,568,789,66,267
1728462920476280000,509,0,697,729,1,426
1728462920477121000,413,2,767,655,0,510
1728462920477962000,296,78,832,558,0,616
1728462920478803000,196,157,853,457,0,693
1728462920479645000,112,258,840,346,50,752
1728462920480487000,29,354,804,257,105,802
1728462920481329000,0,480,738,158,200,811
1728462920482171000,0,558,631,52,287,776
1728462920483012000,0,667,540,1,376,733
1728462920483853000,0,789,448,0,427,645
1728462920484694000,69,788,297,0,528,525
1728462920485535000,146,805,310,0,613,452
1728462920486377000,253,804,104,25,638,335
1728462920487219000,357,757,36,100,656,233
1728462920488066000,477,701,0,197,671,138
1728462920488907000,562,612,0,302,634,68
1728462920489748000,649,514,0,413,589,4
1728462920490589000,722,457,10,500,541,0
1728462920491431000,768,271,79,590,473,0
1728462920492273000,788,196,178,669,327,0
1728462920493115000,832,109,287,733,253,41
1728462920493957000,794,22,370,847,161,133
1728462920494799000,610,0,535,824,85,213
1728462920495641000,549,0,612,719,31,333
1728462920496482000,490,0,714,707,0,431
1728462920497323000,382,31,788,634,0,542
1728462920498164000,267,82,832,533,0,634
1728462920499006000,170,181,843,421,0,708
1728462920499848000,84,277,839,324,52,767
1728462920500689000,30,394,789,224,136,777
1728462920501544000,0,503,719,138,215,789
1728462920502385000,0,608,629,69,302,769
1728462920503227000,0,674,511,0,439,693
1728462920504068000,21,682,399,0,517,609
1728462920504910000,101,744,269,0,450,501
1728462920505752000,175,788,170,0,580,405
1728462920506594000,276,789,90,50,645,313
1728462920507436000,383,749,13,130,666,213
1728462920508278000,501,677,0,229,658,110
1728462920509119000,600,591,0,325,626,42
1728462920509960000,663,489,0,433,566,0
1728462920510802000,725,378,38,533,500,0
1728462920511644000,770,265,117,613,413,0
1728462920512485000,779,168,219,689,326,8
1728462920513327000,767,85,248,744,240,146
1728462920514169000,764,27,388,770,149,89
1728462920515015000,633,103,520,799,103,213
1728462920515857000,565,22,633,753,34,361
1728462920516698000,466,0,738,685,0,471
1728462920517539000,356,42,809,601,0,567
1728462920518380000,253,117,841,510,0,654
1728462920519222000,147,209,857,399,17,728
1728462920520064000,74,309,832,302,77,767
1728462920520906000,0,404,770,206,143,811
1728462920521748000,0,523,704,117,229,796
1728462920522589000,0,610,612,39,321,753
1728462920523430000,0,716,507,0,405,725
1728462920524272000,26,794,372,0,488,591
1728462920525113000,93,783,362,0,579,521
1728462920525954000,197,808,171,0,608,388
1728462920526796000,312,791,75,76,656,286
1728462920527638000,405,729,18,150,665,186
1728462920528488000,517,648,0,255,653,98
1728462920529329000,613,568,0,350,618,41
1728462920530170000,693,497,0,448,547,0
1728462920531011000,757,322,42,553,525,0
1728462920531852000,777,226,117,633,418,0
1728462920532694000,778,133,232,704,288,17
1728462920533536000,852,42,383,762,192,74
1728462920534378000,610,1,449,842,117,233
1728462920535220000,564,0,596,804,52,245
1728462920536062000,538,0,671,741,23,386
1728462920536903000,426,0,752,672,0,486
1728462920537744000,322,46,808,581,0,590
1728462920538585000,224,136,839,474,0,674
1728462920539427000,134,232,842,373,23,740
1728462920540269000,47,356,811,272,98,798
1728462920541111000,9,440,754,186,174,789
1728462920541969000,0,555,672,98,264,773
1728462920542811000,0,650,572,37,341,733
1728462920543652000,0,654,456,0,493,640
1728462920544494000,37,692,343,5,557,552
1728462920545336000,146,764,237,0,506,480
1728462920546178000,221,804,132,16,625,366
1728462920547020000,330,776,53,79,653,270
1728462920547862000,437,722,0,177,663,154
1728462920548704000,535,637,0,277,644,82
1728462920549545000,635,544,0,383,604,10
1728462920550386000,690,437,2,469,530,0
1728462920551228000,752,322,72,568,448,0
1728462920552070000,789,221,217,650,370,0
1728462920552912000,773,130,269,708,277,26
1728462920553754000,774,52,298,757,221,154
1728462920554596000,709,0,448,773,109,133
1728462920555435000,618,96,565,791,58,279
1728462920556276000,517,0,693,723,0,404
1728462920557117000,417,13,777,657,0,501
1728462920557958000,292,73,832,562,0,618
1728462920558800000,196,149,849,465,0,693
1728462920559642000,106,254,846,346,42,759
1728462920560484000,37,351,781,257,105,797
1728462920561326000,0,465,747,162,197,806
1728462920562168000,0,568,645,74,288,780
1728462920563009000,0,669,537,10,373,732
1728462920563850000,0,738,418,0,442,641
1728462920564692000,68,773,401,0,564,550
1728462920565534000,128,840,245,0,578,482
1728462920566376000,250,799,110,29,634,341
1728462920567218000,356,756,28,101,662,235
1728462920568060000,469,697,0,199,660,136
1728462920568906000,562,617,0,306,638,64
1728462920569747000,647,511,0,402,580,5
1728462920570588000,725,382,21,506,553,0
1728462920571430000,767,288,82,586,420,0
1728462920572272000,865,188,180,663,333,0
1728462920573114000,810,107,282,732,265,42
1728462920573956000,668,34,424,805,170,117
1728462920574798000,640,0,509,740,94,247
1728462920575640000,564,37,638,750,36,314
1728462920576482000,492,0,709,709,0,438
1728462920577323000,378,21,785,629,0,527
1728462920578164000,279,84,834,537,0,635
1728462920579005000,173,177,849,432,4,706
1728462920579847000,89,280,842,320,50,776
1728462920580689000,21,389,791,234,133,785
1728462920581531000,0,489,714,130,218,804
1728462920582393000,0,588,629,71,308,778
1728462920583235000,0,673,517,5,375,707
1728462920584076000,9,730,401,0,409,626
1728462920584917000,212,778,338,10,513,513
1728462920585759000,254,802,181,0,584,418
1728462920586601000,281,796,82,50,649,320
1728462920587443000,386,754,14,122,665,221
1728462920588285000,499,683,0,228,654,114
1728462920589126000,594,595,0,326,626,47
1728462920589967000,669,497,0,432,568,0
1728462920590808000,724,380,102,522,493,0
1728462920591650000,773,267,154,615,412,0
1728462920592492000,786,174,184,680,322,57
1728462920593334000,767,80,301,743,230,37
1728462920594176000,758,75,414,778,169,123
1728462920595018000,623,0,522,787,162,242
1728462920595856000,557,0,629,750,73,356
1728462920596697000,469,0,741,685,0,466
1728462920597539000,355,42,802,606,0,562
1728462920598380000,239,122,839,508,0,653
1728462920599222000,156,197,853,402,23,724
1728462920600064000,66,309,818,294,74,783
1728462920600906000,0,426,776,197,141,803
1728462920601748000,0,532,701,117,240,786
1728462920602590000,0,616,597,47,330,766
1728462920603431000,0,711,530,0,413,702
1728462920604272000,36,753,265,0,480,696
1728462920605114000,105,796,197,0,576,562
1728462920605956000,212,810,145,2,610,353
1728462920606798000,292,781,79,71,653,290
1728462920607640000,412,736,0,148,666,189
1728462920608482000,521,669,0,244,650,111
1728462920609330000,611,565,0,356,612,21
1728462920610171000,700,471,0,456,568,0
1728462920611013000,833,343,56,554,466,0
1728462920611855000,832,233,122,635,385,0
1728462920612697000,776,149,226,730,303,25
1728462920613539000,747,74,338,722,215,96
1728462920614381000,674,49,477,759,133,159
1728462920615223000,601,0,682,774,96,293
1728462920616064000,516,0,682,738,21,392
1728462920616905000,434,0,748,666,0,487
1728462920617746000,327,56,820,585,0,585
1728462920618588000,218,138,848,476,0,673
1728462920619430000,132,224,848,377,29,740
1728462920620272000,69,335,807,277,106,782
1728462920621114000,0,434,749,185,162,791
1728462920621956000,0,554,677,103,249,778
1728462920622805000,0,644,591,37,341,736
1728462920623646000,77,693,495,0,395,664
1728462920624488000,100,762,322,58,493,599
1728462920625330000,65,796,266,26,568,484
1728462920626172000,224,810,138,14,624,361
1728462920627014000,324,770,58,97,656,264
1728462920627856000,444,718,0,171,671,162
1728462920628698000,545,638,0,269,649,82
1728462920629539000,633,548,0,381,594,16
1728462920630380000,712,440,0,480,533,36
1728462920631222000,749,327,50,576,452,21
1728462920632064000,784,214,130,653,365,0
1728462920632906000,776,188,242,717,289,17
1728462920633748000,762,18,356,740,271,90
1728462920634590000,696,0,474,793,154,192
1728462920635432000,594,0,586,755,2,298
1728462920636282000,526,0,682,727,17,416
1728462920637123000,410,14,765,651,0,514
1728462920637964000,303,74,825,543,0,609
1728462920638806000,201,162,851,449,0,686
1728462920639648000,101,258,850,352,42,760
1728462920640490000,13,369,807,244,101,788
1728462920641332000,0,477,738,154,201,808
1728462920642174000,0,581,618,79,282,776
1728462920643016000,0,661,530,21,366,725
1728462920643857000,90,751,381,0,438,544
1728462920644699000,81,782,285,0,514,491
1728462920645540000,166,916,198,17,586,413
1728462920646382000,258,798,112,28,631,330
1728462920647224000,349,766,37,105,656,242
1728462920648066000,463,694,0,202,662,138
1728462920648907000,565,613,0,296,642,64
1728462920649761000,654,521,0,392,585,10
1728462920650602000,770,418,14,493,501,0
1728462920651443000,750,297,89,634,434,0
1728462920652285000,772,194,178,661,349,0
1728462920653127000,766,104,277,736,261,49
1728462920653969000,730,18,502,753,196,144
1728462920654811000,666,16,577,782,96,215
1728462920655653000,586,0,549,759,57,410
1728462920656494000,495,0,706,715,0,430
1728462920657335000,392,20,781,629,0,541
1728462920658176000,270,86,838,529,0,639
1728462920659018000,183,177,852,430,0,706
1728462920659860000,84,285,843,325,64,774
1728462920660702000,23,378,784,226,117,807
1728462920661544000,0,486,724,138,199,802
1728462920662386000,0,604,625,58,301,767
1728462920663228000,0,693,523,10,383,707
1728462920664070000,0,746,439,23,462,602
1728462920664911000,50,792,270,0,546,512
1728462920665753000,154,832,186,0,602,438
1728462920666595000,283,798,89,42,641,314
1728462920667437000,386,747,14,124,669,205
1728462920668279000,487,679,0,224,656,114
1728462920669120000,591,587,0,341,625,49
1728462920669961000,672,488,0,431,570,0
1728462920670802000,745,382,23,520,497,0
1728462920671644000,773,336,100,615,405,0
1728462920672486000,789,206,207,685,325,0
1728462920673328000,778,68,309,745,261,65
1728462920674170000,725,0,410,765,92,148
1728462920675011000,777,0,576,779,53,245
1728462920675853000,655,0,682,745,1,356
1728462920676703000,455,0,736,693,0,457
1728462920677545000,353,31,804,610,0,560
1728462920678386000,254,106,840,514,0,663
1728462920679228000,151,200,849,401,6,722
1728462920680070000,74,306,832,303,72,777
1728462920680911000,5,415,779,205,156,804
1728462920681753000,0,521,690,122,237,792
1728462920682594000,0,613,578,48,333,753
1728462920683436000,0,704,494,0,410,684
1728462920684277000,18,835,362,0,485,555
1728462920685119000,137,898,254,10,576,463
1728462920685961000,186,721,158,0,683,373
1728462920686803000,299,788,66,64,654,290
1728462920687645000,414,736,5,151,661,178
1728462920688487000,519,664,0,247,658,101
1728462920689328000,599,564,0,352,609,28
1728462920690182000,688,469,0,462,553,0
1728462920691023000,722,350,41,549,471,0
1728462920691865000,770,245,125,615,380,0
1728462920692707000,776,156,233,698,299,23
1728462920693549000,754,64,383,754,228,86
1728462920694391000,696,0,381,767,146,260
1728462920695233000,682,14,528,767,64,224
1728462920696074000,536,0,648,732,6,327
1728462920696915000,433,2,757,673,0,495
1728462920697756000,325,53,810,585,0,593
1728462920698598000,224,130,837,474,0,669
1728462920699440000,138,231,848,367,32,745
1728462920700282000,45,337,817,284,93,784
1728462920701124000,0,429,765,184,165,799
1728462920701966000,0,544,674,101,249,797
1728462920702808000,0,645,576,36,341,747
1728462920703647000,0,711,474,0,410,674
1728462920704489000,29,832,378,0,511,569
1728462920705331000,107,805,229,0,576,466
1728462920706173000,212,801,205,14,640,364
1728462920707015000,328,774,55,79,660,263
1728462920707857000,442,722,0,176,658,162
1728462920708699000,543,638,0,277,650,75
1728462920709540000,629,541,0,378,608,18
1728462920710381000,702,431,2,478,532,0
1728462920711223000,760,324,57,580,513,0
1728462920712064000,789,203,153,647,409,0
1728462920712906000,783,116,250,716,258,23
1728462920713748000,826,26,374,770,186,114
1728462920714590000,597,0,473,839,114,256
1728462920715432000,543,0,618,794,41,303
1728462920716274000,501,0,689,725,0,410
1728462920717123000,410,18,770,650,0,510
1728462920717964000,296,69,832,558,0,616
1728462920718806000,202,154,838,455,0,694
1728462920719648000,107,251,832,345,52,754
1728462920720490000,18,360,804,253,101,786
1728462920721332000,0,476,737,165,192,782
1728462920722174000,0,576,648,89,284,773
1728462920723015000,0,661,533,28,368,714
1728462920723856000,16,777,407,0,519,633
1728462920724698000,66,705,309,0,564,538
1728462920725539000,181,762,220,0,489,431
1728462920726381000,256,793,114,34,624,337
1728462920727223000,357,754,30,106,663,235
1728462920728065000,469,700,0,192,660,142
1728462920728906000,565,613,0,303,630,64
1728462920729747000,651,517,0,410,591,0
1728462920730599000,709,412,20,496,517,0
1728462920731441000,761,290,79,595,431,0
1728462920732283000,782,197,218,670,352,0
1728462920733125000,778,107,269,722,260,95
1728462920733967000,807,58,357,770,169,34
1728462920734809000,651,57,491,793,110,182
1728462920735650000,596,69,604,799,64,304
1728462920736492000,487,0,714,704,0,437
1728462920737333000,388,23,784,634,0,532
1728462920738174000,277,97,834,530,0,636
1728462920739016000,167,175,855,425,2,709
1728462920739858000,84,288,832,322,58,777
1728462920740700000,0,376,791,226,122,807
1728462920741541000,0,501,724,121,207,794
1728462920742383000,0,599,629,55,292,761
1728462920743224000,0,697,529,10,386,711
1728462920744073000,9,761,403,0,473,608
1728462920744914000,81,786,377,0,581,549
1728462920745756000,186,815,202,0,583,511
1728462920746598000,279,795,98,47,651,309
1728462920747440000,383,741,20,138,661,213
1728462920748282000,494,680,0,215,663,122
1728462920749123000,589,592,0,320,619,56
1728462920749964000,673,495,0,429,562,0
1728462920750805000,738,370,33,522,533,0
1728462920751647000,772,255,114,613,397,0
1728462920752489000,783,160,200,690,306,4
1728462920753331000,796,78,303,743,237,66
1728462920754173000,655,17,453,814,144,154
1728462920755015000,597,0,514,732,73,265
1728462920755857000,546,22,642,719,30,380
1728462920756698000,468,0,724,688,0,463
1728462920757546000,353,37,800,608,0,565
1728462920758387000,256,109,837,509,0,655
1728462920759228000,151,207,847,404,18,719
1728462920760070000,64,301,844,305,74,776
1728462920760912000,9,402,762,204,149,787
1728462920761754000,0,523,690,117,233,799
1728462920762595000,0,619,600,45,325,751
1728462920763437000,0,698,495,8,406,697
1728462920764279000,36,700,372,0,525,589
1728462920765120000,110,757,253,0,489,487
1728462920765962000,330,783,192,5,585,370
1728462920766804000,303,784,68,66,648,285
1728462920767646000,413,740,8,148,669,177
1728462920768488000,521,658,0,253,658,98
1728462920769329000,612,576,0,356,615,32
1728462920770170000,690,469,0,448,554,0
1728462920771023000,746,353,122,546,473,0
1728462920771865000,776,257,178,628,389,0
1728462920772707000,776,145,221,697,302,74
1728462920773549000,756,66,322,753,218,80
1728462920774391000,713,113,442,813,149,138
1728462920775233000,648,53,570,756,133,253
1728462920776075000,512,0,674,761,58,369
1728462920776916000,434,0,746,677,0,491
1728462920777757000,324,53,809,583,0,589
1728462920778598000,231,132,843,480,0,673
1728462920779440000,133,228,844,379,32,736
1728462920780282000,45,330,822,279,90,789
1728462920781124000,0,444,750,171,165,808
1728462920781966000,0,561,674,90,245,800
1728462920782808000,0,642,581,36,348,747
1728462920783649000,0,726,480,0,434,665
1728462920784492000,30,757,245,0,488,661
1728462920785334000,121,789,165,0,597,529
1728462920786176000,269,816,110,5,612,293
1728462920787018000,334,777,50,82,652,261
1728462920787860000,436,719,0,174,666,166
1728462920788702000,550,636,0,277,653,82
1728462920789543000,637,552,0,373,602,10
1728462920790384000,706,444,0,469,540,0
1728462920791226000,862,320,74,570,434,0
1728462920792068000,839,218,151,652,363,0
1728462920792910000,756,133,258,757,279,37
1728462920793752000,739,45,362,751,206,110
1728462920794594000,677,21,482,769,116,186
1728462920795436000,599,0,704,749,93,329
1728462920796277000,501,15,773,715,13,421
1728462920797119000,412,2,767,659,0,506
1728462920797981000,302,82,822,555,0,621
1728462920798823000,202,154,854,448,0,700
1728462920799665000,104,258,847,352,41,753
1728462920800507000,27,357,808,253,109,795
1728462920801349000,0,461,733,160,193,801
1728462920802190000,0,576,647,77,273,777
1728462920803031000,0,658,558,29,362,731
1728462920803872000,64,730,450,0,437,645
1728462920804714000,0,773,314,57,515,596
1728462920805556000,85,801,235,26,581,450
1728462920806398000,241,806,122,3,625,347
1728462920807240000,354,762,42,109,655,235
1728462920808082000,466,706,0,202,665,137
1728462920808924000,555,609,0,301,636,64
1728462920809765000,657,512,0,410,596,0
1728462920810606000,724,410,13,501,522,0
1728462920811447000,770,299,69,583,431,0
1728462920812289000,786,226,170,668,346,0
1728462920813131000,770,156,272,730,258,41
1728462920813973000,741,0,378,773,224,117
1728462920814815000,701,0,510,763,31,220
1728462920815657000,713,0,650,776,4,311
1728462920816499000,514,0,713,707,0,442
1728462920817340000,383,18,790,633,0,534
1728462920818182000,274,90,825,530,0,634
1728462920819024000,188,189,849,420,0,719
1728462920819866000,90,282,834,322,64,765
1728462920820708000,8,378,794,230,136,801
1728462920821550000,0,502,715,140,220,805
1728462920822392000,0,602,629,57,306,770
1728462920823233000,0,688,519,5,381,708
1728462920824074000,64,763,370,0,449,553
1728462920824911000,76,777,261,0,530,453
1728462920825752000,181,882,169,25,613,370
1728462920826594000,274,786,79,46,651,320
1728462920827436000,381,746,23,121,658,220
1728462920828278000,500,682,0,226,662,116
1728462920829119000,583,591,0,325,628,54
1728462920829960000,658,489,0,428,576,0
1728462920830801000,779,370,29,530,494,0
1728462920831642000,751,268,97,653,412,0
1728462920832484000,767,170,200,683,314,8
1728462920833326000,752,85,312,738,240,45
1728462920834169000,725,17,501,781,212,174
1728462920835011000,660,0,437,765,82,346
1728462920835853000,590,4,589,749,53,421
1728462920836695000,466,0,732,694,0,456
1728462920837536000,352,35,803,605,0,565
1728462920838444000,239,105,850,509,0,653
1728462920839286000,156,201,844,398,18,730
1728462920840128000,72,312,832,302,68,777
1728462920840970000,3,424,789,210,145,800
1728462920841812000,0,506,701,127,233,785
1728462920842653000,0,618,604,58,327,762
1728462920843494000,0,706,496,0,410,695
1728462920844336000,0,767,402,14,485,604
1728462920845178000,77,814,245,0,559,521
1728462920846020000,172,857,181,0,608,394
1728462920846862000,306,786,69,66,655,290
1728462920847704000,415,738,10,149,663,192
1728462920848546000,519,661,0,245,644,93
1728462920849387000,608,572,0,356,618,23
1728462920850228000,687,470,0,452,554,0
1728462920851069000,746,450,42,551,480,0
1728462920851866000,789,306,117,630,404,0
1728462920852708000,786,132,225,696,335,21
1728462920853550000,754,60,338,749,212,78
1728462920854392000,682,0,462,770,85,169
1728462920855233000,732,0,602,787,49,270
1728462920856075000,558,0,637,813,1,402
1728462920856916000,441,0,749,679,0,480
1728462920857758000,332,57,816,589,0,586
1728462920858599000,221,130,847,493,0,673
1728462920859441000,132,221,847,383,30,740
1728462920860283000,55,329,814,274,90,794
1728462920861125000,0,442,741,175,174,799
1728462920861967000,0,545,675,100,264,788
1728462920862808000,0,637,565,28,329,722
1728462920863650000,0,719,463,0,426,668
1728462920864491000,78,836,335,0,490,548
1728462920865343000,117,697,217,0,644,448
1728462920866185000,233,762,122,18,631,367
1728462920867027000,330,768,49,84,663,261
1728462920867869000,441,719,0,171,673,165
1728462920868710000,546,642,0,274,641,78
1728462920869551000,638,549,0,380,593,14
1728462920870392000,709,448,5,477,537,0
1728462920871234000,737,329,69,561,453,0
1728462920872076000,773,221,148,642,368,0
1728462920872918000,786,126,321,709,290,33
1728462920873760000,747,50,383,765,202,145
1728462920874602000,738,20,452,775,129,256
1728462920875444000,620,0,565,773,53,256
1728462920876286000,529,85,670,750,10,401
1728462920877128000,413,5,772,653,0,505
1728462920877969000,303,66,825,560,0,608
1728462920878823000,196,154,851,459,0,693
1728462920879665000,105,255,838,346,45,756
1728462920880507000,34,356,802,250,106,796
1728462920881349000,0,465,743,165,192,810
1728462920882191000,0,557,651,77,276,776
1728462920883033000,0,663,552,26,369,728
1728462920883874000,8,736,429,0,442,650
1728462920884716000,53,757,421,0,544,572
1728462920885557000,143,826,290,0,616,457
1728462920886399000,249,798,27,21,621,424
1728462920887241000,346,759,42,101,661,234
1728462920888083000,469,699,0,196,670,141
1728462920888925000,568,618,0,294,634,69
1728462920889766000,655,521,0,410,579,2
1728462920890607000,724,416,25,496,516,0
1728462920891449000,764,266,79,593,476,0
1728462920892289000,787,180,170,663,328,0
1728462920893131000,847,96,272,727,253,49
1728462920893973000,712,29,393,804,162,129
1728462920894815000,610,0,517,791,84,210
1728462920895656000,543,0,610,724,30,352
1728462920896498000,473,29,725,682,0,440
1728462920897339000,386,34,784,626,0,543
1728462920898180000,274,87,832,533,0,625
1728462920899022000,181,180,849,429,13,704
1728462920899864000,91,282,834,331,58,768
1728462920900706000,20,388,788,224,132,805
1728462920901548000,0,500,704,148,210,786
1728462920902390000,0,609,632,69,306,764
1728462920903232000,0,680,520,14,385,706
1728462920904073000,23,713,404,0,498,608
1728462920904915000,105,751,285,0,465,520
1728462920905772000,301,773,220,0,549,410
1728462920906614000,349,776,106,50,619,306
1728462920907456000,377,745,18,126,663,217
1728462920908298000,491,682,0,220,659,117
1728462920909139000,590,589,0,325,633,50
1728462920909980000,676,493,0,426,569,0
1728462920910821000,741,389,35,535,493,0
1728462920911662000,766,274,170,613,415,0
1728462920912504000,778,165,244,683,325,58
1728462920913346000,765,85,290,737,245,98
1728462920914188000,722,114,404,785,161,114
1728462920915030000,686,52,530,795,84,217
1728462920915871000,540,0,628,757,101,352
1728462920916713000,466,0,728,698,5,458
1728462920917554000,361,38,796,605,0,563
1728462920918395000,249,117,836,498,0,662
1728462920919239000,146,203,847,401,14,718
1728462920920081000,71,312,824,301,74,774
1728462920920923000,0,417,769,202,151,805
1728462920921764000,0,532,706,109,226,802
1728462920922606000,0,628,600,37,320,749
1728462920923447000,0,716,497,0,410,687
1728462920924289000,38,778,452,0,517,611
1728462920925131000,117,791,148,0,558,597
1728462920925973000,241,824,113,0,629,455
1728462920926815000,305,784,72,64,642,284
1728462920927657000,405,736,17,149,663,184
1728462920928499000,517,660,0,250,651,105
1728462920929340000,606,564,0,349,613,32
1728462920930181000,693,466,0,453,568,0
1728462920931022000,751,348,43,552,455,0
1728462920931864000,877,237,132,640,382,0
1728462920932710000,849,148,226,698,301,9
1728462920933552000,744,65,328,778,225,93
1728462920934394000,653,21,459,704,137,170
1728462920935236000,613,42,586,754,64,290
1728462920936078000,530,26,661,726,13,362
1728462920936920000,431,0,756,682,0,487
1728462920937761000,328,48,809,589,0,587
1728462920938602000,228,133,850,478,0,674
1728462920939444000,130,234,850,373,20,744
1728462920940286000,46,326,825,282,91,792
1728462920941128000,0,436,757,192,173,800
1728462920941970000,0,537,666,104,258,791
1728462920942811000,0,634,581,30,338,754
1728462920943653000,0,731,476,0,421,674
1728462920944495000,154,773,402,4,477,578
1728462920945337000,198,788,213,8,559,480
1728462920946195000,141,800,146,77,626,402
1728462920947037000,330,778,53,81,654,269
1728462920947879000,434,722,0,175,662,153
1728462920948720000,537,636,0,277,650,80
1728462920949562000,634,546,0,378,604,23
1728462920950403000,708,438,0,474,539,0
1728462920951245000,761,328,45,562,458,58
1728462920952087000,785,226,133,645,360,26
1728462920952929000,774,132,250,724,277,21
1728462920953771000,747,70,366,767,206,100
1728462920954613000,657,0,474,779,178,188
1728462920955455000,638,0,578,776,55,292
1728462920956297000,543,0,698,727,0,404
1728462920957139000,413,5,763,658,0,514
1728462920957980000,297,66,821,569,0,612
1728462920958821000,199,153,853,453,0,689
1728462920959660000,114,252,837,347,36,754
1728462920960502000,27,362,809,260,109,794
1728462920961344000,0,452,738,160,202,806
1728462920962186000,0,577,649,81,282,781
1728462920963027000,0,658,549,21,353,732
1728462920963868000,7,724,421,0,434,642
1728462920964709000,98,791,256,0,544,581
1728462920965551000,180,815,175,0,569,389
1728462920966393000,244,900,93,50,645,309
1728462920967235000,351,753,34,96,655,242
1728462920968077000,466,706,0,200,661,134
1728462920968919000,555,615,0,298,633,64
1728462920969760000,655,516,0,405,591,2
1728462920970601000,724,416,15,504,521,0
1728462920971443000,818,292,90,642,422,0
1728462920972285000,774,194,170,690,343,0
1728462920973133000,757,105,282,721,258,52
1728462920973975000,732,31,387,759,180,130
1728462920974817000,668,33,592,764,117,239
1728462920975659000,590,0,521,752,20,426
1728462920976501000,530,8,683,708,13,488
1728462920977343000,394,12,781,635,0,533
1728462920978184000,274,94,832,537,0,644
1728462920979026000,174,176,854,422,0,714
1728462920979868000,82,279,845,329,58,761
1728462920980710000,10,385,791,234,133,806
1728462920981552000,0,480,725,141,205,796
1728462920982393000,0,597,632,65,309,778
1728462920983235000,0,681,525,18,380,711
1728462920984076000,0,753,415,0,458,628
1728462920984918000,36,789,295,0,533,544
1728462920985760000,149,866,198,0,599,414
1728462920986610000,266,776,206,28,650,320
1728462920987452000,389,753,21,127,673,211
1728462920988294000,490,680,0,225,661,117
1728462920989135000,588,591,0,325,626,49
1728462920989976000,671,500,0,425,571,0
1728462920990817000,743,383,23,517,500,0
1728462920991659000,779,339,101,610,405,0
1728462920992501000,784,148,197,688,378,0
1728462920993343000,761,58,306,741,253,64
1728462920994185000,777,10,422,782,141,156
1728462920995027000,725,0,546,772,64,258
1728462920995869000,468,0,634,810,25,404
1728462920996710000,394,0,741,729,0,458
1728462920997551000,358,29,797,611,0,560
1728462920998392000,249,107,834,506,0,651
1728462920999234000,162,207,847,402,10,731
1728462921000087000,66,309,832,298,76,777
1728462921000929000,0,410,778,202,149,801
1728462921001771000,0,538,690,117,239,783
1728462921002612000,0,624,604,46,320,745
1728462921003453000,0,697,484,4,393,668
1728462921004295000,34,774,367,0,530,591
1728462921005137000,82,702,259,0,613,493
1728462921005978000,217,749,158,0,527,383
1728462921006820000,417,779,85,64,629,303
1728462921007662000,414,738,11,151,661,185
1728462921008504000,509,658,0,252,651,101
1728462921009345000,613,565,0,362,618,32
1728462921010186000,692,466,0,454,564,0
1728462921011027000,744,354,42,549,480,0
1728462921011868000,772,245,123,622,389,0
1728462921012710000,783,160,282,697,305,21
1728462921013560000,757,64,324,754,225,122
1728462921014402000,730,1,416,777,144,122
1728462921015244000,625,79,548,808,82,245
1728462921016086000,568,43,660,726,42,356
1728462921016928000,423,0,749,676,8,488
1728462921017769000,330,58,814,587,0,597
1728462921018611000,226,136,843,482,0,673
1728462921019453000,130,228,844,370,23,742
1728462921020295000,45,339,822,286,94,786
1728462921021137000,0,442,772,187,171,810
1728462921021979000,0,550,662,92,261,793
1728462921022820000,0,657,565,13,346,753
1728462921023661000,0,724,468,0,424,676
1728462921024503000,43,759,433,0,511,576
1728462921025344000,117,836,306,0,586,477
1728462921026186000,215,777,57,16,615,452
1728462921027035000,328,772,42,81,661,272
1728462921027877000,445,737,0,175,660,169
1728462921028719000,538,639,0,274,646,78
1728462921029560000,633,540,0,383,597,18
1728462921030401000,706,437,0,480,535,0
1728462921031242000,757,310,66,568,485,0
1728462921032084000,783,207,155,645,351,0
1728462921032926000,842,132,261,714,270,36
1728462921033768000,724,42,366,789,197,100
1728462921034610000,648,0,462,715,124,169
1728462921035452000,581,21,602,746,45,320
1728462921036294000,501,9,689,706,10,386
1728462921037135000,410,10,773,654,0,503
1728462921037976000,309,66,821,565,0,615
1728462921038818000,202,159,847,458,0,696
1728462921039660000,113,252,849,348,40,757
1728462921040514000,34,361,808,253,105,796
1728462921041356000,0,473,745,160,188,793
1728462921042198000,0,568,658,85,281,778
1728462921043039000,0,642,554,26,373,725
1728462921043880000,5,736,432,0,442,663
1728462921044722000,64,757,320,0,472,538
1728462921045564000,274,781,257,0,558,426
1728462921046406000,298,789,90,110,621,359
1728462921047248000,353,773,34,100,659,242
1728462921048090000,471,704,0,192,661,141
1728462921048931000,569,625,0,297,629,66
1728462921049772000,650,522,0,405,588,0
1728462921050613000,725,411,17,501,525,0
1728462921051455000,762,298,146,596,434,0
1728462921052297000,786,201,162,661,343,57
1728462921053139000,775,105,273,725,253,28
1728462921053987000,730,86,389,770,181,126
1728462921054829000,680,4,501,770,190,218
1728462921055671000,591,0,618,782,100,321
1728462921056512000,517,0,706,706,0,432
1728462921057353000,382,23,788,628,0,530
1728462921058194000,269,90,841,541,0,635
1728462921059036000,175,169,844,434,2,706
1728462921059878000,89,273,841,321,58,767
1728462921060720000,30,386,797,239,130,804
1728462921061562000,0,505,724,144,213,795
1728462921062403000,0,610,632,64,299,772
1728462921063244000,0,672,523,5,393,709
1728462921064085000,18,754,401,0,474,631
1728462921064927000,78,787,202,0,542,613
1728462921065769000,220,826,145,0,597,455
1728462921066610000,258,773,69,53,636,254
1728462921067454000,381,749,18,133,666,220
1728462921068296000,490,682,0,218,656,124
1728462921069137000,591,597,0,321,625,50
1728462921069978000,675,501,0,427,565,0
1728462921070819000,734,389,36,526,498,0
1728462921071661000,806,258,107,613,408,0
1728462921072502000,834,167,196,685,312,5
1728462921073344000,747,82,303,791,237,70
1728462921074186000,714,17,432,764,149,145
1728462921075028000,633,42,577,762,85,255
1728462921075870000,553,0,639,741,33,352
1728462921076712000,470,4,811,681,29,471
1728462921077553000,359,41,804,608,0,569
1728462921078394000,250,112,847,518,0,655
1728462921079236000,149,201,853,402,15,714
1728462921080078000,79,301,817,304,75,786
1728462921080933000,5,417,773,205,151,809
1728462921081775000,0,498,691,126,234,784
1728462921082616000,0,625,599,51,329,752
1728462921083457000,0,695,498,9,403,683
1728462921084298000,36,741,394,0,485,604
1728462921085140000,194,769,265,0,540,501
1728462921085981000,98,804,149,58,594,443
1728462921086823000,245,778,89,101,636,282
1728462921087665000,404,730,8,146,665,194
1728462921088507000,517,661,0,257,655,104
1728462921089348000,601,576,0,348,613,33
1728462921090189000,690,471,0,448,554,0
1728462921091031000,751,363,50,543,473,0
1728462921091872000,780,245,106,629,393,36
1728462921092714000,786,153,213,698,313,11
1728462921093556000,757,141,324,752,222,73
1728462921094410000,711,0,452,775,169,177
1728462921095252000,629,0,565,794,117,266
1728462921096093000,560,0,668,743,0,368
1728462921096935000,429,0,750,677,0,484
1728462921097776000,331,41,810,588,0,583
1728462921098618000,220,125,841,478,0,673
1728462921099460000,133,231,847,383,18,736
1728462921100302000,46,328,821,281,92,786
1728462921101144000,0,441,753,186,170,806
1728462921101985000,0,557,666,90,253,795
1728462921102826000,0,645,576,20,352,741
1728462921103667000,0,724,464,0,421,672
1728462921104509000,40,781,306,0,501,596
1728462921105351000,170,818,193,0,580,514
1728462921106193000,234,796,101,10,617,306
1728462921107035000,314,866,41,96,651,239
1728462921107875000,448,719,0,175,655,158
1728462921108717000,546,645,0,275,656,79
1728462921109558000,624,545,0,378,601,21
1728462921110399000,709,436,0,485,538,0
1728462921111240000,760,331,69,576,463,0
1728462921112082000,869,213,151,644,354,0
1728462921112924000,764,133,249,764,274,33
1728462921113766000,736,54,362,754,209,109
1728462921114608000,667,2,480,762,121,205
1728462921115449000,594,29,605,762,50,289
1728462921116290000,519,0,787,718,22,413
1728462921117131000,410,18,791,644,0,506
1728462921117972000,298,75,821,562,0,615
1728462921118814000,202,151,849,461,0,690
1728462921119656000,106,253,847,344,34,762
1728462921120498000,34,358,805,261,99,796
1728462921121349000,0,466,747,162,192,794
1728462921122191000,0,555,652,85,279,781
1728462921123032000,0,657,554,20,352,722
1728462921123873000,14,730,448,0,441,651
1728462921124715000,149,789,325,0,522,557
1728462921125557000,65,804,215,55,581,490
1728462921126399000,199,786,128,64,633,329
1728462921127241000,349,757,36,97,661,244
1728462921128083000,469,706,0,205,660,141
1728462921128924000,565,618,0,302,641,58
1728462921129765000,658,522,0,405,599,9
1728462921130606000,711,409,21,506,514,0
1728462921131448000,767,302,77,591,439,17
1728462921132290000,789,199,168,661,346,0
1728462921133131000,775,176,270,736,258,33
1728462921133973000,737,64,392,773,192,122
1728462921134824000,671,0,490,799,165,224
1728462921135666000,613,0,607,756,0,325
1728462921136508000,527,0,722,708,0,438
1728462921137349000,393,29,786,629,0,533
1728462921138190000,270,96,834,537,0,629
1728462921139031000,169,178,852,429,5,708
1728462921139873000,87,282,832,324,65,772
1728462921140715000,18,385,793,225,121,804
1728462921141557000,0,506,727,145,218,798
1728462921142398000,0,602,634,65,306,777
1728462921143239000,0,680,522,17,388,714
1728462921144080000,21,749,401,0,455,629
1728462921144921000,113,810,245,0,562,583
1728462921145763000,218,815,158,0,583,343
1728462921146605000,245,908,87,85,647,266
1728462921147447000,381,749,18,125,666,217
1728462921148294000,490,684,0,212,663,122
1728462921149135000,587,594,0,320,625,57
1728462921149976000,679,495,0,430,571,0
1728462921150817000,738,394,36,522,502,0
1728462921151659000,816,265,110,653,405,0
1728462921152501000,760,174,194,722,325,5
1728462921153343000,756,89,320,720,234,71
1728462921154185000,713,21,425,773,158,146
1728462921155027000,648,0,647,785,128,266
1728462921155869000,565,21,704,746,58,358
1728462921156710000,463,0,640,688,0,554
1728462921157552000,362,37,802,615,0,565
1728462921158393000,250,109,841,509,0,650
1728462921159235000,149,197,853,409,14,730
1728462921160077000,68,312,818,302,75,786
1728462921160919000,16,416,777,205,151,812
1728462921161778000,0,528,705,116,205,798
1728462921162619000,0,618,608,64,320,736
1728462921163461000,0,689,508,4,407,696
1728462921164302000,28,745,368,0,485,608
1728462921165144000,29,796,292,28,558,549
1728462921165986000,165,807,144,0,602,394
1728462921166828000,287,842,94,41,648,298
1728462921167670000,401,733,7,147,665,192
1728462921168511000,516,666,0,239,655,101
1728462921169352000,609,576,0,345,617,32
1728462921170193000,690,470,0,448,548,0
1728462921171035000,754,362,50,549,473,0
1728462921171877000,779,254,114,632,394,0
1728462921172719000,773,226,221,702,303,1
1728462921173561000,762,114,322,757,225,81
1728462921174403000,709,0,457,783,154,170
1728462921175253000,645,0,558,764,2,272
1728462921176094000,662,0,701,752,0,386
1728462921176935000,538,0,792,687,0,485
1728462921177776000,325,51,811,587,0,586
1728462921178617000,226,128,847,485,0,673
1728462921179459000,133,226,850,377,20,744
1728462921180301000,45,330,810,283,89,777
1728462921181143000,0,438,753,189,173,810
1728462921181985000,0,546,670,84,266,791
1728462921182826000,0,646,576,28,356,746
1728462921183667000,0,718,458,0,418,668
1728462921184509000,58,782,343,0,506,576
1728462921185350000,189,832,203,0,557,370
1728462921186191000,202,916,119,37,634,320
1728462921187033000,354,840,37,81,655,229
1728462921187875000,448,719,0,175,668,162
1728462921188721000,532,642,0,272,647,74
1728462921189562000,626,548,0,381,604,21
1728462921190403000,705,440,5,473,533,0
1728462921191245000,760,329,64,567,462,0
1728462921192087000,762,232,154,682,362,0
1728462921192929000,765,133,256,704,274,29
1728462921193771000,736,46,367,761,202,104
1728462921194613000,684,0,511,786,122,202
1728462921195455000,602,18,657,757,43,293
1728462921196297000,512,0,599,724,0,489
1728462921197138000,434,22,700,639,0,557
1728462921197979000,288,64,825,559,0,608
1728462921198821000,200,143,850,463,0,696
1728462921199663000,114,257,845,354,36,765
1728462921200505000,34,361,808,247,98,794
1728462921201347000,0,467,746,159,189,807
1728462921202200000,0,573,660,89,276,785
1728462921203041000,0,650,557,20,356,725
1728462921203882000,0,728,442,0,442,649
1728462921204724000,49,782,322,5,520,552
1728462921205565000,112,805,196,0,585,442
1728462921206407000,218,810,139,8,631,367
1728462921207249000,346,770,28,90,671,249
1728462921208091000,466,705,0,188,658,140
1728462921208932000,576,618,0,302,647,58
1728462921209773000,649,522,0,407,587,4
1728462921210614000,714,411,26,510,520,0
1728462921211456000,766,298,89,594,438,0
1728462921212298000,785,258,162,661,346,0
1728462921213140000,775,96,274,725,308,49
1728462921213982000,736,20,393,772,177,128
1728462921214824000,750,0,502,784,82,225
1728462921215667000,668,0,628,748,16,327
1728462921216509000,365,0,687,778,0,466
1728462921217350000,357,29,786,653,0,528
1728462921218191000,274,101,834,538,0,635
1728462921219033000,180,173,848,433,1,704
1728462921219875000,87,278,832,326,64,770
1728462921220717000,25,388,788,241,121,800
1728462921221559000,0,498,729,139,212,797
1728462921222401000,0,591,610,60,299,765
1728462921223242000,0,685,514,17,381,713
1728462921224083000,23,752,410,0,467,629
1728462921224924000,101,864,285,0,533,493
1728462921225766000,150,711,183,0,671,402
1728462921226608000,285,738,93,47,552,308
1728462921227450000,409,745,15,122,660,217
1728462921228292000,495,688,0,213,661,130
1728462921229137000,589,594,0,322,619,42
1728462921229978000,675,502,0,429,581,0
1728462921230819000,730,382,33,526,500,0
1728462921231661000,767,265,101,606,413,0
1728462921232503000,773,173,196,677,328,5
1728462921233345000,767,85,377,743,238,64
1728462921234188000,714,14,415,773,159,197
1728462921235030000,704,0,501,783,113,304
1728462921235872000,606,0,599,748,21,286
1728462921236713000,455,93,712,722,0,424
1728462921237555000,354,37,807,612,0,553
1728462921238396000,245,110,832,508,0,656
1728462921239238000,155,202,846,404,11,726
1728462921240080000,71,305,832,298,72,779
1728462921240922000,11,416,778,213,143,799
1728462921241764000,0,529,709,122,229,799
1728462921242615000,0,613,619,52,313,743
1728462921243456000,0,687,485,4,400,693
1728462921244297000,37,784,381,0,480,621
1728462921245139000,97,832,282,0,561,498
1728462921245981000,197,786,279,0,626,410
1728462921246823000,292,813,125,64,636,338
1728462921247665000,405,727,9,146,665,192
1728462921248507000,517,660,0,242,651,105
1728462921249348000,612,581,0,353,613,42
1728462921250189000,692,469,0,448,545,0
1728462921251031000,751,361,53,551,490,0
1728462921251873000,770,217,129,628,450,0
1728462921252714000,784,137,222,697,335,16
1728462921253556000,839,58,338,750,202,85
1728462921254398000,759,11,451,784,136,177
1728462921255240000,541,0,586,832,53,313
1728462921256093000,500,0,650,674,16,365
1728462921256935000,418,10,762,642,0,511
1728462921257776000,330,51,813,578,0,589
1728462921258617000,226,129,849,487,0,668
1728462921259459000,130,229,845,382,29,745
1728462921260301000,48,321,820,282,92,779
1728462921261143000,0,434,761,183,170,810
1728462921261985000,0,549,672,111,253,774
1728462921262827000,0,650,576,41,349,738
1728462921263668000,0,714,471,0,425,670
1728462921264509000,57,766,344,0,509,581
1728462921265351000,144,760,234,0,610,482
1728462921266193000,217,783,149,23,573,363
1728462921267035000,405,765,68,86,629,251
1728462921267877000,434,713,0,168,663,165
1728462921268719000,540,644,0,265,647,84
1728462921270861000,632,545,0,374,607,20
1728462921271702000,707,449,5,470,538,0
1728462921272544000,759,326,66,576,449,0
1728462921273386000,783,226,154,645,381,0
1728462921274228000,773,125,306,713,282,36
1728462921275070000,745,58,350,756,200,141
1728462921275912000,692,0,467,781,112,181
1728462921276754000,593,10,564,776,65,249
1728462921277595000,530,64,684,754,10,377
1728462921278437000,426,39,746,639,79,489
1728462921279278000,302,68,815,558,0,613
1728462921280120000,202,160,852,450,0,696
1728462921280962000,105,254,851,357,39,754
1728462921281804000,37,356,796,257,113,800
1728462921282646000,0,463,736,157,194,802
1728462921283488000,0,578,656,82,276,788
1728462921284330000,0,673,553,17,363,730
1728462921285171000,0,748,448,0,448,645
1728462921286013000,64,781,327,0,527,551
1728462921286854000,139,826,249,0,598,452
1728462921287696000,241,788,37,10,619,441
1728462921288538000,417,783,0,94,645,149
1728462921289380000,458,697,0,194,661,141
1728462921290222000,565,613,0,303,637,69
1728462921291063000,650,523,0,402,586,9
1728462921291904000,722,420,5,494,521,0
1728462921292746000,767,312,90,591,426,0
1728462921293588000,779,185,174,668,328,0
1728462921294430000,852,98,282,728,261,47
1728462921295272000,714,36,386,791,184,133
1728462921296114000,669,0,510,773,94,220
1728462921296955000,562,18,618,732,41,346
1728462921297793000,470,10,709,690,0,424
1728462921298634000,378,2,878,623,10,544
1728462921299475000,286,92,826,538,1,632
1728462921300317000,180,178,850,427,0,708
1728462921301159000,85,282,842,325,53,767
1728462921302001000,9,378,808,237,130,802
1728462921302843000,0,501,713,138,211,810
1728462921303685000,0,576,625,64,293,765
1728462921304526000,0,674,528,16,383,714
1728462921305367000,17,761,415,0,444,634
1728462921306208000,90,785,303,0,520,528
1728462921307050000,273,793,229,1,576,417
1728462921307892000,149,791,71,114,637,357
1728462921308734000,343,757,29,75,653,210
1728462921309576000,493,685,0,226,667,114
1728462921310417000,578,586,0,325,626,49
1728462921311272000,671,489,0,437,576,0
1728462921312113000,736,400,23,522,506,0
1728462921312955000,779,277,101,610,417,0
1728462921313797000,787,181,170,684,321,64
1728462921314639000,770,89,296,744,242,57
1728462921315481000,717,53,410,777,162,138
1728462921316323000,654,13,538,776,133,241
1728462921317165000,559,0,630,767,74,338
1728462921318007000,466,0,714,686,0,448
1728462921318849000,357,13,803,609,0,562
1728462921319690000,245,105,843,514,0,650
1728462921320532000,162,200,842,401,23,724
1728462921321374000,73,306,820,303,64,775
1728462921322216000,4,415,780,210,145,796
1728462921323058000,0,517,705,122,231,796
1728462921323899000,0,626,602,42,325,762
1728462921324740000,0,701,497,0,397,691
1728462921325582000,34,765,386,0,473,600
1728462921326423000,107,804,197,0,543,581
1728462921327265000,239,832,119,4,629,448
1728462921328107000,290,858,47,64,650,242
1728462921328949000,410,756,4,133,663,192
1728462921329791000,516,660,0,245,648,96
1728462921330632000,610,576,0,352,625,26
1728462921331473000,681,473,0,448,546,0
1728462921332314000,737,353,50,557,482,0
1728462921333156000,821,234,121,634,389,0
1728462921333998000,837,146,231,697,297,29
1728462921334840000,738,72,331,789,213,86
1728462921335682000,688,0,449,773,142,173
1728462921336524000,612,39,578,751,66,273
1728462921337366000,522,0,651,725,18,381
1728462921338210000,434,9,843,663,0,497
1728462921339052000,334,55,811,585,0,586
1728462921339893000,221,137,852,482,0,665
1728462921340735000,132,221,847,383,28,738
1728462921341577000,64,329,820,274,95,791
1728462921342419000,0,442,762,192,158,799
1728462921343261000,0,522,661,103,250,777
1728462921344102000,0,637,589,38,330,746
1728462921344943000,0,711,448,0,413,665
1728462921345784000,53,766,354,0,496,576
1728462921346626000,189,779,226,0,546,482
1728462921347468000,127,795,170,64,607,383
1728462921348310000,277,762,39,50,648,277
1728462921349152000,437,704,0,174,666,164
1728462921349993000,538,645,0,265,650,86
1728462921350834000,631,556,0,373,601,30
1728462921351692000,707,440,0,474,534,0
1728462921352534000,766,335,73,576,469,0
1728462921353376000,776,219,130,653,372,26
1728462921354218000,784,134,232,710,289,20
1728462921355060000,746,123,359,753,197,100
1728462921355902000,682,0,482,785,159,194
1728462921356744000,602,0,590,805,106,287
1728462921357585000,539,0,679,726,0,405
1728462921358427000,452,0,757,660,0,505
1728462921359268000,305,66,822,556,0,613
1728462921360110000,203,153,853,458,0,687
1728462921360952000,103,249,841,358,42,758
1728462921361794000,37,352,797,258,116,791
1728462921362636000,0,469,739,159,194,812
1728462921363477000,0,576,658,78,274,778
1728462921364319000,0,671,555,23,362,730
1728462921365162000,0,741,431,0,448,653
1728462921366004000,70,789,302,0,527,558
1728462921366845000,174,796,175,0,570,383
1728462921367687000,274,901,96,58,645,313
1728462921368529000,370,698,26,85,746,221
1728462921369371000,466,698,0,195,663,142
1728462921370213000,562,618,0,290,639,69
1728462921371054000,650,524,0,394,584,5
1728462921371895000,719,421,16,490,514,0
1728462921372737000,765,307,87,592,440,0
1728462921373579000,757,194,177,708,338,0
1728462921374421000,749,98,274,723,258,49
1728462921375263000,729,37,389,757,181,132
1728462921376105000,666,0,549,782,105,215
1728462921376946000,586,26,689,753,65,341
1728462921377788000,489,0,625,709,0,528
1728462921378636000,424,39,727,626,10,589
1728462921379477000,277,88,838,542,0,642
1728462921380319000,185,177,853,434,0,706
1728462921381161000,82,276,838,328,53,773
1728462921382003000,16,379,791,235,128,805
1728462921382845000,0,490,722,139,212,802
1728462921383686000,0,595,640,71,299,767
1728462921384527000,0,671,530,13,378,708
1728462921385368000,0,746,412,0,458,632
1728462921386209000,45,789,299,0,545,537
1728462921387050000,125,791,181,0,591,392
1728462921387892000,242,809,82,1,633,355
1728462921388734000,367,774,23,107,666,201
1728462921389576000,485,690,0,220,660,116
1728462921390417000,580,589,0,333,629,47
1728462921391258000,671,494,0,427,576,0
1728462921392109000,736,388,34,516,503,0
1728462921392950000,776,277,109,608,413,0
1728462921393792000,791,179,189,683,321,0
1728462921394634000,769,138,306,740,240,57
1728462921395476000,720,8,414,779,193,149
1728462921396318000,650,0,538,773,72,250
1728462921397160000,693,0,669,761,0,349
1728462921398001000,562,0,767,704,0,450
1728462921398842000,404,17,786,680,0,565
1728462921399683000,261,105,838,515,0,653
1728462921400525000,156,201,849,409,9,725
1728462921401367000,76,303,832,302,64,772
1728462921402209000,2,413,778,210,148,813
1728462921403051000,0,517,693,126,229,799
1728462921403892000,0,618,559,41,320,754
1728462921404733000,0,704,489,0,409,700
1728462921405585000,41,767,383,0,471,585
1728462921406426000,104,834,257,0,561,478
1728462921407268000,238,875,146,5,609,368
1728462921408110000,282,704,50,66,701,305
1728462921408952000,414,708,10,122,607,178
1728462921409794000,521,667,0,244,666,98
1728462921410635000,602,570,0,354,616,37
1728462921411476000,686,467,0,462,560,0
1728462921412317000,749,354,46,550,485,0
1728462921413159000,782,250,114,629,398,0
1728462921414001000,771,156,220,689,301,20
1728462921414843000,752,74,331,750,228,90
1728462921415685000,704,0,490,778,138,175
1728462921416526000,640,0,597,773,74,356
1728462921417368000,541,0,585,727,26,472
1728462921418209000,511,23,712,672,0,389
1728462921419066000,325,53,805,587,0,572
1728462921419908000,228,125,841,485,0,673
1728462921420750000,128,226,844,374,21,743
1728462921421592000,53,333,818,287,82,784
1728462921422434000,0,441,762,184,169,794
1728462921423276000,0,551,682,103,256,792
1728462921424117000,0,637,569,43,338,752
1728462921424959000,0,709,463,0,414,674
1728462921425801000,64,772,359,0,501,581
1728462921426642000,101,811,245,0,559,482
1728462921427484000,194,866,165,0,618,363
1728462921428325000,309,751,173,74,663,272
1728462921429167000,435,722,30,171,663,170
1728462921430008000,543,640,0,273,645,74
1728462921430849000,640,553,0,377,615,18
1728462921431690000,697,442,5,480,534,0
1728462921432531000,753,323,69,581,461,0
1728462921433372000,784,251,143,649,370,0
1728462921434213000,779,176,237,713,290,23
1728462921435055000,754,36,354,762,229,106
1728462921435897000,688,0,477,781,110,197
1728462921436738000,719,0,645,799,22,302
1728462921437580000,585,0,664,791,2,420
1728462921438421000,325,5,784,712,0,555
1728462921439262000,293,66,829,564,0,611
1728462921440103000,207,153,848,457,0,686
1728462921440945000,109,248,847,356,37,758
1728462921441787000,42,359,800,253,117,795
1728462921442629000,0,466,740,162,185,810
1728462921443471000,0,561,637,73,271,778
1728462921444313000,0,671,558,17,362,730
1728462921445154000,14,736,432,0,442,636
1728462921446004000,74,786,314,0,530,554
1728462921446846000,196,864,201,0,585,431
1728462921447687000,233,715,112,47,690,330
1728462921448529000,386,732,34,97,586,245
1728462921449371000,469,698,0,193,661,143
1728462921450212000,561,621,0,296,639,68
1728462921451053000,650,530,0,393,586,10
1728462921451894000,722,416,20,487,514,0
1728462921452736000,779,304,85,593,436,0
1728462921453578000,760,192,171,656,344,0
1728462921454420000,761,104,276,719,261,50
1728462921455262000,729,37,432,759,178,132
1728462921456104000,671,0,498,784,106,265
1728462921456945000,593,0,546,760,68,400
1728462921457787000,553,8,666,711,0,354
1728462921458629000,385,32,749,629,0,481
1728462921459487000,277,92,832,537,0,645
1728462921460329000,181,175,856,437,0,705
1728462921461171000,85,274,837,330,58,773
1728462921462013000,15,373,789,237,133,800
1728462921462855000,0,492,723,137,217,799
1728462921463697000,0,581,625,77,286,767
1728462921464539000,0,682,529,10,377,714
1728462921465380000,0,761,424,0,456,628
1728462921466222000,76,794,296,0,549,532
1728462921467063000,151,872,194,0,593,420
1728462921467905000,253,778,193,21,670,335
1728462921468747000,348,767,32,114,648,297
1728462921469589000,480,681,0,213,661,117
1728462921470431000,581,589,0,321,626,46
1728462921471272000,670,497,0,423,577,0
1728462921472114000,738,389,34,517,496,4
1728462921472957000,775,274,106,610,410,0
1728462921473799000,778,148,194,685,368,0
1728462921474641000,762,69,306,746,233,66
1728462921475483000,783,17,420,767,157,159
1728462921476325000,672,0,533,778,77,252
1728462921477166000,478,0,663,806,26,388
1728462921478008000,410,0,761,736,0,449
1728462921478849000,338,29,786,576,0,593
1728462921479690000,250,106,832,513,0,653
1728462921480532000,157,199,848,397,9,727
1728462921481374000,64,302,832,308,71,771
1728462921482216000,0,405,778,212,149,805
1728462921483058000,0,520,695,121,237,804
1728462921483899000,0,622,605,53,325,741
1728462921484740000,0,697,493,8,391,673
1728462921485582000,36,767,383,0,485,600
1728462921486430000,97,779,277,0,558,506
1728462921487272000,226,762,148,0,542,389
1728462921488114000,309,757,74,52,610,301
1728462921488956000,491,737,18,136,639,197
1728462921489798000,509,666,0,242,660,94
1728462921490639000,604,576,0,354,616,34
1728462921491480000,690,466,0,453,552,0
1728462921492321000,748,359,40,545,481,0
1728462921493163000,779,257,122,621,388,0
1728462921494005000,779,155,226,700,298,10
1728462921494847000,754,68,375,754,220,75
1728462921495689000,706,2,431,786,138,224
1728462921496530000,633,0,548,767,72,258
1728462921497372000,544,21,633,736,14,332
1728462921498213000,482,90,738,694,0,456
1728462921499055000,349,107,821,583,37,569
1728462921499905000,229,125,847,488,0,672
1728462921500747000,132,233,842,381,26,744
1728462921501589000,52,333,821,273,85,794
1728462921502431000,0,442,770,186,167,798
1728462921503273000,0,541,682,103,257,797
1728462921504114000,0,623,576,14,337,736
1728462921504955000,0,718,458,0,425,674
1728462921505797000,64,784,357,0,493,591
1728462921506638000,122,815,245,0,559,474
1728462921507480000,210,810,244,7,657,373
1728462921508322000,320,770,0,73,634,358
1728462921509164000,459,723,0,169,666,206
1728462921510006000,544,641,0,277,648,82
1728462921510847000,632,543,0,374,596,16
1728462921511688000,701,448,8,478,538,0
1728462921512529000,754,325,66,576,455,0
1728462921513373000,784,218,149,650,373,0
1728462921514215000,785,116,242,711,298,37
1728462921515057000,824,47,368,766,186,101
1728462921515899000,719,0,477,832,114,197
1728462921516741000,567,0,589,813,53,304
1728462921517583000,453,0,698,766,0,389
1728462921518424000,378,2,746,608,0,512
1728462921519266000,285,77,821,540,0,618
1728462921520108000,197,148,845,460,0,681
1728462921520950000,114,245,844,354,46,752
1728462921521792000,34,358,804,256,107,793
1728462921522634000,0,469,747,165,184,808
1728462921523476000,0,576,665,85,269,777
1728462921524317000,0,672,553,26,362,718
1728462921525158000,1,741,442,0,438,650
1728462921525999000,75,762,301,0,530,554
1728462921526848000,149,747,192,0,625,450
1728462921527690000,238,773,117,30,576,338
1728462921528532000,449,767,90,113,637,244
1728462921529374000,448,697,0,224,661,148
1728462921530216000,560,625,0,297,639,75
1728462921531057000,650,521,0,402,596,9
1728462921531898000,730,418,16,491,517,0
1728462921532740000,772,303,86,594,428,0
1728462921533582000,782,202,174,664,346,0
1728462921534424000,773,106,335,727,270,52
1728462921535266000,736,45,372,762,185,194
1728462921536108000,680,0,498,784,102,203
1728462921536949000,602,0,582,762,34,258
1728462921537790000,489,71,693,738,0,402
1728462921538632000,410,66,764,618,36,505
1728462921539473000,279,84,832,537,0,633
1728462921540322000,185,181,858,432,0,711
1728462921541164000,82,269,837,330,52,766
1728462921542006000,21,378,793,239,128,801
1728462921542848000,0,498,717,145,213,802
1728462921543689000,0,600,629,50,277,770
1728462921544531000,0,685,537,4,373,709
1728462921545372000,5,764,414,0,456,625
1728462921546214000,74,789,301,0,545,530
1728462921547056000,178,839,240,0,619,416
1728462921547898000,265,777,16,29,642,402
1728462921548740000,418,773,0,106,657,117
1728462921549581000,485,682,0,224,665,122
1728462921550422000,586,594,0,322,628,53
1728462921551263000,666,504,0,420,576,2
1728462921552104000,740,380,25,517,505,0
1728462921552946000,773,279,103,610,405,0
1728462921553796000,784,162,194,682,303,0
1728462921554638000,853,77,307,741,234,64
1728462921555480000,700,21,407,813,160,155
1728462921556322000,640,0,538,793,81,258
1728462921557163000,511,0,626,696,17,345
1728462921558004000,440,4,730,667,0,481
1728462921558845000,341,73,812,597,0,549
1728462921559686000,250,98,833,516,0,650
1728462921560528000,158,202,845,404,17,724
1728462921561370000,74,306,832,306,64,779
1728462921562212000,1,403,783,217,146,811
1728462921563054000,0,508,694,125,231,797
1728462921563896000,0,616,580,53,321,736
1728462921564737000,0,661,497,0,397,685
1728462921565579000,37,737,392,0,476,599
1728462921566420000,101,791,266,0,558,503
1728462921567278000,175,778,170,2,558,386
1728462921568120000,402,757,98,64,634,292
1728462921568962000,321,746,17,197,656,247
1728462921569804000,514,666,0,242,658,100
1728462921570645000,607,580,0,348,617,25
1728462921571486000,682,469,0,448,554,0
1728462921572328000,747,360,42,551,476,0
1728462921573169000,784,252,116,626,398,0
1728462921574011000,788,157,269,690,313,21
1728462921574853000,752,66,320,756,220,126
1728462921575695000,713,8,436,775,142,156
1728462921576537000,636,31,548,772,73,271
1728462921577378000,596,64,658,730,9,370
1728462921578220000,436,0,746,676,47,467
1728462921579061000,343,0,834,608,34,565
1728462921579903000,224,126,851,492,0,672
1728462921580744000,137,218,846,386,34,741
1728462921581586000,52,326,815,275,90,785
1728462921582428000,0,437,757,185,158,801
1728462921583270000,0,541,679,104,250,778
1728462921584111000,0,636,582,26,345,751
1728462921584952000,0,717,466,0,426,674
1728462921585794000,55,776,346,0,511,586
1728462921586635000,125,809,244,0,576,489
1728462921587477000,215,818,176,5,599,466
1728462921588319000,338,781,8,74,671,322
1728462921589161000,429,696,0,173,663,107
1728462921590003000,533,644,0,261,645,87
1728462921590844000,633,551,0,375,597,27
1728462921591685000,705,448,2,472,534,0
1728462921592526000,756,338,77,568,448,0
1728462921593368000,778,229,153,650,372,0
1728462921594214000,779,114,242,714,270,30
1728462921595056000,814,52,363,758,200,110
1728462921595898000,671,0,480,830,106,196
1728462921596739000,594,0,591,786,53,290
1728462921597581000,468,0,680,677,9,414
1728462921598422000,388,32,764,633,0,522
1728462921599264000,297,90,820,542,0,590
1728462921600106000,212,151,850,462,0,686
1728462921600948000,106,253,847,357,36,751
1728462921601790000,29,351,811,258,107,791
1728462921602631000,0,468,744,157,192,810
1728462921603473000,0,568,658,82,269,789
1728462921604314000,0,673,557,28,359,724
1728462921605155000,5,737,434,0,442,637
1728462921605997000,64,772,320,2,520,548
1728462921606839000,154,772,200,0,554,449
1728462921607690000,365,773,165,30,591,341
1728462921608532000,409,762,4,176,638,267
1728462921609374000,398,697,0,234,660,158
1728462921610215000,564,613,0,297,641,69
1728462921611056000,644,517,0,397,587,5
1728462921611897000,722,415,8,498,527,0
1728462921612739000,770,306,82,593,434,0
1728462921613581000,783,205,178,665,350,0
1728462921614423000,777,109,254,730,270,122
1728462921615265000,738,37,362,762,193,111
1728462921616107000,675,64,498,784,94,210
1728462921616949000,594,42,608,768,46,308
1728462921617791000,466,0,706,709,64,434
1728462921618632000,405,0,786,654,33,521
1728462921619473000,280,71,818,540,0,641
1728462921620315000,186,176,846,427,0,712
1728462921621165000,90,277,839,325,64,761
1728462921622007000,18,378,792,242,125,798
1728462921622849000,0,494,717,137,213,799
1728462921623690000,0,594,642,64,292,778
1728462921624531000,0,690,529,10,373,716
1728462921625372000,0,751,413,0,468,619
1728462921626214000,86,794,301,0,549,534
1728462921627056000,167,805,119,0,591,490
1728462921627898000,335,821,56,49,648,257
1728462921628740000,351,875,11,139,666,169
1728462921629582000,487,720,0,225,661,117
1728462921630423000,578,596,0,323,629,56
1728462921631264000,669,487,0,426,576,0
1728462921632105000,729,392,22,517,501,0
1728462921632947000,777,277,107,613,423,0
1728462921633788000,794,181,197,683,320,1
1728462921634638000,744,79,309,789,238,66
1728462921635480000,709,26,410,756,167,160
1728462921636322000,644,0,533,769,84,249
1728462921637163000,540,9,636,738,18,333
1728462921638005000,450,0,828,690,20,466
1728462921638847000,352,64,874,601,13,564
1728462921639688000,251,102,838,514,0,651
1728462921640530000,161,202,852,402,10,725
1728462921641372000,75,305,832,305,74,779
1728462921642214000,0,405,787,213,139,805
1728462921643056000,0,520,700,126,226,794
1728462921643898000,0,612,604,45,282,750
1728462921644739000,0,693,516,0,383,696
1728462921645580000,37,757,395,0,474,605
1728462921646421000,106,802,266,0,555,510
1728462921647263000,97,796,146,57,599,437
1728462921648113000,248,772,64,0,639,277
1728462921648955000,372,773,26,103,653,220
1728462921649797000,510,668,2,244,658,98
1728462921650638000,602,576,0,350,618,36
1728462921651479000,693,477,0,450,558,0
1728462921652321000,748,353,41,546,481,0
1728462921653162000,778,250,129,625,386,0
1728462921654004000,791,157,206,705,302,13
1728462921654846000,754,137,331,749,224,74
1728462921655688000,704,0,444,776,181,171
1728462921656530000,634,0,551,773,107,277
1728462921657371000,577,0,661,745,0,383
1728462921658213000,440,0,753,677,0,466
1728462921659054000,439,26,861,606,0,591
1728462921659896000,228,124,842,486,0,672
1728462921660738000,136,225,839,385,29,743
1728462921661587000,58,333,820,285,85,791
1728462921662429000,0,439,764,192,169,799
1728462921663270000,0,541,674,109,251,790
1728462921664112000,0,644,576,47,354,746
1728462921664953000,0,718,457,0,408,677
1728462921665795000,66,772,354,0,500,581
1728462921666636000,133,811,240,0,576,480
1728462921667478000,186,887,117,23,617,314
1728462921668320000,369,840,43,98,661,242
1728462921669162000,421,640,0,186,705,154
1728462921670004000,542,650,0,266,648,85
1728462921670845000,626,556,1,372,602,13
1728462921671686000,693,442,1,474,537,0
1728462921672528000,757,323,64,570,461,0
1728462921673370000,788,228,141,642,379,0
1728462921674212000,759,130,245,741,274,32
1728462921675071000,738,58,361,752,205,103
1728462921675913000,685,0,497,779,121,198
1728462921676754000,610,0,619,773,64,306
1728462921677596000,516,0,569,704,0,494
1728462921678438000,437,11,706,648,16,562
1728462921679280000,354,77,784,560,0,532
1728462921680122000,196,141,852,469,0,685
1728462921680964000,113,250,843,350,42,759
1728462921681806000,37,354,805,256,100,800
1728462921682648000,0,475,744,169,196,808
1728462921683490000,0,564,657,85,279,784
1728462921684331000,0,654,559,34,349,719
1728462921685173000,11,732,426,0,448,654
1728462921686015000,56,786,325,0,520,564
1728462921686856000,145,802,225,0,576,449
1728462921687698000,210,807,105,0,629,362
1728462921688536000,348,815,45,79,658,230
1728462921689378000,477,683,77,178,702,165
1728462921690220000,565,621,0,292,637,73
1728462921691062000,653,532,0,397,583,4
1728462921691903000,717,425,30,497,517,0
1728462921692745000,762,300,85,591,440,0
1728462921693587000,786,197,170,668,350,0
1728462921694429000,779,164,274,722,267,38
1728462921695271000,738,15,385,772,225,117
1728462921696113000,669,0,503,781,92,224
1728462921696955000,658,0,610,767,37,327
1728462921697797000,569,0,694,738,0,452
1728462921698639000,303,23,791,690,0,577
1728462921699481000,232,89,864,584,0,634
1728462921700322000,174,170,855,440,0,708
1728462921701164000,90,273,832,322,54,766
1728462921702008000,23,386,798,229,122,805
1728462921702850000,0,497,728,146,207,796
1728462921703691000,0,585,635,68,298,767
1728462921704533000,0,682,519,9,392,706
1728462921705374000,9,743,402,0,461,619
1728462921706215000,101,794,298,0,540,526
1728462921707057000,180,832,199,0,604,418
1728462921707899000,255,731,100,74,687,303
1728462921708741000,378,730,25,122,618,215
1728462921709583000,589,678,0,218,637,111
1728462921710424000,580,594,0,322,622,53
1728462921711265000,677,498,0,433,576,0
1728462921712106000,740,393,29,518,495,0
1728462921712948000,770,281,113,616,416,0
1728462921713789000,795,173,192,689,333,5
1728462921714631000,761,89,293,733,248,66
1728462921715489000,727,23,469,775,157,147
1728462921716331000,650,0,513,786,90,277
1728462921717172000,568,0,622,753,34,383
1728462921718013000,471,0,698,690,0,389
1728462921718855000,327,151,762,631,10,518
1728462921719696000,261,161,825,509,0,626
1728462921720538000,158,201,855,409,16,719
1728462921721380000,69,296,832,312,69,780
1728462921722222000,5,409,765,203,149,809
1728462921723064000,0,522,712,125,225,794
1728462921723905000,0,624,610,53,320,756
1728462921724747000,0,705,506,2,402,696
1728462921725588000,26,760,388,0,482,609
1728462921726429000,90,800,266,0,555,505
1728462921727271000,180,810,160,0,607,403
1728462921728113000,290,808,162,52,672,308
1728462921728957000,389,730,0,138,661,282
1728462921729799000,522,663,0,247,658,138
1728462921730640000,608,568,0,352,622,42
1728462921731481000,696,467,0,448,568,0
1728462921732323000,746,357,45,541,474,0
1728462921733165000,782,249,129,628,399,0
1728462921734007000,778,145,229,698,321,14
1728462921734849000,762,52,322,754,212,85
1728462921735691000,776,0,448,772,133,178
1728462921736533000,671,0,559,804,71,272
1728462921737374000,458,0,660,791,9,418
1728462921738216000,383,0,772,706,0,482
1728462921739057000,303,47,797,548,0,610
1728462921739899000,218,133,834,481,0,672
1728462921740741000,139,224,847,377,21,744
1728462921741583000,53,327,819,282,90,782
1728462921742437000,0,432,767,192,165,801
1728462921743279000,0,546,676,98,253,794
1728462921744120000,0,645,576,29,343,733
1728462921744961000,0,715,462,0,418,669
1728462921745803000,64,784,354,0,495,590
1728462921746644000,125,807,248,0,564,463
1728462921747485000,205,728,144,37,666,354
1728462921748327000,341,741,42,69,589,266
1728462921749169000,538,709,53,169,619,167
1728462921750011000,536,645,0,263,651,79
1728462921750852000,626,563,0,373,608,21
1728462921751693000,698,442,5,471,537,0
1728462921752535000,768,325,64,570,469,0
1728462921753376000,784,231,135,644,373,0
1728462921754218000,770,138,250,706,277,34
1728462921755060000,743,55,427,761,207,100
1728462921755905000,686,0,472,782,121,252
1728462921756746000,610,0,576,776,58,341
1728462921757588000,570,0,634,722,2,309
1728462921758429000,457,9,727,647,0,438
1728462921759270000,287,178,806,602,0,558
1728462921760112000,201,150,852,465,0,681
1728462921760954000,113,247,837,361,42,760
1728462921761796000,38,362,812,258,105,809
1728462921762638000,0,464,741,169,186,803
1728462921763480000,0,567,657,82,273,777
1728462921764321000,0,662,554,33,359,741
1728462921765162000,0,726,450,0,436,656
1728462921766004000,50,761,327,0,526,555
1728462921766845000,149,805,210,0,579,459
1728462921767687000,244,861,138,8,629,329
1728462921768529000,350,766,141,96,707,276
1728462921769379000,466,708,10,192,641,237
1728462921770221000,562,625,0,298,641,69
1728462921771062000,648,525,0,394,594,5
1728462921771903000,719,417,18,488,516,0
1728462921772745000,772,314,89,594,430,0
1728462921773587000,786,202,173,663,353,0
1728462921774429000,773,107,269,727,324,40
1728462921775272000,738,21,388,773,165,125
1728462921776114000,766,0,506,781,100,215
1728462921776956000,634,0,609,762,37,330
1728462921777798000,383,0,681,786,0,466
1728462921778639000,314,16,808,673,0,538
1728462921779481000,224,85,805,480,0,608
1728462921780323000,184,174,851,441,0,704
1728462921781165000,85,265,836,330,53,764
1728462921782007000,20,378,781,234,129,798
1728462921782853000,0,497,725,138,201,809
1728462921783695000,0,590,634,73,296,772
1728462921784536000,0,687,527,18,382,708
1728462921785377000,17,747,418,0,462,626
1728462921786219000,90,785,284,0,544,526
1728462921787060000,170,797,186,0,601,421
1728462921787902000,265,759,98,33,568,314
1728462921788744000,483,750,84,138,636,209
1728462921789586000,471,673,0,303,645,142
1728462921790427000,583,602,0,320,631,53
1728462921791268000,666,500,0,418,576,0
1728462921792109000,736,394,32,506,496,0
1728462921792951000,778,282,103,610,406,0
1728462921793792000,784,181,196,682,324,11
1728462921794634000,765,84,378,737,250,66
1728462921795476000,721,23,395,765,159,217
1728462921796329000,658,0,517,779,81,249
1728462921797170000,576,0,633,752,29,333
1728462921798011000,436,90,715,715,0,413
1728462921798853000,382,100,785,629,0,529
1728462921799694000,250,0,817,497,79,633
1728462921800536000,159,201,850,407,4,719
1728462921801378000,66,303,832,314,69,770
1728462921802220000,10,404,779,215,151,805
1728462921803062000,0,519,696,119,231,796
1728462921803903000,0,621,607,47,311,767
1728462921804744000,0,687,505,0,381,689
1728462921805585000,29,778,393,0,477,604
1728462921806426000,92,809,275,0,553,503
1728462921807268000,201,806,165,0,616,400
1728462921808110000,290,814,148,43,645,295
1728462921808952000,400,727,0,133,674,267
1728462921809800000,557,677,0,239,657,31
1728462921810642000,612,576,1,351,628,40
1728462921811483000,684,463,0,448,557,0
1728462921812324000,746,357,41,551,485,0
1728462921813166000,778,261,122,621,391,0
1728462921814007000,791,161,225,704,301,13
1728462921814849000,757,55,327,753,206,89
1728462921815691000,770,2,436,776,146,178
1728462921816533000,611,0,562,796,69,283
1728462921817375000,530,0,661,765,11,382
1728462921818217000,409,0,751,640,0,518
1728462921819059000,303,98,837,565,0,594
1728462921819900000,213,141,840,462,0,677
1728462921820742000,138,221,845,377,21,738
1728462921821584000,46,330,824,282,85,780
1728462921822426000,0,433,767,201,165,808
1728462921823281000,0,541,681,100,251,791
1728462921824123000,0,634,578,30,337,751
1728462921824964000,0,721,480,0,413,679
1728462921825805000,53,763,349,0,505,580
1728462921826647000,119,807,247,0,538,481
1728462921827489000,274,794,146,26,599,370
1728462921828331000,395,765,64,73,637,277
1728462921829173000,341,717,34,226,649,193
1728462921830015000,501,652,0,240,648,87
1728462921830856000,626,543,0,376,610,18
1728462921831697000,706,444,5,474,548,0
1728462921832539000,757,322,58,576,461,0
1728462921833380000,786,226,143,642,372,0
1728462921834222000,785,138,252,714,285,31
1728462921835064000,745,50,341,759,206,149
1728462921835906000,690,0,465,785,122,183
1728462921836749000,619,28,576,770,68,290
1728462921837590000,526,58,669,734,5,389
1728462921838432000,439,0,762,653,55,487
1728462921839273000,301,0,817,581,30,597
1728462921840115000,201,146,854,462,0,680
1728462921840957000,113,258,837,355,42,762
1728462921841799000,45,354,808,258,106,791
1728462921842641000,0,471,747,165,186,802
1728462921843482000,0,567,663,100,273,785
1728462921844323000,0,661,556,21,365,727
1728462921845164000,4,741,440,0,442,645
1728462921846006000,73,782,330,0,517,564
1728462921846847000,154,808,217,0,584,449
1728462921847689000,244,804,26,11,619,429
1728462921848531000,346,750,0,97,677,304
1728462921849372000,500,702,0,181,650,81
1728462921850222000,559,624,0,284,634,72
1728462921851063000,647,525,0,400,581,5
1728462921851904000,726,430,17,495,526,0
1728462921852746000,767,304,85,586,437,0
1728462921853588000,786,200,169,672,348,0
1728462921854430000,776,91,266,733,250,42
1728462921855272000,804,36,389,760,173,136
1728462921856114000,644,0,506,818,101,218
1728462921856955000,570,0,611,786,42,335
1728462921857797000,454,0,688,663,0,436
1728462921858638000,363,68,792,613,0,538
1728462921859480000,260,117,821,527,0,605
1728462921860322000,178,174,849,437,0,704
1728462921861164000,93,272,835,333,53,764
1728462921862006000,23,383,791,237,133,813
1728462921862848000,0,490,722,145,207,804
1728462921863701000,0,591,637,69,295,771
1728462921864543000,0,656,538,20,377,715
1728462921865384000,16,732,401,0,462,628
1728462921866226000,92,797,286,0,533,529
1728462921867068000,175,820,197,0,584,433
1728462921867910000,360,786,138,50,609,320
1728462921868752000,261,753,13,188,660,253
1728462921869594000,423,682,0,267,648,101
1728462921870435000,584,602,0,312,633,57
1728462921871276000,669,498,0,415,576,0
1728462921872117000,733,393,26,510,494,0
1728462921872959000,772,290,98,608,415,0
1728462921873801000,785,183,194,679,327,5
1728462921874643000,762,82,276,740,241,136
1728462921875485000,725,21,399,773,161,138
1728462921876327000,655,23,520,776,81,232
1728462921877169000,568,26,633,760,30,340
1728462921878010000,480,37,725,687,64,439
1728462921878852000,340,0,796,634,64,546
1728462921879694000,274,56,817,536,34,648
1728462921880536000,167,200,852,420,10,720
1728462921881378000,66,301,832,306,69,773
1728462921882220000,10,402,773,220,146,804
1728462921883062000,0,522,698,126,237,806
1728462921883903000,0,616,604,47,320,764
1728462921884745000,0,705,505,0,381,685
1728462921885586000,21,771,386,0,484,602
1728462921886427000,98,809,269,0,558,506
1728462921887269000,194,805,169,0,609,400
1728462921888111000,304,777,14,45,661,360
1728462921888953000,415,734,0,138,645,130
1728462921889795000,525,757,0,271,682,74
1728462921890644000,610,576,0,352,622,37
1728462921891485000,689,474,0,455,560,0
1728462921892326000,746,366,47,541,485,0
1728462921893168000,782,256,125,621,394,0
1728462921894010000,789,170,218,695,301,21
1728462921894852000,832,64,333,753,217,85
1728462921895694000,682,8,448,809,141,175
1728462921896536000,623,0,561,767,74,283
1728462921897378000,541,0,661,736,10,376
1728462921898219000,430,23,751,661,0,454
1728462921899061000,321,29,919,584,10,608
1728462921899902000,212,154,906,466,0,661
1728462921900744000,132,221,856,381,17,738
1728462921901586000,59,328,826,290,90,783
1728462921902428000,0,433,771,188,165,810
1728462921903270000,0,538,681,113,253,794
1728462921904117000,0,640,570,36,341,751
1728462921904958000,0,708,477,0,416,679
1728462921905800000,64,762,354,0,474,576
1728462921906641000,125,807,245,0,551,471
1728462921907483000,213,802,149,10,601,370
1728462921908325000,244,770,86,125,642,287
1728462921909167000,375,715,0,109,654,174
1728462921910008000,497,683,4,245,656,85
1728462921910850000,629,546,0,378,613,23
1728462921911691000,700,448,0,476,542,0
1728462921912533000,758,325,55,580,463,0
1728462921913375000,781,225,148,644,375,0
1728462921914217000,789,138,247,719,288,26
1728462921915059000,747,65,341,757,207,90
1728462921915901000,698,36,466,783,129,192
1728462921916743000,612,0,576,770,110,293
1728462921917592000,522,0,674,730,29,402
1728462921918433000,450,0,760,655,0,491
1728462921919275000,383,42,832,572,0,601
1728462921920117000,282,148,862,463,0,698
1728462921920959000,112,248,841,351,42,752
1728462921921801000,37,353,809,257,98,797
1728462921922643000,0,465,741,170,186,797
1728462921923485000,0,565,666,85,267,781
1728462921924327000,0,657,543,28,362,729
1728462921925168000,5,745,437,0,445,655
1728462921926010000,70,778,312,0,517,561
1728462921926851000,157,796,199,0,589,450
1728462921927692000,254,812,106,29,634,292
1728462921928534000,338,879,18,129,674,207
1728462921929376000,481,732,0,175,748,133
1728462921930218000,564,601,0,287,666,79
1728462921931075000,650,527,0,397,599,2
1728462921931916000,717,420,13,498,525,0
1728462921932758000,762,305,82,590,442,0
1728462921933599000,788,197,169,676,354,0
1728462921934441000,773,111,272,727,273,50
1728462921935283000,725,36,380,754,178,121
1728462921936125000,661,0,501,777,106,221
1728462921936966000,594,0,605,765,50,330
1728462921937808000,490,0,791,702,18,440
1728462921938650000,393,42,832,632,0,567
1728462921939492000,298,79,761,537,0,697
1728462921940334000,188,180,850,438,0,696
1728462921941176000,90,276,834,331,53,781
1728462921942018000,26,382,798,232,122,806
1728462921942860000,0,494,725,145,209,796
1728462921943702000,0,597,634,73,295,776
1728462921944545000,0,663,538,13,378,711
1728462921945386000,23,738,415,0,458,624
1728462921946227000,93,794,282,0,540,544
1728462921947068000,154,817,205,0,591,441
1728462921947910000,221,798,94,0,634,301
1728462921948752000,353,805,46,104,661,226
1728462921949594000,476,677,33,194,663,122
1728462921950436000,583,601,0,314,625,52
1728462921951277000,671,509,0,421,570,0
1728462921952118000,736,394,34,514,491,0
1728462921952959000,777,285,107,613,425,0
1728462921953801000,778,172,201,682,328,9
1728462921954643000,765,146,289,730,245,53
1728462921955485000,725,0,418,767,207,138
1728462921956327000,655,0,530,779,117,244
1728462921957169000,561,0,637,753,9,345
1728462921958010000,583,0,738,704,0,448
1728462921958851000,461,22,815,614,0,558
1728462921959692000,313,109,841,585,0,668
1728462921960534000,162,194,856,412,2,718
1728462921961376000,69,293,832,312,73,778
1728462921962218000,9,416,784,213,149,815
1728462921963060000,0,513,699,122,226,802
1728462921963901000,0,613,604,56,312,755
1728462921964742000,0,699,485,4,383,689
1728462921965584000,21,761,380,0,482,610
1728462921966425000,110,798,266,0,559,488
1728462921967267000,196,817,148,0,613,402
1728462921968109000,333,840,64,55,632,267
1728462921968951000,383,663,0,157,713,171
1728462921969793000,528,617,0,234,579,93
1728462921970634000,603,576,0,349,619,37
1728462921971497000,686,473,0,439,562,0
1728462921972338000,746,362,42,539,480,0
1728462921973180000,786,256,128,631,389,0
1728462921974022000,789,159,221,695,313,15
1728462921974864000,741,65,322,742,224,89
1728462921975706000,704,10,449,765,138,175
1728462921976547000,638,0,608,776,71,272
1728462921977389000,543,0,677,743,18,388
1728462921978230000,439,0,674,671,0,562
1728462921979071000,369,56,761,586,13,641
1728462921979913000,245,133,807,476,0,606
1728462921980755000,137,224,852,392,17,737
1728462921981597000,50,327,832,286,79,783
1728462921982439000,0,432,754,192,164,809
1728462921983281000,0,552,680,105,255,802
1728462921984122000,0,637,581,36,340,747
1728462921984963000,0,712,480,0,405,674
1728462921985805000,34,767,365,0,494,584
1728462921986647000,96,802,246,0,564,484
1728462921987489000,207,807,145,10,625,373
1728462921988331000,306,839,79,55,645,269
1728462921989173000,414,711,114,160,693,192
1728462921990015000,520,661,47,258,640,150
1728462921990856000,621,549,0,375,606,18
1728462921991697000,704,441,2,474,541,0
1728462921992539000,757,334,64,561,463,0
1728462921993381000,783,232,145,637,373,0
1728462921994222000,789,133,250,713,290,23
1728462921995064000,752,20,354,759,257,97
1728462921995906000,692,0,469,778,107,197
1728462921996748000,682,0,590,767,42,299
1728462921997590000,559,0,689,729,0,395
1728462921998437000,297,0,740,729,0,534
1728462921999278000,218,66,837,629,0,669
1728462922000119000,162,132,874,418,0,661
1728462922000961000,114,249,847,354,32,759
1728462922001803000,40,353,805,258,94,789
1728462922002645000,0,460,743,169,186,805
1728462922003487000,0,564,658,85,273,784
1728462922004328000,0,657,553,20,359,726
1728462922005169000,21,733,439,0,440,613
1728462922006010000,69,789,325,0,514,546
1728462922006851000,144,813,225,5,584,448
1728462922007693000,242,767,117,26,656,345
1728462922008535000,373,714,21,104,695,238
1728462922009377000,448,680,0,184,608,160
1728462922010219000,666,602,26,292,602,64
1728462922011060000,650,531,0,397,606,5
1728462922011910000,709,423,14,494,520,0
1728462922012752000,762,299,82,589,444,0
1728462922013593000,789,203,170,666,357,0
1728462922014435000,776,117,271,724,265,49
1728462922015277000,726,34,448,765,186,114
1728462922016119000,674,0,541,781,114,224
1728462922016960000,589,0,609,763,42,381
1728462922017801000,491,0,676,710,1,472
1728462922018642000,442,39,729,618,0,571
1728462922019483000,322,88,788,535,0,544
1728462922020325000,184,270,848,462,0,670
1728462922021167000,97,277,836,333,58,769
1728462922022009000,21,382,803,234,121,803
1728462922022851000,0,490,725,154,199,797
1728462922023693000,0,596,637,68,296,767
1728462922024535000,0,677,535,13,381,714
1728462922025387000,0,744,418,0,457,639
1728462922026229000,82,793,290,0,543,527
1728462922027071000,181,818,202,0,597,436
1728462922027913000,245,809,106,40,634,309
1728462922028755000,370,781,98,114,681,212
1728462922029597000,484,661,0,205,660,205
1728462922030439000,586,602,0,320,628,94
1728462922031280000,668,496,0,421,570,0
1728462922032121000,736,391,29,516,509,0
1728462922032963000,765,274,106,616,418,0
1728462922033805000,788,171,192,684,333,8
1728462922034647000,765,92,303,732,242,65
1728462922035489000,808,21,414,772,153,146
1728462922036331000,705,0,531,781,81,240
1728462922037172000,565,0,629,798,33,354
1728462922038014000,410,0,736,736,0,466
1728462922038849000,324,37,786,551,0,558
1728462922039690000,237,125,847,484,0,669
1728462922040532000,143,199,853,407,8,722
1728462922041374000,71,287,823,311,68,774
1728462922042216000,14,410,778,207,141,805
1728462922043057000,0,519,709,126,217,797
1728462922043898000,0,618,613,58,314,754
1728462922044739000,0,697,498,5,401,700
1728462922045580000,42,761,387,0,481,598
1728462922046421000,111,805,258,0,555,500
1728462922047263000,201,793,168,0,608,406
1728462922048105000,302,766,84,47,597,296
1728462922048947000,487,722,64,159,638,192
1728462922049789000,424,658,0,320,645,129
1728462922050631000,602,576,0,338,613,37
1728462922051472000,687,480,0,436,549,0
1728462922052330000,754,362,43,542,484,0
1728462922053172000,785,261,129,629,402,0
1728462922054014000,779,154,226,706,306,16
1728462922054856000,760,71,375,745,230,81
1728462922055698000,709,10,428,775,137,222
1728462922056540000,633,0,546,777,70,249
1728462922057382000,541,48,657,747,21,365
1728462922058223000,493,64,736,687,0,456
1728462922059064000,325,0,796,570,58,567
1728462922059906000,205,39,836,489,37,655
1728462922060748000,132,225,854,385,23,732
1728462922061590000,53,321,813,285,85,788
1728462922062432000,0,431,757,188,173,805
1728462922063274000,0,544,679,110,257,789
1728462922064115000,0,639,585,45,338,740
1728462922064957000,0,713,481,0,410,677
1728462922065805000,46,778,357,0,504,588
1728462922066646000,121,810,234,0,578,485
1728462922067488000,215,816,144,7,624,374
1728462922068330000,321,747,0,73,663,334
1728462922069172000,459,733,0,154,642,101
1728462922070014000,509,746,0,289,661,42
1728462922070856000,629,553,0,365,609,22
1728462922071697000,706,450,8,466,537,0
1728462922072538000,759,345,64,569,453,0
1728462922073380000,782,235,148,644,375,0
1728462922074222000,784,133,249,708,284,29
1728462922075064000,812,49,352,763,198,104
1728462922075906000,673,0,480,809,117,194
1728462922076748000,596,0,583,756,54,293
1728462922077590000,510,0,691,730,6,411
1728462922078431000,410,46,773,651,0,494
1728462922079283000,299,68,816,558,0,601
1728462922080125000,194,164,941,457,26,709
1728462922080967000,117,242,839,354,32,745
1728462922081809000,32,343,817,261,102,794
1728462922082651000,0,455,745,175,188,814
1728462922083493000,0,562,651,85,279,783
1728462922084334000,0,656,550,18,359,738
1728462922085175000,0,709,448,0,431,646
1728462922086017000,66,765,327,0,519,554
1728462922086858000,143,791,218,0,576,449
1728462922087700000,248,799,119,22,634,350
1728462922088542000,245,753,31,170,648,299
1728462922089384000,395,704,17,228,660,138
1728462922090225000,512,621,0,240,644,85
1728462922091067000,653,523,0,407,596,8
1728462922091908000,730,421,11,493,522,0
1728462922092757000,767,308,77,581,434,0
1728462922093599000,787,209,165,665,345,0
1728462922094441000,778,121,276,725,266,36
1728462922095283000,736,33,366,767,181,106
1728462922096125000,674,57,501,797,98,210
1728462922096967000,599,41,608,756,41,320
1728462922097809000,490,0,698,709,23,420
1728462922098650000,407,0,773,658,17,519
1728462922099492000,277,36,832,535,0,624
1728462922100334000,277,170,890,437,0,704
1728462922101176000,90,273,837,337,42,760
1728462922102017000,23,382,796,238,121,794
1728462922102859000,0,487,722,148,205,802
1728462922103700000,0,597,631,70,297,779
1728462922104542000,0,672,530,10,380,714
1728462922105383000,33,754,421,0,466,629
1728462922106230000,82,798,293,0,536,530
1728462922107071000,164,805,178,0,597,430
1728462922107913000,277,799,88,31,643,293
1728462922108755000,357,874,10,146,672,186
1728462922109597000,520,744,0,210,672,98
1728462922110439000,568,516,0,324,698,47
1728462922111280000,658,496,0,426,576,0
1728462922112121000,741,383,21,530,509,0
1728462922112963000,778,281,105,604,418,0
1728462922113805000,791,182,196,683,330,0
1728462922114647000,775,105,298,741,253,64
1728462922115489000,714,13,404,761,171,148
1728462922116331000,648,0,527,772,90,250
1728462922117172000,567,0,631,752,29,349
1728462922118014000,463,0,777,693,0,450
1728462922118855000,346,53,847,602,0,541
1728462922119715000,256,74,743,511,0,727
1728462922120557000,193,203,810,402,17,747
1728462922121399000,69,298,832,306,58,777
1728462922122241000,5,410,786,225,141,798
1728462922123083000,0,513,706,125,228,800
1728462922123924000,0,617,607,47,321,762
1728462922124766000,0,705,503,0,391,704
1728462922125607000,40,753,391,0,466,591
1728462922126448000,106,804,282,0,554,501
1728462922127289000,181,799,181,8,604,405
1728462922128131000,254,778,76,68,649,296
1728462922128973000,379,786,18,109,655,209
1728462922129815000,491,651,0,229,645,97
1728462922130657000,601,576,37,341,621,28
1728462922131498000,688,471,0,448,568,0
1728462922132339000,743,354,41,550,480,0
1728462922133174000,784,250,114,622,402,0
1728462922134016000,788,162,226,690,304,21
1728462922134858000,762,78,330,754,226,82
1728462922135700000,713,0,432,783,192,162
1728462922136542000,645,0,546,775,74,273
1728462922137384000,615,0,658,739,18,381
1728462922138225000,546,0,774,682,0,482
1728462922139066000,400,49,799,597,0,585
1728462922139908000,132,122,858,549,0,714
1728462922140750000,138,225,847,370,29,737
1728462922141592000,66,331,820,277,89,796
1728462922142434000,0,434,762,192,160,797
1728462922143276000,0,538,685,106,245,787
1728462922144118000,0,636,590,41,338,745
1728462922144959000,0,715,462,0,421,676
1728462922145801000,58,784,348,0,498,586
1728462922146652000,141,810,226,0,554,466
1728462922147494000,218,812,151,14,613,365
1728462922148336000,309,669,58,79,715,261
1728462922149178000,453,681,0,160,604,165
1728462922150020000,530,626,0,257,602,79
1728462922150861000,628,561,0,370,605,23
1728462922151702000,706,452,1,469,544,0
1728462922152543000,765,335,68,565,462,0
1728462922153385000,784,226,145,654,376,0
1728462922154227000,789,133,249,708,282,30
1728462922155069000,746,64,370,756,202,109
1728462922155911000,685,1,559,782,122,202
1728462922156752000,615,0,629,769,64,294
1728462922157594000,528,0,661,726,16,439
1728462922158435000,452,13,717,651,0,551
1728462922159277000,338,65,789,560,0,530
1728462922160124000,186,253,834,500,0,649
1728462922160966000,116,237,843,367,40,753
1728462922161808000,41,346,799,256,109,794
1728462922162650000,0,465,744,170,192,806
1728462922163492000,0,570,660,90,274,778
1728462922164333000,0,650,555,26,360,728
1728462922165174000,0,713,441,0,414,661
1728462922166016000,52,782,330,0,517,562
1728462922166858000,136,813,210,0,581,455
1728462922167700000,246,805,120,25,628,345
1728462922168542000,327,744,113,81,664,258
1728462922169384000,452,736,52,188,674,144
1728462922170226000,554,615,0,272,645,167
1728462922171067000,650,528,0,386,588,11
1728462922171908000,719,424,18,493,517,0
1728462922172750000,764,311,81,586,439,0
1728462922173604000,786,201,174,660,354,0
1728462922174445000,770,106,273,737,267,47
1728462922175287000,742,20,383,767,217,127
1728462922176129000,673,0,501,780,87,213
1728462922176971000,663,0,613,767,39,331
1728462922177812000,549,0,698,743,0,429
1728462922178654000,328,18,815,693,0,562
1728462922179495000,213,74,868,581,0,640
1728462922180336000,149,174,842,386,0,730
1728462922181178000,90,276,846,333,52,772
1728462922182020000,23,373,789,246,123,801
1728462922182862000,0,485,716,146,213,799
1728462922183704000,0,591,629,69,296,764
1728462922184546000,0,677,533,29,378,711
1728462922185388000,26,748,401,0,462,606
1728462922186229000,82,789,299,0,538,529
1728462922187085000,180,808,180,0,599,420
1728462922187927000,273,801,94,34,637,327
1728462922188769000,395,729,26,109,610,215
1728462922189611000,586,671,30,224,631,122
1728462922190453000,465,602,0,389,617,93
1728462922191294000,668,506,0,416,579,0
1728462922192135000,736,395,26,516,498,0
1728462922192977000,779,285,98,606,414,0
1728462922193819000,786,192,199,681,333,2
1728462922194661000,773,89,305,741,245,64
1728462922195503000,725,23,461,773,162,146
1728462922196345000,661,0,512,778,82,298
1728462922197186000,567,0,621,754,32,373
1728462922198027000,469,0,719,704,0,444
1728462922198868000,346,79,762,623,0,498
1728462922199709000,276,192,817,541,0,608
1728462922200553000,132,96,840,405,74,712
1728462922201395000,71,305,832,309,69,776
1728462922202237000,10,405,773,215,145,804
1728462922203079000,0,523,701,126,233,805
1728462922203920000,0,616,612,47,320,765
1728462922204762000,0,704,506,2,401,696
1728462922205603000,0,762,387,0,465,586
1728462922206444000,92,802,274,0,549,516
1728462922207285000,180,809,179,0,601,400
1728462922208127000,281,784,73,50,655,301
1728462922208969000,402,749,64,130,644,250
1728462922209811000,511,653,0,235,677,154
1728462922210653000,655,578,0,343,613,0
1728462922211494000,685,465,0,453,561,0
1728462922212336000,745,362,45,540,487,0
1728462922213177000,783,252,121,626,394,0
1728462922214024000,784,167,218,698,312,17
1728462922214866000,754,74,330,752,233,87
1728462922215708000,779,0,436,778,133,170
1728462922216550000,691,0,552,778,66,274
1728462922217391000,522,0,653,772,10,375
1728462922218232000,416,0,744,698,0,477
1728462922219073000,285,49,791,540,0,583
1728462922219915000,213,154,850,468,0,674
1728462922220757000,145,216,862,372,18,743
1728462922221599000,64,327,818,290,79,783
1728462922222441000,0,438,765,188,160,805
1728462922223283000,0,533,677,106,245,789
1728462922224124000,0,635,579,37,339,749
1728462922224965000,0,712,476,0,415,681
1728462922225807000,64,778,357,0,501,578
1728462922226648000,124,779,231,0,570,462
1728462922227501000,217,804,151,11,618,374
1728462922228343000,322,754,65,79,628,279
1728462922229185000,542,720,45,171,640,170
1728462922230027000,468,634,0,346,629,106
1728462922230868000,576,548,1,418,594,20
1728462922231709000,696,444,0,474,538,0
1728462922232550000,754,333,56,581,466,0
1728462922233392000,786,230,138,642,379,0
1728462922234234000,788,133,241,711,282,30
1728462922235076000,756,66,354,762,212,105
1728462922235918000,685,0,454,779,129,257
1728462922236759000,613,0,564,776,64,337
1728462922237601000,526,0,674,730,6,397
1728462922238442000,410,70,760,672,0,480
1728462922239284000,311,119,813,549,39,580
1728462922240126000,180,57,837,465,53,666
1728462922240971000,114,229,837,356,29,745
1728462922241813000,48,352,814,260,97,799
1728462922242655000,0,466,746,172,192,801
1728462922243497000,0,568,662,85,273,786
1728462922244338000,0,650,553,32,357,736
1728462922245179000,0,738,442,0,437,663
1728462922246021000,58,794,331,0,509,563
1728462922246862000,148,815,229,0,583,450
1728462922247704000,235,805,121,26,629,340
1728462922248546000,330,765,0,82,637,330
1728462922249388000,469,711,0,180,683,201
1728462922250230000,585,618,0,270,629,1
1728462922251072000,647,533,0,394,586,2
1728462922251913000,721,421,26,491,513,0
1728462922252754000,762,304,82,589,440,0
1728462922253596000,786,206,165,669,353,0
1728462922254444000,777,117,272,722,270,49
1728462922255287000,796,32,379,767,170,119
1728462922256129000,650,0,506,818,101,224
1728462922256971000,576,0,602,790,49,325
1728462922257812000,482,0,698,709,0,425
1728462922258653000,372,34,795,612,0,559
1728462922259495000,265,132,852,525,0,615
1728462922260337000,165,159,964,429,31,718
1728462922261179000,94,274,834,337,57,775
1728462922262021000,25,373,791,235,130,797
1728462922262863000,0,487,726,146,197,803
1728462922263704000,0,588,637,75,293,772
1728462922264545000,0,672,537,14,377,725
1728462922265386000,16,741,431,0,455,618
1728462922266227000,85,779,292,0,541,537
1728462922267069000,174,805,192,0,600,426
1728462922267922000,285,797,107,42,626,309
1728462922268764000,436,736,20,121,628,215
1728462922269606000,389,674,0,272,642,167
1728462922270447000,516,600,11,349,622,49
1728462922271288000,672,503,0,413,576,0
1728462922272129000,736,404,29,517,498,0
1728462922272971000,776,283,105,612,421,0
1728462922273812000,781,177,192,681,329,2
1728462922274654000,770,87,286,747,249,64
1728462922275496000,722,21,389,768,160,202
1728462922276337000,663,0,516,780,82,226
1728462922277178000,564,0,619,749,32,338
1728462922278019000,466,42,726,706,0,442
1728462922278861000,412,74,774,618,0,517
1728462922279702000,244,9,811,511,54,637
1728462922280544000,180,146,850,405,0,719
1728462922281392000,75,300,832,314,73,770
1728462922282234000,11,409,776,217,149,811
1728462922283076000,0,514,700,122,233,802
1728462922283917000,0,610,608,58,313,756
1728462922284759000,0,704,501,8,402,693
1728462922285600000,13,767,395,0,474,597
1728462922286441000,96,784,271,0,561,508
1728462922287283000,178,819,162,0,614,407
1728462922288125000,297,789,74,52,645,295
1728462922288967000,460,766,0,143,653,114
1728462922289809000,503,773,0,276,670,65
1728462922290651000,634,629,0,349,615,16
1728462922291492000,686,474,0,440,559,0
1728462922292333000,750,370,50,535,480,0
1728462922293175000,782,256,123,628,386,0
1728462922294017000,786,162,224,698,314,9
1728462922294864000,764,70,324,753,229,85
1728462922295706000,687,10,448,808,137,178
1728462922296548000,621,0,568,770,66,270
1728462922297390000,530,0,653,736,17,370
1728462922298231000,433,0,749,674,0,487
1728462922299072000,338,28,794,582,0,569
1728462922299914000,221,133,909,480,22,677
1728462922300756000,138,228,869,375,2,842
1728462922301598000,50,327,832,286,82,781
1728462922302440000,0,431,767,192,166,808
1728462922303282000,0,549,679,100,247,803
1728462922304124000,0,638,586,37,335,750
1728462922304965000,0,714,477,0,409,673
1728462922305807000,47,780,346,0,490,581
1728462922306648000,119,792,244,0,556,484
1728462922307490000,226,797,144,18,615,383
1728462922308348000,285,785,64,77,640,287
1728462922309190000,378,719,0,137,656,149
1728462922310032000,498,658,0,239,640,106
1728462922310873000,610,591,0,357,594,13
1728462922311714000,701,441,0,471,535,0
1728462922312556000,757,334,57,566,469,0
1728462922313397000,788,232,133,647,373,0
1728462922314239000,777,128,258,710,286,16
1728462922315081000,749,44,356,761,213,102
1728462922315923000,696,79,458,779,133,192
1728462922316765000,621,33,578,757,114,293
1728462922317607000,527,0,688,732,37,397
1728462922318449000,418,0,764,660,0,509
1728462922319290000,413,38,839,576,0,598
1728462922320132000,304,132,873,467,0,677
1728462922320974000,36,235,840,412,18,781
1728462922321815000,34,354,813,260,103,791
1728462922322657000,0,458,757,173,185,806
1728462922323499000,0,569,656,86,275,785
1728462922324340000,0,655,551,23,360,730
1728462922325181000,5,729,448,0,434,658
1728462922326023000,64,785,320,0,508,552
1728462922326864000,142,812,206,0,581,449
1728462922327706000,248,798,117,33,629,338
1728462922328548000,349,814,33,101,670,242
1728462922329390000,469,762,0,165,743,130
1728462922330232000,552,554,0,320,708,53
1728462922331073000,651,496,0,397,565,2
1728462922331914000,711,418,11,496,523,0
1728462922332756000,766,302,77,594,448,0
1728462922333598000,789,206,170,662,356,0
1728462922334440000,786,121,266,726,265,47
1728462922335297000,736,34,386,770,188,125
1728462922336139000,673,0,497,781,114,220
1728462922336980000,587,0,612,759,50,329
1728462922337822000,497,0,736,705,0,431
1728462922338663000,397,18,825,626,0,525
1728462922339505000,274,66,744,533,0,708
1728462922340347000,234,194,799,431,1,732
1728462922341189000,98,324,832,331,64,757
1728462922342031000,26,378,796,233,117,808
1728462922342873000,0,494,730,139,201,799
1728462922343715000,0,588,645,71,290,773
1728462922344557000,0,674,527,18,383,718
1728462922345399000,18,741,418,0,458,649
1728462922346240000,90,779,304,0,530,536
1728462922347082000,149,799,196,0,599,427
1728462922347924000,265,796,105,38,634,320
1728462922348774000,352,751,31,100,657,243
1728462922349616000,468,700,0,197,661,125
1728462922350458000,578,626,78,299,668,77
1728462922351300000,664,503,0,418,578,0
1728462922352141000,727,389,33,517,497,0
1728462922352983000,772,276,102,615,420,0
1728462922353825000,786,185,193,680,333,5
1728462922354666000,776,93,306,736,245,68
1728462922355509000,722,11,407,772,212,144
1728462922356351000,661,0,530,789,111,244
1728462922357192000,569,0,626,754,18,349
1728462922358034000,522,0,721,700,0,458
1728462922358875000,437,17,784,620,0,546
1728462922359716000,331,85,845,510,0,644
1728462922360557000,64,193,885,463,0,746
1728462922361399000,71,284,832,316,69,773
1728462922362241000,21,402,776,213,149,806
1728462922363083000,0,512,698,130,220,794
1728462922363924000,0,618,618,57,320,760
1728462922364766000,0,688,510,2,401,690
1728462922365607000,36,753,359,0,481,608
1728462922366449000,114,810,266,0,557,498
1728462922367291000,188,807,165,0,609,386
1728462922368133000,296,797,69,58,647,279
1728462922368975000,375,642,0,159,722,186
1728462922369817000,517,625,0,224,579,101
1728462922370659000,576,548,0,329,568,33
1728462922371500000,687,481,0,442,553,0
1728462922372342000,741,367,41,542,484,0
1728462922373184000,793,265,125,628,405,0
1728462922374026000,789,160,218,704,309,18
1728462922374868000,762,73,320,749,231,82
1728462922375721000,709,11,512,776,139,169
1728462922376563000,629,0,611,775,74,273
1728462922377405000,546,0,639,747,23,436
1728462922378247000,448,0,721,682,0,511
1728462922379088000,405,73,772,589,0,499
1728462922379929000,229,117,814,496,0,610
1728462922380771000,162,298,847,406,29,711
1728462922381613000,56,322,813,287,87,796
1728462922382455000,0,432,757,192,169,810
1728462922383297000,0,535,679,110,244,786
1728462922384139000,0,639,585,44,340,743
1728462922384980000,0,709,479,0,416,674
1728462922385822000,41,767,362,0,505,587
1728462922386663000,117,802,237,0,573,484
1728462922387505000,213,796,151,1,613,378
1728462922388347000,326,789,64,77,663,273
1728462922389184000,424,746,74,162,704,189
1728462922390026000,540,649,0,254,642,185
1728462922390867000,629,535,0,362,618,116
1728462922391708000,704,449,0,463,541,0
1728462922392550000,757,341,64,565,455,0
1728462922393391000,784,229,145,644,373,0
1728462922394233000,773,133,247,711,285,32
1728462922395075000,754,64,354,764,208,107
1728462922395917000,697,0,473,781,100,187
1728462922396759000,714,0,581,773,53,297
1728462922397600000,564,0,688,730,1,414
1728462922398441000,402,0,767,698,0,501
1728462922399282000,249,69,847,609,0,607
1728462922400124000,168,146,832,416,0,682
1728462922400966000,101,297,875,334,20,747
1728462922401808000,37,348,819,264,103,801
1728462922402658000,0,459,742,171,185,811
1728462922403499000,0,562,661,89,274,778
1728462922404340000,0,657,563,21,362,736
1728462922405181000,1,732,453,0,427,651
1728462922406023000,66,787,334,0,517,546
1728462922406864000,135,804,221,0,581,440
1728462922407706000,244,806,112,29,634,348
1728462922408548000,343,756,50,96,660,260
1728462922409390000,463,679,0,175,602,138
1728462922410232000,671,613,37,311,610,69
1728462922411073000,736,506,0,407,576,2
1728462922411914000,722,416,10,496,529,0
1728462922412756000,766,307,69,583,448,0
1728462922413598000,789,212,164,666,349,0
1728462922414440000,786,109,269,730,276,37
1728462922415282000,738,37,362,771,188,126
1728462922416132000,672,0,552,786,110,219
1728462922416973000,595,0,583,756,45,389
1728462922417815000,502,0,686,714,0,467
1728462922418656000,394,24,777,643,0,514
1728462922419497000,257,174,814,548,0,582
1728462922420339000,207,261,832,461,10,671
1728462922421181000,84,185,832,330,105,758
1728462922422023000,27,377,795,237,112,797
1728462922422865000,0,493,738,146,207,809
1728462922423706000,0,590,634,72,295,778
1728462922424547000,0,673,528,11,383,710
1728462922425388000,23,756,420,0,458,633
1728462922426230000,69,784,306,0,526,543
1728462922427071000,169,815,193,0,593,427
1728462922427913000,270,801,109,41,636,325
1728462922428755000,369,741,77,113,668,229
1728462922429605000,469,718,45,202,651,129
1728462922430447000,578,589,0,305,635,130
1728462922431288000,665,503,0,413,578,26
1728462922432129000,736,395,29,522,502,0
1728462922432970000,770,279,104,610,421,0
1728462922433812000,786,175,197,683,335,5
1728462922434654000,770,94,301,738,245,69
1728462922435496000,727,25,409,776,170,142
1728462922436338000,727,0,535,784,89,248
1728462922437180000,632,0,628,759,23,346
1728462922438021000,501,0,715,693,0,455
1728462922438862000,282,23,798,669,0,566
1728462922439704000,181,85,862,569,0,674
1728462922440546000,114,199,842,368,4,729
1728462922441388000,74,299,832,303,75,777
1728462922442230000,14,404,783,217,134,803
1728462922443089000,0,514,705,123,218,789
1728462922443930000,0,618,608,52,313,754
1728462922444772000,0,691,509,8,397,706
1728462922445613000,33,761,383,0,480,613
1728462922446454000,109,800,270,0,558,497
1728462922447296000,194,809,170,0,597,397
1728462922448138000,285,779,74,68,650,281
1728462922448980000,412,705,16,141,613,193
1728462922449822000,626,658,41,253,629,119
1728462922450664000,678,576,0,330,609,43
1728462922451505000,679,480,0,448,556,0
1728462922452346000,754,367,42,540,490,0
1728462922453188000,788,260,125,634,402,0
1728462922454030000,788,157,212,695,309,18
1728462922454872000,762,78,327,746,229,84
1728462922455714000,713,18,466,781,138,189
1728462922456558000,634,0,538,778,77,330
1728462922457400000,559,0,642,745,30,402
1728462922458241000,448,0,733,681,0,460
1728462922459082000,331,169,773,605,4,533
1728462922459923000,266,202,840,500,0,642
1728462922460765000,113,122,847,392,81,720
1728462922461607000,58,314,807,287,85,788
1728462922462449000,5,432,757,192,177,810
1728462922463291000,0,538,683,107,244,792
1728462922464132000,0,633,581,36,338,740
1728462922464974000,0,713,482,0,414,666
1728462922465815000,40,767,361,0,507,587
1728462922466656000,122,820,242,0,571,494
1728462922467498000,221,808,145,2,618,381
1728462922468340000,311,789,64,72,649,269
1728462922469182000,415,704,0,160,660,245
1728462922470027000,602,660,0,257,657,90
1728462922470869000,660,552,0,363,589,0
1728462922471710000,704,455,0,463,541,0
1728462922472552000,759,342,57,565,462,0
1728462922473394000,779,239,148,648,369,0
1728462922474236000,778,133,249,719,290,29
1728462922475078000,754,64,352,755,213,106
1728462922475920000,751,0,472,779,110,193
1728462922476762000,591,0,581,818,58,296
1728462922477603000,502,0,681,760,8,410
1728462922478445000,413,0,762,658,0,504
1728462922479286000,272,78,811,535,0,623
1728462922480128000,188,185,844,442,0,671
1728462922480970000,100,217,960,349,57,765
1728462922481812000,34,347,811,269,106,800
1728462922482654000,0,453,745,176,189,808
1728462922483510000,0,561,666,85,274,789
1728462922484352000,0,650,560,26,353,739
1728462922485193000,5,730,449,0,441,656
1728462922486035000,49,765,343,0,517,552
1728462922486876000,125,782,210,0,583,452
1728462922487717000,248,788,122,25,617,354
1728462922488559000,352,761,53,92,660,257
1728462922489401000,503,709,0,248,644,162
1728462922490243000,473,615,16,345,632,103
1728462922491084000,599,514,0,381,586,0
1728462922491925000,714,425,5,488,525,0
1728462922492767000,767,320,71,585,448,1
1728462922493608000,789,210,170,666,352,0
1728462922494450000,773,114,266,727,265,37
1728462922495292000,740,32,381,777,193,122
1728462922496134000,672,0,473,773,107,258
1728462922496982000,594,0,591,759,42,305
1728462922497824000,501,43,692,713,0,416
1728462922498665000,392,53,779,638,0,521
1728462922499506000,298,138,832,528,37,613
1728462922500348000,168,77,835,459,55,685
1728462922501190000,105,233,833,313,0,759
1728462922502032000,26,378,805,239,112,796
1728462922502874000,0,490,730,153,207,807
1728462922503716000,0,585,632,71,295,773
1728462922504557000,0,674,529,11,382,711
1728462922505398000,18,741,425,0,453,636
1728462922506239000,77,802,303,0,529,542
1728462922507080000,158,811,197,0,594,421
1728462922507922000,274,794,101,42,644,327
1728462922508764000,376,767,14,116,663,242
1728462922509606000,538,712,0,201,660,162
1728462922510451000,633,625,0,314,615,0
1728462922511292000,670,490,0,426,578,0
1728462922512133000,730,402,32,520,505,0
1728462922512975000,762,274,110,610,423,0
1728462922513817000,786,188,183,677,335,6
1728462922514659000,772,96,298,733,250,66
1728462922515501000,722,28,405,776,170,139
1728462922516343000,704,0,527,791,85,249
1728462922517184000,551,0,629,796,33,353
1728462922518026000,463,0,722,704,0,453
1728462922518867000,362,31,787,602,0,559
1728462922519708000,234,144,858,491,0,649
1728462922520550000,145,165,963,401,34,730
1728462922521392000,53,305,879,312,69,779
1728462922522234000,6,402,778,209,142,804
1728462922523075000,0,506,714,127,217,800
1728462922523926000,0,616,612,53,320,765
1728462922524767000,0,698,513,2,394,706
1728462922525608000,26,753,395,0,480,610
1728462922526449000,105,767,266,0,554,495
1728462922527291000,197,800,178,0,601,405
1728462922528133000,290,789,88,64,645,277
1728462922528975000,439,716,15,144,653,179
1728462922529817000,405,668,0,290,641,171
1728462922530658000,535,565,5,363,608,18
1728462922531499000,650,473,0,389,552,0
1728462922532340000,749,370,46,549,489,0
1728462922533182000,773,250,121,628,397,0
1728462922534024000,788,154,204,700,308,13
1728462922534866000,763,78,329,746,226,87
1728462922535708000,719,14,448,786,142,174
1728462922536550000,631,11,547,779,75,250
1728462922537399000,548,42,642,743,22,363
1728462922538240000,450,30,732,676,0,469
1728462922539081000,348,0,806,590,42,570
1728462922539923000,256,77,837,506,10,665
1728462922540765000,202,185,873,389,0,736
1728462922541607000,114,320,813,290,84,786
1728462922542449000,0,436,767,193,160,811
1728462922543291000,0,542,690,111,241,792
1728462922544132000,0,634,593,41,332,737
1728462922544973000,0,718,478,0,420,683
1728462922545815000,46,761,354,0,497,581
1728462922546656000,128,805,241,0,580,484
1728462922547498000,218,811,148,2,617,381
1728462922548340000,299,785,64,64,658,270
1728462922549182000,434,722,0,160,656,112
1728462922550024000,548,746,0,282,658,64
1728462922550872000,647,608,0,346,605,1
1728462922551713000,704,436,0,472,551,0
1728462922552555000,756,343,64,566,465,0
1728462922553397000,780,233,149,649,376,0
1728462922554239000,782,133,244,716,290,29
1728462922555081000,754,58,353,753,207,101
1728462922555923000,683,0,469,772,122,185
1728462922556765000,604,0,586,765,64,297
1728462922557607000,516,0,678,728,10,405
1728462922558449000,416,5,824,656,0,501
1728462922559291000,300,90,909,562,14,618
1728462922560132000,212,138,739,459,0,770
1728462922560974000,136,264,797,354,57,808
1728462922561816000,42,341,808,269,109,795
1728462922562658000,0,453,746,165,180,807
1728462922563500000,0,570,664,88,266,786
1728462922564349000,0,655,562,25,353,724
1728462922565190000,0,726,448,0,441,656
1728462922566031000,71,794,329,0,514,565
1728462922566872000,149,796,220,0,576,448
1728462922567714000,212,793,128,29,618,349
1728462922568556000,333,783,45,101,660,249
1728462922569398000,426,740,0,164,660,164
1728462922570240000,537,639,0,271,637,53
1728462922571082000,634,508,92,378,618,32
1728462922571923000,719,438,16,489,521,0
1728462922572765000,773,320,84,590,452,0
1728462922573606000,779,202,170,663,353,0
1728462922574448000,778,117,271,722,270,50
1728462922575290000,741,42,381,770,179,124
1728462922576132000,674,0,498,778,151,210
1728462922576974000,591,0,607,765,76,321
1728462922577823000,505,0,700,717,0,428
1728462922578664000,462,9,772,642,0,529
1728462922579505000,373,78,856,538,0,632
1728462922580347000,85,168,856,510,0,744
1728462922581189000,39,260,842,266,41,746
1728462922582031000,23,373,788,237,125,802
1728462922582873000,0,484,723,142,208,805
1728462922583714000,0,586,629,74,285,767
1728462922584556000,0,677,530,13,377,708
1728462922585397000,6,738,431,0,453,629
1728462922586239000,88,786,282,0,542,533
1728462922587080000,178,813,176,0,599,431
1728462922587922000,277,802,96,43,639,312
1728462922588764000,370,760,26,108,663,218
1728462922589606000,481,629,0,237,714,121
1728462922590448000,598,552,0,309,552,45
1728462922591350000,641,466,0,410,520,0
1728462922592191000,733,402,21,504,498,0
1728462922593033000,779,288,103,606,423,0
1728462922593875000,794,189,194,682,341,1
1728462922594717000,777,90,292,741,253,66
1728462922595559000,730,20,416,769,164,149
1728462922596401000,653,0,540,781,82,244
1728462922597242000,562,0,687,752,32,346
1728462922598084000,468,0,763,693,0,490
1728462922598925000,373,23,784,626,0,578
1728462922599766000,301,126,786,514,2,698
1728462922600608000,170,184,821,402,0,654
1728462922601450000,100,387,832,334,64,744
1728462922602292000,10,398,786,217,142,808
1728462922603134000,0,514,700,121,224,797
1728462922603976000,0,613,616,52,320,766
1728462922604771000,0,696,501,4,390,692
1728462922605613000,25,761,389,0,474,604
1728462922606454000,98,802,282,0,551,510
1728462922607295000,165,801,170,0,596,405
1728462922608137000,286,783,57,56,650,312
1728462922608979000,407,746,18,141,651,196
1728462922609821000,487,677,90,233,697,122
1728462922610662000,590,613,53,343,642,30
1728462922611503000,673,469,0,445,546,81
1728462922612344000,746,348,39,545,489,0
1728462922613184000,781,257,114,624,404,0
1728462922614026000,786,166,218,693,308,13
1728462922614868000,767,74,324,748,241,77
1728462922615710000,713,5,434,784,146,170
1728462922616552000,637,0,546,772,111,266
1728462922617394000,548,0,657,738,5,378
1728462922618242000,527,0,740,681,0,476
1728462922619084000,378,37,809,593,0,568
1728462922619926000,113,100,828,564,0,694
1728462922620768000,71,209,857,413,18,719
1728462922621610000,37,332,822,253,77,804
1728462922622452000,0,429,769,192,157,801
1728462922623294000,0,540,683,111,249,797
1728462922624135000,0,636,581,40,335,744
1728462922624977000,0,714,474,0,421,674
1728462922625819000,45,773,360,0,490,590
1728462922626660000,130,804,225,0,559,469
1728462922627502000,218,811,139,13,618,368
1728462922628344000,346,778,46,81,660,273
1728462922629186000,430,705,0,158,677,173
1728462922630028000,526,610,0,258,581,75
1728462922630870000,733,535,31,377,576,11
1728462922631723000,762,441,5,470,522,0
1728462922632564000,762,334,58,571,466,0
1728462922633406000,786,233,141,641,383,0
1728462922634248000,785,138,244,706,288,34
1728462922635090000,757,58,352,764,215,98
1728462922635932000,704,0,469,786,141,192
1728462922636774000,613,0,626,770,66,352
1728462922637616000,517,0,657,719,4,457
1728462922638457000,427,8,752,664,0,510
1728462922639298000,321,70,793,570,0,554
1728462922640139000,192,249,842,497,4,645
1728462922640981000,121,128,837,343,127,741
1728462922641823000,45,324,810,264,126,796
1728462922642665000,0,463,751,169,181,807
1728462922643507000,0,560,671,90,267,786
1728462922644348000,0,654,558,29,361,740
1728462922645191000,5,730,450,0,439,658
1728462922646033000,69,779,330,0,520,564
1728462922646874000,133,813,221,0,568,458
1728462922647716000,229,821,133,30,629,359
1728462922648558000,330,770,45,96,658,253
1728462922649400000,449,711,18,175,658,228
1728462922650241000,563,629,0,282,657,125
1728462922651083000,704,554,0,382,586,0
1728462922651924000,709,418,10,487,522,0
1728462922652766000,770,306,77,594,441,0
1728462922653608000,785,203,162,658,352,0
1728462922654450000,778,117,267,714,265,52
1728462922655292000,737,52,380,762,188,122
1728462922656134000,704,0,497,789,106,216
1728462922656976000,576,0,602,810,45,324
1728462922657817000,474,0,704,745,0,433
1728462922658664000,382,14,780,637,0,525
1728462922659505000,263,114,835,520,0,642
1728462922660347000,164,192,850,427,0,700
1728462922661189000,78,277,921,328,90,777
1728462922662031000,25,372,796,237,119,805
1728462922662873000,0,490,730,154,205,800
1728462922663714000,0,586,643,72,292,781
1728462922664556000,0,666,537,18,378,716
1728462922665397000,23,752,416,0,463,645
1728462922666239000,81,757,286,0,530,517
1728462922667080000,178,794,188,0,599,434
1728462922667922000,264,794,98,34,618,325
1728462922668764000,367,752,32,114,654,232
1728462922669606000,506,686,0,276,647,149
1728462922670448000,496,592,2,359,613,87
1728462922671289000,609,505,0,437,560,0
1728462922672140000,730,395,29,516,509,0
1728462922672981000,767,287,98,608,420,0
1728462922673822000,783,183,196,689,334,1
1728462922674664000,772,98,290,738,250,64
1728462922675506000,736,29,416,777,165,141
1728462922676348000,661,0,519,783,93,266
1728462922677189000,566,0,623,759,36,335
1728462922678030000,471,47,711,704,0,448
1728462922678871000,368,58,790,618,0,550
1728462922679712000,276,151,832,503,58,630
1728462922680554000,170,128,845,429,42,705
1728462922681396000,101,266,839,313,26,775
1728462922682238000,10,399,776,217,146,804
1728462922683080000,0,509,704,122,224,799
1728462922683921000,0,616,609,64,310,762
1728462922684762000,0,695,506,8,402,692
1728462922685610000,29,754,399,0,480,610
1728462922686451000,93,805,277,0,546,514
1728462922687292000,189,826,168,0,604,405
1728462922688134000,302,789,79,53,649,298
1728462922688976000,389,743,10,138,666,197
1728462922689818000,530,674,0,226,645,37
1728462922690659000,617,562,0,338,597,0
1728462922691500000,656,585,0,453,567,0
1728462922692342000,745,372,45,538,480,0
1728462922693184000,787,261,122,626,395,0
1728462922694026000,788,169,217,693,320,8
1728462922694868000,765,70,322,757,229,82
1728462922695710000,714,9,448,776,146,169
1728462922696552000,692,0,567,791,66,277
1728462922697393000,523,0,652,778,8,373
1728462922698234000,426,0,742,708,0,462
1728462922699097000,333,42,811,593,0,582
1728462922699939000,206,170,866,476,0,674
1728462922700781000,129,201,970,370,53,753
1728462922701623000,65,325,788,286,66,885
1728462922702465000,0,430,770,193,161,813
1728462922703307000,0,537,682,106,245,791
1728462922704149000,0,632,588,36,338,753
1728462922704990000,0,711,480,0,407,675
1728462922705832000,41,773,363,0,494,578
1728462922706673000,122,791,257,0,569,489
1728462922707515000,219,799,146,8,610,372
1728462922708357000,325,777,68,77,644,266
1728462922709199000,437,726,2,166,664,181
1728462922710041000,471,655,10,298,636,66
1728462922710882000,576,554,0,338,608,34
1728462922711723000,693,473,1,433,542,9
1728462922712563000,757,333,46,561,468,0
1728462922713405000,786,238,140,642,378,0
1728462922714247000,789,136,237,713,287,21
1728462922715089000,744,55,356,759,207,98
1728462922715931000,695,0,466,788,128,194
1728462922716772000,624,71,576,765,64,279
1728462922717614000,535,43,668,728,3,392
1728462922718455000,418,0,757,660,21,494
1728462922719296000,309,40,819,576,0,597
1728462922720138000,209,101,833,457,0,677
1728462922720980000,213,226,898,365,1,746
1728462922721822000,0,341,793,335,84,818
1728462922722664000,0,459,747,170,183,813
1728462922723506000,0,561,660,89,266,788
1728462922724347000,0,654,556,27,359,733
1728462922725188000,13,732,449,0,440,661
1728462922726036000,69,785,331,0,505,556
1728462922726877000,133,815,224,0,578,444
1728462922727719000,225,803,132,23,633,352
1728462922728561000,357,776,41,96,661,237
1728462922729403000,451,744,0,192,661,124
1728462922730244000,604,688,0,288,631,34
1728462922731085000,641,533,0,373,668,0
1728462922731926000,697,345,1,498,576,0
1728462922732768000,767,301,74,590,450,0
1728462922733609000,788,213,162,661,362,0
1728462922734450000,779,120,266,722,266,53
1728462922735292000,741,40,381,767,196,113
1728462922736134000,679,0,491,781,107,218
1728462922736976000,578,0,602,756,46,322
1728462922737818000,489,0,700,704,0,431
1728462922738660000,395,21,776,636,0,526
1728462922739529000,274,89,901,542,0,625
1728462922740371000,192,184,904,437,0,759
1728462922741213000,100,271,766,323,80,832
1728462922742055000,26,373,781,227,114,765
1728462922742897000,0,485,729,148,206,801
1728462922743738000,0,590,650,71,290,782
1728462922744580000,0,674,530,16,372,720
1728462922745421000,14,736,421,0,459,632
1728462922746262000,97,794,296,0,543,538
1728462922747103000,163,794,194,0,576,425
1728462922747945000,273,791,109,47,631,324
1728462922748787000,359,761,36,119,670,234
1728462922749629000,442,689,0,162,658,114
1728462922750471000,543,610,0,274,619,84
1728462922751312000,640,545,5,382,568,34
1728462922752153000,727,397,30,504,493,0
1728462922752983000,770,290,95,610,423,0
1728462922753824000,784,183,192,677,333,0
1728462922754666000,773,98,306,738,253,64
1728462922755508000,729,27,412,777,162,149
1728462922756350000,661,4,526,784,94,229
1728462922757191000,578,26,629,757,41,345
1728462922758032000,474,0,717,707,21,449
1728462922758874000,370,18,785,613,1,552
1728462922759715000,257,65,847,500,0,644
1728462922760557000,284,174,900,434,0,708
1728462922761399000,0,277,828,383,65,832
1728462922762241000,16,400,776,218,153,808
1728462922763083000,0,512,712,133,224,803
1728462922763924000,0,613,609,56,309,756
1728462922764766000,0,692,515,4,400,693
1728462922765607000,25,754,388,0,474,608
1728462922766458000,94,805,266,0,557,516
1728462922767300000,197,809,151,0,610,402
1728462922768142000,301,791,82,58,639,284
1728462922768984000,407,743,18,148,664,186
1728462922769825000,520,764,0,261,674,85
1728462922770666000,637,631,0,341,610,13
1728462922771507000,661,391,0,426,626,0
1728462922772349000,745,368,42,532,482,0
1728462922773191000,791,261,124,628,402,0
1728462922774033000,783,162,213,696,313,5
1728462922774875000,757,73,323,744,229,82
1728462922775717000,714,21,448,777,149,170
1728462922776559000,622,0,552,762,69,274
1728462922777400000,542,0,653,737,16,373
1728462922778242000,441,0,744,680,0,470
1728462922779083000,332,37,852,597,0,579
1728462922779934000,224,128,922,498,17,683
1728462922780776000,136,196,772,375,18,818
1728462922781618000,130,334,788,291,85,709
1728462922782460000,0,427,771,199,165,813
1728462922783302000,0,529,687,114,256,796
1728462922784144000,0,634,586,40,330,750
1728462922784985000,0,711,474,0,412,677
1728462922785827000,42,775,367,0,501,586
1728462922786668000,117,791,255,0,554,477
1728462922787510000,194,809,132,13,616,389
1728462922788352000,314,779,64,73,657,281
1728462922789194000,434,730,2,158,658,178
1728462922790036000,511,696,0,247,641,78
1728462922790877000,610,530,103,354,629,37
1728462922791718000,706,458,84,459,578,1
1728462922792559000,762,348,52,560,469,2
1728462922793409000,786,234,146,641,373,0
1728462922794251000,794,138,245,711,298,20
1728462922795093000,752,53,357,769,213,105
1728462922795935000,696,0,465,775,125,195
1728462922796777000,618,0,576,770,103,297
1728462922797619000,535,0,674,730,0,398
1728462922798460000,424,0,749,663,0,500
1728462922799302000,385,50,817,577,0,598
1728462922800144000,281,137,834,474,0,693
1728462922800986000,55,234,874,392,25,756
1728462922801828000,10,350,802,220,97,817
1728462922802670000,0,459,752,174,176,811
1728462922803512000,0,562,654,84,269,785
1728462922804353000,0,655,564,23,360,737
1728462922805194000,2,730,451,0,430,650
1728462922806036000,66,785,333,0,508,557
1728462922806880000,151,815,229,0,581,450
1728462922807722000,234,801,125,18,628,334
1728462922808564000,357,777,36,98,663,239
1728462922809406000,466,692,0,192,668,141
1728462922810248000,570,576,0,285,559,46
1728462922811090000,622,501,0,389,545,9
1728462922811931000,842,395,52,501,488,0
1728462922812772000,764,306,66,590,445,0
1728462922813614000,789,215,166,658,356,1
1728462922814456000,784,117,269,725,266,40
1728462922815298000,733,38,383,767,192,121
1728462922816140000,680,0,489,790,111,218
1728462922816982000,594,0,688,757,45,324
1728462922817824000,498,0,692,718,0,494
1728462922818665000,393,25,761,640,0,554
1728462922819506000,282,75,817,543,0,644
1728462922820354000,200,154,826,450,0,644
1728462922821196000,129,357,823,363,59,741
1728462922822038000,16,293,780,241,188,774
1728462922822880000,0,485,731,153,201,809
1728462922823721000,0,591,644,74,295,780
1728462922824562000,0,677,526,12,378,719
1728462922825404000,23,744,427,0,457,635
1728462922826245000,81,788,299,0,528,530
1728462922827087000,165,814,202,0,597,427
1728462922827929000,249,802,120,26,637,329
1728462922828771000,373,759,24,106,674,233
1728462922829613000,488,695,5,203,663,133
1728462922830455000,582,597,0,308,626,142
1728462922831296000,660,490,0,406,590,66
1728462922832137000,756,407,0,513,523,26
1728462922832979000,775,277,100,610,425,0
1728462922833829000,788,181,192,676,333,4
1728462922834671000,777,106,293,740,244,69
1728462922835513000,727,25,415,773,175,149
1728462922836354000,658,0,525,789,94,244
1728462922837196000,663,0,621,759,20,350
1728462922838037000,530,0,721,689,0,455
1728462922838879000,359,34,792,650,0,548
1728462922839720000,213,107,840,546,0,651
1728462922840562000,116,181,839,372,0,738
1728462922841404000,53,337,837,285,57,761
1728462922842246000,0,410,850,212,139,799
1728462922843088000,0,517,711,125,224,789
1728462922843929000,0,610,620,64,313,757
1728462922844770000,0,690,506,8,400,706
1728462922845611000,29,757,385,0,480,618
1728462922846453000,112,797,276,0,549,523
1728462922847310000,199,805,165,0,597,391
1728462922848152000,285,756,95,57,644,303
1728462922848994000,396,734,23,142,653,203
1728462922849836000,583,666,2,233,636,100
1728462922850678000,661,576,0,373,597,45
1728462922851519000,592,465,9,500,554,17
1728462922852361000,709,363,45,564,488,0
1728462922853203000,776,260,122,619,402,0
1728462922854044000,786,164,218,692,320,16
1728462922854886000,769,74,321,746,228,82
1728462922855728000,709,11,437,778,145,162
1728462922856570000,637,0,550,779,78,282
1728462922857412000,549,0,640,750,21,368
1728462922858254000,448,0,737,677,0,468
1728462922859095000,337,44,813,589,0,566
1728462922859936000,238,196,824,516,0,632
1728462922860773000,130,114,836,378,101,715
1728462922861615000,82,249,821,302,121,778
1728462922862457000,0,426,760,194,162,808
1728462922863299000,0,538,683,119,245,789
1728462922864141000,0,634,591,37,336,741
1728462922864982000,0,711,487,0,417,673
1728462922865823000,41,770,361,0,500,594
1728462922866664000,103,791,250,0,567,469
1728462922867505000,220,809,138,0,627,378
1728462922868347000,320,778,64,64,648,279
1728462922869189000,425,727,5,154,673,175
1728462922870031000,514,651,16,247,632,184
1728462922870872000,628,537,0,361,631,90
1728462922871713000,766,482,0,452,549,0
1728462922872555000,761,342,64,562,466,0
1728462922873396000,788,234,141,643,370,0
1728462922874249000,779,144,250,714,289,34
1728462922875091000,749,53,353,764,207,101
1728462922875933000,704,2,474,778,125,195
1728462922876774000,707,0,578,773,45,299
1728462922877616000,564,0,679,770,5,394
1728462922878457000,405,0,757,708,0,493
1728462922879298000,302,56,813,605,0,602
1728462922880140000,176,143,838,420,0,685
1728462922880982000,110,290,849,356,31,735
1728462922881824000,48,340,912,256,138,815
1728462922882666000,0,451,757,175,181,805
1728462922883508000,0,561,663,91,273,786
1728462922884350000,0,657,565,28,354,743
1728462922885191000,4,729,455,0,430,658
1728462922886033000,64,779,337,0,517,559
1728462922886874000,148,809,210,0,583,465
1728462922887730000,236,770,119,18,630,342
1728462922888572000,353,754,26,91,666,240
1728462922889414000,469,706,0,195,658,144
1728462922890256000,650,622,26,292,619,69
1728462922891097000,706,532,0,442,578,29
1728462922891938000,632,424,8,554,517,30
1728462922892780000,762,321,71,580,443,0
1728462922893622000,777,206,166,657,352,0
1728462922894464000,782,117,269,726,264,43
1728462922895306000,736,38,383,778,188,119
1728462922896148000,680,0,501,789,110,215
1728462922896989000,594,0,576,760,50,393
1728462922897830000,498,0,685,709,0,473
1728462922898671000,402,18,766,642,0,501
1728462922899513000,293,151,826,548,0,608
1728462922900355000,215,214,835,437,46,676
1728462922901199000,114,207,840,354,85,757
1728462922902041000,29,343,785,228,64,779
1728462922902883000,0,498,730,149,202,816
1728462922903725000,0,583,648,71,292,773
1728462922904566000,0,676,532,16,381,718
1728462922905407000,16,743,410,0,454,637
1728462922906248000,81,789,304,0,529,530
1728462922907090000,162,823,210,0,596,429
1728462922907932000,250,785,103,32,648,331
1728462922908774000,366,757,25,105,669,226
1728462922909616000,494,690,0,209,672,130
1728462922910457000,615,617,0,308,644,105
1728462922911298000,700,521,0,405,564,0
1728462922912139000,704,510,11,521,521,0
1728462922912981000,775,281,89,609,426,0
1728462922913823000,786,192,184,676,335,7
1728462922914672000,777,90,290,732,250,64
1728462922915514000,722,31,407,776,170,141
1728462922916356000,653,0,530,784,93,242
1728462922917197000,632,0,629,778,28,349
1728462922918039000,454,0,704,733,0,461
1728462922918880000,354,39,794,625,0,559
1728462922919721000,249,97,834,511,0,639
1728462922920563000,138,248,866,394,5,711
1728462922921405000,64,260,939,306,93,792
1728462922922247000,0,409,777,202,117,895
1728462922923089000,0,516,707,128,218,797
1728462922923930000,0,622,618,53,309,765
1728462922924772000,0,679,513,8,392,697
1728462922925614000,37,746,388,0,484,610
1728462922926455000,101,799,274,0,553,525
1728462922927297000,189,785,164,0,597,394
1728462922928151000,290,759,98,58,631,289
1728462922928993000,401,739,17,142,655,210
1728462922929835000,522,668,0,247,655,112
1728462922930677000,520,569,0,394,608,73
1728462922931518000,613,461,23,490,546,0
1728462922932359000,671,365,29,490,481,0
1728462922933201000,778,257,125,625,405,0
1728462922934043000,788,155,206,698,313,14
1728462922934885000,766,71,320,746,226,79
1728462922935727000,717,10,437,778,157,158
1728462922936569000,636,0,559,781,74,273
1728462922937411000,546,0,642,741,21,356
1728462922938252000,452,52,737,682,0,466
1728462922939094000,343,78,805,590,0,578
1728462922939935000,233,93,841,488,20,666
1728462922940777000,164,177,847,378,0,726
1728462922941627000,190,297,869,299,49,779
1728462922942469000,37,423,764,213,141,813
1728462922943311000,0,540,693,105,242,796
1728462922944152000,0,639,589,42,337,749
1728462922944993000,0,719,484,0,410,685
1728462922945835000,47,762,360,0,497,586
1728462922946676000,122,803,245,0,569,489
1728462922947518000,210,802,151,4,615,383
1728462922948360000,328,782,65,82,645,275
1728462922949202000,424,722,0,156,666,173
1728462922950044000,529,657,0,258,651,64
1728462922950885000,608,661,0,394,624,0
1728462922951726000,743,516,0,463,543,0
1728462922952568000,758,314,58,562,493,0
1728462922953410000,783,239,148,644,378,0
1728462922954252000,789,137,242,711,297,26
1728462922955103000,754,66,352,754,207,109
1728462922955945000,700,2,469,779,130,186
1728462922956786000,626,0,581,778,73,290
1728462922957627000,507,0,682,727,10,405
1728462922958469000,415,0,757,663,0,501
1728462922959310000,313,64,821,569,0,605
1728462922960152000,192,129,946,453,9,714
1728462922960994000,106,235,749,359,21,842
1728462922961836000,98,352,766,269,133,842
1728462922962678000,0,457,743,171,185,811
1728462922963520000,0,558,665,81,261,797
1728462922964362000,0,653,568,29,352,730
1728462922965203000,1,738,450,0,436,656
1728462922966045000,53,776,335,0,522,562
1728462922966886000,145,788,212,0,570,453
1728462922967728000,245,802,131,20,618,351
1728462922968573000,330,765,34,100,639,256
1728462922969415000,441,700,2,192,657,156
1728462922970257000,521,619,0,247,640,89
1728462922971098000,621,593,9,365,598,33
1728462922971939000,690,458,16,466,522,0
1728462922972781000,766,311,78,585,436,0
1728462922973623000,783,213,166,663,354,0
1728462922974465000,782,113,270,727,269,41
1728462922975307000,746,41,382,765,192,128
1728462922976149000,683,2,501,784,100,226
1728462922976990000,594,36,602,767,98,306
1728462922977832000,493,0,701,723,50,421
1728462922978673000,398,0,767,651,0,521
1728462922979514000,285,65,824,546,0,625
1728462922980356000,308,145,901,450,0,709
1728462922981198000,0,271,824,405,34,793
1728462922982044000,0,361,824,290,114,776
1728462922982886000,0,480,722,148,203,805
1728462922983728000,0,586,639,73,289,783
1728462922984570000,0,673,532,13,368,711
1728462922985411000,16,751,429,0,459,631
1728462922986253000,75,786,299,0,535,544
1728462922987094000,154,796,180,0,596,427
1728462922987936000,284,801,78,25,653,325
1728462922988778000,377,764,18,122,658,224
1728462922989620000,489,697,0,216,662,125
1728462922990462000,552,521,0,322,695,42
1728462922991304000,682,448,0,434,629,0
1728462922992145000,757,373,8,501,448,4
1728462922992986000,789,289,98,601,423,0
1728462922993828000,792,192,192,679,325,0
1728462922994670000,767,96,301,741,244,64
1728462922995519000,729,29,413,775,171,146
1728462922996361000,669,0,527,781,93,248
1728462922997202000,570,0,632,751,29,356
1728462922998044000,468,0,809,700,0,444
1728462922998885000,357,25,832,617,0,549
1728462922999726000,261,94,820,525,0,677
1728462923000568000,208,202,788,404,25,761
1728462923001410000,72,301,801,313,65,718
1728462923002252000,47,488,765,213,129,789
1728462923003094000,0,505,711,136,226,801
1728462923003936000,0,609,608,52,309,761
1728462923004777000,0,693,508,1,392,706
1728462923005619000,28,757,394,0,466,606
1728462923006460000,98,801,282,0,555,509
1728462923007302000,188,804,174,0,592,417
1728462923008144000,274,780,87,66,646,306
1728462923008990000,383,746,16,125,665,201
1728462923009832000,505,677,0,232,648,105
1728462923010673000,578,591,0,322,622,15
1728462923011514000,657,457,98,421,586,2
1728462923012355000,736,396,101,537,512,0
1728462923013197000,780,265,114,624,404,0
1728462923014038000,794,160,222,693,313,11
1728462923014880000,765,77,322,747,234,79
1728462923015722000,705,8,442,786,146,175
1728462923016563000,642,0,554,789,79,269
1728462923017405000,553,0,642,740,66,375
1728462923018246000,450,0,743,674,0,484
1728462923019088000,346,38,805,597,0,570
1728462923019929000,279,121,845,496,0,660
1728462923020771000,26,199,826,459,4,778
1728462923021613000,0,313,850,320,75,782
1728462923022520000,0,437,764,165,149,836
1728462923023362000,0,543,692,109,244,793
1728462923024203000,0,628,591,46,331,747
1728462923025044000,0,706,475,0,425,682
1728462923025886000,42,769,365,0,501,586
1728462923026727000,122,800,249,0,561,485
1728462923027569000,234,810,137,15,615,378
1728462923028410000,320,780,64,74,649,264
1728462923029252000,429,729,1,170,663,175
1728462923030094000,538,640,0,264,685,90
1728462923030935000,616,488,0,381,650,17
1728462923031776000,717,394,0,480,538,0
1728462923032618000,732,309,53,558,417,0
1728462923033459000,778,235,137,643,381,0
1728462923034301000,782,138,237,717,296,32
1728462923035143000,760,54,346,756,212,98
1728462923035938000,693,0,469,786,129,189
1728462923036780000,616,0,580,783,64,296
1728462923037622000,523,0,744,729,13,400
1728462923038463000,424,9,808,659,0,506
1728462923039305000,314,68,807,564,0,661
1728462923040147000,210,144,832,462,0,714
1728462923040989000,141,241,813,354,16,688
1728462923041831000,64,421,798,290,101,784
1728462923042673000,0,359,737,159,229,805
1728462923043515000,0,568,660,91,262,786
1728462923044356000,0,661,566,29,354,736
1728462923045197000,0,722,451,0,437,655
1728462923046039000,72,776,327,0,530,568
1728462923046880000,142,805,213,0,577,455
1728462923047722000,224,801,129,17,621,358
1728462923048564000,329,765,47,85,645,242
1728462923049416000,450,718,2,192,655,162
1728462923050257000,546,638,0,283,645,72
1728462923051098000,648,535,74,378,645,33
1728462923051939000,711,456,79,474,516,0
1728462923052781000,765,312,50,587,436,34
1728462923053622000,786,217,170,658,357,0
1728462923054464000,773,118,274,724,272,50
1728462923055306000,741,46,372,764,192,132
1728462923056148000,677,0,497,785,107,213
1728462923056989000,590,0,608,765,45,320
1728462923057831000,497,0,704,730,0,424
1728462923058672000,482,0,766,645,0,520
1728462923059513000,345,66,834,552,0,624
1728462923060355000,242,153,842,469,0,713
1728462923061197000,46,261,869,381,39,738
1728462923062039000,0,373,793,215,125,826
1728462923063017000,0,474,725,162,202,805
1728462923063859000,0,581,639,69,288,777
1728462923064700000,0,673,537,9,369,726
1728462923065541000,17,748,421,0,448,629
1728462923066383000,78,791,306,0,538,525
1728462923067224000,170,809,188,0,600,432
1728462923068066000,263,799,87,32,638,322
1728462923068908000,381,760,13,113,663,228
1728462923069750000,482,686,0,203,665,126
1728462923070592000,594,553,0,322,666,46
1728462923071433000,674,476,0,407,526,0
1728462923072274000,736,372,17,512,469,0
1728462923073115000,802,285,98,602,415,0
1728462923073957000,794,188,192,686,333,0
1728462923074799000,773,105,298,736,253,58
1728462923075642000,728,21,405,778,170,145
1728462923076363000,661,0,521,779,93,250
1728462923077204000,576,0,692,746,36,357
1728462923078046000,473,0,772,698,0,449
1728462923078887000,363,32,776,623,0,606
1728462923079729000,258,100,826,522,0,670
1728462923080571000,210,200,813,410,0,641
1728462923081413000,78,381,811,337,75,753
1728462923082255000,9,304,762,206,218,774
1728462923083096000,0,501,714,132,221,800
1728462923083937000,0,601,609,64,309,764
1728462923084778000,0,690,500,0,402,700
1728462923085619000,26,756,398,0,471,615
1728462923086460000,100,798,272,0,546,510
1728462923087302000,167,807,175,0,581,401
1728462923088144000,282,786,94,56,650,303
1728462923088986000,378,754,13,127,658,204
1728462923089870000,508,673,0,228,653,109
1728462923090711000,585,565,80,325,642,58
1728462923091552000,665,506,66,420,580,0
1728462923092393000,736,401,85,526,472,58
1728462923093234000,775,258,124,622,402,0
1728462923094076000,794,157,213,700,321,11
1728462923094918000,766,74,325,746,228,85
1728462923095760000,711,14,439,773,147,165
1728462923096601000,637,0,570,784,74,269
1728462923097443000,552,0,649,751,46,376
1728462923098284000,449,0,730,674,0,471
1728462923099125000,415,37,809,591,0,580
1728462923099967000,279,116,844,500,0,657
1728462923100808000,17,213,834,450,4,772
1728462923101650000,2,320,853,327,77,772
1728462923102492000,0,456,767,162,164,840
1728462923103315000,0,536,684,113,242,790
1728462923104156000,0,638,590,42,341,745
1728462923104998000,0,706,481,0,410,680
1728462923105840000,37,766,363,0,498,587
1728462923106681000,117,804,250,0,568,485
1728462923107523000,226,805,133,0,613,375
1728462923108365000,327,789,64,81,649,277
1728462923109207000,424,721,9,161,654,174
1728462923110049000,528,629,0,265,649,90
1728462923110890000,633,498,0,389,651,15
1728462923111731000,724,402,0,474,587,0
1728462923112572000,754,305,69,547,410,0
1728462923113414000,790,237,133,642,377,0
1728462923114255000,781,141,240,707,293,18
1728462923115097000,762,53,346,766,222,98
1728462923115939000,704,0,469,792,127,202
1728462923116784000,626,0,581,774,58,290
1728462923117626000,518,0,743,730,10,394
1728462923118468000,420,0,810,663,0,504
1728462923119309000,314,66,854,576,0,613
1728462923120150000,217,141,832,466,0,713
1728462923120992000,151,234,805,361,10,672
1728462923121834000,53,448,802,294,113,762
1728462923122676000,0,341,756,160,257,794
1728462923123518000,0,561,657,85,270,788
1728462923124360000,0,661,560,18,346,736
1728462923125202000,5,727,451,0,426,651
1728462923126043000,58,783,338,0,517,558
1728462923126884000,133,806,226,0,578,462
1728462923127726000,210,802,130,31,626,361
1728462923128568000,331,759,42,78,649,244
1728462923129410000,458,725,0,184,654,162
1728462923130256000,538,626,0,281,642,66
1728462923131097000,628,497,93,383,633,25
1728462923131938000,715,448,74,491,549,0
1728462923132780000,748,289,0,578,434,81
1728462923133622000,789,207,166,653,354,0
1728462923134464000,783,123,266,725,276,42
1728462923135306000,736,37,383,767,193,122
1728462923136148000,688,0,490,779,122,217
1728462923136989000,600,0,605,764,46,322
1728462923137830000,504,0,700,714,0,418
1728462923138671000,451,6,778,644,0,516
1728462923139512000,354,71,821,545,0,624
1728462923140354000,224,168,853,456,0,714
1728462923141196000,43,262,868,373,49,759
1728462923142038000,0,402,808,218,105,832
1728462923142880000,0,496,747,145,198,805
1728462923143736000,0,581,644,75,290,772
1728462923144578000,0,667,528,13,375,721
1728462923145419000,13,748,429,0,448,643
1728462923146261000,84,789,312,0,528,532
1728462923147102000,153,811,198,0,587,434
1728462923147944000,254,797,113,41,638,325
1728462923148786000,374,746,14,117,663,224
1728462923149628000,489,685,0,205,661,129
1728462923150470000,586,593,0,314,634,64
1728462923151311000,650,482,0,407,529,0
1728462923152152000,850,376,53,526,488,0
1728462923152994000,832,272,94,608,410,0
1728462923153836000,786,186,181,676,328,0
1728462923154678000,778,100,298,732,250,64
1728462923155520000,719,36,409,774,169,151
1728462923156362000,663,0,528,789,94,242
1728462923157202000,583,0,623,754,46,348
1728462923158044000,473,0,763,693,0,511
1728462923158885000,373,34,771,618,0,596
1728462923159727000,261,102,832,523,0,641
1728462923160569000,165,189,834,421,11,686
1728462923161411000,117,359,817,308,64,751
1728462923162253000,0,320,776,229,206,787
1728462923163095000,0,505,704,134,212,794
1728462923163936000,0,605,619,57,312,766
1728462923164778000,0,683,504,4,397,696
1728462923165620000,29,757,383,0,480,614
1728462923166461000,100,804,282,0,548,527
1728462923167302000,193,810,175,0,590,402
1728462923168144000,267,788,85,49,637,301
1728462923168986000,375,747,13,130,658,202
1728462923169828000,509,681,0,228,661,109
1728462923170737000,597,610,56,325,650,58
1728462923171578000,681,506,0,430,549,87
1728462923172419000,727,360,0,522,466,71
1728462923173260000,781,266,117,621,407,0
1728462923174102000,788,162,212,696,314,14
1728462923174944000,759,74,324,744,224,82
1728462923175786000,719,17,448,777,141,168
1728462923176627000,642,0,562,778,74,265
1728462923177469000,545,0,660,749,8,369
1728462923178310000,547,0,738,687,0,476
1728462923179151000,400,37,797,594,0,576
1728462923179992000,266,114,845,501,0,665
1728462923180834000,64,206,873,427,0,741
1728462923181676000,16,312,818,242,78,802
1728462923182518000,0,481,772,181,161,804
1728462923183360000,0,534,687,112,247,798
1728462923184213000,0,633,587,37,325,756
1728462923185054000,0,705,476,0,410,669
1728462923185896000,45,773,370,0,500,590
1728462923186737000,114,802,264,0,566,485
1728462923187579000,224,804,130,16,621,369
1728462923188421000,325,776,58,67,650,274
1728462923189263000,431,719,5,160,660,180
1728462923190105000,525,642,0,266,650,97
1728462923190946000,634,520,0,359,546,17
1728462923191787000,691,414,2,463,495,0
1728462923192629000,858,335,100,563,444,0
1728462923193471000,790,247,141,642,376,0
1728462923194313000,789,148,241,708,298,21
1728462923195155000,756,58,348,763,210,90
1728462923195997000,704,1,474,776,126,193
1728462923196839000,624,0,580,777,57,290
1728462923197625000,522,0,720,726,0,393
1728462923198466000,426,10,745,666,0,549
1728462923199308000,314,64,806,577,0,636
1728462923200150000,208,133,840,473,0,671
1728462923200992000,129,334,832,398,46,715
1728462923201834000,31,258,808,258,175,776
1728462923202676000,0,420,762,164,100,808
1728462923203518000,0,562,665,96,267,795
1728462923204359000,0,654,565,22,353,741
1728462923205200000,0,727,453,0,423,660
1728462923206042000,58,782,333,0,514,554
1728462923206883000,138,805,226,0,581,466
1728462923207725000,238,808,125,16,629,360
1728462923208567000,336,777,53,85,650,249
1728462923209409000,463,711,0,192,665,152
1728462923210250000,554,634,0,282,644,69
1728462923211162000,633,506,0,393,605,89
1728462923212003000,770,442,0,487,552,32
1728462923212845000,810,299,58,585,434,0
1728462923213687000,786,210,162,656,351,0
1728462923214529000,777,117,262,724,271,33
1728462923215371000,745,42,378,767,201,122
1728462923216213000,677,0,489,783,111,217
1728462923217054000,599,0,601,760,46,320
1728462923217895000,542,0,704,767,0,420
1728462923218736000,370,13,773,685,0,517
1728462923219577000,267,80,825,569,0,629
1728462923220419000,183,156,844,436,0,697
1728462923221261000,71,314,839,320,47,751
1728462923222103000,26,378,898,236,146,804
1728462923222945000,0,480,677,146,176,906
1728462923223786000,0,581,642,73,287,776
1728462923224575000,0,676,535,13,377,724
1728462923225416000,21,744,429,0,453,645
1728462923226258000,77,789,309,0,521,533
1728462923227099000,165,807,201,0,593,427
1728462923227941000,251,773,100,41,640,324
1728462923228783000,370,751,16,117,660,219
1728462923229625000,487,688,0,210,653,129
1728462923230467000,585,604,0,312,621,45
1728462923231308000,535,493,0,480,562,20
1728462923232149000,641,383,46,565,501,4
1728462923232991000,721,272,90,581,418,0
1728462923233832000,790,188,192,679,341,0
1728462923234674000,772,93,293,732,247,64
1728462923235516000,726,29,405,776,174,136
1728462923236358000,673,0,528,785,100,237
1728462923237199000,576,0,626,761,32,345
1728462923238045000,480,0,704,693,0,431
1728462923238886000,372,40,786,610,0,538
1728462923239727000,266,178,832,524,0,629
1728462923240569000,164,221,845,417,43,725
1728462923241411000,104,233,822,306,10,762
1728462923242253000,122,380,802,228,85,798
1728462923243095000,43,500,713,132,209,798
1728462923243937000,0,616,623,56,309,765
1728462923244779000,0,689,513,8,393,700
1728462923245620000,29,754,389,0,476,618
1728462923246461000,101,800,273,0,554,517
1728462923247302000,192,808,175,0,594,407
1728462923248144000,287,799,87,52,642,298
1728462923248986000,372,749,20,130,664,202
1728462923249828000,510,682,0,234,658,111
1728462923250669000,594,589,0,325,631,78
1728462923251527000,738,504,0,424,558,0
1728462923252369000,771,378,17,533,474,0
1728462923253210000,776,354,109,626,408,0
1728462923254052000,785,165,218,692,320,18
1728462923254894000,761,78,322,748,229,78
1728462923255736000,711,15,436,773,145,170
1728462923256578000,648,0,553,776,72,264
1728462923257419000,555,0,657,747,29,370
1728462923258260000,421,0,743,741,0,471
1728462923259101000,322,34,805,639,0,585
1728462923259943000,225,117,838,485,0,665
1728462923260785000,129,224,856,378,9,734
1728462923261627000,42,299,933,277,96,797
1728462923262469000,0,454,847,186,188,810
1728462923263310000,0,535,663,106,245,824
1728462923264151000,0,625,584,43,335,752
1728462923264994000,0,709,488,0,408,685
1728462923265836000,38,767,375,0,494,585
1728462923266677000,114,802,250,0,566,495
1728462923267519000,215,810,142,10,616,376
1728462923268361000,324,770,53,73,657,273
1728462923269202000,429,715,0,154,640,192
1728462923270044000,536,654,0,256,650,92
1728462923270885000,704,554,37,377,584,23
1728462923271726000,773,438,0,468,530,0
1728462923272568000,661,357,78,610,458,55
1728462923273410000,779,234,144,637,382,0
1728462923274252000,789,144,242,704,299,29
1728462923275093000,754,66,350,762,213,94
1728462923275935000,692,0,463,777,126,187
1728462923276776000,628,0,565,772,65,292
1728462923277618000,529,0,656,724,5,462
1728462923278635000,427,2,748,668,0,511
1728462923279476000,329,64,804,576,0,581
1728462923280317000,203,175,841,474,0,672
1728462923281159000,148,274,823,362,58,724
1728462923282001000,26,258,811,279,149,789
1728462923282843000,0,417,746,163,106,804
1728462923283685000,0,556,669,94,264,789
1728462923284526000,0,648,562,34,370,736
1728462923285368000,0,729,448,0,435,658
1728462923286210000,65,780,332,0,508,568
1728462923287051000,146,806,229,0,578,456
1728462923287893000,221,822,128,10,625,352
1728462923288735000,335,772,52,93,661,253
1728462923289577000,456,711,0,182,671,149
1728462923290418000,559,634,0,274,640,81
1728462923291259000,642,528,0,370,602,64
1728462923291952000,764,442,0,476,521,0
1728462923292794000,746,298,53,584,440,0
1728462923293636000,787,214,165,663,359,2
1728462923294478000,779,114,268,721,267,45
1728462923295320000,747,47,378,766,194,114
1728462923296162000,677,0,506,781,113,218
1728462923297003000,599,0,602,770,49,320
1728462923297844000,546,0,690,736,0,425
1728462923298685000,380,21,779,672,0,534
1728462923299526000,273,75,820,578,0,613
1728462923300368000,173,166,850,436,0,696
1728462923301210000,79,321,858,329,50,757
1728462923302052000,20,372,890,235,165,817
1728462923302894000,0,509,773,153,178,909
1728462923303735000,0,591,645,74,285,778
1728462923304577000,0,669,549,21,372,721
1728462923305418000,17,739,432,0,464,638
1728462923306259000,74,778,301,0,530,548
1728462923307100000,161,805,197,0,592,437
1728462923307942000,269,788,110,28,634,330
1728462923308784000,369,757,28,117,658,241
1728462923309626000,482,680,0,213,660,126
1728462923310468000,591,608,0,312,652,64
1728462923311309000,714,494,0,453,551,16
1728462923312150000,645,400,25,570,494,23
1728462923312992000,722,286,93,552,423,0
1728462923313834000,786,186,185,679,339,0
1728462923314676000,773,94,287,736,253,58
1728462923315518000,737,23,402,775,170,131
1728462923316360000,663,0,527,786,93,233
1728462923317201000,569,0,631,752,33,345
1728462923318042000,480,0,708,704,0,426
1728462923319022000,369,114,772,613,0,535
1728462923319863000,266,160,832,516,0,644
1728462923320705000,169,169,848,418,31,709
1728462923321547000,85,239,832,305,0,767
1728462923322389000,133,386,818,229,114,801
1728462923323231000,53,498,717,124,197,795
1728462923324072000,0,608,612,64,306,759
1728462923324914000,0,699,514,2,394,704
1728462923325755000,21,752,398,0,470,610
1728462923326597000,100,789,274,0,549,516
1728462923327439000,186,810,168,0,604,410
1728462923328281000,279,799,92,47,645,301
1728462923329123000,383,750,10,136,666,197
1728462923329965000,516,683,0,229,658,117
1728462923330807000,605,582,0,329,625,30
1728462923331648000,661,590,0,440,576,0
1728462923332356000,761,462,17,561,490,0
1728462923333198000,756,164,98,605,476,0
1728462923334040000,786,157,221,696,320,8
1728462923334882000,766,77,312,751,237,85
1728462923335724000,716,11,434,769,146,159
1728462923336566000,656,0,553,778,79,261
1728462923337407000,551,0,650,746,21,368
1728462923338248000,421,0,745,668,0,476
1728462923339090000,328,37,809,593,0,579
1728462923339932000,231,123,842,487,0,669
1728462923340774000,141,224,894,389,11,741
1728462923341616000,58,343,801,279,69,873
1728462923342458000,17,448,714,194,177,864
1728462923343300000,0,532,665,101,242,738
1728462923344142000,0,632,599,37,326,753
1728462923344983000,0,708,481,0,410,677
1728462923345839000,37,781,373,0,489,595
1728462923346680000,114,797,250,0,560,485
1728462923347521000,215,801,148,13,613,380
1728462923348363000,320,770,71,74,645,282
1728462923349205000,427,721,2,160,645,181
1728462923350047000,521,658,0,259,655,89
1728462923350888000,594,565,0,373,605,29
1728462923351730000,663,448,0,426,542,5
1728462923352572000,728,376,65,530,471,21
1728462923353413000,767,245,135,618,381,0
1728462923354255000,782,142,240,708,293,18
1728462923355097000,751,57,360,761,213,90
1728462923355939000,700,4,461,777,130,197
1728462923356780000,623,0,578,767,58,297
1728462923357622000,545,0,676,736,14,393
1728462923358463000,430,53,752,666,0,486
1728462923359319000,312,36,819,586,30,597
1728462923360161000,215,125,843,471,10,686
1728462923361003000,170,229,843,368,5,752
1728462923361845000,128,325,836,269,66,789
1728462923362687000,0,444,779,231,171,844
1728462923363529000,0,550,658,77,267,784
1728462923364371000,0,649,554,18,356,736
1728462923365213000,2,723,456,0,428,662
1728462923366055000,66,781,325,0,505,561
1728462923366896000,137,820,221,0,578,461
1728462923367738000,245,800,125,26,629,352
1728462923368580000,352,773,26,90,660,226
1728462923369422000,455,715,0,193,657,144
1728462923370263000,549,631,0,284,640,64
1728462923371105000,633,457,0,386,650,0
1728462923371946000,722,367,10,507,565,0
1728462923372788000,767,276,75,569,386,0
1728462923373630000,799,207,162,657,349,0
1728462923374472000,772,124,272,725,277,34
1728462923375314000,746,40,382,774,194,122
1728462923376156000,686,0,493,782,112,218
1728462923376997000,602,0,603,762,43,332
1728462923377839000,501,0,737,721,0,417
1728462923378680000,389,11,809,642,0,514
1728462923379521000,282,74,860,551,0,660
1728462923380363000,184,154,834,448,0,737
1728462923381205000,149,265,818,330,31,692
1728462923382047000,53,466,789,265,117,777
1728462923382889000,0,373,732,158,269,789
1728462923383731000,0,576,640,82,290,778
1728462923384572000,0,676,533,18,378,725
1728462923385413000,13,744,424,0,450,642
1728462923386263000,78,785,309,0,525,525
1728462923387105000,162,818,197,0,594,440
1728462923387947000,258,796,112,41,645,329
1728462923388789000,363,759,23,101,662,237
1728462923389631000,491,700,0,210,657,129
1728462923390472000,578,603,0,306,642,58
1728462923391313000,651,517,85,405,617,11
1728462923392154000,740,423,71,509,494,34
1728462923392996000,778,281,21,602,442,74
1728462923393838000,794,189,192,672,338,2
1728462923394680000,773,101,295,736,253,57
1728462923395523000,730,25,402,767,167,144
1728462923396365000,663,0,530,783,96,245
1728462923397206000,580,0,625,754,34,349
1728462923398047000,570,0,716,704,0,452
1728462923398888000,435,25,793,622,0,538
1728462923399784000,303,90,834,565,0,639
1728462923400626000,149,182,846,452,5,721
1728462923401468000,41,296,832,270,57,804
1728462923402310000,0,413,775,204,137,781
1728462923403152000,0,501,815,123,266,832
1728462923403993000,0,602,616,58,308,765
1728462923404835000,0,687,509,2,391,696
1728462923405676000,30,760,398,0,473,621
1728462923406518000,100,799,284,0,552,514
1728462923407360000,181,808,174,0,597,401
1728462923408202000,293,786,81,45,649,306
1728462923409044000,394,730,10,133,660,196
1728462923409886000,506,673,0,237,644,94
1728462923410727000,604,579,0,341,623,34
1728462923411568000,770,473,0,437,546,0
1728462923412410000,650,366,29,613,480,26
1728462923413210000,715,257,137,676,402,0
1728462923414051000,788,162,210,685,309,11
1728462923414893000,767,78,321,754,242,74
1728462923415735000,722,8,425,785,153,164
1728462923416577000,642,0,546,776,79,267
1728462923417418000,554,0,663,744,18,370
1728462923418259000,453,0,714,682,0,517
1728462923419100000,346,54,786,593,0,561
1728462923419941000,237,124,835,504,0,642
1728462923420783000,145,246,840,393,17,726
1728462923421625000,34,244,815,300,133,776
1728462923422467000,21,385,768,181,87,789
1728462923423309000,90,510,751,133,207,789
1728462923424150000,0,633,593,41,329,749
1728462923424991000,0,704,481,0,414,680
1728462923425832000,48,770,361,0,498,591
1728462923426685000,121,808,245,0,559,493
1728462923427527000,213,805,157,6,613,377
1728462923428369000,298,782,69,69,651,279
1728462923429211000,418,744,0,148,674,192
1728462923430053000,528,648,0,251,650,94
1728462923430894000,631,557,0,359,602,18
1728462923431735000,751,487,0,459,550,2
1728462923432577000,767,343,30,554,458,0
1728462923433419000,786,329,114,679,394,0
1728462923434261000,788,142,226,706,295,32
1728462923435103000,759,64,346,761,212,96
1728462923435945000,698,4,465,785,139,192
1728462923436786000,613,0,576,776,65,293
1728462923437627000,532,0,673,735,13,401
1728462923438469000,404,0,757,714,0,500
1728462923439310000,295,56,813,594,0,602
1728462923440159000,192,149,848,457,0,683
1728462923441001000,109,234,851,362,32,749
1728462923441843000,21,320,885,258,112,804
1728462923442685000,0,489,832,165,215,818
1728462923443526000,0,562,576,82,256,866
1728462923444367000,0,653,562,26,354,729
1728462923445208000,0,733,461,0,427,657
1728462923446050000,53,777,345,0,513,569
1728462923446891000,149,798,221,0,587,462
1728462923447733000,237,802,129,20,621,361
1728462923448575000,346,761,52,96,647,249
1728462923449417000,449,694,0,186,656,157
1728462923450259000,553,633,0,290,634,78
1728462923451100000,682,521,0,383,591,5
1728462923451942000,599,424,0,548,511,43
1728462923452784000,687,310,106,616,426,0
1728462923453635000,729,217,162,621,353,0
1728462923454477000,786,114,266,726,279,42
1728462923455319000,746,50,370,759,186,127
1728462923456161000,680,0,503,784,109,207
1728462923457002000,602,0,609,766,53,313
1728462923457844000,508,0,696,727,2,430
1728462923458686000,402,52,767,640,0,514
1728462923459528000,290,116,832,543,16,616
1728462923460370000,194,154,843,448,13,696
1728462923461212000,93,232,842,345,10,756
1728462923462054000,132,354,837,250,97,798
1728462923462896000,0,475,727,212,184,850
1728462923463738000,0,586,637,78,274,773
1728462923464580000,0,666,539,20,372,717
1728462923465421000,20,740,420,0,455,640
1728462923466263000,82,789,298,0,535,540
1728462923467115000,168,804,194,0,589,431
1728462923467957000,263,794,97,36,629,322
1728462923468799000,369,754,16,113,664,233
1728462923469641000,484,690,0,207,655,125
1728462923470482000,570,612,0,309,642,52
1728462923471323000,666,597,0,427,581,0
1728462923472164000,749,455,21,494,557,0
1728462923473006000,744,206,90,615,474,0
1728462923473848000,785,184,188,679,330,0
1728462923474690000,773,104,292,730,253,64
1728462923475532000,729,28,405,776,165,137
1728462923476374000,663,0,522,781,94,242
1728462923477215000,576,0,634,762,38,346
1728462923478056000,471,0,713,709,0,448
1728462923478898000,370,31,782,622,0,551
1728462923479739000,257,96,835,516,0,647
1728462923480584000,165,186,911,418,0,712
1728462923481426000,73,273,763,320,72,858
1728462923482268000,73,402,758,218,132,729
1728462923483110000,0,622,697,162,234,772
1728462923483952000,0,609,616,64,306,762
1728462923484794000,0,696,510,4,391,697
1728462923485636000,21,754,410,0,474,618
1728462923486477000,100,802,269,0,554,516
1728462923487319000,193,809,168,0,607,407
1728462923488161000,303,776,64,58,644,301
1728462923489003000,381,729,18,139,649,188
1728462923489845000,503,673,0,234,656,121
1728462923490686000,597,594,0,325,620,47
1728462923491527000,682,530,0,418,558,0
1728462923492368000,741,354,149,529,501,0
1728462923493210000,765,296,202,613,421,0
1728462923494055000,781,161,217,695,320,11
1728462923494897000,766,82,320,743,234,78
1728462923495739000,717,13,448,778,142,165
1728462923496581000,639,0,553,781,78,264
1728462923497423000,549,0,653,746,21,375
1728462923498264000,458,0,736,685,20,468
1728462923499105000,346,17,800,607,0,568
1728462923499946000,240,107,833,500,0,663
1728462923500788000,200,210,852,390,2,728
1728462923501630000,0,306,843,341,65,821
1728462923502472000,0,418,749,148,145,811
1728462923503314000,0,554,713,80,234,827
1728462923504155000,0,629,593,46,322,750
1728462923504997000,0,713,479,2,412,678
1728462923505838000,40,767,372,0,490,589
1728462923506679000,117,799,245,0,559,482
1728462923507537000,210,809,148,4,617,383
1728462923508379000,322,784,64,74,648,266
1728462923509221000,423,734,0,172,663,161
1728462923510062000,523,624,0,269,654,86
1728462923510903000,622,536,0,366,615,23
1728462923511744000,718,404,0,477,591,0
1728462923512586000,770,309,47,557,410,0
1728462923513428000,911,221,186,658,345,0
1728462923514270000,786,133,238,711,298,23
1728462923515112000,757,53,341,765,217,98
1728462923515954000,700,4,463,776,125,193
1728462923516796000,617,0,580,776,56,287
1728462923517637000,529,0,666,736,11,393
1728462923518478000,418,0,829,661,0,500
1728462923519319000,320,58,847,576,0,628
1728462923520161000,213,141,824,466,0,727
1728462923521012000,122,241,834,363,26,740
1728462923521854000,9,452,794,290,113,738
1728462923522696000,10,505,734,162,228,780
1728462923523538000,0,484,650,108,309,764
1728462923524380000,0,653,572,23,354,739
1728462923525221000,0,725,455,0,426,653
1728462923526063000,59,787,337,0,517,565
1728462923526904000,132,807,226,0,576,456
1728462923527745000,229,797,129,22,624,351
1728462923528587000,329,779,45,89,655,266
1728462923529429000,448,727,0,178,661,154
1728462923530271000,546,637,0,279,638,64
1728462923531112000,628,535,0,392,600,17
1728462923531953000,704,452,89,480,554,0
1728462923532795000,762,342,125,576,448,0
1728462923533636000,800,210,71,653,389,66
1728462923534480000,785,114,266,724,270,37
1728462923535322000,746,39,379,772,199,121
1728462923536164000,686,0,494,791,111,224
1728462923537005000,600,0,597,757,50,324
1728462923537847000,506,0,704,715,0,430
1728462923538688000,482,8,773,644,0,517
1728462923539530000,357,67,825,544,0,619
1728462923540372000,186,154,846,488,0,696
1728462923541214000,89,264,834,344,43,766
1728462923542056000,0,398,812,204,106,826
1728462923542898000,0,490,727,138,200,802
1728462923543740000,0,589,717,74,324,772
1728462923544582000,0,669,528,10,373,718
1728462923545423000,21,744,430,0,450,638
1728462923546265000,84,791,312,0,527,536
1728462923547106000,162,809,199,0,589,433
1728462923547958000,250,791,117,37,634,328
1728462923548800000,368,738,30,112,666,225
1728462923549642000,481,677,0,199,658,133
1728462923550483000,582,602,0,296,632,57
1728462923551324000,701,501,0,414,565,0
1728462923552165000,808,389,69,517,482,0
1728462923553006000,628,271,69,676,406,11
1728462923553848000,736,178,193,710,340,0
1728462923554690000,777,109,289,737,247,64
1728462923555533000,730,27,414,776,171,145
1728462923556375000,662,0,520,790,90,238
1728462923557216000,579,0,618,759,37,341
1728462923558058000,477,0,725,696,0,448
1728462923558899000,375,26,785,623,0,589
1728462923559740000,261,96,821,524,0,617
1728462923560582000,157,233,833,418,5,706
1728462923561431000,71,221,826,320,126,770
1728462923562273000,26,349,782,224,53,793
1728462923563115000,98,498,763,142,192,791
1728462923563957000,21,602,634,64,298,757
1728462923564798000,0,698,505,2,398,704
1728462923565639000,26,753,383,0,476,613
1728462923566480000,105,795,274,0,549,508
1728462923567322000,186,809,173,0,608,402
1728462923568164000,285,790,87,56,645,306
1728462923569006000,395,751,21,129,663,210
1728462923569848000,506,677,0,224,651,117
1728462923570689000,607,590,0,335,617,39
1728462923571530000,714,487,0,431,568,0
1728462923572371000,718,450,18,546,490,0
1728462923573213000,805,335,100,644,401,0
1728462923574055000,785,151,218,685,330,10
1728462923575001000,767,82,320,746,222,66
1728462923575843000,714,14,438,779,154,165
1728462923576684000,650,0,553,782,85,267
1728462923577525000,553,0,645,748,21,369
1728462923578366000,453,0,736,700,0,476
1728462923579208000,330,42,808,583,0,576
1728462923580049000,224,116,842,491,0,655
1728462923580891000,137,210,839,391,18,740
1728462923581733000,69,343,882,282,101,789
1728462923582575000,5,425,705,202,174,874
1728462923583417000,28,548,658,111,234,729
1728462923584258000,0,629,590,42,331,754
1728462923585099000,0,709,474,0,413,682
1728462923585941000,46,777,370,0,490,599
1728462923586782000,121,802,248,0,560,485
1728462923587624000,217,811,153,8,626,374
1728462923588424000,320,784,76,79,656,271
1728462923589266000,422,721,0,154,658,185
1728462923590107000,519,648,0,254,636,101
1728462923590948000,615,559,0,362,602,29
1728462923591789000,665,459,0,413,541,0
1728462923592631000,732,393,84,546,469,1
1728462923593473000,776,240,136,631,381,0
1728462923594315000,785,145,231,700,296,28
1728462923595157000,758,69,357,757,203,90
1728462923595999000,697,4,474,786,133,199
1728462923596840000,626,0,576,777,64,292
1728462923597681000,534,0,674,736,18,402
1728462923598523000,427,5,752,661,58,487
1728462923599365000,320,34,810,584,31,593
1728462923600206000,213,125,853,473,14,676
1728462923601048000,114,226,846,368,21,750
1728462923601852000,117,335,813,261,75,785
1728462923602694000,0,437,772,228,162,847
1728462923603536000,0,547,661,33,250,764
1728462923604378000,0,655,569,29,352,738
1728462923605219000,0,722,453,0,429,660
1728462923606060000,58,779,325,0,511,564
1728462923606901000,144,810,222,0,576,474
1728462923607743000,238,802,133,18,618,345
1728462923608585000,340,770,49,87,656,252
1728462923609427000,466,707,0,194,665,144
1728462923610269000,557,633,0,282,645,71
1728462923611110000,645,534,0,388,590,10
1728462923611951000,747,482,0,476,568,0
1728462923612793000,746,235,66,594,505,0
1728462923613635000,810,160,174,658,293,0
1728462923614477000,783,117,250,723,279,42
1728462923615335000,746,46,378,767,189,117
1728462923616177000,680,0,494,779,110,207
1728462923617018000,599,0,603,769,54,322
1728462923617859000,509,0,694,722,4,425
1728462923618701000,394,18,770,636,0,522
1728462923619542000,285,79,885,543,0,623
1728462923620384000,189,165,884,450,0,696
1728462923621226000,90,259,842,335,42,789
1728462923622068000,84,374,764,242,106,732
1728462923622910000,0,586,708,171,213,757
1728462923623751000,21,640,629,64,298,745
1728462923624593000,0,675,540,17,368,716
1728462923625434000,9,741,430,0,449,644
1728462923626276000,78,784,309,0,537,541
1728462923627117000,156,804,194,0,591,435
1728462923627959000,265,805,107,38,632,335
1728462923628801000,336,762,39,113,658,226
1728462923629643000,459,681,0,201,663,128
1728462923630484000,559,607,0,309,639,64
1728462923631325000,658,512,0,404,583,2
1728462923632166000,714,382,120,494,522,0
1728462923633008000,767,322,151,591,427,0
1728462923633850000,783,157,109,674,344,77
1728462923634692000,782,90,289,745,253,64
1728462923635535000,736,26,405,777,170,146
1728462923636377000,666,0,524,778,93,239
1728462923637218000,569,0,628,762,34,352
1728462923638060000,469,0,719,706,0,455
1728462923638901000,369,14,782,622,0,546
1728462923639743000,351,89,832,521,0,644
1728462923640585000,213,192,846,418,0,713
1728462923641427000,64,287,835,324,58,778
1728462923642275000,0,394,770,180,128,813
1728462923643117000,0,549,720,109,215,773
1728462923643959000,0,594,700,49,314,763
1728462923644801000,0,693,514,4,396,695
1728462923645643000,20,752,403,0,466,610
1728462923646484000,98,793,279,0,548,516
1728462923647326000,184,806,181,0,604,409
1728462923648168000,286,786,85,48,637,320
1728462923649010000,397,747,15,128,668,201
1728462923649852000,496,660,0,233,664,106
1728462923650693000,599,561,0,340,619,37
1728462923651534000,681,463,0,437,533,0
1728462923652375000,842,350,58,533,432,0
1728462923653217000,863,264,137,617,373,0
1728462923654059000,676,173,197,753,306,23
1728462923654901000,769,74,320,753,237,75
1728462923655756000,715,13,439,778,145,169
1728462923656598000,658,0,549,791,73,261
1728462923657440000,554,0,653,748,25,370
1728462923658281000,450,0,738,690,0,480
1728462923659123000,345,41,777,599,0,648
1728462923659964000,234,121,823,489,0,709
1728462923660806000,149,209,839,383,21,725
1728462923661648000,64,370,818,302,80,765
1728462923662490000,0,334,766,207,231,805
1728462923663332000,4,512,679,100,181,786
1728462923664174000,73,626,591,38,320,741
1728462923665015000,0,709,480,0,406,676
1728462923665857000,43,773,369,0,490,591
1728462923666698000,114,798,249,0,567,488
1728462923667540000,214,810,146,1,617,383
1728462923668382000,320,783,74,66,647,284
1728462923669221000,413,711,2,155,666,178
1728462923670063000,520,658,0,258,656,97
1728462923670904000,628,555,0,361,619,29
1728462923671745000,690,441,0,458,551,56
1728462923672586000,807,373,13,538,465,0
1728462923673428000,783,240,122,632,370,0
1728462923674270000,778,192,229,709,293,13
1728462923675112000,761,50,335,757,213,98
1728462923675954000,711,5,471,777,133,194
1728462923676796000,625,0,578,779,57,290
1728462923677638000,526,0,674,729,13,392
1728462923678479000,411,0,767,690,0,497
1728462923679321000,292,50,814,618,0,600
1728462923680162000,197,141,842,460,0,690
1728462923681004000,121,237,846,361,30,747
1728462923681846000,18,325,928,266,114,807
1728462923682698000,0,462,808,164,165,872
1728462923683540000,0,544,583,79,279,866
1728462923684381000,0,651,564,26,349,741
1728462923685222000,2,734,453,0,429,665
1728462923686063000,57,779,335,0,516,562
1728462923686904000,139,799,226,0,576,459
1728462923687746000,237,794,123,34,628,354
1728462923688588000,346,743,23,86,651,245
1728462923689430000,456,701,0,181,644,146
1728462923690271000,554,621,0,286,626,73
1728462923691112000,639,522,0,387,585,5
1728462923691953000,599,407,0,557,514,26
1728462923692795000,700,303,105,626,442,0
1728462923693637000,745,218,153,613,346,26
1728462923694479000,773,123,272,719,271,36
1728462923695321000,733,41,377,769,192,117
1728462923696175000,685,0,491,783,116,213
1728462923697016000,610,0,608,762,50,320
1728462923697857000,502,0,697,721,0,421
1728462923698699000,400,47,762,639,0,503
1728462923699541000,282,130,830,547,0,612
1728462923700383000,192,142,838,444,50,693
1728462923701225000,103,253,834,333,66,759
1728462923702067000,157,333,821,252,79,789
1728462923702909000,42,451,722,149,175,815
1728462923703751000,0,570,669,120,283,810
1728462923704593000,0,670,546,9,367,723
1728462923705434000,11,742,426,0,448,634
1728462923706276000,78,799,306,0,537,532
1728462923707117000,164,811,206,0,592,430
1728462923707958000,261,794,98,42,633,330
1728462923708800000,365,761,23,116,668,231
1728462923709647000,485,698,0,206,658,130
1728462923710489000,590,610,0,314,638,50
1728462923711330000,670,514,0,413,589,0
1728462923712171000,784,443,0,506,520,42
1728462923713012000,808,286,56,599,407,0
1728462923713853000,757,276,162,687,329,0
1728462923714694000,773,95,292,741,256,58
1728462923715536000,728,25,394,767,170,141
1728462923716377000,663,0,526,773,90,242
1728462923717218000,583,0,629,761,34,346
1728462923718059000,483,1,719,706,0,452
1728462923718900000,373,13,783,622,0,546
1728462923719741000,267,87,837,523,0,636
1728462923720582000,165,174,858,420,0,715
1728462923721423000,133,282,832,327,57,778
1728462923722265000,77,378,789,207,111,802
1728462923723121000,0,498,700,197,203,847
1728462923723962000,0,617,654,90,301,812
1728462923724803000,0,690,514,5,384,698
1728462923725644000,40,756,400,0,482,610
1728462923726485000,90,799,277,0,548,514
1728462923727326000,184,812,181,1,600,402
1728462923728167000,281,789,87,53,645,303
1728462923729008000,386,751,21,130,661,195
1728462923729849000,501,677,0,226,662,107
1728462923730690000,590,591,0,322,625,52
1728462923731531000,671,482,0,421,565,0
1728462923732372000,725,352,133,517,514,1
1728462923733213000,779,303,185,609,415,0
1728462923734054000,789,181,254,690,303,79
1728462923734895000,765,74,323,749,234,74
1728462923735737000,718,8,428,782,154,165
1728462923736610000,648,2,551,778,82,274
1728462923737451000,555,0,636,747,27,374
1728462923738292000,463,0,730,682,0,478
1728462923739133000,346,117,798,596,0,564
1728462923739974000,242,185,832,495,0,649
1728462923740815000,151,261,843,389,39,722
1728462923741657000,64,301,837,292,96,784
1728462923742498000,10,379,772,198,82,804
1728462923743339000,0,506,696,105,192,785
1728462923744180000,46,602,609,37,296,754
1728462923745021000,0,705,485,0,406,687
1728462923745862000,45,773,370,0,488,600
1728462923746703000,116,804,253,0,554,487
1728462923747544000,213,805,159,4,617,378
1728462923748385000,309,786,68,69,650,282
1728462923749227000,405,731,4,161,660,165
1728462923750047000,517,649,0,257,653,84
1728462923750887000,616,554,0,350,616,26
1728462923751728000,674,454,0,448,549,0
1728462923752569000,709,343,26,509,462,8
1728462923753410000,762,278,146,606,365,0
1728462923754251000,778,162,241,698,281,4
1728462923755093000,757,71,343,758,215,104
1728462923755935000,704,0,465,783,133,181
1728462923756776000,629,0,576,773,71,282
1728462923757617000,534,0,672,736,16,394
1728462923758458000,434,0,765,674,0,497
1728462923759299000,328,56,801,576,0,586
1728462923760140000,221,141,841,476,0,663
1728462923760982000,119,303,838,370,32,736
1728462923761824000,34,350,813,274,91,780
1728462923762666000,0,377,746,197,239,802
1728462923763522000,0,506,663,106,309,789
1728462923764363000,0,621,567,33,306,733
1728462923765204000,0,727,458,0,426,666
1728462923766045000,64,782,338,0,506,564
1728462923766886000,132,809,224,0,581,461
1728462923767727000,228,800,133,20,626,360
1728462923768568000,335,770,43,87,661,258
1728462923769410000,426,708,0,178,655,165
1728462923770251000,538,637,0,282,644,78
1728462923771092000,629,535,0,363,592,14
1728462923771933000,697,440,10,441,522,0
1728462923772774000,747,330,66,544,448,14
1728462923773615000,765,279,175,633,361,0
1728462923774457000,773,114,264,717,280,38
1728462923775299000,744,41,367,767,194,118
1728462923776140000,683,0,497,783,105,211
1728462923777597000,610,0,606,764,50,314
1728462923778438000,511,0,700,722,0,417
1728462923779279000,400,5,769,648,0,511
1728462923780120000,293,82,810,554,0,602
1728462923780961000,192,160,842,448,0,680
1728462923781803000,97,307,832,346,40,749
1728462923782644000,42,421,790,242,170,770
1728462923783486000,0,385,717,149,257,791
1728462923784327000,2,522,641,96,322,752
1728462923785168000,0,669,532,21,370,718
1728462923786009000,5,750,429,0,448,645
1728462923786850000,71,783,312,0,531,546
1728462923787691000,168,802,201,0,599,440
1728462923788532000,247,799,98,28,631,333
1728462923789373000,352,749,16,106,666,240
1728462923790215000,468,694,0,203,645,142
1728462923790459000,561,619,0,301,613,58
1728462923791300000,636,515,0,398,576,2
1728462923792141000,687,393,0,453,505,0
1728462923792982000,751,296,89,559,434,17
1728462923793823000,754,247,207,654,331,4
1728462923794665000,767,107,283,740,261,64
1728462923795507000,727,30,402,762,168,137
1728462923796349000,669,0,520,783,84,226
1728462923797190000,581,0,622,758,40,341
1728462923798031000,481,0,722,706,0,434
1728462923798872000,378,25,767,629,0,583
1728462923799713000,261,93,820,532,0,686
1728462923800554000,173,180,834,431,8,698
1728462923801396000,82,348,824,320,64,764
1728462923802238000,46,458,773,224,122,784
1728462923803080000,0,421,711,145,276,784
1728462923803923000,0,533,613,69,340,752
1728462923804764000,0,686,516,9,395,708
1728462923805605000,25,747,404,0,469,617
1728462923806446000,94,795,281,0,547,520
1728462923807287000,181,811,176,0,606,418
1728462923808129000,279,791,87,50,634,302
1728462923808971000,369,745,29,134,657,218
1728462923809813000,480,672,0,226,658,125
1728462923810654000,576,583,0,320,626,47
1728462923811495000,661,477,0,437,568,0
1728462923812336000,696,356,10,493,491,5
1728462923813177000,744,320,118,586,405,2
1728462923814019000,761,202,206,649,314,0
1728462923814861000,770,92,306,745,234,73
1728462923815703000,714,10,427,778,154,153
1728462923816544000,663,0,541,786,94,253
1728462923817393000,560,0,642,752,28,363
1728462923818234000,458,0,727,696,0,466
1728462923819075000,356,38,785,597,0,551
1728462923819916000,248,116,836,501,0,645
1728462923820757000,154,274,842,398,9,718
1728462923821599000,64,354,824,297,77,773
1728462923822440000,10,333,767,226,218,788
1728462923823282000,0,480,679,112,149,781
1728462923824123000,4,580,586,37,258,749
1728462923824964000,0,708,497,0,402,693
1728462923825805000,39,767,375,0,481,594
1728462923826646000,117,805,258,0,557,498
1728462923827487000,197,810,165,5,613,379
1728462923828329000,294,778,76,70,651,284
1728462923829171000,407,741,5,142,671,188
1728462923830012000,509,661,0,234,645,106
1728462923830859000,599,576,0,343,602,34
1728462923831700000,687,465,0,448,551,0
1728462923832541000,721,382,64,527,465,8
1728462923833383000,761,250,117,618,393,0
1728462923834225000,778,149,321,700,352,36
1728462923835067000,754,57,334,760,218,87
1728462923835909000,706,2,461,789,136,181
1728462923836750000,629,0,568,767,64,286
1728462923837591000,535,0,672,737,9,389
1728462923838432000,444,1,753,674,0,491
1728462923839273000,322,93,802,580,0,576
1728462923840114000,218,198,842,482,0,664
1728462923840955000,129,269,841,377,27,728
1728462923841797000,50,321,810,276,125,794
1728462923842638000,31,392,754,178,203,799
1728462923843480000,0,522,682,92,192,795
1728462923844327000,26,629,601,38,301,741
1728462923845168000,0,722,466,0,421,660
1728462923846009000,50,773,348,0,514,576
1728462923846850000,133,808,229,0,576,472
1728462923847691000,229,806,135,21,621,362
1728462923848532000,332,773,45,79,660,260
1728462923849374000,429,715,2,153,658,149
1728462923850215000,543,648,0,266,642,84
1728462923851056000,635,557,0,374,605,14
1728462923851897000,700,453,9,474,538,0
1728462923852738000,738,383,96,562,458,0
1728462923853579000,778,212,146,647,378,0
1728462923854421000,762,130,329,704,320,49
1728462923855263000,750,50,375,764,197,111
1728462923856105000,693,0,487,779,116,199
1728462923856946000,608,0,598,772,56,302
1728462923857797000,511,0,697,730,4,418
1728462923858638000,402,3,773,656,0,520
1728462923859479000,297,149,814,566,0,606
1728462923860320000,198,228,839,453,0,682
1728462923861162000,106,272,844,343,79,753
1728462923862003000,30,334,802,254,125,791
1728462923862845000,0,427,738,149,116,788
1728462923863686000,0,533,645,69,234,770
1728462923864527000,77,642,564,23,338,718
1728462923865368000,5,728,429,0,448,645
1728462923866209000,74,785,310,0,532,549
1728462923867050000,151,807,222,0,581,448
1728462923867891000,253,805,109,33,626,333
1728462923868733000,354,771,33,103,665,229
1728462923869574000,458,706,0,196,663,145
1728462923870415000,564,618,0,306,632,66
1728462923871271000,649,513,0,402,583,5
1728462923872112000,733,424,17,485,509,0
1728462923872953000,757,290,74,576,434,0
1728462923873794000,786,188,282,659,372,13
1728462923874636000,775,117,330,729,252,55
1728462923875478000,733,28,401,773,181,133
1728462923876320000,670,0,512,788,100,234
1728462923877161000,588,0,619,767,43,341
1728462923878002000,482,0,711,706,0,444
1728462923878843000,383,21,797,628,0,543
1728462923879684000,279,154,826,528,0,629
1728462923880526000,178,238,842,425,10,704
1728462923881368000,87,270,835,329,92,772
1728462923882210000,17,357,789,234,78,797
1728462923883052000,98,476,757,165,186,793
1728462923883893000,78,595,640,64,282,767
1728462923884735000,16,681,530,13,373,704
1728462923885576000,13,753,405,0,466,618
1728462923886417000,90,798,287,0,544,517
1728462923887258000,170,805,186,0,601,418
1728462923888100000,271,786,89,50,644,309
1728462923888942000,383,752,21,125,658,217
1728462923889784000,490,686,0,209,645,117
1728462923890625000,597,605,0,322,621,49
1728462923891466000,671,491,0,421,568,0
1728462923892307000,730,383,130,516,519,17
1728462923893148000,762,295,170,602,408,0
1728462923893989000,781,155,92,677,302,104
1728462923894831000,761,89,298,743,242,81
1728462923895673000,727,20,426,777,155,154
1728462923896514000,657,0,542,776,74,254
1728462923897355000,560,0,648,754,27,361
1728462923898206000,459,0,732,693,0,456
1728462923899047000,353,42,799,608,34,555
1728462923899888000,237,82,834,516,34,645
1728462923900730000,155,177,841,402,49,719
1728462923901572000,69,299,826,294,58,787
1728462923902414000,101,393,810,220,104,791
1728462923903255000,68,515,732,133,216,787
1728462923904096000,40,619,590,107,309,779
1728462923904937000,0,696,500,2,405,690
1728462923905778000,36,756,373,0,485,600
1728462923906619000,106,802,261,0,559,504
1728462923907460000,202,805,162,2,613,400
1728462923908302000,309,783,81,69,645,289
1728462923909144000,392,730,5,139,657,193
1728462923909986000,506,663,0,250,658,100
1728462923910827000,599,570,0,353,623,32
1728462923911678000,671,465,0,450,557,0
1728462923912519000,737,343,0,546,474,74
1728462923913360000,778,242,57,612,410,64
1728462923914201000,829,181,192,693,301,0
1728462923915043000,757,76,333,757,222,84
1728462923915885000,704,0,451,778,141,174
1728462923916726000,635,0,562,780,74,281
1728462923917567000,542,0,660,738,17,389
1728462923918408000,441,0,741,678,0,494
1728462923919249000,334,34,810,579,11,588
1728462923920090000,224,113,852,485,0,666
1728462923920932000,218,225,845,377,17,739
1728462923921774000,79,321,828,277,80,788
1728462923922616000,0,434,765,242,155,847
1728462923923458000,0,533,704,133,237,773
1728462923924299000,0,634,570,0,325,754
1728462923925141000,0,721,474,0,412,665
1728462923925982000,50,778,346,0,504,576
1728462923926823000,132,807,242,0,569,481
1728462923927664000,215,798,145,21,619,363
1728462923928505000,334,773,47,85,665,270
1728462923929347000,431,722,0,165,662,165
1728462923930188000,535,640,0,273,642,74
1728462923931029000,628,553,0,368,599,17
1728462923931870000,712,448,0,474,544,0
1728462923932711000,818,350,16,576,463,0
1728462923933552000,825,226,98,638,356,0
1728462923934393000,754,239,218,737,297,0
1728462923935235000,752,50,354,763,210,110
1728462923936077000,696,2,480,783,116,202
1728462923936918000,615,0,593,767,47,304
1728462923937759000,520,0,682,728,8,404
1728462923938611000,410,13,767,656,0,517
1728462923939452000,327,50,823,562,0,608
1728462923940293000,269,133,837,460,0,683
1728462923941135000,158,247,836,362,37,762
1728462923941977000,17,361,807,277,93,797
1728462923942819000,0,471,747,90,185,789
1728462923943660000,0,576,647,42,273,821
1728462923944501000,0,725,581,0,361,749
1728462923945342000,8,727,437,0,448,649
1728462923946183000,74,784,313,0,528,552
1728462923947024000,146,805,199,0,583,448
1728462923947865000,250,802,114,23,629,344
1728462923948707000,356,769,48,102,659,234
1728462923949549000,463,703,0,194,660,141
1728462923950390000,572,619,0,297,641,47
1728462923951231000,661,522,0,402,588,5
1728462923952085000,738,414,10,502,526,0
1728462923952927000,756,407,64,604,450,0
1728462923953768000,800,298,162,698,346,0
1728462923954610000,791,117,273,714,330,36
1728462923955452000,736,33,389,769,182,133
1728462923956294000,678,0,503,786,103,234
1728462923957135000,583,0,612,760,45,329
1728462923957976000,501,0,695,708,8,434
1728462923958817000,389,23,786,632,0,538
1728462923959658000,331,77,832,544,0,634
1728462923960500000,167,173,852,476,0,704
1728462923961342000,66,269,832,321,52,770
1728462923962184000,9,381,788,231,127,809
1728462923963026000,0,533,706,117,219,777
1728462923963867000,0,586,634,44,293,764
1728462923964708000,0,668,625,13,405,706
1728462923965552000,18,749,407,0,466,621
1728462923966393000,84,794,298,0,541,530
1728462923967234000,165,802,192,0,597,418
1728462923968076000,274,791,90,40,639,314
1728462923968917000,385,747,23,114,663,226
1728462923969758000,491,690,0,225,651,113
1728462923970599000,591,601,0,330,620,42
1728462923971440000,672,503,0,421,576,0
1728462923972281000,736,394,34,522,500,0
1728462923973122000,754,186,106,623,469,0
1728462923973964000,800,129,196,701,375,10
1728462923974805000,773,75,308,736,213,71
1728462923975647000,730,25,418,778,156,149
1728462923976488000,650,0,541,786,85,245
1728462923977329000,562,0,641,753,29,353
1728462923978170000,466,0,738,698,0,453
1728462923979032000,363,34,800,618,0,562
1728462923979873000,242,109,836,520,0,656
1728462923980715000,151,198,847,393,11,727
1728462923981557000,70,303,832,306,66,778
1728462923982399000,0,409,837,218,144,799
1728462923983240000,0,542,767,122,229,794
1728462923984081000,0,594,501,52,311,859
1728462923984922000,0,693,459,0,404,730
1728462923985763000,32,754,381,0,478,605
1728462923986604000,109,794,266,0,554,510
1728462923987445000,197,808,165,0,599,395
1728462923988287000,295,783,76,64,647,293
1728462923989128000,400,741,20,144,662,197
1728462923989970000,495,629,0,239,651,98
1728462923990811000,608,576,0,343,619,41
1728462923991652000,689,470,0,448,558,0
1728462923992496000,753,335,36,538,448,0
1728462923993338000,916,234,148,631,353,0
1728462923994179000,889,154,273,719,287,13
1728462923995020000,777,65,332,767,226,84
1728462923995862000,715,15,442,778,146,178
1728462923996703000,637,0,557,779,74,285
1728462923997544000,549,0,660,740,17,382
1728462923998385000,455,0,744,681,0,481
1728462923999226000,330,53,811,590,0,581
1728462924000067000,224,130,842,487,0,660
1728462924000908000,125,221,913,380,26,743
1728462924001750000,55,332,847,274,89,798
1728462924002591000,0,426,696,178,162,895
1728462924003433000,21,567,644,94,267,837
1728462924004274000,4,643,559,30,333,680
1728462924005115000,0,721,475,0,421,676
1728462924005959000,42,776,358,0,500,584
1728462924006800000,118,799,250,0,570,482
1728462924007641000,221,798,133,18,619,373
1728462924008482000,321,779,64,73,651,281
1728462924009324000,434,716,0,173,656,160
1728462924010165000,544,635,0,266,650,75
1728462924011006000,626,553,0,376,591,16
1728462924011847000,706,434,9,485,536,0
1728462924012688000,842,312,105,583,437,0
1728462924013529000,855,207,122,639,350,0
1728462924014370000,686,121,229,770,274,77
1728462924015212000,752,50,356,765,199,100
1728462924016054000,690,0,473,781,119,192
1728462924016895000,612,0,589,779,64,306
1728462924017736000,522,0,682,728,10,407
1728462924018577000,418,1,759,660,0,509
1728462924019439000,295,68,880,560,0,609
1728462924020280000,205,157,888,457,0,697
1728462924021122000,114,250,824,354,33,807
1728462924021964000,30,357,805,262,98,782
1728462924022806000,0,506,714,173,196,750
1728462924023648000,10,651,634,100,279,756
1728462924024489000,5,707,553,5,412,707
1728462924025330000,10,725,441,0,437,654
1728462924026171000,64,796,328,0,513,565
1728462924027012000,151,808,217,0,576,448
1728462924027853000,239,805,121,26,629,348
1728462924028695000,348,760,42,105,660,249
1728462924029537000,464,704,0,192,660,146
1728462924030378000,557,605,0,289,621,69
1728462924031219000,626,516,0,392,583,23
1728462924032060000,713,426,18,498,512,0
1728462924032900000,700,301,116,633,437,0
1728462924033742000,738,196,160,618,346,18
1728462924034584000,750,157,298,719,264,64
1728462924035426000,741,37,385,764,184,128
1728462924036268000,677,0,500,784,100,219
1728462924037109000,596,0,608,766,37,328
1728462924037950000,495,0,706,713,0,419
1728462924038791000,393,17,787,637,0,532
1728462924039632000,269,79,810,541,0,660
1728462924040473000,181,170,832,442,0,692
1728462924041315000,97,338,835,335,46,760
1728462924042157000,26,402,790,238,151,794
1728462924042999000,0,415,715,153,266,794
1728462924043840000,2,530,639,84,330,763
1728462924044681000,9,626,517,7,308,706
1728462924045522000,21,738,411,0,458,633
1728462924046373000,79,793,293,0,538,537
1728462924047214000,170,808,189,0,590,428
1728462924048056000,278,800,98,42,630,320
1728462924048898000,365,762,26,117,661,224
1728462924049739000,461,686,0,199,649,117
1728462924050580000,584,599,0,308,642,57
1728462924051421000,651,497,0,402,570,0
1728462924052262000,727,393,26,527,506,0
1728462924053103000,753,340,120,581,415,0
1728462924053945000,763,170,238,658,328,5
1728462924054787000,757,98,394,724,282,78
1728462924055629000,722,21,420,776,165,146
1728462924056470000,669,0,533,786,92,248
1728462924057311000,571,0,634,752,37,352
1728462924058152000,474,0,721,705,0,461
1728462924058993000,365,30,800,608,0,562
1728462924059842000,260,188,826,521,0,632
1728462924060683000,162,272,839,410,0,711
1728462924061524000,71,314,832,309,123,773
1728462924062366000,20,388,775,220,170,804
1728462924063207000,0,471,693,110,165,791
1728462924064048000,0,572,610,36,254,751
1728462924064889000,97,674,562,21,370,687
1728462924065730000,34,762,381,0,474,608
1728462924066571000,97,808,271,0,553,508
1728462924067413000,192,807,168,0,610,397
1728462924068255000,295,791,72,57,645,299
1728462924069097000,401,738,9,138,658,198
1728462924069939000,518,676,0,234,650,85
1728462924070780000,594,583,0,338,621,37
1728462924071621000,677,470,0,437,559,0
1728462924072462000,746,373,58,538,488,0
1728462924073312000,786,265,162,618,382,81
1728462924074154000,794,133,130,685,322,89
1728462924074996000,821,69,282,743,215,2
1728462924075838000,709,11,448,776,143,173
1728462924076679000,634,0,570,777,72,279
1728462924077520000,544,0,666,749,21,384
1728462924078361000,448,0,738,682,0,480
1728462924079202000,334,46,807,595,0,584
1728462924080043000,232,97,833,489,18,661
1728462924080884000,136,200,841,377,6,740
1728462924081726000,125,313,818,285,66,781
1728462924082568000,43,423,767,192,154,802
1728462924083410000,0,530,657,169,235,845
1728462924084251000,0,629,623,77,338,738
1728462924085092000,0,710,462,0,418,663
1728462924085933000,46,773,354,0,496,590
1728462924086780000,128,802,245,1,563,477
1728462924087621000,215,807,145,16,621,367
1728462924088463000,313,775,52,77,650,272
1728462924089305000,430,733,0,162,667,178
1728462924090146000,532,629,0,254,649,85
1728462924090987000,638,559,0,363,614,30
1728462924091828000,706,455,0,476,538,0
1728462924092669000,784,341,41,576,469,0
1728462924093510000,773,225,122,642,370,0
1728462924094351000,778,227,238,751,298,0
1728462924095193000,745,0,348,756,267,105
1728462924096035000,704,4,473,775,121,196
1728462924096876000,610,0,581,773,50,293
1728462924097717000,530,0,682,736,14,400
1728462924098558000,418,10,766,661,0,501
1728462924099399000,306,64,832,576,0,609
1728462924100251000,266,133,841,467,0,681
1728462924101093000,96,245,836,390,37,762
1728462924101935000,27,348,810,258,98,791
1728462924102777000,0,473,747,145,177,817
1728462924103619000,0,617,674,81,269,773
1728462924104460000,0,653,547,16,348,728
1728462924105301000,8,708,469,0,437,661
1728462924106142000,66,786,320,0,519,565
1728462924106983000,144,814,218,0,576,463
1728462924107824000,250,801,130,28,627,340
1728462924108666000,338,770,49,96,647,241
1728462924109508000,450,704,0,186,658,149
1728462924110349000,552,621,0,297,648,64
1728462924111190000,629,525,0,399,594,0
1728462924112031000,722,429,10,492,530,0
1728462924112872000,793,376,64,576,431,0
1728462924113721000,755,111,159,660,418,0
1728462924114563000,776,66,265,740,308,21
1728462924115405000,737,32,379,778,188,122
1728462924116246000,682,0,501,786,110,220
1728462924117087000,593,0,605,770,47,322
1728462924117928000,501,0,690,711,5,436
1728462924118769000,405,26,779,633,0,533
1728462924119610000,267,79,832,581,0,624
1728462924120452000,159,171,846,464,0,698
1728462924121294000,73,261,842,330,43,768
1728462924122136000,18,375,793,234,117,802
1728462924122978000,0,472,825,133,242,833
1728462924123819000,0,621,704,64,292,773
1728462924124660000,0,672,577,4,349,804
1728462924125501000,18,746,421,0,462,630
1728462924126342000,74,789,306,0,532,538
1728462924127201000,168,806,194,0,591,432
1728462924128043000,266,800,101,37,642,330
1728462924128885000,373,757,34,112,658,228
1728462924129726000,490,695,0,198,653,127
1728462924130567000,576,589,0,314,631,43
1728462924131408000,661,498,0,421,583,0
1728462924132249000,726,389,20,522,506,0
1728462924133090000,793,232,79,605,335,0
1728462924133932000,909,161,197,681,297,0
1728462924134774000,877,82,322,736,213,64
1728462924135616000,732,36,410,778,175,151
1728462924136457000,658,0,530,782,90,234
1728462924137298000,578,0,638,760,45,352
1728462924138139000,477,0,718,704,0,453
1728462924138980000,370,34,791,616,0,555
1728462924139821000,247,98,832,505,0,650
1728462924140670000,156,197,845,399,4,724
1728462924141512000,65,304,882,304,66,779
1728462924142354000,5,397,811,218,140,823
1728462924143195000,0,494,632,122,247,864
1728462924144037000,29,641,562,43,314,674
1728462924144878000,0,681,471,0,388,636
1728462924145720000,36,766,402,0,472,613
1728462924146561000,98,799,266,0,548,508
1728462924147402000,184,808,174,0,606,404
1728462924148244000,299,790,77,58,650,302
1728462924149086000,394,742,9,133,660,201
1728462924149927000,511,656,0,239,639,106
1728462924150768000,608,580,0,343,612,37
1728462924151609000,687,463,5,442,552,0
1728462924152450000,756,361,49,540,482,0
1728462924153291000,834,264,101,700,386,26
1728462924154132000,690,144,234,757,304,64
1728462924154974000,717,82,320,676,228,79
1728462924155816000,714,15,437,781,145,175
1728462924156657000,645,0,561,777,66,266
1728462924157498000,553,0,650,748,26,370
1728462924158339000,448,0,738,683,0,474
1728462924159180000,334,37,807,602,0,576
1728462924160021000,228,117,900,498,0,664
1728462924160863000,136,218,818,383,21,793
1728462924161705000,57,320,805,293,78,778
1728462924162547000,0,441,762,196,160,797
1728462924163389000,9,615,675,136,252,762
1728462924164230000,10,687,584,37,322,729
1728462924165071000,0,593,466,0,482,650
1728462924165912000,52,770,350,0,506,591
1728462924166753000,119,804,248,0,560,490
1728462924167609000,217,805,146,15,613,373
1728462924168451000,314,786,65,71,654,273
1728462924169293000,418,727,5,164,661,176
1728462924170134000,514,648,0,266,646,101
1728462924170974000,596,560,0,372,607,34
1728462924171815000,693,450,0,472,549,0
1728462924172656000,746,348,53,567,471,0
1728462924173498000,745,238,130,597,380,11
1728462924174340000,752,202,265,686,289,25
1728462924175182000,741,41,455,750,238,96
1728462924176024000,702,10,463,778,132,194
1728462924176865000,619,0,584,773,64,293
1728462924177706000,532,0,679,730,4,401
1728462924178547000,427,5,760,668,0,496
1728462924179388000,309,64,824,576,0,597
1728462924180229000,207,151,843,469,0,665
1728462924181073000,122,292,834,367,36,744
1728462924181915000,42,322,811,266,137,794
1728462924182757000,0,448,744,174,158,805
1728462924183599000,26,549,682,90,228,784
1728462924184440000,78,640,622,42,330,742
1728462924185281000,75,719,461,0,424,669
1728462924186122000,58,782,320,0,517,562
1728462924186963000,142,811,217,0,585,463
1728462924187804000,244,802,122,18,628,354
1728462924188646000,352,772,42,90,668,245
1728462924189488000,448,704,0,192,660,151
1728462924190329000,548,624,0,276,637,66
1728462924191170000,641,533,0,392,597,13
1728462924192011000,717,421,4,490,525,0
1728462924192853000,767,321,125,583,454,0
1728462924193694000,789,197,66,658,341,75
1728462924194541000,793,113,213,725,299,98
1728462924195383000,756,42,373,775,192,79
1728462924196224000,682,0,498,785,110,224
1728462924197065000,597,0,609,767,49,320
1728462924197906000,503,0,698,714,0,427
1728462924198747000,404,26,782,639,0,538
1728462924199588000,288,78,832,553,0,622
1728462924200430000,194,151,845,441,26,688
1728462924201272000,87,250,841,341,37,762
1728462924202114000,69,370,796,242,113,801
1728462924202956000,0,480,732,194,194,811
1728462924203797000,0,594,668,114,276,786
1728462924204638000,0,678,522,0,370,683
1728462924205479000,13,741,429,0,463,641
1728462924206320000,81,788,299,0,532,538
1728462924207161000,165,799,193,0,590,431
1728462924208014000,266,796,94,36,638,327
1728462924208856000,377,757,26,117,649,225
1728462924209697000,473,693,0,209,658,125
1728462924210538000,581,607,0,312,637,58
1728462924211379000,669,506,0,417,591,0
1728462924212220000,737,397,18,513,510,0
1728462924213062000,796,277,66,613,420,0
1728462924213903000,765,284,170,700,354,0
1728462924214745000,805,171,281,736,234,29
1728462924215587000,725,21,402,772,188,139
1728462924216429000,657,0,530,782,90,241
1728462924217270000,586,0,626,765,48,344
1728462924218111000,480,0,713,708,0,451
1728462924218952000,370,36,786,624,0,552
1728462924219793000,316,93,820,517,0,645
1728462924220635000,228,189,842,410,0,724
1728462924221487000,50,297,832,346,57,775
1728462924222329000,0,391,780,209,130,800
1728462924223171000,0,513,706,105,217,833
1728462924224012000,0,661,631,37,308,757
1728462924224853000,0,741,528,0,381,690
1728462924225694000,29,757,405,0,468,622
1728462924226535000,101,799,271,0,542,511
1728462924227376000,181,814,170,0,599,404
1728462924228218000,279,779,87,53,644,298
1728462924229060000,393,742,16,136,661,203
1728462924229901000,519,676,0,233,658,104
1728462924230742000,602,585,0,335,626,36
1728462924231582000,682,484,0,426,555,0
1728462924232423000,753,373,49,533,489,0
1728462924233264000,759,369,93,645,417,0
1728462924234106000,814,237,193,690,308,0
1728462924234961000,757,0,293,743,309,53
1728462924235803000,714,13,424,779,154,170
1728462924236644000,648,0,553,773,77,273
1728462924237485000,558,0,651,745,20,366
1728462924238326000,456,0,736,686,0,474
1728462924239167000,341,53,808,598,0,576
1728462924240008000,205,106,843,543,0,661
1728462924240850000,130,205,839,423,21,736
1728462924241692000,45,314,825,281,72,787
1728462924242534000,0,423,768,192,149,804
1728462924243376000,0,517,809,100,266,805
1728462924244217000,0,634,695,32,362,778
1728462924245058000,0,741,546,0,405,673
1728462924245899000,47,766,362,0,498,593
1728462924246740000,111,799,245,0,559,484
1728462924247581000,215,805,154,9,613,381
1728462924248425000,314,783,65,68,642,277
1728462924249267000,419,724,5,158,663,181
1728462924250108000,546,653,0,261,656,82
1728462924250949000,623,537,0,365,613,26
1728462924251790000,704,452,0,468,551,0
1728462924252631000,757,326,53,559,465,0
1728462924253473000,767,199,133,645,323,0
1728462924254315000,894,130,297,721,274,11
1728462924255157000,640,46,345,838,197,146
1728462924255999000,704,9,461,779,132,196
1728462924256840000,625,0,576,771,65,293
1728462924257681000,542,0,676,736,18,404
1728462924258522000,431,1,758,666,0,497
1728462924259363000,320,58,817,585,0,594
1728462924260204000,202,142,850,469,0,677
1728462924261046000,119,234,910,367,40,750
1728462924261893000,37,348,842,266,100,799
1728462924262735000,0,448,736,169,178,836
1728462924263577000,36,593,616,94,270,810
1728462924264418000,0,653,532,18,343,666
1728462924265259000,0,853,434,8,444,615
1728462924266101000,64,770,338,0,514,576
1728462924266942000,137,805,218,0,579,463
1728462924267783000,241,810,121,20,630,366
1728462924268624000,341,773,43,90,650,252
1728462924269466000,444,711,0,178,658,148
1728462924270307000,552,625,2,292,634,78
1728462924271148000,645,530,0,389,586,9
1728462924271989000,713,421,16,487,521,0
1728462924272830000,760,312,66,581,444,0
1728462924273671000,679,207,173,710,341,37
1728462924274512000,722,114,282,746,260,23
1728462924275381000,704,82,386,732,196,137
1728462924276223000,676,0,497,791,111,215
1728462924277064000,601,0,599,773,52,320
1728462924277905000,508,0,692,716,4,421
1728462924278746000,407,18,779,645,0,525
1728462924279587000,290,82,824,548,0,629
1728462924280428000,192,160,860,448,0,752
1728462924281270000,92,265,821,341,45,792
1728462924282111000,21,360,796,257,114,782
1728462924282953000,0,508,722,154,199,797
1728462924283794000,21,638,633,66,281,751
1728462924284636000,0,545,517,10,433,711
1728462924285477000,21,626,420,0,519,619
1728462924286318000,82,793,309,0,541,543
1728462924287159000,153,810,199,0,586,429
1728462924288001000,261,793,100,42,636,328
1728462924288835000,357,758,21,100,660,233
1728462924289676000,473,696,0,202,656,136
1728462924290517000,555,610,0,312,629,64
1728462924291358000,647,508,0,410,563,0
1728462924292199000,722,407,26,512,512,0
1728462924293040000,752,293,92,570,425,0
1728462924293881000,741,215,188,642,334,17
1728462924294723000,759,139,281,700,251,33
1728462924295565000,740,37,468,766,178,143
1728462924296407000,670,0,522,783,96,240
1728462924297248000,576,0,629,762,34,330
1728462924298089000,486,0,722,706,1,448
1728462924298930000,369,4,798,625,0,544
1728462924299771000,269,90,836,538,0,653
1728462924300613000,170,192,832,417,16,706
1728462924301455000,82,347,832,320,57,766
1728462924302308000,5,389,786,224,168,801
1728462924303149000,0,471,715,135,249,794
1728462924303990000,0,576,620,52,247,764
1728462924304831000,0,655,517,5,341,700
1728462924305672000,98,744,394,0,458,609
1728462924306513000,98,800,290,0,542,523
1728462924307354000,186,807,176,0,594,402
1728462924308196000,281,799,82,52,645,309
1728462924309038000,398,740,22,132,666,205
1728462924309880000,501,678,0,233,657,114
1728462924310721000,591,593,0,332,622,49
1728462924311562000,678,482,0,428,570,0
1728462924312403000,741,373,43,534,484,0
1728462924313244000,786,267,182,618,418,0
1728462924314085000,785,197,282,687,345,18
1728462924314927000,776,46,237,749,240,169
1728462924315782000,718,20,416,773,157,171
1728462924316623000,645,0,543,781,84,267
1728462924317464000,553,0,650,742,23,374
1728462924318305000,459,0,751,690,0,474
1728462924319146000,357,42,805,601,0,576
1728462924319987000,245,147,844,504,0,661
1728462924320829000,144,189,847,395,74,729
1728462924321671000,64,297,820,289,106,782
1728462924322512000,0,412,761,199,141,801
1728462924323353000,87,510,698,117,192,773
1728462924324194000,96,619,656,50,293,738
1728462924325035000,52,704,494,0,394,672
1728462924325876000,34,762,372,0,496,594
1728462924326717000,117,797,253,0,564,489
1728462924327558000,206,800,149,11,616,383
1728462924328400000,314,784,64,73,656,282
1728462924329248000,419,725,2,153,653,177
1728462924330090000,516,658,0,244,643,85
1728462924330931000,607,559,0,357,615,39
1728462924331772000,677,456,1,459,549,0
1728462924332613000,753,343,47,548,482,0
1728462924333454000,776,228,34,628,370,69
1728462924334295000,777,117,151,704,306,98
1728462924335136000,789,81,308,743,206,0
1728462924335978000,700,10,455,782,133,178
1728462924336819000,621,0,578,776,66,296
1728462924337660000,538,0,665,737,17,393
1728462924338501000,434,0,751,669,0,497
1728462924339342000,320,64,814,578,0,597
1728462924340183000,218,122,837,480,64,671
1728462924341024000,123,213,839,357,50,743
1728462924341866000,49,322,819,272,73,785
1728462924342717000,42,440,753,174,165,809
1728462924343559000,42,535,649,165,249,808
1728462924344400000,0,645,586,82,339,762
1728462924345241000,0,718,482,23,424,658
1728462924346082000,58,779,338,0,504,569
1728462924346923000,138,808,228,0,567,459
1728462924347765000,233,806,144,23,626,354
1728462924348606000,329,775,47,90,653,265
1728462924349448000,448,714,0,174,667,158
1728462924350289000,558,633,0,270,658,81
1728462924351130000,636,545,0,376,594,9
1728462924351971000,725,441,5,481,525,0
1728462924352813000,767,326,65,576,449,0
1728462924353654000,754,249,133,655,356,0
1728462924354495000,809,210,235,745,277,5
1728462924355337000,741,0,341,754,279,87
1728462924356188000,686,0,491,787,103,208
1728462924357029000,607,0,600,773,42,309
1728462924357870000,511,0,693,725,8,414
1728462924358711000,402,10,779,650,0,522
1728462924359552000,289,71,832,561,0,618
1728462924360393000,253,153,852,454,0,704
1728462924361235000,79,251,841,381,34,762
1728462924362077000,9,360,801,249,101,796
1728462924362919000,0,471,733,158,192,797
1728462924363761000,0,605,650,64,278,765
1728462924364602000,0,645,666,9,397,738
1728462924365443000,2,736,528,0,509,676
1728462924366284000,75,798,306,0,538,544
1728462924367125000,161,805,201,0,586,437
1728462924367967000,258,799,110,33,626,324
1728462924368809000,357,766,34,113,658,242
1728462924369658000,469,687,0,202,660,133
1728462924370499000,580,616,0,309,641,56
1728462924371340000,666,520,0,410,588,0
1728462924372181000,731,412,14,503,509,0
1728462924373023000,779,285,81,600,437,0
1728462924373864000,802,151,170,681,370,0
1728462924374706000,765,56,292,733,196,50
1728462924375548000,818,10,441,765,149,141
1728462924376390000,668,0,521,775,90,237
1728462924377231000,577,0,625,756,33,346
1728462924378072000,488,0,717,708,0,437
1728462924378913000,382,29,796,629,0,540
1728462924379754000,261,90,841,537,0,644
1728462924380596000,162,177,845,425,5,714
1728462924381438000,82,286,882,312,66,778
1728462924382280000,16,393,832,230,129,798
1728462924383135000,0,507,730,133,220,801
1728462924383976000,0,586,545,55,323,842
1728462924384817000,0,692,455,5,405,741
1728462924385658000,90,752,360,0,463,544
1728462924386499000,94,796,282,0,547,523
1728462924387340000,181,799,186,0,594,416
1728462924388182000,287,789,87,49,640,308
1728462924389024000,386,763,21,129,661,215
1728462924389865000,496,676,0,226,658,118
1728462924390706000,583,570,0,335,622,40
1728462924391547000,673,473,0,437,546,0
1728462924392388000,737,373,37,523,485,0
1728462924393229000,802,265,128,615,397,0
1728462924394071000,875,161,217,679,296,10
1728462924394913000,746,96,298,824,224,105
1728462924395754000,658,14,450,799,160,159
1728462924396600000,645,0,541,778,75,256
1728462924397441000,561,0,645,757,29,366
1728462924398282000,463,0,730,687,0,474
1728462924399123000,354,39,810,601,0,572
1728462924399964000,245,112,840,511,0,655
1728462924400806000,141,212,907,394,20,732
1728462924401648000,74,308,810,296,82,856
1728462924402490000,2,421,754,201,150,823
1728462924403331000,0,529,676,117,233,765
1728462924404172000,0,738,585,67,325,712
1728462924405013000,0,793,480,27,413,648
1728462924405854000,41,814,373,0,484,590
1728462924406695000,106,797,265,0,557,496
1728462924407537000,214,800,156,10,618,386
1728462924408379000,306,782,69,66,654,289
1728462924409221000,410,734,5,149,656,183
1728462924410066000,517,660,0,254,651,90
1728462924410907000,554,558,0,363,613,34
1728462924411748000,666,471,1,458,549,0
1728462924412589000,738,346,50,556,478,0
1728462924413430000,762,237,124,590,405,0
1728462924414271000,757,162,217,665,296,50
1728462924415113000,746,79,339,750,224,64
1728462924415955000,698,0,514,786,138,185
1728462924416796000,630,0,572,779,71,292
1728462924417637000,535,0,658,742,16,378
1728462924418478000,441,0,746,670,0,490
1728462924419319000,325,58,821,577,0,596
1728462924420160000,226,137,850,487,0,674
1728462924421002000,122,258,837,370,29,724
1728462924421844000,41,381,825,274,93,778
1728462924422686000,0,437,753,178,198,807
1728462924423546000,0,509,661,89,194,777
1728462924424387000,0,618,570,23,298,736
1728462924425229000,103,711,506,0,397,644
1728462924426070000,89,773,346,0,506,576
1728462924426911000,132,801,234,0,576,468
1728462924427752000,228,795,129,21,622,357
1728462924428594000,338,780,54,83,659,272
1728462924429436000,452,714,0,178,661,156
1728462924430277000,538,635,0,274,634,71
1728462924431118000,637,541,0,383,598,21
1728462924431959000,709,440,13,469,522,0
1728462924432800000,762,320,71,578,456,0
1728462924433642000,773,235,221,642,383,0
1728462924434484000,770,105,170,696,269,132
1728462924435326000,798,64,322,751,185,66
1728462924436168000,681,0,485,785,117,205
1728462924437011000,599,0,602,774,53,313
1728462924437852000,512,0,688,725,1,416
1728462924438693000,410,5,778,655,0,518
1728462924439534000,297,73,820,549,0,619
1728462924440375000,197,146,844,448,26,700
1728462924441217000,114,241,840,347,34,750
1728462924442059000,111,352,810,253,97,799
1728462924442901000,10,472,736,169,186,804
1728462924443742000,0,565,612,146,274,800
1728462924444583000,0,656,562,72,352,766
1728462924445424000,0,721,452,29,434,644
1728462924446265000,77,785,321,0,520,544
1728462924447106000,156,810,209,0,591,437
1728462924447948000,245,794,116,34,629,338
1728462924448790000,357,754,29,114,661,241
1728462924449632000,468,698,0,194,663,136
1728462924450479000,562,624,0,296,634,68
1728462924451320000,651,525,0,392,581,10
1728462924452161000,722,426,23,497,505,0
1728462924453002000,770,299,89,596,442,0
1728462924453843000,832,224,138,661,356,49
1728462924454685000,772,102,264,734,265,10
1728462924455527000,767,114,377,757,165,104
1728462924456369000,673,0,516,785,96,231
1728462924457210000,581,0,621,760,38,338
1728462924458051000,481,0,713,713,0,437
1728462924458892000,383,21,788,635,0,540
1728462924459733000,269,82,833,538,0,637
1728462924460574000,260,165,839,427,0,706
1728462924461416000,68,279,838,367,50,770
1728462924462258000,0,387,791,253,129,798
1728462924463100000,0,497,719,133,210,798
1728462924463991000,0,634,637,39,295,778
1728462924464832000,0,710,518,0,378,698
1728462924465673000,4,736,525,0,493,639
1728462924466514000,90,797,282,0,540,525
1728462924467355000,180,810,188,0,600,411
1728462924468197000,272,789,90,47,641,311
1728462924469039000,392,746,20,130,666,213
1728462924469880000,500,682,0,219,669,122
1728462924470721000,578,596,0,326,617,30
1728462924471562000,677,496,0,430,564,0
1728462924472403000,746,390,38,528,488,0
1728462924473244000,778,266,116,618,414,0
1728462924474086000,786,105,197,709,377,2
1728462924474928000,793,34,301,737,170,64
1728462924475770000,864,0,469,793,125,161
1728462924476612000,656,0,542,774,79,269
1728462924477438000,565,0,644,755,20,361
1728462924478279000,459,0,738,694,0,460
1728462924479120000,354,42,811,608,0,570
1728462924479961000,239,109,844,506,0,657
1728462924480803000,133,193,847,393,23,729
1728462924481645000,66,312,832,290,79,787
1728462924482487000,0,413,771,202,139,802
1728462924483328000,0,529,741,117,240,794
1728462924484169000,0,650,658,41,321,752
1728462924485010000,0,704,379,0,394,778
1728462924485851000,37,769,298,0,506,664
1728462924486692000,110,799,252,0,561,498
1728462924487533000,210,808,163,0,615,393
1728462924488375000,309,783,74,69,645,287
1728462924489217000,409,732,8,146,664,192
1728462924490059000,518,658,0,250,650,105
1728462924490933000,617,555,0,349,615,29
1728462924491774000,697,480,0,450,556,0
1728462924492615000,762,346,64,547,453,0
1728462924493456000,791,237,135,637,386,0
1728462924494298000,888,144,282,722,274,20
1728462924495140000,619,58,334,821,213,133
1728462924495982000,632,18,485,816,138,175
1728462924496823000,633,0,562,772,71,290
1728462924497664000,542,0,668,736,11,389
1728462924498505000,448,0,750,677,0,485
1728462924499346000,330,58,811,587,0,591
1728462924500187000,218,137,845,489,0,668
1728462924501029000,130,228,917,375,41,744
1728462924501871000,50,327,802,274,96,847
1728462924502713000,0,448,746,174,161,839
1728462924503555000,0,549,677,101,263,760
1728462924504363000,0,655,537,40,350,687
1728462924505204000,0,811,459,20,432,637
1728462924506045000,71,848,346,7,509,562
1728462924506886000,130,802,232,0,576,480
1728462924507727000,224,802,139,10,621,368
1728462924508569000,330,778,53,88,656,264
1728462924509411000,439,719,0,173,665,158
1728462924510252000,543,644,0,274,653,74
1728462924511093000,629,535,0,380,591,11
1728462924511934000,705,439,5,480,529,0
1728462924512775000,746,330,66,581,459,0
1728462924513617000,747,225,151,671,373,0
1728462924514459000,745,144,235,661,276,30
1728462924515301000,730,114,383,746,197,106
1728462924516143000,696,0,503,787,122,207
1728462924516984000,613,0,586,779,64,313
1728462924517835000,514,0,682,719,8,412
1728462924518676000,418,13,770,650,0,514
1728462924519517000,303,73,821,549,0,613
1728462924520358000,202,164,853,459,0,696
1728462924521200000,106,248,832,349,45,740
1728462924522042000,32,414,798,258,110,786
1728462924522884000,0,500,730,158,194,802
1728462924523725000,0,506,651,74,332,774
1728462924524566000,0,596,546,34,405,719
1728462924525407000,5,704,431,0,365,637
1728462924526248000,65,769,320,0,517,543
1728462924527089000,159,805,210,0,591,448
1728462924527931000,253,802,114,24,631,340
1728462924528773000,362,762,36,109,661,244
1728462924529615000,471,704,0,194,650,138
1728462924530456000,561,620,0,297,632,55
1728462924531314000,645,529,0,407,586,10
1728462924532155000,719,415,21,497,510,0
1728462924532997000,770,293,82,599,440,0
1728462924533838000,781,192,244,657,373,0
1728462924534680000,786,122,321,721,240,69
1728462924535522000,725,10,327,754,186,203
1728462924536363000,669,0,503,781,105,229
1728462924537204000,597,0,613,763,45,346
1728462924538045000,490,0,711,712,0,441
1728462924538886000,393,20,778,629,2,540
1728462924539727000,274,90,832,529,0,644
1728462924540568000,174,164,841,426,31,704
1728462924541410000,82,255,837,322,84,754
1728462924542251000,20,370,783,234,114,802
1728462924543093000,21,488,714,137,207,800
1728462924543934000,64,587,650,64,279,765
1728462924544781000,0,671,493,77,357,718
1728462924545622000,0,733,437,34,442,636
1728462924546463000,84,796,293,0,538,520
1728462924547304000,173,809,194,0,596,424
1728462924548145000,276,785,90,52,640,320
1728462924548987000,386,746,16,125,669,217
1728462924549828000,498,682,0,212,658,129
1728462924550669000,596,604,0,325,629,52
1728462924551510000,668,507,0,432,576,0
1728462924552351000,724,394,13,512,485,0
1728462924553192000,760,274,106,613,418,0
1728462924554033000,812,174,146,674,346,53
1728462924554875000,757,71,258,730,231,2
1728462924555717000,767,90,404,791,169,117
1728462924556559000,650,0,533,781,87,250
1728462924557400000,565,0,639,749,27,361
1728462924558250000,458,0,741,697,0,463
1728462924559091000,362,32,794,617,0,565
1728462924559932000,253,111,837,517,0,661
1728462924560774000,168,181,843,405,2,724
1728462924561616000,146,296,824,305,69,778
1728462924562458000,0,407,773,256,144,807
1728462924563300000,0,514,706,138,229,800
1728462924564141000,0,608,594,0,320,744
1728462924564982000,0,696,482,0,398,706
1728462924565823000,0,783,385,0,478,645
1728462924566664000,107,798,261,0,558,501
1728462924567505000,203,809,164,0,610,392
1728462924568347000,290,789,72,65,647,285
1728462924569189000,402,732,13,144,663,183
1728462924570031000,514,661,0,244,651,100
1728462924570872000,617,576,0,338,617,34
1728462924571725000,709,482,0,448,555,0
1728462924572566000,762,361,41,538,474,0
1728462924573407000,798,257,130,634,394,0
1728462924574248000,805,229,207,724,303,0
1728462924575090000,742,0,321,763,286,77
1728462924575932000,724,0,455,772,57,162
1728462924576773000,637,0,564,773,69,284
1728462924577614000,545,0,658,738,10,381
1728462924578455000,442,0,754,682,0,488
1728462924579296000,322,50,810,586,0,586
1728462924580137000,218,125,849,487,0,671
1728462924580979000,114,225,847,398,26,743
1728462924581821000,37,327,814,266,87,791
1728462924582663000,0,448,757,181,170,807
1728462924583505000,0,538,707,104,253,792
1728462924584346000,0,669,651,34,375,743
1728462924585188000,0,733,392,0,416,776
1728462924586029000,64,757,261,0,522,650
1728462924586870000,138,806,242,0,576,480
1728462924587711000,228,809,141,17,617,372
1728462924588553000,323,783,58,82,656,267
1728462924589395000,444,711,0,170,666,162
1728462924590237000,538,640,0,274,642,85
1728462924591078000,632,530,0,381,605,21
1728462924591919000,711,432,0,466,538,0
1728462924592760000,762,320,66,568,440,0
1728462924593601000,792,224,139,651,357,0
1728462924594443000,877,114,303,725,261,45
1728462924595285000,654,45,357,824,205,164
1728462924596127000,630,4,498,810,117,196
1728462924596968000,616,0,587,773,53,305
1728462924597809000,522,0,685,727,0,402
1728462924598657000,412,10,775,660,0,503
1728462924599498000,303,74,821,564,0,606
1728462924600339000,201,146,847,458,0,687
1728462924601181000,113,254,892,349,49,755
1728462924602023000,34,354,784,252,103,847
1728462924602865000,0,471,731,160,181,796
1728462924603707000,0,576,658,84,271,768
1728462924604548000,0,766,541,64,381,681
1728462924605389000,42,805,444,0,433,639
1728462924606230000,56,693,311,0,604,546
1728462924607071000,161,806,215,0,591,453
1728462924607912000,247,801,117,21,624,346
1728462924608753000,347,765,42,100,660,241
1728462924609595000,459,704,0,200,665,145
1728462924610436000,559,615,0,297,640,68
1728462924611277000,647,517,0,405,585,0
1728462924612130000,704,416,11,498,527,0
1728462924612972000,762,299,82,587,448,0
1728462924613813000,773,200,170,680,346,0
1728462924614654000,744,122,270,688,265,73
1728462924615496000,722,64,395,754,189,106
1728462924616338000,682,0,586,773,122,235
1728462924617179000,597,0,604,762,50,330
1728462924618020000,501,0,704,706,0,436
1728462924618861000,389,23,789,639,0,529
1728462924619702000,285,90,834,545,0,628
1728462924620543000,178,181,858,430,0,711
1728462924621385000,87,350,832,330,53,745
1728462924622227000,25,437,782,231,128,799
1728462924623069000,0,476,718,143,234,798
1728462924623910000,0,567,631,66,331,761
1728462924624752000,0,637,525,0,320,706
1728462924625598000,19,720,431,0,400,621
1728462924626439000,173,800,301,0,525,525
1728462924627280000,176,812,180,0,603,423
1728462924628122000,274,801,96,37,638,330
1728462924628964000,383,752,25,124,654,212
1728462924629806000,486,680,0,224,658,118
1728462924630647000,578,594,0,328,626,52
1728462924631488000,672,501,0,425,570,0
1728462924632329000,732,394,47,514,503,0
1728462924633170000,769,264,107,605,415,0
1728462924634011000,789,186,244,681,330,0
1728462924634853000,756,71,197,736,233,149
1728462924635695000,754,26,388,761,165,166
1728462924636537000,650,0,522,791,90,238
1728462924637378000,569,0,629,748,33,359
1728462924638219000,469,0,736,687,0,467
1728462924639076000,363,39,794,610,0,566
1728462924639917000,258,117,841,514,0,660
1728462924640759000,158,205,857,407,29,717
1728462924641601000,71,279,825,316,50,773
1728462924642443000,84,399,767,214,138,802
1728462924643285000,0,516,704,143,218,797
1728462924644127000,0,611,618,96,310,770
1728462924644968000,0,704,518,42,392,677
1728462924645809000,1,749,369,0,469,613
1728462924646650000,109,789,261,0,560,501
1728462924647491000,199,807,161,0,611,397
1728462924648333000,299,789,76,53,640,298
1728462924649175000,400,737,20,142,661,185
1728462924650017000,509,661,0,242,656,101
1728462924650858000,594,576,0,346,626,37
1728462924651699000,698,469,0,443,563,0
1728462924652585000,756,361,30,533,480,0
1728462924653426000,787,254,116,623,394,0
1728462924654268000,767,250,212,727,312,0
1728462924655110000,738,0,330,738,306,64
1728462924655952000,740,0,427,798,178,173
1728462924656794000,636,0,557,777,70,274
1728462924657635000,551,0,666,744,23,389
1728462924658476000,442,0,745,672,0,490
1728462924659317000,335,50,809,600,0,579
1728462924660158000,235,130,847,490,0,669
1728462924661000000,101,212,843,418,13,741
1728462924661842000,36,325,817,274,85,796
1728462924662684000,0,429,749,175,169,807
1728462924663525000,0,541,676,96,242,789
1728462924664366000,0,616,656,32,340,752
1728462924665207000,0,719,566,0,466,690
1728462924666012000,13,804,414,0,501,576
1728462924666853000,125,798,234,0,576,480
1728462924667695000,224,809,135,9,625,377
1728462924668536000,325,777,57,72,653,279
1728462924669378000,426,723,0,166,666,165
1728462924670219000,537,648,0,273,650,78
1728462924671060000,634,551,0,374,606,10
1728462924671901000,700,439,0,466,535,0
1728462924672742000,760,320,56,570,463,0
1728462924673583000,789,238,148,641,362,0
1728462924674425000,805,96,245,704,224,28
1728462924675267000,858,31,407,772,180,100
1728462924676109000,586,0,470,864,107,238
1728462924676950000,612,0,588,778,60,305
1728462924677791000,523,0,674,725,13,410
1728462924678632000,418,13,767,657,0,517
1728462924679489000,306,64,824,571,0,600
1728462924680330000,215,149,849,466,0,684
1728462924681171000,101,252,847,354,37,750
1728462924682013000,29,346,869,269,106,794
1728462924682855000,0,462,736,162,193,864
1728462924683696000,0,569,638,75,269,815
1728462924684537000,26,697,512,25,368,780
1728462924685378000,43,747,410,0,427,568
1728462924686219000,87,783,299,0,517,477
1728462924687060000,137,799,217,0,581,450
1728462924687902000,247,793,114,29,634,345
1728462924688743000,352,770,37,94,661,251
1728462924689585000,463,706,0,194,657,146
1728462924690426000,564,633,0,289,645,73
1728462924691267000,650,522,0,395,576,0
1728462924692108000,729,413,29,500,525,0
1728462924692952000,770,298,85,597,434,0
1728462924693793000,760,203,168,661,354,0
1728462924694634000,700,97,312,757,254,47
1728462924695476000,687,52,386,728,184,146
1728462924696318000,641,0,497,773,105,202
1728462924697159000,599,0,608,770,50,327
1728462924698000000,498,0,697,716,1,434
1728462924698841000,394,21,781,641,0,537
1728462924699682000,282,85,832,541,0,629
1728462924700523000,190,173,850,437,0,700
1728462924701365000,85,270,828,329,53,757
1728462924702207000,21,429,784,237,122,785
1728462924703049000,0,517,724,142,261,796
1728462924703890000,0,578,631,66,309,778
1728462924704732000,10,621,528,14,410,704
1728462924705573000,31,706,430,0,381,627
1728462924706424000,106,764,308,0,491,533
1728462924707266000,171,800,189,0,596,423
1728462924708107000,277,794,90,39,652,322
1728462924708949000,375,753,22,113,656,216
1728462924709790000,481,685,0,224,658,116
1728462924710631000,578,597,0,321,633,53
1728462924711472000,659,499,0,405,570,0
1728462924712313000,724,394,30,511,498,0
1728462924713154000,775,276,96,609,429,0
1728462924713995000,791,180,213,676,341,5
1728462924714837000,767,117,353,741,233,46
1728462924715679000,733,26,362,773,180,212
1728462924716521000,672,0,506,779,74,193
1728462924717362000,568,0,631,760,32,354
1728462924718203000,474,0,719,696,0,467
1728462924719044000,367,34,794,609,0,565
1728462924719892000,266,106,842,520,0,653
1728462924720734000,157,200,855,413,13,719
1728462924721576000,69,284,832,303,53,777
1728462924722418000,87,402,783,210,133,805
1728462924723260000,26,514,707,128,217,803
1728462924724101000,0,624,610,90,311,760
1728462924724942000,0,704,513,58,388,736
1728462924725783000,0,753,404,18,474,568
1728462924726624000,75,792,270,0,553,510
1728462924727466000,192,802,166,0,605,397
1728462924728308000,298,787,79,58,648,299
1728462924729150000,405,744,5,141,657,198
1728462924729991000,505,666,0,245,656,93
1728462924730832000,601,579,0,349,628,26
1728462924731673000,677,461,0,448,562,0
1728462924732514000,742,362,42,553,486,0
1728462924733366000,784,245,94,615,402,0
1728462924734208000,790,156,192,689,306,0
1728462924735050000,770,180,312,776,238,42
1728462924735891000,706,0,426,743,226,153
1728462924736733000,641,0,555,777,117,270
1728462924737574000,544,0,656,749,18,379
1728462924738415000,440,0,736,677,0,480
1728462924739256000,333,43,801,586,0,581
1728462924740097000,233,128,842,488,0,674
1728462924740939000,145,229,845,381,18,737
1728462924741780000,29,324,821,320,82,782
1728462924742622000,0,426,767,185,156,804
1728462924743463000,0,538,680,103,253,792
1728462924744304000,0,674,583,16,328,747
1728462924745145000,0,704,473,0,402,670
1728462924745986000,41,756,471,0,521,598
1728462924746840000,126,808,250,0,562,487
1728462924747681000,215,805,148,14,616,363
1728462924748523000,313,773,66,81,657,269
1728462924749365000,429,726,0,165,666,175
1728462924750206000,533,649,0,258,642,94
1728462924751047000,606,555,0,373,605,14
1728462924751888000,697,456,0,474,538,0
1728462924752729000,756,350,58,570,460,0
1728462924753570000,785,192,141,636,381,0
1728462924754412000,758,64,226,722,341,11
1728462924755254000,761,10,337,745,143,81
1728462924756096000,828,0,488,784,77,192
1728462924756937000,639,0,579,768,49,295
1728462924757779000,517,0,686,736,11,404
1728462924758620000,419,0,765,665,0,500
1728462924759461000,320,64,820,576,0,608
1728462924760309000,215,148,846,462,0,685
1728462924761151000,104,239,842,357,37,757
1728462924761993000,35,354,815,258,97,795
1728462924762835000,0,453,783,169,182,805
1728462924763677000,0,570,685,87,273,802
1728462924764518000,0,645,480,10,376,822
1728462924765360000,17,743,394,0,444,705
1728462924766201000,122,810,282,0,516,458
1728462924767042000,148,814,224,0,577,454
1728462924767883000,234,799,129,25,626,339
1728462924768725000,341,760,41,98,658,260
1728462924769567000,458,707,0,184,666,149
1728462924770408000,559,622,0,286,638,70
1728462924771249000,653,501,0,388,569,0
1728462924772090000,723,410,21,493,495,0
1728462924772931000,766,305,85,588,434,0
1728462924773779000,789,209,183,662,343,0
1728462924774621000,685,89,267,787,245,85
1728462924775463000,682,29,381,704,178,102
1728462924776305000,671,23,522,756,105,234
1728462924777146000,600,0,614,770,49,321
1728462924777987000,493,0,705,727,0,423
1728462924778828000,391,13,783,641,0,530
1728462924779669000,286,79,824,547,0,630
1728462924780510000,189,174,844,439,0,707
1728462924781352000,96,266,816,328,55,821
1728462924782194000,26,376,782,238,122,776
1728462924783036000,0,548,725,154,202,786
1728462924783877000,0,626,632,68,292,763
1728462924784718000,0,717,522,0,457,682
1728462924785559000,2,653,397,0,527,626
1728462924786400000,106,725,290,0,570,542
1728462924787273000,172,810,195,0,590,425
1728462924788115000,262,799,101,42,637,325
1728462924788957000,375,746,23,125,666,224
1728462924789799000,480,690,0,206,661,128
1728462924790640000,578,602,0,312,626,57
1728462924791481000,651,501,0,411,576,6
1728462924792322000,723,394,29,501,501,0
1728462924793163000,773,290,103,600,426,0
1728462924794004000,773,194,195,676,333,5
1728462924794846000,754,74,407,726,277,74
1728462924795688000,715,56,457,767,161,130
1728462924796529000,661,0,450,778,93,308
1728462924797370000,576,0,640,758,26,354
1728462924798211000,473,0,730,706,0,448
1728462924799052000,373,26,799,624,0,560
1728462924799893000,258,92,839,522,0,649
1728462924800726000,160,193,845,405,9,729
1728462924801568000,79,266,832,303,117,775
1728462924802409000,14,389,784,213,149,800
1728462924803251000,0,514,712,129,213,794
1728462924804092000,36,605,616,56,309,762
1728462924804934000,64,677,557,10,373,698
1728462924805775000,0,748,368,64,471,644
1728462924806616000,11,799,282,32,546,551
1728462924807457000,192,809,178,0,599,405
1728462924808298000,295,788,81,64,648,294
1728462924809140000,395,730,10,141,664,192
1728462924809981000,511,661,0,241,661,106
1728462924810822000,599,576,0,349,618,37
1728462924811663000,677,469,0,450,565,0
1728462924812504000,746,378,47,534,484,0
1728462924813345000,779,256,125,626,393,0
1728462924814191000,789,165,197,696,320,13
1728462924815033000,822,78,275,745,218,0
1728462924815875000,706,101,416,805,169,134
1728462924816717000,671,45,546,762,71,270
1728462924817558000,553,0,656,741,13,378
1728462924818399000,448,0,750,682,0,474
1728462924819240000,336,45,807,594,0,578
1728462924820081000,228,130,850,495,0,676
1728462924820923000,138,207,844,391,23,736
1728462924821765000,96,320,817,327,73,786
1728462924822607000,0,431,767,229,160,801
1728462924823449000,0,533,689,101,244,796
1728462924824290000,0,632,597,25,338,751
1728462924825131000,0,776,491,0,414,682
1728462924825972000,39,786,360,0,493,576
1728462924826813000,117,788,322,0,576,495
1728462924827664000,211,810,146,8,606,370
1728462924828506000,314,780,69,86,649,266
1728462924829348000,431,718,2,168,668,176
1728462924830190000,529,646,0,258,649,92
1728462924831031000,619,554,0,365,607,30
1728462924831872000,705,453,0,463,543,0
1728462924832714000,771,343,64,569,466,0
1728462924833555000,783,206,142,641,383,0
1728462924834397000,777,101,239,719,320,25
1728462924835239000,725,23,341,743,162,83
1728462924836081000,805,0,505,794,97,181
1728462924836922000,682,0,578,781,45,299
1728462924837763000,529,0,677,729,4,395
1728462924838604000,413,5,752,661,0,491
1728462924839445000,309,64,819,576,0,607
1728462924840286000,206,141,850,465,0,682
1728462924841135000,121,245,850,361,38,754
1728462924841977000,40,352,894,254,98,798
1728462924842819000,0,459,786,168,181,802
1728462924843661000,0,558,655,93,272,821
1728462924844502000,0,645,509,26,354,799
1728462924845343000,53,741,421,0,449,709
1728462924846184000,114,796,290,0,505,485
1728462924847025000,146,804,194,0,578,445
1728462924847867000,242,810,128,23,619,354
1728462924848709000,340,767,47,96,655,244
1728462924849551000,466,704,0,186,671,148
1728462924850392000,555,626,0,289,642,73
1728462924851233000,643,535,0,389,597,10
1728462924852074000,725,418,0,482,517,0
1728462924852915000,770,306,82,578,431,0
1728462924853757000,791,215,171,657,343,0
1728462924854599000,704,118,258,786,258,74
1728462924855441000,718,30,377,706,178,105
1728462924856283000,648,0,489,743,96,234
1728462924857124000,596,0,608,757,46,322
1728462924857965000,494,0,708,711,0,430
1728462924858806000,402,18,776,648,0,523
1728462924859647000,285,89,826,549,0,628
1728462924860488000,184,165,855,445,0,707
1728462924861330000,93,269,821,335,51,802
1728462924862172000,23,368,776,241,117,797
1728462924863013000,0,491,718,149,196,786
1728462924863855000,0,642,634,76,290,759
1728462924864696000,8,736,533,10,371,687
1728462924865537000,5,637,405,0,535,613
1728462924866378000,106,730,292,7,593,523
1728462924867219000,169,806,194,0,590,431
1728462924868077000,265,802,106,38,636,332
1728462924868918000,376,761,30,114,661,220
1728462924869760000,480,693,0,209,661,122
1728462924870601000,576,609,0,314,629,64
1728462924871442000,636,498,0,421,577,0
1728462924872283000,718,399,25,514,513,0
1728462924873124000,762,282,106,591,417,0
1728462924873965000,785,197,194,682,322,0
1728462924874807000,754,113,301,717,253,50
1728462924875649000,696,40,494,764,203,157
1728462924876490000,661,0,437,770,82,341
1728462924877331000,578,0,619,756,40,346
1728462924878172000,477,0,730,697,0,457
1728462924879013000,370,29,796,625,0,546
1728462924879854000,258,101,838,520,0,642
1728462924880696000,160,186,866,418,9,724
1728462924881547000,71,258,818,314,125,768
1728462924882389000,18,377,781,215,162,803
1728462924883231000,0,497,704,132,218,800
1728462924884072000,41,603,616,64,302,758
1728462924884913000,79,666,555,23,372,702
1728462924885754000,85,738,372,56,457,634
1728462924886595000,0,789,265,50,545,567
1728462924887436000,189,809,162,0,609,407
1728462924888278000,290,789,79,53,645,297
1728462924889120000,398,741,13,138,669,194
1728462924889961000,503,666,0,239,658,110
1728462924890802000,591,580,0,334,618,41
1728462924891643000,677,480,0,441,562,0
1728462924892484000,738,378,21,528,491,0
1728462924893325000,777,274,117,621,405,0
1728462924894166000,776,165,209,686,309,10
1728462924895030000,838,116,272,746,241,64
1728462924895872000,693,121,421,807,151,109
1728462924896714000,671,39,543,812,78,237
1728462924897555000,554,0,655,746,29,378
1728462924898396000,455,0,741,679,0,484
1728462924899237000,343,53,809,595,0,586
1728462924900078000,242,122,845,501,0,661
1728462924900920000,133,221,855,389,17,741
1728462924901762000,121,309,818,297,75,786
1728462924902604000,0,418,758,228,154,805
1728462924903446000,0,535,682,128,237,794
1728462924904288000,0,635,590,33,329,752
1728462924905129000,0,725,472,0,418,701
1728462924905970000,25,822,380,0,506,583
1728462924906811000,101,814,234,0,565,470
1728462924907652000,216,807,141,14,619,381
1728462924908491000,314,780,64,64,647,279
1728462924909333000,421,729,13,164,665,168
1728462924910175000,530,650,0,269,652,101
1728462924911016000,615,549,0,365,609,31
1728462924911857000,709,451,0,466,546,0
1728462924912698000,763,338,49,562,471,0
1728462924913539000,785,237,137,645,381,0
1728462924914381000,787,138,249,708,290,31
1728462924915223000,757,0,345,778,253,90
1728462924916065000,681,0,468,757,72,193
1728462924916906000,587,0,572,779,17,276
1728462924917747000,541,0,669,733,13,400
1728462924918588000,424,4,747,663,0,501
1728462924919429000,311,64,817,565,0,604
1728462924920270000,215,144,845,466,0,674
1728462924921112000,122,249,847,365,34,757
1728462924921960000,26,337,808,261,96,790
1728462924922802000,0,458,750,165,186,804
1728462924923643000,0,562,679,84,265,789
1728462924924484000,0,650,602,26,347,743
1728462924925325000,5,757,517,0,437,641
1728462924926167000,53,791,237,0,495,654
1728462924927008000,138,792,170,0,593,520
1728462924927850000,242,791,125,25,629,349
1728462924928692000,349,769,50,86,658,259
1728462924929534000,454,714,0,192,651,149
1728462924930375000,551,631,0,285,639,68
1728462924931216000,638,532,0,389,594,16
1728462924932057000,709,417,9,492,528,0
1728462924932898000,770,299,53,588,442,0
1728462924933739000,794,207,162,658,362,0
1728462924934581000,814,123,266,723,272,45
1728462924935438000,666,41,392,815,192,136
1728462924936280000,633,0,498,736,104,205
1728462924937121000,586,0,605,741,50,332
1728462924937963000,509,0,690,718,6,426
1728462924938804000,404,20,776,641,0,527
1728462924939645000,290,74,824,553,0,618
1728462924940486000,180,168,845,444,0,693
1728462924941328000,90,264,842,346,49,770
1728462924942170000,26,370,781,242,118,846
1728462924943011000,0,480,713,144,194,791
1728462924943853000,0,647,638,70,282,773
1728462924944694000,0,717,535,17,373,708
1728462924945535000,13,671,424,0,541,617
1728462924946376000,58,731,290,9,586,522
1728462924947217000,165,795,197,0,549,425
1728462924948059000,259,796,112,31,634,327
1728462924948908000,370,760,26,112,658,226
1728462924949750000,474,694,0,210,661,125
1728462924950591000,578,602,0,312,637,52
1728462924951432000,658,506,0,411,576,0
1728462924952273000,713,392,26,511,506,0
1728462924953115000,756,302,103,599,418,0
1728462924953956000,793,194,193,665,325,0
1728462924954797000,766,101,320,732,238,58
1728462924955639000,714,56,486,764,177,136
1728462924956480000,655,0,440,775,105,327
1728462924957321000,576,0,612,754,37,377
1728462924958162000,482,0,721,706,0,453
1728462924959003000,377,33,794,622,0,552
1728462924959844000,263,100,837,525,0,644
1728462924960685000,165,194,852,421,10,714
1728462924961527000,82,282,832,322,96,776
1728462924962377000,10,372,775,217,129,799
1728462924963219000,0,487,705,130,204,799
1728462924964060000,47,605,612,53,296,761
1728462924964902000,50,680,527,8,373,694
1728462924965743000,98,740,378,68,462,641
1728462924966584000,14,793,289,36,541,576
1728462924967425000,186,811,170,0,609,407
1728462924968267000,301,792,84,50,645,309
1728462924969109000,395,745,12,138,653,201
1728462924969950000,497,676,0,229,653,112
1728462924970791000,591,578,0,335,621,37
1728462924971632000,674,489,0,418,570,0
1728462924972473000,738,373,36,530,490,0
1728462924973314000,778,266,110,613,405,0
1728462924974155000,781,168,205,679,317,18
1728462924974997000,812,101,282,741,212,0
1728462924975842000,698,117,425,814,168,130
1728462924976684000,686,47,543,779,69,237
1728462924977526000,553,0,650,750,30,378
1728462924978367000,458,0,736,682,0,476
1728462924979208000,356,48,808,596,0,578
1728462924980049000,239,121,846,504,0,661
1728462924980891000,141,218,847,401,21,727
1728462924981733000,105,309,833,290,71,786
1728462924982575000,0,421,761,232,153,804
1728462924983416000,0,533,684,144,245,797
1728462924984257000,0,625,589,64,325,757
1728462924985098000,0,697,480,0,412,674
1728462924985939000,4,789,373,0,498,617
1728462924986780000,93,858,266,0,568,490
1728462924987621000,202,804,155,9,617,382
1728462924988463000,308,781,53,69,657,279
1728462924989377000,423,729,1,158,658,169
1728462924990219000,533,656,0,253,657,85
1728462924991060000,618,565,0,364,613,27
1728462924991901000,698,449,0,460,535,0
1728462924992742000,749,343,64,564,466,0
1728462924993583000,792,234,144,647,387,0
1728462924994425000,790,148,202,706,301,20
1728462924995267000,779,0,334,773,241,79
1728462924996109000,695,0,463,772,77,181
1728462924996951000,729,0,613,784,31,292
1728462924997792000,525,0,674,737,10,395
1728462924998633000,434,1,762,664,0,498
1728462924999474000,322,64,818,573,0,605
1728462925000315000,218,146,849,480,0,686
1728462925001157000,121,237,846,369,37,740
1728462925001999000,29,348,812,264,98,793
1728462925002789000,0,456,832,173,180,808
1728462925003630000,0,556,698,82,264,787
1728462925004471000,0,657,564,25,344,778
1728462925005312000,0,706,374,0,441,724
1728462925006154000,111,786,297,0,521,605
1728462925006995000,149,793,196,0,561,393
1728462925007837000,231,810,128,17,626,357
1728462925008679000,338,772,50,93,655,256
1728462925009521000,455,715,0,181,658,157
1728462925010362000,546,635,0,282,642,73
1728462925011203000,635,538,0,390,602,20
1728462925012044000,711,420,18,483,511,0
1728462925012885000,772,304,82,588,448,0
1728462925013726000,788,207,159,658,365,0
1728462925014568000,786,122,269,730,277,46
1728462925015410000,676,49,399,801,181,100
1728462925016262000,641,0,474,741,112,218
1728462925017103000,583,33,599,746,42,328
1728462925017944000,509,0,696,719,8,426
1728462925018785000,399,13,769,642,0,521
1728462925019626000,290,81,821,546,0,626
1728462925020467000,193,169,848,448,0,696
1728462925021309000,94,249,858,343,47,762
1728462925022151000,30,366,781,250,119,785
1728462925022993000,0,559,722,148,197,788
1728462925023834000,0,626,640,69,285,767
1728462925024675000,0,694,538,13,391,718
1728462925025516000,0,663,423,0,505,619
1728462925026357000,71,729,309,1,568,533
1728462925027198000,193,773,186,0,522,430
1728462925028040000,261,807,106,33,641,340
1728462925028882000,363,757,31,113,658,233
1728462925029731000,488,698,0,205,663,128
1728462925030572000,570,613,0,314,632,64
1728462925031413000,651,505,0,418,583,0
1728462925032254000,717,401,29,490,509,0
1728462925033095000,760,289,90,590,417,0
1728462925033936000,786,202,174,670,340,4
1728462925034778000,783,101,289,737,253,53
1728462925035620000,709,41,453,757,133,175
1728462925036462000,658,0,468,789,111,306
1728462925037303000,629,10,601,753,46,269
1728462925038144000,482,0,722,704,0,453
1728462925038985000,378,26,790,619,0,554
1728462925039826000,267,106,836,521,0,660
1728462925040668000,169,189,853,418,11,713
1728462925041510000,75,282,833,320,64,773
1728462925042352000,16,383,785,217,125,805
1728462925043215000,45,501,725,129,202,803
1728462925044056000,14,597,618,64,293,757
1728462925044897000,9,701,510,29,388,711
1728462925045738000,0,747,394,58,461,647
1728462925046579000,31,778,312,23,544,526
1728462925047421000,151,796,171,0,602,416
1728462925048263000,287,792,88,43,640,311
1728462925049105000,397,746,23,133,653,199
1728462925049947000,498,681,0,234,658,110
1728462925050788000,585,593,0,330,618,40
1728462925051629000,673,482,0,439,565,0
1728462925052470000,738,378,39,530,495,0
1728462925053312000,770,244,81,619,410,0
1728462925054153000,788,166,210,685,320,11
1728462925054995000,759,104,308,749,237,42
1728462925055837000,754,94,420,773,157,130
1728462925056674000,637,0,530,785,146,241
1728462925057516000,566,0,644,753,57,366
1728462925058357000,455,0,736,686,0,474
1728462925059198000,349,42,808,608,0,578
1728462925060039000,245,122,843,506,0,661
1728462925060881000,145,210,845,392,18,726
1728462925061723000,58,320,832,302,82,790
1728462925062565000,0,413,759,185,159,805
1728462925063407000,0,530,693,98,232,799
1728462925064248000,0,623,590,42,320,747
1728462925065089000,0,729,488,0,404,676
1728462925065930000,18,749,487,0,517,619
1728462925066771000,94,826,346,0,599,504
1728462925067612000,202,801,145,8,616,391
1728462925068454000,320,784,76,64,653,285
1728462925069296000,421,733,6,157,654,180
1728462925070143000,522,661,0,261,651,89
1728462925070984000,613,557,0,359,609,34
1728462925071825000,697,455,0,459,543,0
1728462925072667000,759,332,45,553,473,0
1728462925073508000,780,207,130,637,379,0
1728462925074350000,791,142,237,714,293,10
1728462925075192000,880,38,378,777,184,90
1728462925076034000,761,0,462,818,111,204
1728462925076876000,532,0,583,842,57,335
1728462925077717000,532,0,661,734,16,397
1728462925078558000,434,4,758,666,0,506
1728462925079399000,325,58,818,581,0,593
1728462925080240000,221,137,846,476,0,672
1728462925081082000,110,231,847,373,29,746
1728462925081924000,41,338,835,281,98,791
1728462925082766000,0,448,744,173,178,870
1728462925083623000,0,560,651,93,258,807
1728462925084464000,0,648,560,32,354,716
1728462925085305000,0,833,411,0,441,605
1728462925086147000,105,853,313,9,514,544
1728462925086988000,181,857,215,0,601,448
1728462925087829000,232,799,129,10,622,359
1728462925088671000,338,775,45,85,651,257
1728462925089513000,436,713,0,178,660,161
1728462925090354000,554,629,0,284,649,78
1728462925091195000,630,534,0,386,597,14
1728462925092036000,690,437,5,488,538,1
1728462925092877000,743,306,73,576,444,0
1728462925093718000,769,213,167,648,352,0
1728462925094560000,778,135,263,714,267,42
1728462925095402000,719,121,399,740,197,106
1728462925096244000,669,0,501,775,122,204
1728462925097092000,601,2,679,759,78,320
1728462925097933000,512,0,696,725,0,423
1728462925098774000,407,10,776,648,0,517
1728462925099615000,299,75,833,559,0,614
1728462925100457000,193,161,847,450,0,690
1728462925101299000,106,258,841,345,47,766
1728462925102141000,33,447,789,258,119,784
1728462925102983000,0,469,729,146,247,799
1728462925103824000,0,562,645,82,314,772
1728462925104665000,0,657,546,21,379,716
1728462925105506000,36,693,460,0,363,629
1728462925106348000,53,749,323,0,472,539
1728462925107189000,282,778,238,2,564,427
1728462925108031000,267,787,110,30,642,331
1728462925108873000,358,758,32,110,650,229
1728462925109715000,470,698,0,206,661,130
1728462925110558000,570,613,0,308,638,64
1728462925111399000,653,513,0,413,585,2
1728462925112240000,714,400,15,506,514,1
1728462925113081000,773,296,85,589,429,0
1728462925113923000,789,195,189,670,348,0
1728462925114765000,777,105,282,730,254,46
1728462925115607000,738,13,325,770,181,218
1728462925116449000,736,0,489,777,101,192
1728462925117291000,598,0,593,757,30,286
1728462925118132000,486,0,714,704,0,455
1728462925118973000,383,26,792,621,0,544
1728462925119814000,267,93,836,532,0,638
1728462925120656000,170,192,853,430,8,712
1728462925121498000,82,285,832,320,64,776
1728462925122340000,110,378,776,221,122,802
1728462925123182000,26,505,713,138,209,802
1728462925124032000,0,602,634,93,297,765
1728462925124873000,0,700,522,34,394,698
1728462925125714000,0,756,419,21,465,601
1728462925126555000,57,788,269,0,540,528
1728462925127397000,153,849,203,0,595,434
1728462925128239000,287,794,88,45,644,313
1728462925129081000,386,756,11,130,662,202
1728462925129923000,498,674,0,233,658,113
1728462925130764000,586,580,0,333,624,38
1728462925131605000,678,484,0,439,566,0
1728462925132446000,753,386,21,522,493,0
1728462925133288000,788,266,117,617,405,0
1728462925134129000,783,175,201,690,320,5
1728462925134971000,762,81,314,745,241,58
1728462925135813000,722,0,407,801,213,144
1728462925136654000,650,0,523,762,30,250
1728462925137504000,687,0,666,746,0,370
1728462925138345000,467,0,736,691,0,466
1728462925139186000,350,49,802,604,0,568
1728462925140027000,238,120,847,506,0,663
1728462925140869000,156,205,852,404,25,730
1728462925141711000,64,320,821,295,78,786
1728462925142553000,0,421,773,203,145,802
1728462925143395000,0,530,772,114,244,791
1728462925144236000,0,632,642,47,325,758
1728462925145077000,0,705,522,0,405,695
1728462925145918000,42,741,293,0,505,676
1728462925146760000,138,813,197,0,581,549
1728462925147602000,246,818,132,0,596,329
1728462925148443000,312,782,73,75,654,281
1728462925149285000,413,730,11,149,663,186
1728462925150126000,522,655,0,253,650,96
1728462925150980000,617,576,0,354,613,36
1728462925151821000,696,463,0,453,556,0
1728462925152662000,761,346,53,545,466,0
1728462925153503000,788,242,138,636,370,0
1728462925154344000,786,158,233,704,293,16
1728462925155186000,708,52,342,791,206,98
1728462925156028000,645,0,458,777,107,162
1728462925156870000,590,0,578,736,42,320
1728462925157711000,505,2,676,736,9,391
1728462925158552000,437,0,752,674,0,488
1728462925159393000,321,58,814,582,0,594
1728462925160234000,215,133,847,480,0,677
1728462925161076000,130,226,847,374,34,746
1728462925161918000,49,340,807,273,103,796
1728462925162760000,0,443,740,176,167,786
1728462925163601000,0,634,664,98,272,766
1728462925164444000,0,696,569,34,348,736
1728462925165285000,0,788,456,1,430,639
1728462925166126000,64,651,325,0,599,549
1728462925166967000,133,725,217,0,639,461
1728462925167808000,229,794,132,9,594,366
1728462925168650000,338,773,50,86,653,254
1728462925169492000,449,715,0,176,665,160
1728462925170333000,548,630,0,274,642,77
1728462925171174000,646,536,0,386,602,14
1728462925172014000,708,434,4,480,533,0
1728462925172855000,752,326,64,576,453,0
1728462925173696000,785,221,156,641,354,0
1728462925174538000,775,133,258,709,277,34
1728462925175380000,721,43,466,756,221,129
1728462925176222000,692,1,461,776,107,306
1728462925177064000,623,9,536,754,73,378
1728462925177918000,517,0,690,721,0,414
1728462925178759000,402,17,774,652,0,519
1728462925179600000,290,66,832,558,0,621
1728462925180442000,202,151,850,455,0,698
1728462925181284000,101,257,834,346,45,762
1728462925182126000,33,352,799,250,125,796
1728462925182968000,7,462,741,148,184,798
1728462925183810000,53,565,650,82,273,778
1728462925184652000,16,666,538,23,366,740
1728462925185493000,0,733,422,43,442,698
1728462925186334000,0,790,356,21,522,576
1728462925187175000,111,815,186,0,585,438
1728462925188017000,248,807,116,32,628,330
1728462925188859000,352,757,37,110,661,235
1728462925189701000,470,704,0,199,665,145
1728462925190542000,569,612,0,298,638,64
1728462925191410000,661,512,0,402,583,0
1728462925192251000,721,415,5,485,496,0
1728462925193092000,778,298,90,601,421,0
1728462925193933000,798,202,176,677,343,0
1728462925194775000,779,106,272,739,262,29
1728462925195617000,743,71,394,750,232,116
1728462925196459000,653,0,500,793,139,209
1728462925197300000,592,0,602,748,0,328
1728462925198141000,481,0,717,711,0,442
1728462925198982000,378,23,788,631,0,543
1728462925199823000,270,92,837,532,0,644
1728462925200665000,173,184,848,416,4,716
1728462925201507000,82,281,834,322,52,767
1728462925202349000,5,392,786,217,141,796
1728462925203191000,0,498,719,137,215,804
1728462925204032000,0,605,637,53,306,769
1728462925204863000,0,687,559,2,386,711
1728462925205704000,23,787,458,0,459,612
1728462925206545000,114,785,205,0,528,615
1728462925207387000,207,833,130,0,624,470
1728462925208229000,277,788,93,50,637,314
1728462925209071000,388,743,14,133,657,210
1728462925209913000,498,674,0,221,654,119
1728462925210754000,594,591,0,329,616,43
1728462925211595000,669,489,0,432,568,0
1728462925212436000,741,367,27,530,497,0
1728462925213278000,785,267,101,621,405,0
1728462925214120000,791,157,205,697,313,10
1728462925214962000,770,76,309,741,225,71
1728462925215804000,648,18,455,824,149,171
1728462925216645000,590,0,521,711,69,247
1728462925217487000,522,0,638,715,21,388
1728462925218334000,459,0,725,693,0,465
1728462925219175000,362,38,798,609,0,570
1728462925220016000,249,114,842,500,0,657
1728462925220858000,151,210,851,397,10,728
1728462925221700000,64,306,841,309,76,783
1728462925222542000,8,422,751,206,159,791
1728462925223384000,0,594,688,110,234,788
1728462925224225000,0,662,598,50,322,746
1728462925225066000,0,704,487,0,444,681
1728462925225907000,0,674,377,0,551,578
1728462925226748000,101,736,257,10,602,480
1728462925227590000,225,748,133,5,530,373
1728462925228431000,308,791,64,64,661,297
1728462925229273000,413,727,0,147,656,177
1728462925230114000,516,658,0,252,651,89
1728462925230955000,610,572,0,357,609,25
1728462925231808000,687,463,0,463,546,0
1728462925232649000,737,341,65,559,474,0
1728462925233490000,765,228,116,628,383,0
1728462925234331000,789,159,226,704,308,33
1728462925235173000,767,66,335,764,224,89
1728462925236015000,704,25,514,768,138,173
1728462925236857000,622,0,482,773,66,377
1728462925237698000,542,0,594,729,18,476
1728462925238539000,437,0,762,674,0,493
1728462925239380000,322,53,807,578,0,593
1728462925240221000,226,145,850,474,0,685
1728462925241063000,135,233,847,370,36,741
1728462925241905000,41,335,822,279,90,793
1728462925242747000,0,410,747,189,202,801
1728462925243588000,0,540,675,90,240,791
1728462925244430000,50,638,568,31,334,738
1728462925245277000,37,723,466,0,413,666
1728462925246118000,119,767,325,58,485,583
1728462925246960000,55,797,261,37,565,514
1728462925247801000,181,804,138,0,619,356
1728462925248643000,325,772,52,79,653,266
1728462925249485000,448,719,3,174,663,157
1728462925250327000,545,642,0,277,649,79
1728462925251168000,628,537,0,377,597,13
1728462925252009000,711,430,0,480,538,0
1728462925252851000,759,330,64,576,453,0
1728462925253692000,786,224,149,645,361,0
1728462925254534000,785,133,261,709,270,29
1728462925255376000,741,96,363,770,203,90
1728462925256218000,698,0,469,771,201,192
1728462925257059000,590,0,580,783,119,295
1728462925257900000,521,0,660,725,49,416
1728462925258748000,410,13,757,646,0,519
1728462925259589000,302,74,832,559,0,613
1728462925260431000,197,159,850,456,0,694
1728462925261273000,110,253,836,353,47,762
1728462925262115000,26,365,797,247,113,791
1728462925262957000,0,468,738,146,192,810
1728462925263798000,0,577,649,78,274,779
1728462925264639000,0,666,552,25,368,722
1728462925265480000,0,734,483,0,456,650
1728462925266321000,64,791,399,0,576,564
1728462925267162000,154,838,245,0,579,458
1728462925268004000,244,788,82,21,634,382
1728462925268846000,367,760,36,106,661,234
1728462925269688000,462,704,0,197,658,133
1728462925270529000,558,609,0,312,637,64
1728462925271370000,655,507,0,405,585,5
1728462925272214000,719,402,18,504,513,0
1728462925273055000,770,292,85,598,434,0
1728462925273897000,799,197,177,674,331,0
1728462925274739000,786,110,289,732,261,42
1728462925275581000,788,5,408,778,154,128
1728462925276423000,578,0,517,834,87,277
1728462925277264000,517,0,655,785,21,322
1728462925278105000,485,0,713,708,0,436
1728462925278946000,381,36,788,632,0,535
1728462925279787000,271,92,837,535,0,629
1728462925280629000,165,177,853,434,5,712
1728462925281471000,90,282,825,333,64,775
1728462925282313000,25,392,788,224,129,820
1728462925283155000,0,500,700,141,221,835
1728462925283996000,0,610,608,64,306,754
1728462925284837000,0,725,516,8,383,697
1728462925285695000,34,818,383,22,482,581
1728462925286536000,128,854,271,0,538,505
1728462925287377000,154,708,181,0,669,405
1728462925288219000,277,789,93,44,633,308
1728462925289061000,383,752,18,129,666,215
1728462925289903000,494,682,0,221,655,126
1728462925290744000,590,585,0,331,629,48
1728462925291585000,668,496,0,424,570,0
1728462925292426000,704,383,39,517,497,2
1728462925293267000,759,265,114,616,405,0
1728462925294108000,778,169,212,674,312,8
1728462925294950000,741,90,313,737,242,73
1728462925295792000,719,4,522,757,170,154
1728462925296634000,653,5,610,765,106,260
1728462925297476000,555,0,536,736,0,453
1728462925298317000,463,0,736,700,0,458
1728462925299172000,354,45,808,609,0,559
1728462925300013000,242,109,858,512,0,655
1728462925300855000,149,195,847,407,16,733
1728462925301697000,69,306,832,298,69,788
1728462925302539000,2,389,773,202,193,798
1728462925303381000,0,503,698,125,216,793
1728462925304222000,0,605,603,45,308,757
1728462925305063000,5,689,497,0,393,693
1728462925305904000,137,749,415,0,449,599
1728462925306745000,186,796,279,0,533,501
1728462925307587000,75,794,144,73,586,421
1728462925308429000,290,783,74,66,648,282
1728462925309271000,406,728,9,160,666,188
1728462925310112000,520,661,0,245,658,101
1728462925310953000,610,564,0,353,616,29
1728462925311794000,693,466,0,448,549,0
1728462925312636000,757,358,52,549,485,0
1728462925313478000,779,245,137,632,393,0
1728462925314319000,777,146,207,704,303,21
1728462925315161000,766,64,337,767,222,55
1728462925316003000,700,106,458,818,141,149
1728462925316845000,661,47,557,761,107,258
1728462925317687000,525,0,660,736,90,372
1728462925318528000,436,0,757,678,0,490
1728462925319369000,330,56,814,584,0,594
1728462925320210000,219,128,847,484,0,675
1728462925321052000,129,232,842,372,23,745
1728462925321894000,53,335,832,276,85,782
1728462925322736000,0,442,759,210,164,815
1728462925323578000,0,538,674,93,257,785
1728462925324419000,0,645,569,26,357,741
1728462925325260000,0,722,470,0,420,671
1728462925326109000,46,766,458,0,530,600
1728462925326950000,132,793,325,0,601,490
1728462925327791000,224,836,186,5,622,402
1728462925328633000,329,776,53,87,655,267
1728462925329475000,448,714,0,169,672,165
1728462925330316000,541,634,0,266,637,84
1728462925331157000,629,541,0,385,594,14
1728462925331998000,709,436,2,471,528,0
1728462925332839000,762,330,73,570,457,0
1728462925333680000,779,206,154,660,370,0
1728462925334522000,788,138,249,719,290,50
1728462925335364000,759,53,368,760,207,117
1728462925336206000,781,0,495,775,82,192
1728462925337048000,488,0,577,855,42,334
1728462925337890000,442,0,722,773,0,427
1728462925338732000,409,10,760,651,0,510
1728462925339587000,302,74,813,555,0,618
1728462925340429000,202,154,847,451,0,690
1728462925341271000,117,258,842,356,41,754
1728462925342112000,29,357,807,260,113,797
1728462925342954000,0,463,706,159,193,874
1728462925343795000,0,576,649,78,273,819
1728462925344637000,0,672,540,23,365,719
1728462925345478000,0,775,431,0,441,631
1728462925346320000,94,852,309,0,526,516
1728462925347161000,173,852,210,0,637,414
1728462925348002000,246,728,106,54,690,332
1728462925348844000,356,758,41,98,661,244
1728462925349686000,473,704,0,194,658,134
1728462925350527000,562,628,0,296,637,65
1728462925351368000,645,516,0,403,586,2
1728462925352209000,721,409,18,497,522,0
1728462925353052000,739,290,93,599,434,0
1728462925353893000,767,196,177,676,343,0
1728462925354735000,770,101,277,725,261,56
1728462925355577000,721,49,399,765,177,130
1728462925356419000,645,0,623,772,130,252
1728462925357260000,579,11,670,751,56,325
1728462925358102000,476,0,599,704,0,530
1728462925358943000,383,20,789,640,0,537
1728462925359784000,277,90,837,529,0,636
1728462925360626000,177,181,858,431,0,709
1728462925361468000,82,276,839,334,57,773
1728462925362310000,21,383,788,237,133,801
1728462925363152000,0,471,718,133,255,805
1728462925363994000,0,579,624,70,288,764
1728462925364835000,0,665,513,16,366,704
1728462925365676000,34,742,409,0,437,617
1728462925366523000,202,769,340,0,505,524
1728462925367364000,237,794,159,17,578,433
1728462925368206000,206,785,85,85,631,320
1728462925369048000,394,752,21,121,666,217
1728462925369890000,491,679,0,225,661,112
1728462925370731000,583,598,0,324,626,55
1728462925371572000,660,487,0,425,568,0
1728462925372413000,738,380,23,525,500,0
1728462925373254000,778,290,101,606,426,2
1728462925374095000,779,184,206,679,320,13
1728462925374937000,766,85,309,742,237,66
1728462925375779000,736,25,405,789,162,117
1728462925376621000,686,56,530,799,87,213
1728462925377463000,564,0,642,744,100,352
1728462925378304000,466,0,736,690,18,469
1728462925379145000,357,37,800,610,0,562
1728462925379996000,257,113,842,514,1,653
1728462925380838000,148,207,854,409,17,732
1728462925381680000,69,308,832,299,78,785
1728462925382522000,10,413,778,204,146,807
1728462925383364000,0,522,696,106,224,797
1728462925384205000,0,617,608,37,320,749
1728462925385046000,0,694,496,0,410,690
1728462925385887000,11,770,369,0,485,593
1728462925386728000,101,778,357,0,579,510
1728462925387570000,197,844,237,0,629,406
1728462925388412000,304,788,65,64,655,298
1728462925389254000,402,741,15,149,666,198
1728462925390096000,520,657,0,250,653,101
1728462925390937000,617,564,0,353,624,37
1728462925391778000,686,467,0,448,551,0
1728462925392619000,746,356,64,555,473,0
1728462925393468000,789,231,128,629,386,0
1728462925394310000,784,139,221,704,301,8
1728462925395152000,761,66,335,757,213,100
1728462925395994000,799,0,498,786,121,180
1728462925396835000,693,0,544,841,50,303
1728462925397676000,453,0,654,810,0,427
1728462925398517000,434,0,749,676,0,484
1728462925399358000,322,58,826,590,0,585
1728462925400199000,215,128,847,490,0,672
1728462925401041000,132,220,837,376,27,741
1728462925401883000,64,332,815,272,92,791
1728462925402725000,0,442,775,186,169,872
1728462925403567000,0,543,659,98,254,837
1728462925404408000,0,641,569,32,340,765
1728462925405249000,0,709,453,0,418,661
1728462925406090000,29,776,320,0,503,523
1728462925407046000,116,901,221,11,578,442
1728462925407887000,245,855,119,10,610,328
1728462925408728000,325,773,55,84,655,263
1728462925409570000,431,717,4,170,663,169
1728462925410411000,537,632,0,277,648,84
1728462925411252000,632,548,0,377,610,26
1728462925412093000,704,448,5,468,530,0
1728462925412934000,757,305,73,565,441,0
1728462925413775000,798,226,157,652,366,0
1728462925414616000,736,126,258,720,281,30
1728462925415458000,749,50,359,757,207,114
1728462925416300000,670,37,489,757,125,215
1728462925417142000,593,0,577,748,53,309
1728462925417983000,520,0,773,716,56,426
1728462925418825000,418,8,767,656,0,515
1728462925419666000,295,66,826,564,0,612
1728462925420410000,201,148,849,466,0,685
1728462925421252000,111,257,842,350,45,764
1728462925422094000,36,358,810,257,102,798
1728462925422936000,0,530,735,164,192,789
1728462925423777000,0,542,648,85,324,776
1728462925424618000,0,634,549,23,394,725
1728462925425459000,1,716,435,0,461,648
1728462925426300000,82,754,310,0,472,554
1728462925427141000,262,800,228,0,538,448
1728462925427982000,357,805,146,33,616,346
1728462925428824000,346,767,39,104,660,242
1728462925429666000,470,696,0,199,672,136
1728462925430508000,562,616,0,301,642,66
1728462925431349000,653,518,0,405,586,7
1728462925432190000,722,413,17,493,516,0
1728462925433032000,751,312,92,581,421,0
1728462925433881000,784,208,170,666,354,0
1728462925434723000,767,106,277,729,266,50
1728462925435565000,745,34,389,765,192,132
1728462925436407000,686,0,486,786,94,165
1728462925437248000,557,105,606,792,64,290
1728462925438090000,512,46,703,722,0,401
1728462925438931000,389,16,777,635,0,538
1728462925439772000,281,100,833,540,0,644
1728462925440614000,181,178,855,430,0,710
1728462925441456000,96,284,837,328,52,767
1728462925442298000,16,392,793,240,125,805
1728462925443140000,0,485,729,192,205,801
1728462925443981000,0,596,622,89,302,770
1728462925444823000,0,687,528,0,377,726
1728462925445664000,10,745,412,0,450,621
1728462925446506000,69,843,313,0,543,525
1728462925447366000,157,799,169,0,600,420
1728462925448208000,272,808,182,40,687,346
1728462925449050000,382,749,23,117,658,218
1728462925449892000,491,688,0,220,655,122
1728462925450733000,585,605,0,323,619,58
1728462925451574000,672,498,0,426,576,0
1728462925452415000,729,386,34,527,498,0
1728462925453256000,781,273,98,627,416,0
1728462925454097000,789,178,185,672,331,0
1728462925454939000,773,90,308,738,240,73
1728462925455781000,722,22,417,781,154,145
1728462925456623000,791,0,593,797,64,249
1728462925457464000,658,0,637,750,20,372
1728462925458306000,373,0,725,752,0,500
1728462925459147000,357,34,799,610,0,565
1728462925459988000,252,109,842,506,0,660
1728462925460833000,151,199,850,412,13,722
1728462925461675000,66,306,832,308,79,790
1728462925462517000,5,397,757,213,151,804
1728462925463358000,0,517,738,116,226,803
1728462925464199000,0,613,588,49,321,840
1728462925465040000,0,701,480,0,398,725
1728462925465881000,36,767,373,0,484,621
1728462925466722000,114,792,240,0,554,442
1728462925467564000,197,905,149,29,617,357
1728462925468406000,321,839,64,53,653,267
1728462925469248000,405,736,8,149,658,184
1728462925470090000,514,667,0,242,653,98
1728462925470931000,604,578,0,349,618,38
1728462925471772000,687,460,0,458,560,0
1728462925472613000,752,362,40,548,481,0
1728462925473455000,784,245,125,629,383,0
1728462925474301000,796,149,226,701,304,30
1728462925475143000,748,69,341,756,213,89
1728462925475985000,663,0,459,755,130,180
1728462925476826000,602,31,572,762,77,250
1728462925477668000,530,0,698,722,26,386
1728462925478509000,432,2,811,664,0,501
1728462925479350000,337,47,805,591,0,582
1728462925480191000,235,133,843,490,0,670
1728462925481033000,129,219,859,390,26,740
1728462925481875000,45,320,812,287,90,792
1728462925482717000,0,441,756,185,173,814
1728462925483559000,0,594,674,106,251,784
1728462925484400000,0,609,576,34,389,729
1728462925485242000,0,696,463,0,440,668
1728462925486084000,50,721,349,0,437,576
1728462925486925000,113,770,226,0,523,472
1728462925487774000,341,793,177,14,590,357
1728462925488616000,320,775,54,111,644,269
1728462925489458000,431,730,0,171,664,164
1728462925490299000,533,642,0,277,652,87
1728462925491140000,625,543,0,373,597,18
1728462925491981000,708,438,0,480,540,0
1728462925492822000,760,335,58,565,459,0
1728462925493664000,773,234,157,629,360,0
1728462925494505000,788,139,249,710,292,32
1728462925495347000,745,65,360,762,202,106
1728462925496189000,709,0,434,775,137,245
1728462925497031000,633,0,552,761,39,234
1728462925497872000,506,0,661,730,0,348
1728462925498713000,413,11,768,660,0,506
1728462925499554000,313,69,834,565,0,610
1728462925500395000,200,162,850,458,0,690
1728462925501242000,109,242,841,354,37,756
1728462925502084000,41,354,798,254,119,797
1728462925502926000,31,465,740,170,174,804
1728462925503767000,0,568,660,130,267,779
1728462925504608000,0,657,565,64,357,732
1728462925505449000,0,736,444,0,440,654
1728462925506290000,23,788,293,0,514,559
1728462925507131000,125,825,226,0,576,465
1728462925507973000,235,794,96,10,622,328
1728462925508815000,350,772,45,106,658,240
1728462925509657000,463,695,0,197,661,138
1728462925510498000,562,618,0,293,635,65
1728462925511339000,648,525,0,395,591,10
1728462925512180000,711,407,18,493,514,0
1728462925513021000,777,305,65,580,434,0
1728462925513862000,794,204,173,670,362,0
1728462925514712000,776,103,274,729,266,42
1728462925515554000,726,32,388,767,187,126
1728462925516396000,798,0,522,783,66,226
1728462925517237000,725,0,655,782,10,335
1728462925518078000,595,0,737,714,0,437
1728462925518919000,385,30,786,637,0,530
1728462925519760000,267,82,834,543,0,631
1728462925520602000,181,169,847,439,2,707
1728462925521444000,93,273,835,322,49,773
1728462925522286000,21,389,795,238,125,804
1728462925523128000,0,494,786,144,221,809
1728462925523969000,0,591,642,64,307,774
1728462925524811000,0,673,506,11,381,773
1728462925525652000,21,747,398,0,466,674
1728462925526494000,110,797,273,0,520,476
1728462925527336000,148,919,177,20,610,378
1728462925528191000,276,842,96,41,653,290
1728462925529033000,378,754,21,119,671,224
1728462925529874000,482,682,0,215,656,121
1728462925530715000,585,583,0,330,626,46
1728462925531556000,676,500,0,423,570,0
1728462925532397000,732,394,28,522,502,0
1728462925533238000,773,271,106,612,407,2
1728462925534079000,772,177,194,687,333,10
1728462925534921000,762,98,301,746,250,64
1728462925535763000,729,26,418,781,148,149
1728462925536605000,629,0,530,759,79,229
1728462925537446000,545,0,751,749,65,369
1728462925538287000,469,9,781,696,1,452
1728462925539128000,365,33,789,609,0,562
1728462925539969000,256,105,842,511,0,653
1728462925540811000,160,200,864,410,5,722
1728462925541666000,69,306,832,309,69,777
1728462925542508000,10,404,784,217,146,811
1728462925543350000,0,497,693,121,295,794
1728462925544191000,0,608,604,42,352,762
1728462925545032000,0,678,498,0,388,685
1728462925545873000,47,753,383,0,477,594
1728462925546714000,226,777,281,0,514,505
1728462925547555000,305,792,213,2,581,394
1728462925548397000,186,782,45,121,639,328
1728462925549239000,405,740,2,135,661,197
1728462925550081000,517,665,0,244,645,97
1728462925550922000,608,576,0,352,625,29
1728462925551763000,680,476,0,448,554,0
1728462925552604000,740,358,50,553,480,0
1728462925553445000,783,253,110,626,404,0
1728462925554287000,782,158,224,686,315,25
1728462925555140000,757,79,322,754,221,86
1728462925555982000,724,16,452,784,146,162
1728462925556824000,634,74,535,789,82,224
1728462925557665000,548,79,650,782,29,349
1728462925558506000,472,90,736,709,0,452
1728462925559347000,337,53,811,586,0,591
1728462925560188000,229,128,842,491,0,670
1728462925561030000,137,230,850,388,29,744
1728462925561872000,49,322,821,287,91,795
1728462925562714000,0,433,754,184,162,805
1728462925563556000,4,536,680,170,245,793
1728462925564397000,0,632,578,82,328,747
1728462925565238000,0,708,476,26,407,669
1728462925566080000,40,769,357,4,506,578
1728462925566921000,71,817,234,0,567,481
1728462925567763000,186,804,149,0,618,392
1728462925568620000,306,788,52,64,653,261
1728462925569462000,434,724,0,164,661,174
1728462925570303000,538,650,0,266,640,80
1728462925571144000,625,555,2,373,609,14
1728462925571985000,698,448,1,466,536,0
1728462925572826000,749,338,68,576,455,0
1728462925573667000,795,224,130,643,377,0
1728462925574508000,773,139,234,718,288,25
1728462925575350000,757,58,360,772,202,101
1728462925576192000,694,0,471,788,145,188
1728462925577034000,616,0,576,754,0,297
1728462925577875000,501,0,674,732,0,407
1728462925578716000,530,0,776,661,0,501
1728462925579557000,320,68,821,560,0,614
1728462925580398000,207,154,850,468,0,684
1728462925581240000,111,250,846,354,40,757
1728462925582076000,37,347,810,266,103,793
1728462925582918000,0,465,738,165,192,810
1728462925583759000,0,557,655,76,273,783
1728462925584600000,0,658,608,21,361,727
1728462925585441000,2,732,466,0,442,648
1728462925586282000,69,779,298,0,518,618
1728462925587123000,128,786,145,0,587,530
1728462925587965000,290,821,85,13,621,253
1728462925588807000,345,842,21,94,660,229
1728462925589649000,465,705,0,188,666,139
1728462925590490000,555,628,0,292,639,73
1728462925591331000,638,523,0,402,590,9
1728462925592172000,719,420,11,501,521,0
1728462925593014000,764,306,82,585,439,0
1728462925593855000,791,201,174,660,338,0
1728462925594697000,783,125,281,723,245,56
1728462925595554000,713,42,393,766,184,128
1728462925596395000,629,0,506,739,96,204
1728462925597237000,557,0,590,726,37,349
1728462925598078000,457,32,736,682,0,443
1728462925598919000,383,20,786,639,0,528
1728462925599760000,282,96,832,544,0,633
1728462925600602000,178,165,855,441,0,705
1728462925601444000,98,265,837,343,64,762
1728462925602285000,23,378,797,232,120,811
1728462925603127000,0,498,728,142,200,798
1728462925603968000,0,650,637,69,292,754
1728462925604809000,0,706,534,15,386,708
1728462925605650000,13,738,420,0,491,636
1728462925606492000,87,738,285,0,587,524
1728462925607333000,205,766,178,0,558,428
1728462925608174000,383,772,122,53,593,320
1728462925609017000,373,754,26,117,658,212
1728462925609859000,482,682,0,218,663,123
1728462925610700000,584,600,0,324,634,58
1728462925611541000,661,489,0,417,571,0
1728462925612382000,736,386,17,513,511,0
1728462925613224000,765,272,89,591,405,0
1728462925614065000,779,186,196,685,325,0
1728462925614907000,767,98,293,729,253,58
1728462925615749000,730,18,412,780,173,153
1728462925616591000,653,0,448,773,89,354
1728462925617432000,591,0,580,746,47,398
1728462925618273000,528,4,696,692,0,373
1728462925619114000,362,32,799,618,0,552
1728462925619955000,253,112,845,525,0,661
1728462925620797000,161,192,858,409,10,729
1728462925621639000,72,301,821,305,69,781
1728462925622492000,10,405,777,211,142,799
1728462925623334000,55,509,707,122,218,790
1728462925624176000,33,608,615,52,308,761
1728462925625017000,38,689,510,9,393,693
1728462925625858000,58,755,386,26,476,610
1728462925626699000,6,791,281,39,535,535
1728462925627540000,133,798,193,29,596,383
1728462925628382000,261,788,65,18,645,303
1728462925629224000,404,738,12,146,669,193
1728462925630066000,516,658,0,248,655,106
1728462925630907000,604,578,0,341,619,41
1728462925631748000,683,469,0,442,558,0
1728462925632589000,747,362,33,537,480,0
1728462925633430000,778,244,106,629,394,0
1728462925634272000,789,161,220,696,309,9
1728462925635114000,748,69,312,754,242,75
1728462925635965000,713,14,436,786,151,169
1728462925636807000,629,0,556,804,130,258
1728462925637649000,570,0,655,759,2,373
1728462925638491000,437,0,747,660,0,489
1728462925639332000,335,45,814,597,0,583
1728462925640173000,235,118,834,490,0,666
1728462925641015000,137,224,852,380,18,743
1728462925641857000,55,327,824,282,77,785
1728462925642699000,0,431,772,192,165,806
1728462925643541000,0,540,676,101,251,793
1728462925644383000,0,645,581,34,338,756
1728462925645224000,0,711,530,0,424,676
1728462925646065000,40,773,381,0,492,587
1728462925646906000,126,806,146,0,553,576
1728462925647748000,245,820,94,0,631,416
1728462925648590000,335,766,42,74,645,229
1728462925649437000,429,729,4,161,657,176
1728462925650278000,537,642,0,257,644,85
1728462925651119000,634,555,0,370,606,21
1728462925651960000,690,450,2,471,533,0
1728462925652801000,754,331,64,576,462,0
1728462925653642000,773,215,149,636,356,0
1728462925654483000,794,144,245,715,279,33
1728462925655325000,725,49,361,757,197,119
1728462925656167000,681,1,477,786,119,194
1728462925657008000,562,0,587,730,41,312
1728462925657849000,491,21,704,719,1,407
1728462925658690000,404,23,767,645,0,482
1728462925659531000,310,65,826,576,0,616
1728462925660372000,218,146,842,462,0,692
1728462925661214000,113,249,847,357,37,746
1728462925662056000,40,343,815,266,113,793
1728462925663017000,0,458,742,173,192,810
1728462925663859000,0,638,651,84,274,771
1728462925664700000,0,660,558,26,415,720
1728462925665541000,5,706,438,0,482,645
1728462925666383000,58,776,325,0,538,568
1728462925667224000,130,754,210,0,522,442
1728462925668066000,361,767,124,29,591,334
1728462925668907000,431,744,45,94,638,249
1728462925669749000,459,708,0,186,657,144
1728462925670590000,556,626,0,288,642,64
1728462925671431000,644,537,0,400,591,17
1728462925672272000,710,427,18,490,520,0
1728462925673114000,773,299,75,596,450,0
1728462925673955000,777,220,168,656,348,0
1728462925674796000,773,110,274,724,269,52
1728462925675638000,749,46,388,770,194,117
1728462925676378000,681,0,486,790,112,242
1728462925677219000,660,18,562,760,42,249
1728462925678060000,498,0,680,712,0,380
1728462925678901000,389,133,762,661,0,505
1728462925679742000,282,82,832,545,0,626
1728462925680583000,184,168,853,442,2,704
1728462925681425000,94,270,842,335,53,770
1728462925682267000,23,380,793,235,132,802
1728462925683109000,0,485,723,146,202,805
1728462925683950000,45,586,634,103,290,773
1728462925684792000,0,674,533,53,373,716
1728462925685633000,0,741,421,10,456,634
1728462925686474000,74,792,295,2,540,538
1728462925687315000,121,791,169,0,583,426
1728462925688157000,237,845,127,10,625,331
1728462925688999000,362,757,26,105,657,220
1728462925689842000,489,693,0,213,657,119
1728462925690683000,576,599,0,325,629,47
1728462925691524000,661,498,0,417,576,0
1728462925692365000,729,390,32,516,501,0
1728462925693206000,776,282,94,608,425,0
1728462925694047000,793,195,184,677,329,0
1728462925694889000,773,95,297,738,237,36
1728462925695731000,714,0,431,779,160,146
1728462925696573000,660,0,540,792,130,247
1728462925697414000,565,0,610,776,81,343
1728462925698254000,506,0,711,696,0,441
1728462925699095000,369,11,786,609,0,565
1728462925699936000,253,111,841,517,0,656
1728462925700778000,160,199,853,413,18,714
1728462925701620000,74,293,824,309,76,777
1728462925702462000,10,404,775,218,141,805
1728462925703329000,0,514,711,130,218,796
1728462925704170000,0,619,610,47,320,758
1728462925705011000,0,704,507,2,395,696
1728462925705852000,21,754,420,0,482,610
1728462925706693000,114,801,331,0,580,517
1728462925707534000,188,817,79,0,591,501
1728462925708376000,293,789,18,41,658,340
1728462925709218000,409,744,18,139,666,186
1728462925710060000,504,664,0,242,653,110
1728462925710901000,593,578,0,352,622,49
1728462925711742000,686,466,0,448,562,0
1728462925712584000,732,361,31,535,482,0
1728462925713425000,786,250,117,632,400,0
1728462925714267000,794,154,213,696,290,20
1728462925715109000,762,74,340,754,224,89
1728462925715951000,690,10,436,788,146,180
1728462925716794000,562,0,583,820,66,290
1728462925717635000,498,0,647,687,17,360
1728462925718476000,405,2,740,640,0,494
1728462925719317000,335,53,806,590,0,577
1728462925720158000,229,121,850,492,0,670
1728462925721000000,136,211,841,388,23,738
1728462925721842000,64,329,821,281,82,783
1728462925722684000,4,434,769,192,158,799
1728462925723525000,0,545,680,109,245,776
1728462925724366000,0,627,578,45,338,737
1728462925725207000,0,776,472,0,417,665
1728462925726048000,45,801,363,0,497,579
1728462925726889000,137,720,232,0,644,466
1728462925727731000,233,738,148,34,672,364
1728462925728573000,338,731,69,73,586,277
1728462925729415000,425,719,0,168,665,170
1728462925730269000,532,641,0,264,650,92
1728462925731110000,624,553,0,363,610,25
1728462925731951000,701,453,0,455,549,0
1728462925732792000,757,341,64,557,461,0
1728462925733634000,760,218,143,648,367,0
1728462925734475000,784,135,247,709,298,22
1728462925735317000,743,58,352,757,199,105
1728462925736159000,696,0,469,778,133,197
1728462925737000000,613,26,642,754,74,309
1728462925737842000,525,0,562,717,0,498
1728462925738683000,423,0,687,656,0,570
1728462925739524000,312,69,828,570,0,608
1728462925740365000,202,143,850,466,0,690
1728462925741207000,117,242,842,365,40,756
1728462925742049000,43,350,816,266,101,793
1728462925742891000,0,466,752,169,183,803
1728462925743746000,0,547,666,93,258,783
1728462925744587000,0,634,554,30,347,730
1728462925745428000,101,722,448,0,434,656
1728462925746270000,109,776,333,0,500,561
1728462925747111000,209,788,202,7,556,459
1728462925747953000,154,805,154,79,623,372
1728462925748795000,290,767,30,49,645,237
1728462925749637000,456,696,0,192,666,141
1728462925750478000,561,626,0,286,649,74
1728462925751319000,642,529,0,388,585,10
1728462925752160000,719,426,7,489,523,0
1728462925753001000,767,312,78,583,431,0
1728462925753843000,782,218,176,658,338,0
1728462925754684000,762,110,270,719,274,45
1728462925755526000,754,43,370,766,193,110
1728462925756368000,687,0,496,791,106,189
1728462925757208000,597,34,604,748,125,289
1728462925758049000,504,0,693,704,82,401
1728462925758890000,394,0,766,649,64,517
1728462925759731000,282,79,842,550,0,629
1728462925760572000,185,176,847,438,0,708
1728462925761414000,97,266,842,334,50,767
1728462925762255000,34,374,794,240,122,797
1728462925763097000,0,482,727,156,205,806
1728462925763938000,0,578,634,64,288,772
1728462925764780000,0,674,534,2,379,715
1728462925765621000,0,743,415,0,460,640
1728462925766462000,74,800,298,0,532,546
1728462925767303000,165,794,186,0,596,422
1728462925768145000,258,836,192,32,670,334
1728462925768987000,345,767,0,113,650,327
1728462925769829000,482,690,0,206,663,122
1728462925770678000,578,605,2,306,624,64
1728462925771519000,663,501,0,416,576,5
1728462925772360000,739,396,27,517,505,0
1728462925773202000,770,283,101,604,426,0
1728462925774043000,789,184,184,685,330,0
1728462925774885000,773,89,285,751,254,58
1728462925775727000,733,13,418,767,154,161
1728462925776569000,684,0,537,790,78,240
1728462925777410000,654,0,682,761,13,346
1728462925778251000,335,0,709,781,0,476
1728462925779092000,290,2,793,685,0,579
1728462925779933000,258,92,834,530,0,647
1728462925780775000,165,194,856,410,9,727
1728462925781617000,85,292,837,314,58,773
1728462925782459000,11,400,779,224,146,814
1728462925783301000,0,506,700,133,222,799
1728462925784148000,0,613,596,50,326,838
1728462925784989000,0,690,486,0,395,736
1728462925785830000,33,760,376,0,470,615
1728462925786671000,101,799,277,0,554,490
1728462925787513000,158,909,155,28,629,366
1728462925788355000,314,833,57,45,704,279
1728462925789197000,397,661,0,137,732,189
1728462925790038000,516,665,0,227,654,107
1728462925790879000,603,586,0,341,618,40
1728462925791720000,681,482,0,440,552,0
1728462925792561000,741,373,46,533,485,0
1728462925793402000,773,264,122,629,404,0
1728462925794244000,739,166,219,698,312,26
1728462925795086000,754,76,328,746,232,84
1728462925795928000,706,13,440,776,146,164
1728462925796770000,628,0,558,773,71,274
1728462925797626000,546,0,665,727,30,378
1728462925798468000,438,23,822,671,22,492
1728462925799309000,344,64,837,583,0,587
1728462925800150000,241,117,847,491,0,664
1728462925800992000,153,224,855,389,23,733
1728462925801834000,47,320,832,290,82,791
1728462925802676000,0,421,766,197,165,810
1728462925803518000,0,537,693,106,242,802
1728462925804359000,0,610,587,36,372,750
1728462925805200000,0,693,480,0,442,670
1728462925806042000,45,765,368,0,495,590
1728462925806883000,124,784,252,0,522,477
1728462925807724000,312,784,193,30,592,370
1728462925808566000,218,779,41,149,637,306
1728462925809408000,407,730,6,184,661,169
1728462925810249000,526,651,0,266,653,85
1728462925811107000,623,559,0,369,610,18
1728462925811948000,698,448,0,466,546,0
1728462925812789000,746,332,58,561,463,0
1728462925813630000,785,233,128,647,381,0
1728462925814472000,772,138,235,705,297,30
1728462925815314000,759,64,345,765,192,92
1728462925816156000,690,9,469,781,130,193
1728462925816997000,650,0,553,770,64,292
1728462925817839000,565,0,639,733,10,322
1728462925818680000,436,0,722,666,0,437
1728462925819521000,312,73,811,576,0,608
1728462925820362000,217,142,852,463,0,690
1728462925821204000,122,245,842,359,37,752
1728462925822046000,36,353,817,266,96,802
1728462925822888000,0,450,745,177,192,805
1728462925823730000,23,562,660,87,263,788
1728462925824575000,25,649,561,23,340,734
1728462925825417000,0,723,453,43,426,652
1728462925826259000,37,782,340,4,511,559
1728462925827100000,90,789,213,0,569,448
1728462925827942000,210,824,125,0,629,369
1728462925828784000,343,794,40,71,656,229
1728462925829626000,457,707,0,186,654,148
1728462925830467000,550,629,0,290,644,68
1728462925831308000,640,535,0,392,594,9
1728462925832149000,710,421,15,486,522,0
1728462925832990000,767,312,75,591,449,0
1728462925833832000,794,210,149,642,355,0
1728462925834674000,791,122,265,722,274,47
1728462925835516000,741,42,363,759,196,106
1728462925836358000,682,0,498,786,111,218
1728462925837199000,626,0,613,767,0,313
1728462925838037000,490,0,692,704,0,420
1728462925838878000,493,10,796,645,0,513
1728462925839719000,287,81,832,541,0,628
1728462925840560000,188,168,850,442,0,697
1728462925841402000,92,266,839,345,50,766
1728462925842244000,26,377,802,240,122,800
1728462925843086000,0,482,730,148,196,806
1728462925843927000,0,594,642,69,285,782
1728462925844768000,0,671,612,16,374,710
1728462925845609000,11,743,490,0,458,629
1728462925846450000,64,789,327,0,531,543
1728462925847291000,154,772,114,0,589,513
1728462925848133000,309,813,64,30,654,381
1728462925848975000,353,751,1,109,672,184
1728462925849817000,474,704,0,203,661,133
1728462925850658000,576,601,0,314,632,56
1728462925851517000,653,505,0,414,576,0
1728462925852358000,728,399,26,514,506,0
1728462925853200000,770,290,96,604,426,0
1728462925854041000,791,192,192,668,320,1
1728462925854883000,781,87,306,738,242,55
1728462925855725000,725,7,410,778,165,146
1728462925856567000,668,0,522,789,105,244
1728462925857408000,535,0,633,786,33,331
1728462925858249000,441,0,704,661,0,483
1728462925859090000,357,52,816,589,0,597
1728462925859931000,261,106,841,526,0,644
1728462925860773000,159,197,847,418,8,725
1728462925861615000,81,281,823,320,66,773
1728462925862457000,9,392,781,218,141,801
1728462925863299000,0,506,711,139,218,793
1728462925864140000,0,608,599,54,308,736
1728462925864979000,0,780,509,5,397,681
1728462925865820000,30,810,388,0,472,606
1728462925866661000,106,824,270,0,576,520
1728462925867502000,171,718,162,0,677,389
1728462925868343000,312,748,81,57,623,282
1728462925869185000,398,715,21,150,606,193
1728462925870027000,501,674,0,232,658,106
1728462925870868000,591,580,0,340,619,37
1728462925871709000,683,481,0,437,564,0
1728462925872550000,736,368,34,530,489,0
1728462925873391000,786,261,111,621,410,0
1728462925874232000,779,169,216,690,304,20
1728462925875074000,752,93,327,750,228,74
1728462925875916000,698,13,441,779,149,164
1728462925876758000,634,0,546,778,78,263
1728462925877599000,546,0,576,737,13,471
1728462925878451000,461,0,682,682,11,529
1728462925879292000,372,52,738,581,14,618
1728462925880133000,234,122,850,504,0,660
1728462925880975000,136,209,856,394,20,738
1728462925881817000,64,320,826,288,84,788
1728462925882659000,10,435,770,193,157,821
1728462925883501000,0,533,690,114,247,779
1728462925884342000,79,611,589,46,325,745
1728462925885184000,43,695,485,0,397,677
1728462925886025000,85,756,357,0,488,586
1728462925886866000,149,802,244,10,569,490
1728462925887707000,148,801,181,50,599,405
1728462925888549000,277,788,57,18,640,286
1728462925889391000,402,788,18,136,670,185
1728462925890233000,530,650,0,261,650,92
1728462925891074000,617,557,0,362,605,21
1728462925891924000,704,456,0,457,549,0
1728462925892765000,754,346,66,554,460,0
1728462925893606000,786,237,138,641,373,0
1728462925894448000,794,156,217,704,298,26
1728462925895290000,761,38,341,762,215,90
1728462925896132000,704,5,463,785,133,197
1728462925896973000,631,0,568,766,90,287
1728462925897815000,525,0,669,753,43,386
1728462925898656000,441,0,767,669,0,480
1728462925899497000,309,29,824,576,0,601
1728462925900338000,213,133,847,477,0,680
1728462925901180000,124,235,847,363,37,749
1728462925902022000,52,346,813,274,98,796
1728462925902864000,0,462,754,171,181,820
1728462925903706000,0,559,674,98,267,788
1728462925904547000,0,650,555,26,354,736
1728462925905400000,0,733,494,0,436,661
1728462925906242000,64,775,381,0,513,566
1728462925907083000,130,810,260,0,576,458
1728462925907925000,225,767,37,14,633,413
1728462925908767000,397,765,0,94,644,156
1728462925909609000,453,779,0,185,671,146
1728462925910450000,551,633,0,274,637,87
1728462925911291000,644,530,0,386,591,14
1728462925912132000,723,424,9,488,530,0
1728462925912973000,760,320,74,583,448,0
1728462925913815000,780,212,167,668,357,0
1728462925914657000,780,97,265,722,267,36
1728462925915499000,746,39,380,764,188,110
1728462925916341000,671,0,495,789,104,218
1728462925917182000,553,0,613,804,53,321
1728462925918024000,463,0,698,644,2,410
1728462925918867000,392,22,762,618,0,554
1728462925919708000,285,79,821,542,0,625
1728462925920550000,194,170,864,438,0,708
1728462925921392000,97,275,843,338,50,767
1728462925922234000,23,363,805,245,117,793
1728462925923076000,0,474,730,154,202,809
1728462925923918000,0,581,638,73,290,772
1728462925924759000,0,751,529,5,372,704
1728462925925600000,16,805,423,0,436,622
1728462925926441000,74,777,306,0,560,529
1728462925927282000,141,730,201,2,649,431
1728462925928124000,276,740,98,37,674,320
1728462925928965000,343,728,21,98,608,225
1728462925929807000,485,692,0,207,661,137
1728462925930648000,578,608,0,309,629,53
1728462925931489000,660,512,0,414,576,0
1728462925932340000,730,402,21,511,510,0
1728462925933182000,769,292,97,601,426,0
1728462925934023000,783,177,186,683,335,0
1728462925934864000,776,98,289,736,257,64
1728462925935706000,721,37,405,767,165,144
1728462925936547000,651,0,529,782,100,233
1728462925937388000,561,10,705,757,48,335
1728462925938229000,473,0,606,697,0,538
1728462925939070000,357,18,730,610,8,621
1728462925939911000,266,94,832,522,0,644
1728462925940752000,167,194,854,410,2,723
1728462925941594000,82,293,840,322,55,778
1728462925942436000,10,394,790,224,138,806
1728462925943278000,0,509,708,133,221,801
1728462925944119000,0,597,612,56,345,768
1728462925944960000,0,668,512,0,373,693
1728462925945816000,33,741,393,0,452,612
1728462925946657000,167,791,282,0,532,509
1728462925947499000,270,798,192,0,585,392
1728462925948341000,199,781,90,111,634,349
1728462925949183000,350,738,4,58,651,199
1728462925950025000,506,672,0,226,655,112
1728462925950866000,602,589,0,338,619,41
1728462925951707000,671,485,0,440,559,0
1728462925952548000,742,378,39,542,487,0
1728462925953390000,772,258,114,618,401,0
1728462925954231000,783,167,193,685,315,13
1728462925955073000,777,85,306,740,234,79
1728462925955915000,719,21,413,784,153,151
1728462925956757000,648,0,548,781,79,258
1728462925957598000,537,0,641,738,101,357
1728462925958440000,448,0,727,698,36,465
1728462925959288000,370,0,801,613,23,561
1728462925960129000,242,113,845,501,0,660
1728462925960971000,139,224,850,394,20,738
1728462925961813000,58,312,832,295,87,785
1728462925962655000,0,424,761,199,159,802
1728462925963497000,0,533,688,117,241,802
1728462925964338000,0,629,596,29,325,752
1728462925965179000,0,707,480,0,403,677
1728462925966020000,34,780,360,0,492,587
1728462925966861000,106,796,253,0,562,485
1728462925967702000,202,818,237,1,642,386
1728462925968544000,293,783,0,55,638,378
1728462925969386000,466,752,0,142,672,216
1728462925970228000,522,653,0,256,647,85
1728462925971069000,615,568,0,359,609,33
1728462925971910000,693,455,2,459,544,0
1728462925972756000,754,335,53,559,468,0
1728462925973597000,782,242,133,636,387,0
1728462925974439000,788,130,239,706,290,23
1728462925975281000,752,43,346,756,199,83
1728462925976123000,696,0,492,786,136,196
1728462925976964000,629,0,581,780,68,282
1728462925977805000,601,0,656,762,2,429
1728462925978646000,321,0,738,732,0,557
1728462925979487000,238,43,837,605,0,629
1728462925980329000,217,141,850,476,0,679
1728462925981171000,119,234,847,370,34,753
1728462925982013000,42,337,807,276,98,794
1728462925982855000,0,460,741,174,178,810
1728462925983696000,0,554,666,96,264,786
1728462925984537000,0,649,544,29,353,796
1728462925985378000,0,724,448,0,429,689
1728462925986227000,52,772,324,0,514,550
1728462925987068000,133,845,218,0,578,453
1728462925987909000,261,886,104,36,629,320
1728462925988751000,346,756,33,68,724,234
1728462925989592000,452,645,0,201,697,139
1728462925990433000,541,637,0,283,645,69
1728462925991274000,633,533,0,389,597,16
1728462925992115000,705,430,14,480,530,0
1728462925992956000,761,313,75,586,449,0
1728462925993797000,787,221,153,654,367,0
1728462925994639000,733,125,265,713,261,56
1728462925995481000,733,50,375,744,199,104
1728462925996323000,674,4,501,786,105,218
1728462925997164000,591,0,605,773,50,320
1728462925998006000,490,0,778,709,26,427
1728462925998847000,388,26,850,632,20,535
1728462925999703000,299,96,874,549,0,615
1728462926000545000,197,162,852,450,0,692
1728462926001387000,106,265,847,345,64,767
1728462926002229000,26,366,802,249,119,802
1728462926003071000,0,480,740,149,194,811
1728462926003913000,0,584,652,73,279,772
1728462926004754000,0,645,535,18,417,709
1728462926005595000,5,733,429,0,482,633
1728462926006436000,67,767,307,0,554,541
1728462926007277000,169,789,202,0,580,434
1728462926008119000,369,776,153,50,606,345
1728462926008961000,434,752,26,145,651,250
1728462926009803000,436,704,0,244,668,133
1728462926010644000,568,612,0,309,633,53
1728462926011485000,654,517,0,411,582,0
1728462926012326000,722,396,26,506,506,0
1728462926013170000,764,279,85,606,427,0
1728462926014011000,786,192,176,673,342,0
1728462926014853000,767,81,291,722,257,64
1728462926015695000,727,26,383,765,168,130
1728462926016537000,665,0,520,779,100,245
1728462926017378000,596,0,590,756,46,357
1728462926018219000,477,0,678,698,0,393
1728462926019060000,359,128,786,648,0,514
1728462926019901000,267,149,838,538,0,633
1728462926020743000,162,192,858,423,2,708
1728462926021585000,81,282,832,320,66,776
1728462926022427000,21,394,793,218,133,805
1728462926023269000,0,505,712,138,218,796
1728462926024110000,0,611,621,64,309,761
1728462926024952000,0,684,517,45,386,704
1728462926025793000,6,749,408,0,466,615
1728462926026641000,85,788,274,0,548,517
1728462926027482000,165,849,185,0,593,417
1728462926028324000,267,781,102,47,639,292
1728462926029166000,392,767,89,133,682,186
1728462926030008000,494,670,0,237,657,126
1728462926030849000,594,578,0,338,625,42
1728462926031690000,680,483,0,434,569,0
1728462926032531000,740,373,41,528,489,0
1728462926033373000,779,267,116,624,401,0
1728462926034214000,785,165,207,690,320,0
1728462926035056000,743,64,320,747,234,69
1728462926035898000,719,5,424,776,145,154
1728462926036740000,651,0,562,778,77,263
1728462926037581000,661,0,692,757,0,361
1728462926038422000,526,0,709,693,0,474
1728462926039263000,269,34,791,663,0,613
1728462926040128000,244,117,850,506,0,663
1728462926040970000,146,212,848,397,18,736
1728462926041812000,69,320,824,296,78,784
1728462926042654000,2,430,778,200,157,802
1728462926043496000,0,528,693,116,237,795
1728462926044337000,0,624,584,48,335,824
1728462926045178000,0,700,461,0,415,737
1728462926046019000,37,765,349,0,491,634
1728462926046860000,117,800,244,0,560,486
1728462926047701000,192,917,136,18,613,334
1728462926048543000,334,851,64,66,640,257
1728462926049385000,394,654,0,162,737,158
1728462926050226000,526,658,0,249,654,93
1728462926051067000,622,564,0,357,621,30
1728462926051908000,696,459,0,454,548,0
1728462926052749000,752,352,50,552,469,0
1728462926053587000,778,242,141,638,385,0
1728462926054429000,767,114,222,709,292,33
1728462926055271000,744,64,346,762,213,107
1728462926056113000,700,13,466,767,132,196
1728462926056955000,622,0,576,778,55,285
1728462926057796000,508,0,682,728,8,382
1728462926058637000,402,0,854,660,17,500
1728462926059478000,303,82,878,576,0,595
1728462926060320000,214,141,835,469,0,683
1728462926061162000,122,229,847,367,26,746
1728462926062004000,58,338,816,274,109,789
1728462926062846000,0,448,754,176,178,814
1728462926063688000,0,554,670,96,264,791
1728462926064529000,0,618,562,28,405,733
1728462926065370000,1,704,455,0,445,667
1728462926066212000,56,771,338,0,484,570
1728462926067063000,136,791,221,0,561,457
1728462926067904000,362,780,173,34,594,346
1728462926068746000,409,756,52,101,643,271
1728462926069588000,372,704,13,218,658,185
1728462926070430000,546,629,0,273,641,81
1728462926071271000,639,543,0,386,590,11
1728462926072112000,719,440,9,482,525,0
1728462926072954000,760,325,73,576,452,0
1728462926073795000,778,207,161,658,360,0
1728462926074637000,773,112,260,723,285,40
1728462926075479000,753,50,349,761,194,119
1728462926076321000,695,2,473,778,110,210
1728462926077162000,608,0,594,762,57,302
1728462926078003000,501,0,663,719,0,367
1728462926078844000,394,10,747,648,0,453
1728462926079685000,296,189,811,601,5,580
1728462926080532000,194,163,847,455,0,704
1728462926081374000,101,258,847,346,37,756
1728462926082216000,37,368,801,253,124,795
1728462926083058000,0,477,734,158,202,815
1728462926083900000,0,576,642,77,290,777
1728462926084741000,0,660,533,64,373,733
1728462926085582000,0,737,429,7,444,648
1728462926086424000,64,788,312,4,522,543
1728462926087265000,161,815,212,0,594,436
1728462926088107000,213,844,138,5,628,346
1728462926088949000,338,768,23,97,669,216
1728462926089790000,466,680,68,192,710,149
1728462926090631000,570,610,0,302,630,64
1728462926091472000,658,513,0,409,577,2
1728462926092313000,730,407,20,502,506,0
1728462926093154000,767,295,98,594,426,0
1728462926094003000,786,200,189,676,341,0
1728462926094845000,782,94,274,737,256,30
1728462926095687000,745,36,410,770,177,135
1728462926096529000,649,0,528,792,92,220
1728462926097370000,591,0,618,762,49,320
1728462926098211000,505,0,709,708,25,434
1728462926099052000,372,0,783,608,0,545
1728462926099893000,388,74,848,530,0,648
1728462926100735000,181,189,842,418,18,718
1728462926101577000,85,290,836,320,52,770
1728462926102419000,16,394,789,233,135,805
1728462926103261000,0,501,712,136,217,802
1728462926104102000,0,598,629,65,306,770
1728462926104943000,0,685,517,0,393,705
1728462926105784000,20,752,453,0,463,622
1728462926106625000,95,793,322,0,541,513
1728462926107479000,180,809,151,0,601,455
1728462926108321000,303,802,34,50,657,357
1728462926109163000,410,725,0,133,637,136
1728462926110005000,482,776,0,229,663,82
1728462926110846000,596,596,0,329,626,57
1728462926111687000,677,481,0,431,561,0
1728462926112528000,747,373,34,530,493,0
1728462926113369000,773,274,114,618,407,0
1728462926114210000,778,167,210,698,320,13
1728462926115052000,767,70,313,740,229,67
1728462926115894000,724,21,428,771,151,167
1728462926116735000,648,0,545,785,74,272
1728462926117576000,496,0,651,789,26,368
1728462926118417000,388,0,751,722,0,448
1728462926119258000,293,34,773,559,0,562
1728462926120099000,229,117,836,487,0,666
1728462926120940000,149,213,862,392,16,743
1728462926121782000,66,320,825,295,68,783
1728462926122624000,2,417,779,206,158,799
1728462926123466000,0,526,698,119,249,800
1728462926124307000,0,628,600,50,330,752
1728462926125148000,0,706,470,0,413,670
1728462926125989000,37,832,368,0,484,583
1728462926126830000,113,847,254,0,553,481
1728462926127672000,210,855,150,5,611,365
1728462926128513000,282,693,74,77,714,281
1728462926129355000,440,693,0,138,585,174
1728462926130196000,560,650,0,254,641,97
1728462926131037000,618,568,0,357,608,29
1728462926131878000,698,462,1,452,543,0
1728462926132719000,752,350,50,554,476,0
1728462926133560000,779,257,133,637,389,0
1728462926134412000,776,138,234,706,298,18
1728462926135254000,748,53,322,752,218,96
1728462926136096000,706,9,458,767,130,192
1728462926136937000,626,0,576,765,64,284
1728462926137779000,535,0,714,727,31,397
1728462926138621000,425,0,642,659,0,597
1728462926139462000,313,21,722,569,0,678
1728462926140303000,229,139,837,474,0,685
1728462926141145000,126,234,849,366,23,756
1728462926141987000,42,337,818,270,97,791
1728462926142829000,0,448,765,181,171,805
1728462926143671000,0,560,666,100,263,794
1728462926144512000,0,641,562,26,341,746
1728462926145353000,0,704,458,0,409,663
1728462926146195000,138,773,341,0,490,570
1728462926147036000,170,805,234,0,570,463
1728462926147888000,128,802,114,90,612,378
1728462926148730000,264,755,81,135,647,261
1728462926149572000,405,704,0,132,650,178
1728462926150413000,545,631,0,270,639,73
1728462926151254000,645,543,0,378,599,13
1728462926152095000,724,441,10,480,533,0
1728462926152936000,761,325,69,585,450,0
1728462926153777000,779,218,158,654,365,0
1728462926154619000,789,130,264,719,281,42
1728462926155461000,759,65,366,757,193,105
1728462926156303000,686,1,484,786,116,186
1728462926157144000,599,0,606,773,50,306
1728462926157986000,505,0,677,711,85,394
1728462926158827000,392,0,740,650,58,506
1728462926159668000,320,21,822,565,25,607
1728462926160510000,202,162,852,458,0,697
1728462926161359000,102,257,842,348,46,765
1728462926162201000,34,357,799,251,122,794
1728462926163043000,0,473,730,162,198,808
1728462926163885000,0,576,649,75,284,783
1728462926164726000,0,665,553,10,361,725
1728462926165567000,0,737,431,0,448,637
1728462926166408000,69,789,315,0,530,555
1728462926167249000,154,801,239,0,586,440
1728462926168091000,250,820,156,16,619,389
1728462926168933000,372,784,0,101,676,277
1728462926169775000,489,695,0,178,646,53
1728462926170616000,565,614,0,306,634,64
1728462926171457000,651,514,0,406,585,6
1728462926172298000,727,404,23,505,514,0
1728462926173139000,772,293,85,594,431,0
1728462926173980000,786,193,180,661,335,0
1728462926174829000,783,103,276,740,250,41
1728462926175671000,733,21,415,776,170,144
1728462926176513000,674,0,503,785,92,237
1728462926177354000,587,2,622,764,40,356
1728462926178195000,386,0,713,770,0,482
1728462926179036000,312,4,814,660,0,533
1728462926179877000,210,92,820,468,0,629
1728462926180719000,165,181,853,432,2,704
1728462926181561000,89,274,836,325,64,769
1728462926182403000,18,394,781,226,136,808
1728462926183244000,0,494,714,134,210,797
1728462926184085000,0,605,617,64,305,760
1728462926184926000,0,689,501,9,389,718
1728462926185767000,16,746,394,0,462,610
1728462926186608000,93,846,274,0,549,506
1728462926187449000,180,827,178,0,602,410
1728462926188318000,299,806,68,26,719,290
1728462926189160000,424,683,9,146,698,203
1728462926190002000,506,639,0,207,612,122
1728462926190843000,583,585,0,330,621,43
1728462926191684000,680,486,0,439,576,0
1728462926192525000,736,386,34,522,491,0
1728462926193366000,777,272,109,609,404,0
1728462926194207000,788,178,205,681,322,13
1728462926195048000,754,82,320,736,229,53
1728462926195890000,709,20,433,773,154,157
1728462926196731000,655,0,531,777,89,266
1728462926197572000,562,0,642,738,36,372
1728462926198413000,458,27,800,674,0,462
1728462926199254000,359,42,721,599,0,652
1728462926200095000,271,127,752,500,0,746
1728462926200936000,148,201,859,405,18,729
1728462926201773000,64,302,824,302,79,786
1728462926202615000,6,420,777,207,150,814
1728462926203457000,0,530,705,121,228,794
1728462926204298000,0,627,601,45,330,752
1728462926205139000,0,692,489,0,434,692
1728462926205980000,33,745,378,0,509,594
1728462926206820000,116,781,261,0,553,493
1728462926207662000,210,799,160,4,599,389
1728462926208504000,368,766,89,66,618,286
1728462926209346000,325,727,26,207,652,209
1728462926210188000,462,663,0,192,655,86
1728462926211029000,606,565,0,360,613,34
1728462926211870000,696,453,0,460,555,0
1728462926212711000,757,353,42,549,485,0
1728462926213552000,784,241,130,634,387,0
1728462926214393000,789,146,222,704,297,14
1728462926215246000,752,74,343,753,213,87
1728462926216088000,713,8,457,783,138,181
1728462926216929000,644,0,562,775,77,266
1728462926217770000,544,7,650,736,17,369
1728462926218611000,441,82,740,698,0,458
1728462926219452000,362,121,796,594,0,565
1728462926220293000,210,55,837,466,49,670
1728462926221135000,132,229,847,378,29,746
1728462926221977000,50,342,816,270,92,805
1728462926222819000,0,451,760,181,171,806
1728462926223661000,0,554,677,96,254,779
1728462926224502000,0,645,580,41,349,740
1728462926225343000,0,713,457,0,423,668
1728462926226184000,34,773,346,0,506,576
1728462926227025000,124,804,229,0,570,470
1728462926227866000,218,802,130,4,621,356
1728462926228714000,321,779,130,74,686,264
1728462926229556000,424,692,0,173,641,249
1728462926230398000,538,634,0,282,650,133
1728462926231239000,630,541,0,376,600,15
1728462926232080000,711,434,17,476,532,0
1728462926232921000,762,325,69,569,450,0
1728462926233762000,788,216,157,653,360,0
1728462926234604000,783,125,254,717,289,40
1728462926235446000,746,30,357,769,205,110
1728462926236288000,693,0,478,777,98,205
1728462926237129000,612,0,601,766,46,320
1728462926237970000,588,0,700,725,0,410
1728462926238811000,498,13,802,657,0,501
1728462926239652000,175,65,811,642,0,650
1728462926240494000,189,151,850,480,0,698
1728462926241336000,106,258,846,348,37,763
1728462926242190000,34,361,805,253,105,794
1728462926243032000,0,478,733,160,192,802
1728462926243873000,0,581,655,83,282,782
1728462926244714000,0,658,563,25,367,724
1728462926245555000,10,736,407,0,451,709
1728462926246396000,68,786,306,0,521,593
1728462926247237000,158,807,200,0,585,463
1728462926248079000,234,815,94,33,642,285
1728462926248921000,361,853,23,130,681,214
1728462926249763000,456,588,0,189,751,125
1728462926250605000,576,617,0,298,644,68
1728462926251446000,661,517,0,394,586,5
1728462926252287000,725,416,21,501,517,0
1728462926253128000,767,305,89,594,434,0
1728462926253970000,780,202,183,667,345,0
1728462926254812000,770,84,287,733,255,45
1728462926255660000,723,26,393,770,178,141
1728462926256502000,674,0,518,770,98,227
1728462926257343000,590,0,613,754,29,330
1728462926258184000,465,40,725,696,0,434
1728462926259025000,356,5,780,615,0,545
1728462926259866000,250,71,954,518,17,656
1728462926260708000,170,184,846,428,5,714
1728462926261550000,85,277,837,327,50,761
1728462926262392000,20,383,794,231,137,796
1728462926263233000,0,491,719,142,213,807
1728462926264074000,0,594,625,65,305,781
1728462926264916000,0,717,509,2,386,693
1728462926265757000,26,729,398,0,514,623
1728462926266598000,93,777,282,0,586,532
1728462926267439000,178,794,181,0,608,407
1728462926268281000,289,761,82,33,583,292
1728462926269129000,496,713,64,146,622,206
1728462926269971000,554,654,0,216,629,106
1728462926270812000,586,595,0,322,624,50
1728462926271653000,677,493,0,415,564,0
1728462926272494000,743,391,31,526,489,0
1728462926273336000,777,277,110,613,411,0
1728462926274177000,776,169,207,685,320,8
1728462926275019000,767,92,308,753,245,74
1728462926275861000,715,29,427,768,157,161
1728462926276702000,642,0,532,778,69,254
1728462926277543000,554,0,650,760,30,358
1728462926278384000,496,5,683,685,14,516
1728462926279226000,436,52,757,607,0,496
1728462926280067000,258,75,797,516,0,597
1728462926280909000,156,207,853,395,10,738
1728462926281751000,69,312,837,298,68,780
1728462926282610000,0,415,778,209,150,808
1728462926283452000,0,513,692,114,238,791
1728462926284293000,0,623,596,43,338,761
1728462926285134000,21,693,491,0,392,692
1728462926285975000,8,754,372,37,480,594
1728462926286816000,84,799,264,16,557,494
1728462926287658000,183,798,158,0,610,392
1728462926288500000,279,802,74,26,658,329
1728462926289342000,386,786,8,122,665,181
1728462926290184000,521,644,89,237,683,107
1728462926291025000,616,570,0,354,609,30
1728462926291866000,694,471,0,448,552,0
1728462926292707000,741,351,64,549,474,0
1728462926293548000,778,247,134,634,392,0
1728462926294389000,786,158,225,700,303,30
1728462926295231000,761,64,321,754,218,74
1728462926296072000,709,10,458,778,142,174
1728462926296914000,621,0,565,781,70,288
1728462926297755000,542,0,674,743,14,385
1728462926298596000,448,0,767,672,0,476
1728462926299437000,306,18,811,568,0,588
1728462926300278000,330,113,904,491,0,666
1728462926301120000,133,229,847,373,37,736
1728462926301962000,42,331,818,277,92,788
1728462926302804000,0,448,754,178,170,808
1728462926303646000,0,548,680,100,256,791
1728462926304487000,0,648,576,34,340,744
1728462926305328000,0,728,538,0,415,675
1728462926306170000,50,772,393,0,514,576
1728462926307011000,121,800,232,0,576,525
1728462926307852000,218,805,128,16,621,388
1728462926308694000,380,750,23,77,640,192
1728462926309546000,429,832,0,201,676,125
1728462926310387000,576,718,0,290,647,68
1728462926311228000,629,537,0,381,608,18
1728462926312069000,714,433,0,475,540,0
1728462926312910000,757,328,66,581,457,0
1728462926313751000,786,224,154,650,369,0
1728462926314593000,775,127,253,716,277,34
1728462926315435000,746,47,369,767,197,101
1728462926316277000,683,0,485,789,125,206
1728462926317118000,597,0,593,772,64,309
1728462926317959000,501,0,680,704,9,417
1728462926318800000,405,39,764,618,0,535
1728462926319641000,282,129,825,529,0,597
1728462926320483000,177,138,903,439,0,690
1728462926321325000,106,253,836,349,41,752
1728462926322166000,37,361,801,252,114,797
1728462926323025000,0,469,745,157,192,805
1728462926323866000,0,576,662,85,273,780
1728462926324708000,0,668,553,17,362,725
1728462926325549000,0,797,441,0,440,629
1728462926326391000,74,767,307,0,578,545
1728462926327232000,157,793,205,0,625,452
1728462926328073000,250,773,121,26,649,349
1728462926328915000,346,733,31,87,596,219
1728462926329757000,576,693,37,220,640,135
1728462926330599000,605,593,0,357,621,66
1728462926331440000,651,517,0,401,593,2
1728462926332281000,722,413,5,493,522,0
1728462926333123000,770,302,89,591,434,0
1728462926333964000,796,196,173,673,349,0
1728462926334806000,772,111,277,732,261,47
1728462926335648000,732,20,391,773,192,140
1728462926336494000,672,0,509,781,111,231
1728462926337335000,592,0,613,760,40,340
1728462926338177000,490,0,681,712,0,481
1728462926339018000,437,42,741,629,0,538
1728462926339859000,314,101,805,525,0,562
1728462926340701000,167,265,844,432,1,698
1728462926341543000,90,277,833,322,64,772
1728462926342385000,23,391,798,229,122,802
1728462926343227000,0,501,719,137,210,797
1728462926344068000,0,593,633,68,306,767
1728462926344909000,0,681,520,10,389,712
1728462926345750000,64,746,406,0,450,624
1728462926346591000,79,784,281,34,541,523
1728462926347432000,160,808,184,0,591,431
1728462926348274000,255,786,90,2,637,306
1728462926349116000,353,789,43,103,654,242
1728462926349963000,484,672,0,202,660,121
1728462926350805000,583,601,0,320,629,50
1728462926351646000,671,493,0,425,567,0
1728462926352487000,738,392,26,523,494,0
1728462926353328000,767,277,119,612,413,0
1728462926354170000,782,172,206,686,322,0
1728462926355012000,779,94,289,747,245,79
1728462926355854000,733,21,416,770,161,146
1728462926356696000,658,0,544,784,77,253
1728462926357537000,565,0,644,757,29,357
1728462926358378000,491,0,730,707,30,448
1728462926359219000,349,0,814,606,0,549
1728462926360060000,375,77,864,531,0,656
1728462926360902000,162,194,842,399,14,727
1728462926361744000,79,302,832,306,73,774
1728462926362586000,4,407,779,218,153,811
1728462926363443000,0,514,697,122,234,797
1728462926364284000,0,610,606,53,330,762
1728462926365125000,0,697,554,0,397,697
1728462926365966000,30,770,453,0,480,613
1728462926366807000,110,797,295,0,549,491
1728462926367649000,186,812,143,0,608,422
1728462926368491000,357,808,41,64,647,193
1728462926369333000,394,854,0,184,687,144
1728462926370175000,546,736,0,266,661,69
1728462926371016000,613,578,0,350,610,34
1728462926371857000,690,463,0,448,542,0
1728462926372698000,754,362,50,546,482,0
1728462926373540000,770,248,133,632,386,0
1728462926374381000,785,154,224,704,303,18
1728462926375223000,764,69,343,746,212,89
1728462926376065000,658,2,463,781,129,178
1728462926376910000,616,0,570,777,64,290
1728462926377752000,540,0,670,737,21,383
1728462926378593000,397,1,751,637,0,523
1728462926379435000,304,106,821,562,0,581
1728462926380276000,217,128,832,460,0,673
1728462926381118000,129,229,856,378,28,740
1728462926381960000,45,327,819,282,89,789
1728462926382801000,0,434,758,192,175,804
1728462926383643000,0,548,670,98,267,795
1728462926384484000,0,640,579,40,338,750
1728462926385325000,0,776,461,0,418,653
1728462926386166000,52,822,352,0,506,565
1728462926387008000,123,775,233,0,617,473
1728462926387850000,226,786,125,10,637,370
1728462926388692000,322,731,47,64,596,261
1728462926389534000,533,706,49,184,626,157
1728462926390378000,583,634,0,340,628,79
1728462926391219000,621,545,0,369,606,14
1728462926392060000,701,442,16,480,538,0
1728462926392901000,757,322,58,570,458,0
1728462926393742000,786,232,151,650,372,0
1728462926394583000,785,130,253,714,282,34
1728462926395425000,757,56,359,760,193,100
1728462926396267000,690,2,483,778,122,205
1728462926397108000,615,0,593,767,48,306
1728462926397949000,520,0,682,727,10,411
1728462926398790000,469,25,724,648,0,559
1728462926399631000,354,81,783,557,0,661
1728462926400472000,240,145,824,468,0,626
1728462926401314000,106,256,842,352,38,754
1728462926402156000,38,356,806,260,109,802
1728462926402998000,0,469,744,159,192,810
1728462926403852000,0,578,655,77,277,790
1728462926404693000,0,661,552,23,356,722
1728462926405534000,74,734,450,0,437,642
1728462926406376000,106,778,324,43,514,557
1728462926407217000,133,797,207,34,577,448
1728462926408058000,228,794,106,25,639,340
1728462926408900000,325,774,13,53,653,274
1728462926409742000,455,739,0,173,663,119
1728462926410584000,554,583,79,284,656,77
1728462926411425000,660,516,0,401,597,5
1728462926412266000,715,405,9,502,514,0
1728462926413108000,773,298,81,591,442,0
1728462926413949000,789,201,178,657,349,0
1728462926414791000,788,105,277,732,255,48
1728462926415633000,732,42,386,778,192,119
1728462926416475000,679,0,497,786,107,224
1728462926417322000,589,0,605,762,42,345
1728462926418163000,498,0,711,714,0,446
1728462926419004000,395,0,788,638,23,538
1728462926419845000,271,53,834,530,0,615
1728462926420687000,226,151,858,434,0,683
1728462926421529000,87,269,834,327,57,770
1728462926422371000,27,383,785,226,136,802
1728462926423213000,0,496,722,149,207,799
1728462926424054000,0,589,628,66,290,767
1728462926424896000,0,681,533,9,378,705
1728462926425737000,10,745,414,0,463,624
1728462926426579000,82,790,338,0,538,532
1728462926427421000,173,806,232,0,600,420
1728462926428263000,277,793,64,37,637,357
1728462926429105000,413,778,0,121,666,189
1728462926429947000,453,699,0,220,665,70
1728462926430796000,585,687,0,346,645,20
1728462926431637000,672,497,0,420,576,0
1728462926432478000,736,382,28,517,503,0
1728462926433319000,783,277,105,616,418,0
1728462926434161000,778,176,196,682,327,2
1728462926435003000,762,82,306,747,244,66
1728462926435845000,724,10,423,775,158,149
1728462926436687000,618,0,541,778,82,261
1728462926437528000,545,0,645,757,23,365
1728462926438369000,466,0,736,718,0,448
1728462926439210000,343,37,786,564,0,576
1728462926440051000,221,133,861,483,0,683
1728462926440893000,149,201,847,383,18,725
1728462926441735000,74,306,835,298,66,788
1728462926442577000,10,418,781,210,138,816
1728462926443418000,0,516,704,126,230,800
1728462926444266000,0,625,610,47,327,764
1728462926445107000,0,693,498,2,402,704
1728462926445948000,34,839,369,0,487,589
1728462926446789000,113,834,265,0,555,501
1728462926447631000,205,786,162,0,640,389
1728462926448473000,297,757,64,64,690,279
1728462926449315000,410,690,5,137,609,178
1728462926450157000,634,648,23,253,615,101
1728462926450998000,625,570,0,345,602,32
1728462926451839000,687,473,0,443,553,0
1728462926452680000,746,363,58,542,480,0
1728462926453521000,782,249,130,630,392,0
1728462926454363000,786,162,228,698,306,29
1728462926455204000,760,73,327,745,229,87
1728462926456046000,700,7,451,764,148,182
1728462926456887000,645,0,567,789,82,277
1728462926457740000,532,0,671,736,14,386
1728462926458581000,418,0,690,676,0,559
1728462926459422000,366,66,761,583,10,625
1728462926460263000,279,155,799,485,1,645
1728462926461104000,139,222,847,376,27,738
1728462926461946000,58,330,818,285,93,788
1728462926462788000,0,436,767,186,168,809
1728462926463630000,0,538,683,109,258,792
1728462926464471000,0,640,570,34,348,752
1728462926465312000,28,708,469,0,412,671
1728462926466154000,117,763,354,0,489,580
1728462926466995000,170,800,238,0,554,470
1728462926467836000,194,800,142,53,616,362
1728462926468678000,258,770,81,117,640,260
1728462926469520000,412,725,0,126,677,201
1728462926470362000,527,710,4,242,648,98
1728462926471215000,631,546,0,373,597,14
1728462926472056000,709,448,0,469,545,0
1728462926472898000,750,330,66,566,453,0
1728462926473740000,779,221,141,657,370,0
1728462926474581000,780,132,248,708,287,26
1728462926475423000,754,53,346,749,202,96
1728462926476265000,693,5,466,788,120,193
1728462926477107000,617,0,586,778,64,301
1728462926477948000,521,0,681,734,5,410
1728462926478789000,433,0,761,687,26,511
1728462926479631000,329,18,826,540,0,608
1728462926480472000,229,129,877,466,0,682
1728462926481314000,113,254,846,358,37,754
1728462926482156000,40,345,811,261,113,792
1728462926482998000,0,466,736,164,193,812
1728462926483839000,0,569,657,82,272,785
1728462926484681000,0,658,552,26,363,726
1728462926485522000,0,733,448,0,441,648
1728462926486363000,66,783,397,0,520,556
1728462926487204000,141,807,271,0,587,454
1728462926488046000,249,804,105,21,642,377
1728462926488888000,372,772,0,90,676,298
1728462926489730000,489,698,0,201,654,75
1728462926490572000,535,720,0,324,652,32
1728462926491413000,642,522,2,399,588,5
1728462926492254000,725,413,13,499,525,0
1728462926493096000,770,301,74,585,437,0
1728462926493937000,794,206,178,660,350,0
1728462926494779000,779,114,284,729,260,46
1728462926495621000,736,34,395,765,173,117
1728462926496463000,642,0,520,786,97,232
1728462926497304000,569,0,612,761,42,335
1728462926498160000,481,0,709,709,0,442
1728462926499001000,350,18,757,581,0,532
1728462926499842000,257,122,833,514,0,653
1728462926500684000,169,178,847,423,2,700
1728462926501526000,89,270,832,325,64,772
1728462926502368000,20,381,796,229,122,799
1728462926503210000,0,500,725,141,202,804
1728462926504051000,0,595,640,64,296,770
1728462926504892000,0,675,539,16,388,716
1728462926505733000,2,815,413,0,461,616
1728462926506575000,81,837,287,0,537,519
1728462926507416000,171,790,192,0,650,418
1728462926508258000,276,789,94,40,656,320
1728462926509100000,370,742,28,101,612,217
1728462926509942000,613,678,34,229,637,117
1728462926510784000,661,589,0,320,602,53
1728462926511635000,663,508,0,424,578,0
1728462926512476000,727,394,32,516,497,0
1728462926513317000,778,279,106,610,417,0
1728462926514159000,784,180,196,682,328,0
1728462926515001000,769,78,305,746,246,64
1728462926515843000,733,18,410,767,183,159
1728462926516685000,655,0,535,768,87,259
1728462926517526000,576,0,594,746,21,354
1728462926518367000,480,0,738,697,0,462
1728462926519208000,394,46,767,602,0,468
1728462926520049000,235,93,813,511,0,594
1728462926520891000,130,303,826,434,34,686
1728462926521733000,66,298,836,298,64,785
1728462926522575000,9,409,784,215,137,802
1728462926523417000,0,525,705,120,234,793
1728462926524258000,0,616,622,53,322,762
1728462926525100000,0,698,498,5,404,696
1728462926525942000,112,756,381,0,474,606
1728462926526783000,154,791,261,0,549,505
1728462926527624000,174,802,164,23,596,395
1728462926528466000,282,783,74,55,649,286
1728462926529308000,381,773,42,121,661,201
1728462926530150000,497,660,0,229,657,105
1728462926530991000,599,576,78,329,645,66
1728462926531832000,690,469,0,441,554,0
1728462926532673000,756,359,47,546,480,0
1728462926533515000,779,254,128,634,394,0
1728462926534357000,779,151,228,695,309,23
1728462926535199000,760,69,332,746,226,84
1728462926536041000,715,10,437,780,139,157
1728462926536882000,633,0,557,778,72,261
1728462926537723000,546,0,655,746,26,380
1728462926538573000,450,0,734,677,0,473
1728462926539414000,474,21,825,606,0,578
1728462926540255000,350,110,884,490,0,677
1728462926541097000,32,218,840,448,8,745
1728462926541939000,49,342,820,281,85,794
1728462926542781000,1,431,762,197,169,802
1728462926543623000,0,546,680,105,258,794
1728462926544464000,0,637,581,34,331,747
1728462926545305000,0,714,472,0,412,669
1728462926546147000,49,776,402,0,506,576
1728462926546988000,121,805,226,0,570,546
1728462926547830000,218,796,121,11,617,402
1728462926548672000,341,779,40,69,670,237
1728462926549514000,461,810,0,192,666,129
1728462926550355000,537,543,0,248,724,52
1728462926551196000,616,489,0,374,645,13
1728462926552045000,699,450,1,470,533,0
1728462926552886000,756,335,64,572,458,0
1728462926553727000,792,226,137,645,383,0
1728462926554568000,781,136,242,706,277,37
1728462926555410000,743,57,361,764,204,102
1728462926556252000,663,0,485,788,111,194
1728462926557093000,614,0,581,772,58,312
1728462926557935000,512,5,681,724,4,417
1728462926558776000,389,18,773,642,0,511
1728462926559617000,298,78,814,558,0,604
1728462926560458000,205,162,948,458,42,704
1728462926561300000,109,242,855,359,43,794
1728462926562142000,37,346,809,261,110,797
1728462926562984000,0,465,747,160,186,818
1728462926563826000,0,576,656,85,267,789
1728462926564667000,0,663,554,21,369,727
1728462926565516000,2,746,449,0,434,648
1728462926566357000,57,754,324,0,576,548
1728462926567198000,149,786,207,0,624,448
1728462926568040000,248,785,119,21,618,346
1728462926568882000,478,741,58,109,619,245
1728462926569724000,549,686,0,177,645,153
1728462926570565000,449,617,0,353,629,116
1728462926571406000,641,525,0,401,586,1
1728462926572247000,720,418,11,501,522,0
1728462926573089000,768,309,82,583,442,0
1728462926573930000,786,202,181,660,349,0
1728462926574772000,779,122,272,725,261,48
1728462926575614000,713,34,383,765,192,120
1728462926576456000,669,0,462,786,104,224
1728462926577297000,598,0,593,756,53,330
1728462926578138000,513,0,690,701,0,437
1728462926578993000,462,36,738,628,0,449
1728462926579834000,270,109,813,549,0,580
1728462926580676000,199,277,853,466,4,689
1728462926581518000,92,265,835,335,58,766
1728462926582359000,21,378,789,237,129,807
1728462926583201000,0,483,727,146,205,812
1728462926584042000,0,590,634,66,289,770
1728462926584884000,0,686,538,14,385,713
1728462926585725000,14,737,417,21,449,633
1728462926586567000,65,779,293,26,533,529
1728462926587408000,154,811,192,4,601,431
1728462926588249000,250,794,98,21,632,324
1728462926589091000,339,779,34,98,657,221
1728462926589932000,469,706,0,202,660,98
1728462926590774000,562,565,74,308,661,66
1728462926591615000,666,498,0,424,576,0
1728462926592485000,736,394,16,513,506,0
1728462926593326000,778,283,101,604,426,0
1728462926594167000,785,178,197,677,322,8
1728462926595009000,773,94,301,743,240,66
1728462926595851000,722,26,436,778,166,145
1728462926596692000,661,0,529,787,87,240
1728462926597533000,576,0,634,754,37,358
1728462926598374000,476,0,730,698,0,461
1728462926599215000,381,0,798,602,0,560
1728462926600056000,245,85,834,514,0,642
1728462926600898000,269,185,907,421,0,732
1728462926601740000,73,293,834,312,73,784
1728462926602582000,13,416,779,210,145,811
1728462926603424000,0,520,709,126,224,796
1728462926604265000,0,618,612,57,322,753
1728462926605106000,0,692,505,5,398,692
1728462926605933000,25,751,427,0,481,609
1728462926606774000,97,793,313,0,554,505
1728462926607615000,194,804,151,0,605,463
1728462926608457000,299,797,74,54,645,320
1728462926609299000,386,708,0,132,654,133
1728462926610141000,506,753,0,269,661,69
1728462926610983000,586,485,0,321,698,20
1728462926611824000,686,474,0,441,552,0
1728462926612665000,744,362,53,547,481,0
1728462926613506000,774,261,128,626,401,0
1728462926614348000,779,149,221,698,310,13
1728462926615190000,772,64,320,751,238,79
1728462926616032000,706,13,448,777,139,180
1728462926616873000,634,0,561,762,64,274
1728462926617715000,544,1,668,730,29,382
1728462926618556000,437,0,741,681,0,485
1728462926619412000,330,82,818,583,0,576
1728462926620254000,206,96,945,477,8,681
1728462926621096000,133,253,922,374,41,749
1728462926621938000,57,325,826,293,87,786
1728462926622780000,0,430,771,192,168,810
1728462926623622000,0,538,682,109,256,795
1728462926624463000,0,641,578,36,338,753
1728462926625304000,0,706,469,0,421,674
1728462926626145000,55,817,351,0,567,578
1728462926626986000,122,782,242,0,594,474
1728462926627828000,217,790,149,18,634,359
1728462926628670000,366,770,58,74,645,272
1728462926629512000,517,709,0,157,651,167
1728462926630354000,451,645,0,331,637,144
1728462926631195000,576,540,5,414,596,40
1728462926632036000,714,450,0,471,542,0
1728462926632876000,757,338,64,576,463,0
1728462926633718000,778,225,145,645,375,0
1728462926634560000,779,133,247,711,288,30
1728462926635402000,750,45,345,751,201,104
1728462926636244000,679,2,469,772,117,188
1728462926637085000,608,0,554,777,66,290
1728462926637926000,517,0,661,724,16,413
1728462926638767000,418,13,761,654,0,520
1728462926639608000,338,76,785,564,0,537
1728462926640449000,197,279,834,471,9,642
1728462926641291000,144,313,837,357,34,743
1728462926642133000,33,354,813,260,101,789
1728462926642975000,0,455,741,167,186,802
1728462926643817000,0,569,658,90,276,787
1728462926644658000,0,658,554,20,361,736
1728462926645499000,9,727,450,0,436,654
1728462926646355000,47,782,326,31,506,557
1728462926647196000,117,813,221,13,579,453
1728462926648038000,240,793,128,50,629,346
1728462926648879000,322,759,42,85,656,252
1728462926649721000,436,758,9,177,658,137
1728462926650562000,546,608,92,277,658,70
1728462926651403000,649,528,66,385,602,5
1728462926652244000,715,425,13,489,520,0
1728462926653086000,762,302,89,590,442,0
1728462926653928000,790,202,168,660,357,0
1728462926654769000,773,114,266,722,269,53
1728462926655611000,750,41,383,764,180,119
1728462926656453000,674,0,509,781,106,209
1728462926657294000,596,0,608,767,52,320
1728462926658135000,501,0,693,721,0,434
1728462926658976000,402,0,770,640,0,530
1728462926659817000,279,37,832,529,0,629
1728462926660658000,303,137,888,451,0,698
1728462926661500000,85,273,832,376,50,767
1728462926662341000,16,370,808,241,122,802
1728462926663183000,0,489,721,145,215,809
1728462926664024000,0,587,634,66,290,775
1728462926664866000,0,667,532,14,378,713
1728462926665707000,10,747,414,0,462,621
1728462926666549000,73,789,347,0,538,527
1728462926667391000,162,801,186,0,593,495
1728462926668233000,266,793,73,33,644,347
1728462926669075000,413,765,0,113,658,168
1728462926669917000,509,779,0,233,659,93
1728462926670759000,587,649,0,298,697,38
