timestamp_nsec,channel_0,channel_1,channel_2,channel_3,channel_4,channel_5
1728462895438286000,0,736,457,0,398,392
1728462895439127000,64,780,343,0,434,290
1728462895439968000,117,808,241,40,454,209
1728462895440810000,224,806,138,101,474,141
1728462895441652000,320,745,0,161,476,154
1728462895442494000,490,736,0,240,444,0
1728462895443335000,596,658,0,312,395,0
1728462895444176000,634,554,0,388,350,0
1728462895445017000,710,433,0,448,290,0
1728462895445858000,760,327,71,500,210,1
1728462895446700000,789,226,157,548,144,42
1728462895447542000,781,137,256,560,98,101
1728462895448383000,743,29,373,566,88,183
1728462895449225000,684,0,476,549,0,266
1728462895450067000,762,304,64,533,363,0
1728462895451751000,796,79,265,637,125,64
1728462895452593000,818,42,405,667,101,146
1728462895453435000,677,0,493,659,53,239
1728462895454276000,596,0,594,625,11,333
1728462895455117000,497,0,693,570,0,423
1728462895455958000,401,13,773,488,0,501
1728462895456800000,306,82,832,414,0,576
1728462895457642000,180,170,847,322,26,623
1728462895458484000,96,265,837,229,84,676
1728462895459326000,23,369,789,149,145,690
1728462895460168000,0,488,704,82,218,690
1728462895461010000,8,581,599,18,289,576
1728462895461851000,0,780,520,0,363,532
1728462895462692000,1,798,415,0,427,469
1728462895463534000,77,784,297,0,488,404
1728462895464376000,162,810,209,4,514,309
1728462895465218000,264,794,100,64,551,224
1728462895466060000,367,771,28,145,565,149
1728462895466902000,474,687,0,235,546,66
1728462895467743000,546,593,0,369,501,17
1728462895468584000,634,503,0,448,442,0
1728462895469425000,716,389,27,465,368,0
1728462895470267000,747,290,101,526,292,0
1728462895471109000,770,250,193,588,224,18
1728462895471951000,749,88,381,642,194,101
1728462895472793000,733,21,369,658,90,202
1728462895473635000,661,0,524,653,39,266
1728462895474476000,576,0,637,617,0,354
1728462895475317000,480,0,725,559,0,436
1728462895476159000,362,29,788,474,0,535
1728462895477000000,256,104,847,383,0,578
1728462895477842000,162,186,847,293,40,634
1728462895478684000,86,282,821,202,70,676
1728462895479375000,10,393,789,136,161,683
1728462895480217000,0,501,708,136,229,690
1728462895481058000,0,598,637,64,308,634
1728462895481899000,0,687,522,21,367,538
1728462895482740000,22,752,397,0,437,474
1728462895483582000,98,791,270,0,489,370
1728462895484424000,178,809,173,25,529,277
1728462895485266000,279,778,79,87,552,199
1728462895486108000,398,743,9,165,561,117
1728462895486950000,504,680,0,251,535,57
1728462895487791000,599,580,0,349,487,0
1728462895488632000,687,562,0,426,430,0
1728462895489474000,736,396,36,502,356,0
1728462895490315000,805,293,89,576,331,0
1728462895491157000,777,82,202,639,269,23
1728462895491999000,779,40,306,631,97,101
1728462895492793000,721,8,436,662,82,183
1728462895493635000,644,0,553,649,41,287
1728462895494476000,555,0,658,607,0,378
1728462895495317000,455,0,739,546,0,457
1728462895496159000,346,46,801,450,0,542
1728462895497000000,220,132,857,345,0,612
1728462895497842000,139,229,853,269,41,657
1728462895498684000,50,322,828,188,116,677
1728462895499526000,1,431,738,107,186,694
1728462895500368000,8,530,661,37,235,601
1728462895501209000,0,750,576,10,334,565
1728462895502050000,0,817,469,10,407,500
1728462895502891000,36,762,370,0,458,455
1728462895503733000,121,794,249,0,506,352
1728462895504575000,221,808,146,34,549,269
1728462895505417000,314,784,68,113,553,178
1728462895506231000,420,728,5,192,554,92
1728462895507073000,493,648,1,329,526,64
1728462895507914000,594,550,0,389,477,0
1728462895508755000,676,458,0,432,415,0
1728462895509597000,757,346,55,512,343,0
1728462895510438000,775,257,136,567,258,0
1728462895511280000,783,149,335,624,224,58
1728462895512122000,741,45,266,650,133,216
1728462895512964000,698,1,462,658,69,216
1728462895513805000,623,0,580,634,17,320
1728462895514646000,535,0,676,593,0,397
1728462895515487000,434,2,760,513,0,476
1728462895516329000,312,56,823,440,0,561
1728462895517171000,210,125,834,337,9,612
1728462895518013000,122,239,853,248,31,665
1728462895518855000,50,353,820,180,121,690
1728462895519681000,0,462,760,97,197,673
1728462895520522000,0,562,696,98,277,680
1728462895521363000,0,637,609,57,338,594
1728462895522204000,0,722,448,0,405,505
1728462895523046000,64,782,343,0,471,431
1728462895523888000,145,802,225,1,509,329
1728462895524730000,235,810,117,53,546,245
1728462895525572000,341,767,54,130,557,162
1728462895526414000,448,706,0,208,547,79
1728462895527255000,565,626,0,299,511,23
1728462895528096000,641,529,0,377,457,0
1728462895528937000,714,455,11,466,385,0
1728462895529779000,764,351,65,538,325,0
1728462895530621000,764,109,162,590,327,2
1728462895531463000,809,55,237,650,226,58
1728462895532305000,837,17,400,665,67,149
1728462895533154000,682,0,493,656,56,234
1728462895533995000,597,0,607,630,8,322
1728462895534836000,501,0,699,576,0,417
1728462895535677000,404,16,776,498,0,506
1728462895536518000,290,71,825,418,0,576
1728462895537359000,188,164,834,293,32,629
1728462895538200000,107,274,841,224,73,674
1728462895539042000,18,373,802,160,146,683
1728462895539884000,0,484,751,82,224,680
1728462895540726000,0,570,538,10,288,730
1728462895541567000,0,671,469,0,383,628
1728462895542408000,68,760,381,0,421,406
1728462895543250000,79,794,303,0,476,402
1728462895544092000,158,813,206,20,520,308
1728462895544934000,265,793,106,69,554,220
1728462895545776000,370,761,20,142,565,146
1728462895546633000,487,704,0,224,539,79
1728462895547474000,660,599,3,322,490,9
1728462895548315000,706,510,0,405,437,0
1728462895549156000,706,394,34,517,373,0
1728462895549998000,746,274,93,578,293,0
1728462895550840000,725,183,178,545,221,11
1728462895551682000,738,154,314,619,158,78
1728462895552524000,712,20,500,665,106,162
1728462895553366000,666,0,523,661,50,259
1728462895554207000,576,0,629,619,1,351
1728462895555048000,484,0,723,565,0,437
1728462895555890000,370,30,795,470,0,522
1728462895556731000,266,100,839,381,0,589
1728462895557573000,162,201,858,300,37,644
1728462895558415000,74,290,837,201,96,669
1728462895559257000,10,394,777,139,165,678
1728462895560100000,0,482,705,75,209,661
1728462895560941000,82,584,656,25,277,617
1728462895561782000,57,681,527,0,357,548
1728462895562623000,0,753,377,18,429,477
1728462895563464000,106,792,270,0,501,379
1728462895564306000,197,813,173,21,543,289
1728462895565148000,286,788,82,89,546,196
1728462895565990000,397,748,13,167,559,122
1728462895566832000,495,673,2,257,537,56
1728462895567673000,591,576,0,345,489,64
1728462895568514000,679,490,0,426,433,69
1728462895569355000,746,372,34,496,363,18
1728462895570197000,810,268,79,564,271,0
1728462895571039000,801,277,199,658,226,0
1728462895571881000,778,13,324,634,226,94
1728462895572723000,718,10,431,663,93,194
1728462895573572000,648,0,551,645,29,291
1728462895574413000,555,0,655,600,0,381
1728462895575254000,455,0,740,542,0,450
1728462895576096000,343,50,805,454,0,536
1728462895576937000,238,109,841,370,0,598
1728462895577779000,141,208,855,279,49,656
1728462895578621000,58,320,826,184,98,690
1728462895579463000,2,433,770,112,169,686
1728462895580305000,0,540,794,50,306,674
1728462895581146000,0,662,661,10,338,609
1728462895581987000,0,704,541,0,367,618
1728462895582829000,41,767,372,0,459,450
1728462895583671000,121,792,249,0,503,359
1728462895584513000,213,810,149,31,529,266
1728462895585355000,312,777,71,107,558,181
1728462895586197000,426,724,0,193,555,101
1728462895587045000,524,637,0,277,539,41
1728462895587886000,618,544,0,360,461,0
1728462895588727000,762,437,0,437,399,0
1728462895589569000,797,341,53,520,333,0
1728462895590411000,650,217,125,653,250,26
1728462895591253000,732,132,242,678,202,34
1728462895592095000,725,50,322,615,130,151
1728462895592937000,702,0,466,661,64,212
1728462895593778000,621,0,576,637,23,297
1728462895594619000,526,0,668,587,0,389
1728462895595460000,424,4,757,522,0,485
1728462895596301000,322,58,815,436,0,553
1728462895597142000,229,154,824,324,21,617
1728462895597984000,125,241,847,248,53,658
1728462895598826000,53,348,804,180,130,674
1728462895599668000,0,424,747,101,201,682
1728462895600516000,0,509,657,28,297,645
1728462895601357000,0,618,550,0,289,580
1728462895602198000,122,708,466,0,370,506
1728462895603040000,64,779,338,0,459,418
1728462895603882000,142,811,233,7,516,325
1728462895604723000,233,799,127,50,545,241
1728462895605565000,343,774,47,125,562,164
1728462895606407000,448,704,0,216,546,77
1728462895607248000,549,631,66,298,517,28
1728462895608089000,632,537,42,383,466,0
1728462895608931000,704,422,41,470,395,7
1728462895609773000,770,320,52,535,327,34
1728462895610614000,794,218,111,583,267,69
1728462895611456000,794,125,226,628,165,10
1728462895612298000,765,133,356,680,130,107
1728462895613140000,682,0,500,663,62,235
1728462895613996000,596,0,596,638,10,330
1728462895614837000,504,0,687,568,0,421
1728462895615678000,405,18,783,493,0,499
1728462895616520000,287,80,822,409,0,565
1728462895617362000,193,165,839,320,9,642
1728462895618204000,85,257,850,226,66,674
1728462895619046000,7,377,797,149,139,685
1728462895619888000,0,489,736,74,210,677
1728462895620730000,0,576,756,13,325,650
1728462895621571000,0,700,626,0,383,578
1728462895622412000,0,757,482,0,413,535
1728462895623254000,78,784,309,0,487,402
1728462895624095000,170,806,198,10,530,311
1728462895624937000,261,798,106,73,547,220
1728462895625779000,363,757,36,145,555,139
1728462895626621000,471,692,0,237,543,67
1728462895627509000,576,576,0,332,540,15
1728462895628350000,660,488,0,399,431,0
1728462895629192000,736,386,25,482,370,0
1728462895630033000,818,284,90,551,292,0
1728462895630875000,793,175,161,691,215,36
1728462895631717000,711,85,314,690,151,76
1728462895632559000,707,33,395,628,110,205
1728462895633401000,666,0,516,658,39,250
1728462895634242000,583,0,624,619,0,344
1728462895635083000,484,0,710,554,0,433
1728462895635924000,369,26,789,480,0,516
1728462895636765000,256,92,837,392,0,578
1728462895637607000,174,193,827,293,40,641
1728462895638449000,87,290,818,217,85,661
1728462895639291000,11,396,789,139,158,677
1728462895640133000,0,463,702,75,261,662
1728462895640935000,0,532,599,39,362,602
1728462895641776000,11,642,497,0,306,549
1728462895642617000,34,715,404,0,381,480
1728462895643459000,97,800,274,0,491,380
1728462895644301000,178,821,180,19,530,289
1728462895645143000,298,786,82,89,563,201
1728462895645985000,394,746,8,160,555,124
1728462895646827000,505,677,0,253,532,64
1728462895647668000,591,602,0,338,488,0
1728462895648509000,675,485,0,414,421,0
1728462895649350000,736,380,84,498,357,0
1728462895650191000,777,258,165,562,290,0
1728462895651033000,788,146,121,610,218,122
1728462895651875000,818,95,279,641,121,29
1728462895652717000,711,96,429,666,71,159
1728462895653558000,639,0,554,645,29,279
1728462895654414000,548,0,653,602,0,378
1728462895655255000,450,0,744,548,0,466
1728462895656096000,346,34,799,458,0,538
1728462895656937000,253,119,842,361,5,604
1728462895657779000,149,213,858,277,33,653
1728462895658621000,64,321,835,196,110,672
1728462895659463000,0,424,786,125,179,690
1728462895660305000,0,520,693,44,247,648
1728462895661146000,0,626,567,0,322,616
1728462895661987000,0,738,498,0,392,563
1728462895662828000,41,773,368,0,452,448
1728462895663670000,118,807,250,0,504,350
1728462895664512000,206,806,157,36,535,264
1728462895665354000,308,776,58,106,559,178
1728462895666196000,426,738,2,181,552,113
1728462895667037000,526,650,0,274,520,21
1728462895667883000,624,632,0,363,480,0
1728462895668724000,693,517,0,448,413,0
1728462895669566000,760,327,52,520,383,0
1728462895670407000,762,151,113,586,320,0
1728462895671249000,786,105,218,601,133,54
1728462895672091000,855,47,400,665,90,122
1728462895672933000,693,2,463,666,69,212
1728462895673774000,619,0,577,644,21,306
1728462895674615000,522,0,670,599,0,394
1728462895675456000,431,0,756,530,0,477
1728462895676297000,320,64,818,432,0,561
1728462895677138000,222,149,849,321,0,623
1728462895677980000,125,233,844,254,64,651
1728462895678822000,55,346,818,173,137,693
1728462895679664000,0,456,752,90,202,685
1728462895680506000,26,560,633,32,253,576
1728462895681358000,0,770,554,11,349,546
1728462895682199000,0,788,450,2,397,465
1728462895683040000,53,791,343,0,471,434
1728462895683882000,133,810,230,0,514,334
1728462895684723000,234,802,129,53,544,246
1728462895685565000,337,770,52,124,554,164
1728462895686407000,453,714,0,203,546,79
1728462895687249000,612,638,0,350,506,23
1728462895688090000,610,537,0,420,458,0
1728462895688931000,692,423,9,495,393,0
1728462895689773000,757,320,64,516,329,0
1728462895690614000,747,258,178,562,233,10
1728462895691456000,754,98,373,628,203,82
1728462895692298000,736,64,444,659,104,181
1728462895693140000,682,0,485,661,56,239
1728462895693981000,605,0,591,628,10,327
1728462895694822000,512,0,693,570,0,421
1728462895695663000,400,10,772,501,0,490
1728462895696504000,290,77,826,420,0,568
1728462895697346000,194,162,850,320,17,612
1728462895698188000,101,250,836,245,74,658
1728462895699030000,36,357,799,161,141,691
1728462895699872000,0,462,742,87,203,678
1728462895700713000,0,576,629,103,284,666
1728462895701554000,0,656,539,64,353,617
1728462895702395000,0,719,434,18,416,469
1728462895703237000,74,789,311,0,482,407
1728462895704079000,165,808,202,4,520,314
1728462895704921000,265,802,112,64,544,217
1728462895705763000,368,757,34,137,565,145
1728462895706605000,474,687,0,237,549,68
1728462895707446000,576,616,0,308,514,69
1728462895708296000,656,514,0,393,444,0
1728462895709137000,727,403,7,476,378,0
1728462895709979000,770,365,87,548,309,0
1728462895710821000,802,242,177,585,308,5
1728462895711663000,781,45,276,666,207,77
1728462895712505000,762,18,412,672,55,158
1728462895713347000,669,0,522,656,37,257
1728462895714188000,576,0,622,624,5,345
1728462895715029000,480,0,715,560,0,434
1728462895715870000,370,21,791,482,0,512
1728462895716712000,279,89,832,397,1,586
1728462895717554000,154,192,856,280,18,655
1728462895718396000,82,293,839,201,79,673
1728462895719238000,0,393,797,146,162,688
1728462895720080000,0,500,688,69,231,680
1728462895720921000,0,590,562,10,330,679
1728462895721768000,14,706,480,0,393,610
1728462895722610000,46,752,368,0,424,410
1728462895723452000,90,799,285,0,491,377
1728462895724294000,180,802,186,21,527,289
1728462895725136000,285,793,82,84,554,207
1728462895725978000,390,752,11,154,559,130
1728462895726820000,501,676,0,250,530,49
1728462895727661000,689,581,0,337,480,1
1728462895728502000,721,483,0,420,420,0
1728462895729343000,711,367,38,535,357,0
1728462895730184000,766,269,113,585,289,0
1728462895731026000,752,173,188,555,207,26
1728462895731868000,746,119,330,636,136,85
1728462895732710000,712,17,533,656,124,202
1728462895733551000,641,0,547,653,34,282
1728462895734392000,555,0,641,617,0,363
1728462895735293000,456,0,736,542,0,455
1728462895736135000,346,37,809,457,0,532
1728462895736976000,245,116,847,364,0,597
1728462895737818000,138,213,841,285,39,645
1728462895738660000,68,312,821,189,113,676
1728462895739502000,0,420,771,132,178,688
1728462895740344000,0,512,693,47,215,669
1728462895741185000,122,608,642,18,290,599
1728462895742026000,105,696,529,0,357,546
1728462895742868000,105,765,375,0,448,461
1728462895743709000,110,802,260,0,507,357
1728462895744551000,209,810,149,36,538,266
1728462895745393000,320,785,66,105,555,184
1728462895746235000,427,733,5,181,557,98
1728462895747076000,517,653,0,277,526,42
1728462895747917000,612,564,21,362,482,0
1728462895748718000,698,452,34,441,414,0
1728462895749559000,757,347,38,514,350,10
1728462895750401000,786,242,96,564,267,37
1728462895751243000,785,146,210,615,181,0
1728462895752085000,791,136,337,680,136,90
1728462895752927000,704,0,458,670,94,212
1728462895753768000,625,0,564,636,22,303
1728462895754609000,535,0,674,587,0,393
1728462895755450000,432,0,754,520,0,480
1728462895756291000,320,55,811,440,0,553
1728462895757132000,213,138,847,341,0,601
1728462895757974000,105,234,850,258,66,660
1728462895758816000,26,345,799,158,125,697
1728462895759658000,0,452,756,106,192,677
1728462895760500000,0,542,778,42,292,658
1728462895761341000,0,677,650,1,370,596
1728462895762195000,0,762,527,0,418,507
1728462895763037000,64,779,338,0,477,434
1728462895763879000,142,812,233,0,509,341
1728462895764721000,234,802,133,46,535,241
1728462895765563000,340,776,53,121,568,169
1728462895766405000,448,707,0,210,546,85
1728462895767246000,541,624,0,286,543,30
1728462895768087000,625,520,0,377,448,0
1728462895768928000,709,420,2,455,378,0
1728462895769770000,799,329,77,534,320,0
1728462895770611000,728,196,137,666,232,30
1728462895771453000,724,107,277,674,170,55
1728462895772295000,711,85,365,628,107,165
1728462895773137000,687,0,483,660,56,226
1728462895773978000,602,0,591,633,13,327
1728462895774819000,504,0,697,578,0,418
1728462895776357000,395,5,775,509,0,490
1728462895777198000,298,69,827,417,0,567
1728462895778040000,192,158,821,312,17,629
1728462895778882000,106,260,835,237,66,658
1728462895779724000,30,361,807,165,146,694
1728462895780566000,0,473,725,90,218,679
1728462895781407000,21,538,634,26,217,634
1728462895782248000,0,636,544,0,306,586
1728462895783089000,137,746,490,5,381,504
1728462895783931000,71,794,306,0,484,402
1728462895784773000,154,805,207,9,522,306
1728462895785615000,260,804,105,64,553,226
1728462895786457000,363,765,33,138,553,153
1728462895787299000,485,690,0,232,545,66
1728462895788140000,560,610,72,313,505,11
1728462895788981000,647,511,38,407,448,0
1728462895789142000,727,397,45,481,385,39
1728462895789984000,772,298,79,543,310,18
1728462895790826000,841,205,146,604,218,0
1728462895791668000,765,213,269,672,174,37
1728462895792510000,712,0,394,650,188,155
1728462895793352000,658,0,514,662,45,263
1728462895794193000,580,0,613,613,4,350
1728462895795034000,485,0,709,554,0,437
1728462895795875000,375,27,786,473,0,517
1728462895796716000,274,106,836,389,0,588
1728462895797558000,171,198,850,299,26,645
1728462895798400000,82,273,835,220,79,665
1728462895799242000,16,397,784,146,162,690
1728462895800084000,0,517,723,72,221,672
1728462895800925000,0,587,709,5,325,619
1728462895801766000,0,702,610,0,416,583
1728462895802614000,34,772,448,0,427,474
1728462895803456000,98,791,286,0,501,386
1728462895804297000,188,810,192,21,527,290
1728462895805139000,287,794,87,81,549,206
1728462895805981000,386,750,30,165,555,122
1728462895806823000,490,670,0,257,535,58
1728462895807664000,594,551,0,343,549,1
1728462895808505000,680,463,0,420,471,0
1728462895809347000,741,354,32,495,348,0
1728462895810188000,839,262,109,568,274,0
1728462895811030000,846,160,201,608,194,34
1728462895811872000,727,74,330,692,149,97
1728462895812714000,711,37,437,629,71,218
1728462895813556000,651,0,546,650,32,276
1728462895814397000,555,0,645,608,0,361
1728462895815238000,460,0,736,540,0,450
1728462895816083000,354,46,804,453,0,533
1728462895816924000,240,111,839,367,0,596
1728462895817766000,150,213,832,269,53,655
1728462895818608000,72,320,820,178,98,668
1728462895819450000,18,427,769,125,181,677
1728462895820292000,0,511,695,60,265,671
1728462895821133000,0,538,590,14,389,600
1728462895821974000,0,644,490,4,436,528
1728462895822815000,69,737,366,0,417,445
1728462895823657000,119,810,261,0,500,370
1728462895824499000,206,805,157,37,539,261
1728462895825341000,313,778,69,102,565,181
1728462895826183000,424,736,5,192,559,106
1728462895827024000,520,658,0,266,527,42
1728462895827864000,597,560,0,343,481,2
1728462895828705000,680,456,0,421,409,0
1728462895829553000,746,352,50,513,335,0
1728462895830394000,779,242,194,576,273,0
1728462895831236000,767,162,301,634,203,43
1728462895832078000,746,45,266,658,151,204
1728462895832920000,715,11,439,650,66,165
1728462895833762000,628,0,567,640,16,303
1728462895834603000,533,0,668,592,0,392
1728462895835444000,429,1,752,519,0,467
1728462895836286000,325,53,814,437,0,554
1728462895837127000,215,137,844,347,5,610
1728462895837969000,130,225,843,250,49,661
1728462895838811000,42,324,834,178,109,681
1728462895839653000,0,442,757,111,197,684
1728462895840495000,0,555,672,4,282,649
1728462895841336000,0,645,566,0,346,629
1728462895842177000,0,762,480,0,388,535
1728462895843026000,34,782,341,0,463,424
1728462895843868000,130,806,232,0,508,338
1728462895844710000,233,803,127,56,544,241
1728462895845552000,337,775,43,116,561,170
1728462895846394000,453,719,0,202,549,85
1728462895847235000,538,642,0,301,517,29
1728462895848076000,634,600,0,385,466,0
1728462895848917000,709,423,5,458,453,0
1728462895849759000,757,308,71,528,341,0
1728462895850600000,799,198,157,578,186,13
1728462895851442000,909,116,308,648,146,57
1728462895852284000,637,30,361,739,107,186
1728462895853126000,681,0,490,676,57,234
1728462895853967000,608,0,591,628,17,330
1728462895854808000,512,0,704,576,0,415
1728462895855649000,414,13,770,500,0,498
1728462895856497000,303,85,825,417,0,579
1728462895857339000,200,159,847,312,26,629
1728462895858181000,110,257,832,234,75,665
1728462895859023000,47,370,789,160,138,687
1728462895859865000,0,479,744,89,201,661
1728462895860706000,0,689,633,64,309,597
1728462895861547000,0,757,533,10,360,548
1728462895862388000,0,660,418,0,495,462
1728462895863230000,82,785,306,0,499,409
1728462895864072000,160,811,209,5,520,320
1728462895864914000,258,799,111,64,545,224
1728462895865756000,359,773,42,141,559,139
1728462895866598000,476,696,0,226,545,72
1728462895867439000,542,610,0,349,501,26
1728462895868280000,640,513,0,383,453,0
1728462895869122000,708,404,18,459,372,0
1728462895870126000,765,293,90,551,299,0
1728462895870967000,761,192,178,588,237,2
1728462895871809000,752,116,366,637,202,92
1728462895872651000,736,28,312,656,105,253
1728462895873493000,670,0,517,653,40,258
1728462895874334000,595,0,626,622,8,354
1728462895875175000,486,0,720,562,0,434
1728462895876016000,372,21,789,489,0,506
1728462895876857000,266,93,842,394,0,589
1728462895877699000,154,135,841,305,32,629
1728462895878541000,82,282,837,214,69,683
1728462895879383000,29,378,793,146,158,678
1728462895880225000,0,500,699,78,228,681
1728462895881066000,0,591,637,81,290,676
1728462895881907000,0,670,526,27,362,608
1728462895882748000,0,758,400,0,430,458
1728462895883447000,94,800,279,0,489,389
1728462895884289000,184,805,178,17,521,279
1728462895885131000,286,791,92,82,560,207
1728462895885973000,388,742,14,170,557,120
1728462895886815000,498,673,0,244,541,55
1728462895887656000,594,583,0,334,495,50
1728462895888497000,677,482,0,415,426,0
1728462895889339000,742,382,23,498,356,0
1728462895890180000,775,313,114,564,290,0
1728462895891022000,786,210,203,610,285,9
1728462895891864000,788,25,306,670,186,94
1728462895892706000,706,0,448,662,42,192
1728462895893547000,654,0,552,654,30,274
1728462895894388000,555,0,640,608,0,367
1728462895895229000,454,1,733,540,0,455
1728462895896070000,348,37,809,461,0,530
1728462895896915000,245,110,837,370,0,597
1728462895897757000,130,212,851,261,29,657
1728462895898599000,78,322,835,202,97,673
1728462895899441000,0,421,779,128,181,687
1728462895900283000,0,533,691,52,242,672
1728462895901124000,0,609,485,4,320,696
1728462895901965000,0,674,410,0,412,605
1728462895902807000,106,789,328,0,449,378
1728462895903649000,117,805,263,0,500,362
1728462895904491000,205,806,170,34,537,270
1728462895905333000,309,783,66,104,558,194
1728462895906175000,416,736,10,182,553,110
1728462895907016000,530,654,0,277,535,40
1728462895907857000,703,559,0,360,458,0
1728462895908698000,750,455,0,448,406,0
1728462895909540000,719,335,56,552,342,0
1728462895910396000,765,234,122,604,269,0
1728462895911238000,750,154,221,581,193,77
1728462895912080000,751,101,320,640,135,96
1728462895912922000,693,1,558,650,96,234
1728462895913763000,613,0,565,644,16,294
1728462895914604000,533,0,656,591,0,375
1728462895915445000,429,0,754,522,0,470
1728462895916287000,327,58,814,434,0,554
1728462895917128000,225,132,849,348,0,602
1728462895917970000,122,242,838,260,66,656
1728462895918812000,42,338,818,174,122,677
1728462895919654000,9,451,743,99,199,677
1728462895920496000,0,537,668,31,234,651
1728462895921337000,98,632,604,5,296,583
1728462895922178000,84,725,513,0,381,511
1728462895923020000,0,765,322,53,459,441
1728462895923860000,130,802,233,0,510,338
1728462895924702000,232,805,130,52,549,250
1728462895925544000,338,775,53,114,554,170
1728462895926386000,442,719,0,205,552,82
1728462895927227000,540,636,0,298,517,36
1728462895928068000,633,533,32,378,467,0
1728462895928909000,714,442,0,457,413,50
1728462895929751000,758,320,64,532,320,0
1728462895930592000,797,211,128,580,248,0
1728462895931434000,757,229,251,665,192,26
1728462895932276000,721,0,345,645,194,128
1728462895933118000,688,0,462,662,85,217
1728462895933959000,612,0,595,626,14,326
1728462895934800000,507,0,690,571,0,414
1728462895935641000,411,18,767,508,0,490
1728462895936483000,290,79,832,413,0,564
1728462895937338000,185,154,852,326,15,623
1728462895938180000,94,253,846,229,68,672
1728462895939022000,26,381,814,151,141,698
1728462895939864000,0,477,739,92,209,671
1728462895940706000,0,578,723,34,320,642
1728462895941547000,0,687,609,0,354,576
1728462895942388000,13,730,338,0,410,605
1728462895943229000,78,793,299,0,482,437
1728462895944071000,161,812,210,8,514,304
1728462895944913000,256,799,113,64,553,224
1728462895945755000,357,758,39,145,560,144
1728462895946597000,470,704,0,217,546,73
1728462895947438000,569,608,0,313,496,18
1728462895948279000,656,488,0,393,434,0
1728462895949120000,832,399,23,477,362,0
1728462895949962000,802,289,90,545,302,0
1728462895950816000,682,185,169,668,225,50
1728462895951658000,738,100,264,569,156,70
1728462895952500000,699,66,420,637,81,188
1728462895953342000,671,0,512,656,39,249
1728462895954183000,580,0,622,618,5,346
1728462895955024000,482,0,711,565,0,421
1728462895955866000,382,18,791,489,0,508
1728462895956707000,267,84,833,395,0,576
1728462895957549000,182,186,851,297,26,639
1728462895958391000,92,285,835,220,82,658
1728462895959233000,23,391,785,146,156,682
1728462895960075000,0,488,718,79,233,680
1728462895960916000,0,516,612,37,368,612
1728462895961757000,0,632,495,0,414,543
1728462895962598000,26,723,401,0,363,469
1728462895963440000,101,796,286,0,488,381
1728462895964279000,174,810,192,18,528,294
1728462895965121000,285,791,85,82,554,213
1728462895965963000,394,746,13,157,570,126
1728462895966804000,506,683,0,242,542,64
1728462895967645000,579,593,0,337,485,1
1728462895968486000,665,493,0,423,437,0
1728462895969328000,730,381,106,493,370,0
1728462895970169000,776,266,117,562,286,0
1728462895971011000,772,151,125,600,229,93
1728462895971853000,777,82,274,645,133,25
1728462895972695000,746,101,410,688,86,136
1728462895973537000,649,0,542,661,34,272
1728462895974378000,562,0,639,610,0,372
1728462895975219000,459,0,741,548,0,459
1728462895976060000,356,41,793,460,0,536
1728462895976901000,250,114,841,363,0,594
1728462895977750000,151,205,862,280,43,658
1728462895978592000,43,305,832,205,110,681
1728462895979434000,0,426,770,109,186,690
1728462895980276000,0,529,704,52,242,668
1728462895981117000,0,640,596,0,320,601
1728462895981958000,0,697,597,0,412,560
1728462895982800000,29,797,449,0,480,458
1728462895983642000,106,794,252,0,498,357
1728462895984484000,207,808,153,37,541,271
1728462895985326000,309,786,78,98,554,186
1728462895986168000,410,734,4,181,549,98
1728462895987010000,516,661,0,273,529,55
1728462895987851000,613,525,0,361,529,0
1728462895988692000,698,437,0,443,450,0
1728462895989534000,749,338,49,509,333,0
1728462895990376000,819,241,130,576,256,0
1728462895991230000,843,123,218,617,165,42
1728462895992072000,695,52,366,695,130,117
1728462895992914000,661,10,448,618,75,232
1728462895993755000,634,0,562,639,26,297
1728462895994596000,541,0,664,596,0,388
1728462895995437000,442,1,757,532,0,469
1728462895996279000,324,58,813,438,0,552
1728462895997121000,217,136,842,343,5,610
1728462895997963000,133,242,833,253,58,663
1728462895998805000,56,337,821,180,105,670
1728462895999647000,0,455,763,107,195,681
1728462896000489000,0,521,670,42,269,645
1728462896001330000,0,578,569,26,377,581
1728462896002171000,18,674,480,0,322,509
1728462896003013000,42,748,349,0,410,433
1728462896003854000,134,804,234,0,504,331
1728462896004699000,234,811,138,47,554,241
1728462896005541000,327,773,53,122,558,168
1728462896006383000,442,716,0,206,558,89
1728462896007224000,549,634,10,293,522,36
1728462896008065000,633,542,0,377,465,0
1728462896008906000,706,440,7,459,394,0
1728462896009747000,754,325,111,529,329,0
1728462896010588000,779,217,177,589,250,23
1728462896011430000,804,128,189,639,211,116
1728462896012272000,767,33,334,653,109,87
1728462896013114000,708,78,488,682,58,206
1728462896013955000,604,0,599,633,14,330
1728462896014796000,513,0,693,578,0,410
1728462896015637000,415,13,767,505,0,490
1728462896016479000,292,77,821,412,0,566
1728462896017320000,200,158,853,327,16,629
1728462896018184000,114,265,855,237,66,657
1728462896019026000,10,356,810,164,134,690
1728462896019868000,0,461,738,82,213,677
1728462896020710000,0,578,648,5,290,651
1728462896021551000,0,714,559,0,346,595
1728462896022392000,2,778,424,0,413,475
1728462896023234000,65,795,383,0,489,409
1728462896024076000,148,811,212,9,517,314
1728462896024918000,252,804,109,64,554,229
1728462896025760000,364,762,34,133,558,154
1728462896026602000,465,696,0,224,533,69
1728462896027443000,560,613,0,320,507,9
1728462896028284000,651,576,0,395,482,0
1728462896029125000,717,377,23,478,426,0
1728462896029967000,769,274,77,549,322,0
1728462896030808000,789,173,174,597,189,17
1728462896031643000,871,93,330,647,138,72
1728462896032485000,639,32,377,737,90,180
1728462896033326000,655,0,505,689,45,253
1728462896034167000,583,0,617,628,5,345
1728462896035008000,485,0,711,558,0,430
1728462896035850000,386,33,786,480,0,517
1728462896036691000,276,93,834,397,0,576
1728462896037533000,175,181,850,305,30,629
1728462896038375000,65,289,843,218,85,681
1728462896039216000,0,389,779,133,162,685
1728462896040058000,0,501,727,75,226,658
1728462896040899000,0,698,602,32,308,576
1728462896041740000,0,794,506,18,382,532
1728462896042581000,49,818,394,0,442,453
1728462896043423000,90,794,282,0,506,394
1728462896044265000,180,812,178,20,530,295
1728462896045115000,281,796,93,82,546,202
1728462896045957000,383,751,20,154,560,117
1728462896046799000,497,686,0,248,538,65
1728462896047640000,581,585,0,362,491,8
1728462896048481000,662,485,0,406,448,0
1728462896049322000,722,381,32,482,358,0
1728462896050163000,770,272,104,557,287,0
1728462896051005000,782,151,285,598,249,41
1728462896051847000,765,69,212,639,133,207
1728462896052689000,748,33,372,643,87,241
1728462896053531000,658,0,540,647,41,276
1728462896054372000,563,0,645,610,0,368
1728462896055213000,466,0,736,553,0,448
1728462896056054000,352,37,802,462,0,523
1728462896056895000,245,114,843,373,0,601
1728462896057737000,151,197,826,287,43,653
1728462896058594000,77,290,832,196,93,674
1728462896059436000,4,417,782,129,169,696
1728462896060278000,0,522,704,69,241,669
1728462896061119000,0,616,590,0,320,584
1728462896061960000,0,706,481,0,373,555
1728462896062802000,14,818,410,0,432,463
1728462896063644000,117,801,261,0,500,361
1728462896064485000,207,812,157,30,542,261
1728462896065327000,294,781,77,101,554,181
1728462896066169000,417,736,2,175,562,106
1728462896067011000,517,660,0,261,525,50
1728462896067852000,613,685,0,357,476,0
1728462896068693000,697,538,0,435,415,0
1728462896069535000,752,393,47,509,359,0
1728462896070376000,774,234,137,579,302,0
1728462896071218000,804,111,226,624,129,41
1728462896072062000,885,58,378,665,101,113
1728462896072904000,767,0,437,736,50,222
1728462896073745000,624,0,570,639,26,302
1728462896074586000,545,0,661,599,0,388
1728462896075427000,444,0,752,530,0,474
1728462896076268000,328,53,808,441,0,548
1728462896077110000,225,137,849,340,1,615
1728462896077952000,106,237,858,250,64,657
1728462896078794000,37,335,820,189,125,682
1728462896079636000,5,450,738,110,201,683
1728462896080478000,0,554,674,43,274,647
1728462896081319000,0,752,548,18,354,546
1728462896082160000,0,835,442,26,423,482
1728462896083002000,98,840,336,0,455,397
1728462896083844000,133,802,229,0,510,340
1728462896084686000,226,818,130,42,550,261
1728462896085533000,328,773,50,107,555,175
1728462896086375000,436,719,0,199,549,79
1728462896087216000,535,629,0,299,522,34
1728462896088057000,599,533,0,409,459,0
1728462896088899000,686,426,9,450,405,0
1728462896089741000,749,328,64,523,325,0
1728462896090583000,788,224,153,590,250,0
1728462896091425000,767,129,346,611,225,73
1728462896092267000,744,37,242,649,107,234
1728462896093109000,698,1,413,651,79,279
1728462896093950000,610,0,599,631,9,325
1728462896094791000,517,0,687,576,0,413
1728462896095632000,414,20,773,504,0,497
1728462896096474000,297,71,811,416,0,558
1728462896097316000,194,156,849,325,13,624
1728462896098158000,106,235,837,239,50,671
1728462896099011000,37,369,812,157,117,686
1728462896099853000,0,482,738,90,213,673
1728462896100695000,0,580,659,40,280,658
1728462896101536000,0,657,597,46,338,597
1728462896102377000,0,731,441,0,421,488
1728462896103219000,41,794,303,0,484,424
1728462896104061000,157,809,212,6,511,311
1728462896104903000,258,799,117,66,552,224
1728462896105744000,353,762,36,138,557,152
1728462896106586000,469,687,0,233,546,66
1728462896107427000,576,611,0,313,522,21
1728462896108268000,657,516,0,390,448,0
1728462896109109000,722,473,17,487,378,0
1728462896109951000,772,338,88,546,313,0
1728462896110793000,789,233,186,601,266,10
1728462896111634000,794,26,267,666,207,68
1728462896112481000,713,0,393,653,53,159
1728462896113323000,740,0,514,654,23,250
1728462896114164000,581,0,618,629,5,338
1728462896115005000,485,0,709,558,0,419
1728462896115847000,378,23,789,482,0,512
1728462896116688000,274,90,832,401,0,580
1728462896117530000,177,189,855,299,26,645
1728462896118372000,93,287,833,224,82,669
1728462896119214000,14,389,799,141,157,694
1728462896120056000,0,494,718,85,237,672
1728462896120897000,0,610,577,9,314,676
1728462896121738000,57,708,477,0,369,476
1728462896122579000,18,849,386,10,431,432
1728462896123421000,90,842,293,0,495,383
1728462896124263000,170,810,192,20,522,296
1728462896125105000,273,783,87,87,555,205
1728462896125959000,385,745,21,153,554,132
1728462896126800000,495,682,0,247,537,56
1728462896127641000,591,594,0,338,491,5
1728462896128482000,648,487,0,465,434,0
1728462896129324000,713,373,34,528,366,0
1728462896130166000,761,261,100,554,289,0
1728462896131007000,784,192,205,586,210,64
1728462896131849000,754,90,299,633,148,93
1728462896132691000,717,55,491,666,85,171
1728462896133533000,656,0,525,653,40,282
1728462896134374000,568,0,642,613,2,365
1728462896135215000,472,0,736,545,0,448
1728462896136057000,354,41,800,459,0,543
1728462896136898000,252,114,841,373,0,595
1728462896137740000,151,205,861,284,29,629
1728462896138582000,53,298,824,206,104,678
1728462896139445000,12,405,765,126,170,685
1728462896140287000,0,530,704,66,224,651
1728462896141128000,31,610,617,13,303,609
1728462896141969000,0,700,481,53,375,561
1728462896142810000,0,754,402,33,450,450
1728462896143652000,114,800,255,0,506,366
1728462896144494000,203,814,165,26,530,283
1728462896145336000,311,789,71,98,553,181
1728462896146178000,408,730,4,178,553,105
1728462896147020000,520,658,0,276,532,43
1728462896147861000,606,568,0,352,483,58
1728462896148702000,692,466,0,431,426,22
1728462896149544000,750,361,36,512,341,0
1728462896150385000,781,285,125,576,271,0
1728462896151227000,804,183,213,612,288,30
1728462896152069000,772,18,325,666,186,117
1728462896152899000,834,0,468,666,33,206
1728462896153741000,637,0,569,636,18,290
1728462896154582000,537,0,663,594,0,387
1728462896155423000,426,0,754,528,0,461
1728462896156265000,329,50,815,448,0,546
1728462896157106000,226,127,842,353,5,610
1728462896157948000,125,238,858,245,26,663
1728462896158790000,50,331,818,180,130,679
1728462896159632000,0,450,755,101,204,688
1728462896160473000,0,553,674,41,267,664
1728462896161314000,0,609,482,0,341,674
1728462896162155000,8,721,393,0,417,597
1728462896162997000,96,804,320,0,463,346
1728462896163839000,132,811,235,0,514,335
1728462896164681000,220,802,146,45,543,250
1728462896165523000,330,773,52,116,555,174
1728462896166387000,440,716,0,195,548,87
1728462896167229000,551,644,0,292,527,32
1728462896168070000,719,538,0,380,457,0
1728462896168911000,760,429,8,451,394,0
1728462896169753000,736,320,64,555,325,0
1728462896170594000,775,226,149,601,254,2
1728462896171436000,745,138,242,590,178,90
1728462896172278000,740,79,381,647,107,118
1728462896173120000,674,0,602,656,98,242
1728462896173961000,600,0,594,645,15,320
1728462896174802000,517,0,682,581,0,408
1728462896175643000,410,4,779,510,0,485
1728462896176485000,298,71,832,415,0,563
1728462896177327000,201,154,849,320,5,629
1728462896178169000,113,261,836,248,79,648
1728462896179011000,23,352,807,170,133,679
1728462896179848000,0,450,739,88,213,682
1728462896180690000,0,554,661,26,274,643
1728462896181531000,104,634,560,4,309,564
1728462896182372000,117,698,457,0,401,506
1728462896183214000,149,753,341,0,453,407
1728462896184055000,151,802,205,6,517,314
1728462896184897000,250,801,105,64,551,230
1728462896185739000,359,763,41,130,554,153
1728462896186581000,466,701,0,221,548,68
1728462896187422000,565,629,0,314,510,18
1728462896188264000,637,509,42,394,453,0
1728462896189105000,722,402,0,482,392,50
1728462896189947000,770,293,73,542,307,5
1728462896190789000,794,197,170,593,229,0
1728462896191631000,786,206,273,670,189,42
1728462896192473000,740,0,363,651,178,141
1728462896193316000,697,0,505,653,8,249
1728462896194157000,593,0,617,619,10,343
1728462896194998000,495,0,710,568,0,426
1728462896195840000,382,26,782,490,0,504
1728462896196681000,272,94,837,396,0,576
1728462896197523000,181,177,846,306,31,636
1728462896198365000,77,289,832,198,92,685
1728462896199207000,18,391,792,130,149,677
1728462896200049000,0,501,721,74,229,663
1728462896200890000,0,604,669,21,309,635
1728462896201731000,0,714,580,0,357,551
1728462896202572000,5,743,305,0,426,569
1728462896203413000,90,802,242,0,493,431
1728462896204255000,178,804,193,18,519,292
1728462896205097000,283,798,98,82,565,202
1728462896205939000,383,746,18,162,557,133
1728462896206795000,490,683,0,242,542,64
1728462896207636000,591,592,0,332,498,11
1728462896208477000,674,476,0,405,424,0
1728462896209318000,807,393,37,493,348,0
1728462896210160000,796,270,105,559,292,0
1728462896211001000,719,158,194,663,199,41
1728462896211843000,714,89,306,585,149,94
1728462896212685000,689,68,448,640,82,194
1728462896213527000,653,0,538,648,40,265
1728462896214368000,559,0,642,610,0,370
1728462896215209000,458,0,732,549,0,448
1728462896216051000,365,37,793,466,0,530
1728462896216892000,250,114,840,365,0,591
1728462896217734000,151,201,850,270,31,644
1728462896218576000,66,320,846,202,104,672
1728462896219418000,0,418,781,117,174,677
1728462896220264000,0,514,696,64,250,654
1728462896221105000,0,576,591,26,363,605
1728462896221946000,5,630,488,0,289,529
1728462896222787000,57,742,393,0,394,453
1728462896223629000,119,805,261,0,498,359
1728462896224471000,196,805,178,31,532,270
1728462896225313000,302,789,69,97,559,194
1728462896226155000,415,732,8,173,553,107
1728462896226996000,528,662,0,267,535,45
1728462896227837000,601,569,0,360,485,0
1728462896228678000,685,465,53,434,423,0
1728462896229520000,744,345,92,509,346,0
1728462896230361000,777,265,112,570,277,31
1728462896231203000,832,171,169,612,213,96
1728462896232045000,782,58,305,655,130,53
1728462896232887000,725,66,445,674,64,192
1728462896233736000,629,0,559,653,28,292
1728462896234577000,538,0,663,595,0,388
1728462896235418000,440,0,754,526,0,471
1728462896236259000,332,57,808,437,0,554
1728462896237101000,229,133,850,352,1,608
1728462896237943000,133,229,850,256,41,645
1728462896238785000,37,334,816,192,119,686
1728462896239627000,0,431,741,93,186,687
1728462896240468000,0,553,687,42,256,664
1728462896241309000,0,704,588,0,336,581
1728462896242150000,0,731,453,0,398,509
1728462896242992000,47,754,440,0,496,448
1728462896243834000,128,798,232,0,510,344
1728462896244675000,228,808,145,43,548,253
1728462896245517000,328,777,58,119,552,172
1728462896246359000,442,719,0,200,554,85
1728462896247209000,538,642,0,290,521,45
1728462896248050000,629,569,0,375,532,0
1728462896248891000,713,414,0,458,463,0
1728462896249733000,756,310,58,523,366,0
1728462896250574000,783,210,149,589,234,0
1728462896251416000,901,98,272,641,139,52
1728462896252258000,809,43,349,677,101,141
1728462896253100000,613,0,498,706,50,225
1728462896253941000,618,0,586,629,20,320
1728462896254782000,516,0,696,579,0,411
1728462896255623000,410,9,773,509,0,490
1728462896256464000,305,69,820,421,0,558
1728462896257306000,198,154,855,325,18,617
1728462896258148000,101,254,853,244,77,671
1728462896258990000,13,348,793,162,142,682
1728462896259832000,9,474,725,81,217,682
1728462896260680000,0,576,656,34,277,633
1728462896261521000,0,777,535,34,372,548
1728462896262362000,34,804,436,0,413,490
1728462896263204000,55,693,304,0,546,397
1728462896264046000,154,811,197,1,526,322
1728462896264888000,251,805,116,64,546,228
1728462896265730000,348,767,41,132,554,143
1728462896266572000,458,698,0,229,551,72
1728462896267413000,562,610,0,311,512,21
1728462896268254000,626,517,0,373,453,0
1728462896269095000,705,400,9,451,383,0
1728462896269936000,757,309,85,533,304,0
1728462896270778000,784,201,177,596,238,5
1728462896271620000,754,130,338,637,178,74
1728462896272462000,737,18,313,645,120,238
1728462896273304000,718,4,493,655,33,181
1728462896274181000,591,0,613,629,9,338
1728462896275022000,490,0,711,568,0,434
1728462896275863000,381,15,791,488,0,512
1728462896276705000,285,82,832,402,0,578
1728462896277547000,180,184,850,306,29,641
1728462896278389000,93,261,832,207,57,661
1728462896279231000,18,389,795,152,134,681
1728462896280073000,0,495,724,82,232,680
1728462896280914000,0,591,634,26,297,629
1728462896281755000,0,670,501,0,366,538
1728462896282597000,0,745,405,0,416,507
1728462896283439000,69,836,300,0,481,378
1728462896284281000,170,815,194,18,525,287
1728462896285123000,279,792,87,77,559,210
1728462896285965000,382,744,20,149,557,125
1728462896286807000,493,682,0,240,535,64
1728462896287628000,587,593,0,335,490,9
1728462896288469000,671,509,0,418,440,0
1728462896289310000,731,421,30,498,368,0
1728462896290152000,777,285,105,559,331,0
1728462896290993000,786,154,192,612,254,29
1728462896291835000,772,50,293,631,90,89
1728462896292677000,869,0,448,679,57,165
1728462896293518000,730,0,542,652,13,270
1728462896294359000,558,0,645,613,0,365
1728462896295200000,466,0,728,547,0,448
1728462896296042000,357,41,791,458,0,527
1728462896296883000,250,110,836,370,0,597
1728462896297725000,165,201,850,282,36,644
1728462896298567000,49,303,837,194,107,683
1728462896299409000,11,409,770,132,173,683
1728462896300251000,0,518,680,56,250,663
1728462896301102000,0,624,577,0,320,650
1728462896301943000,30,722,466,0,365,474
1728462896302784000,5,885,365,5,460,404
1728462896303626000,118,834,261,0,506,341
1728462896304468000,196,802,165,36,528,276
1728462896305309000,304,786,66,89,559,192
1728462896306151000,412,736,8,177,552,106
1728462896306992000,509,666,0,272,534,45
1728462896307833000,610,578,0,360,489,0
1728462896308674000,712,458,0,486,418,0
1728462896309516000,723,346,47,552,343,0
1728462896310357000,768,247,117,589,277,0
1728462896311199000,759,146,220,587,184,57
1728462896312041000,722,64,337,638,133,94
1728462896312883000,694,45,504,657,96,201
1728462896313725000,634,0,514,648,33,320
1728462896314627000,548,0,655,597,0,386
1728462896315468000,442,0,750,524,0,470
1728462896316310000,331,57,814,451,0,548
1728462896317151000,225,135,845,353,4,605
1728462896317993000,133,226,850,265,52,646
1728462896318835000,45,313,824,180,114,691
1728462896319677000,0,430,765,99,180,687
1728462896320519000,0,549,685,50,261,639
1728462896321360000,64,631,609,13,308,586
1728462896322201000,77,698,490,0,376,521
1728462896323042000,0,767,357,56,455,487
1728462896323884000,130,811,234,0,513,352
1728462896324725000,221,802,141,38,533,250
1728462896325567000,338,777,58,117,561,168
1728462896326409000,426,715,0,203,551,92
1728462896327250000,539,638,0,290,522,36
1728462896328045000,628,544,0,377,480,52
1728462896328886000,705,431,0,450,402,31
1728462896329728000,773,337,57,528,329,0
1728462896330569000,788,237,141,585,261,0
1728462896331411000,836,192,234,640,186,33
1728462896332253000,744,0,342,682,171,132
1728462896333095000,693,0,482,634,0,229
1728462896333936000,615,0,581,631,9,320
1728462896334777000,514,0,685,578,0,404
1728462896335618000,409,9,766,509,0,476
1728462896336459000,320,69,821,424,0,562
1728462896337301000,197,144,845,330,11,619
1728462896338143000,107,258,849,229,64,671
1728462896338985000,45,365,816,159,133,677
1728462896339827000,0,473,753,90,218,688
1728462896340669000,0,565,650,34,273,645
1728462896341517000,0,654,455,0,354,669
1728462896342358000,14,728,383,0,432,559
1728462896343200000,138,800,295,1,458,320
1728462896344042000,146,810,218,2,519,320
1728462896344884000,241,799,121,58,545,230
1728462896345726000,348,773,34,130,555,158
1728462896346568000,474,704,0,215,554,77
1728462896347409000,559,619,0,309,505,20
1728462896348250000,741,513,0,401,434,0
1728462896349091000,782,413,15,469,377,0
1728462896349933000,778,296,96,599,304,0
1728462896350774000,775,197,178,634,234,20
1728462896351616000,736,109,273,590,165,87
1728462896352458000,732,96,400,653,109,130
1728462896353300000,680,0,559,657,64,249
1728462896354141000,587,0,617,625,10,341
1728462896354990000,498,0,708,568,0,427
1728462896355831000,385,22,773,487,0,499
1728462896356672000,284,94,839,399,0,581
1728462896357514000,181,174,855,304,20,633
1728462896358356000,81,279,837,228,82,669
1728462896359198000,26,375,781,151,156,671
1728462896360040000,0,484,725,87,229,677
1728462896360881000,0,594,626,21,285,637
1728462896361722000,36,656,535,0,325,565
1728462896362564000,122,741,463,0,423,477
1728462896363406000,0,777,250,64,485,418
1728462896364248000,175,810,181,17,530,293
1728462896365090000,273,793,93,65,548,213
1728462896365932000,383,754,33,153,549,126
1728462896366774000,487,683,0,242,538,64
1728462896367615000,583,586,0,335,504,8
1728462896368464000,670,490,50,414,448,0
1728462896369306000,731,386,5,489,375,57
1728462896370148000,776,282,85,552,290,20
1728462896370990000,794,181,194,610,212,9
1728462896371832000,802,177,298,674,156,75
1728462896372674000,714,0,413,644,168,175
1728462896373516000,672,0,533,660,79,261
1728462896374357000,565,0,637,619,0,357
1728462896375198000,471,0,728,554,0,448
1728462896376039000,356,37,802,466,0,525
1728462896376880000,251,117,842,376,0,586
1728462896377722000,156,198,847,287,41,648
1728462896378564000,57,295,833,202,96,679
1728462896379406000,5,410,780,125,165,690
1728462896380248000,0,537,704,64,247,665
1728462896381089000,0,622,644,10,326,623
1728462896381983000,0,697,594,0,421,554
1728462896382825000,23,781,437,0,437,487
1728462896383666000,93,792,197,0,506,448
1728462896384508000,202,807,165,36,529,267
1728462896385350000,295,790,74,90,553,197
1728462896386192000,410,732,9,185,555,114
1728462896387034000,512,661,0,266,534,52
1728462896387875000,610,576,0,353,482,2
1728462896388716000,690,448,0,429,458,0
1728462896389557000,749,341,46,512,322,0
1728462896390399000,846,247,126,576,272,0
1728462896391241000,817,145,214,671,197,37
1728462896392083000,704,53,330,694,141,98
1728462896392925000,686,16,450,631,64,221
1728462896393767000,613,5,562,632,32,292
1728462896394608000,538,1,666,601,0,383
1728462896395408000,439,0,743,529,0,469
1728462896396250000,341,50,805,445,0,544
1728462896397091000,226,130,839,354,1,606
1728462896397933000,134,225,847,254,46,650
1728462896398775000,64,341,819,186,121,672
1728462896399617000,0,448,760,122,192,680
1728462896400459000,0,541,682,52,266,654
1728462896401299000,0,576,570,0,399,598
1728462896402140000,0,638,453,0,462,514
1728462896402981000,93,728,345,0,418,425
1728462896403823000,162,791,250,0,497,341
1728462896404665000,213,794,143,44,540,251
1728462896405507000,328,775,52,114,561,176
1728462896406349000,442,720,0,192,553,94
1728462896407190000,538,642,0,293,516,29
1728462896408031000,632,542,0,377,465,0
1728462896408880000,692,444,1,448,405,0
1728462896409722000,746,325,130,529,331,0
1728462896410563000,786,218,153,590,258,2
1728462896411405000,783,125,186,617,196,110
1728462896412247000,780,65,341,663,122,64
1728462896413089000,724,82,455,693,71,182
1728462896413931000,617,0,584,635,21,320
1728462896414772000,522,0,687,588,0,410
1728462896415613000,420,10,756,500,0,485
1728462896416455000,306,79,818,411,0,576
1728462896417297000,210,154,848,330,8,616
1728462896418139000,106,245,851,245,50,665
1728462896418981000,16,354,806,173,137,690
1728462896419823000,0,474,754,69,203,685
1728462896420664000,0,576,656,36,276,641
1728462896421505000,0,719,586,0,341,586
1728462896422359000,0,709,444,0,415,495
1728462896423201000,78,816,402,0,530,416
1728462896424043000,151,808,210,5,521,328
1728462896424885000,249,800,125,53,544,237
1728462896425727000,356,766,53,137,570,149
1728462896426569000,460,704,0,221,548,93
1728462896427410000,564,614,0,313,512,21
1728462896428251000,653,485,0,398,512,0
1728462896429092000,717,399,8,469,420,0
1728462896429934000,764,290,87,548,287,0
1728462896430776000,842,194,170,599,238,4
1728462896431618000,847,81,263,631,153,78
1728462896432460000,661,42,420,702,100,173
1728462896433302000,619,0,496,593,42,242
1728462896434143000,588,0,606,619,0,341
1728462896434984000,497,0,708,576,0,417
1728462896435830000,388,21,780,489,0,500
1728462896436672000,276,89,839,402,0,582
1728462896437514000,180,169,843,308,25,633
1728462896438356000,98,261,815,224,79,673
1728462896439198000,42,386,792,149,156,683
1728462896440040000,0,490,719,86,225,674
1728462896440881000,0,587,629,25,303,628
1728462896441722000,0,576,506,0,441,554
1728462896442563000,17,682,404,0,465,480
1728462896443405000,109,752,302,0,400,388
1728462896444246000,178,807,188,17,530,290
1728462896445088000,265,794,98,74,552,213
1728462896445930000,380,745,23,164,558,125
1728462896446772000,489,686,0,234,543,66
1728462896447613000,585,600,0,325,496,13
1728462896448454000,663,500,0,407,433,0
1728462896449301000,734,389,28,482,368,0
1728462896450142000,769,277,123,551,296,0
1728462896450984000,782,172,237,613,218,23
1728462896451826000,765,64,210,634,166,170
1728462896452668000,799,47,381,661,73,72
1728462896453510000,633,79,504,678,47,212
1728462896454351000,565,0,642,618,0,363
1728462896455192000,466,0,736,552,0,448
1728462896456033000,354,26,793,473,0,522
1728462896456874000,256,114,834,378,0,594
1728462896457716000,157,202,854,279,34,650
1728462896458558000,73,296,843,209,81,660
1728462896459400000,1,418,778,138,173,692
1728462896460242000,0,509,704,66,244,666
1728462896461083000,0,601,604,11,322,622
1728462896461924000,0,692,474,0,378,550
1728462896462781000,0,773,368,0,431,473
1728462896463623000,90,805,262,0,489,338
1728462896464465000,192,803,162,27,535,273
1728462896465307000,301,786,70,89,562,192
1728462896466149000,414,736,10,170,554,98
1728462896466991000,513,662,0,263,525,45
1728462896467832000,602,577,0,358,485,0
1728462896468673000,677,554,0,434,424,0
1728462896469514000,739,394,29,510,360,0
1728462896470356000,780,235,109,565,325,0
1728462896471198000,789,144,224,618,181,46
1728462896472040000,872,64,385,672,109,109
1728462896472882000,802,5,498,668,57,202
1728462896473723000,557,0,549,727,11,308
1728462896474564000,545,0,663,606,0,381
1728462896475405000,448,0,740,527,0,466
1728462896476245000,333,56,811,441,0,551
1728462896477086000,240,130,844,357,2,598
1728462896477928000,133,228,850,266,50,651
1728462896478770000,50,326,819,194,117,688
1728462896479612000,5,440,757,93,194,687
1728462896480454000,0,549,674,47,261,656
1728462896481295000,0,687,578,9,338,585
1728462896482136000,0,807,465,23,410,490
1728462896482978000,64,818,340,0,516,420
1728462896483820000,119,743,220,0,559,333
1728462896484662000,220,804,138,33,538,253
1728462896485504000,322,783,52,107,559,170
1728462896486346000,437,726,0,197,554,98
1728462896487187000,539,647,0,284,525,36
1728462896488028000,637,551,0,373,484,0
1728462896488869000,687,442,2,432,398,0
1728462896489720000,749,328,69,518,322,0
1728462896490561000,776,233,154,582,258,0
1728462896491403000,778,130,305,635,194,56
1728462896492245000,746,21,267,657,124,210
1728462896493087000,739,2,437,657,58,130
1728462896493929000,612,8,576,633,17,285
1728462896494770000,514,0,686,592,0,398
1728462896495611000,415,5,767,509,0,491
1728462896496453000,298,64,820,425,0,565
1728462896497295000,202,158,843,325,11,629
1728462896498137000,112,245,842,245,64,658
1728462896498979000,34,353,825,170,119,674
1728462896499821000,0,453,744,106,199,686
1728462896500662000,0,576,657,37,287,645
1728462896501503000,0,668,568,21,352,579
1728462896502344000,0,724,421,0,405,525
1728462896503193000,57,837,349,0,463,415
1728462896504035000,148,813,224,4,522,320
1728462896504876000,247,799,117,65,549,230
1728462896505718000,352,765,40,130,562,149
1728462896506560000,465,706,0,213,545,79
1728462896507401000,564,624,0,313,508,21
1728462896508242000,644,559,0,393,460,0
1728462896509083000,718,483,8,472,395,0
1728462896509925000,761,286,75,545,362,0
1728462896510766000,786,186,154,598,263,16
1728462896511608000,791,100,269,621,114,70
1728462896512450000,856,43,424,671,79,146
1728462896513292000,589,0,509,729,37,289
1728462896514133000,591,0,604,625,11,341
1728462896514974000,501,0,698,563,0,424
1728462896515815000,392,18,791,488,0,506
1728462896516661000,285,89,832,400,0,576
1728462896517503000,175,175,854,306,20,626
1728462896518345000,93,277,837,224,93,674
1728462896519187000,21,386,767,144,157,686
1728462896520029000,2,497,721,81,225,642
1728462896520870000,0,595,638,26,298,613
1728462896521711000,0,794,514,5,373,506
1728462896522552000,42,826,418,2,431,444
1728462896523394000,79,694,282,0,576,376
1728462896524235000,175,816,194,8,522,314
1728462896525077000,275,798,101,71,549,212
1728462896525919000,368,749,25,154,553,130
1728462896526761000,490,683,0,249,543,64
1728462896527602000,583,592,0,333,501,11
1728462896528443000,641,498,2,453,442,0
1728462896529285000,715,392,25,474,367,0
1728462896530144000,765,277,104,546,287,0
1728462896530986000,785,171,196,613,228,25
1728462896531828000,746,107,365,645,180,98
1728462896532670000,715,2,330,648,82,266
1728462896533512000,668,0,468,637,58,325
1728462896534353000,578,0,633,613,0,362
1728462896535194000,474,0,736,550,0,450
1728462896536035000,357,33,799,469,0,518
1728462896536876000,256,101,839,380,0,593
1728462896537718000,156,200,849,288,36,645
1728462896538560000,79,279,839,204,68,680
1728462896539402000,10,399,786,130,151,677
1728462896540243000,0,514,715,69,244,671
1728462896541084000,0,610,594,22,320,622
1728462896541925000,0,687,509,46,383,608
1728462896542767000,0,760,402,8,437,457
1728462896543615000,73,814,272,0,494,389
1728462896544457000,194,810,170,26,535,267
1728462896545299000,290,788,75,90,552,196
1728462896546140000,406,738,5,178,558,119
1728462896546982000,516,666,0,260,541,49
1728462896547823000,613,576,0,346,480,10
1728462896548664000,687,472,0,430,418,34
1728462896549506000,751,360,34,503,354,0
1728462896550347000,777,286,122,562,273,0
1728462896551189000,788,182,213,625,201,32
1728462896552031000,757,0,320,676,201,91
1728462896552873000,736,0,453,656,0,194
1728462896553714000,631,0,576,642,0,289
1728462896554555000,543,0,659,610,0,375
1728462896555396000,442,0,751,533,0,468
1728462896556238000,335,42,804,451,0,541
1728462896557083000,233,129,833,352,5,609
1728462896557925000,141,226,850,266,49,649
1728462896558767000,39,335,825,184,106,677
1728462896559609000,0,432,757,121,192,684
1728462896560451000,0,552,681,45,266,655
1728462896561292000,0,640,557,1,333,616
1728462896562133000,0,698,398,0,418,586
1728462896562975000,117,781,306,0,440,349
1728462896563817000,97,901,226,10,520,305
1728462896564659000,218,801,138,42,542,253
1728462896565501000,322,780,50,101,562,177
1728462896566343000,437,723,8,194,549,90
1728462896567184000,533,648,0,286,527,34
1728462896568025000,619,568,0,364,474,0
1728462896568866000,760,436,2,448,397,0
1728462896569708000,733,322,56,575,330,0
1728462896570562000,760,229,137,608,260,5
1728462896571404000,775,138,250,622,181,52
1728462896572246000,733,82,341,638,133,117
1728462896573088000,696,23,553,658,90,238
1728462896573930000,624,0,533,628,5,418
1728462896574771000,517,0,687,581,0,404
1728462896575612000,418,9,764,509,0,485
1728462896576454000,311,69,828,423,0,557
1728462896577295000,207,139,859,335,10,613
1728462896578137000,106,244,847,247,66,672
1728462896578979000,23,334,804,171,144,689
1728462896579821000,2,457,721,96,194,661
1728462896580662000,0,569,648,37,278,645
1728462896581503000,36,647,568,4,322,586
1728462896582344000,94,725,496,0,380,501
1728462896583185000,0,777,293,55,468,433
1728462896584027000,103,802,218,29,509,334
1728462896584869000,247,801,125,64,540,230
1728462896585711000,344,769,34,129,555,149
1728462896586553000,456,705,0,225,549,77
1728462896587394000,564,622,0,314,514,23
1728462896588235000,645,514,0,394,458,0
1728462896589076000,713,417,0,463,389,65
1728462896589918000,763,310,58,532,312,30
1728462896590759000,785,206,157,594,245,1
1728462896591601000,767,177,264,661,170,42
1728462896592443000,710,0,377,650,185,142
1728462896593285000,697,0,498,661,93,245
1728462896594127000,597,0,602,626,0,328
1728462896594968000,500,0,704,576,0,426
1728462896595809000,391,23,779,490,0,500
1728462896596650000,285,85,834,401,0,578
1728462896597498000,181,167,847,315,23,632
1728462896598340000,106,278,844,212,73,674
1728462896599182000,23,398,805,151,149,686
1728462896600024000,0,510,734,77,217,674
1728462896600865000,0,586,636,25,301,622
1728462896601706000,0,671,602,0,412,578
1728462896602547000,13,749,458,0,407,554
1728462896603389000,82,786,234,0,506,474
1728462896604231000,174,811,202,10,528,296
1728462896605073000,265,789,98,74,548,212
1728462896605915000,378,754,25,157,561,144
1728462896606756000,485,685,0,234,545,66
1728462896607597000,578,597,0,325,493,11
1728462896608438000,671,482,0,416,418,0
1728462896609280000,820,378,28,488,363,0
1728462896610121000,832,269,109,560,285,0
1728462896610972000,812,170,184,629,224,25
1728462896611814000,688,89,298,690,148,125
1728462896612655000,698,25,395,610,90,166
1728462896613497000,618,10,544,624,20,301
1728462896614338000,564,0,630,618,0,354
1728462896615179000,466,0,725,551,0,436
1728462896616020000,361,28,793,472,0,521
1728462896616861000,255,101,832,378,0,594
1728462896617703000,159,194,856,282,29,645
1728462896618545000,78,303,818,192,93,650
1728462896619387000,9,407,773,141,166,682
1728462896620229000,0,509,692,64,245,656
1728462896621070000,0,605,612,10,320,614
1728462896621911000,0,649,497,0,417,537
1728462896622753000,42,719,377,0,370,441
1728462896623595000,233,775,322,9,465,352
1728462896624448000,185,809,169,30,532,274
1728462896625290000,296,789,78,87,559,196
1728462896626132000,410,741,20,174,557,117
1728462896626974000,516,663,0,263,528,49
1728462896627815000,602,586,0,354,490,0
1728462896628656000,674,470,0,426,432,0
1728462896629498000,739,360,90,506,357,0
1728462896630340000,773,253,142,568,279,31
1728462896631182000,789,154,211,615,206,64
1728462896632024000,752,65,293,656,139,46
1728462896632866000,722,106,431,696,94,154
1728462896633707000,656,0,527,634,117,274
1728462896634548000,556,0,650,600,2,383
1728462896635389000,448,0,749,528,0,465
1728462896636231000,338,50,812,448,0,544
1728462896637072000,226,130,847,356,2,599
1728462896637957000,129,218,852,265,46,654
1728462896638799000,30,306,826,189,107,686
1728462896639641000,2,441,766,105,197,689
1728462896640483000,0,552,690,50,257,654
1728462896641324000,0,638,586,2,333,594
1728462896642165000,0,704,475,0,394,533
1728462896643007000,36,756,451,0,506,466
1728462896643849000,119,836,265,0,490,407
1728462896644691000,224,808,141,34,538,258
1728462896645533000,314,778,66,105,554,174
1728462896646375000,424,719,5,202,551,96
1728462896647217000,535,645,0,289,530,38
1728462896648058000,625,552,0,365,476,0
1728462896648899000,700,420,0,448,453,0
1728462896649741000,758,314,56,518,310,0
1728462896650582000,783,221,139,577,253,0
1728462896651394000,818,123,238,637,179,54
1728462896652236000,680,47,377,697,113,161
1728462896653078000,658,15,471,616,57,244
1728462896653920000,585,47,604,613,33,322
1728462896654761000,521,0,680,587,0,401
1728462896655602000,418,1,774,514,0,484
1728462896656443000,298,58,817,434,0,559
1728462896657285000,210,149,838,338,17,622
1728462896658127000,117,245,848,247,64,657
1728462896658969000,43,356,805,175,125,655
1728462896659811000,0,461,738,98,210,674
1728462896660652000,0,565,653,37,283,638
1728462896661493000,0,644,535,0,375,576
1728462896662334000,0,634,441,0,474,489
1728462896663176000,79,719,328,0,489,406
1728462896664018000,122,772,229,0,480,314
1728462896664867000,241,801,117,64,549,234
1728462896665709000,350,765,33,122,561,154
1728462896666551000,463,704,0,210,546,79
1728462896667392000,562,626,0,308,508,20
1728462896668233000,648,533,0,400,462,0
1728462896669074000,705,429,18,461,387,0
1728462896669916000,762,299,122,535,320,0
1728462896670758000,774,210,192,586,242,16
1728462896671600000,775,111,239,640,170,116
1728462896672442000,807,66,338,672,112,66
1728462896673283000,661,98,487,693,70,212
1728462896674124000,599,57,608,637,9,321
1728462896674965000,500,0,708,576,0,423
1728462896675806000,398,21,769,488,0,506
1728462896676647000,288,98,834,399,0,587
1728462896677489000,185,175,851,313,34,626
1728462896678348000,86,270,839,228,79,673
1728462896679190000,0,381,788,146,151,689
1728462896680032000,0,466,736,78,213,663
1728462896680873000,0,591,636,23,296,637
1728462896681714000,0,685,533,0,368,586
1728462896682555000,0,794,415,0,421,488
1728462896683397000,85,776,276,0,485,380
1728462896684239000,159,789,230,16,523,303
1728462896685080000,267,792,98,68,548,215
1728462896685922000,378,760,36,149,554,133
1728462896686764000,477,688,0,239,541,69
1728462896687605000,576,591,0,333,501,11
1728462896688446000,674,525,0,414,453,0
1728462896689288000,730,442,18,482,381,0
1728462896690129000,779,253,94,557,337,0
1728462896690971000,785,170,192,604,217,18
1728462896691811000,873,85,334,647,116,79
1728462896692653000,744,18,383,741,85,193
1728462896693495000,602,0,549,686,39,254
1728462896694336000,572,0,638,612,0,354
1728462896695177000,466,0,725,562,0,448
1728462896696019000,367,30,796,469,0,524
1728462896696860000,261,101,833,381,0,589
1728462896697702000,157,199,839,284,26,647
1728462896698544000,82,302,824,194,100,674
1728462896699386000,16,407,789,128,165,679
1728462896700228000,0,513,699,79,242,648
1728462896701069000,0,618,610,13,320,613
1728462896701910000,0,698,520,0,462,539
1728462896702752000,34,690,378,5,481,453
1728462896703594000,122,765,256,0,442,352
1728462896704436000,201,805,174,29,542,285
1728462896705293000,293,783,81,101,554,196
1728462896706135000,408,740,14,168,557,117
1728462896706977000,514,670,0,263,532,51
1728462896707818000,602,582,0,352,490,0
1728462896708659000,671,465,0,421,426,0
1728462896709501000,728,357,41,501,354,0
1728462896710342000,767,248,178,568,279,0
1728462896711184000,786,154,238,622,206,65
1728462896712026000,783,68,265,648,154,162
1728462896712868000,736,9,413,661,64,132
1728462896713710000,645,93,537,681,50,261
1728462896714551000,554,0,649,597,0,381
1728462896715392000,451,0,737,527,0,463
1728462896716233000,337,50,805,435,0,543
1728462896717074000,237,133,843,354,0,602
1728462896717916000,130,220,859,266,47,655
1728462896718767000,57,305,818,197,104,691
1728462896719609000,0,426,769,112,181,690
1728462896720451000,0,542,690,41,271,660
1728462896721292000,0,641,589,4,333,601
1728462896722133000,0,746,493,0,393,552
1728462896722975000,29,798,378,0,458,440
1728462896723817000,106,834,352,0,546,366
1728462896724659000,224,817,149,38,541,267
1728462896725501000,321,779,68,109,561,169
1728462896726343000,421,713,5,196,549,94
1728462896727185000,532,637,0,295,526,39
1728462896728026000,624,551,0,365,478,0
1728462896728867000,706,421,1,448,474,0
1728462896729708000,761,320,53,524,360,0
1728462896730549000,802,215,144,582,245,0
1728462896731391000,825,125,242,633,192,50
1728462896732235000,820,33,330,655,109,129
1728462896733077000,612,0,474,717,50,258
1728462896733918000,557,0,617,673,5,320
1728462896734759000,527,0,688,591,0,398
1728462896735600000,424,14,762,508,0,484
1728462896736442000,308,50,825,434,0,560
1728462896737284000,210,141,847,339,10,616
1728462896738126000,116,245,839,252,66,668
1728462896738968000,37,357,789,177,127,681
1728462896739810000,0,463,745,98,203,634
1728462896740652000,0,576,668,42,281,660
1728462896741493000,0,651,559,5,351,576
1728462896742334000,50,808,434,0,421,469
1728462896743176000,50,700,320,0,545,413
1728462896744018000,192,749,213,4,523,321
1728462896744860000,241,810,129,52,549,229
1728462896745707000,346,766,34,128,560,160
1728462896746549000,460,706,0,213,552,77
1728462896747390000,564,624,0,298,514,26
1728462896748231000,649,530,0,389,452,0
1728462896749072000,697,424,15,457,383,0
1728462896749914000,747,311,76,530,320,0
1728462896750755000,772,209,174,589,241,11
1728462896751597000,776,121,303,636,173,74
1728462896752439000,736,57,426,650,105,257
1728462896753281000,713,10,430,651,93,293
1728462896754122000,644,14,576,634,2,240
1728462896754963000,496,0,706,576,0,421
1728462896755805000,395,13,782,498,0,505
1728462896756646000,282,74,832,410,0,578
1728462896757487000,188,173,847,309,19,635
1728462896758329000,101,271,837,229,74,672
1728462896759171000,8,352,799,149,126,690
1728462896760013000,0,485,729,95,224,672
1728462896760854000,0,592,628,23,299,641
1728462896761695000,0,668,543,16,338,585
1728462896762536000,0,736,453,18,407,482
1728462896763378000,21,810,291,0,484,404
1728462896764220000,148,832,202,0,530,301
1728462896765062000,272,797,93,75,557,215
1728462896765904000,374,756,25,142,555,151
1728462896766746000,485,689,0,234,532,58
1728462896767587000,577,608,0,330,503,14
1728462896768428000,665,501,0,411,448,0
1728462896769269000,733,471,16,485,377,0
1728462896770111000,772,343,90,549,303,0
1728462896770952000,786,171,188,608,242,25
1728462896771794000,776,73,301,644,104,74
1728462896772651000,832,0,472,685,55,165
1728462896773493000,729,0,521,649,26,274
1728462896774334000,512,0,625,653,2,359
1728462896775175000,482,0,726,548,0,441
1728462896776016000,370,34,792,474,0,521
1728462896776857000,256,106,842,378,0,584
1728462896777699000,154,186,860,296,37,643
1728462896778541000,79,297,821,207,101,687
1728462896779383000,10,405,757,136,157,681
1728462896780225000,0,517,704,66,242,650
1728462896781066000,0,608,610,20,320,615
1728462896781907000,0,693,471,0,373,496
1728462896782748000,17,825,370,28,462,431
1728462896783590000,144,864,256,0,497,357
1728462896784432000,186,811,173,18,538,293
1728462896785274000,298,789,85,90,562,193
1728462896786142000,394,736,10,176,558,113
1728462896786984000,501,669,0,261,533,53
1728462896787825000,600,581,0,346,494,2
1728462896788666000,672,472,0,452,426,0
1728462896789508000,725,367,45,535,346,0
1728462896790349000,761,253,122,557,277,0
1728462896791191000,781,154,217,617,215,37
1728462896792033000,776,85,394,651,192,130
1728462896792875000,723,1,357,661,64,277
1728462896793717000,650,4,513,644,53,350
1728462896794558000,546,0,657,605,0,385
1728462896795399000,440,0,748,535,0,456
1728462896796240000,343,38,811,450,0,541
1728462896797082000,232,122,834,351,0,606
1728462896797924000,139,224,852,266,39,654
1728462896798766000,54,325,832,184,106,687
1728462896799604000,10,426,761,114,181,681
1728462896800445000,0,529,666,50,254,669
1728462896801286000,0,636,593,4,330,615
1728462896802127000,0,721,512,20,381,557
1728462896802969000,0,762,353,0,448,412
1728462896803811000,98,826,261,0,506,366
1728462896804653000,217,804,142,41,542,261
1728462896805495000,320,783,54,102,555,181
1728462896806337000,433,724,2,201,552,85
1728462896807178000,545,650,0,282,526,34
1728462896808019000,618,555,0,372,474,0
1728462896808860000,698,444,0,448,416,0
1728462896809702000,754,418,50,523,341,0
1728462896810543000,782,285,126,576,261,0
1728462896811385000,785,128,238,624,228,57
1728462896812227000,762,13,352,652,64,122
1728462896813071000,810,0,491,671,33,210
1728462896813912000,719,0,615,667,8,309
1728462896814753000,526,0,672,579,0,401
1728462896815594000,424,5,763,510,0,482
1728462896816436000,320,69,817,425,0,555
1728462896817278000,217,149,848,340,6,622
1728462896818120000,119,242,851,250,66,665
1728462896818962000,20,330,814,164,136,689
1728462896819804000,0,469,742,87,202,684
1728462896820646000,0,564,648,41,281,644
1728462896821487000,0,656,549,0,349,586
1728462896822328000,66,737,409,0,395,432
1728462896823170000,58,767,309,0,466,367
1728462896824011000,158,901,199,20,517,286
1728462896824853000,242,804,128,56,544,242
1728462896825695000,348,767,50,125,547,154
1728462896826552000,451,714,0,218,549,79
1728462896827393000,559,628,0,309,522,40
1728462896828234000,645,523,0,394,466,0
1728462896829075000,797,402,5,469,389,0
1728462896829916000,738,306,77,578,312,1
1728462896830757000,770,207,165,618,234,5
1728462896831599000,773,117,276,634,175,64
1728462896832441000,721,50,363,647,104,130
1728462896833283000,665,0,586,646,90,249
1728462896834125000,578,36,662,622,0,338
1728462896834966000,500,0,698,566,0,423
1728462896835807000,405,18,780,498,0,495
1728462896836649000,290,84,834,407,0,566
1728462896837490000,181,169,859,312,18,637
1728462896838332000,93,264,838,232,79,677
1728462896839174000,31,333,789,141,138,673
1728462896840019000,0,480,740,85,225,669
1728462896840860000,0,594,649,30,285,641
1728462896841701000,0,669,547,0,362,572
1728462896842542000,125,726,469,21,410,484
1728462896843384000,0,776,274,58,484,434
1728462896844226000,90,818,233,53,514,341
1728462896845068000,267,807,101,69,559,207
1728462896845910000,367,754,26,151,560,141
1728462896846752000,482,690,0,232,537,65
1728462896847593000,579,604,0,323,502,16
1728462896848434000,661,509,0,398,439,0
1728462896849275000,725,397,4,482,375,23
1728462896850117000,774,276,89,553,301,0
1728462896850959000,782,229,182,611,224,17
1728462896851801000,769,100,292,645,199,81
1728462896852643000,756,0,404,679,146,159
1728462896853491000,698,0,542,656,0,266
1728462896854332000,688,0,661,624,0,361
1728462896855173000,473,0,721,558,0,441
1728462896856015000,373,32,785,468,0,521
1728462896856856000,263,101,842,383,0,590
1728462896857698000,169,193,853,290,29,637
1728462896858540000,69,292,839,209,98,677
1728462896859382000,0,402,778,125,170,687
1728462896860224000,0,508,706,58,238,663
1728462896861065000,0,613,604,17,322,619
1728462896861906000,0,690,469,0,377,593
1728462896862747000,84,781,346,0,433,357
1728462896863589000,85,919,249,10,501,325
1728462896864431000,194,836,165,20,533,267
1728462896865273000,292,788,82,79,552,198
1728462896866115000,402,747,11,166,569,112
1728462896866962000,495,663,0,258,533,53
1728462896867803000,592,576,0,357,490,2
1728462896868644000,687,478,0,424,429,0
1728462896869486000,788,362,43,540,354,0
1728462896870328000,767,266,122,595,274,0
1728462896871170000,783,165,215,610,207,36
1728462896872012000,745,98,346,628,142,109
1728462896872854000,678,0,549,658,98,203
1728462896873696000,628,21,606,630,46,276
1728462896874537000,554,0,649,598,0,404
1728462896875378000,450,0,745,538,0,450
1728462896876219000,344,58,809,450,0,543
1728462896877060000,234,126,851,362,2,608
1728462896877902000,139,210,849,275,45,653
1728462896878744000,58,320,813,194,114,673
1728462896879586000,0,404,768,114,180,669
1728462896880438000,0,533,685,54,245,645
1728462896881279000,0,633,586,11,330,609
1728462896882120000,107,680,516,0,357,530
1728462896882961000,143,743,394,0,440,448
1728462896883803000,175,804,213,43,497,372
1728462896884644000,213,805,149,37,535,263
1728462896885486000,322,778,65,107,548,170
1728462896886328000,426,722,1,194,554,101
1728462896887169000,528,649,0,285,526,46
1728462896888010000,622,553,0,370,469,0
1728462896888851000,706,453,23,448,425,0
1728462896889693000,750,338,96,516,330,1
1728462896890534000,782,233,122,576,253,56
1728462896891376000,779,143,237,627,196,71
1728462896892218000,772,112,314,653,125,85
1728462896893060000,725,81,458,689,71,197
1728462896894061000,651,9,576,618,98,302
1728462896894902000,521,0,680,583,0,405
1728462896895743000,420,9,757,514,0,484
1728462896896584000,309,66,811,426,0,554
1728462896897426000,203,146,857,333,7,618
1728462896898268000,111,244,845,256,68,672
1728462896899110000,20,352,799,170,125,694
1728462896899952000,0,455,754,87,202,677
1728462896900794000,0,569,668,36,269,656
1728462896901635000,0,656,565,0,344,597
1728462896902476000,0,786,480,0,410,496
1728462896903318000,66,758,382,0,485,414
1728462896904160000,139,838,305,0,520,337
1728462896905002000,245,801,132,52,535,234
1728462896905844000,334,762,50,130,554,151
1728462896906686000,461,698,0,213,551,82
1728462896907383000,551,619,0,301,513,29
1728462896908223000,641,521,0,391,461,0
1728462896909064000,714,505,0,466,402,0
1728462896909905000,764,367,74,532,338,0
1728462896910746000,794,185,158,596,292,0
1728462896911588000,777,111,266,641,162,64
1728462896912430000,857,10,404,677,74,146
1728462896913272000,745,0,480,645,38,234
1728462896914113000,501,0,590,690,0,380
1728462896914954000,504,0,704,576,0,422
1728462896915795000,401,17,779,497,0,494
1728462896916637000,293,85,832,407,0,576
1728462896917479000,188,165,850,320,21,628
1728462896918321000,98,267,833,229,78,671
1728462896919163000,0,375,792,141,117,679
1728462896920005000,0,500,722,81,224,671
1728462896920849000,0,583,626,29,298,631
1728462896921690000,0,668,522,0,367,564
1728462896922531000,9,722,394,0,412,453
1728462896923373000,106,869,302,5,488,377
1728462896924215000,154,718,186,2,590,273
1728462896925057000,261,804,105,68,549,215
1728462896925899000,367,757,26,151,559,135
1728462896926741000,484,681,0,229,553,64
1728462896927582000,576,608,0,320,501,21
1728462896928423000,663,504,0,410,448,0
1728462896929264000,704,392,32,521,370,0
1728462896930106000,746,286,101,537,298,0
1728462896930947000,765,182,185,599,224,23
1728462896931789000,778,100,285,644,168,85
1728462896932631000,732,34,497,655,126,186
1728462896933472000,653,0,473,644,14,353
1728462896934331000,562,0,548,617,10,420
1728462896935172000,473,0,721,554,0,435
1728462896936014000,360,26,794,480,0,522
1728462896936855000,265,97,834,388,0,595
1728462896937697000,162,187,847,281,25,643
1728462896938539000,71,293,833,209,78,673
1728462896939381000,18,389,778,149,153,685
1728462896940223000,0,500,712,69,224,661
1728462896941064000,0,618,628,13,309,619
1728462896941905000,0,684,505,0,375,552
1728462896942746000,0,737,369,52,426,501
1728462896943588000,37,783,299,26,478,380
1728462896944430000,146,806,170,0,525,279
1728462896945272000,282,789,84,93,557,200
1728462896946114000,400,748,16,164,562,122
1728462896946955000,510,672,0,253,533,56
1728462896947799000,600,588,0,346,488,6
1728462896948640000,683,482,0,426,423,0
1728462896949482000,745,370,18,500,365,5
1728462896950323000,770,261,109,562,279,23
1728462896951165000,783,154,205,617,209,26
1728462896952007000,767,133,320,649,145,93
1728462896952849000,695,0,418,650,146,178
1728462896953691000,656,0,537,666,66,250
1728462896954532000,554,0,658,605,0,374
1728462896955373000,441,0,741,541,0,458
1728462896956214000,338,42,808,461,0,541
1728462896957055000,239,119,835,360,5,599
1728462896957897000,148,226,856,270,42,650
1728462896958739000,55,329,826,194,109,682
1728462896959581000,0,432,767,114,192,682
1728462896960423000,0,538,676,47,266,658
1728462896961268000,0,632,591,8,328,611
1728462896962109000,0,700,549,0,402,543
1728462896962950000,39,820,432,0,457,444
1728462896963792000,109,794,170,0,525,421
1728462896964633000,215,806,132,40,543,250
1728462896965475000,321,779,57,98,563,183
1728462896966317000,425,725,2,186,543,96
1728462896967159000,530,654,0,288,526,40
1728462896968000000,622,563,0,364,480,0
1728462896968841000,696,454,9,448,430,0
1728462896969683000,748,325,58,519,330,0
1728462896970524000,855,225,133,581,257,0
1728462896971366000,823,137,242,622,188,50
1728462896972208000,689,58,381,712,109,149
1728462896973050000,648,5,463,602,65,226
1728462896973891000,569,0,588,565,13,284
1728462896974746000,522,0,685,591,0,399
1728462896975587000,418,1,759,520,0,480
1728462896976428000,320,50,818,436,0,554
1728462896977270000,218,138,836,335,21,615
1728462896978112000,125,240,842,254,55,658
1728462896978954000,39,340,815,178,126,683
1728462896979796000,0,450,751,111,202,669
1728462896980638000,0,568,670,37,276,645
1728462896981479000,0,657,569,0,345,586
1728462896982320000,23,772,434,0,490,493
1728462896983162000,53,699,324,8,525,418
1728462896984004000,146,767,234,0,453,330
1728462896984846000,235,798,128,53,549,242
1728462896985688000,346,770,50,119,558,160
1728462896986530000,457,722,0,210,542,85
1728462896987371000,546,630,0,306,517,21
1728462896988551000,645,528,0,388,470,0
1728462896989392000,692,417,8,456,389,0
1728462896990233000,749,298,68,532,320,0
1728462896991074000,786,206,167,586,250,11
1728462896991916000,779,122,303,638,180,67
1728462896992758000,737,40,296,650,130,201
1728462896993600000,758,0,457,661,49,144
1728462896994441000,610,0,577,636,5,272
1728462896995282000,500,0,693,578,0,417
1728462896996123000,402,16,778,490,0,505
1728462896996964000,287,79,837,407,0,568
1728462896997806000,184,171,847,312,16,625
1728462896998648000,92,260,843,229,79,669
1728462896999490000,34,373,805,149,143,672
1728462897000332000,0,485,725,85,207,677
1728462897001173000,0,583,645,31,277,641
1728462897001684000,0,661,554,0,359,576
1728462897002525000,0,751,420,0,416,471
1728462897003367000,30,805,309,0,480,421
1728462897004209000,154,826,181,0,523,290
1728462897005051000,260,796,106,66,544,221
1728462897005893000,373,757,29,155,554,133
1728462897006735000,474,693,0,231,542,56
1728462897007576000,568,602,0,330,506,13
1728462897008417000,666,504,0,411,450,0
1728462897009258000,725,388,8,484,378,0
1728462897010100000,772,350,90,548,303,0
1728462897010942000,788,228,177,599,225,11
1728462897011784000,773,87,297,645,189,77
1728462897012626000,705,0,407,658,45,168
1728462897013467000,770,0,562,660,18,265
1728462897014308000,657,0,618,597,0,346
1728462897015157000,481,0,721,554,0,434
1728462897015998000,380,29,791,478,0,511
1728462897016839000,267,103,841,383,0,583
1728462897017681000,157,186,853,293,28,637
1728462897018523000,79,285,834,214,94,675
1728462897019365000,11,381,789,128,165,695
1728462897020207000,0,517,714,70,233,663
1728462897021048000,0,613,606,13,325,616
1728462897021889000,0,698,504,0,378,565
1728462897022730000,68,770,353,1,461,522
1728462897023571000,130,799,253,0,474,320
1728462897024413000,159,930,165,42,542,247
1728462897025255000,290,800,90,89,552,206
1728462897026097000,399,747,20,170,563,123
1728462897026939000,501,672,0,258,538,56
1728462897027780000,600,578,0,356,498,4
1728462897028628000,682,485,0,424,441,0
1728462897029469000,832,362,45,499,346,0
1728462897030311000,834,256,111,616,273,0
1728462897031153000,766,162,210,645,213,29
1728462897031995000,760,74,320,647,151,106
1728462897032837000,709,34,427,644,82,175
1728462897033679000,629,0,653,640,66,298
1728462897034520000,542,0,741,599,18,389
1728462897035361000,451,0,736,536,0,452
1728462897036202000,348,53,807,457,0,533
1728462897037043000,234,116,847,363,0,599
1728462897037885000,149,207,852,281,55,658
1728462897038727000,64,318,832,194,105,686
1728462897039569000,4,402,758,114,177,666
1728462897040411000,0,526,704,56,253,637
1728462897041251000,0,616,605,13,335,609
1728462897042117000,0,688,488,0,375,548
1728462897042958000,79,740,378,0,440,453
1728462897043800000,218,789,274,0,491,357
1728462897044642000,148,791,153,100,525,292
1728462897045484000,310,787,71,100,557,175
1728462897046326000,426,725,0,192,559,101
1728462897047168000,533,661,0,271,527,50
1728462897048009000,619,558,0,359,477,0
1728462897048850000,706,455,0,441,421,0
1728462897049692000,750,348,100,516,331,43
1728462897050533000,777,245,126,576,266,50
1728462897051375000,789,133,233,629,197,41
1728462897052217000,754,138,322,658,133,110
1728462897053059000,689,0,458,642,141,186
1728462897053901000,607,0,557,657,79,277
1728462897054742000,532,0,671,597,9,386
1728462897055564000,420,0,763,525,0,481
1728462897056405000,320,56,817,439,0,554
1728462897057246000,214,146,846,338,14,615
1728462897058088000,125,245,850,245,57,666
1728462897058930000,41,341,811,176,123,681
1728462897059772000,0,450,760,93,197,686
1728462897060613000,0,558,666,38,277,651
1728462897061454000,0,656,562,0,352,594
1728462897062295000,0,722,549,0,413,529
1728462897063137000,58,818,414,0,468,418
1728462897063979000,130,811,149,0,519,400
1728462897064821000,237,800,119,53,554,241
1728462897065663000,341,776,46,119,558,164
1728462897066505000,461,712,0,203,545,89
1728462897067346000,555,633,0,301,514,26
1728462897068187000,641,539,0,382,463,0
1728462897069046000,710,415,14,463,412,0
1728462897069888000,760,296,79,537,308,0
1728462897070729000,833,202,160,591,241,9
1728462897071571000,810,114,267,636,167,69
1728462897072413000,658,45,392,723,90,181
1728462897073255000,634,0,520,608,50,215
1728462897074096000,549,0,596,590,15,360
1728462897074937000,508,0,692,579,0,423
1728462897075778000,405,16,773,500,0,498
1728462897076620000,289,77,823,410,0,571
1728462897077462000,194,162,849,325,16,621
1728462897078304000,97,269,846,233,75,664
1728462897079146000,34,370,786,149,144,682
1728462897079988000,0,485,723,89,225,669
1728462897080829000,0,583,633,25,290,635
1728462897081670000,0,672,540,0,365,576
1728462897082528000,30,789,385,0,501,469
1728462897083370000,50,707,290,0,538,380
1728462897084211000,175,756,207,0,438,299
1728462897085053000,264,799,98,64,555,224
1728462897085895000,368,760,26,137,558,142
1728462897086737000,485,696,0,233,546,64
1728462897087578000,570,609,0,322,505,5
1728462897088419000,653,505,0,415,448,0
1728462897089260000,705,394,28,471,378,0
1728462897090101000,762,290,97,549,306,0
1728462897090943000,777,192,175,597,231,26
1728462897091785000,771,97,326,648,157,79
1728462897092627000,728,26,310,650,101,244
1728462897093469000,708,9,466,651,53,301
1728462897094310000,612,0,599,622,0,281
1728462897095151000,484,0,718,554,0,437
1728462897095989000,372,26,796,469,0,523
1728462897096830000,272,101,838,381,0,596
1728462897097672000,168,194,854,300,31,634
1728462897098514000,77,290,837,213,84,677
1728462897099356000,10,383,787,145,144,679
1728462897100198000,0,523,719,64,229,680
1728462897101039000,0,610,632,14,298,619
1728462897101880000,0,696,520,0,362,556
1728462897102721000,0,751,426,29,433,495
1728462897103563000,40,796,266,0,491,362
1728462897104405000,165,843,178,0,525,290
1728462897105247000,289,788,83,77,553,204
1728462897106089000,389,747,20,164,558,113
1728462897106931000,498,679,0,258,537,47
1728462897107772000,596,587,0,350,498,8
1728462897108613000,674,477,0,423,429,0
1728462897109459000,746,362,20,509,370,5
1728462897110300000,776,264,96,560,289,0
1728462897111142000,787,229,202,613,210,23
1728462897111984000,760,68,322,651,181,90
1728462897112826000,749,0,426,662,5,186
1728462897113668000,773,0,572,656,1,287
1728462897114509000,672,0,693,613,0,374
1728462897115350000,461,0,738,540,0,461
1728462897116192000,339,45,802,457,0,529
1728462897117033000,235,122,847,362,0,602
1728462897117875000,146,207,846,281,52,650
1728462897118717000,65,326,827,192,105,694
1728462897119559000,10,420,776,117,183,689
1728462897120401000,0,540,698,56,253,654
1728462897121242000,0,624,577,10,334,612
1728462897122083000,0,706,472,0,393,546
1728462897122934000,109,784,330,0,449,377
1728462897123776000,110,785,229,0,493,314
1728462897124618000,226,880,146,46,531,235
1728462897125460000,311,775,69,107,562,179
1728462897126302000,425,725,0,194,564,105
1728462897127143000,523,655,0,271,533,42
1728462897127984000,617,559,0,361,476,0
1728462897128825000,698,461,0,436,418,0
1728462897129667000,738,346,53,579,333,0
1728462897130508000,760,235,137,615,261,0
1728462897131350000,770,137,228,617,196,52
1728462897132192000,738,69,341,655,130,124
1728462897133034000,701,0,554,653,82,207
1728462897133876000,612,21,634,637,36,294
1728462897134717000,501,0,591,578,0,500
1728462897135558000,423,0,762,522,0,470
1728462897136407000,327,50,813,437,0,553
1728462897137249000,216,138,843,340,7,618
1728462897138091000,122,235,851,255,52,660
1728462897138933000,41,343,822,178,125,679
1728462897139775000,0,442,746,114,200,669
1728462897140616000,0,550,668,45,261,634
1728462897141457000,0,638,577,4,349,586
1728462897142298000,49,722,469,0,386,525
1728462897143140000,0,770,320,66,459,440
1728462897143982000,64,802,253,50,514,350
1728462897144823000,218,794,119,21,542,250
1728462897145665000,337,778,42,121,559,169
1728462897146507000,455,711,0,207,549,77
1728462897147348000,554,634,0,298,506,25
1728462897148189000,634,538,0,389,462,0
1728462897149030000,706,427,17,461,400,0
1728462897149875000,757,314,52,529,322,37
1728462897150716000,781,218,139,589,253,0
1728462897151558000,784,179,252,630,178,64
1728462897152400000,746,0,370,650,184,126
1728462897153242000,674,0,485,668,96,224
1728462897154083000,617,0,585,621,0,311
1728462897154924000,506,0,693,576,0,412
1728462897155765000,403,11,767,503,0,498
1728462897156606000,293,81,825,407,0,577
1728462897157448000,198,165,850,320,21,624
1728462897158290000,93,254,846,234,68,669
1728462897159132000,34,373,796,148,149,692
1728462897159974000,0,463,733,82,221,676
1728462897160815000,0,586,642,20,293,635
1728462897161656000,0,676,541,0,366,576
1728462897162497000,0,774,476,0,402,480
1728462897163350000,64,761,234,0,473,487
1728462897164192000,212,834,165,8,537,308
1728462897165034000,261,802,104,69,552,229
1728462897165876000,370,762,41,141,550,141
1728462897166718000,469,700,0,228,542,58
1728462897167559000,569,617,0,320,508,26
1728462897168400000,651,509,0,404,448,0
1728462897169241000,738,375,16,485,407,0
1728462897170082000,770,281,82,544,289,0
1728462897170924000,832,192,192,595,213,23
1728462897171766000,754,102,298,682,165,77
1728462897172608000,676,25,428,709,93,145
1728462897173450000,631,0,509,618,40,252
1728462897174291000,555,0,615,578,10,385
1728462897175132000,477,0,709,554,0,436
1728462897175973000,375,26,787,478,0,517
1728462897176823000,273,96,834,389,0,577
1728462897177665000,166,188,853,297,29,633
1728462897178507000,79,286,834,216,90,677
1728462897179349000,13,388,773,139,159,669
1728462897180191000,0,516,719,78,229,661
1728462897181032000,0,611,618,26,312,613
1728462897181873000,0,674,509,0,373,549
1728462897182714000,0,661,394,0,498,457
1728462897183556000,111,743,258,0,418,366
1728462897184398000,303,784,213,23,485,282
1728462897185240000,294,796,85,82,554,202
1728462897186082000,383,743,21,162,557,122
1728462897186924000,501,671,0,258,535,57
1728462897187765000,594,589,0,341,497,8
1728462897188606000,677,486,0,421,438,0
1728462897189448000,729,373,36,490,357,0
1728462897190304000,776,265,174,560,279,0
1728462897191146000,791,164,217,618,224,105
1728462897191988000,765,79,302,657,153,111
1728462897192830000,706,52,407,662,85,132
1728462897193671000,700,88,538,663,30,247
1728462897194512000,567,40,654,600,64,343
1728462897195353000,453,0,739,542,0,454
1728462897196195000,353,41,806,459,0,538
1728462897197036000,228,117,837,357,0,591
1728462897197878000,149,212,847,263,42,653
1728462897198720000,55,320,832,192,101,680
1728462897199562000,0,432,781,125,175,686
1728462897200404000,0,527,688,47,257,653
1728462897201245000,0,640,591,0,330,626
1728462897202086000,0,712,502,0,374,543
1728462897202927000,9,747,402,0,459,450
1728462897203770000,92,822,324,0,533,352
1728462897204612000,196,791,66,29,522,362
1728462897205454000,312,787,65,98,559,186
1728462897206296000,421,730,5,180,552,107
1728462897207137000,533,651,0,277,529,41
1728462897207978000,621,561,0,365,484,0
1728462897208819000,687,458,0,439,413,0
1728462897209661000,745,320,64,522,386,0
1728462897210502000,778,218,125,582,301,0
1728462897211344000,779,138,220,618,180,53
1728462897212186000,809,58,346,664,122,117
1728462897213028000,598,0,469,724,58,251
1728462897213870000,566,0,590,682,23,302
1728462897214711000,498,0,646,541,0,392
1728462897215552000,434,0,757,520,0,474
1728462897216394000,322,64,815,431,0,563
1728462897217241000,218,137,846,343,0,605
1728462897218083000,127,239,843,257,66,649
1728462897218925000,41,338,821,189,122,681
1728462897219767000,0,450,733,93,202,682
1728462897220609000,0,558,672,37,270,647
1728462897221450000,0,657,560,9,341,596
1728462897222291000,0,783,456,1,399,517
1728462897223132000,106,842,338,0,464,397
1728462897223974000,110,704,235,0,587,330
1728462897224815000,228,750,130,66,590,239
1728462897225657000,340,776,45,119,562,165
1728462897226499000,450,714,0,206,542,81
1728462897227340000,545,642,1,299,522,27
1728462897228181000,636,538,0,382,471,0
1728462897229022000,706,426,7,459,404,0
1728462897229864000,743,311,68,574,322,0
1728462897230723000,769,209,146,581,250,6
1728462897231565000,779,128,261,629,175,66
1728462897232407000,730,53,432,660,117,145
1728462897233249000,685,0,372,655,45,313
1728462897234091000,602,0,514,623,32,394
1728462897234932000,521,0,645,562,0,453
1728462897235773000,405,14,775,500,0,495
1728462897236614000,293,78,824,409,0,569
1728462897237456000,192,161,860,322,15,621
1728462897238298000,100,254,837,238,74,672
1728462897239140000,32,368,797,157,149,688
1728462897239982000,0,471,736,84,206,661
1728462897240823000,0,576,651,37,279,621
1728462897241664000,0,663,553,4,363,576
1728462897242505000,36,738,433,45,413,509
1728462897243347000,8,789,333,32,482,410
1728462897244186000,132,814,178,0,529,327
1728462897245028000,252,802,114,64,552,226
1728462897245870000,372,761,32,142,546,139
1728462897246711000,469,695,0,233,544,71
1728462897247552000,564,609,0,320,504,14
1728462897248393000,657,506,0,405,453,0
1728462897249234000,724,410,18,476,383,11
1728462897250076000,770,306,77,540,297,0
1728462897250917000,791,193,171,604,229,1
1728462897251759000,767,154,287,644,161,81
1728462897252601000,719,0,388,666,154,164
1728462897253443000,678,0,509,651,50,245
1728462897254284000,591,0,610,597,0,341
1728462897255125000,498,0,721,562,0,438
1728462897255966000,373,18,789,483,0,505
1728462897256807000,272,94,837,391,1,586
1728462897257658000,169,178,849,306,32,637
1728462897258500000,85,282,837,213,85,673
1728462897259342000,26,400,797,146,144,681
1728462897260184000,0,503,719,66,245,673
1728462897261025000,0,599,625,5,320,621
1728462897261866000,0,692,511,0,382,561
1728462897262707000,14,743,298,0,415,567
1728462897263549000,138,812,242,0,490,434
1728462897264391000,181,799,151,14,519,217
1728462897265233000,277,805,79,78,547,207
1728462897266075000,389,746,14,165,557,132
1728462897266917000,504,677,0,249,546,64
1728462897267758000,590,593,0,334,489,10
1728462897268599000,677,490,0,429,434,0
1728462897269440000,826,369,36,496,354,0
1728462897270282000,820,261,121,567,277,0
1728462897271126000,767,165,203,661,209,34
1728462897271968000,767,78,308,639,154,102
1728462897272810000,705,66,448,656,84,196
1728462897273651000,634,0,546,644,45,276
1728462897274492000,538,0,759,595,38,405
1728462897275333000,458,0,743,546,0,455
1728462897276175000,348,42,798,462,0,533
1728462897277016000,245,117,832,365,4,605
1728462897277858000,146,209,850,277,41,650
1728462897278700000,56,314,832,197,101,685
1728462897279542000,1,397,776,139,184,673
1728462897280384000,0,513,693,54,232,655
1728462897281225000,0,610,590,14,309,609
1728462897282066000,0,708,489,0,386,540
1728462897282907000,137,747,405,2,429,448
1728462897283749000,57,767,233,64,493,392
1728462897284604000,133,798,192,84,535,274
1728462897285446000,312,788,69,93,555,192
1728462897286288000,433,733,5,183,549,101
1728462897287129000,517,661,0,278,528,47
1728462897287970000,612,559,0,366,481,0
1728462897288811000,690,454,0,442,419,0
1728462897289652000,749,341,87,521,346,64
1728462897290493000,784,239,107,578,272,53
1728462897291335000,793,148,224,624,192,31
1728462897292177000,752,102,335,658,132,114
1728462897293019000,687,0,440,658,141,199
1728462897293861000,641,0,565,657,68,293
1728462897294702000,555,0,677,598,0,377
1728462897295543000,435,1,752,517,0,477
1728462897296385000,322,64,816,431,0,548
1728462897297226000,212,141,855,345,6,612
1728462897298087000,128,233,839,254,58,661
1728462897298929000,42,338,818,174,114,687
1728462897299771000,0,458,760,92,194,676
1728462897300612000,0,565,670,36,270,645
1728462897301453000,0,645,579,1,346,601
1728462897302294000,0,709,474,0,402,517
1728462897303136000,42,800,398,0,463,457
1728462897303978000,130,797,151,0,530,413
1728462897304820000,312,822,97,53,536,153
1728462897305662000,332,776,53,121,559,151
1728462897306504000,448,706,0,213,551,88
1728462897307345000,541,631,0,303,522,34
1728462897308186000,642,540,0,380,471,0
1728462897309027000,711,436,13,455,397,0
1728462897309869000,762,308,66,533,303,0
1728462897310710000,834,210,154,589,250,0
1728462897311550000,762,116,254,685,175,64
1728462897312392000,736,42,365,675,120,143
1728462897313233000,648,8,493,618,52,274
1728462897314074000,596,41,613,608,9,345
1728462897314915000,498,16,691,564,0,401
1728462897315756000,406,10,770,503,0,485
1728462897316597000,293,69,812,412,0,568
1728462897317439000,192,161,845,322,13,621
1728462897318281000,105,266,849,232,69,666
1728462897319122000,29,366,816,160,130,684
1728462897319964000,0,485,741,96,215,679
1728462897320805000,0,576,650,29,295,633
1728462897321646000,0,664,533,0,366,576
1728462897322487000,18,700,416,0,441,482
1728462897323329000,106,736,306,0,509,398
1728462897324171000,189,791,232,2,461,305
1728462897325020000,312,783,114,66,528,207
1728462897325862000,362,759,26,142,561,138
1728462897326704000,481,697,0,226,549,75
1728462897327545000,570,612,0,320,501,21
1728462897328386000,662,512,0,410,450,0
1728462897329227000,721,405,25,480,386,0
1728462897330069000,761,289,178,549,313,0
1728462897330911000,785,186,216,603,235,23
1728462897331753000,770,93,250,636,168,117
1728462897332595000,759,34,384,666,93,106
1728462897333437000,645,98,493,677,64,197
1728462897334278000,587,66,613,658,9,322
1728462897335119000,488,10,713,562,0,426
1728462897335960000,380,26,778,480,0,510
1728462897336801000,267,109,836,388,0,595
1728462897337643000,175,181,852,301,26,636
1728462897338506000,74,277,839,208,90,676
1728462897339348000,13,383,781,149,158,683
1728462897340190000,0,501,722,69,233,666
1728462897341031000,0,600,622,17,302,630
1728462897341872000,0,695,520,0,370,568
1728462897342713000,0,769,405,0,429,476
1728462897343555000,74,815,279,0,501,369
1728462897344397000,178,807,255,18,554,306
1728462897345239000,277,789,81,74,557,218
1728462897346081000,389,749,26,162,554,119
1728462897346923000,494,685,0,245,541,58
1728462897347764000,591,591,0,338,494,9
1728462897348605000,672,480,0,421,441,0
1728462897349446000,736,410,32,501,363,0
1728462897350287000,776,250,113,562,359,0
1728462897351129000,785,149,202,608,238,28
1728462897351967000,765,75,299,648,139,96
1728462897352809000,785,8,431,653,64,196
1728462897353651000,558,0,552,704,30,320
1728462897354492000,506,0,658,650,0,354
1728462897355333000,458,0,737,539,0,458
1728462897356174000,350,37,804,458,0,529
1728462897357015000,247,118,846,370,0,593
1728462897357857000,142,206,847,282,42,648
1728462897358699000,64,303,818,195,106,676
1728462897359541000,23,426,767,122,183,679
1728462897360383000,0,528,682,64,250,648
1728462897361224000,0,619,587,16,326,594
1728462897362065000,0,704,494,0,389,537
1728462897362906000,64,832,356,0,448,429
1728462897363748000,92,722,254,0,581,352
1728462897364590000,233,754,146,45,583,258
1728462897365499000,303,786,69,98,556,180
1728462897366341000,407,725,9,192,559,104
1728462897367182000,522,653,0,271,533,42
1728462897368023000,616,569,0,356,485,0
1728462897368864000,693,461,0,436,420,0
1728462897369706000,737,347,52,504,340,0
1728462897370547000,773,247,136,564,261,0
1728462897371389000,769,144,232,621,194,47
1728462897372231000,752,58,370,661,138,117
1728462897373073000,706,0,352,661,66,303
1728462897373914000,657,2,524,637,42,354
1728462897374755000,604,20,605,581,0,301
1728462897375596000,430,0,753,526,0,465
1728462897376438000,324,53,820,442,0,553
1728462897377279000,222,128,842,352,9,612
1728462897378121000,126,234,850,249,50,665
1728462897378912000,50,341,826,184,119,682
1728462897379754000,0,434,761,112,186,665
1728462897380595000,0,543,687,48,261,650
1728462897381436000,0,630,565,10,345,596
1728462897382277000,0,709,458,0,408,522
1728462897383118000,0,767,361,21,455,440
1728462897383960000,100,801,218,0,497,338
1728462897384802000,197,811,133,8,533,266
1728462897385643000,326,779,53,119,562,175
1728462897386485000,441,709,0,210,553,87
1728462897387326000,554,634,0,293,535,32
1728462897388167000,634,541,0,377,463,0
1728462897389008000,705,431,10,458,391,0
1728462897389850000,753,324,64,532,329,0
1728462897390691000,776,295,142,586,249,0
1728462897391533000,783,160,247,639,179,58
1728462897392385000,751,33,368,658,143,141
1728462897393227000,687,0,482,650,5,225
1728462897394069000,730,0,642,658,0,314
1728462897394910000,594,0,741,585,0,410
1728462897395751000,405,5,762,505,0,492
1728462897396593000,296,83,821,411,0,576
1728462897397435000,199,154,847,320,13,623
1728462897398277000,101,265,844,238,68,667
1728462897399119000,21,359,805,167,133,683
1728462897399961000,0,480,740,82,221,674
1728462897400802000,0,583,625,25,288,645
1728462897401643000,0,672,535,0,354,580
1728462897402484000,17,738,434,0,418,494
1728462897403326000,42,860,290,4,497,362
1728462897404168000,173,887,192,29,524,283
1728462897405010000,244,698,103,58,614,218
1728462897405855000,361,759,40,138,555,139
1728462897406697000,473,704,0,226,548,69
1728462897407538000,562,608,0,322,512,16
1728462897408379000,650,513,0,402,458,0
1728462897409220000,722,401,17,480,382,0
1728462897410062000,746,287,79,578,309,0
1728462897410903000,773,194,178,591,229,21
1728462897411745000,765,110,284,640,165,78
1728462897412587000,736,31,443,665,105,166
1728462897413429000,660,0,546,642,37,357
1728462897414270000,586,0,537,608,5,425
1728462897415111000,501,0,660,555,0,482
1728462897415952000,383,29,785,480,0,506
1728462897416793000,265,97,842,388,0,578
1728462897417635000,165,178,855,304,26,638
1728462897418477000,88,286,832,217,88,674
1728462897419329000,23,394,791,138,154,690
1728462897420171000,0,495,730,74,218,658
1728462897421012000,0,608,635,20,312,625
1728462897421853000,0,689,538,0,373,568
1728462897422694000,8,736,391,33,429,487
1728462897423536000,23,797,314,18,490,407
1728462897424378000,132,809,165,0,522,295
1728462897425220000,286,815,90,75,549,197
1728462897426062000,383,744,22,169,560,122
1728462897426904000,496,680,0,245,542,57
1728462897427745000,591,589,0,340,506,6
1728462897428586000,679,488,0,421,434,0
1728462897429428000,747,392,34,498,362,0
1728462897430269000,773,267,98,562,295,0
1728462897431111000,778,233,198,612,219,26
1728462897431953000,765,67,296,650,189,98
1728462897432802000,724,0,421,663,110,174
1728462897433644000,651,0,528,637,0,266
1728462897434485000,682,0,674,612,0,365
1728462897435326000,491,0,738,547,0,444
1728462897436167000,354,36,799,463,0,529
1728462897437008000,242,106,834,372,0,608
1728462897437850000,149,204,854,276,36,654
1728462897438692000,71,308,832,201,98,674
1728462897439534000,5,425,755,122,178,693
1728462897440376000,0,521,693,57,253,660
1728462897441217000,0,626,597,9,325,615
1728462897442058000,0,709,468,0,386,543
1728462897442900000,50,769,322,0,476,509
1728462897443742000,169,811,233,0,488,277
1728462897444584000,197,914,149,64,553,241
1728462897445426000,309,799,69,97,555,194
1728462897446281000,421,733,10,178,558,106
1728462897447123000,517,661,0,269,523,42
1728462897447964000,611,569,0,362,477,0
1728462897448805000,687,469,0,437,425,0
1728462897449647000,793,349,64,514,338,0
1728462897450489000,756,235,125,621,261,0
1728462897451331000,767,136,225,655,202,42
1728462897452173000,751,68,335,653,135,117
1728462897453015000,687,41,474,650,71,178
1728462897453856000,617,0,669,641,65,320
1728462897454697000,537,8,756,590,20,406
1728462897455538000,434,0,754,523,0,471
1728462897456380000,322,58,815,436,0,554
1728462897457221000,226,137,847,345,4,612
1728462897458062000,117,233,852,258,53,656
1728462897458904000,36,325,821,189,118,682
1728462897459748000,0,421,736,101,196,663
1728462897460590000,0,538,659,43,266,650
1728462897461431000,0,642,564,1,320,586
1728462897462272000,0,721,455,0,389,522
1728462897463114000,154,756,405,0,442,436
1728462897463956000,180,779,197,66,482,340
1728462897464798000,146,796,139,94,529,266
1728462897465640000,331,776,64,117,554,165
1728462897466482000,439,719,0,201,551,81
1728462897467323000,540,642,0,293,522,40
1728462897468164000,633,545,0,381,471,0
1728462897469005000,708,431,2,465,401,0
1728462897469847000,756,322,52,528,338,74
1728462897470688000,783,221,129,576,245,69
1728462897471530000,776,133,248,632,181,42
1728462897472372000,744,98,364,665,130,141
1728462897473222000,674,0,480,648,132,213
1728462897474063000,605,0,590,653,73,309
1728462897474904000,542,0,669,581,0,395
1728462897475745000,407,13,773,503,0,489
1728462897476587000,294,74,832,420,0,560
1728462897477428000,192,159,852,330,21,626
1728462897478270000,109,266,834,234,77,670
1728462897479112000,42,362,794,171,138,687
1728462897479954000,0,480,739,90,209,674
1728462897480795000,0,570,657,29,295,642
1728462897481636000,0,666,549,0,361,580
1728462897482477000,10,732,426,0,422,499
1728462897483318000,74,773,239,0,476,513
1728462897484160000,194,824,165,2,521,357
1728462897485002000,244,812,79,57,546,162
1728462897485844000,361,762,30,142,557,149
1728462897486696000,466,698,0,218,543,73
1728462897487537000,576,617,0,320,509,23
1728462897488378000,658,522,0,406,453,0
1728462897489219000,730,405,22,480,386,0
1728462897490061000,850,292,96,554,303,0
1728462897490902000,832,186,173,659,228,20
1728462897491744000,754,101,276,656,170,85
1728462897492586000,727,32,398,659,98,155
1728462897493428000,678,0,506,641,56,258
1728462897494269000,570,0,742,614,21,376
1728462897495110000,469,4,791,558,17,441
1728462897495952000,378,29,776,480,0,512
1728462897496793000,269,90,834,388,0,575
1728462897497635000,177,181,853,301,22,633
1728462897498477000,79,281,835,218,85,682
1728462897499319000,13,389,789,149,156,691
1728462897500165000,0,490,714,78,234,666
1728462897501006000,0,593,618,13,284,629
1728462897501847000,0,679,529,0,348,560
1728462897502688000,34,752,410,0,416,460
1728462897503530000,154,773,306,0,469,378
1728462897504372000,78,789,194,74,509,326
1728462897505214000,226,776,94,4,543,197
1728462897506056000,395,749,20,162,565,122
1728462897506897000,490,682,0,249,538,53
1728462897507738000,587,581,0,349,498,9
1728462897508579000,666,487,0,418,437,0
1728462897509421000,738,376,37,502,369,0
1728462897510262000,773,273,78,557,293,64
1728462897511104000,789,171,182,608,215,73
1728462897511946000,767,85,298,644,156,82
1728462897512788000,711,48,426,672,84,165
1728462897513642000,650,0,514,634,125,250
1728462897514483000,554,0,649,626,50,363
1728462897515324000,466,0,725,546,5,449
1728462897516165000,356,47,798,458,0,537
1728462897517006000,247,122,842,370,0,591
1728462897517848000,138,201,849,284,37,647
1728462897518690000,72,309,820,201,105,680
1728462897519532000,10,430,784,116,173,690
1728462897520374000,0,543,704,56,247,658
1728462897521215000,0,637,601,10,320,609
1728462897522056000,0,696,501,0,386,542
1728462897522897000,37,761,427,0,466,456
1728462897523739000,105,835,313,0,501,370
1728462897524580000,209,801,85,10,549,335
1728462897525422000,309,784,66,98,549,165
1728462897526264000,409,730,8,181,554,109
1728462897527114000,518,650,0,274,533,42
1728462897527955000,613,567,0,357,489,0
1728462897528796000,693,465,0,437,418,0
1728462897529638000,743,361,50,514,354,0
1728462897530479000,782,230,127,576,248,0
1728462897531321000,864,145,237,626,194,40
1728462897532163000,741,64,330,687,136,126
1728462897533005000,660,1,474,694,64,192
1728462897533847000,599,8,576,610,18,323
1728462897534688000,509,49,680,577,0,364
1728462897535529000,431,0,758,526,0,469
1728462897536371000,330,48,815,443,0,548
1728462897537212000,224,133,838,346,5,616
1728462897538054000,130,228,850,253,53,657
1728462897538896000,58,334,822,185,129,680
1728462897539738000,0,441,762,117,193,672
1728462897540588000,0,521,671,31,271,657
1728462897541429000,0,645,576,5,350,605
1728462897542270000,0,714,465,0,400,530
1728462897543112000,66,735,341,0,383,427
1728462897543953000,258,783,274,13,482,329
1728462897544795000,299,794,159,43,526,250
1728462897545637000,327,773,58,117,562,165
1728462897546479000,442,715,0,205,546,82
1728462897547320000,548,642,0,296,516,30
1728462897548161000,629,549,0,376,466,0
1728462897549002000,708,434,8,461,405,0
1728462897549843000,766,322,125,530,338,0
1728462897550684000,780,226,201,583,251,8
1728462897551526000,775,128,237,628,178,106
1728462897552368000,746,54,369,661,122,125
1728462897553210000,724,71,469,687,64,193
1728462897554068000,629,20,578,621,98,298
1728462897554909000,504,0,683,559,71,410
1728462897555750000,410,5,776,504,0,498
1728462897556592000,300,74,824,430,0,563
1728462897557434000,198,159,851,325,18,621
1728462897558276000,102,250,839,239,72,666
1728462897559118000,34,370,798,165,142,696
1728462897559960000,0,476,740,85,218,680
1728462897560801000,0,578,658,32,274,639
1728462897561642000,0,671,554,1,354,565
1728462897562483000,1,744,435,0,417,512
1728462897563324000,74,786,410,0,527,430
1728462897564166000,156,820,258,0,510,368
1728462897565008000,255,793,66,50,564,302
1728462897565850000,373,767,41,136,570,145
1728462897566692000,461,697,0,228,542,74
1728462897567535000,560,610,0,320,511,21
1728462897568376000,652,512,0,397,453,0
1728462897569217000,724,418,14,474,387,0
1728462897570059000,772,276,82,535,343,0
1728462897570900000,788,178,176,599,212,9
1728462897571742000,834,101,281,645,154,78
1728462897572584000,730,26,391,701,106,161
1728462897573426000,610,0,517,682,45,238
1728462897574268000,545,0,605,579,0,351
1728462897575109000,474,9,727,542,0,442
1728462897575950000,378,21,786,485,0,501
1728462897576791000,276,86,839,402,0,580
1728462897577633000,178,175,841,302,29,631
1728462897578475000,89,280,837,211,81,676
1728462897579317000,10,385,801,149,154,677
1728462897580159000,0,495,704,78,236,668
1728462897581005000,0,606,618,27,309,618
1728462897581846000,0,679,511,0,370,549
1728462897582687000,20,730,392,0,437,480
1728462897583529000,85,736,285,2,530,377
1728462897584371000,185,772,180,2,453,282
1728462897585213000,410,767,129,98,523,197
1728462897586055000,388,749,16,157,559,136
1728462897586896000,492,677,0,242,541,64
1728462897587737000,597,586,0,335,511,10
1728462897588578000,671,489,0,409,430,0
1728462897589419000,742,386,36,506,360,0
1728462897590261000,762,273,111,548,290,0
1728462897591102000,770,171,202,610,218,33
1728462897591944000,760,90,340,650,154,105
1728462897592786000,725,16,416,661,98,214
1728462897593628000,708,0,498,645,18,192
1728462897594483000,542,15,615,611,1,308
1728462897595324000,434,92,719,560,0,405
1728462897596165000,352,40,810,463,0,533
1728462897597006000,245,104,834,373,0,594
1728462897597848000,153,202,852,277,36,645
1728462897598690000,76,314,832,200,101,677
1728462897599532000,0,412,779,129,170,682
1728462897600374000,0,497,689,64,239,669
1728462897601215000,0,619,610,10,330,623
1728462897602056000,0,704,494,0,389,548
1728462897602897000,21,774,378,0,448,467
1728462897603739000,82,800,253,0,491,377
1728462897604581000,178,855,186,11,530,252
1728462897605423000,286,776,186,93,567,192
1728462897606265000,414,741,1,176,559,114
1728462897607107000,517,660,0,266,527,49
1728462897607946000,609,569,0,359,481,0
1728462897608787000,695,467,0,434,418,0
1728462897609629000,751,358,50,514,355,0
1728462897610470000,774,328,121,576,276,0
1728462897611312000,786,194,215,633,209,43
1728462897612154000,761,53,338,648,164,117
1728462897612996000,712,0,456,666,37,201
1728462897613837000,755,0,613,665,2,302
1728462897614678000,641,0,684,600,0,389
1728462897615519000,508,0,756,531,0,476
1728462897616361000,328,58,805,448,0,554
1728462897617202000,226,133,847,338,0,612
1728462897618044000,129,228,854,261,56,650
1728462897618886000,47,335,821,185,117,690
1728462897619728000,0,448,754,101,194,681
1728462897620570000,0,549,661,39,263,655
1728462897621422000,0,645,580,10,335,590
1728462897622263000,2,725,472,0,394,521
1728462897623105000,56,781,335,0,461,372
1728462897623947000,133,903,225,29,529,306
1728462897624789000,242,871,119,23,625,235
1728462897625631000,335,761,57,113,555,173
1728462897626473000,437,719,5,202,554,84
1728462897627314000,535,642,0,298,522,29
1728462897628155000,624,538,0,377,469,0
1728462897628996000,712,434,10,455,410,0
1728462897629837000,740,327,64,555,330,0
1728462897630678000,762,217,149,610,248,4
1728462897631520000,783,125,247,626,199,56
1728462897632362000,741,42,413,663,121,137
1728462897633204000,682,18,534,660,85,234
1728462897634045000,604,0,482,618,10,420
1728462897634892000,512,0,599,569,0,482
1728462897635733000,417,18,769,509,0,493
1728462897636575000,301,68,824,418,0,562
1728462897637417000,192,149,853,329,11,628
1728462897638259000,105,250,839,249,66,668
1728462897639101000,39,360,811,162,133,691
1728462897639943000,0,469,750,93,197,677
1728462897640784000,0,568,663,36,272,642
1728462897641625000,0,658,553,0,350,583
1728462897642466000,13,732,444,0,424,506
1728462897643308000,0,779,338,37,467,448
1728462897644150000,106,805,207,0,514,306
1728462897644992000,214,818,116,25,545,258
1728462897645834000,353,772,48,136,559,145
1728462897646676000,461,693,0,221,546,66
1728462897647517000,567,613,0,312,514,22
1728462897648368000,648,517,0,393,453,0
1728462897649209000,728,413,11,475,389,0
1728462897650051000,773,299,66,540,306,18
1728462897650892000,792,213,173,598,226,1
1728462897651734000,765,161,274,644,170,71
1728462897652576000,738,21,388,669,143,154
1728462897653418000,704,0,502,679,92,234
1728462897654259000,613,0,616,626,0,335
1728462897655100000,466,0,712,550,0,426
1728462897655942000,382,26,794,488,0,513
1728462897656783000,274,85,834,401,0,578
1728462897657625000,178,188,843,301,30,645
1728462897658467000,87,277,837,212,82,676
1728462897659309000,14,387,792,151,154,681
1728462897660151000,0,495,724,74,233,669
1728462897660992000,0,594,633,21,306,625
1728462897661838000,0,685,516,0,373,565
1728462897662679000,20,754,401,0,431,485
1728462897663520000,85,786,221,0,505,442
1728462897664362000,238,810,145,11,510,210
1728462897665204000,250,888,81,111,557,185
1728462897666046000,372,738,18,153,558,129
1728462897666888000,490,685,0,242,533,64
1728462897667729000,589,604,0,329,496,18
1728462897668570000,674,504,0,409,436,1
1728462897669411000,740,383,33,495,364,0
1728462897670253000,856,270,105,554,277,0
1728462897671095000,833,162,202,658,209,26
1728462897671937000,744,85,299,673,151,101
1728462897672779000,715,21,418,661,82,178
1728462897673621000,627,17,534,632,37,248
1728462897674462000,548,37,645,593,0,337
1728462897675309000,448,0,715,535,0,448
1728462897676150000,348,31,805,469,0,529
1728462897676991000,250,101,837,388,0,594
1728462897677833000,154,202,855,277,34,648
1728462897678675000,71,305,832,201,104,678
1728462897679517000,0,404,782,136,173,687
1728462897680359000,0,498,681,45,258,661
1728462897681200000,0,613,591,10,324,614
1728462897682041000,0,684,492,0,381,533
1728462897682882000,40,763,373,0,436,456
1728462897683724000,217,783,314,0,463,359
1728462897684566000,247,799,132,81,514,292
1728462897685408000,244,772,82,133,554,206
1728462897686250000,407,738,4,170,547,114
1728462897687092000,517,663,0,276,524,45
1728462897687933000,610,576,0,354,490,0
1728462897688784000,685,469,0,439,420,0
1728462897689626000,744,352,49,520,349,0
1728462897690467000,779,245,186,576,277,5
1728462897691309000,784,153,214,618,201,104
1728462897692151000,757,69,322,660,130,93
1728462897692993000,704,36,453,677,74,192
1728462897693835000,669,39,551,634,26,274
1728462897694676000,514,0,648,587,66,378
1728462897695517000,429,0,730,530,34,457
1728462897696358000,331,54,810,440,0,546
1728462897697200000,231,134,847,352,9,601
1728462897698042000,122,224,850,266,56,658
1728462897698884000,49,333,810,177,120,682
1728462897699726000,0,448,762,104,185,686
1728462897700567000,0,557,685,46,266,657
1728462897701408000,0,649,581,0,338,583
1728462897702266000,0,728,474,0,407,532
1728462897703108000,37,768,392,0,471,436
1728462897703950000,121,836,290,0,501,369
1728462897704792000,221,797,85,13,553,309
1728462897705634000,335,779,34,113,564,120
1728462897706476000,434,722,0,202,554,91
1728462897707317000,541,632,0,292,523,36
1728462897708158000,628,549,0,377,471,0
1728462897708999000,704,443,0,452,405,0
1728462897709841000,763,327,68,528,329,0
1728462897710683000,786,207,153,586,242,0
1728462897711525000,853,122,247,633,181,66
1728462897712367000,730,53,361,682,117,134
1728462897713209000,665,0,480,617,64,226
1728462897714050000,581,23,599,611,2,343
1728462897714891000,477,34,706,556,0,397
1728462897715731000,383,6,767,497,0,485
1728462897716573000,309,69,816,419,0,566
1728462897717415000,202,154,846,330,16,632
1728462897718257000,113,250,846,235,64,666
1728462897719099000,33,360,814,165,136,686
1728462897719941000,0,465,741,97,212,678
1728462897720783000,0,565,656,33,285,642
1728462897721624000,0,661,546,0,357,581
1728462897722465000,14,725,453,0,412,511
1728462897723307000,64,746,320,0,407,395
1728462897724149000,272,791,261,26,490,306
1728462897724991000,312,778,105,110,523,247
1728462897725833000,345,762,37,133,562,154
1728462897726675000,469,699,0,220,546,77
1728462897727516000,568,622,0,314,506,23
1728462897728357000,655,517,0,400,458,0
1728462897729205000,725,416,17,476,394,0
1728462897730046000,761,299,149,543,314,0
1728462897730888000,782,194,210,612,240,18
1728462897731730000,778,106,269,638,170,123
1728462897732572000,732,36,378,660,105,144
1728462897733414000,700,70,501,677,57,224
1728462897734255000,613,33,576,617,69,310
1728462897735096000,501,0,693,559,65,398
1728462897735937000,383,17,785,489,0,509
1728462897736778000,282,92,833,392,0,583
1728462897737620000,176,180,855,306,26,631
1728462897738462000,79,277,842,224,82,674
1728462897739304000,18,373,786,144,157,685
1728462897740146000,0,485,724,64,209,680
1728462897740987000,0,610,637,28,298,628
1728462897741828000,0,683,525,0,368,565
1728462897742695000,21,761,418,0,433,480
1728462897743537000,72,779,382,0,533,410
1728462897744379000,169,834,149,5,517,397
1728462897745221000,303,805,32,64,581,255
1728462897746063000,376,754,27,154,554,125
1728462897746905000,485,685,0,253,542,65
1728462897747746000,589,595,0,333,502,14
1728462897748587000,674,491,0,418,442,0
1728462897749428000,738,392,28,490,373,0
1728462897750270000,775,249,101,549,316,0
1728462897751111000,792,164,200,610,202,25
1728462897751953000,809,86,305,650,146,86
1728462897752795000,698,10,414,685,87,186
1728462897753637000,591,0,553,696,29,260
1728462897754478000,517,0,629,544,0,353
1728462897755319000,429,10,706,501,0,484
1728462897756155000,361,36,799,465,0,514
1728462897756996000,250,110,842,380,0,586
1728462897757838000,154,196,842,293,40,648
1728462897758680000,69,305,832,198,103,679
1728462897759522000,8,410,776,132,165,684
1728462897760364000,0,522,698,66,245,651
1728462897761205000,0,619,619,18,322,613
1728462897762046000,0,697,495,0,392,541
1728462897762887000,36,759,378,0,453,466
1728462897763729000,97,736,250,1,552,369
1728462897764571000,207,764,178,18,465,267
1728462897765413000,404,782,122,105,525,186
1728462897766255000,404,730,10,174,555,106
1728462897767096000,528,666,0,265,539,47
1728462897767937000,608,576,0,352,488,4
1728462897768778000,690,472,0,438,416,0
1728462897769618000,749,360,44,513,346,0
1728462897770459000,767,258,133,562,272,0
1728462897771301000,777,151,293,619,201,50
1728462897772143000,760,64,360,662,139,117
1728462897772985000,706,4,437,661,66,226
1728462897773827000,689,18,521,640,4,197
1728462897774668000,530,0,645,597,0,320
1728462897775509000,412,89,733,558,1,448
1728462897776351000,330,46,810,448,0,550
1728462897777193000,226,139,842,354,5,618
1728462897778035000,136,221,845,258,53,658
1728462897778877000,43,330,815,184,117,679
1728462897779719000,0,434,766,114,192,682
1728462897780561000,0,535,681,50,267,654
1728462897781402000,0,633,568,0,334,593
1728462897782243000,0,718,471,0,388,529
1728462897783096000,53,778,352,0,461,437
1728462897783938000,121,855,250,0,509,322
1728462897784780000,210,802,229,49,583,269
1728462897785622000,329,779,92,106,549,266
1728462897786464000,437,722,0,188,549,97
1728462897787306000,541,648,0,293,514,37
1728462897788147000,631,547,0,380,476,0
1728462897788988000,709,444,5,453,412,0
1728462897789830000,760,322,69,533,327,0
1728462897790671000,785,193,138,594,313,0
1728462897791513000,779,110,248,626,215,64
1728462897792355000,759,42,357,661,101,132
1728462897793197000,733,5,489,665,56,231
1728462897794039000,519,0,586,702,15,362
1728462897794880000,450,0,712,625,0,420
1728462897795721000,372,10,762,554,0,494
1728462897796570000,306,77,820,421,0,569
1728462897797412000,206,156,858,330,14,618
1728462897798254000,106,250,842,242,68,663
1728462897799096000,36,361,805,165,138,682
1728462897799938000,0,471,750,90,197,674
1728462897800780000,0,578,653,34,274,613
1728462897801621000,0,661,549,0,354,576
1728462897802462000,0,740,434,0,414,495
1728462897803304000,96,820,309,0,476,397
1728462897804145000,133,738,202,14,577,325
1728462897804987000,258,752,114,53,462,218
1728462897805829000,440,752,36,136,535,122
1728462897806671000,463,704,0,227,550,81
1728462897807512000,553,616,0,310,509,21
1728462897808353000,653,516,0,402,466,0
1728462897809194000,722,420,5,471,394,0
1728462897810049000,764,294,84,532,308,0
1728462897810891000,782,200,171,594,238,13
1728462897811733000,765,105,327,640,170,84
1728462897812575000,732,26,406,661,106,158
1728462897813417000,670,0,410,642,37,330
1728462897814258000,589,0,548,612,23,407
1728462897815099000,545,16,666,554,0,427
1728462897815940000,385,18,781,490,0,497
1728462897816782000,273,86,833,398,0,583
1728462897817624000,177,172,849,313,23,631
1728462897818466000,87,277,842,216,74,677
1728462897819308000,23,392,792,142,148,696
1728462897820149000,0,511,737,81,217,658
1728462897820990000,0,591,645,26,289,629
1728462897821831000,0,668,538,0,370,576
1728462897822672000,0,738,419,0,427,490
1728462897823516000,30,779,290,0,476,362
1728462897824358000,138,818,200,0,512,320
1728462897825200000,257,796,101,58,557,204
1728462897826042000,379,746,21,158,559,129
1728462897826884000,496,682,0,239,551,64
1728462897827725000,581,596,0,327,497,13
1728462897828566000,669,493,0,417,433,0
1728462897829407000,736,387,34,491,373,0
1728462897830249000,765,339,95,553,292,0
1728462897831091000,784,224,192,616,282,29
1728462897831933000,776,65,299,644,186,93
1728462897832775000,724,10,413,665,72,173
1728462897833616000,757,0,578,674,16,263
1728462897834458000,632,0,638,608,0,370
1728462897835299000,378,0,738,612,0,496
1728462897836141000,357,40,794,466,0,533
1728462897836989000,255,106,839,373,0,591
1728462897837831000,166,202,847,288,37,645
1728462897838673000,65,311,833,212,94,681
1728462897839515000,9,402,775,134,174,683
1728462897840357000,0,520,706,55,245,670
1728462897841198000,0,624,591,16,320,613
1728462897842039000,0,706,488,0,385,523
1728462897842880000,29,767,378,0,453,462
1728462897843722000,125,863,260,0,489,337
1728462897844564000,185,676,142,26,607,250
1728462897845406000,314,730,68,94,511,186
1728462897846248000,407,733,10,170,547,107
1728462897847089000,509,676,0,265,535,58
1728462897847930000,602,576,0,354,490,0
1728462897848771000,698,466,0,434,431,0
1728462897849613000,749,361,41,513,358,0
1728462897850472000,761,254,126,550,272,0
1728462897851314000,775,158,228,610,192,41
1728462897852156000,754,75,409,656,139,120
1728462897852998000,706,0,460,664,69,203
1728462897853840000,653,0,497,629,64,359
1728462897854681000,597,21,621,594,0,309
1728462897855522000,485,0,704,529,0,395
1728462897856364000,323,52,818,448,0,544
1728462897857205000,222,122,847,357,1,608
1728462897858047000,133,235,846,259,54,669
1728462897858889000,60,330,822,181,117,690
1728462897859731000,0,437,753,113,188,674
1728462897860573000,0,540,690,64,261,660
1728462897861414000,0,641,580,4,329,604
1728462897862255000,0,706,480,0,395,530
1728462897863096000,32,779,346,0,471,450
1728462897863935000,96,793,233,0,509,365
1728462897864777000,209,873,146,23,540,244
1728462897865619000,320,765,162,106,584,175
1728462897866461000,437,717,0,197,555,92
1728462897867302000,538,644,0,288,526,34
1728462897868143000,629,549,0,369,469,0
1728462897868984000,707,455,11,439,402,0
1728462897869826000,760,333,69,532,335,0
1728462897870667000,773,277,141,586,251,0
1728462897871509000,778,100,244,637,234,56
1728462897872351000,748,40,362,652,100,132
1728462897873193000,730,0,480,663,46,215
1728462897874035000,709,0,617,635,0,312
1728462897874876000,576,0,677,654,0,418
1728462897875717000,309,0,761,577,0,528
1728462897876558000,299,67,817,421,0,562
1728462897877404000,204,148,849,326,9,623
1728462897878246000,114,247,846,242,57,661
1728462897879088000,32,357,799,170,137,690
1728462897879930000,0,457,738,101,210,676
1728462897880771000,0,568,626,32,297,644
1728462897881612000,0,658,528,0,353,583
1728462897882453000,18,736,440,0,413,510
1728462897883295000,77,787,314,0,466,378
1728462897884137000,154,911,205,34,525,276
1728462897884979000,245,852,110,42,617,225
1728462897885821000,348,706,34,132,610,145
1728462897886662000,475,709,0,212,555,82
1728462897887503000,561,623,0,320,507,20
1728462897888344000,655,522,0,394,454,0
1728462897889185000,714,420,20,467,391,0
1728462897890027000,759,300,84,553,314,0
1728462897890880000,767,210,165,618,240,23
1728462897891722000,757,106,261,625,175,77
1728462897892563000,733,36,389,661,98,155
1728462897893405000,658,0,576,664,55,238
1728462897894246000,578,4,684,615,34,332
1728462897895087000,498,5,758,566,0,424
1728462897895928000,402,21,736,485,0,552
1728462897896769000,281,90,834,393,0,577
1728462897897611000,189,174,852,306,23,631
1728462897898453000,87,269,853,228,80,674
1728462897899295000,21,381,791,146,149,690
1728462897900137000,0,490,736,71,220,673
1728462897900978000,0,585,634,17,290,626
1728462897901819000,0,671,535,0,357,554
1728462897902660000,23,747,429,0,434,482
1728462897903502000,42,775,279,50,477,405
1728462897904351000,114,804,207,64,529,293
1728462897905193000,237,801,90,36,546,231
1728462897906035000,377,753,22,151,549,129
1728462897906877000,482,693,0,242,542,74
1728462897907718000,580,594,0,335,501,10
1728462897908559000,679,498,0,420,456,0
1728462897909400000,736,393,34,493,377,0
1728462897910242000,777,278,96,549,294,29
1728462897911084000,789,176,186,614,215,0
1728462897911926000,769,148,298,647,159,88
1728462897912768000,729,0,412,663,122,174
1728462897913610000,692,0,526,655,33,264
1728462897914451000,571,0,640,602,0,367
1728462897915292000,596,0,727,546,0,434
1728462897916133000,356,34,799,468,0,516
1728462897916974000,250,105,833,377,0,594
1728462897917987000,154,199,849,287,37,655
1728462897918829000,75,298,832,202,98,677
1728462897919671000,16,409,778,130,162,682
1728462897920513000,0,511,706,66,249,668
1728462897921354000,0,617,616,10,322,615
1728462897922195000,0,704,501,0,393,554
1728462897923036000,26,762,383,0,448,470
1728462897923877000,122,800,214,0,528,426
1728462897924719000,257,819,144,20,525,207
1728462897925561000,298,904,74,132,570,160
1728462897926403000,409,730,10,178,559,114
1728462897927245000,516,666,0,265,540,50
1728462897928086000,608,578,0,349,485,5
1728462897928927000,684,476,0,427,421,0
1728462897929768000,751,357,41,509,352,0
1728462897930609000,854,250,126,576,266,0
1728462897931301000,752,141,221,668,194,37
1728462897932143000,738,66,320,638,138,114
1728462897932985000,704,8,444,664,69,197
1728462897933827000,626,0,549,635,37,290
1728462897934668000,533,0,767,590,9,388
1728462897935509000,429,6,847,521,29,497
1728462897936351000,330,47,808,451,0,546
1728462897937192000,232,125,836,360,0,602
1728462897938034000,133,224,858,260,43,661
1728462897938876000,50,327,832,192,114,682
1728462897939718000,0,425,765,114,186,679
1728462897940560000,0,530,679,55,269,641
1728462897941401000,0,613,576,7,335,587
1728462897942242000,0,705,453,0,407,525
1728462897943084000,56,776,354,0,453,440
1728462897943926000,235,797,312,10,484,341
1728462897944763000,174,791,125,122,530,290
1728462897945605000,266,773,93,146,543,162
1728462897946447000,441,724,0,192,557,95
1728462897947288000,539,644,0,289,522,34
1728462897948129000,633,554,0,372,465,0
1728462897948970000,692,448,9,453,407,0
1728462897949812000,756,332,62,530,338,0
1728462897950653000,779,234,192,583,258,13
1728462897951495000,780,130,229,629,188,110
1728462897952337000,755,53,342,663,117,114
1728462897953179000,692,45,474,674,64,213
1728462897954021000,649,70,578,642,15,284
1728462897954862000,535,0,673,578,69,389
1728462897955703000,409,0,747,520,56,471
1728462897956544000,306,64,817,418,0,564
1728462897957386000,220,149,850,334,18,617
1728462897958251000,105,250,842,242,65,661
1728462897959093000,32,348,808,170,133,686
1728462897959935000,0,463,738,93,214,681
1728462897960776000,0,570,654,13,273,658
1728462897961617000,0,677,560,0,346,591
1728462897962458000,0,741,448,0,412,496
1728462897963300000,64,785,325,0,474,420
1728462897964142000,133,845,286,2,527,322
1728462897964984000,244,778,57,45,557,309
1728462897965826000,418,794,0,137,560,72
1728462897966668000,458,718,0,218,548,79
1728462897967509000,554,618,0,309,514,25
1728462897968350000,657,522,0,399,469,0
1728462897969191000,717,417,13,477,388,0
1728462897970033000,763,302,82,533,308,0
1728462897970875000,789,199,177,596,214,14
1728462897971715000,852,107,276,636,161,71
1728462897972557000,713,26,383,697,104,149
1728462897973399000,665,0,498,669,64,252
1728462897974240000,562,0,594,570,0,354
1728462897975081000,468,31,724,546,0,437
1728462897975923000,375,37,777,472,0,480
1728462897976764000,276,83,834,405,0,579
1728462897977606000,183,169,842,313,23,635
1728462897978448000,96,270,839,221,84,671
1728462897979290000,26,381,796,149,145,685
1728462897980132000,0,481,731,84,220,671
1728462897980973000,0,587,621,20,305,622
1728462897981814000,0,655,525,0,366,568
1728462897982655000,21,736,409,0,436,495
1728462897983497000,97,771,290,0,437,393
1728462897984338000,306,792,241,28,501,290
1728462897985190000,322,785,93,64,529,210
1728462897986032000,334,749,21,189,562,133
1728462897986874000,485,685,0,233,535,67
1728462897987715000,581,601,0,325,497,17
1728462897988556000,671,497,0,417,437,0
1728462897989398000,737,394,32,500,378,0
1728462897990239000,770,277,104,562,296,0
1728462897991081000,786,170,241,615,224,28
1728462897991923000,770,90,277,640,160,150
1728462897992765000,730,23,405,666,83,162
1728462897993607000,649,84,523,677,50,238
1728462897994449000,596,37,636,608,5,338
1728462897995290000,455,0,719,554,57,441
1728462897996131000,365,13,786,469,0,523
1728462897996972000,254,110,839,368,0,597
1728462897997814000,164,202,864,286,40,642
1728462897998666000,66,298,833,207,98,682
1728462897999508000,10,410,773,128,171,688
1728462898000350000,0,521,698,46,237,671
1728462898001191000,0,625,612,9,306,616
1728462898002032000,0,706,512,0,368,549
1728462898002873000,33,773,400,0,449,458
1728462898003714000,93,778,372,0,533,391
1728462898004556000,194,841,218,20,530,270
1728462898005398000,309,766,9,77,568,258
1728462898006240000,405,737,13,175,549,107
1728462898007082000,510,672,0,272,532,50
1728462898007923000,599,569,0,349,486,4
1728462898008764000,681,463,0,434,427,0
1728462898009606000,746,361,40,514,354,0
1728462898010447000,777,233,114,568,320,0
1728462898011289000,789,139,215,624,186,33
1728462898012137000,816,72,325,656,133,107
1728462898012979000,688,0,448,689,69,196
1728462898013820000,582,0,583,683,26,288
1728462898014661000,491,0,645,522,0,369
1728462898015502000,412,0,732,481,0,476
1728462898016344000,335,46,805,448,0,537
1728462898017185000,226,132,847,357,1,602
1728462898018027000,136,218,846,272,49,658
1728462898018869000,50,325,816,182,110,671
1728462898019711000,0,433,764,112,181,674
1728462898020553000,0,555,680,41,261,638
1728462898021394000,0,639,583,16,337,605
1728462898022235000,0,719,469,0,409,535
1728462898023077000,50,756,362,0,463,442
1728462898023919000,142,746,242,0,538,345
1728462898024761000,213,779,146,26,481,237
1728462898025605000,410,762,87,116,528,158
1728462898026447000,429,714,1,201,554,89
1728462898027288000,542,638,0,293,535,37
1728462898028129000,625,551,0,366,476,0
1728462898028970000,704,441,0,455,406,0
1728462898029812000,762,330,64,526,330,0
1728462898030653000,784,244,157,577,266,2
1728462898031494000,769,132,327,629,186,64
1728462898032336000,747,45,369,658,126,193
1728462898033178000,690,0,461,657,56,245
1728462898034020000,654,0,549,633,0,237
1728462898034861000,498,106,657,597,0,346
1728462898035702000,429,107,751,522,0,449
1728462898036544000,308,57,818,430,0,564
1728462898037386000,210,149,843,334,18,618
1728462898038228000,121,249,844,246,65,663
1728462898039097000,31,354,810,173,129,689
1728462898039939000,0,457,741,100,207,676
1728462898040781000,0,560,663,21,269,631
1728462898041622000,0,658,562,0,343,594
1728462898042463000,5,730,448,0,410,522
1728462898043305000,66,793,324,0,483,417
1728462898044147000,129,788,333,0,540,343
1728462898044989000,233,821,175,56,540,224
1728462898045831000,340,766,0,109,576,228
1728462898046673000,462,708,0,213,542,74
1728462898047514000,562,634,0,308,517,28
1728462898048355000,646,528,0,393,462,0
1728462898049196000,713,413,18,466,397,0
1728462898050038000,765,299,77,543,316,0
1728462898050879000,785,185,169,590,265,11
1728462898051721000,771,98,277,638,148,69
1728462898052552000,785,27,383,663,97,149
1728462898053394000,662,0,498,676,50,243
1728462898054235000,548,0,608,619,2,309
1728462898055076000,458,0,698,519,0,430
1728462898055917000,356,18,778,463,0,542
1728462898056758000,285,75,836,401,0,576
1728462898057600000,178,174,847,314,21,635
1728462898058442000,94,272,834,232,85,678
1728462898059284000,25,373,801,145,148,683
1728462898060126000,0,485,725,83,215,668
1728462898060968000,0,590,615,37,303,609
1728462898061809000,0,679,538,0,368,560
1728462898062650000,20,745,426,0,429,485
1728462898063492000,85,777,297,0,513,400
1728462898064334000,189,769,192,0,448,298
1728462898065176000,405,770,122,85,511,202
1728462898066032000,389,730,21,229,549,149
1728462898066874000,484,691,0,231,543,65
1728462898067715000,577,602,0,329,505,16
1728462898068556000,675,500,0,409,444,0
1728462898069398000,737,402,26,490,365,0
1728462898070239000,773,285,104,558,301,0
1728462898071081000,775,178,267,609,220,26
1728462898071923000,767,98,312,655,162,146
1728462898072765000,723,23,414,656,85,197
1728462898073607000,657,0,512,657,45,237
1728462898074448000,562,97,613,647,14,322
1728462898075289000,501,57,707,576,0,418
1728462898076131000,373,0,778,477,36,514
1728462898076972000,256,104,832,378,0,594
1728462898077814000,159,197,853,292,30,641
1728462898078656000,73,300,839,210,100,673
1728462898079511000,5,407,782,127,170,690
1728462898080353000,0,513,698,64,247,666
1728462898081194000,0,612,610,0,322,619
1728462898082035000,0,704,501,0,374,551
1728462898082877000,33,770,392,0,439,463
1728462898083719000,96,786,346,0,508,373
1728462898084561000,194,823,209,18,533,290
1728462898085403000,292,779,0,75,558,282
1728462898086245000,410,737,0,170,551,78
1728462898087087000,509,673,0,260,535,46
1728462898087928000,602,578,0,357,486,0
1728462898088769000,685,466,0,431,426,0
1728462898089611000,750,360,45,511,356,0
1728462898090452000,778,250,116,565,290,0
1728462898091294000,785,130,218,616,231,34
1728462898092136000,852,66,321,653,144,111
1728462898092974000,737,2,444,674,69,194
1728462898093816000,552,0,570,704,23,322
1728462898094657000,474,0,677,637,0,385
1728462898095498000,391,0,732,473,0,448
1728462898096340000,330,57,802,450,0,546
1728462898097181000,239,130,844,357,0,602
1728462898098023000,130,225,847,266,41,661
1728462898098865000,53,320,813,197,107,680
1728462898099707000,0,430,769,106,181,683
1728462898100549000,0,545,682,50,250,645
1728462898101390000,0,643,581,10,333,591
1728462898102231000,0,718,473,0,397,512
1728462898103073000,50,775,369,0,464,448
1728462898103914000,116,690,234,0,576,331
1728462898104756000,225,746,129,68,590,261
1728462898105598000,306,750,66,98,509,181
1728462898106448000,436,729,2,192,554,90
1728462898107289000,526,649,0,285,525,43
1728462898108130000,633,548,0,373,482,0
1728462898108971000,714,442,0,453,420,0
1728462898109812000,764,337,50,522,338,0
1728462898110653000,759,226,145,562,253,4
1728462898111495000,773,138,249,626,181,55
1728462898112337000,746,50,421,659,132,137
1728462898113179000,691,0,488,660,66,260
1728462898114021000,618,0,509,626,37,375
1728462898114862000,559,4,626,570,0,453
1728462898115704000,473,13,744,512,0,410
1728462898116546000,306,73,832,430,0,557
1728462898117387000,207,143,843,335,13,618
1728462898118229000,114,257,837,242,64,673
1728462898119071000,45,353,812,175,130,682
1728462898119917000,0,466,747,96,203,673
1728462898120758000,0,576,658,46,279,653
1728462898121599000,0,633,564,5,341,585
1728462898122440000,0,705,453,0,417,512
1728462898123281000,64,789,320,0,477,432
1728462898124123000,114,823,232,0,497,337
1728462898124965000,224,819,113,48,546,210
1728462898125807000,331,777,137,132,591,170
1728462898126649000,458,708,0,214,552,79
1728462898127490000,559,622,1,304,514,25
1728462898128331000,649,530,0,383,455,0
1728462898129172000,719,426,17,472,386,0
1728462898130014000,766,306,82,542,322,0
1728462898130855000,781,260,164,594,241,5
1728462898131697000,782,86,261,639,217,72
1728462898132539000,740,28,383,665,92,145
1728462898133391000,709,0,495,657,37,234
1728462898134232000,681,0,644,626,0,326
1728462898135073000,549,0,673,611,0,421
1728462898135914000,320,2,740,554,0,538
1728462898136755000,281,85,826,402,0,581
1728462898137597000,186,169,850,306,18,633
1728462898138439000,92,276,847,229,78,669
1728462898139281000,26,378,794,156,146,694
1728462898140123000,0,481,727,81,221,671
1728462898140964000,1,592,619,11,306,634
1728462898141805000,0,683,533,0,362,562
1728462898142646000,21,749,421,0,434,466
1728462898143488000,77,796,298,0,490,394
1728462898144330000,161,694,184,2,610,279
1728462898145172000,276,745,78,85,594,210
1728462898146014000,375,725,21,139,509,116
1728462898146863000,480,692,0,234,541,64
1728462898147704000,576,597,0,335,500,8
1728462898148545000,662,500,0,410,448,0
1728462898149386000,736,394,34,490,374,0
1728462898150228000,776,288,104,550,293,0
1728462898151070000,779,183,194,600,217,21
1728462898151912000,761,98,299,641,162,87
1728462898152754000,721,21,453,667,87,169
1728462898153596000,658,0,506,649,46,302
1728462898154437000,610,5,586,590,4,407
1728462898155278000,514,2,689,548,0,362
1728462898156119000,331,141,773,476,0,465
1728462898156960000,258,98,841,383,0,590
1728462898157802000,161,189,853,299,36,647
1728462898158644000,74,296,821,210,96,679
1728462898159486000,13,409,780,136,165,685
1728462898160345000,0,517,708,74,244,660
1728462898161186000,0,596,599,18,309,630
1728462898162027000,0,687,501,0,381,552
1728462898162869000,29,757,389,0,451,471
1728462898163711000,93,786,272,0,490,375
1728462898164552000,174,861,197,0,522,290
1728462898165394000,261,791,82,78,546,183
1728462898166236000,400,741,78,162,569,114
1728462898167078000,508,669,0,252,538,50
1728462898167919000,605,578,0,346,488,0
1728462898168760000,686,476,0,426,425,0
1728462898169601000,747,370,45,512,349,0
1728462898170442000,781,264,122,564,281,0
1728462898171284000,782,229,218,618,207,26
1728462898172126000,761,47,320,653,170,113
1728462898172968000,712,0,440,662,73,194
1728462898173815000,649,0,550,649,0,274
1728462898174656000,668,0,696,613,0,361
1728462898175497000,582,0,777,554,0,448
1728462898176338000,395,39,821,453,0,549
1728462898177180000,230,123,839,357,0,604
1728462898178022000,137,224,842,267,52,664
1728462898178864000,68,322,826,194,114,679
1728462898179706000,0,437,765,117,185,686
1728462898180548000,0,540,687,56,263,658
1728462898181389000,0,631,582,2,338,601
1728462898182229000,0,711,480,0,401,534
1728462898183071000,50,770,346,0,469,450
1728462898183912000,171,821,209,0,510,322
1728462898184754000,199,902,125,47,559,202
1728462898185596000,346,833,46,107,577,164
1728462898186438000,434,706,0,192,576,97
1728462898187285000,533,650,0,279,519,46
1728462898188126000,625,554,0,370,466,0
1728462898188967000,712,453,0,450,405,0
1728462898189808000,754,333,64,526,340,0
1728462898190649000,799,221,146,585,250,0
1728462898191491000,760,130,234,661,194,56
1728462898192333000,743,64,354,648,124,130
1728462898193175000,681,0,468,656,64,212
1728462898194017000,602,0,681,626,42,327
1728462898194858000,517,0,760,577,23,416
1728462898195699000,424,30,798,500,0,531
1728462898196541000,306,64,818,426,0,560
1728462898197383000,215,149,852,331,4,619
1728462898198225000,111,242,861,249,64,671
1728462898199067000,36,343,809,177,127,692
1728462898199909000,0,463,749,93,199,682
1728462898200755000,0,560,663,37,252,645
1728462898201596000,0,649,567,4,333,585
1728462898202437000,5,745,457,0,402,503
1728462898203279000,64,778,346,0,469,421
1728462898204121000,57,793,220,71,501,362
1728462898204963000,194,794,126,0,541,215
1728462898205805000,333,832,58,107,568,158
1728462898206647000,452,705,0,221,549,82
1728462898207488000,549,619,0,320,514,21
1728462898208329000,648,523,0,394,463,0
1728462898209170000,718,421,4,466,395,0
1728462898210012000,770,313,81,538,320,0
1728462898210853000,791,209,151,597,238,0
1728462898211695000,778,175,266,638,170,57
1728462898212537000,738,47,375,671,165,149
1728462898213379000,679,0,498,654,66,240
1728462898214234000,613,0,607,621,0,331
1728462898215075000,502,0,714,566,0,420
1728462898215916000,503,8,810,506,0,500
1728462898216758000,285,82,836,407,0,576
1728462898217600000,180,162,845,313,23,629
1728462898218442000,98,274,837,220,74,678
1728462898219284000,32,378,803,157,148,682
1728462898220126000,0,485,727,82,224,674
1728462898220967000,0,597,633,34,301,640
1728462898221808000,0,674,536,0,370,568
1728462898222649000,10,744,394,0,418,488
1728462898223491000,90,795,296,0,487,407
1728462898224333000,222,826,149,0,496,217
1728462898225174000,235,904,100,90,558,178
1728462898226016000,393,818,25,149,546,122
1728462898226857000,480,687,0,234,545,68
1728462898227700000,586,601,0,322,505,15
1728462898228541000,666,508,0,404,440,0
1728462898229383000,734,395,32,498,370,0
1728462898230225000,773,286,100,554,306,0
1728462898231066000,824,173,185,608,213,23
1728462898231908000,746,91,285,672,154,96
1728462898232750000,717,20,407,647,94,173
1728462898233592000,655,0,523,649,40,260
1728462898234433000,554,18,642,609,0,330
1728462898235274000,451,0,847,548,5,450
1728462898236116000,357,20,882,467,16,528
1728462898236957000,258,101,832,379,0,591
1728462898237799000,167,192,853,290,34,642
1728462898238641000,76,302,832,210,101,680
1728462898239483000,1,396,796,138,160,685
1728462898240325000,0,514,705,66,238,673
1728462898241165000,0,611,610,18,322,625
1728462898242006000,0,692,498,0,386,559
1728462898242847000,34,750,378,0,442,466
1728462898243689000,104,794,278,0,485,372
1728462898244531000,260,784,196,23,501,276
1728462898245373000,197,760,64,165,542,224
1728462898246215000,354,725,1,90,546,97
1728462898247057000,510,672,0,258,530,50
1728462898247898000,605,584,0,350,485,1
1728462898248739000,682,474,0,428,430,0
1728462898249581000,746,368,47,506,360,0
1728462898250422000,778,249,114,569,277,0
1728462898251264000,782,165,264,618,209,42
1728462898252106000,759,75,311,651,137,142
1728462898252948000,705,11,429,660,74,169
1728462898253789000,642,0,535,650,31,269
1728462898254652000,554,82,644,626,0,344
1728462898255493000,485,56,730,543,0,434
1728462898256334000,320,0,789,436,57,530
1728462898257175000,229,122,849,354,0,605
1728462898258017000,142,218,856,272,40,650
1728462898258859000,53,320,823,193,116,688
1728462898259701000,0,428,762,114,185,680
1728462898260543000,0,537,687,52,264,660
1728462898261384000,0,634,590,9,324,609
1728462898262225000,0,713,481,0,383,530
1728462898263066000,29,777,364,0,456,438
1728462898263908000,129,809,297,0,517,357
1728462898264750000,197,832,197,29,523,320
1728462898265592000,322,775,5,89,576,233
1728462898266434000,429,732,0,192,558,64
1728462898267275000,526,655,0,286,526,45
1728462898268116000,613,551,0,370,474,0
1728462898268957000,704,448,0,450,414,0
1728462898269799000,756,341,56,522,338,0
1728462898270640000,786,231,144,577,255,2
1728462898271482000,796,121,238,628,175,55
1728462898272324000,815,47,351,658,114,133
1728462898273166000,674,0,469,702,64,218
1728462898274007000,562,0,586,677,18,325
1728462898274848000,468,0,690,613,0,383
1728462898275689000,388,4,730,474,0,506
1728462898276531000,284,66,821,421,0,552
1728462898277372000,199,138,847,334,2,617
1728462898278214000,114,233,839,261,64,661
1728462898279056000,45,346,816,170,132,686
1728462898279898000,0,461,749,98,196,681
1728462898280740000,0,576,661,34,278,638
1728462898281597000,0,650,551,8,356,578
1728462898282438000,21,729,450,0,417,497
1728462898283280000,66,754,322,0,480,418
1728462898284122000,167,747,202,0,546,320
1728462898284964000,247,773,130,37,482,231
1728462898285806000,455,738,90,136,520,160
1728462898286648000,477,697,0,215,552,77
1728462898287489000,559,631,0,299,523,29
1728462898288331000,645,533,0,383,455,0
1728462898289172000,721,421,11,469,393,0
1728462898290014000,763,320,81,540,322,0
1728462898290855000,773,210,177,591,242,5
1728462898291697000,778,116,325,642,184,76
1728462898292539000,740,37,365,655,107,210
1728462898293381000,679,0,485,658,41,226
1728462898294222000,613,0,577,633,0,253
1728462898295058000,470,94,677,599,0,378
1728462898295900000,436,82,766,503,0,457
1728462898296742000,284,79,821,404,0,576
1728462898297583000,186,169,850,304,14,633
1728462898298425000,104,271,842,226,77,669
1728462898299267000,18,373,806,162,146,687
1728462898300109000,0,480,727,82,224,674
1728462898300950000,0,585,650,23,298,638
1728462898301791000,0,674,539,0,357,577
1728462898302632000,14,757,424,0,424,506
1728462898303473000,71,802,306,0,477,397
1728462898304315000,138,842,202,0,511,274
1728462898305157000,257,778,201,74,591,234
1728462898305999000,360,776,64,133,549,222
1728462898306841000,484,690,0,233,538,66
1728462898307682000,582,606,0,327,498,17
1728462898308537000,665,513,0,407,439,0
1728462898309378000,729,398,26,490,378,0
1728462898310220000,767,285,101,557,304,0
1728462898311061000,789,228,181,616,227,18
1728462898311903000,772,73,292,642,188,90
1728462898312745000,723,18,405,661,82,162
1728462898313587000,697,0,529,656,36,269
1728462898314428000,660,0,667,621,0,354
1728462898315269000,558,0,707,590,0,453
1728462898316110000,274,30,779,531,0,577
1728462898316951000,261,104,842,378,0,591
1728462898317793000,171,196,854,292,28,642
1728462898318635000,70,293,838,209,91,680
1728462898319477000,4,402,776,133,165,683
1728462898320319000,0,512,698,64,250,662
1728462898321160000,0,608,613,16,306,623
1728462898322017000,0,690,490,0,372,543
1728462898322858000,34,763,384,0,448,442
1728462898323700000,98,800,282,0,497,381
1728462898324542000,224,868,154,20,517,261
1728462898325384000,277,705,85,93,600,185
1728462898326226000,373,715,25,164,504,114
1728462898327068000,501,669,0,267,533,53
1728462898327909000,593,576,0,343,491,2
1728462898328750000,681,472,0,431,432,0
1728462898329592000,745,370,34,506,362,0
1728462898330433000,786,260,117,566,285,0
1728462898331275000,775,157,207,604,203,34
1728462898332117000,746,69,323,653,141,109
1728462898332959000,714,13,488,660,85,194
1728462898333800000,642,0,576,646,37,291
1728462898334641000,553,0,583,600,0,461
1728462898335480000,469,0,676,538,5,527
1728462898336321000,397,74,769,449,0,450
1728462898337163000,229,121,851,366,0,608
1728462898338005000,138,203,842,279,49,653
1728462898338847000,58,321,824,184,102,686
1728462898339689000,0,429,769,116,174,677
1728462898340531000,0,535,689,58,263,663
1728462898341372000,0,633,599,10,334,602
1728462898342213000,0,709,477,0,395,529
1728462898343055000,17,772,357,0,458,451
1728462898343897000,111,805,250,0,501,354
1728462898344739000,174,821,168,8,534,277
1728462898345581000,298,810,64,90,558,157
1728462898346422000,426,713,78,184,576,105
1728462898347263000,533,653,0,277,533,50
1728462898348104000,621,558,0,364,474,0
1728462898348954000,704,455,0,448,409,0
1728462898349795000,759,345,65,522,330,0
1728462898350636000,781,245,153,580,265,0
1728462898351478000,778,217,234,629,194,42
1728462898352320000,750,104,344,654,130,125
1728462898353162000,704,0,466,663,106,210
1728462898354003000,628,0,576,642,2,306
1728462898354844000,506,0,677,576,0,383
1728462898355685000,546,0,807,528,0,471
1728462898356527000,372,49,814,431,0,549
1728462898357368000,213,155,846,335,13,623
1728462898358210000,125,240,847,248,64,666
1728462898359052000,38,350,809,175,130,682
1728462898359894000,0,455,760,111,206,682
1728462898360736000,0,562,661,41,279,644
1728462898361577000,0,658,553,0,354,594
1728462898362432000,5,732,453,0,398,515
1728462898363274000,64,778,324,0,470,418
1728462898364115000,165,815,202,0,527,303
1728462898364957000,218,797,106,49,538,192
1728462898365799000,381,837,29,122,558,130
1728462898366641000,456,688,0,209,581,80
1728462898367482000,555,636,0,304,508,29
1728462898368323000,639,531,0,388,462,0
1728462898369164000,717,437,14,465,400,0
1728462898370005000,756,312,74,543,320,0
1728462898370846000,799,201,162,605,242,10
1728462898371688000,756,114,266,666,168,75
1728462898372530000,730,42,378,649,110,145
1728462898373372000,665,0,501,658,42,244
1728462898374213000,578,0,671,618,16,327
1728462898375054000,497,0,807,565,18,441
1728462898375898000,393,39,854,496,8,506
1728462898376740000,288,77,824,401,0,576
1728462898377581000,193,170,862,314,23,626
1728462898378423000,89,259,843,233,75,674
1728462898379265000,25,365,791,154,148,685
1728462898380107000,0,485,730,75,224,680
1728462898380948000,0,576,637,34,288,624
1728462898381789000,0,664,522,1,356,558
1728462898382630000,21,741,426,0,427,488
1728462898383471000,79,767,311,0,484,398
1728462898384313000,261,773,218,9,501,301
1728462898385155000,165,792,82,135,543,266
1728462898385997000,322,754,45,139,541,122
1728462898386839000,477,697,0,236,546,64
1728462898387680000,576,610,0,321,503,18
1728462898388521000,657,503,0,410,448,0
1728462898389369000,733,395,19,487,379,0
1728462898390211000,773,297,85,549,302,0
1728462898391052000,784,186,241,607,224,25
1728462898391894000,764,96,269,642,162,133
1728462898392736000,722,30,391,667,96,212
1728462898393577000,665,0,514,659,45,252
1728462898394418000,568,105,618,649,18,320
1728462898395259000,506,74,710,576,0,406
1728462898396101000,394,49,773,466,64,490
1728462898396942000,274,102,840,386,0,586
1728462898397784000,158,192,851,292,29,647
1728462898398626000,74,287,832,206,92,677
1728462898399468000,18,402,798,133,164,687
1728462898400310000,0,516,709,66,229,668
1728462898401151000,0,619,624,14,314,612
1728462898401992000,0,690,513,0,378,546
1728462898402842000,11,762,398,0,433,474
1728462898403684000,89,800,279,0,498,378
1728462898404526000,183,826,260,17,568,293
1728462898405368000,290,785,4,82,558,282
1728462898406210000,441,773,0,167,560,101
1728462898407051000,503,665,0,261,538,53
1728462898407892000,605,576,0,349,501,10
1728462898408733000,680,480,0,422,431,0
1728462898409575000,745,370,39,500,357,0
1728462898410416000,783,269,119,564,276,0
1728462898411258000,786,146,212,618,194,40
1728462898412100000,842,69,320,658,136,105
1728462898412942000,706,11,441,704,78,197
1728462898413784000,626,0,554,663,23,281
1728462898414625000,498,0,633,535,0,357
1728462898415466000,417,1,721,493,0,480
1728462898416314000,330,113,815,429,0,542
1728462898417156000,240,130,841,361,0,609
1728462898417998000,144,213,847,266,42,656
1728462898418840000,58,321,832,193,98,674
1728462898419682000,0,424,773,125,177,673
1728462898420524000,0,527,688,57,261,661
1728462898421365000,0,634,581,5,331,596
1728462898422206000,0,712,471,0,392,526
1728462898423048000,50,736,366,0,456,448
1728462898423890000,121,809,258,0,514,346
1728462898424732000,205,778,154,34,476,260
1728462898425574000,430,757,120,114,528,171
1728462898426416000,309,738,0,258,532,142
1728462898427258000,530,654,0,282,522,37
1728462898428099000,619,565,0,364,481,0
1728462898428940000,704,458,0,448,418,0
1728462898429788000,745,338,64,528,335,0
1728462898430629000,786,234,133,591,267,0
1728462898431471000,778,135,298,621,197,58
1728462898432313000,754,64,383,658,122,188
1728462898433155000,696,7,452,661,66,251
1728462898433996000,615,0,568,637,21,285
1728462898434837000,535,0,637,593,0,336
1728462898435678000,421,118,736,533,0,429
1728462898436519000,341,148,814,448,0,546
1728462898437361000,215,144,852,343,5,617
1728462898438203000,119,242,847,254,64,658
1728462898439045000,43,338,807,178,129,677
1728462898439887000,0,453,747,105,207,679
1728462898440729000,0,558,665,46,270,638
1728462898441570000,0,661,568,5,337,593
1728462898442411000,0,725,455,0,398,505
1728462898443262000,47,783,333,0,474,428
1728462898444104000,133,813,215,0,510,337
1728462898444946000,218,773,174,40,549,242
1728462898445788000,353,800,102,117,554,148
1728462898446630000,456,707,0,213,548,146
1728462898447471000,549,637,1,297,514,18
1728462898448312000,634,529,0,386,462,0
1728462898449153000,713,422,5,463,394,0
1728462898449995000,764,320,74,535,322,0
1728462898450837000,790,212,151,587,250,11
1728462898451679000,777,101,261,636,218,64
1728462898452521000,731,26,382,670,98,146
1728462898453363000,747,0,490,661,45,233
1728462898454204000,673,0,608,628,4,334
1728462898455045000,591,0,696,559,0,437
1728462898455886000,297,20,766,576,0,535
1728462898456734000,261,87,833,442,0,569
1728462898457576000,183,162,860,322,21,630
1728462898458418000,98,261,838,232,75,674
1728462898459260000,29,372,801,153,142,691
1728462898460101000,0,485,730,89,212,666
1728462898460942000,0,582,644,33,298,626
1728462898461783000,0,670,533,0,368,576
1728462898462624000,5,738,418,0,417,490
1728462898463466000,75,791,302,0,485,405
1728462898464308000,173,898,194,21,528,286
1728462898465150000,257,694,93,52,613,209
1728462898465992000,367,712,34,160,604,138
1728462898466834000,481,686,0,235,542,69
1728462898467675000,583,614,0,321,506,18
1728462898468516000,658,507,0,405,449,0
1728462898469357000,734,405,23,474,376,0
1728462898470209000,777,293,103,549,289,0
1728462898471050000,779,192,192,624,224,13
1728462898471892000,765,93,290,641,164,92
1728462898472734000,730,28,412,653,104,170
1728462898473576000,661,0,564,657,37,257
1728462898474417000,586,25,686,617,0,373
1728462898475258000,473,0,650,558,0,522
1728462898476099000,401,32,743,469,1,564
1728462898476940000,266,99,832,393,0,594
1728462898477782000,170,186,846,289,33,641
1728462898478624000,78,290,833,218,81,675
1728462898479466000,8,393,787,146,162,685
1728462898480308000,0,501,707,70,241,668
1728462898481149000,0,607,613,18,305,616
1728462898481990000,0,687,509,0,376,551
1728462898482831000,29,741,389,0,429,477
1728462898483680000,90,799,288,0,501,377
1728462898484522000,144,796,162,0,530,272
1728462898485364000,266,843,98,65,552,206
1728462898486206000,383,721,122,149,565,138
1728462898487047000,501,673,0,250,530,49
1728462898487888000,602,591,0,346,490,0
1728462898488729000,677,481,0,426,423,0
1728462898489571000,736,365,42,504,357,0
1728462898490413000,777,260,116,576,284,0
1728462898491255000,784,242,207,616,205,23
1728462898492097000,770,122,306,655,199,92
1728462898492939000,710,0,433,665,108,198
1728462898493781000,644,0,540,650,26,281
1728462898494622000,687,0,674,618,0,369
1728462898495463000,554,0,775,544,0,463
1728462898496305000,407,21,801,448,0,540
1728462898497153000,245,121,848,365,0,600
1728462898497995000,138,213,847,271,42,656
1728462898498837000,57,309,820,194,106,682
1728462898499679000,9,426,770,117,188,686
1728462898500521000,0,537,688,56,245,656
1728462898501362000,0,636,586,0,320,599
1728462898502203000,0,715,464,0,399,525
1728462898503044000,42,770,358,0,458,449
1728462898503886000,125,811,249,0,504,363
1728462898504728000,226,893,138,53,542,228
1728462898505570000,299,663,46,92,616,159
1728462898506412000,429,660,1,212,581,82
1728462898507254000,523,645,0,282,529,41
1728462898508095000,621,555,0,370,482,0
1728462898508936000,696,456,0,437,417,0
1728462898509778000,752,340,55,517,338,0
1728462898510633000,791,239,135,580,266,0
1728462898511475000,752,139,238,658,188,46
1728462898512317000,740,53,340,647,127,125
1728462898513159000,695,1,473,655,64,218
1728462898514000000,621,0,605,634,17,309
1728462898514841000,522,25,753,578,5,400
1728462898515682000,412,32,811,512,0,487
1728462898516523000,303,42,737,421,0,629
1728462898517365000,221,144,847,352,9,612
1728462898518207000,122,235,841,247,64,663
1728462898519049000,46,345,815,173,114,685
1728462898519891000,0,466,754,106,197,681
1728462898520732000,0,553,668,40,277,645
1728462898521573000,0,645,576,4,338,594
1728462898522414000,0,725,462,0,397,521
1728462898523256000,64,767,341,0,463,429
1728462898524097000,130,809,238,2,510,334
1728462898524939000,173,792,146,85,542,230
1728462898525781000,295,765,31,85,559,192
1728462898526622000,442,766,0,189,562,85
1728462898527463000,546,628,0,298,512,31
1728462898528304000,649,533,0,394,457,0
1728462898529145000,715,429,5,461,388,0
1728462898529987000,765,313,79,541,324,0
1728462898530828000,788,209,153,594,244,8
1728462898531670000,785,122,244,633,180,46
1728462898532512000,751,107,368,661,108,133
1728462898533354000,680,0,488,662,104,226
1728462898534195000,597,0,595,629,31,334
1728462898535036000,516,0,702,581,11,402
1728462898535877000,400,0,765,488,0,485
1728462898536719000,402,69,842,402,0,576
1728462898537578000,194,162,849,322,16,625
1728462898538420000,98,261,847,236,77,674
1728462898539262000,29,363,797,157,143,686
1728462898540104000,0,476,743,79,212,675
1728462898540946000,0,584,640,32,295,632
1728462898541787000,0,686,541,0,361,576
1728462898542628000,10,746,427,0,426,484
1728462898543470000,71,785,293,0,486,402
1728462898544312000,169,819,185,10,521,269
1728462898545154000,242,901,96,89,561,181
1728462898545996000,392,822,18,130,556,117
1728462898546838000,471,658,0,228,583,77
1728462898547679000,568,606,0,322,501,16
1728462898548520000,674,504,0,407,463,0
1728462898549361000,728,408,21,482,382,0
1728462898550203000,770,291,93,537,297,0
1728462898551046000,789,197,192,609,229,21
1728462898551888000,753,104,290,672,160,92
1728462898552730000,718,21,405,658,101,168
1728462898553572000,663,0,508,650,47,258
1728462898554413000,577,0,626,610,0,354
1728462898555254000,477,0,832,556,9,458
1728462898556095000,369,58,852,473,1,521
1728462898556936000,256,104,850,389,0,587
1728462898557778000,164,185,849,297,29,642
1728462898558620000,82,283,832,213,96,681
1728462898559462000,13,393,785,144,152,682
1728462898560304000,0,512,714,78,239,666
1728462898561145000,0,594,625,20,308,621
1728462898561986000,0,674,525,0,378,549
1728462898562827000,26,741,389,0,434,467
1728462898563668000,103,779,290,0,488,378
1728462898564515000,266,798,170,16,506,279
1728462898565357000,207,786,112,129,552,221
1728462898566199000,338,742,0,116,546,116
1728462898567041000,503,677,0,249,543,56
1728462898567882000,599,586,0,340,487,6
1728462898568723000,681,489,0,420,425,0
1728462898569564000,744,373,36,501,354,0
1728462898570406000,784,270,117,564,293,0
1728462898571248000,777,162,199,623,207,78
1728462898572090000,766,82,298,645,154,85
1728462898572932000,719,82,422,663,76,180
1728462898573774000,639,5,545,650,66,274
1728462898574615000,537,0,642,598,64,350
1728462898575456000,455,0,733,553,37,440
1728462898576298000,350,4,794,452,0,528
1728462898577139000,245,114,834,369,0,599
1728462898577998000,146,217,853,273,41,650
1728462898578840000,56,320,823,194,105,686
1728462898579682000,2,413,767,125,189,682
1728462898580524000,0,533,682,53,269,665
1728462898581365000,0,633,601,5,322,613
1728462898582206000,0,704,482,0,385,540
1728462898583047000,31,775,368,0,457,448
1728462898583889000,94,799,245,0,501,359
1728462898584731000,260,832,106,36,548,320
1728462898585573000,320,772,39,93,558,124
1728462898586415000,427,835,0,210,565,69
1728462898587256000,532,657,0,279,523,30
1728462898588097000,616,570,0,362,481,0
1728462898588938000,693,454,5,448,410,0
1728462898589780000,757,338,50,523,349,0
1728462898590621000,782,253,132,578,271,9
1728462898591465000,865,136,235,623,181,54
1728462898592307000,728,57,349,709,122,122
1728462898593149000,677,0,466,651,64,214
1728462898593990000,613,0,576,635,21,305
1728462898594831000,504,45,687,572,0,402
1728462898595673000,426,18,757,501,0,478
1728462898596515000,303,70,915,425,16,576
1728462898597357000,207,148,847,344,2,606
1728462898598199000,114,237,850,256,64,662
1728462898599041000,42,344,814,173,128,690
1728462898599883000,0,450,753,98,189,679
1728462898600724000,0,565,669,39,274,651
1728462898601565000,0,642,567,2,343,576
1728462898602406000,5,704,455,0,410,509
1728462898603248000,64,761,314,0,437,416
1728462898604090000,137,793,224,0,507,335
1728462898604937000,340,789,165,50,506,245
1728462898605779000,226,757,36,194,542,201
1728462898606621000,370,706,25,250,540,100
1728462898607462000,548,623,0,306,517,26
1728462898608303000,642,530,0,392,466,0
1728462898609144000,712,431,4,463,402,0
1728462898609986000,762,311,64,542,325,0
1728462898610826000,789,215,164,590,245,20
1728462898611668000,776,122,330,633,174,66
1728462898612510000,736,47,349,661,114,211
1728462898613352000,690,0,466,656,65,250
1728462898614193000,597,0,581,624,10,320
1728462898615034000,482,106,666,587,0,367
1728462898615876000,437,85,753,514,0,469
1728462898616718000,264,0,810,397,64,541
1728462898617560000,192,162,853,321,14,631
1728462898618413000,103,261,834,229,79,669
1728462898619255000,25,373,805,159,133,685
1728462898620097000,0,485,736,96,215,670
1728462898620939000,0,581,650,29,297,640
1728462898621780000,0,666,549,0,357,581
1728462898622621000,0,760,434,0,417,500
1728462898623463000,74,796,311,0,480,403
1728462898624305000,167,815,219,4,523,308
1728462898625147000,231,775,5,58,540,314
1728462898625989000,415,770,0,138,570,192
1728462898626831000,482,688,0,225,543,16
1728462898627672000,576,618,0,320,501,21
1728462898628513000,665,514,0,405,448,0
1728462898629354000,729,400,20,480,373,0
1728462898630195000,770,296,95,553,301,0
1728462898631037000,784,185,188,613,229,21
1728462898631880000,771,85,278,638,149,87
1728462898632722000,787,18,398,663,84,164
1728462898633564000,642,0,517,692,45,261
1728462898634405000,546,0,629,644,7,360
1728462898635246000,418,0,732,591,0,414
1728462898636087000,340,20,778,448,0,533
1728462898636929000,256,122,834,374,0,591
1728462898637771000,170,186,853,301,21,636
1728462898638613000,78,290,837,217,88,674
1728462898639455000,11,389,785,143,162,685
1728462898640297000,0,500,719,66,235,673
1728462898641138000,0,599,624,18,302,629
1728462898641979000,0,692,508,0,372,542
1728462898642820000,40,753,401,0,437,458
1728462898643661000,94,783,287,0,500,389
1728462898644503000,197,789,175,23,478,296
1728462898645355000,405,777,146,92,522,197
1728462898646197000,450,736,2,224,522,133
1728462898647039000,474,683,0,286,537,56
1728462898647880000,591,594,0,341,491,10
1728462898648721000,674,481,0,421,433,0
1728462898649562000,741,370,30,500,360,0
1728462898650404000,781,279,114,560,288,0
1728462898651246000,791,167,207,612,210,36
1728462898652088000,764,87,362,656,146,101
1728462898652930000,706,10,424,661,79,240
1728462898653771000,646,0,542,655,34,301
1728462898654612000,597,0,613,601,0,292
1728462898655453000,434,34,704,535,0,402
1728462898656295000,367,122,785,484,0,498
1728462898657137000,249,108,845,369,0,597
1728462898657979000,145,207,849,282,38,652
1728462898658826000,64,314,820,194,110,682
1728462898659668000,5,425,767,123,177,682
1728462898660510000,0,542,696,58,257,663
1728462898661351000,0,634,597,10,313,605
1728462898662192000,0,704,490,0,395,522
1728462898663034000,45,767,367,0,457,453
1728462898663876000,121,810,258,0,501,357
1728462898664718000,206,776,242,14,545,266
1728462898665560000,302,814,121,93,546,194
1728462898666402000,425,704,0,186,576,170
1728462898667243000,533,655,0,267,538,41
1728462898668084000,616,564,0,357,481,1
1728462898668925000,696,457,0,442,407,0
1728462898669767000,757,348,57,519,338,0
1728462898670608000,779,245,149,578,266,0
1728462898671449000,773,117,234,629,234,47
1728462898672300000,756,45,337,656,119,119
1728462898673142000,762,0,460,655,50,213
1728462898673983000,668,0,576,641,8,297
1728462898674824000,572,0,660,666,0,402
1728462898675665000,325,0,762,578,0,509
1728462898676506000,235,50,850,489,0,561
1728462898677347000,224,138,843,353,13,619
1728462898678189000,128,234,846,250,56,666
1728462898679031000,41,341,816,184,122,679
1728462898679873000,0,448,761,107,201,677
1728462898680715000,0,549,670,42,270,646
1728462898681556000,0,648,568,0,343,576
1728462898682397000,9,732,442,0,415,521
1728462898683238000,65,784,341,0,458,418
1728462898684080000,150,815,240,0,514,330
1728462898684921000,258,871,121,42,533,217
1728462898685771000,343,698,46,132,608,149
1728462898686613000,437,690,0,196,506,79
1728462898687454000,555,636,0,294,520,33
1728462898688295000,642,546,0,386,462,0
1728462898689136000,710,425,13,464,404,0
1728462898689978000,757,312,74,535,322,0
1728462898690819000,788,212,153,599,249,10
1728462898691661000,764,119,256,624,181,72
1728462898692503000,741,43,368,658,113,142
1728462898693345000,676,2,546,658,56,236
1728462898694186000,596,0,614,630,11,368
1728462898695027000,522,0,610,578,0,504
1728462898695868000,410,4,710,496,11,557
1728462898696709000,348,98,801,406,0,501
1728462898697551000,199,159,856,322,16,626
1728462898698393000,98,265,841,234,71,676
1728462898699248000,30,364,802,164,142,686
1728462898700090000,0,476,735,82,218,675
1728462898700932000,0,589,644,33,286,642
1728462898701773000,0,665,553,2,345,562
1728462898702614000,10,727,432,0,415,490
1728462898703456000,53,773,312,0,480,417
1728462898704298000,158,799,206,10,522,321
1728462898705140000,221,811,105,31,546,257
1728462898705982000,356,752,28,125,560,137
1728462898706824000,477,738,69,230,563,77
1728462898707665000,568,608,0,323,508,18
1728462898708506000,663,510,0,407,453,0
1728462898709347000,722,396,18,482,381,0
1728462898710189000,773,292,94,548,302,0
1728462898711031000,795,192,182,612,233,21
1728462898711873000,767,149,281,644,165,77
1728462898712788000,730,0,394,668,138,163
1728462898713630000,671,0,508,651,37,257
1728462898714471000,602,0,622,613,0,354
1728462898715312000,601,0,746,576,0,427
1728462898716153000,480,8,817,477,0,498
1728462898716995000,158,85,822,453,0,619
1728462898717837000,170,181,849,307,29,641
1728462898718679000,85,288,836,210,84,677
1728462898719521000,18,399,786,141,153,684
1728462898720363000,0,513,716,73,229,665
1728462898721204000,0,601,619,20,308,622
1728462898722045000,0,692,522,0,383,559
1728462898722886000,10,754,394,0,439,472
1728462898723728000,107,799,281,0,490,354
1728462898724570000,188,858,178,25,526,264
1728462898725412000,325,881,69,103,552,165
1728462898726199000,382,650,13,165,637,104
1728462898727041000,512,632,0,261,581,64
1728462898727882000,593,590,0,343,498,11
1728462898728723000,677,484,0,423,433,0
1728462898729564000,739,376,30,495,357,0
1728462898730406000,775,269,119,563,293,0
1728462898731248000,788,165,203,618,218,36
1728462898732090000,743,71,306,638,148,104
1728462898732932000,711,16,430,653,87,182
1728462898733774000,644,0,576,647,29,272
1728462898734615000,543,0,714,589,0,364
1728462898735456000,437,26,805,535,0,449
1728462898736298000,366,50,693,450,0,634
1728462898737140000,232,119,794,362,0,654
1728462898737982000,149,208,853,278,36,656
1728462898738824000,65,309,832,197,106,677
1728462898739721000,0,418,775,130,175,690
1728462898740563000,0,532,697,56,250,658
1728462898741404000,0,625,594,7,334,615
1728462898742245000,0,704,490,0,372,543
1728462898743086000,45,757,378,0,448,442
1728462898743927000,125,811,266,0,510,358
1728462898744769000,117,804,159,89,533,302
1728462898745611000,256,782,64,36,549,175
1728462898746453000,388,772,39,154,552,126
1728462898747295000,523,663,0,272,525,48
1728462898748136000,613,565,0,361,480,0
1728462898748977000,697,465,0,444,424,0
1728462898749818000,746,352,55,520,343,0
1728462898750659000,784,234,125,583,267,0
1728462898751501000,786,146,224,625,205,72
1728462898752343000,757,64,325,654,123,111
1728462898753137000,698,66,461,663,64,204
1728462898753978000,619,0,576,644,64,298
1728462898754819000,525,0,661,606,53,379
1728462898755660000,450,0,749,541,26,469
1728462898756502000,327,23,827,419,0,558
1728462898757344000,226,139,853,343,1,611
1728462898758186000,114,232,849,254,54,661
1728462898759028000,42,327,808,181,122,679
1728462898759870000,0,448,754,105,205,677
1728462898760712000,0,556,668,47,265,649
1728462898761553000,0,653,576,0,346,588
1728462898762394000,0,731,458,0,405,513
1728462898763236000,43,776,340,0,469,431
1728462898764078000,135,811,206,0,511,341
1728462898764920000,301,820,96,36,548,148
1728462898765762000,320,898,36,139,557,125
1728462898766615000,478,767,0,199,537,58
1728462898767456000,554,628,0,298,522,32
1728462898768297000,637,538,0,386,469,0
1728462898769138000,709,436,4,458,402,0
1728462898769980000,767,322,72,527,325,0
1728462898770821000,791,224,161,590,247,5
1728462898771663000,762,114,259,687,170,66
1728462898772505000,729,41,368,649,117,146
1728462898773347000,675,0,494,649,52,234
1728462898774188000,597,0,593,634,4,320
1728462898775029000,501,0,679,557,0,404
1728462898775870000,388,0,876,487,5,491
1728462898776712000,272,89,879,414,0,562
1728462898777554000,192,151,843,330,21,625
1728462898778396000,106,260,844,231,72,679
1728462898779238000,33,362,803,166,143,682
1728462898780084000,0,480,739,92,220,686
1728462898780925000,0,576,639,29,289,638
1728462898781766000,0,644,532,0,370,576
1728462898782607000,17,730,433,0,426,498
1728462898783449000,82,789,307,0,465,400
1728462898784291000,160,815,216,5,520,312
1728462898785133000,162,784,105,125,536,260
1728462898785975000,298,756,45,178,550,122
1728462898786816000,448,685,0,175,543,96
1728462898787657000,570,610,0,320,506,18
1728462898788498000,661,517,0,410,448,0
1728462898789339000,730,407,23,480,383,0
1728462898790181000,766,290,98,552,309,0
1728462898791023000,791,194,177,610,234,23
1728462898791865000,776,101,260,640,170,138
1728462898792707000,741,34,388,665,105,145
1728462898793560000,661,36,512,657,47,237
1728462898794401000,576,0,626,618,29,343
1728462898795242000,465,0,711,565,52,414
1728462898796083000,380,0,758,488,29,509
1728462898796925000,261,74,837,373,0,582
1728462898797767000,175,186,851,299,26,633
1728462898798609000,75,292,838,218,85,679
1728462898799451000,16,394,789,141,160,687
1728462898800293000,0,500,719,69,229,666
1728462898801134000,0,606,619,21,306,624
1728462898801975000,0,702,520,0,356,554
1728462898802816000,17,747,407,0,437,469
1728462898803658000,82,801,289,0,496,386
1728462898804499000,171,801,157,27,529,305
1728462898805341000,322,797,46,65,559,256
1728462898806183000,363,807,0,161,549,69
1728462898807033000,501,783,0,277,548,26
1728462898807874000,588,584,0,345,497,5
1728462898808715000,685,481,0,421,444,0
1728462898809556000,732,373,42,503,362,0
1728462898810397000,777,269,105,569,290,0
1728462898811239000,787,170,205,610,213,40
1728462898812081000,832,78,312,649,138,97
1728462898812923000,690,11,422,697,79,184
1728462898813765000,634,0,533,636,45,279
1728462898814606000,551,0,641,590,0,378
1728462898815447000,424,0,728,501,0,474
1728462898816288000,322,74,810,433,0,507
1728462898817130000,232,106,954,357,2,600
1728462898817972000,149,207,847,279,41,656
1728462898818814000,66,312,822,194,108,677
1728462898819656000,1,424,773,121,165,685
1728462898820503000,0,533,704,66,250,657
1728462898821344000,0,622,605,11,323,612
1728462898822184000,0,706,494,0,389,533
1728462898823026000,37,757,365,0,455,448
1728462898823868000,121,799,253,0,490,370
1728462898824710000,277,805,167,36,509,250
1728462898825552000,372,773,64,117,533,180
1728462898826394000,354,719,27,241,546,125
1728462898827236000,490,651,0,309,525,49
1728462898828076000,618,559,0,368,484,0
1728462898828917000,696,461,0,437,426,0
1728462898829758000,754,346,50,512,345,0
1728462898830599000,791,241,130,581,265,0
1728462898831441000,783,149,231,626,197,42
1728462898832283000,753,64,378,657,137,130
1728462898833125000,696,5,441,658,74,247
1728462898833979000,629,0,555,645,21,284
1728462898834820000,538,0,644,594,0,354
1728462898835661000,428,111,733,557,4,433
1728462898836503000,354,128,803,427,0,520
1728462898837345000,218,107,834,353,23,609
1728462898838187000,126,232,852,253,50,663
1728462898839029000,42,341,818,181,125,682
1728462898839871000,0,453,757,105,196,689
1728462898840713000,0,540,674,45,273,648
1728462898841554000,0,628,568,0,341,599
1728462898842395000,0,714,452,0,404,523
1728462898843237000,64,789,347,0,469,429
1728462898844079000,130,815,239,0,518,331
1728462898844921000,218,832,196,34,568,253
1728462898845763000,327,749,0,101,579,234
1728462898846605000,480,728,0,199,570,128
1728462898847450000,549,636,0,296,511,30
1728462898848291000,639,540,0,386,461,0
1728462898849132000,706,436,14,460,399,0
1728462898849974000,757,322,73,533,325,0
1728462898850815000,788,224,157,596,250,17
1728462898851657000,778,101,258,631,161,64
1728462898852499000,837,41,370,662,98,142
1728462898853341000,719,0,491,700,49,232
1728462898854182000,586,0,600,666,10,322
1728462898855023000,437,0,737,622,0,418
1728462898855865000,349,4,754,429,0,477
1728462898856707000,274,117,852,378,0,577
1728462898857549000,200,161,850,325,28,621
1728462898858391000,97,261,845,237,68,668
1728462898859233000,28,362,801,160,138,679
1728462898860075000,0,474,747,85,213,686
1728462898860919000,0,578,648,29,284,642
1728462898861760000,0,667,542,0,357,565
1728462898862601000,20,736,434,0,426,501
1728462898863443000,74,767,320,0,484,410
1728462898864285000,162,794,203,13,522,313
1728462898865127000,244,761,106,47,493,210
1728462898865969000,448,753,58,133,538,137
1728462898866811000,365,704,0,282,530,122
1728462898867652000,576,608,0,321,516,18
1728462898868493000,657,520,0,399,452,0
1728462898869334000,728,408,23,481,377,0
1728462898870176000,778,292,90,546,304,0
1728462898871017000,788,201,183,605,233,15
1728462898871859000,772,104,322,645,161,85
1728462898872701000,736,30,370,660,105,206
1728462898873543000,677,0,504,650,47,236
1728462898874402000,585,31,619,626,5,337
1728462898875243000,497,79,698,586,0,395
1728462898876085000,416,77,783,481,0,488
1728462898876926000,235,2,821,402,53,576
1728462898877768000,174,194,852,297,23,649
1728462898878610000,95,290,834,218,100,675
1728462898879452000,2,386,791,144,156,684
1728462898880294000,0,501,716,71,235,672
1728462898881135000,0,602,629,13,305,631
1728462898881976000,0,688,519,0,362,557
1728462898882817000,29,764,406,0,434,480
1728462898883659000,92,799,282,0,493,373
1728462898884500000,173,810,188,16,529,292
1728462898885342000,267,770,0,79,533,290
1728462898886184000,434,759,0,145,562,170
1728462898887026000,485,657,0,247,517,2
1728462898887867000,589,591,0,329,485,5
1728462898888708000,676,498,0,421,436,0
1728462898889549000,737,373,42,500,365,0
1728462898890390000,773,265,106,567,285,0
1728462898891232000,788,174,202,621,221,42
1728462898892074000,767,73,320,650,133,98
1728462898892916000,767,13,427,666,74,177
1728462898893758000,637,0,538,695,29,279
1728462898894599000,550,0,644,634,0,370
1728462898895440000,398,0,761,591,0,441
1728462898896281000,320,28,778,412,0,538
1728462898897123000,228,149,858,330,0,617
1728462898897965000,144,206,855,277,37,642
1728462898898807000,68,309,821,201,101,680
1728462898899649000,0,410,775,125,176,677
1728462898900490000,0,526,702,53,250,660
1728462898901339000,0,624,599,13,320,607
1728462898902180000,0,715,490,0,363,521
1728462898903022000,37,773,378,0,449,442
1728462898903864000,112,801,255,0,505,357
1728462898904706000,207,805,164,32,559,277
1728462898905548000,293,746,64,82,496,181
1728462898906390000,516,723,52,186,523,98
1728462898907231000,587,642,0,279,514,49
1728462898908072000,606,565,0,365,485,0
1728462898908913000,696,453,0,441,424,0
1728462898909755000,752,349,42,513,349,0
1728462898910596000,783,253,133,576,265,2
1728462898911438000,797,148,229,629,209,42
1728462898912280000,746,58,402,653,133,122
1728462898913122000,697,0,437,664,69,277
1728462898913963000,630,0,558,629,23,341
1728462898914814000,548,0,642,576,0,353
1728462898915655000,469,6,725,520,0,401
1728462898916497000,303,173,801,473,2,508
1728462898917339000,225,186,853,346,9,599
1728462898918181000,128,234,845,258,56,663
1728462898919023000,55,341,824,175,121,687
1728462898919865000,0,455,754,104,194,680
1728462898920707000,0,558,679,40,269,657
1728462898921548000,0,642,576,8,341,593
1728462898922389000,4,710,466,0,412,528
1728462898923230000,48,763,341,0,457,434
1728462898924072000,133,816,239,0,506,338
1728462898924914000,233,820,144,34,546,242
1728462898925756000,313,784,151,114,590,177
1728462898926598000,442,708,0,199,546,185
1728462898927439000,551,638,0,292,533,68
1728462898928284000,634,542,0,376,462,0
1728462898929125000,709,436,8,466,395,0
1728462898929967000,765,327,74,530,331,0
1728462898930808000,783,215,165,590,251,11
1728462898931650000,777,111,246,639,207,65
1728462898932492000,750,26,362,655,100,141
1728462898933334000,778,0,485,661,36,226
1728462898934175000,649,0,591,637,2,312
1728462898935016000,576,0,685,609,0,421
1728462898935857000,325,4,776,564,0,552
1728462898936699000,241,57,845,465,0,569
1728462898937540000,201,165,853,321,11,639
1728462898938382000,107,256,844,235,66,663
1728462898939224000,27,354,801,165,133,683
1728462898940066000,0,466,736,102,214,673
1728462898940907000,0,578,656,26,290,639
1728462898942700000,0,667,525,0,357,579
1728462898943541000,10,744,421,0,421,503
1728462898944383000,84,785,312,0,474,389
1728462898945225000,153,813,201,11,530,306
1728462898946067000,293,847,100,64,561,210
1728462898946909000,341,693,26,139,618,137
1728462898947751000,483,665,0,213,485,75
1728462898948592000,576,613,0,320,506,14
1728462898949433000,661,527,0,396,448,0
1728462898950274000,722,414,22,480,386,0
1728462898951116000,764,298,94,546,309,0
1728462898951957000,788,192,178,612,234,21
1728462898952799000,754,104,285,624,157,85
1728462898953641000,727,38,394,657,96,157
1728462898954483000,660,0,569,655,48,263
1728462898955324000,576,0,671,624,2,342
1728462898956166000,485,13,762,563,0,424
1728462898957008000,360,16,677,468,0,597
1728462898957849000,267,96,763,399,5,646
1728462898958691000,180,182,853,302,26,634
1728462898959533000,78,277,837,217,84,677
1728462898960375000,16,392,792,146,157,687
1728462898961217000,0,498,725,74,235,673
1728462898962058000,0,602,622,11,301,633
1728462898962899000,0,677,512,0,348,545
1728462898963740000,31,743,413,0,425,473
1728462898964582000,87,791,298,0,480,388
1728462898965424000,151,809,183,22,525,297
1728462898966266000,218,782,90,111,549,186
1728462898967108000,357,732,0,100,562,141
1728462898967949000,468,744,0,224,530,74
1728462898968790000,588,594,0,346,498,4
1728462898969635000,672,490,0,420,434,0
1728462898970477000,741,378,25,505,365,0
1728462898971318000,778,277,98,549,293,0
1728462898972160000,788,177,207,608,209,33
1728462898973002000,765,85,297,649,148,79
1728462898973844000,715,73,429,671,84,171
1728462898974686000,650,0,534,656,89,274
1728462898975527000,558,0,647,608,21,361
1728462898976368000,462,0,719,568,34,450
1728462898977209000,380,0,794,450,0,522
1728462898978051000,248,90,856,372,0,591
1728462898978893000,145,203,855,286,46,650
1728462898979735000,66,309,813,193,107,682
1728462898980577000,13,418,782,122,170,687
1728462898981419000,0,525,697,64,250,657
1728462898982260000,0,628,597,10,322,606
1728462898983115000,0,707,495,0,392,541
1728462898983957000,39,765,372,0,453,453
1728462898984799000,119,802,209,0,498,367
1728462898985641000,210,809,164,26,530,269
1728462898986483000,290,763,42,98,551,122
1728462898987325000,426,822,0,205,568,85
1728462898988167000,517,681,0,257,608,26
1728462898989008000,618,569,0,358,495,1
1728462898989849000,696,476,0,440,418,0
1728462898990690000,757,361,58,517,344,0
1728462898991531000,778,247,139,578,272,0
1728462898992373000,782,149,229,629,202,50
1728462898993215000,736,54,324,704,137,130
1728462898994057000,693,1,452,647,69,206
1728462898994898000,625,0,562,634,21,300
1728462898995739000,536,0,674,596,0,388
1728462898996580000,414,51,766,509,0,448
1728462898997422000,308,25,916,426,17,576
1728462898998264000,213,162,914,342,21,615
1728462898999106000,125,226,849,254,46,658
1728462898999948000,46,335,819,181,121,680
1728462899000790000,0,448,764,111,193,684
1728462899001632000,0,546,674,49,269,649
1728462899002473000,0,645,577,1,341,597
1728462899003314000,0,722,474,0,400,527
1728462899004156000,64,773,349,0,444,420
1728462899004997000,145,799,245,0,501,320
1728462899005839000,261,789,146,46,533,234
1728462899006681000,249,779,64,169,549,201
1728462899007523000,386,704,0,117,537,69
1728462899008364000,522,641,0,270,500,30
1728462899009205000,634,549,0,386,469,0
1728462899010055000,708,434,4,456,404,0
1728462899010896000,758,322,69,537,329,0
1728462899011737000,786,213,146,599,256,3
1728462899012579000,783,124,253,629,181,65
1728462899013421000,747,51,348,658,122,120
1728462899014263000,682,54,482,666,58,226
1728462899015104000,611,13,583,635,21,312
1728462899015945000,526,21,673,576,56,402
1728462899016786000,373,0,756,500,50,480
1728462899017628000,312,17,819,429,23,551
1728462899018469000,197,137,839,320,0,608
1728462899019311000,100,255,846,242,69,670
1728462899020153000,37,363,801,162,142,682
1728462899020995000,0,476,738,79,213,682
1728462899021836000,0,578,658,34,277,635
1728462899022677000,0,663,549,2,349,576
1728462899023533000,10,750,442,0,413,498
1728462899024375000,69,786,332,0,474,410
1728462899025217000,156,811,212,5,526,321
1728462899026059000,245,796,55,50,543,297
1728462899026901000,431,790,0,134,545,56
1728462899027743000,448,671,0,225,541,4
1728462899028584000,559,648,0,314,512,18
1728462899029425000,657,513,0,405,452,0
1728462899030266000,724,405,10,476,387,0
1728462899031108000,773,312,87,542,313,2
1728462899031949000,789,199,178,602,235,13
1728462899032791000,813,98,279,647,162,69
1728462899033633000,793,26,388,675,100,162
1728462899034475000,645,0,508,677,43,251
1728462899035316000,566,0,613,640,2,347
1728462899036157000,448,0,696,496,0,434
1728462899037006000,351,32,789,450,0,533
1728462899037847000,266,125,839,383,0,563
1728462899038689000,171,177,847,309,31,641
1728462899039531000,82,281,832,212,79,675
1728462899040373000,20,388,802,149,151,682
1728462899041215000,0,507,719,79,234,673
1728462899042056000,0,591,635,21,303,629
1728462899042897000,0,681,516,0,377,551
1728462899043738000,31,749,386,0,439,463
1728462899044580000,94,786,293,0,488,385
1728462899045422000,186,798,185,21,510,290
1728462899046264000,394,767,128,89,517,202
1728462899047106000,450,734,0,158,533,138
1728462899047948000,409,666,0,302,532,85
1728462899048789000,590,591,0,331,490,8
1728462899049630000,676,490,0,415,431,0
1728462899050473000,738,383,34,494,360,0
1728462899051314000,778,270,116,560,293,0
1728462899052156000,792,175,200,619,221,37
1728462899052998000,761,82,349,645,151,91
1728462899053840000,729,18,404,662,90,209
1728462899054682000,648,0,522,649,37,260
1728462899055523000,558,0,638,613,0,353
1728462899056364000,441,94,722,576,9,405
1728462899057205000,390,93,781,471,0,501
1728462899058047000,237,13,811,370,64,589
1728462899058889000,156,200,848,282,37,642
1728462899059731000,64,312,825,201,104,677
1728462899060573000,2,410,773,141,175,686
1728462899061415000,0,522,691,58,253,658
1728462899062256000,0,624,596,5,320,615
1728462899063097000,0,704,496,0,375,549
1728462899063946000,37,770,381,0,463,450
1728462899064788000,100,808,261,0,510,366
1728462899065630000,192,802,157,34,533,265
1728462899066472000,296,812,122,78,551,162
1728462899067314000,415,730,0,174,576,164
1728462899068155000,576,684,0,258,523,0
1728462899068996000,613,556,0,361,488,0
1728462899069837000,693,463,0,437,426,0
1728462899070678000,745,346,50,516,342,0
1728462899071519000,780,249,124,577,278,0
1728462899072361000,787,154,228,618,194,53
1728462899073203000,755,52,333,652,117,114
1728462899074045000,768,2,463,665,69,213
1728462899074886000,660,0,560,653,23,298
1728462899075727000,526,0,661,617,0,389
1728462899076568000,354,0,782,581,0,503
1728462899077415000,266,53,814,404,0,528
1728462899078257000,175,136,837,301,0,623
1728462899079099000,122,226,852,266,58,658
1728462899079941000,50,330,806,180,124,682
1728462899080783000,2,444,764,114,196,678
1728462899081625000,0,549,677,49,267,640
1728462899082466000,0,645,576,10,338,591
1728462899083307000,0,715,465,0,389,495
1728462899084149000,64,772,338,0,466,425
1728462899084991000,137,813,229,0,514,341
1728462899085833000,229,800,133,43,544,247
1728462899086675000,320,734,47,101,494,145
1728462899087517000,535,714,29,218,526,85
1728462899088359000,596,634,0,301,509,47
1728462899089200000,632,542,0,378,465,0
1728462899090041000,709,437,2,448,400,0
1728462899090918000,764,325,77,532,330,0
1728462899091759000,789,225,154,592,258,0
1728462899092601000,783,121,244,641,188,64
1728462899093443000,746,42,418,655,119,144
1728462899094285000,687,0,462,663,53,277
1728462899095126000,614,0,570,633,23,352
1728462899095967000,517,4,670,580,0,410
1728462899096808000,433,2,745,505,0,420
1728462899097650000,290,165,800,455,1,525
1728462899098492000,213,209,840,322,85,618
1728462899099334000,106,249,848,241,58,665
1728462899100176000,29,367,804,164,137,679
1728462899101018000,0,477,736,92,212,686
1728462899101860000,0,576,649,29,287,636
1728462899102701000,0,666,544,0,370,580
1728462899103542000,0,736,442,0,405,510
1728462899104363000,78,794,323,0,474,406
1728462899105205000,149,821,226,13,514,314
1728462899106047000,226,811,122,56,546,229
1728462899106889000,344,767,107,122,590,156
1728462899107731000,471,693,0,201,542,172
1728462899108572000,565,615,0,313,505,69
1728462899109413000,650,520,0,408,453,0
1728462899110254000,722,406,22,477,389,0
1728462899111096000,778,296,78,546,313,0
1728462899111937000,789,193,173,609,239,25
1728462899112778000,779,101,282,640,169,84
1728462899113620000,743,18,389,661,138,154
1728462899114462000,708,0,511,658,29,245
1728462899115303000,642,0,604,621,0,337
1728462899116144000,561,0,717,565,0,426
1728462899116986000,273,11,756,551,0,541
1728462899117836000,209,93,858,430,0,583
1728462899118678000,167,186,847,293,26,631
1728462899119520000,79,276,843,222,81,678
1728462899120362000,18,385,785,141,157,684
1728462899121204000,0,501,721,73,228,674
1728462899122045000,0,601,634,21,296,620
1728462899122886000,0,689,509,0,373,562
1728462899123727000,23,759,405,0,430,469
1728462899124569000,82,791,290,0,488,389
1728462899125411000,184,811,184,25,529,293
1728462899126253000,260,707,82,71,605,196
1728462899127095000,402,706,15,151,482,104
1728462899127937000,604,654,0,264,501,52
1728462899128778000,621,581,0,338,498,9
1728462899129619000,678,494,0,417,449,0
1728462899130461000,736,380,31,494,361,0
1728462899131326000,777,276,100,558,286,0
1728462899132167000,785,178,206,614,220,26
1728462899133009000,756,84,309,649,153,98
1728462899133851000,716,10,480,658,90,180
1728462899134693000,655,0,533,642,37,343
1728462899135534000,564,0,618,609,0,381
1728462899136375000,471,0,665,545,5,488
1728462899137217000,410,50,766,456,0,458
1728462899138058000,224,214,811,381,0,543
1728462899138900000,157,207,846,282,41,654
1728462899139742000,74,299,832,205,96,680
1728462899140584000,0,418,782,133,170,680
1728462899141426000,0,517,695,71,250,660
1728462899142267000,0,617,597,13,324,613
1728462899143108000,0,681,506,0,383,540
1728462899143949000,10,753,373,0,442,466
1728462899144784000,101,786,268,0,491,367
1728462899145626000,194,811,168,33,541,266
1728462899146468000,277,840,90,77,562,174
1728462899147310000,404,721,119,158,590,138
1728462899148152000,503,685,64,252,513,38
1728462899148994000,615,576,0,358,482,0
1728462899149835000,690,478,0,434,421,0
1728462899150677000,744,356,50,514,343,0
1728462899151518000,786,241,133,576,284,0
1728462899152360000,786,154,222,626,201,52
1728462899153202000,761,37,328,647,192,113
1728462899154044000,706,0,448,665,94,196
1728462899154886000,624,0,562,641,8,299
1728462899155727000,597,0,671,601,0,381
1728462899156568000,566,0,798,543,0,466
1728462899157409000,394,42,797,431,0,555
1728462899158251000,142,114,850,409,0,653
1728462899159093000,126,229,851,265,57,653
1728462899159935000,42,327,815,184,119,684
1728462899160777000,0,451,757,109,196,682
1728462899161618000,0,548,675,45,269,655
1728462899162459000,0,645,576,4,331,595
1728462899163300000,0,722,465,0,393,516
1728462899164142000,53,782,330,0,474,426
1728462899164984000,133,805,240,0,512,322
1728462899165826000,229,811,137,41,543,253
1728462899166668000,365,837,45,98,548,137
1728462899167509000,444,640,0,210,610,77
1728462899168351000,562,596,0,292,477,16
1728462899169192000,630,544,0,378,474,0
1728462899170033000,705,442,10,453,405,0
1728462899170875000,764,333,64,524,331,0
1728462899171756000,786,229,151,582,254,14
1728462899172598000,788,133,257,633,178,64
1728462899173440000,722,53,366,646,117,143
1728462899174282000,679,0,482,666,58,226
1728462899175123000,606,0,646,625,18,322
1728462899175964000,512,0,718,578,0,409
1728462899176805000,405,34,819,493,0,476
1728462899177647000,306,64,744,414,0,638
1728462899178489000,234,174,795,320,34,653
1728462899179331000,106,246,842,249,66,669
1728462899180173000,34,354,805,161,132,691
1728462899181015000,0,473,752,92,202,675
1728462899181857000,0,577,656,34,285,635
1728462899182698000,0,654,554,2,357,579
1728462899183539000,13,713,444,0,407,500
1728462899184381000,69,782,322,0,475,414
1728462899185201000,137,805,210,9,516,322
1728462899186043000,245,804,122,65,545,226
1728462899186885000,299,777,42,105,552,178
1728462899187727000,442,713,0,202,543,69
1728462899188568000,548,608,74,301,537,23
1728462899189409000,647,518,0,393,448,0
1728462899190250000,727,411,14,481,383,0
1728462899191092000,766,303,94,544,311,0
1728462899191934000,781,194,188,605,232,16
1728462899192776000,778,109,276,641,173,85
1728462899193618000,738,9,388,656,154,159
1728462899194460000,666,0,509,657,66,237
1728462899195301000,581,0,617,619,0,341
1728462899196142000,559,0,709,567,0,432
1728462899196983000,471,18,821,485,0,501
1728462899197825000,168,77,805,463,0,626
1728462899198675000,114,175,856,330,11,631
1728462899199517000,90,282,840,224,90,667
1728462899200359000,21,381,789,154,156,683
1728462899201201000,0,498,719,69,226,680
1728462899202042000,0,599,644,21,293,624
1728462899202883000,0,683,525,0,361,554
1728462899203724000,25,763,397,0,436,484
1728462899204566000,90,789,295,0,485,379
1728462899205408000,178,810,177,18,523,289
1728462899206250000,277,722,87,74,608,202
1728462899207092000,407,713,32,158,509,122
1728462899207934000,570,642,0,247,499,64
1728462899208775000,653,591,0,338,498,21
1728462899209616000,674,490,0,420,442,0
1728462899210457000,746,373,25,495,382,0
1728462899211299000,781,279,104,554,290,0
1728462899212147000,790,176,202,610,222,26
1728462899212989000,757,82,313,653,153,94
1728462899213831000,722,21,478,660,94,189
1728462899214673000,649,0,577,642,33,290
1728462899215514000,569,0,629,610,0,402
1728462899216355000,465,0,668,538,5,509
1728462899217197000,407,57,761,458,0,439
1728462899218039000,245,226,826,394,4,554
1728462899218881000,151,202,840,276,42,650
1728462899219723000,69,309,832,199,89,674
1728462899220565000,5,414,779,130,175,684
1728462899221407000,0,518,698,66,250,662
1728462899222248000,0,629,602,9,324,618
1728462899223089000,0,709,497,0,389,553
1728462899223930000,13,756,378,0,440,463
1728462899224772000,100,796,269,0,489,357
1728462899225620000,188,808,175,33,534,276
1728462899226462000,284,779,72,82,558,169
1728462899227304000,403,729,85,173,594,142
1728462899228145000,512,677,43,261,507,53
1728462899228986000,615,569,0,354,481,0
1728462899229827000,686,472,0,437,427,0
1728462899230669000,741,349,53,517,352,0
1728462899231510000,789,242,122,578,282,0
1728462899232352000,781,146,215,619,202,50
1728462899233194000,759,45,328,665,186,106
1728462899234036000,704,0,451,663,64,192
1728462899234877000,627,0,555,645,13,295
1728462899235718000,606,0,658,601,0,392
1728462899236559000,541,0,789,537,0,462
1728462899237401000,254,42,778,508,0,579
1728462899238243000,162,125,872,402,0,619
1728462899239102000,132,228,858,266,56,654
1728462899239944000,53,329,824,185,117,686
1728462899240786000,0,448,754,107,192,690
1728462899241628000,0,543,675,45,264,653
1728462899242469000,0,642,578,1,337,593
1728462899243310000,0,722,461,0,407,518
1728462899244152000,58,775,338,0,474,435
1728462899244994000,144,805,233,0,512,322
1728462899245835000,228,812,139,41,546,255
1728462899246677000,343,832,50,90,630,149
1728462899247519000,448,663,0,224,610,76
1728462899248361000,558,613,0,278,458,33
1728462899249202000,633,535,0,383,469,0
1728462899250043000,708,444,0,456,405,0
1728462899250885000,760,330,68,521,334,0
1728462899251726000,785,224,146,580,253,4
1728462899252566000,781,132,250,634,185,53
1728462899253408000,733,48,367,651,128,141
1728462899254250000,682,0,495,660,56,230
1728462899255091000,604,0,639,625,13,325
1728462899255932000,514,0,715,578,0,409
1728462899256773000,421,23,824,510,0,584
1728462899257614000,307,90,770,411,13,632
1728462899258456000,245,170,824,325,11,558
1728462899259298000,110,249,837,241,66,666
1728462899260140000,37,354,807,181,133,683
1728462899260982000,0,473,750,98,209,674
1728462899261824000,0,569,655,37,286,641
1728462899262665000,0,665,554,0,357,586
1728462899263506000,13,729,442,0,401,498
1728462899264348000,79,778,325,0,481,405
1728462899265190000,141,809,201,5,512,326
1728462899266038000,250,808,117,50,542,232
1728462899266880000,324,773,50,97,554,177
1728462899267722000,450,756,2,210,549,72
1728462899268563000,545,597,90,295,530,34
1728462899269404000,655,521,0,393,455,0
1728462899270245000,722,416,11,466,379,0
1728462899271087000,773,308,93,549,313,0
1728462899271928000,784,205,181,602,234,5
1728462899272770000,778,105,272,649,174,81
1728462899273612000,736,119,375,661,109,154
1728462899274454000,674,0,504,662,90,238
1728462899275295000,591,0,610,624,34,334
1728462899276136000,486,0,714,569,0,422
1728462899276977000,391,0,781,481,0,482
1728462899277819000,402,55,863,414,0,565
1728462899278661000,238,165,842,340,7,650
1728462899279543000,93,277,840,226,75,669
1728462899280385000,23,377,796,150,162,682
1728462899281227000,0,503,714,77,229,674
1728462899282068000,0,595,615,21,305,629
1728462899282909000,0,680,523,0,368,561
1728462899283750000,21,757,407,0,433,480
1728462899284592000,89,805,276,0,490,389
1728462899285434000,182,807,184,20,532,295
1728462899286276000,269,786,82,77,553,192
1728462899287118000,404,834,2,178,565,106
1728462899287960000,510,644,0,233,622,39
1728462899288801000,586,533,0,338,546,4
1728462899289642000,670,503,0,421,441,0
1728462899290483000,732,377,33,496,370,0
1728462899291325000,779,274,101,564,302,0
1728462899292166000,786,176,194,617,219,34
1728462899292990000,773,85,302,651,155,90
1728462899293832000,704,23,421,653,84,176
1728462899294673000,633,0,538,644,37,274
1728462899295514000,562,0,626,612,4,370
1728462899296355000,455,0,715,528,0,448
1728462899297196000,348,18,907,449,6,546
1728462899298038000,253,138,904,367,0,576
1728462899298880000,149,205,810,279,36,670
1728462899299722000,71,300,832,203,98,682
1728462899300564000,8,417,773,125,171,690
1728462899301406000,0,525,704,64,242,663
1728462899302247000,0,622,610,10,316,613
1728462899303088000,0,705,504,0,383,539
1728462899303929000,29,746,383,0,448,458
1728462899304771000,107,791,274,0,489,365
1728462899305613000,205,816,165,30,538,277
1728462899306461000,282,808,68,156,533,225
1728462899307303000,341,733,50,221,554,106
1728462899308144000,461,661,0,215,528,47
1728462899308985000,608,571,0,363,491,4
1728462899309826000,691,459,0,437,425,0
1728462899310668000,750,355,46,513,354,0
1728462899311509000,783,258,119,569,273,0
1728462899312350000,794,157,221,626,197,41
1728462899313192000,762,69,325,661,145,141
1728462899314034000,708,0,433,668,75,185
1728462899314876000,632,64,551,638,30,290
1728462899315717000,543,34,662,594,0,381
1728462899316558000,475,64,741,529,0,449
1728462899317400000,314,0,805,448,50,535
1728462899318241000,234,71,842,370,42,608
1728462899319083000,138,224,845,266,53,661
1728462899319933000,50,332,823,183,110,687
1728462899320775000,0,441,761,109,180,677
1728462899321617000,0,549,683,51,266,656
1728462899322458000,0,645,589,5,337,606
1728462899323299000,0,714,468,0,394,519
1728462899324140000,64,775,349,0,469,436
1728462899324982000,117,805,237,0,501,345
1728462899325824000,217,805,144,52,537,248
1728462899326666000,321,766,0,106,557,256
1728462899327508000,498,741,0,197,554,93
1728462899328350000,534,632,0,285,519,0
1728462899329191000,629,547,0,373,482,0
1728462899330032000,711,440,4,450,410,0
1728462899330874000,761,327,65,535,323,0
1728462899331715000,789,234,148,583,260,1
1728462899332557000,776,130,266,634,186,65
1728462899333404000,767,43,353,664,106,136
1728462899334246000,757,0,476,658,50,225
1728462899335087000,666,0,586,627,13,322
1728462899335927000,499,0,682,613,0,402
1728462899336768000,335,0,770,564,0,525
1728462899337609000,250,74,818,420,0,548
1728462899338451000,171,149,839,298,4,642
1728462899339293000,113,250,833,242,69,673
1728462899340135000,42,357,805,168,130,684
1728462899340977000,0,463,751,100,206,678
1728462899341819000,0,562,656,46,286,642
1728462899342660000,0,664,549,0,353,586
1728462899343501000,2,736,434,0,415,501
1728462899344343000,79,789,320,0,480,418
1728462899345185000,154,809,213,2,522,312
1728462899346027000,253,800,125,64,557,235
1728462899346935000,472,741,64,150,530,146
1728462899347777000,535,696,0,201,521,81
1728462899348619000,450,601,0,382,498,53
1728462899349460000,650,522,0,395,460,0
1728462899350301000,719,430,18,471,389,0
1728462899351143000,770,298,80,541,314,0
1728462899351985000,788,202,177,602,241,17
1728462899352827000,783,113,271,642,162,81
1728462899353669000,736,41,450,658,105,229
1728462899354511000,660,0,487,658,46,300
1728462899355352000,594,0,591,626,10,368
1728462899356193000,495,0,704,572,0,416
1728462899357034000,369,121,744,498,2,457
1728462899357876000,310,173,820,418,0,554
1728462899358718000,155,94,834,301,92,618
1728462899359560000,91,269,844,227,81,674
1728462899360348000,21,386,786,148,158,692
1728462899361190000,0,496,726,78,225,671
1728462899362031000,0,594,629,22,301,620
1728462899362872000,0,683,527,0,368,558
1728462899363714000,0,741,423,0,421,480
1728462899364556000,77,798,299,0,488,389
1728462899365398000,165,818,188,5,527,299
1728462899366240000,282,797,98,69,549,204
1728462899367082000,381,732,0,149,565,199
1728462899367924000,532,704,0,231,546,105
1728462899368765000,593,599,0,333,494,0
1728462899369606000,673,498,0,412,444,0
1728462899370447000,730,389,26,485,368,0
1728462899371289000,781,287,106,555,293,0
1728462899372130000,784,181,202,613,217,21
1728462899372972000,780,87,301,655,154,93
1728462899373822000,820,10,405,663,78,181
1728462899374663000,700,0,533,697,23,266
1728462899375504000,548,0,644,648,0,363
1728462899376345000,431,0,729,570,0,444
1728462899377187000,306,14,782,420,0,514
1728462899378029000,218,97,834,345,0,620
1728462899378871000,126,212,844,255,42,649
1728462899379713000,69,301,832,210,89,672
1728462899380555000,9,405,789,137,174,684
1728462899381397000,0,517,700,66,248,668
1728462899382238000,0,625,604,7,323,629
1728462899383079000,0,700,490,0,390,546
1728462899383920000,52,766,376,0,454,451
1728462899384761000,118,805,272,0,490,363
1728462899385603000,202,783,174,26,538,274
1728462899386445000,296,760,74,93,578,192
1728462899387303000,458,716,20,173,514,106
1728462899388145000,599,643,2,261,504,42
1728462899388986000,687,570,0,394,478,2
1728462899389827000,700,469,0,432,414,0
1728462899390668000,750,362,50,522,356,0
1728462899391509000,778,251,129,576,273,0
1728462899392351000,786,146,218,625,205,45
1728462899393193000,757,73,329,651,138,122
1728462899394035000,704,11,485,664,81,202
1728462899394877000,626,0,546,647,27,338
1728462899395718000,535,0,651,603,0,413
1728462899396559000,452,0,711,525,0,513
1728462899397401000,352,48,782,437,0,485
1728462899398242000,218,250,824,372,9,559
1728462899399084000,141,245,850,265,45,657
1728462899399926000,57,329,832,185,122,687
1728462899400769000,0,434,757,109,188,681
1728462899401611000,0,546,673,42,267,657
1728462899402452000,0,644,591,0,334,606
1728462899403293000,0,698,477,0,386,522
1728462899404134000,29,778,356,0,456,448
1728462899404976000,114,810,247,0,506,337
1728462899405817000,221,801,141,31,549,258
1728462899406659000,292,821,64,87,551,173
1728462899407501000,420,732,0,171,552,71
1728462899408342000,529,621,98,282,546,37
1728462899409183000,629,549,0,373,468,0
1728462899410024000,707,451,0,454,410,0
1728462899410866000,752,322,68,529,335,0
1728462899411707000,794,225,145,587,267,4
1728462899412549000,782,136,244,634,192,66
1728462899413391000,758,98,354,661,113,123
1728462899414240000,693,0,471,665,102,224
1728462899415081000,606,0,586,633,34,320
1728462899415922000,514,0,677,587,0,398
1728462899416763000,418,0,749,498,0,473
1728462899417605000,407,57,874,430,0,576
1728462899418447000,263,132,832,402,0,624
1728462899419289000,106,245,847,245,68,665
1728462899420131000,37,348,808,172,135,688
1728462899420973000,0,462,748,90,199,677
1728462899421814000,0,576,656,38,282,637
1728462899422655000,0,663,549,0,349,577
1728462899423496000,1,738,448,2,409,494
1728462899424338000,68,778,320,0,480,415
1728462899425180000,149,809,205,0,510,304
1728462899426022000,249,811,122,64,543,242
1728462899426864000,354,809,30,110,644,125
1728462899427736000,450,633,0,242,584,69
1728462899428577000,561,565,0,314,434,9
1728462899429418000,647,516,0,398,462,0
1728462899430259000,725,420,11,469,395,0
1728462899431101000,767,306,89,548,309,0
1728462899431942000,794,197,167,598,233,5
1728462899432784000,777,112,277,645,178,79
1728462899433626000,725,37,383,650,106,160
1728462899434468000,666,0,500,645,45,245
1728462899435309000,591,0,664,622,2,341
1728462899436150000,493,0,743,565,0,420
1728462899436991000,381,34,769,490,0,607
1728462899437833000,289,78,766,399,11,642
1728462899438675000,224,186,805,298,11,546
1728462899439517000,93,279,841,228,79,680
1728462899440359000,16,389,797,148,151,682
1728462899441187000,0,489,721,81,225,673
1728462899442028000,0,593,633,31,305,638
1728462899442869000,0,682,522,0,375,570
1728462899443710000,29,742,417,0,429,466
1728462899444552000,93,782,295,0,482,381
1728462899445394000,171,799,194,17,511,302
1728462899446236000,260,799,109,65,549,217
1728462899447078000,345,811,34,130,551,129
1728462899447920000,477,669,0,220,535,50
1728462899448761000,590,586,85,320,530,23
1728462899449602000,662,501,0,416,440,0
1728462899450443000,736,399,32,497,372,0
1728462899451284000,772,279,113,555,293,0
1728462899452126000,783,169,201,613,220,23
1728462899452968000,773,97,306,645,158,110
1728462899453810000,729,80,415,661,85,162
1728462899454657000,646,0,530,655,77,262
1728462899455498000,576,0,632,619,25,362
1728462899456339000,466,0,725,549,0,444
1728462899457180000,344,0,799,466,0,516
1728462899458022000,373,90,874,384,0,594
1728462899458864000,64,192,821,356,11,677
1728462899459706000,71,293,833,210,100,679
1728462899460548000,5,398,775,137,171,683
1728462899461390000,0,520,705,57,242,667
1728462899462231000,0,614,610,9,314,620
1728462899463072000,0,699,493,0,377,544
1728462899463914000,29,779,389,0,453,465
1728462899464756000,78,798,266,0,498,365
1728462899465598000,215,802,141,28,543,274
1728462899466440000,297,788,66,87,553,189
1728462899467282000,437,809,0,178,543,87
1728462899468131000,521,715,0,245,621,27
1728462899468972000,590,500,0,352,539,0
1728462899469813000,682,480,0,437,424,0
1728462899470654000,754,357,42,514,362,0
1728462899471496000,778,255,116,564,279,0
1728462899472338000,789,160,224,635,201,40
1728462899473180000,761,74,330,654,138,98
1728462899474022000,682,5,452,650,73,205
1728462899474863000,614,0,557,642,26,303
1728462899475704000,535,0,651,590,0,383
1728462899476545000,442,0,747,517,0,467
1728462899477387000,313,21,916,437,0,555
1728462899478229000,213,158,917,345,18,597
1728462899479071000,122,218,805,259,58,719
1728462899479913000,52,320,815,194,116,682
1728462899480754000,1,433,765,110,187,690
1728462899481605000,0,546,683,50,264,654
1728462899482446000,0,641,586,4,330,596
1728462899483287000,0,718,474,0,402,528
1728462899484129000,57,761,348,0,465,441
1728462899484971000,130,797,240,0,503,348
1728462899485813000,226,810,153,36,530,264
1728462899486655000,265,767,64,153,555,173
1728462899487497000,365,714,14,213,545,73
1728462899488338000,491,638,0,266,521,73
1728462899489179000,610,554,0,357,477,0
1728462899490020000,704,442,8,448,402,0
1728462899490862000,762,335,58,530,327,0
1728462899491703000,786,229,146,588,258,0
1728462899492545000,777,127,250,629,193,56
1728462899493387000,748,52,341,658,125,133
1728462899494229000,698,85,468,669,64,209
1728462899495085000,617,25,588,634,8,303
1728462899495926000,514,5,677,585,17,389
1728462899496767000,405,0,751,505,53,484
1728462899497609000,331,17,816,418,0,558
1728462899498451000,301,113,856,332,0,621
1728462899499293000,118,250,846,252,55,666
1728462899500135000,27,351,815,165,130,687
1728462899500977000,0,461,742,101,210,675
1728462899501818000,0,576,650,34,287,647
1728462899502659000,0,658,558,0,349,588
1728462899503500000,0,727,448,0,404,498
1728462899504342000,64,794,329,0,482,408
1728462899505184000,139,806,192,5,517,322
1728462899506025000,247,808,109,54,549,234
1728462899506867000,341,793,20,125,559,114
1728462899507709000,506,786,0,242,538,46
1728462899508551000,559,514,0,304,591,0
1728462899509392000,644,518,0,402,462,0
1728462899510233000,717,410,9,470,386,0
1728462899511075000,766,304,79,542,320,0
1728462899511916000,793,205,162,596,242,18
1728462899512758000,781,112,274,642,178,71
1728462899513600000,719,32,389,702,111,155
1728462899514442000,662,0,495,650,53,245
1728462899515283000,587,0,606,615,5,341
1728462899516124000,490,0,705,562,0,427
1728462899516965000,379,0,889,480,0,508
1728462899517806000,261,130,893,393,0,567
1728462899518648000,169,148,765,306,23,706
1728462899519490000,93,276,834,224,79,679
1728462899520332000,25,383,797,154,141,688
1728462899521174000,0,500,733,77,220,677
1728462899522065000,0,591,639,29,299,632
1728462899522906000,0,682,525,0,366,576
1728462899523747000,20,737,418,0,416,489
1728462899524589000,93,779,293,0,485,392
1728462899525431000,177,815,197,20,509,289
1728462899526273000,258,799,104,71,548,210
1728462899527115000,326,741,37,158,549,109
1728462899527957000,462,705,0,202,546,96
1728462899528798000,570,674,14,306,494,30
1728462899529639000,673,496,0,410,448,0
1728462899530480000,734,391,26,494,363,0
1728462899531322000,767,281,101,561,293,0
1728462899532164000,789,168,192,613,224,21
1728462899533006000,771,90,290,649,161,100
1728462899533848000,725,107,407,666,85,170
1728462899534690000,656,40,527,653,42,253
1728462899535503000,568,0,631,614,52,356
1728462899536344000,461,0,727,553,13,440
1728462899537185000,389,0,797,485,25,528
1728462899538027000,253,86,839,363,0,601
1728462899538869000,244,184,882,288,2,634
1728462899539711000,65,297,832,210,90,668
1728462899540553000,20,401,773,135,178,680
1728462899541395000,0,514,700,64,242,663
1728462899542236000,0,616,613,10,312,619
1728462899543077000,0,695,503,0,381,543
1728462899543919000,32,760,383,0,440,457
1728462899544761000,90,802,273,0,498,373
1728462899545603000,197,797,153,20,541,273
1728462899546445000,302,796,74,93,559,200
1728462899547287000,393,847,0,202,560,58
1728462899548129000,536,745,0,277,540,17
1728462899548968000,600,458,0,335,564,0
1728462899549809000,681,472,0,436,430,0
1728462899550651000,748,362,39,505,357,0
1728462899551492000,786,257,125,564,279,0
1728462899552334000,783,160,221,618,200,45
1728462899553175000,762,78,330,654,145,106
1728462899554017000,677,2,450,690,69,197
1728462899554858000,618,0,552,639,26,290
1728462899555699000,536,0,650,587,0,389
1728462899556540000,440,0,752,527,0,469
1728462899557382000,357,50,799,439,0,533
1728462899558224000,221,137,939,353,40,613
1728462899559066000,122,205,779,261,46,741
1728462899559908000,58,328,817,186,117,687
1728462899560750000,2,439,766,116,185,688
1728462899561592000,0,543,681,49,264,650
1728462899562442000,0,637,587,5,340,605
1728462899563283000,0,709,476,0,397,532
1728462899564124000,53,762,346,0,466,437
1728462899564966000,130,804,232,0,502,338
1728462899565807000,229,794,152,42,538,256
1728462899566649000,360,796,64,105,559,184
1728462899567491000,341,719,17,252,546,145
1728462899568332000,493,633,0,234,519,30
1728462899569173000,608,554,0,341,471,5
1728462899570014000,704,449,0,448,412,0
1728462899570856000,763,335,73,530,333,0
1728462899571697000,793,238,145,585,253,4
1728462899572539000,779,130,249,618,188,58
1728462899573381000,756,45,354,663,132,130
1728462899574223000,691,0,460,657,57,209
1728462899575064000,614,0,576,629,13,304
1728462899575912000,523,58,680,590,0,389
1728462899576753000,421,71,756,516,0,466
1728462899577595000,308,101,819,410,66,561
1728462899578437000,210,78,842,360,69,609
1728462899579279000,114,229,834,244,43,660
1728462899580121000,40,346,809,176,124,682
1728462899580963000,0,463,750,95,204,670
1728462899581804000,0,565,649,37,283,644
1728462899582645000,0,655,554,1,352,587
1728462899583486000,4,719,440,0,416,503
1728462899584327000,69,788,330,0,477,425
1728462899585169000,148,815,221,2,509,320
1728462899586011000,226,803,122,66,552,229
1728462899586853000,346,782,106,126,576,153
1728462899587695000,452,698,0,207,567,144
1728462899588537000,613,652,0,301,509,0
1728462899589389000,651,532,0,383,456,0
1728462899590230000,719,423,17,469,391,0
1728462899591072000,763,311,85,546,320,0
1728462899591913000,784,201,174,605,241,18
1728462899592755000,776,117,278,639,174,79
1728462899593597000,759,32,380,661,97,161
1728462899594439000,740,0,498,662,46,237
1728462899595280000,617,0,609,642,8,329
1728462899596121000,469,0,704,604,0,418
1728462899596962000,314,10,791,543,0,534
1728462899597804000,234,79,814,328,0,559
1728462899598646000,157,174,853,270,0,663
1728462899599488000,98,282,844,226,82,677
1728462899600330000,21,378,799,151,153,687
1728462899601172000,0,484,729,87,224,669
1728462899602013000,0,591,638,28,302,634
1728462899602900000,0,679,533,0,367,569
1728462899603741000,34,752,416,0,423,466
1728462899604583000,95,798,298,0,482,380
1728462899605425000,166,805,202,18,522,292
1728462899606267000,272,772,98,77,561,213
1728462899607109000,388,690,7,156,601,128
1728462899607950000,469,654,0,224,480,64
1728462899608791000,702,569,20,349,449,5
1728462899609632000,677,501,0,405,451,0
1728462899610473000,728,402,33,491,376,0
1728462899611314000,772,276,103,559,301,0
1728462899612156000,798,180,185,609,235,29
1728462899612998000,770,96,303,645,153,96
1728462899613840000,712,23,409,657,82,170
1728462899614682000,650,0,599,650,50,266
1728462899615523000,570,0,654,613,2,361
1728462899616329000,469,0,738,555,0,450
1728462899617170000,363,16,706,453,9,602
1728462899618012000,274,122,786,367,0,640
1728462899618854000,205,188,802,290,15,562
1728462899619696000,72,300,836,206,93,673
1728462899620538000,9,402,776,133,165,692
1728462899621380000,0,523,705,66,244,674
1728462899622221000,0,614,616,13,320,619
1728462899623062000,0,698,505,0,381,553
1728462899623904000,36,757,397,0,434,457
1728462899624746000,101,799,279,0,498,377
1728462899625588000,183,808,174,29,523,286
1728462899626430000,289,788,65,86,553,202
1728462899627272000,379,786,36,146,545,97
1728462899628114000,491,648,64,247,551,50
1728462899628955000,583,581,64,348,522,2
1728462899629801000,690,459,0,443,431,0
1728462899630642000,749,366,42,506,361,0
1728462899631483000,778,245,121,565,273,0
1728462899632325000,789,159,216,623,202,43
1728462899633167000,760,73,324,656,144,109
1728462899634009000,705,0,434,663,126,192
1728462899634851000,637,0,543,649,68,287
1728462899635692000,549,0,652,592,0,381
1728462899636533000,448,0,752,532,0,458
1728462899637375000,441,33,866,461,0,535
1728462899638217000,279,98,842,351,0,596
1728462899639059000,53,213,870,320,45,677
1728462899639901000,56,322,824,192,106,686
1728462899640743000,0,437,767,116,186,683
1728462899641585000,0,538,695,56,258,658
1728462899642426000,0,629,577,10,330,600
1728462899643281000,0,719,469,0,402,532
1728462899644123000,49,776,320,0,453,441
1728462899644964000,130,801,239,0,505,354
1728462899645806000,225,808,133,34,530,253
1728462899646648000,312,791,64,113,558,178
1728462899647490000,420,597,0,186,625,73
1728462899648332000,537,586,0,295,576,25
1728462899649173000,633,517,0,362,396,0
1728462899650014000,711,450,0,448,414,0
1728462899650855000,761,343,64,523,333,0
1728462899651696000,778,234,145,580,257,0
1728462899652538000,776,133,257,634,192,53
1728462899653380000,756,65,348,658,133,138
1728462899654222000,681,0,473,654,56,213
1728462899655064000,617,0,583,636,25,309
1728462899655905000,513,0,683,581,0,400
1728462899656751000,407,2,793,514,0,482
1728462899657593000,321,82,898,423,15,559
1728462899658434000,207,148,765,320,0,716
1728462899659276000,130,253,792,229,66,724
1728462899660118000,34,352,814,175,132,682
1728462899660960000,0,452,748,100,205,679
1728462899661802000,0,565,660,45,279,647
1728462899662643000,0,653,552,0,352,589
1728462899663484000,4,730,448,0,417,516
1728462899664325000,68,789,322,0,458,412
1728462899665167000,149,815,226,5,509,303
1728462899666009000,238,784,125,64,549,234
1728462899666851000,303,775,42,148,555,162
1728462899667693000,410,706,0,162,535,74
1728462899668534000,529,629,0,273,503,47
1728462899669375000,644,540,0,380,450,0
1728462899670223000,714,427,9,470,389,0
1728462899671065000,762,306,82,541,320,0
1728462899671906000,794,202,166,604,253,19
1728462899672748000,777,113,274,641,167,71
1728462899673590000,746,43,389,662,105,153
1728462899674431000,673,74,505,661,50,233
1728462899675272000,586,37,602,630,8,324
1728462899676113000,504,16,700,576,13,424
1728462899676954000,395,0,772,490,45,497
1728462899677796000,306,37,824,404,0,570
1728462899678638000,215,149,856,320,0,616
1728462899679480000,122,264,844,229,72,672
1728462899680322000,21,369,793,161,149,685
1728462899681164000,0,489,716,77,228,679
1728462899682005000,0,589,634,17,296,637
1728462899682846000,0,677,530,0,369,567
1728462899683704000,17,750,421,0,421,482
1728462899684546000,74,800,302,0,487,405
1728462899685388000,170,810,205,14,530,306
1728462899686229000,266,807,90,68,555,215
1728462899687071000,373,746,0,133,569,199
1728462899687912000,539,709,0,228,528,0
1728462899688753000,572,585,0,320,487,0
1728462899689594000,660,523,0,416,442,0
1728462899690436000,736,389,25,494,374,0
1728462899691278000,775,273,101,559,301,0
1728462899692119000,786,184,186,608,221,33
1728462899692961000,773,92,297,653,157,88
1728462899693803000,799,9,407,664,92,174
1728462899694645000,640,0,520,714,34,266
1728462899695486000,540,0,629,639,0,357
1728462899696327000,457,0,717,569,0,440
1728462899697166000,331,33,772,420,0,538
1728462899698008000,242,151,853,353,0,606
1728462899698850000,153,194,845,274,30,644
1728462899699692000,70,294,832,212,96,682
1728462899700534000,10,405,789,136,161,685
1728462899701376000,0,515,716,68,234,662
1728462899702217000,0,615,613,11,314,616
1728462899703058000,0,704,510,0,378,562
1728462899703900000,48,757,386,0,448,452
1728462899704742000,106,788,265,0,507,363
1728462899705584000,194,798,180,26,526,287
1728462899706426000,295,783,83,87,545,194
1728462899707268000,466,727,10,159,538,117
1728462899708110000,414,651,4,313,517,97
1728462899708951000,533,565,0,373,474,0
1728462899709792000,688,477,0,425,434,0
1728462899710639000,743,365,45,511,349,0
1728462899711480000,779,258,123,580,282,0
1728462899712322000,785,160,222,623,217,45
1728462899713164000,760,77,312,653,146,110
1728462899714006000,713,9,420,660,73,224
1728462899714847000,653,0,537,645,33,265
1728462899715688000,538,64,651,601,0,357
1728462899716529000,441,42,740,538,0,458
1728462899717370000,361,106,794,431,0,514
1728462899718212000,202,37,838,360,64,586
1728462899719054000,149,170,849,264,0,645
1728462899719896000,54,322,821,189,112,674
1728462899720738000,0,431,761,114,181,682
1728462899721580000,0,540,681,57,263,657
1728462899722421000,0,637,591,0,329,607
1728462899723262000,0,704,488,0,389,533
1728462899724111000,36,782,362,0,451,442
1728462899724953000,117,813,249,0,511,352
1728462899725795000,226,806,146,41,549,261
1728462899726637000,312,778,56,109,547,181
1728462899727479000,469,741,0,185,568,133
1728462899728321000,576,651,0,273,503,0
1728462899729162000,621,615,0,383,480,0
1728462899730003000,698,450,0,452,415,0
1728462899730845000,756,328,52,523,338,0
1728462899731686000,789,234,135,583,273,5
1728462899732528000,791,138,244,637,192,54
1728462899733370000,753,64,352,660,129,129
1728462899734212000,741,0,462,711,64,224
1728462899735053000,597,0,569,668,23,320
1728462899735894000,506,0,668,608,0,402
1728462899736735000,414,0,764,506,0,483
1728462899737597000,283,74,820,389,0,586
1728462899738439000,202,186,850,313,14,604
1728462899739281000,120,257,935,245,98,674
1728462899740123000,45,347,804,175,143,686
1728462899740965000,0,458,750,98,196,672
1728462899741807000,0,563,669,36,282,642
1728462899742648000,0,647,564,0,348,578
1728462899743489000,0,729,449,0,410,513
1728462899744331000,67,773,320,0,471,410
1728462899745173000,149,778,229,0,521,322
1728462899746015000,245,792,114,50,545,240
1728462899746857000,350,764,41,122,528,149
1728462899747699000,559,686,37,224,520,69
1728462899748540000,608,610,0,308,491,21
1728462899749381000,548,529,0,459,441,20
1728462899750222000,722,424,9,466,400,0
1728462899751067000,772,320,76,532,320,0
1728462899751908000,789,213,169,599,234,14
1728462899752750000,786,120,269,644,180,66
1728462899753592000,741,42,377,667,111,155
1728462899754434000,678,0,488,662,47,317
1728462899755275000,594,0,586,629,4,374
1728462899756116000,505,0,693,568,0,429
1728462899756957000,397,25,773,494,0,465
1728462899757798000,249,174,808,422,0,522
1728462899758639000,224,220,837,314,21,598
1728462899759481000,79,194,832,228,135,674
1728462899760323000,24,379,800,154,139,684
1728462899761165000,0,493,736,85,226,679
1728462899762006000,0,585,642,25,298,636
1728462899762847000,0,676,530,0,365,576
1728462899763688000,21,746,418,0,434,490
1728462899764581000,64,789,293,0,490,399
1728462899765423000,158,805,199,11,510,296
1728462899766265000,256,809,109,64,552,220
1728462899767107000,350,760,40,133,555,136
1728462899767949000,482,715,39,228,569,65
1728462899768791000,577,594,0,309,491,117
1728462899769632000,671,501,0,406,448,9
1728462899770474000,727,399,30,488,375,0
1728462899771316000,772,284,102,551,300,0
1728462899772157000,791,178,194,609,224,26
1728462899772999000,772,90,285,645,158,92
1728462899773841000,733,29,408,666,87,160
1728462899774683000,661,0,529,653,29,257
1728462899775524000,649,0,631,618,0,352
1728462899776365000,525,0,728,565,0,440
1728462899777207000,431,5,794,474,0,530
1728462899778071000,175,96,849,426,0,634
1728462899778913000,128,197,840,224,18,617
1728462899779755000,68,292,837,211,93,672
1728462899780597000,5,394,778,141,162,684
1728462899781439000,0,509,696,70,245,663
1728462899782280000,0,613,613,10,312,621
1728462899783121000,0,693,517,0,372,549
1728462899783962000,42,765,386,0,448,466
1728462899784804000,100,794,269,0,493,369
1728462899785646000,203,804,164,36,541,276
1728462899786488000,297,765,65,87,558,185
1728462899787330000,420,693,2,169,568,101
1728462899788172000,485,645,5,258,484,39
1728462899789013000,722,555,0,357,458,0
1728462899789854000,695,485,0,430,429,0
1728462899790696000,745,363,39,509,357,0
1728462899791489000,784,257,121,565,277,0
1728462899792331000,789,160,214,629,202,37
1728462899793173000,760,74,327,655,139,109
1728462899794015000,708,2,522,665,82,197
1728462899794856000,636,0,602,637,34,296
1728462899795697000,546,0,687,594,0,410
1728462899796538000,458,0,724,529,0,489
1728462899797379000,357,57,738,448,0,610
1728462899798221000,290,150,810,366,0,525
1728462899799063000,133,338,832,297,75,617
1728462899799905000,64,324,824,188,109,693
1728462899800747000,1,431,772,114,174,679
1728462899801589000,0,543,688,53,263,649
1728462899802430000,0,634,591,8,330,608
1728462899803271000,0,712,484,0,394,533
1728462899804113000,49,762,353,0,461,449
1728462899804951000,113,802,253,0,494,363
1728462899805793000,202,818,154,34,528,258
1728462899806635000,314,788,66,101,559,170
1728462899807477000,422,690,106,186,576,106
1728462899808319000,525,673,74,277,563,55
1728462899809160000,613,576,45,350,471,71
1728462899810001000,705,455,0,448,405,0
1728462899810843000,753,340,64,523,340,0
1728462899811684000,781,234,149,585,261,9
1728462899812526000,786,132,233,631,199,64
1728462899813368000,752,56,345,657,129,136
1728462899814210000,698,0,463,674,101,206
1728462899815051000,616,0,577,640,17,302
1728462899815892000,520,0,676,587,0,395
1728462899816733000,467,0,764,521,0,488
1728462899817575000,408,52,838,438,0,558
1728462899818420000,277,138,832,404,0,634
1728462899819262000,42,229,882,292,40,653
1728462899820104000,36,351,813,169,130,680
1728462899820946000,0,455,764,97,200,681
1728462899821788000,0,553,655,42,277,648
1728462899822629000,0,650,552,0,349,587
1728462899823470000,2,730,448,0,413,514
1728462899824312000,50,786,333,0,463,421
1728462899825153000,149,811,209,2,517,320
1728462899825995000,242,800,117,52,528,221
1728462899826837000,346,767,40,133,568,161
1728462899827679000,461,722,0,192,631,68
1728462899828520000,544,538,0,322,562,5
1728462899829361000,668,457,0,414,508,0
1728462899830202000,715,425,11,470,397,0
1728462899831043000,757,308,85,543,320,0
1728462899831898000,789,206,160,603,247,13
1728462899832740000,777,113,253,637,181,72
1728462899833582000,746,42,376,661,106,148
1728462899834424000,665,0,501,655,58,245
1728462899835265000,581,0,602,621,10,333
1728462899836106000,486,0,700,570,0,409
1728462899836947000,392,8,773,498,0,501
1728462899837789000,267,58,927,392,22,594
1728462899838631000,181,194,898,302,0,672
1728462899839473000,101,266,773,228,93,717
1728462899840315000,34,364,797,157,154,685
1728462899841157000,0,480,724,82,220,679
1728462899841998000,0,587,644,21,290,638
1728462899842839000,0,673,543,0,356,565
1728462899843680000,10,747,418,0,426,487
1728462899844522000,75,785,314,0,468,389
1728462899845370000,174,802,201,17,533,298
1728462899846212000,266,798,94,66,549,226
1728462899847054000,349,741,40,165,543,139
1728462899847896000,425,683,0,185,533,64
1728462899848738000,535,641,0,297,498,34
1728462899849579000,654,535,0,401,448,0
1728462899850420000,733,395,17,482,381,0
1728462899851262000,779,288,93,546,303,0
1728462899852103000,791,192,192,613,224,18
1728462899852945000,767,100,299,649,160,79
1728462899853787000,732,20,415,669,98,179
1728462899854629000,660,29,522,647,35,264
1728462899855470000,572,0,624,610,40,350
1728462899856311000,485,0,716,552,14,437
1728462899857152000,370,0,792,480,18,512
1728462899857994000,266,69,847,386,0,589
1728462899858884000,272,170,899,306,5,634
1728462899859726000,0,277,818,238,82,682
1728462899860568000,5,395,783,142,165,677
1728462899861410000,0,505,709,71,249,665
1728462899862251000,0,606,614,20,320,622
1728462899863092000,0,682,502,0,378,549
1728462899863933000,29,754,378,0,448,463
1728462899864775000,111,805,276,0,493,373
1728462899865617000,184,814,170,22,533,282
1728462899866459000,295,787,74,82,553,178
1728462899867301000,378,832,0,173,559,77
1728462899868142000,538,732,0,250,521,34
1728462899868983000,599,482,0,338,569,2
1728462899869824000,688,472,0,425,449,0
1728462899870666000,741,368,42,507,358,0
1728462899871507000,786,254,113,569,285,0
1728462899872316000,792,166,209,616,219,43
1728462899873158000,762,86,322,647,138,111
1728462899874000000,706,16,442,654,79,186
1728462899874842000,625,0,558,637,29,289
1728462899875683000,540,0,652,595,0,381
1728462899876524000,448,0,737,540,0,466
1728462899877365000,330,33,906,440,28,566
1728462899878207000,234,154,913,359,0,602
1728462899879049000,141,196,767,269,53,740
1728462899879891000,53,320,832,194,110,687
1728462899880733000,0,428,749,114,185,688
1728462899881575000,0,538,686,49,254,666
1728462899882416000,0,634,590,9,326,608
1728462899883257000,0,709,482,0,400,526
1728462899884099000,37,756,341,0,434,440
1728462899884941000,129,802,245,0,501,348
1728462899885788000,218,798,158,36,533,257
1728462899886630000,279,767,57,101,543,185
1728462899887472000,375,721,13,216,549,75
1728462899888314000,490,644,0,242,520,64
1728462899889155000,597,586,9,345,461,0
1728462899889996000,700,449,0,453,415,0
1728462899890838000,756,341,53,517,341,0
1728462899891679000,785,237,144,578,256,0
1728462899892521000,789,146,242,633,186,50
1728462899893363000,761,53,357,661,130,132
1728462899894205000,700,0,450,663,74,193
1728462899895046000,621,66,559,638,26,298
1728462899895887000,528,29,674,579,0,394
1728462899896728000,426,36,757,511,0,476
1728462899897569000,306,0,818,448,42,543
1728462899898411000,225,105,847,335,0,615
1728462899899269000,239,209,875,270,34,649
1728462899900111000,41,344,812,172,122,690
1728462899900953000,0,462,754,97,198,683
1728462899901795000,0,568,674,44,276,649
1728462899902636000,0,649,561,2,346,586
1728462899903477000,0,727,457,0,407,514
1728462899904319000,53,779,331,0,461,418
1728462899905161000,148,804,226,0,529,331
1728462899906003000,235,808,129,57,538,238
1728462899906845000,338,770,38,130,559,151
1728462899907687000,506,714,0,215,537,10
1728462899908528000,586,624,0,287,500,0
1728462899909369000,632,590,0,381,471,0
1728462899910210000,720,424,1,466,402,0
1728462899911051000,776,314,78,537,312,0
1728462899911892000,788,213,165,602,235,10
1728462899912732000,777,114,266,634,178,69
1728462899913574000,746,40,383,669,119,154
1728462899914416000,727,0,494,677,40,247
1728462899915257000,577,0,598,678,2,322
1728462899916098000,490,0,700,600,0,418
1728462899916939000,377,13,773,510,0,490
1728462899917781000,248,74,808,365,0,590
1728462899918623000,162,232,866,290,10,623
1728462899919465000,71,265,947,213,109,698
1728462899920307000,23,370,801,156,141,680
1728462899921149000,0,481,736,84,225,673
1728462899921990000,0,580,644,33,292,633
1728462899922831000,0,673,533,0,363,576
1728462899923672000,16,746,418,0,426,506
1728462899924514000,85,794,298,0,480,383
1728462899925356000,170,799,194,17,526,298
1728462899926209000,258,789,110,73,530,224
1728462899927051000,374,762,29,146,555,144
1728462899927893000,576,683,5,241,517,68
1728462899928734000,455,586,0,394,484,50
1728462899929575000,564,498,16,454,440,18
1728462899930416000,729,400,21,487,378,0
1728462899931258000,778,292,89,552,305,0
1728462899932099000,791,186,181,608,232,23
1728462899932941000,773,98,285,642,158,90
1728462899933783000,725,33,405,664,100,172
1728462899934625000,650,0,508,653,40,309
1728462899935466000,578,0,606,619,9,392
1728462899936307000,480,0,707,557,0,437
1728462899937148000,368,23,780,469,0,501
1728462899937989000,271,192,813,409,8,552
1728462899938831000,175,125,834,282,111,618
1728462899939726000,73,224,838,226,129,674
1728462899940568000,12,399,777,141,165,689
1728462899941410000,0,520,711,66,241,682
1728462899942251000,0,609,622,16,308,618
1728462899943092000,0,692,511,0,379,546
1728462899943933000,25,761,393,0,441,466
1728462899944775000,88,791,272,0,491,376
1728462899945617000,184,820,175,18,533,285
1728462899946459000,289,797,85,74,552,202
1728462899947301000,397,757,64,161,557,118
1728462899948143000,495,654,0,250,530,145
1728462899948984000,602,576,0,334,513,64
1728462899949825000,708,482,0,426,426,0
1728462899950667000,746,374,52,500,352,0
1728462899951508000,779,264,122,557,277,0
1728462899952349000,784,170,218,618,210,40
1728462899953153000,758,74,326,658,141,107
1728462899953995000,724,14,437,665,85,197
1728462899954837000,719,0,555,649,18,289
1728462899955678000,601,0,654,608,0,373
1728462899956519000,504,0,743,551,0,456
1728462899957360000,274,37,810,504,0,552
1728462899958201000,165,120,857,388,0,581
1728462899959043000,103,221,834,232,50,676
1728462899959885000,58,320,819,188,102,683
1728462899960727000,2,429,770,124,183,680
1728462899961569000,0,528,695,53,258,651
1728462899962410000,0,626,585,8,329,604
1728462899963251000,0,705,480,0,393,531
1728462899964092000,53,759,357,0,461,440
1728462899964934000,129,801,234,0,505,343
1728462899965776000,218,810,154,47,532,255
1728462899966700000,314,752,64,101,560,170
1728462899967542000,436,676,0,199,548,85
1728462899968384000,511,619,0,267,480,42
1728462899969225000,749,532,0,356,433,0
1728462899970066000,722,457,0,444,412,0
1728462899970908000,758,346,64,519,341,0
1728462899971749000,786,234,139,586,264,0
1728462899972591000,790,139,240,634,194,58
1728462899973433000,754,64,338,660,133,130
1728462899974275000,701,5,504,660,64,218
1728462899975117000,616,0,639,634,18,305
1728462899975958000,528,0,729,587,0,389
1728462899976799000,421,1,797,524,0,480
1728462899977641000,320,36,733,424,5,618
1728462899978483000,273,162,806,333,10,528
1728462899979325000,96,350,826,274,66,626
1728462899980105000,37,348,815,178,129,696
1728462899980947000,0,449,753,101,205,677
1728462899981788000,0,559,661,38,282,648
1728462899982629000,0,654,557,5,352,593
1728462899983470000,1,732,458,0,407,517
1728462899984312000,74,788,340,0,466,418
1728462899985154000,105,813,221,0,510,335
1728462899985996000,226,794,137,53,538,242
1728462899986838000,341,775,41,110,559,162
1728462899987680000,441,730,0,194,541,71
1728462899988521000,538,609,100,287,528,34
1728462899989362000,629,538,79,382,482,0
1728462899990203000,706,425,9,464,395,0
1728462899991045000,762,313,75,536,321,0
1728462899991886000,794,210,159,594,254,13
1728462899992728000,784,119,269,640,170,73
1728462899993574000,737,41,382,663,116,154
1728462899994416000,680,0,494,665,96,233
1728462899995257000,602,0,591,625,1,334
1728462899996098000,509,0,698,567,0,417
1728462899996939000,455,9,777,495,0,501
1728462899997781000,373,73,856,409,0,565
1728462899998623000,73,154,833,386,5,666
1728462899999465000,50,255,835,170,57,656
1728462900000307000,31,372,802,154,141,691
1728462900001149000,0,491,727,81,210,677
1728462900001990000,0,586,641,32,293,629
1728462900002831000,0,668,539,0,360,576
1728462900003672000,16,740,426,0,422,490
1728462900004514000,74,797,297,0,490,402
1728462900005356000,178,808,200,0,517,298
1728462900006198000,272,797,106,70,540,205
1728462900007055000,362,752,34,148,557,133
1728462900007897000,476,604,0,258,610,46
1728462900008738000,597,557,0,320,424,4
1728462900009579000,659,465,0,402,389,0
1728462900010420000,740,400,26,486,377,0
1728462900011262000,773,296,96,551,306,0
1728462900012104000,784,186,188,610,234,26
1728462900012946000,778,96,281,639,169,87
1728462900013788000,732,27,402,661,94,169
1728462900014630000,651,0,532,654,45,258
1728462900015471000,565,0,697,613,2,343
1728462900016312000,469,0,751,553,0,436
1728462900017154000,370,25,776,482,0,555
1728462900017996000,272,82,754,373,18,656
1728462900018838000,222,204,814,277,23,576
1728462900019680000,64,407,805,241,105,634
1728462900020526000,5,389,792,139,164,686
1728462900021368000,0,514,719,66,238,669
1728462900022209000,0,613,624,10,308,627
1728462900023050000,0,693,512,0,378,554
1728462900023891000,32,757,394,0,436,468
1728462900024732000,93,789,289,0,477,366
1728462900025574000,167,791,183,37,532,287
1728462900026416000,278,784,89,92,557,202
1728462900027258000,381,744,7,149,549,125
1728462900028100000,487,706,0,232,522,47
1728462900028941000,576,562,97,328,510,5
1728462900029782000,666,480,79,421,471,0
1728462900030623000,744,362,34,513,362,0
1728462900031465000,782,263,109,561,290,0
1728462900032307000,782,165,221,613,207,45
1728462900033149000,752,79,321,656,146,109
1728462900033993000,718,8,437,666,85,194
1728462900034834000,650,0,546,655,94,285
1728462900035675000,549,0,640,602,21,372
1728462900036516000,455,0,738,539,0,459
1728462900037357000,343,40,805,448,0,537
1728462900038199000,338,101,889,378,0,594
1728462900039041000,37,199,839,349,32,688
1728462900039883000,20,320,824,138,114,685
1728462900040725000,0,420,766,125,170,677
1728462900041567000,0,533,689,66,261,654
1728462900042408000,0,628,591,10,327,610
1728462900043249000,0,704,490,0,386,533
1728462900044090000,42,765,353,0,461,449
1728462900044932000,122,801,226,0,509,353
1728462900045774000,231,808,149,38,540,251
1728462900046616000,279,788,64,113,560,162
1728462900047513000,421,776,0,186,554,79
1728462900048354000,510,555,0,276,591,26
1728462900049195000,609,477,0,382,512,0
1728462900050036000,701,436,0,431,388,0
1728462900050878000,762,348,58,522,341,0
1728462900051719000,781,242,138,580,266,0
1728462900052561000,785,138,233,637,194,52
1728462900053403000,756,64,348,656,130,130
1728462900054245000,701,2,465,658,64,218
1728462900055087000,618,2,576,634,14,311
1728462900055928000,516,0,672,586,0,389
1728462900056769000,427,0,775,520,0,480
1728462900057610000,303,58,873,420,2,560
1728462900058452000,210,137,736,330,0,717
1728462900059294000,181,255,817,245,65,693
1728462900060136000,41,352,826,181,129,692
1728462900060936000,0,448,757,101,200,680
1728462900061777000,0,559,660,36,283,645
1728462900062618000,0,652,557,0,346,591
1728462900063459000,2,728,466,0,405,521
1728462900064301000,64,778,346,0,461,414
1728462900065143000,138,810,231,0,514,329
1728462900065985000,228,800,117,55,543,254
1728462900066827000,323,767,45,121,555,164
1728462900067669000,420,717,0,154,538,112
1728462900068511000,525,683,17,282,509,33
1728462900069352000,626,542,0,370,459,0
1728462900070193000,709,425,7,461,394,0
1728462900071035000,760,314,71,538,320,0
1728462900071877000,786,210,158,594,250,8
1728462900072719000,789,121,264,640,173,73
1728462900073561000,741,43,382,666,112,145
1728462900074409000,682,32,485,661,53,228
1728462900075250000,599,0,596,624,64,325
1728462900076091000,505,0,689,576,25,418
1728462900076932000,400,0,773,498,2,493
1728462900077774000,299,41,837,402,0,560
1728462900078616000,305,137,895,322,0,617
1728462900079458000,0,245,813,320,66,690
1728462900080300000,30,362,797,154,149,688
1728462900081142000,0,481,728,82,210,672
1728462900081984000,0,583,645,33,292,626
1728462900082825000,0,664,537,0,366,576
1728462900083666000,9,742,424,0,421,494
1728462900084508000,78,785,299,0,485,400
1728462900085350000,162,800,194,4,523,311
1728462900086192000,270,802,92,64,546,218
1728462900087034000,366,770,33,153,558,140
1728462900087884000,521,754,0,238,544,45
1728462900088725000,576,517,0,308,593,8
1728462900089566000,644,450,0,418,511,0
1728462900090407000,738,401,21,480,378,0
1728462900091248000,778,295,98,552,298,0
1728462900092090000,781,189,176,609,226,14
1728462900092932000,782,90,288,650,169,85
1728462900093774000,741,30,410,662,103,175
1728462900094616000,650,0,523,645,29,258
1728462900095457000,564,0,623,608,5,346
1728462900096298000,469,0,719,552,0,436
1728462900097139000,363,25,833,480,0,517
1728462900097981000,274,133,901,375,13,597
1728462900098823000,162,177,777,288,21,741
1728462900099665000,126,322,813,203,74,580
1728462900100507000,6,395,791,149,160,688
1728462900101358000,0,498,709,71,237,671
1728462900102199000,0,612,616,13,309,624
1728462900103040000,0,691,505,0,380,557
1728462900103881000,26,757,399,0,434,471
1728462900104723000,107,801,279,0,489,369
1728462900105565000,185,796,189,29,517,282
1728462900106407000,262,784,85,85,546,213
1728462900107249000,390,756,30,162,560,129
1728462900108091000,471,677,0,218,526,69
1728462900108932000,559,633,8,321,490,18
1728462900109773000,648,530,13,410,434,0
1728462900110614000,733,367,37,509,356,0
1728462900111455000,782,253,103,570,285,0
1728462900112297000,781,165,217,610,207,36
1728462900113139000,767,84,320,656,138,101
1728462900113981000,712,17,434,663,79,201
1728462900114872000,640,60,540,649,34,266
1728462900115713000,562,42,641,612,4,365
1728462900116554000,456,26,730,538,34,458
1728462900117396000,335,34,809,459,5,541
1728462900118238000,265,69,841,362,0,589
1728462900119080000,279,193,889,293,10,642
1728462900119922000,158,306,834,193,84,692
1728462900120764000,5,426,767,120,186,687
1728462900121606000,0,533,692,50,250,660
1728462900122447000,0,633,592,13,320,604
1728462900123288000,0,707,485,0,383,532
1728462900124130000,37,766,370,0,457,452
1728462900124972000,109,810,248,0,512,362
1728462900125814000,189,810,149,30,540,261
1728462900126655000,331,781,49,110,565,178
1728462900127497000,426,736,0,192,557,79
1728462900128301000,503,773,0,295,535,0
1728462900129142000,645,651,0,405,496,0
1728462900129983000,733,513,0,440,425,0
1728462900130825000,752,349,57,517,337,0
1728462900131666000,789,234,138,576,263,0
1728462900132507000,786,144,232,629,186,50
1728462900133349000,756,68,348,670,133,122
1728462900134191000,704,0,463,669,72,213
1728462900135032000,596,0,559,676,20,309
1728462900135873000,510,0,676,610,0,405
1728462900136714000,434,1,754,513,0,472
1728462900137556000,301,68,818,416,0,556
1728462900138398000,194,157,855,329,2,599
1728462900139240000,114,244,930,250,104,668
1728462900140082000,52,344,760,169,121,746
1728462900140924000,0,456,756,105,193,681
1728462900141779000,0,556,672,45,276,648
1728462900142620000,0,645,576,0,347,595
1728462900143461000,0,722,453,0,407,517
1728462900144303000,64,780,330,0,478,430
1728462900145145000,148,798,232,0,510,334
1728462900145986000,239,802,129,49,529,242
1728462900146828000,345,789,64,128,553,170
1728462900147670000,498,698,0,253,534,80
1728462900148512000,457,625,2,353,510,66
1728462900149353000,581,532,2,411,462,0
1728462900150194000,711,434,9,453,392,0
1728462900151036000,757,320,79,529,321,0
1728462900151877000,784,211,162,594,247,10
1728462900152719000,782,116,258,641,182,69
1728462900153561000,751,46,365,658,117,149
1728462900154403000,687,0,485,665,45,232
1728462900155254000,597,0,587,626,5,312
1728462900156095000,497,48,699,570,0,405
1728462900156936000,404,75,766,507,0,486
1728462900157777000,313,133,804,389,58,555
1728462900158619000,192,89,844,333,69,618
1728462900159461000,92,225,832,214,8,661
1728462900160303000,25,363,805,169,146,687
1728462900161145000,0,486,736,84,224,679
1728462900161986000,0,582,642,26,286,639
1728462900162827000,0,672,538,0,359,583
1728462900163668000,16,744,428,0,413,487
1728462900164510000,47,798,312,0,494,399
1728462900165352000,149,807,204,2,522,298
1728462900166194000,263,802,107,64,555,229
1728462900167036000,365,753,29,129,557,146
1728462900167878000,537,721,0,220,542,0
1728462900168716000,589,601,0,322,500,0
1728462900169557000,637,628,0,437,462,0
1728462900170399000,729,397,18,482,381,0
1728462900171240000,773,297,96,552,298,0
1728462900172081000,788,193,188,600,221,26
1728462900172923000,771,101,287,648,165,82
1728462900173765000,730,34,400,667,101,173
1728462900174607000,640,0,517,700,45,261
1728462900175448000,558,0,626,648,0,354
1728462900176289000,468,0,716,580,0,441
1728462900177130000,367,26,793,474,0,511
1728462900177972000,241,165,875,370,0,586
1728462900178814000,165,169,952,287,64,661
1728462900179656000,73,320,874,205,73,700
1728462900180498000,21,391,785,145,155,680
1728462900181340000,0,509,711,74,234,672
1728462900182194000,0,600,623,18,309,627
1728462900183035000,0,671,514,0,377,554
1728462900183876000,25,746,392,0,439,477
1728462900184718000,100,786,272,0,489,378
1728462900185560000,194,808,178,25,520,276
1728462900186402000,285,791,85,85,547,192
1728462900187243000,400,738,26,174,554,122
1728462900188085000,505,657,0,325,521,84
1728462900188926000,517,586,9,386,484,29
1728462900189767000,626,485,0,463,421,0
1728462900190608000,740,373,39,504,360,0
1728462900191450000,786,267,117,565,296,0
1728462900192292000,779,164,216,624,212,37
1728462900193133000,767,79,307,653,151,106
1728462900193975000,719,16,438,658,78,192
1728462900194816000,648,0,529,649,26,321
1728462900195679000,546,0,629,605,0,367
1728462900196520000,455,0,726,538,0,440
1728462900197361000,346,93,798,462,0,529
1728462900198203000,257,207,833,402,17,576
1728462900199044000,133,130,847,261,112,651
1728462900199886000,85,277,817,192,13,660
1728462900200728000,0,429,779,126,177,694
1728462900201570000,0,526,690,64,261,660
1728462900202411000,0,630,591,4,327,610
1728462900203252000,0,706,482,0,392,533
1728462900204094000,43,770,368,0,450,449
1728462900204935000,121,809,269,0,496,349
1728462900205777000,188,812,160,32,523,264
1728462900206619000,308,790,65,94,560,194
1728462900207461000,434,736,8,185,569,105
1728462900208303000,519,636,0,279,526,125
1728462900209137000,628,561,0,365,509,43
1728462900209978000,738,482,0,440,410,0
1728462900210820000,754,341,50,526,346,0
1728462900211661000,788,250,130,577,272,4
1728462900212503000,787,146,234,623,193,57
1728462900213345000,757,66,345,663,121,125
1728462900214187000,697,0,461,674,72,210
1728462900215029000,700,0,564,642,13,306
1728462900215870000,585,0,674,618,0,398
1728462900216711000,416,0,752,554,0,481
1728462900217553000,299,64,812,452,0,552
1728462900218395000,192,145,840,304,5,629
1728462900219237000,89,270,857,237,56,644
1728462900220079000,34,348,882,157,159,698
1728462900220921000,0,450,761,101,188,671
1728462900221763000,0,563,674,46,274,642
1728462900222611000,0,646,576,1,344,599
1728462900223452000,0,719,467,0,407,520
1728462900224293000,64,773,340,0,473,429
1728462900225135000,145,808,220,1,514,320
1728462900225976000,240,784,136,45,540,241
1728462900226818000,344,747,56,122,561,156
1728462900227660000,448,706,0,206,528,89
1728462900228502000,660,608,37,320,488,26
1728462900229343000,754,509,10,386,449,0
1728462900230184000,767,434,10,532,401,5
1728462900231026000,765,320,71,533,320,0
1728462900231867000,794,216,162,591,256,4
1728462900232709000,777,117,258,641,178,72
1728462900233551000,743,36,366,665,117,146
1728462900234393000,690,0,493,658,58,236
1728462900235234000,597,0,629,629,5,359
1728462900236083000,506,0,677,580,0,463
1728462900236924000,402,14,762,500,0,529
1728462900237765000,320,79,807,410,0,512
1728462900238607000,169,289,832,338,31,587
1728462900239449000,157,325,832,233,65,642
1728462900240291000,26,339,799,162,154,677
1728462900241133000,0,480,743,96,212,681
1728462900241974000,0,576,645,34,292,636
1728462900242815000,0,666,544,0,370,576
1728462900243656000,10,740,421,0,426,498
1728462900244498000,79,786,310,0,485,402
1728462900245339000,154,809,207,8,509,309
1728462900246181000,254,799,113,64,552,229
1728462900247023000,373,757,30,142,554,146
1728462900247864000,466,689,11,212,553,72
1728462900248706000,562,609,79,306,541,32
1728462900249553000,658,535,33,401,436,0
1728462900250394000,727,410,18,481,385,0
1728462900251235000,767,290,101,549,301,0
1728462900252076000,784,185,181,611,226,18
1728462900252918000,773,105,282,638,165,93
1728462900253760000,737,32,414,669,95,168
1728462900254602000,666,0,517,660,66,252
1728462900255443000,577,0,623,620,16,352
1728462900256284000,481,0,724,559,0,434
1728462900257125000,423,9,781,485,0,498
1728462900257967000,359,78,859,400,0,578
1728462900258809000,43,169,833,357,13,682
1728462900259651000,13,292,862,248,79,662
1728462900260493000,16,394,778,142,162,688
1728462900261335000,0,504,707,69,245,672
1728462900262176000,0,604,618,17,304,628
1728462900263036000,0,685,509,0,368,548
1728462900263877000,26,757,395,0,441,463
1728462900264719000,89,797,274,0,493,370
1728462900265560000,200,809,165,25,533,270
1728462900266402000,285,798,83,82,559,206
1728462900267244000,402,746,9,157,560,123
1728462900268086000,485,580,0,253,594,34
1728462900268927000,604,532,0,352,523,0
1728462900269768000,680,456,0,407,362,0
1728462900270610000,745,372,34,501,367,0
1728462900271451000,776,276,104,561,290,0
1728462900272293000,789,170,214,617,208,37
1728462900273135000,772,82,311,650,139,101
1728462900273977000,718,18,435,674,84,192
1728462900274819000,636,0,548,649,35,281
1728462900275660000,552,0,637,597,0,370
1728462900276504000,455,0,813,533,0,461
1728462900277346000,343,37,836,458,0,528
1728462900278188000,248,133,815,354,0,682
1728462900279030000,170,218,807,277,53,698
1728462900279872000,32,351,801,196,101,628
1728462900280714000,4,418,778,116,174,693
1728462900281556000,0,535,690,56,258,661
1728462900282397000,0,628,599,11,325,613
1728462900283238000,0,706,490,0,402,537
1728462900284079000,41,767,369,0,458,456
1728462900284920000,119,805,260,0,498,357
1728462900285762000,213,801,142,29,533,270
1728462900286604000,309,794,72,105,546,192
1728462900287446000,402,736,18,184,552,114
1728462900288288000,512,706,8,258,538,34
1728462900289129000,600,565,0,347,482,0
1728462900289980000,689,422,105,433,434,2
1728462900290821000,754,343,53,517,338,0
1728462900291662000,781,245,144,577,271,0
1728462900292504000,773,144,239,629,196,51
1728462900293346000,754,55,335,653,134,125
1728462900294188000,714,4,461,676,64,210
1728462900295029000,626,0,570,642,77,296
1728462900295870000,529,0,666,591,23,381
1728462900296711000,428,0,758,522,0,472
1728462900297553000,325,41,811,440,0,555
1728462900298395000,320,133,885,340,0,625
1728462900299237000,25,242,834,325,42,706
1728462900300079000,0,340,815,112,109,660
1728462900300921000,0,442,752,104,193,681
1728462900301763000,0,560,671,42,277,653
1728462900302604000,0,650,564,0,346,596
1728462900303457000,2,730,459,0,401,521
1728462900304299000,59,775,333,0,461,426
1728462900305141000,137,805,225,0,517,335
1728462900305983000,234,803,129,56,548,242
1728462900306825000,342,772,34,121,566,162
1728462900307667000,452,733,0,201,548,82
1728462900308508000,542,509,0,285,585,16
1728462900309349000,612,463,0,398,532,0
1728462900310190000,730,390,1,473,440,0
1728462900311032000,762,314,68,539,325,0
1728462900311873000,789,218,149,597,258,10
1728462900312715000,781,122,261,623,176,69
1728462900313557000,749,49,368,662,116,137
1728462900314399000,687,0,490,666,58,240
1728462900315240000,594,0,593,626,16,328
1728462900316081000,501,0,689,576,0,413
1728462900316925000,397,15,766,488,0,494
1728462900317767000,290,79,881,402,0,576
1728462900318609000,186,175,920,320,0,644
1728462900319451000,96,248,783,232,97,752
1728462900320293000,34,362,775,168,145,642
1728462900321135000,0,476,742,87,217,677
1728462900321976000,0,580,648,32,283,638
1728462900322817000,0,670,545,0,352,576
1728462900323658000,8,745,437,0,421,493
1728462900324500000,69,785,310,0,485,404
1728462900325342000,164,802,206,15,514,320
1728462900326184000,261,788,106,66,544,225
1728462900327026000,320,746,36,146,546,139
1728462900327868000,442,701,0,229,543,53
1728462900328709000,530,604,0,277,509,42
1728462900329550000,631,529,5,373,448,5
1728462900330398000,704,410,11,458,377,0
1728462900331240000,769,287,87,544,298,0
1728462900332081000,797,192,173,609,234,16
1728462900332923000,772,106,287,648,164,74
1728462900333765000,732,23,398,665,98,170
1728462900334607000,672,0,514,654,52,256
1728462900335448000,586,64,610,618,2,341
1728462900336289000,485,33,709,557,0,434
1728462900337130000,381,45,780,480,7,503
1728462900337971000,266,30,821,389,47,580
1728462900338813000,181,145,851,293,0,637
1728462900339655000,197,266,885,226,58,674
1728462900340497000,0,393,792,151,148,696
1728462900341339000,0,510,719,70,233,670
1728462900342181000,0,597,626,21,308,626
1728462900343022000,0,682,517,0,377,557
1728462900343865000,22,744,397,0,434,471
1728462900344707000,69,805,282,0,499,382
1728462900345548000,168,810,184,10,532,292
1728462900346390000,286,797,82,85,550,202
1728462900347232000,395,749,11,157,557,132
1728462900348074000,506,666,0,239,522,0
1728462900348915000,660,600,0,338,489,0
1728462900349755000,655,612,0,437,453,0
1728462900350597000,744,381,36,490,360,0
1728462900351438000,777,270,122,561,277,0
1728462900352280000,786,173,206,615,215,26
1728462900353122000,772,79,308,653,154,101
1728462900353964000,725,17,425,661,93,192
1728462900354805000,621,0,539,693,21,281
1728462900355646000,540,0,643,642,0,370
1728462900356487000,444,2,738,562,0,448
1728462900357339000,333,33,799,453,0,532
1728462900358181000,213,133,848,343,0,622
1728462900359023000,122,185,874,261,47,653
1728462900359865000,50,329,868,186,93,656
1728462900360707000,2,426,772,133,180,680
1728462900361549000,0,522,696,58,252,660
1728462900362390000,0,613,602,11,325,609
1728462900363231000,0,708,482,0,393,545
1728462900364073000,37,761,372,0,448,449
1728462900364915000,128,796,257,0,498,349
1728462900365757000,207,802,164,37,538,265
1728462900366599000,302,777,79,98,551,181
1728462900367441000,425,726,5,184,558,96
1728462900368283000,453,637,0,334,514,79
1728462900369124000,542,577,26,409,466,21
1728462900369965000,648,478,5,416,423,0
1728462900370811000,743,343,45,517,345,0
1728462900371652000,783,238,130,583,266,0
1728462900372494000,784,145,232,623,192,50
1728462900373336000,762,68,336,658,129,121
1728462900374178000,700,17,466,666,69,207
1728462900375019000,618,0,557,645,23,282
1728462900375860000,543,0,654,597,0,376
1728462900376701000,430,1,744,525,0,457
1728462900377543000,325,105,813,433,0,558
1728462900378385000,222,34,840,330,77,585
1728462900379227000,133,180,842,266,92,649
1728462900380069000,23,298,821,175,77,668
1728462900380911000,0,448,747,102,210,682
1728462900381753000,0,554,669,37,269,654
1728462900382594000,0,645,568,1,334,588
1728462900383435000,5,721,461,0,400,513
1728462900384286000,50,773,338,0,468,429
1728462900385128000,132,810,229,0,521,341
1728462900385970000,241,797,125,42,554,247
1728462900386812000,320,779,52,113,551,168
1728462900387654000,430,720,0,202,551,78
1728462900388495000,591,647,0,296,517,0
1728462900389336000,653,513,0,378,458,0
1728462900390177000,682,535,0,480,418,0
1728462900391019000,765,320,68,529,322,0
1728462900391860000,795,224,154,591,250,9
1728462900392702000,777,127,264,637,178,64
1728462900393544000,749,41,368,663,121,142
1728462900394386000,685,0,485,656,64,234
1728462900395227000,661,0,596,675,4,330
1728462900396068000,481,0,686,622,0,415
1728462900396910000,389,13,770,532,0,489
1728462900397757000,276,74,832,401,0,562
1728462900398598000,165,176,864,306,20,645
1728462900399440000,100,281,832,221,77,661
1728462900400282000,29,379,881,138,149,719
1728462900401124000,0,489,744,90,212,677
1728462900401965000,0,581,651,32,288,639
1728462900402806000,2,666,554,0,365,582
1728462900403647000,5,732,432,0,413,493
1728462900404488000,77,790,312,0,482,412
1728462900405330000,165,813,210,4,517,308
1728462900406172000,252,786,106,71,542,211
1728462900407014000,362,747,34,146,556,133
1728462900407856000,530,674,0,232,532,74
1728462900408698000,667,597,13,320,485,8
1728462900409539000,738,506,0,394,414,0
1728462900410380000,663,399,14,541,368,5
1728462900411238000,767,293,100,549,307,0
1728462900412079000,785,193,178,605,234,27
1728462900412921000,773,92,277,645,169,82
1728462900413763000,733,29,393,663,92,165
1728462900414605000,673,0,512,663,41,249
1728462900415446000,580,0,663,615,0,421
1728462900416287000,477,0,693,557,0,485
1728462900417129000,374,21,766,471,0,542
1728462900417970000,283,101,809,391,0,525
1728462900418812000,146,302,821,320,45,591
1728462900419654000,97,341,824,206,161,644
1728462900420496000,11,354,783,154,192,666
1728462900421338000,0,494,716,75,229,668
1728462900422180000,0,606,616,14,310,628
1728462900423021000,0,693,514,0,377,565
1728462900423862000,26,754,408,0,432,476
1728462900424711000,109,800,282,0,497,378
1728462900425553000,170,802,188,17,522,293
1728462900426395000,286,793,90,79,554,207
1728462900427237000,385,748,18,149,554,123
1728462900428079000,491,687,21,245,533,53
1728462900428920000,576,583,0,330,475,90
1728462900429761000,660,464,0,407,466,56
1728462900430603000,741,374,9,501,366,0
1728462900431444000,773,266,101,557,289,0
1728462900432286000,791,167,212,613,213,41
1728462900433128000,770,90,309,650,145,103
1728462900433970000,718,13,431,666,85,181
1728462900434812000,659,0,538,657,41,277
1728462900435653000,639,0,637,605,0,373
1728462900436494000,514,0,727,535,0,451
1728462900437335000,386,42,802,488,0,538
1728462900438175000,162,116,849,424,0,641
1728462900439017000,101,205,849,218,29,651
1728462900439859000,39,346,847,165,90,688
1728462900440701000,0,418,759,121,177,690
1728462900441543000,0,529,690,66,244,657
1728462900442384000,0,625,600,9,322,600
1728462900443225000,0,707,498,0,389,533
1728462900444066000,33,766,379,0,453,453
1728462900444908000,127,809,248,0,509,362
1728462900445750000,206,808,138,33,545,257
1728462900446592000,312,786,77,97,551,192
1728462900447434000,415,714,10,192,560,109
1728462900448276000,535,609,0,277,562,39
1728462900449117000,617,528,0,353,421,0
1728462900449958000,821,448,29,452,378,0
1728462900450800000,749,354,54,511,341,0
1728462900451662000,789,247,133,576,269,0
1728462900452504000,781,149,233,632,197,41
1728462900453346000,764,64,335,661,133,126
1728462900454188000,708,4,463,661,69,215
1728462900455029000,619,0,634,637,23,309
1728462900455870000,539,0,718,596,0,391
1728462900456711000,442,8,779,522,0,524
1728462900457553000,320,56,804,442,0,576
1728462900458395000,261,157,808,346,2,529
1728462900459237000,96,343,818,271,69,607
1728462900460079000,74,372,788,166,122,658
1728462900460921000,0,454,754,105,194,683
1728462900461763000,0,549,679,45,277,658
1728462900462604000,0,637,567,5,338,590
1728462900463445000,0,719,459,0,410,521
1728462900464287000,58,779,340,0,473,434
1728462900465124000,110,805,244,0,508,345
1728462900465966000,202,797,138,47,538,245
1728462900466808000,331,781,64,119,560,168
1728462900467650000,448,710,0,206,554,85
1728462900468491000,530,618,33,280,528,29
1728462900469332000,637,544,64,353,501,5
1728462900470174000,706,481,64,450,402,0
1728462900471015000,762,326,69,536,328,0
1728462900471856000,778,221,162,589,246,14
1728462900472698000,784,117,258,639,186,68
1728462900473540000,757,45,369,658,113,146
1728462900474382000,688,4,490,670,57,229
1728462900475223000,599,0,599,634,4,321
1728462900476064000,509,0,690,578,0,410
1728462900476905000,405,0,761,503,0,493
1728462900477747000,357,65,821,415,0,564
1728462900478616000,273,138,832,338,0,639
1728462900479458000,29,257,878,276,52,675
1728462900480300000,0,361,794,117,137,705
1728462900481142000,0,465,740,93,218,676
1728462900481983000,0,580,641,29,292,644
1728462900482824000,0,671,543,0,349,577
1728462900483665000,20,738,436,0,420,498
1728462900484507000,74,789,320,0,481,400
1728462900485349000,158,807,192,10,516,311
1728462900486191000,261,790,105,64,549,228
1728462900487033000,367,767,37,138,559,153
1728462900487875000,477,708,0,213,543,70
1728462900488716000,562,532,0,322,564,0
1728462900489557000,653,448,0,425,505,0
1728462900490398000,724,370,30,465,321,0
1728462900491240000,776,290,82,549,313,0
1728462900492071000,788,199,176,597,235,23
1728462900492913000,781,109,285,645,160,82
1728462900493755000,732,30,397,665,106,157
1728462900494596000,677,0,503,659,56,252
1728462900495437000,570,0,614,618,4,352
1728462900496278000,480,0,706,559,0,434
1728462900497120000,376,26,868,471,0,516
1728462900497961000,269,94,866,391,0,577
1728462900498803000,166,170,758,298,26,724
1728462900499645000,149,303,796,213,79,583
1728462900500487000,0,489,764,151,161,650
1728462900501329000,0,498,713,81,224,665
1728462900502170000,0,612,627,20,306,627
1728462900503011000,0,689,530,0,367,554
1728462900503852000,8,750,405,0,431,480
1728462900504694000,94,793,285,0,493,385
1728462900505541000,189,806,193,15,526,283
1728462900506383000,256,783,97,87,543,207
1728462900507225000,378,738,28,165,554,125
1728462900508067000,485,668,0,229,540,64
1728462900508908000,564,613,0,313,490,32
1728462900509749000,666,530,0,402,437,0
1728462900510590000,740,368,130,490,368,0
1728462900511431000,778,266,109,562,281,0
1728462900512273000,786,171,205,623,217,25
1728462900513115000,772,82,313,655,153,101
1728462900513957000,719,10,420,663,84,190
1728462900514799000,651,0,538,645,34,287
1728462900515640000,564,29,638,606,45,354
1728462900516481000,463,0,725,544,45,439
1728462900517323000,350,21,799,465,0,529
1728462900518164000,245,81,841,366,0,595
1728462900519022000,258,193,900,285,9,639
1728462900519864000,0,308,809,266,87,722
1728462900520706000,0,412,770,98,158,674
1728462900521548000,0,521,697,66,257,661
1728462900522389000,0,623,594,8,327,612
1728462900523230000,0,705,483,0,388,543
1728462900524072000,42,761,376,0,442,453
1728462900524914000,119,805,260,0,494,355
1728462900525756000,194,814,142,25,538,277
1728462900526598000,320,778,68,101,560,174
1728462900527440000,427,732,0,181,554,105
1728462900528281000,537,711,0,269,522,21
1728462900529122000,584,481,0,362,550,0
1728462900529963000,704,414,0,456,462,0
1728462900530805000,746,344,50,518,344,0
1728462900531646000,785,237,126,579,274,0
1728462900532490000,794,146,228,624,205,49
1728462900533332000,762,72,335,657,129,117
1728462900534174000,699,0,459,665,66,209
1728462900535015000,625,0,569,642,29,312
1728462900535856000,530,0,659,583,0,397
1728462900536697000,426,4,745,513,0,482
1728462900537538000,325,53,847,439,0,541
1728462900538380000,210,148,888,334,0,692
1728462900539222000,136,234,791,254,73,712
1728462900540064000,36,418,767,164,114,626
1728462900540906000,0,439,750,106,185,676
1728462900541748000,0,551,679,45,266,644
1728462900542589000,0,646,578,5,341,589
1728462900543430000,0,721,465,0,402,525
1728462900544272000,57,772,341,0,471,436
1728462900545113000,142,808,241,0,506,335
1728462900545966000,233,804,149,42,533,253
1728462900546808000,322,787,64,117,562,169
1728462900547650000,421,713,0,194,549,85
1728462900548491000,517,626,0,249,519,50
1728462900549332000,605,576,5,351,456,8
1728462900550173000,692,478,5,430,399,0
1728462900551015000,765,330,74,532,325,0
1728462900551856000,790,225,149,587,244,4
1728462900552698000,778,130,261,636,178,69
1728462900553540000,749,40,365,662,122,139
1728462900554382000,688,0,493,660,50,241
1728462900555223000,613,64,585,640,8,313
1728462900556064000,517,36,682,577,0,394
1728462900556905000,405,0,777,502,28,481
1728462900557747000,289,54,823,421,0,566
1728462900558589000,201,117,857,322,0,610
1728462900559441000,213,242,893,245,44,666
1728462900560283000,0,338,788,242,106,709
1728462900561124000,0,471,741,88,213,669
1728462900561966000,0,576,658,31,289,640
1728462900562807000,0,657,542,0,354,576
1728462900563648000,9,729,425,0,420,501
1728462900564490000,74,786,320,0,477,411
1728462900565332000,165,815,207,5,513,308
1728462900566174000,250,804,109,64,544,222
1728462900567015000,360,767,21,133,554,151
1728462900567857000,474,698,0,226,546,74
1728462900568698000,618,618,0,321,505,0
1728462900569539000,661,517,0,389,451,0
1728462900570380000,719,516,2,509,396,0
1728462900571222000,786,298,89,549,306,0
1728462900572063000,786,202,185,608,231,16
1728462900572899000,778,103,281,645,167,81
1728462900573741000,738,34,386,661,107,165
1728462900574583000,673,0,514,651,42,266
1728462900575424000,572,0,616,679,0,337
1728462900576265000,465,0,709,601,0,418
1728462900577106000,362,24,789,509,0,513
1728462900577948000,264,90,832,401,0,582
1728462900578790000,153,215,844,274,26,618
1728462900579632000,64,264,935,212,110,691
1728462900580474000,32,386,688,138,130,766
1728462900581316000,0,488,716,77,237,666
1728462900582157000,0,591,617,21,306,631
1728462900582998000,0,690,520,0,372,562
1728462900583839000,26,749,407,0,433,482
1728462900584681000,94,797,282,0,480,386
1728462900585523000,177,790,186,18,526,289
1728462900586379000,277,770,93,85,554,201
1728462900587221000,395,752,13,151,562,125
1728462900588063000,520,683,0,245,529,64
1728462900588905000,639,583,0,407,474,26
1728462900589746000,578,498,21,468,426,13
1728462900590588000,681,383,39,437,362,0
1728462900591430000,779,274,104,563,295,0
1728462900592271000,794,170,197,613,225,37
1728462900593113000,765,87,308,653,141,98
1728462900593955000,716,18,434,663,82,174
1728462900594797000,653,0,543,651,34,276
1728462900595638000,565,0,622,601,0,352
1728462900596479000,462,0,714,541,0,449
1728462900597321000,353,94,789,453,0,523
1728462900598162000,261,151,833,373,0,569
1728462900599004000,129,97,841,276,109,622
1728462900599853000,78,256,817,192,23,671
1728462900600695000,110,405,789,122,158,686
1728462900601537000,0,533,696,67,247,663
1728462900602378000,0,623,598,11,330,608
1728462900603219000,0,705,491,0,389,532
1728462900604060000,29,762,372,0,452,455
1728462900604902000,109,797,250,0,501,362
1728462900605744000,199,813,168,20,523,265
1728462900606586000,306,784,72,104,549,188
1728462900607428000,395,737,1,180,552,107
1728462900608270000,524,655,0,270,538,81
1728462900609111000,658,578,0,357,493,42
1728462900609952000,740,459,0,434,406,0
1728462900610793000,746,421,46,513,341,0
1728462900611634000,783,242,139,577,261,0
1728462900612476000,786,153,233,626,197,49
1728462900613328000,759,64,341,659,132,119
1728462900614170000,704,4,451,663,66,209
1728462900615011000,633,0,565,642,20,299
1728462900615852000,598,0,670,593,0,386
1728462900616693000,490,0,758,576,0,465
1728462900617534000,303,52,811,476,0,553
1728462900618376000,180,130,845,356,0,604
1728462900619218000,97,261,845,226,49,676
1728462900620060000,47,314,856,167,114,674
1728462900620902000,0,452,774,114,196,672
1728462900621743000,0,548,682,47,268,648
1728462900622584000,0,640,576,5,346,594
1728462900623425000,0,718,459,0,402,522
1728462900624267000,53,772,338,0,466,434
1728462900625109000,122,805,229,0,514,324
1728462900625951000,228,807,130,48,546,242
1728462900626795000,329,772,50,117,558,173
1728462900627637000,450,704,0,205,530,90
1728462900628478000,527,605,0,277,469,21
1728462900629319000,752,530,18,388,428,0
1728462900630161000,798,417,16,466,378,0
1728462900631003000,745,325,66,538,321,0
1728462900631844000,781,218,160,599,250,4
1728462900632686000,785,121,254,638,185,65
1728462900633527000,750,52,365,658,116,146
1728462900634369000,694,0,487,666,47,233
1728462900635210000,605,0,670,632,14,314
1728462900636051000,513,0,746,576,0,412
1728462900636892000,402,8,756,508,0,536
1728462900637734000,301,75,810,415,0,591
1728462900638576000,244,165,826,314,0,562
1728462900639418000,117,342,821,262,78,632
1728462900640270000,9,261,779,151,215,661
1728462900641112000,0,474,730,89,225,680
1728462900641954000,0,576,651,29,282,642
1728462900642795000,0,660,541,0,354,581
1728462900643636000,9,737,434,0,410,496
1728462900644478000,69,791,314,0,480,402
1728462900645320000,137,802,218,10,517,325
1728462900646162000,242,789,113,53,546,228
1728462900647004000,335,769,42,126,543,149
1728462900647846000,477,704,0,229,543,66
1728462900648687000,561,602,93,306,544,31
1728462900649528000,636,554,82,386,476,0
1728462900650370000,707,421,0,463,373,85
1728462900651211000,772,302,82,543,320,0
1728462900652053000,791,198,184,598,232,21
1728462900652895000,775,105,282,644,157,78
1728462900653745000,729,34,395,658,100,166
1728462900654587000,672,0,519,663,49,256
1728462900655428000,588,0,606,621,0,341
1728462900656269000,488,0,709,557,0,437
1728462900657110000,463,13,784,485,0,506
1728462900657952000,317,89,835,400,0,580
1728462900658794000,85,173,858,375,18,687
1728462900659636000,34,270,841,168,78,657
1728462900660478000,0,425,816,113,149,716
1728462900661320000,0,509,721,79,226,680
1728462900662161000,0,599,626,20,305,618
1728462900663002000,0,678,522,0,378,563
1728462900663843000,14,747,409,0,434,477
1728462900664684000,89,794,288,0,491,386
1728462900665526000,188,810,185,11,525,271
1728462900666368000,287,796,79,79,557,192
1728462900667223000,381,743,28,150,559,125
1728462900668065000,497,673,0,251,549,64
1728462900668906000,610,546,0,335,423,0
1728462900669747000,658,448,0,407,370,0
1728462900670588000,866,354,82,511,328,0
1728462900671430000,767,279,104,559,293,0
1728462900672272000,785,180,207,615,218,37
1728462900673114000,770,85,305,650,151,98
1728462900673956000,725,18,425,665,82,178
1728462900674798000,649,0,536,658,39,274
1728462900675639000,553,0,727,608,0,360
1728462900676480000,455,0,794,546,0,449
1728462900677322000,353,34,824,463,0,564
1728462900678163000,249,100,832,373,0,626
1728462900679005000,202,218,812,274,34,578
1728462900679847000,101,404,818,233,115,650
1728462900680691000,0,313,770,125,238,695
1728462900681533000,0,523,702,64,254,666
1728462900682374000,0,624,591,8,327,618
1728462900683215000,0,709,498,0,383,554
1728462900684056000,42,757,376,0,450,450
1728462900684898000,102,805,261,0,498,359
1728462900685740000,180,805,164,37,530,274
1728462900686582000,297,778,64,82,562,188
1728462900687424000,418,744,5,169,546,117
1728462900688265000,517,669,0,254,517,50
1728462900689106000,602,543,87,342,504,0
1728462900689947000,682,496,64,423,453,0
1728462900690789000,765,346,0,517,331,78
1728462900691630000,784,245,124,570,274,0
1728462900692472000,786,151,233,618,196,54
1728462900693314000,759,65,338,656,129,118
1728462900694160000,700,0,459,666,71,203
1728462900695002000,640,0,565,645,31,298
1728462900695843000,533,0,663,600,18,386
1728462900696684000,441,0,744,528,0,468
1728462900697526000,373,50,808,437,0,545
1728462900698368000,262,130,850,347,0,602
1728462900699210000,0,224,835,335,42,704
1728462900700052000,0,338,823,168,117,661
1728462900700894000,0,450,762,79,181,686
1728462900701735000,0,552,672,56,261,649
1728462900702576000,0,649,576,1,341,596
1728462900703417000,0,722,463,0,398,514
1728462900704259000,49,776,344,0,471,434
1728462900705101000,130,807,231,0,512,345
1728462900705942000,238,808,126,42,549,253
1728462900706784000,338,778,52,114,542,154
1728462900707641000,448,724,0,209,550,69
1728462900708483000,533,666,0,287,576,15
1728462900709324000,609,436,0,391,533,0
1728462900710165000,722,392,0,457,442,0
1728462900711007000,759,320,73,522,314,0
1728462900711848000,802,225,153,591,254,1
1728462900712690000,779,130,258,640,181,69
1728462900713532000,749,42,366,659,117,138
1728462900714374000,692,0,484,662,53,229
1728462900715215000,615,0,592,636,11,322
1728462900716056000,513,0,691,576,0,405
1728462900716897000,402,9,833,504,0,481
1728462900717739000,292,69,870,421,0,567
1728462900718581000,197,142,754,331,13,709
1728462900719423000,178,273,807,226,56,580
1728462900720265000,21,497,789,184,151,650
1728462900721106000,0,473,741,90,213,679
1728462900721948000,0,569,649,37,293,641
1728462900722789000,0,661,540,0,357,578
1728462900723630000,9,738,437,0,415,507
1728462900724472000,74,796,320,0,480,409
1728462900725314000,155,804,210,9,513,298
1728462900726156000,232,799,117,66,543,242
1728462900726998000,356,750,34,121,554,148
1728462900727840000,463,709,0,213,548,81
1728462900728681000,548,680,2,298,501,20
1728462900729522000,639,500,86,390,461,0
1728462900730364000,700,389,133,463,416,4
1728462900731205000,766,296,82,546,306,0
1728462900732047000,788,194,175,602,234,11
1728462900732889000,786,106,285,642,170,84
1728462900733731000,736,31,397,664,100,162
1728462900734577000,669,0,521,660,42,253
1728462900735418000,587,0,615,626,55,338
1728462900736259000,493,0,704,560,21,427
1728462900737100000,378,8,786,482,0,517
1728462900737941000,281,79,834,402,0,576
1728462900738783000,271,174,900,312,0,625
1728462900739625000,0,265,824,302,77,714
1728462900740467000,0,373,777,107,157,666
1728462900741309000,0,498,719,73,228,680
1728462900742150000,0,604,625,23,298,631
1728462900742991000,0,679,516,0,375,554
1728462900743832000,26,756,411,0,433,476
1728462900744674000,89,789,285,0,489,388
1728462900745516000,170,810,153,4,523,290
1728462900746358000,293,803,93,66,554,214
1728462900747200000,388,755,21,154,554,102
1728462900748053000,485,676,0,250,537,41
1728462900748894000,622,645,0,329,491,0
1728462900749735000,666,381,0,405,518,0
1728462900750576000,761,324,21,514,413,0
1728462900751417000,779,277,102,549,286,0
1728462900752259000,784,177,210,610,215,25
1728462900753101000,761,89,314,653,154,101
1728462900753943000,736,14,417,674,90,181
1728462900754784000,663,0,543,655,42,277
1728462900755625000,545,0,641,592,0,368
1728462900756466000,448,0,727,535,0,448
1728462900757308000,346,41,805,462,0,525
1728462900758149000,242,101,869,375,0,594
1728462900758991000,146,235,905,276,33,658
1728462900759833000,69,297,755,192,113,762
1728462900760675000,52,428,738,117,162,606
1728462900761526000,0,517,704,64,245,664
1728462900762367000,0,613,606,10,321,618
1728462900763208000,0,698,493,0,386,546
1728462900764049000,37,769,370,0,450,458
1728462900764891000,110,802,266,0,497,370
1728462900765733000,213,796,161,32,525,265
1728462900766575000,301,770,79,98,544,193
1728462900767417000,392,736,8,177,555,121
1728462900768258000,508,663,2,266,535,50
1728462900769099000,568,576,0,284,469,0
1728462900769940000,649,485,0,395,416,13
1728462900770782000,718,421,81,494,353,0
1728462900771623000,778,253,123,570,269,0
1728462900772464000,788,149,223,633,201,50
1728462900773306000,760,66,330,656,138,111
1728462900774148000,711,2,453,665,66,200
1728462900776518000,633,1,570,645,30,301
1728462900777359000,536,85,657,602,0,372
1728462900778200000,440,48,746,530,0,455
1728462900779042000,325,84,800,444,0,541
1728462900779883000,226,116,844,353,41,605
1728462900780725000,154,170,846,276,92,655
1728462900781567000,146,306,845,192,74,677
1728462900782409000,64,420,781,113,170,690
1728462900783251000,0,549,671,46,277,654
1728462900784092000,0,642,568,0,338,601
1728462900784933000,0,714,458,0,393,522
1728462900785775000,58,778,356,0,459,431
1728462900786617000,122,806,234,0,508,343
1728462900787458000,228,810,138,50,545,258
1728462900788300000,328,775,48,111,562,161
1728462900789142000,437,719,0,201,546,89
1728462900789984000,548,650,0,293,527,0
1728462900790825000,629,533,0,372,469,0
1728462900791666000,697,535,0,487,418,0
1728462900792508000,773,374,50,535,323,0
1728462900793349000,788,232,142,581,258,5
1728462900794191000,788,130,250,631,183,64
1728462900795033000,743,56,367,665,116,132
1728462900795875000,693,0,481,663,58,225
1728462900796716000,612,0,591,634,17,327
1728462900797557000,490,0,692,617,0,413
1728462900798398000,391,9,765,519,0,492
1728462900799239000,300,69,818,404,0,560
1728462900800081000,192,165,855,307,5,633
1728462900800923000,93,235,874,237,90,677
1728462900801765000,30,398,864,154,137,683
1728462900802607000,0,471,725,90,202,691
1728462900803448000,0,581,655,37,287,644
1728462900804289000,0,660,549,0,354,586
1728462900805130000,10,733,442,0,424,510
1728462900805972000,72,773,310,0,480,412
1728462900806814000,153,807,210,0,514,320
1728462900807656000,255,794,126,64,541,224
1728462900808498000,354,764,37,137,544,130
1728462900809340000,474,704,0,226,541,78
1728462900810181000,609,596,0,377,495,23
1728462900811022000,555,505,0,452,449,20
1728462900811863000,649,420,38,509,372,0
1728462900812704000,764,309,84,538,299,0
1728462900813546000,786,201,185,605,233,9
1728462900814388000,782,111,274,647,173,89
1728462900815230000,738,37,389,658,106,162
1728462900816072000,671,0,510,663,33,239
1728462900816929000,586,0,608,628,9,364
1728462900817770000,487,0,704,560,0,405
1728462900818611000,378,17,783,488,0,489
1728462900819452000,277,133,824,402,0,569
1728462900820294000,162,53,837,288,96,613
1728462900821136000,116,235,832,221,5,665
1728462900821978000,68,370,813,156,121,680
1728462900822820000,0,493,718,75,229,672
1728462900823661000,0,599,629,21,303,629
1728462900824502000,0,682,514,0,377,565
1728462900825343000,21,758,410,0,431,494
1728462900826185000,92,794,287,0,481,382
1728462900827027000,154,816,185,13,512,298
1728462900827869000,271,789,96,84,554,213
1728462900828711000,372,753,21,151,562,131
1728462900829553000,480,681,0,242,535,54
1728462900830392000,601,593,0,320,511,58
1728462900831233000,727,510,0,409,427,0
1728462900832075000,730,395,18,490,374,0
1728462900832917000,772,274,105,562,290,0
1728462900833759000,785,173,199,622,215,33
1728462900834601000,775,92,314,651,149,96
1728462900835443000,719,26,424,661,86,178
1728462900836285000,653,0,542,658,37,269
1728462900837126000,631,0,639,621,0,363
1728462900837967000,441,0,722,588,0,448
1728462900838809000,333,33,802,495,0,526
1728462900839650000,242,107,842,374,0,597
1728462900840492000,117,253,874,258,33,666
1728462900841334000,64,296,832,201,98,670
1728462900842176000,0,437,847,122,178,681
1728462900843018000,0,522,700,64,242,666
1728462900843869000,0,619,604,17,320,608
1728462900844710000,0,700,497,0,383,538
1728462900845552000,29,759,388,0,448,463
1728462900846393000,105,792,261,0,501,370
1728462900847235000,209,808,149,20,540,266
1728462900848077000,320,781,66,96,555,183
1728462900848919000,406,725,18,174,529,96
1728462900849761000,511,666,0,266,530,50
1728462900850602000,685,557,0,349,468,0
1728462900851443000,745,458,0,504,407,13
1728462900852284000,677,335,74,557,337,21
1728462900853125000,787,254,124,570,270,0
1728462900853967000,789,158,226,621,197,36
1728462900854809000,762,64,330,667,133,117
1728462900855651000,709,9,452,658,66,209
1728462900856492000,634,0,565,642,21,297
1728462900857339000,542,0,645,591,0,474
1728462900858179000,442,6,725,529,0,517
1728462900859021000,330,53,802,448,0,568
1728462900859862000,224,121,839,354,1,596
1728462900860704000,170,320,832,293,66,632
1728462900861546000,46,247,811,188,185,674
1728462900862388000,25,405,754,101,132,668
1728462900863230000,0,546,682,51,266,656
1728462900864071000,0,633,583,4,341,597
1728462900864912000,0,706,462,0,395,520
1728462900865753000,52,776,350,0,458,437
1728462900866595000,130,808,244,0,502,340
1728462900867437000,210,815,157,37,544,248
1728462900868279000,306,782,58,109,565,175
1728462900869121000,444,721,0,192,563,94
1728462900869962000,549,640,0,281,528,40
1728462900870812000,629,560,5,362,450,96
1728462900871653000,714,448,0,444,420,53
1728462900872495000,815,354,32,533,329,0
1728462900873336000,783,221,157,589,258,5
1728462900874178000,781,138,247,629,179,66
1728462900875020000,754,54,363,663,117,132
1728462900875862000,690,2,484,666,64,228
1728462900876703000,610,0,591,645,18,321
1728462900877544000,615,0,688,589,0,407
1728462900878385000,471,0,756,510,0,482
1728462900879227000,292,72,823,448,0,571
1728462900880069000,186,149,852,352,0,618
1728462900880911000,82,258,849,212,64,690
1728462900881753000,17,362,799,157,142,675
1728462900882595000,0,465,821,81,234,681
1728462900883436000,0,569,653,31,282,643
1728462900884283000,0,664,553,0,345,579
1728462900885124000,9,736,448,0,420,497
1728462900885966000,71,784,324,0,485,418
1728462900886808000,151,804,210,8,517,323
1728462900887650000,254,802,119,52,542,222
1728462900888492000,355,749,50,136,551,148
1728462900889334000,469,702,0,221,532,64
1728462900890175000,554,609,0,309,485,21
1728462900891016000,779,493,32,415,431,0
1728462900891858000,786,402,5,459,370,0
1728462900892700000,718,305,87,581,305,0
1728462900893542000,794,201,174,605,242,10
1728462900894384000,773,106,277,644,170,80
1728462900895226000,738,43,389,663,103,168
1728462900896068000,676,0,506,653,43,247
1728462900896909000,586,0,608,625,0,335
1728462900897766000,495,0,694,569,0,480
1728462900898607000,381,20,773,485,0,546
1728462900899449000,273,90,834,399,0,565
1728462900900291000,169,266,824,309,26,597
1728462900901133000,114,325,825,206,105,654
1728462900901975000,21,299,782,171,210,682
1728462900902817000,0,493,727,78,216,677
1728462900903658000,0,593,632,21,303,628
1728462900904499000,0,680,522,0,373,568
1728462900905340000,18,753,402,0,431,482
1728462900906182000,84,797,289,0,485,394
1728462900907023000,161,814,186,13,521,299
1728462900907865000,266,797,89,66,547,202
1728462900908707000,386,747,20,162,553,133
1728462900909549000,498,686,0,233,546,65
1728462900910390000,577,586,96,320,514,26
1728462900911230000,663,530,57,405,448,0
1728462900912072000,741,415,85,490,348,64
1728462900912913000,772,278,106,555,293,0
1728462900913755000,776,170,205,618,213,26
1728462900914597000,769,89,304,656,154,101
1728462900915439000,733,23,430,660,83,185
1728462900916281000,658,0,536,656,26,266
1728462900917122000,565,0,639,612,29,362
1728462900917963000,465,0,730,546,13,436
1728462900918804000,357,21,800,468,0,523
1728462900919645000,314,98,835,381,0,595
1728462900920487000,224,195,868,270,18,649
1728462900921329000,0,311,871,250,85,696
1728462900922171000,0,409,767,98,175,704
1728462900923013000,0,514,698,65,250,663
1728462900923854000,0,616,600,13,327,615
1728462900924709000,0,700,488,0,388,546
1728462900925550000,40,764,375,0,448,462
1728462900926392000,110,799,261,0,490,360
1728462900927234000,192,802,157,21,538,267
1728462900928076000,309,789,68,94,554,186
1728462900928918000,392,737,0,180,559,103
1728462900929760000,523,663,0,265,546,46
1728462900930600000,646,626,0,354,480,0
1728462900931441000,685,415,0,421,491,0
1728462900932282000,730,293,37,523,397,0
1728462900933123000,779,253,130,576,273,0
1728462900933965000,783,151,221,629,202,52
1728462900934807000,762,68,333,655,133,116
1728462900935649000,705,13,453,661,71,197
1728462900936491000,628,0,565,655,21,292
1728462900937332000,521,0,667,586,0,383
1728462900938173000,430,0,753,524,0,469
1728462900939015000,322,54,803,440,0,552
1728462900939856000,229,129,886,345,0,610
1728462900940698000,142,224,746,258,47,751
1728462900941540000,105,346,779,189,114,596
1728462900942382000,0,561,741,125,213,648
1728462900943224000,0,552,686,43,264,662
1728462900944065000,0,640,578,6,327,602
1728462900944906000,0,725,469,0,389,527
1728462900945748000,50,777,350,0,465,431
1728462900946590000,120,800,242,0,505,341
1728462900947431000,229,805,141,50,539,247
1728462900948273000,329,764,53,104,538,178
1728462900949115000,407,717,1,194,529,94
1728462900949956000,517,654,0,288,522,26
1728462900950797000,581,538,0,320,463,0
1728462900951654000,681,442,0,422,402,10
1728462900952496000,732,370,67,513,324,0
1728462900953337000,786,231,139,580,260,9
1728462900954179000,785,136,254,634,178,55
1728462900955021000,749,58,361,661,120,124
1728462900955863000,698,0,473,666,64,229
1728462900956704000,618,0,587,634,21,321
1728462900957545000,520,86,663,583,0,392
1728462900958386000,417,77,757,509,0,476
1728462900959227000,309,90,821,421,31,551
1728462900960069000,199,134,855,336,37,610
1728462900960911000,120,218,841,234,13,670
1728462900961753000,153,346,850,180,111,686
1728462900962595000,0,437,721,175,188,713
1728462900963436000,0,571,654,37,283,640
1728462900964277000,0,664,560,0,353,579
1728462900965130000,0,725,449,0,413,501
1728462900965972000,69,780,320,0,477,416
1728462900966814000,151,818,212,2,521,333
1728462900967655000,238,798,119,47,557,235
1728462900968497000,338,767,37,128,558,146
1728462900969339000,463,704,0,225,549,74
1728462900970180000,567,618,0,309,514,1
1728462900971021000,646,522,0,376,448,0
1728462900971862000,690,535,0,485,394,0
1728462900972704000,796,389,64,553,305,0
1728462900973545000,799,209,171,601,249,14
1728462900974387000,769,110,279,642,165,74
1728462900975229000,738,39,386,662,109,157
1728462900976071000,673,0,514,653,46,250
1728462900976912000,596,0,610,624,0,338
1728462900977753000,469,0,705,608,0,421
1728462900978590000,368,21,779,507,0,500
1728462900979431000,261,82,836,394,0,578
1728462900980273000,167,175,849,312,16,634
1728462900981115000,78,250,953,210,109,700
1728462900981957000,4,411,853,138,142,722
1728462900982799000,0,497,682,85,229,719
1728462900983640000,0,585,629,26,305,624
1728462900984481000,0,674,528,0,373,565
1728462900985322000,14,750,410,0,431,487
1728462900986164000,89,783,292,0,485,399
1728462900987006000,178,812,201,14,517,298
1728462900987848000,269,773,95,77,544,199
1728462900988690000,383,736,26,157,544,130
1728462900989532000,494,686,0,235,546,58
1728462900990373000,669,576,0,330,476,0
1728462900991214000,746,482,2,412,416,0
1728462900993001000,631,383,18,549,351,23
1728462900993842000,745,277,98,576,292,0
1728462900994684000,786,173,201,615,224,34
1728462900995526000,772,87,292,649,159,98
1728462900996368000,722,21,415,671,79,178
1728462900997210000,660,0,530,658,34,266
1728462900998051000,567,0,650,612,0,362
1728462900998892000,463,0,722,548,0,511
1728462900999733000,366,29,778,469,0,562
1728462901000574000,256,104,832,377,0,586
1728462901001416000,139,296,824,299,50,604
1728462901002258000,96,346,811,186,173,650
1728462901003100000,26,354,767,137,203,682
1728462901003942000,0,520,705,64,245,666
1728462901004783000,0,619,596,9,328,617
1728462901005624000,0,708,497,0,375,553
1728462901006466000,36,762,383,0,442,455
1728462901007308000,107,798,263,0,509,361
1728462901008150000,170,810,157,9,533,277
1728462901008992000,293,798,69,82,557,196
1728462901009834000,417,736,4,169,555,117
1728462901010676000,530,673,0,250,532,53
1728462901011517000,596,618,46,344,476,18
1728462901012359000,690,448,0,431,434,71
1728462901013200000,805,373,0,511,360,28
1728462901014041000,784,258,126,576,277,0
1728462901014883000,786,151,229,617,197,47
1728462901015725000,757,73,329,654,136,109
1728462901016567000,708,10,453,663,68,194
1728462901017408000,640,0,561,653,34,292
1728462901018249000,543,0,655,596,0,386
1728462901019090000,523,0,742,527,0,466
1728462901019935000,381,45,807,437,0,543
1728462901020777000,216,130,853,392,1,597
1728462901021619000,69,217,847,194,43,639
1728462901022461000,27,352,824,164,117,708
1728462901023303000,0,425,743,96,201,679
1728462901024145000,0,545,677,50,254,648
1728462901024986000,0,639,579,5,337,591
1728462901025827000,0,722,476,0,401,517
1728462901026669000,50,770,349,0,462,434
1728462901027511000,125,810,234,0,509,356
1728462901028353000,218,809,133,41,544,250
1728462901029195000,330,781,64,109,558,168
1728462901030037000,429,706,0,210,552,84
1728462901030878000,540,623,0,289,527,37
1728462901031719000,626,516,0,356,412,0
1728462901032560000,821,423,49,459,368,0
1728462901033416000,847,321,58,514,313,0
1728462901034257000,796,231,149,586,264,0
1728462901035099000,777,128,253,637,184,57
1728462901035941000,754,46,357,663,126,133
1728462901036783000,696,0,490,656,53,226
1728462901037624000,622,0,591,645,13,320
1728462901038465000,511,0,741,581,0,397
1728462901039306000,417,13,811,510,0,562
1728462901040148000,297,64,805,426,0,621
1728462901040989000,209,141,832,337,16,621
1728462901041831000,93,269,820,244,66,619
1728462901042673000,70,423,791,173,125,657
1728462901043515000,0,383,739,101,272,669
1728462901044356000,0,562,653,37,285,645
1728462901045197000,0,649,549,1,353,581
1728462901046038000,2,728,442,0,418,507
1728462901046885000,64,784,325,0,469,418
1728462901047727000,148,807,220,0,506,310
1728462901048569000,235,802,122,64,543,233
1728462901049411000,340,757,50,111,554,149
1728462901050253000,457,717,0,210,547,82
1728462901051094000,553,629,0,303,513,26
1728462901051935000,636,523,0,380,450,0
1728462901052776000,717,413,121,461,421,0
1728462901053618000,760,335,157,542,302,5
1728462901054459000,789,207,166,601,242,20
1728462901055301000,777,107,271,641,173,79
1728462901056143000,739,34,386,666,98,153
1728462901056985000,671,0,506,661,45,242
1728462901057826000,588,0,615,629,5,340
1728462901058667000,491,0,710,576,30,418
1728462901059508000,394,0,773,495,14,501
1728462901060349000,279,82,826,402,0,581
1728462901061191000,231,167,850,306,20,635
1728462901062033000,0,269,823,295,71,714
1728462901062875000,0,373,786,82,151,684
1728462901063717000,0,489,719,45,224,716
1728462901064558000,0,592,633,18,293,637
1728462901065399000,0,681,528,0,361,576
1728462901066240000,34,746,416,0,426,481
1728462901067082000,90,791,293,0,494,389
1728462901067924000,164,808,202,16,522,296
1728462901068766000,282,802,78,64,559,213
1728462901069608000,392,757,16,144,562,119
1728462901070449000,490,687,0,246,530,50
1728462901071290000,591,645,0,333,498,2
1728462901072131000,704,587,0,405,437,0
1728462901072972000,728,277,30,480,452,0
1728462901073831000,783,232,89,576,335,0
1728462901074673000,788,184,186,606,224,30
1728462901075515000,772,94,308,647,153,90
1728462901076357000,724,33,420,668,96,175
1728462901077199000,669,0,530,654,41,270
1728462901078040000,577,0,634,617,8,361
1728462901078881000,453,0,722,542,0,448
1728462901079722000,354,37,793,453,0,532
1728462901080564000,254,106,841,372,0,587
1728462901081406000,158,199,906,286,37,647
1728462901082248000,65,269,744,199,114,744
1728462901083090000,71,431,741,119,164,583
1728462901083932000,0,594,696,77,241,633
1728462901084773000,0,617,609,21,320,613
1728462901085614000,0,698,506,0,377,541
1728462901086456000,30,761,388,0,448,462
1728462901087291000,101,806,262,0,498,377
1728462901088133000,193,800,170,18,526,274
1728462901088975000,298,782,82,94,541,189
1728462901089817000,378,738,16,180,552,119
1728462901090659000,488,658,0,264,533,47
1728462901091500000,562,553,0,301,480,0
1728462901092341000,645,464,0,383,420,10
1728462901093183000,705,410,57,474,341,0
1728462901094025000,786,257,135,576,284,0
1728462901094867000,786,160,218,626,202,47
1728462901095709000,761,66,328,655,138,109
1728462901096551000,711,9,453,663,73,202
1728462901097392000,642,0,562,642,26,301
1728462901098233000,549,42,658,599,0,381
1728462901099074000,442,58,741,536,0,448
1728462901099916000,335,68,807,444,26,538
1728462901100769000,228,105,839,357,34,599
1728462901101611000,162,178,834,251,0,654
1728462901102453000,185,313,860,202,78,690
1728462901103295000,26,437,749,185,181,722
1728462901104137000,0,537,677,55,264,652
1728462901104978000,0,629,576,11,345,599
1728462901105819000,0,718,468,0,402,529
1728462901106661000,47,767,350,0,455,437
1728462901107502000,130,804,241,0,501,341
1728462901108344000,215,810,144,37,544,248
1728462901109186000,328,784,54,117,558,180
1728462901110028000,448,719,0,192,563,96
1728462901110869000,538,642,0,274,506,37
1728462901111710000,619,533,0,373,455,0
1728462901112551000,687,559,0,474,416,0
1728462901113392000,791,394,79,533,316,0
1728462901114243000,786,224,148,589,257,5
1728462901115085000,788,132,242,629,192,58
1728462901115927000,762,58,357,663,127,132
1728462901116769000,689,1,480,667,58,215
1728462901117610000,613,0,591,638,21,314
1728462901118451000,501,0,690,645,0,407
1728462901119292000,397,0,761,550,0,482
1728462901120134000,298,71,813,412,0,567
1728462901120976000,197,147,847,320,5,620
1728462901121818000,82,239,832,233,64,650
1728462901122660000,23,378,874,169,146,672
1728462901123502000,0,457,658,87,212,761
1728462901124344000,0,568,658,30,274,647
1728462901125185000,0,661,554,0,349,588
1728462901126026000,10,737,448,0,410,506
1728462901126868000,67,786,322,0,482,414
1728462901127713000,151,801,212,9,517,325
1728462901128555000,249,794,114,53,554,237
1728462901129397000,352,760,50,121,543,154
1728462901130239000,476,705,0,220,537,69
1728462901131080000,558,626,0,308,512,26
1728462901131921000,722,514,0,393,437,0
1728462901132762000,629,410,4,539,381,33
1728462901133604000,714,312,93,579,320,0
1728462901134445000,786,202,174,594,234,20
1728462901135287000,782,109,272,639,164,73
1728462901136129000,736,46,383,663,104,162
1728462901136971000,679,0,501,662,50,244
1728462901137812000,606,0,611,629,20,335
1728462901138653000,496,0,673,562,0,485
1728462901139494000,393,18,765,495,0,548
1728462901140336000,287,89,823,401,0,554
1728462901141187000,180,220,843,309,22,626
1728462901142029000,106,351,826,241,74,645
1728462901142870000,4,288,781,151,224,674
1728462901143712000,0,466,729,74,138,678
1728462901144553000,0,591,636,29,293,628
1728462901145394000,0,676,526,0,363,563
1728462901146235000,13,752,426,0,425,481
1728462901147077000,71,788,301,0,484,392
1728462901147919000,175,807,188,10,530,295
1728462901148761000,282,802,93,64,549,226
1728462901149603000,373,766,33,140,544,133
1728462901150444000,463,693,0,218,538,65
1728462901151285000,564,604,0,325,506,17
1728462901152126000,648,522,49,405,434,0
1728462901152967000,728,381,0,477,362,85
1728462901153809000,809,301,57,541,302,41
1728462901154658000,789,181,197,608,210,25
1728462901155500000,766,87,303,655,156,94
1728462901156342000,727,29,412,660,92,181
1728462901157184000,657,0,533,649,36,273
1728462901158025000,573,0,633,618,0,361
1728462901158866000,475,0,720,551,0,439
1728462901159707000,439,27,798,470,0,517
1728462901160548000,279,93,843,391,0,588
1728462901161390000,141,188,846,320,34,650
1728462901162232000,50,301,826,157,90,697
1728462901163074000,0,458,797,117,149,670
1728462901163916000,0,477,815,64,258,673
1728462901164757000,0,610,612,18,320,618
1728462901165598000,0,685,495,0,377,546
1728462901166440000,29,754,377,0,448,458
1728462901167282000,107,801,277,0,493,378
1728462901168133000,194,805,180,25,521,274
1728462901168975000,295,788,81,93,552,192
1728462901169817000,410,706,5,174,560,109
1728462901170659000,517,653,0,260,537,53
1728462901171500000,616,561,0,346,488,5
1728462901172341000,697,452,0,418,368,0
1728462901173183000,871,353,82,522,324,0
1728462901174024000,850,245,125,569,263,0
1728462901174866000,788,164,220,626,207,52
1728462901175708000,765,73,329,655,138,112
1728462901176550000,716,11,444,670,78,193
1728462901177391000,632,0,557,648,31,297
1728462901178232000,537,0,666,606,0,380
1728462901179073000,444,0,801,535,0,462
1728462901179914000,334,55,839,448,0,615
1728462901180755000,234,120,832,357,0,637
1728462901181618000,169,226,832,266,50,583
1728462901182460000,37,429,807,225,129,647
1728462901183302000,1,320,749,111,269,658
1728462901184144000,0,510,685,50,279,655
1728462901184985000,0,637,581,0,327,609
1728462901185826000,0,725,480,0,394,528
1728462901186668000,48,771,356,0,466,432
1728462901187509000,116,786,245,0,509,352
1728462901188351000,197,789,141,47,529,260
1728462901189193000,309,777,66,100,549,180
1728462901190035000,424,740,0,180,542,96
1728462901190876000,505,657,0,278,519,37
1728462901191717000,610,565,0,360,474,0
1728462901192558000,682,423,98,435,448,9
1728462901193400000,728,362,119,514,327,0
1728462901194241000,786,229,132,579,266,11
1728462901195079000,790,138,253,632,181,55
1728462901195921000,746,52,361,660,120,138
1728462901196763000,704,0,476,667,65,224
1728462901197604000,624,0,579,638,26,320
1728462901198445000,523,0,678,583,15,402
1728462901199286000,426,0,762,514,13,484
1728462901200128000,309,56,816,418,0,556
1728462901200970000,271,146,850,335,2,610
1728462901201812000,168,229,813,323,57,700
1728462901202654000,0,341,826,212,126,715
1728462901203496000,0,455,732,40,194,683
1728462901204338000,0,576,658,42,286,639
1728462901205179000,0,661,554,0,349,590
1728462901206020000,0,728,453,0,412,510
1728462901206862000,65,776,320,0,480,418
1728462901207704000,146,805,221,0,509,321
1728462901208550000,229,799,94,38,546,237
1728462901209391000,349,767,32,136,552,129
1728462901210233000,452,704,0,221,548,82
1728462901211074000,561,618,0,308,514,29
1728462901211915000,671,581,0,370,485,0
1728462901212756000,711,350,9,482,442,0
1728462901213598000,799,266,97,530,226,0
1728462901214440000,783,209,174,601,235,8
1728462901215282000,781,109,269,650,174,77
1728462901216124000,741,37,388,657,107,154
1728462901216966000,682,0,504,662,42,245
1728462901217807000,593,0,608,629,10,335
1728462901218648000,482,0,706,560,0,414
1728462901219489000,386,11,779,490,0,502
1728462901220330000,284,74,884,405,0,577
1728462901221172000,183,171,853,299,15,679
1728462901222023000,136,290,788,217,82,706
1728462901222865000,0,480,770,168,159,635
1728462901223707000,0,535,709,90,211,647
1728462901224548000,0,587,633,25,310,636
1728462901225389000,0,677,530,0,362,570
1728462901226230000,18,752,413,0,421,482
1728462901227072000,75,794,301,0,491,388
1728462901227914000,162,805,192,12,525,301
1728462901228756000,252,807,93,71,555,231
1728462901229598000,366,757,26,144,554,130
1728462901230440000,473,695,0,240,530,64
1728462901231281000,562,613,0,330,497,17
1728462901232122000,648,471,56,404,458,0
1728462901232964000,733,413,90,478,404,0
1728462901233806000,777,309,149,549,290,1
1728462901234647000,789,183,196,613,212,18
1728462901235497000,778,94,301,650,168,89
1728462901236339000,730,21,418,669,90,178
1728462901237181000,654,0,529,648,40,271
1728462901238022000,577,0,645,613,0,361
1728462901238863000,471,0,718,542,20,444
1728462901239705000,367,23,794,469,5,517
1728462901240546000,261,90,834,378,0,578
1728462901241388000,199,178,849,289,29,645
1728462901242230000,0,284,813,269,87,724
1728462901243072000,0,402,782,111,156,660
1728462901243914000,0,522,693,34,240,674
1728462901244755000,0,616,615,18,314,628
1728462901245596000,0,690,506,0,383,548
1728462901246437000,41,757,381,0,450,466
1728462901247279000,101,798,270,0,494,372
1728462901248121000,194,807,171,21,529,279
1728462901248968000,296,795,79,82,554,192
1728462901249810000,402,746,8,170,555,117
1728462901250652000,517,671,0,260,533,34
1728462901251493000,613,594,0,341,498,0
1728462901252334000,677,373,0,409,500,0
1728462901253176000,741,309,41,535,393,0
1728462901254017000,786,252,129,562,224,0
1728462901254859000,781,158,218,621,205,40
1728462901255701000,762,82,322,654,145,121
1728462901256543000,717,10,440,668,74,192
1728462901257385000,633,0,556,644,27,276
1728462901258226000,546,0,660,614,0,373
1728462901259067000,431,0,746,526,0,465
1728462901259908000,328,42,813,448,0,545
1728462901260750000,229,128,912,354,4,608
1728462901261592000,139,217,874,269,41,696
1728462901262444000,84,332,773,183,122,730
1728462901263286000,0,405,733,119,175,624
1728462901264128000,0,612,660,64,276,632
1728462901264969000,0,632,595,2,330,609
1728462901265810000,0,708,474,0,389,534
1728462901266652000,52,778,357,0,452,448
1728462901267494000,126,810,250,0,512,356
1728462901268336000,218,804,144,42,538,258
1728462901269178000,324,767,58,109,553,177
1728462901270020000,413,722,15,194,537,103
1728462901270862000,521,642,0,287,516,37
1728462901271703000,604,559,0,338,477,0
1728462901272545000,673,469,13,424,405,21
1728462901273387000,746,338,53,516,335,0
1728462901274229000,781,232,206,576,266,2
1728462901275071000,786,141,240,629,185,54
1728462901275937000,746,58,365,661,122,122
1728462901276779000,692,0,478,666,66,224
1728462901277620000,617,0,580,636,17,314
1728462901278461000,530,0,676,589,0,405
1728462901279302000,425,57,756,514,0,474
1728462901280144000,314,45,816,434,29,554
1728462901280986000,202,128,847,338,37,610
1728462901281828000,112,206,836,240,10,656
1728462901282670000,150,335,847,181,101,685
1728462901283512000,0,448,727,158,184,719
1728462901284354000,0,562,660,44,282,642
1728462901285195000,0,660,559,2,346,581
1728462901286036000,0,725,453,0,409,511
1728462901286878000,64,777,334,0,476,420
1728462901287719000,144,801,215,1,516,325
1728462901288561000,213,818,120,42,548,250
1728462901289402000,350,770,39,117,563,151
1728462901290244000,450,715,0,210,542,76
1728462901291085000,552,622,0,309,516,30
1728462901291926000,696,549,0,386,472,32
1728462901292767000,724,423,0,466,393,0
1728462901293609000,783,413,64,568,320,0
1728462901294451000,794,204,168,602,240,5
1728462901295293000,785,113,271,642,180,81
1728462901296135000,738,34,381,674,110,153
1728462901296977000,679,0,504,661,48,245
1728462901297818000,595,0,612,623,4,334
1728462901298659000,482,0,705,613,0,421
1728462901299501000,370,11,778,514,0,489
1728462901300342000,265,81,833,398,0,578
1728462901301183000,175,164,849,309,20,632
1728462901302025000,72,260,869,221,87,682
1728462901302865000,21,402,854,144,141,677
1728462901303707000,0,480,647,75,244,738
1728462901304548000,0,582,634,32,303,632
1728462901305389000,0,676,525,0,369,569
1728462901306230000,13,746,418,0,430,493
1728462901307071000,82,789,297,0,480,399
1728462901307913000,173,809,194,9,514,294
1728462901308755000,261,775,112,73,549,207
1728462901309597000,370,741,29,161,548,138
1728462901310439000,485,676,0,232,535,58
1728462901311280000,586,599,0,330,506,10
1728462901312121000,562,496,0,476,420,26
1728462901312962000,661,386,50,514,363,0
1728462901313804000,709,285,90,503,293,10
1728462901314646000,786,181,186,610,225,23
1728462901315488000,773,87,292,648,149,82
1728462901316337000,733,29,418,666,98,166
1728462901317179000,651,0,537,657,37,261
1728462901318020000,578,0,634,619,4,360
1728462901318861000,474,0,708,551,0,425
1728462901319703000,363,93,778,469,0,506
1728462901320544000,261,158,832,375,0,586
1728462901321386000,168,184,847,287,66,642
1728462901322228000,100,248,838,207,26,661
1728462901323070000,136,380,810,146,133,678
1728462901323912000,65,514,737,57,217,675
1728462901324753000,0,616,622,15,312,619
1728462901325594000,0,696,501,0,380,548
1728462901326435000,27,761,386,0,444,455
1728462901327277000,94,791,273,0,498,368
1728462901328119000,193,809,162,23,535,279
1728462901328961000,306,791,75,77,557,202
1728462901329814000,404,746,18,168,548,112
1728462901330655000,506,665,0,261,538,48
1728462901331496000,594,585,0,351,489,9
1728462901332337000,738,488,0,423,418,0
1728462901333179000,782,356,8,506,349,0
1728462901334020000,782,366,114,602,286,0
1728462901334862000,789,159,226,620,207,37
1728462901335704000,757,76,335,658,138,111
1728462901336546000,716,11,442,670,81,205
1728462901337388000,640,0,552,644,34,290
1728462901338229000,558,0,662,602,0,383
1728462901339070000,511,0,738,526,0,462
1728462901339911000,321,42,808,505,0,534
1728462901340753000,215,124,846,386,0,603
1728462901341595000,132,215,837,266,48,658
1728462901342437000,47,371,821,171,114,670
1728462901343281000,0,417,850,107,216,690
1728462901344123000,0,551,725,43,237,736
1728462901344964000,0,628,591,10,328,604
1728462901345805000,0,708,484,0,394,525
1728462901346647000,45,767,363,0,459,448
1728462901347489000,121,804,244,0,504,356
1728462901348330000,218,800,149,34,535,261
1728462901349172000,323,767,64,96,567,168
1728462901350014000,432,717,0,197,557,98
1728462901350856000,534,634,0,289,527,39
1728462901351697000,674,552,0,362,468,0
1728462901352539000,784,442,0,426,385,0
1728462901353381000,767,350,40,602,320,10
1728462901354222000,721,237,159,634,256,4
1728462901355064000,784,133,240,635,186,53
1728462901355906000,753,58,346,666,128,130
1728462901356754000,704,0,466,665,58,212
1728462901357595000,618,0,576,636,18,309
1728462901358436000,521,0,677,591,0,395
1728462901359277000,418,0,738,517,0,543
1728462901360119000,314,57,797,426,0,601
1728462901360961000,212,146,834,335,10,605
1728462901361803000,122,291,842,250,56,639
1728462901362645000,5,254,807,173,185,677
1728462901363487000,0,409,740,89,141,680
1728462901364329000,64,544,658,37,264,634
1728462901365170000,0,654,558,0,352,594
1728462901366011000,4,730,450,0,404,508
1728462901366853000,64,781,329,0,476,410
1728462901367695000,138,805,226,0,512,326
1728462901368537000,244,792,122,55,546,238
1728462901369379000,340,777,45,114,552,165
1728462901370229000,458,718,0,210,551,76
1728462901371070000,542,636,0,301,510,18
1728462901371911000,629,513,0,392,462,45
1728462901372752000,725,427,0,455,416,45
1728462901373594000,796,314,50,527,312,0
1728462901374436000,789,265,162,592,244,9
1728462901375278000,778,117,266,636,176,68
1728462901376120000,736,41,388,666,106,151
1728462901376962000,680,0,494,664,53,242
1728462901377803000,601,0,594,622,5,341
1728462901378644000,538,0,706,566,0,421
1728462901379485000,448,11,777,519,0,497
1728462901380326000,258,87,832,453,0,580
1728462901381168000,168,156,856,303,25,632
1728462901382010000,69,308,847,206,70,669
1728462901382852000,15,341,894,141,170,696
1728462901383702000,0,502,644,69,207,783
1728462901384544000,0,581,639,30,295,636
1728462901385385000,0,677,532,0,367,577
1728462901386226000,18,745,423,0,432,493
1728462901387068000,78,790,302,0,476,402
1728462901387910000,169,810,197,16,516,299
1728462901388752000,266,778,109,72,550,212
1728462901389594000,372,741,26,156,549,135
1728462901390436000,489,685,0,232,537,75
1728462901391277000,581,593,0,320,493,17
1728462901392118000,747,494,0,404,418,0
1728462901392959000,633,393,41,545,361,26
1728462901393801000,712,276,126,590,285,0
1728462901394643000,782,181,193,607,225,25
1728462901395485000,773,96,293,644,151,96
1728462901396327000,730,29,413,665,92,168
1728462901397173000,662,0,538,658,47,267
1728462901398014000,576,0,630,623,0,353
1728462901398855000,473,0,693,559,0,480
1728462901399697000,358,30,774,467,0,506
1728462901400538000,266,162,826,374,0,582
1728462901401380000,161,237,849,290,33,642
1728462901402222000,50,203,834,221,168,660
1728462901403064000,21,360,773,126,104,684
1728462901403906000,100,489,766,87,210,663
1728462901404747000,0,613,611,13,306,613
1728462901405588000,0,695,501,0,386,551
1728462901406429000,28,770,389,0,448,467
1728462901407271000,97,791,274,0,496,373
1728462901408113000,197,802,166,28,541,279
1728462901408954000,285,805,84,82,554,203
1728462901409796000,399,750,15,162,550,114
1728462901410644000,489,674,0,256,533,46
1728462901411485000,591,582,0,350,490,5
1728462901412326000,682,458,0,420,418,81
1728462901413168000,764,378,0,501,386,42
1728462901414009000,858,276,64,551,286,0
1728462901414850000,789,162,224,629,199,37
1728462901415692000,760,75,333,654,144,104
1728462901416534000,718,11,440,667,78,197
1728462901417376000,640,0,551,641,33,290
1728462901418217000,547,0,660,601,0,378
1728462901419058000,509,0,740,525,0,463
1728462901419899000,415,37,810,450,0,538
1728462901420740000,285,121,842,366,0,595
1728462901421582000,120,213,853,290,45,658
1728462901422424000,21,322,797,136,111,697
1728462901423266000,0,497,773,90,178,686
1728462901424117000,0,515,789,40,292,661
1728462901424958000,0,631,587,8,330,610
1728462901425799000,0,712,480,0,395,532
1728462901426640000,50,770,360,0,462,444
1728462901427482000,117,801,250,0,503,349
1728462901428324000,213,808,146,34,533,266
1728462901429166000,325,784,58,112,561,174
1728462901430008000,430,693,2,180,559,92
1728462901430850000,526,637,0,292,525,42
1728462901431691000,628,543,0,383,481,0
1728462901432532000,714,407,0,427,328,0
1728462901433374000,770,306,66,508,279,0
1728462901434215000,889,225,186,590,229,0
1728462901435057000,776,136,247,632,192,53
1728462901435899000,754,50,349,666,122,126
1728462901436741000,704,0,474,668,64,218
1728462901437601000,623,0,584,637,10,306
1728462901438442000,528,0,686,590,0,394
1728462901439283000,418,10,847,514,0,480
1728462901440124000,302,57,872,426,0,555
1728462901440966000,213,137,823,341,14,658
1728462901441808000,121,239,842,244,57,642
1728462901442650000,32,458,805,206,149,645
1728462901443492000,0,481,748,94,287,665
1728462901444334000,0,491,653,57,340,635
1728462901445175000,0,649,551,0,349,589
1728462901446016000,4,725,453,0,407,513
1728462901446858000,65,781,328,0,466,417
1728462901447700000,138,812,221,2,514,322
1728462901448542000,234,802,133,57,546,235
1728462901449384000,346,770,37,113,562,159
1728462901450226000,439,725,0,212,537,87
1728462901451065000,556,637,0,305,512,25
1728462901451906000,640,529,31,383,468,0
1728462901452747000,704,450,90,463,421,0
1728462901453588000,757,288,0,540,302,77
1728462901454430000,793,207,126,589,260,84
1728462901455272000,783,128,267,639,170,77
1728462901456114000,730,37,386,665,113,154
1728462901456956000,676,0,491,663,50,238
1728462901457797000,597,1,600,629,13,341
1728462901458638000,502,0,698,568,0,421
1728462901459479000,404,0,778,492,0,497
1728462901460320000,386,71,824,407,0,576
1728462901461162000,226,164,849,311,10,639
1728462901462004000,69,261,839,265,79,677
1728462901462846000,0,373,785,105,139,705
1728462901463688000,0,548,747,64,199,661
1728462901464538000,0,591,647,28,293,629
1728462901465379000,0,668,533,0,360,576
1728462901466220000,5,743,421,0,420,492
1728462901467062000,78,786,293,0,483,393
1728462901467904000,165,808,207,5,517,306
1728462901468746000,262,800,109,71,543,218
1728462901469588000,370,754,26,153,556,133
1728462901470430000,494,686,0,226,546,64
1728462901471271000,580,609,0,320,503,20
1728462901472112000,666,459,0,415,477,0
1728462901472954000,738,378,29,485,334,0
1728462901473796000,874,286,149,568,272,0
1728462901474638000,772,181,194,633,224,22
1728462901475480000,776,98,294,648,165,96
1728462901476322000,727,26,405,660,89,176
1728462901477164000,660,0,525,662,41,257
1728462901478034000,581,0,628,622,10,357
1728462901478875000,466,0,788,553,0,442
1728462901479717000,366,21,832,486,0,522
1728462901480558000,262,100,816,378,0,649
1728462901481400000,173,193,837,288,29,671
1728462901482242000,45,403,817,218,97,628
1728462901483084000,26,448,776,132,161,653
1728462901483926000,0,420,696,82,301,650
1728462901484767000,0,606,617,18,305,622
1728462901485608000,0,692,506,0,381,556
1728462901486449000,29,757,398,0,436,465
1728462901487290000,98,802,274,0,498,370
1728462901488132000,185,813,174,21,532,281
1728462901488974000,274,794,84,83,553,209
1728462901489816000,388,745,21,149,546,125
1728462901490658000,505,682,0,249,530,47
1728462901491485000,593,591,0,340,494,0
1728462901492326000,669,473,0,413,424,0
1728462901493167000,744,384,125,501,402,16
1728462901494008000,770,294,177,555,274,0
1728462901494850000,794,162,217,615,212,37
1728462901495692000,767,78,322,661,139,106
1728462901496534000,709,10,448,665,77,199
1728462901497376000,641,0,549,651,29,290
1728462901498217000,554,0,653,606,0,381
1728462901499058000,453,0,736,533,45,466
1728462901499900000,344,21,805,448,8,538
1728462901500741000,240,110,843,362,0,598
1728462901501583000,183,216,847,274,40,651
1728462901502425000,0,305,816,257,95,729
1728462901503267000,0,420,757,42,171,666
1728462901504109000,0,544,671,10,245,689
1728462901504956000,0,634,590,5,336,601
1728462901505797000,0,715,480,0,404,525
1728462901506638000,39,769,357,0,457,448
1728462901507480000,118,798,242,0,506,352
1728462901508322000,213,806,154,34,533,260
1728462901509164000,330,786,47,104,549,151
1728462901510006000,427,717,4,193,552,88
1728462901510848000,542,645,0,286,531,39
1728462901511689000,623,530,0,368,481,0
1728462901512530000,690,380,0,465,450,0
1728462901513372000,783,296,66,523,249,0
1728462901514213000,767,207,142,582,212,0
1728462901515055000,781,144,247,631,192,53
1728462901515897000,756,53,346,658,132,126
1728462901516739000,704,2,470,661,66,218
1728462901517580000,631,0,579,648,13,308
1728462901518430000,523,0,681,590,0,389
1728462901519271000,415,0,757,513,0,477
1728462901520113000,312,64,879,430,0,565
1728462901520955000,209,139,868,335,10,631
1728462901521797000,125,240,832,250,53,681
1728462901522639000,18,405,783,185,132,632
1728462901523481000,17,520,730,101,194,650
1728462901524322000,0,460,642,36,351,637
1728462901525163000,0,661,559,0,345,604
1728462901526004000,1,725,450,0,401,508
1728462901526846000,66,784,330,0,483,415
1728462901527688000,133,805,222,2,513,330
1728462901528530000,235,799,122,52,545,241
1728462901529372000,329,775,64,125,560,164
1728462901530214000,443,705,0,202,543,78
1728462901531055000,555,637,0,292,516,25
1728462901531907000,644,541,0,381,466,0
1728462901532748000,682,410,13,450,393,0
1728462901533589000,753,338,145,530,349,0
1728462901534431000,786,199,74,583,229,98
1728462901535273000,786,122,267,641,168,66
1728462901536115000,736,47,386,661,107,162
1728462901536957000,681,0,498,666,53,241
1728462901537798000,600,0,600,626,8,338
1728462901538639000,503,0,707,576,0,423
1728462901539480000,400,0,776,490,11,501
1728462901540322000,290,70,832,397,0,570
1728462901541164000,245,158,850,312,10,632
1728462901542006000,50,260,840,277,73,676
1728462901542848000,0,370,823,192,146,682
1728462901543690000,0,510,747,64,210,696
1728462901544532000,0,623,650,18,298,622
1728462901545382000,0,665,541,0,361,569
1728462901546223000,16,739,415,0,420,490
1728462901547065000,79,799,297,0,483,403
1728462901547906000,167,804,199,6,520,303
1728462901548748000,264,798,110,65,542,217
1728462901549590000,353,753,31,155,554,133
1728462901550432000,488,686,0,234,539,58
1728462901551273000,577,581,0,320,505,5
1728462901552114000,656,458,0,406,480,0
1728462901552956000,746,352,15,480,401,0
1728462901553797000,754,261,101,546,261,0
1728462901554639000,858,174,192,608,212,20
1728462901555481000,774,89,285,648,162,86
1728462901556323000,736,32,416,658,93,178
1728462901557165000,663,0,522,658,47,264
1728462901558006000,576,0,622,621,2,346
1728462901558850000,480,0,721,555,0,437
1728462901559691000,365,23,867,481,0,520
1728462901560532000,261,87,884,394,0,586
1728462901561374000,166,192,842,289,30,696
1728462901562216000,113,298,802,213,93,602
1728462901563058000,0,503,772,170,180,649
1728462901563900000,0,407,689,46,335,659
1728462901564741000,0,606,617,17,320,626
1728462901565582000,0,689,506,0,372,551
1728462901566424000,30,760,394,0,436,466
1728462901567266000,92,802,274,0,491,367
1728462901568108000,182,810,178,25,534,288
1728462901568950000,277,786,81,79,558,202
1728462901569792000,394,741,18,161,546,112
1728462901570634000,510,671,0,250,522,52
1728462901571475000,586,593,0,332,492,4
1728462901572325000,650,538,11,402,421,0
1728462901573166000,736,346,110,493,369,0
1728462901574008000,770,308,210,553,312,9
1728462901574850000,787,164,207,612,207,42
1728462901575692000,766,82,324,657,149,104
1728462901576534000,711,9,437,672,77,197
1728462901577375000,641,0,552,645,30,286
1728462901578216000,549,0,645,612,0,379
1728462901579057000,458,42,725,532,21,458
1728462901579899000,341,18,802,444,18,533
1728462901580741000,242,101,837,362,0,591
1728462901581583000,195,207,851,277,37,657
1728462901582425000,151,295,866,199,84,676
1728462901583266000,0,414,773,176,169,722
1728462901584108000,0,506,688,4,245,634
1728462901584949000,0,639,594,7,331,602
1728462901585800000,0,707,482,0,398,526
1728462901586641000,37,765,366,0,456,448
1728462901587483000,119,798,244,0,504,354
1728462901588325000,213,806,154,30,534,264
1728462901589167000,321,791,51,97,554,177
1728462901590009000,431,738,2,186,552,95
1728462901590850000,530,649,0,282,522,25
1728462901591691000,629,554,0,370,489,0
1728462901592532000,729,516,0,429,410,0
1728462901593374000,736,266,47,522,395,0
1728462901594215000,823,186,138,583,277,0
1728462901595057000,782,138,242,632,192,58
1728462901595899000,754,49,344,660,125,125
1728462901596741000,711,0,466,658,69,215
1728462901597582000,626,0,578,641,14,306
1728462901598423000,533,0,679,594,0,393
1728462901599265000,405,1,761,503,0,469
1728462901600107000,298,64,822,426,0,560
1728462901600949000,205,141,900,341,10,618
1728462901601791000,121,235,869,244,53,663
1728462901602633000,41,334,746,164,137,749
1728462901603475000,10,450,719,106,186,618
1728462901604317000,0,663,650,74,298,617
1728462901605158000,0,655,557,0,344,595
1728462901605999000,0,727,453,0,405,519
1728462901606841000,66,782,337,0,463,417
1728462901607683000,145,811,228,0,522,328
1728462901608524000,228,798,132,64,544,241
1728462901609366000,345,753,47,122,559,154
1728462901610208000,441,709,0,207,545,100
1728462901611049000,539,629,0,301,509,33
1728462901611890000,644,531,0,382,458,0
1728462901612740000,679,436,9,425,393,10
1728462901613582000,732,367,93,517,320,0
1728462901614423000,769,194,162,584,257,5
1728462901615265000,782,120,265,634,175,72
1728462901616107000,743,42,373,661,112,138
1728462901616949000,677,0,498,664,57,242
1728462901617790000,609,0,596,634,18,335
1728462901618631000,500,0,695,576,0,420
1728462901619472000,404,83,760,501,0,489
1728462901620313000,293,85,824,399,34,572
1728462901621155000,192,151,857,311,34,619
1728462901621997000,89,257,844,234,64,673
1728462901622839000,84,361,791,144,127,690
1728462901623681000,0,480,769,134,199,712
1728462901624523000,0,586,638,0,293,621
1728462901625364000,0,675,540,0,361,570
1728462901626215000,10,744,439,0,420,494
1728462901627057000,79,784,302,0,482,400
1728462901627899000,165,805,178,9,523,309
1728462901628741000,270,798,105,69,549,215
1728462901629583000,375,761,28,149,554,130
1728462901630425000,484,680,0,234,540,50
1728462901631266000,559,606,0,330,505,9
1728462901632107000,661,521,0,414,450,0
1728462901632948000,760,478,0,495,383,0
1728462901633789000,772,165,76,530,370,0
1728462901634631000,794,122,176,622,277,16
1728462901635473000,769,96,293,653,166,87
1728462901636315000,732,29,401,661,101,174
1728462901637157000,663,0,517,653,37,261
1728462901637998000,586,0,622,618,1,354
1728462901638839000,483,0,718,560,0,431
1728462901639688000,357,29,789,463,0,513
1728462901640530000,249,93,838,378,0,586
1728462901641372000,160,183,850,298,30,645
1728462901642214000,82,292,889,207,86,677
1728462901643056000,13,383,676,127,144,774
1728462901643897000,28,542,665,66,242,725
1728462901644739000,0,606,605,18,297,576
1728462901645580000,0,683,511,0,373,554
1728462901646422000,28,760,398,0,445,475
1728462901647264000,96,789,276,0,487,380
1728462901648106000,194,811,186,23,523,282
1728462901648948000,293,800,85,82,554,204
1728462901649789000,397,730,17,167,542,114
1728462901650631000,516,679,0,253,547,53
1728462901651472000,599,594,0,342,476,16
1728462901652313000,610,484,0,482,418,4
1728462901653157000,679,369,66,537,350,0
1728462901653999000,733,273,92,512,273,0
1728462901654841000,773,166,213,616,208,41
1728462901655682000,769,69,312,660,148,105
1728462901656524000,715,16,436,663,73,194
1728462901657365000,645,0,546,658,23,276
1728462901658206000,559,0,656,605,0,368
1728462901659047000,454,0,746,541,0,472
1728462901659889000,335,37,789,457,0,538
1728462901660730000,238,119,832,365,0,592
1728462901661572000,146,233,842,266,43,650
1728462901662414000,34,226,813,206,149,661
1728462901663256000,2,381,767,106,122,681
1728462901664098000,98,516,730,66,234,658
1728462901664939000,0,626,585,5,334,612
1728462901665780000,0,711,474,0,395,542
1728462901666636000,46,770,362,0,452,444
1728462901667478000,114,805,253,0,501,348
1728462901668320000,210,804,155,42,538,262
1728462901669162000,320,781,64,90,538,165
1728462901670004000,426,732,6,181,554,107
1728462901670845000,521,655,0,269,523,39
1728462901671686000,617,559,0,356,482,0
1728462901672527000,721,469,0,432,430,45
1728462901673369000,785,333,23,514,327,0
1728462901674211000,754,353,105,595,277,0
1728462901675053000,789,149,242,618,186,55
1728462901675895000,759,64,345,661,132,120
1728462901676737000,697,0,468,663,69,213
1728462901677578000,628,0,570,645,29,308
1728462901678419000,525,0,665,589,0,394
1728462901679260000,476,0,753,570,0,482
1728462901680107000,294,58,818,466,0,562
1728462901680948000,199,138,855,354,5,610
1728462901681790000,109,241,847,250,58,671
1728462901682632000,34,354,805,161,129,673
1728462901683474000,0,476,834,94,215,694
1728462901684316000,0,542,586,41,264,736
1728462901685157000,0,654,572,0,342,586
1728462901685998000,0,725,463,0,402,498
1728462901686840000,64,772,330,0,471,426
1728462901687682000,138,799,224,0,517,330
1728462901688524000,242,802,130,49,546,245
1728462901689366000,336,765,36,126,558,149
1728462901690208000,448,704,0,205,530,74
1728462901691049000,554,613,0,306,504,21
1728462901691890000,643,533,0,381,469,0
1728462901692731000,773,427,0,453,378,0
1728462901693584000,663,293,77,593,299,20
1728462901694425000,724,181,161,580,239,0
1728462901695267000,773,116,265,644,175,70
1728462901696109000,744,53,376,661,113,151
1728462901696951000,684,0,484,657,50,236
1728462901697792000,605,0,596,628,2,331
1728462901698633000,509,0,696,578,0,409
1728462901699474000,397,18,746,493,0,546
1728462901700315000,282,75,815,411,0,601
1728462901701157000,188,153,839,327,23,608
1728462901701999000,105,290,843,228,73,666
1728462901702841000,7,296,791,175,192,674
1728462901703683000,2,431,722,83,139,661
1728462901704524000,0,544,618,26,253,622
1728462901705365000,0,669,532,0,361,577
1728462901706206000,10,741,418,0,426,493
1728462901707051000,82,790,306,0,482,403
1728462901707893000,165,809,205,5,513,303
1728462901708735000,255,809,107,71,548,228
1728462901709577000,356,761,29,138,558,138
1728462901710418000,477,704,0,218,554,72
1728462901711259000,576,608,0,314,505,22
1728462901712100000,672,510,0,404,450,0
1728462901712942000,725,417,64,474,354,93
1728462901713784000,773,287,37,544,322,47
1728462901714626000,842,206,149,612,218,0
1728462901715468000,776,99,285,642,165,90
1728462901716310000,730,30,409,665,82,165
1728462901717152000,661,0,523,665,40,252
1728462901717993000,576,0,633,618,5,357
1728462901718834000,480,0,732,558,0,438
1728462901719675000,469,13,785,481,0,517
1728462901720550000,329,93,832,383,0,589
1728462901721392000,162,193,851,331,29,645
1728462901722234000,68,292,834,236,90,674
1728462901723076000,0,418,802,109,156,723
1728462901723918000,0,520,711,47,232,652
1728462901724760000,0,588,714,0,337,634
1728462901725601000,0,704,508,0,374,568
1728462901726442000,34,759,394,0,437,465
1728462901727284000,89,797,277,0,495,369
1728462901728125000,178,805,170,26,525,284
1728462901728967000,281,779,78,85,553,205
1728462901729809000,401,744,10,164,552,113
1728462901730651000,504,650,0,258,528,64
1728462901731492000,597,578,0,350,493,4
1728462901732333000,683,442,0,430,456,0
1728462901733175000,738,338,41,504,313,0
1728462901734009000,872,249,144,564,261,2
1728462901734851000,697,158,212,666,199,50
1728462901735693000,762,82,321,653,146,102
1728462901736535000,722,10,436,669,82,192
1728462901737376000,654,0,546,651,42,282
1728462901738217000,555,0,641,602,0,373
1728462901739058000,453,0,740,544,0,462
1728462901739900000,346,45,849,458,0,532
1728462901740741000,242,122,855,361,0,660
1728462901741583000,141,219,846,274,49,690
1728462901742425000,56,327,797,195,111,645
1728462901743267000,41,495,749,113,163,663
1728462901744109000,0,442,681,64,313,645
1728462901744950000,0,597,592,10,343,596
1728462901745791000,0,714,494,0,392,538
1728462901746633000,40,768,362,0,453,452
1728462901747473000,106,801,245,0,498,349
1728462901748315000,218,808,153,27,545,266
1728462901749157000,314,785,66,101,546,178
1728462901749999000,401,718,6,170,543,93
1728462901750840000,532,651,0,274,530,47
1728462901751681000,616,576,0,354,480,7
1728462901752522000,680,482,0,424,412,0
1728462901753364000,750,346,148,508,385,0
1728462901754206000,781,269,194,576,257,0
1728462901755048000,778,141,233,637,192,69
1728462901755890000,762,56,346,664,133,130
1728462901756732000,704,4,461,658,64,213
1728462901757573000,628,0,576,639,13,311
1728462901758414000,535,0,672,591,0,388
1728462901759255000,434,0,753,517,14,469
1728462901760097000,308,34,817,438,0,552
1728462901760944000,217,121,850,343,0,609
1728462901761786000,173,234,850,252,43,663
1728462901762628000,0,332,822,234,105,725
1728462901763470000,0,433,742,36,193,663
1728462901764312000,0,553,642,5,277,661
1728462901765153000,0,648,562,0,339,591
1728462901765994000,2,723,448,0,412,516
1728462901766836000,64,782,332,0,466,431
1728462901767678000,144,810,226,0,514,329
1728462901768520000,226,803,133,52,542,244
1728462901769362000,356,770,42,123,562,148
1728462901770204000,436,712,0,200,548,78
1728462901771045000,548,634,0,299,511,30
1728462901771886000,645,541,0,378,457,0
1728462901772727000,730,485,5,448,471,0
1728462901773569000,754,237,64,552,388,0
1728462901774470000,810,200,151,583,178,18
1728462901775312000,789,122,264,634,181,74
1728462901776154000,746,46,373,665,106,139
1728462901776996000,682,0,490,656,53,241
1728462901777837000,599,0,608,634,11,332
1728462901778678000,501,0,700,585,0,416
1728462901779519000,386,11,767,492,0,506
1728462901780360000,280,69,816,401,0,576
1728462901781202000,200,162,858,315,22,633
1728462901782044000,93,260,882,234,68,664
1728462901782886000,34,349,730,158,138,765
1728462901783728000,40,502,696,74,207,585
1728462901784569000,0,682,621,25,293,597
1728462901785410000,0,667,541,0,352,570
1728462901786251000,16,736,427,0,417,490
1728462901787093000,71,786,309,0,482,407
1728462901787958000,150,807,209,17,519,314
1728462901788799000,258,800,109,65,554,226
1728462901789641000,372,747,32,138,542,133
1728462901790483000,450,704,0,229,541,85
1728462901791324000,558,612,0,325,505,18
1728462901792165000,653,506,0,411,448,0
1728462901793007000,697,398,2,442,373,5
1728462901793849000,747,302,98,516,299,11
1728462901794690000,773,203,192,590,221,23
1728462901795532000,776,105,289,645,164,84
1728462901796374000,727,21,410,666,94,162
1728462901797216000,672,0,516,658,50,253
1728462901798057000,581,0,626,617,13,359
1728462901798898000,482,0,722,565,0,441
1728462901799739000,378,101,784,474,0,495
1728462901800581000,265,146,834,389,0,576
1728462901801374000,162,174,852,299,66,638
1728462901802216000,85,277,824,209,87,674
1728462901803058000,111,382,812,144,133,682
1728462901803900000,0,490,706,138,224,704
1728462901804741000,0,591,650,64,309,626
1728462901805582000,0,683,506,0,370,558
1728462901806423000,26,754,394,0,442,480
1728462901807265000,96,791,267,0,498,376
1728462901808106000,194,810,176,23,532,285
1728462901808948000,290,795,87,96,551,196
1728462901809790000,377,738,0,157,561,118
1728462901810632000,508,677,0,250,538,57
1728462901811473000,597,583,0,336,490,0
1728462901812314000,686,485,0,420,434,0
1728462901813155000,741,476,14,525,367,0
1728462901813996000,800,326,106,552,277,0
1728462901814839000,778,85,201,650,274,28
1728462901815681000,767,84,320,648,149,106
1728462901816523000,718,17,433,660,68,192
1728462901817365000,649,0,549,649,37,282
1728462901818207000,554,0,656,604,0,375
1728462901819048000,448,0,743,543,0,455
1728462901819889000,327,33,797,448,0,533
1728462901820730000,230,121,838,352,0,604
1728462901821572000,130,210,849,261,34,651
1728462901822414000,56,320,869,194,111,682
1728462901823256000,0,399,682,114,184,767
1728462901824098000,43,565,641,43,254,553
1728462901824939000,0,628,551,2,320,535
1728462901825780000,0,709,485,0,389,546
1728462901826622000,45,767,375,0,449,451
1728462901827464000,112,804,253,0,500,349
1728462901828309000,210,809,149,36,539,279
1728462901829151000,313,782,58,96,565,184
1728462901829993000,423,725,8,192,535,100
1728462901830834000,530,657,0,285,512,45
1728462901831675000,596,564,0,363,476,0
1728462901832516000,642,450,10,480,405,0
1728462901833357000,700,338,57,454,334,0
1728462901834199000,749,245,135,540,263,23
1728462901835041000,788,149,235,622,202,46
1728462901835883000,756,65,343,663,132,116
1728462901836725000,704,0,472,665,66,211
1728462901837566000,626,0,581,648,21,303
1728462901838407000,535,0,670,587,0,394
1728462901839248000,433,5,762,517,0,490
1728462901840090000,322,126,809,436,0,535
1728462901840931000,213,185,841,336,8,597
1728462901841790000,117,215,847,266,86,659
1728462901842632000,53,301,805,175,79,671
1728462901843474000,106,426,794,112,166,686
1728462901844316000,53,549,648,18,260,656
1728462901845157000,0,648,572,18,344,595
1728462901845998000,1,720,455,0,416,517
1728462901846840000,58,777,334,0,471,430
1728462901847682000,138,804,232,0,506,335
1728462901848524000,234,805,133,48,540,239
1728462901849366000,326,778,47,117,555,160
1728462901850208000,440,709,0,210,548,82
1728462901851049000,559,626,0,298,529,32
1728462901851890000,641,542,0,372,470,0
1728462901852731000,741,433,0,457,383,0
1728462901853573000,762,421,58,565,326,0
1728462901854415000,824,285,148,586,226,0
1728462901855255000,779,128,261,643,181,74
1728462901856097000,747,42,363,660,124,145
1728462901856939000,685,0,486,661,50,229
1728462901857780000,604,0,592,635,11,324
1728462901858621000,508,0,696,576,0,409
1728462901859462000,382,5,779,533,0,497
1728462901860304000,266,65,826,448,0,569
1728462901861145000,186,159,842,306,21,624
1728462901861987000,106,260,839,229,74,669
1728462901862829000,20,382,896,158,176,700
1728462901863671000,0,466,645,89,205,765
1728462901864513000,0,559,586,34,320,704
1728462901865354000,0,667,538,0,361,580
1728462901866195000,13,744,421,0,426,506
1728462901867036000,82,792,310,0,480,407
1728462901867878000,154,810,207,5,516,309
1728462901868725000,249,794,112,73,548,224
1728462901869567000,372,754,28,138,545,149
1728462901870409000,480,691,0,224,530,64
1728462901871250000,570,610,0,322,488,6
1728462901872091000,661,498,0,404,442,0
1728462901872932000,814,392,37,476,357,0
1728462901873774000,644,285,74,616,292,21
1728462901874615000,727,184,178,651,232,16
1728462901875457000,772,101,284,640,165,85
1728462901876299000,736,32,402,666,90,164
1728462901877141000,662,0,515,658,42,256
1728462901877982000,583,0,626,622,1,346
1728462901878823000,482,0,718,569,0,430
1728462901879665000,374,23,762,484,0,576
1728462901880506000,276,93,822,378,0,570
1728462901881348000,171,250,840,302,23,622
1728462901882201000,81,310,834,218,114,682
1728462901883043000,23,321,784,167,213,680
1728462901883885000,0,482,714,64,181,670
1728462901884727000,101,591,670,37,276,618
1728462901885568000,0,689,516,0,366,557
1728462901886409000,20,757,409,0,434,465
1728462901887251000,90,792,281,0,494,378
1728462901888093000,184,808,175,17,530,287
1728462901888935000,289,788,82,79,553,202
1728462901889777000,377,731,17,162,565,119
1728462901890619000,480,680,0,244,539,64
1728462901891460000,589,584,0,335,483,5
1728462901892301000,671,481,0,418,439,0
1728462901893143000,777,394,0,481,373,37
1728462901893984000,805,266,79,552,266,0
1728462901894826000,757,276,193,645,226,0
1728462901895672000,760,77,320,660,143,106
1728462901896514000,717,14,431,663,81,192
1728462901897356000,650,0,544,647,32,283
1728462901898197000,559,0,645,599,0,381
1728462901899038000,459,0,736,542,0,450
1728462901899879000,376,36,802,519,0,527
1728462901900721000,212,114,845,400,0,597
1728462901901563000,130,206,842,261,42,650
1728462901902405000,64,311,836,198,104,679
1728462901903247000,0,407,882,110,213,704
1728462901904088000,0,554,757,55,248,653
1728462901904930000,0,604,500,1,334,696
1728462901905771000,0,704,481,0,389,539
1728462901906613000,41,772,362,0,457,450
1728462901907455000,117,799,258,0,495,354
1728462901908297000,207,814,156,34,536,265
1728462901909146000,299,786,71,101,553,192
1728462901909988000,426,727,0,185,555,96
1728462901910829000,522,645,0,274,511,38
1728462901911670000,618,553,0,363,468,0
1728462901912511000,719,458,0,442,410,0
1728462901913353000,820,335,42,555,325,0
1728462901914195000,690,234,159,630,250,30
1728462901915037000,736,133,221,557,181,45
1728462901915879000,766,65,343,653,133,133
1728462901916721000,706,5,466,667,69,207
1728462901917562000,624,0,576,645,21,306
1728462901918403000,528,0,678,594,0,398
1728462901919244000,434,2,756,523,0,473
1728462901920086000,320,64,791,434,0,618
1728462901920928000,224,141,832,335,5,645
1728462901921770000,122,282,833,250,48,645
1728462901922663000,47,386,805,192,121,682
1728462901923505000,2,379,746,125,257,673
1728462901924347000,0,532,670,29,206,659
1728462901925188000,94,633,577,0,302,586
1728462901926029000,0,722,453,0,402,516
1728462901926871000,57,779,338,0,474,421
1728462901927712000,130,802,241,2,512,334
1728462901928554000,234,793,122,43,545,245
1728462901929396000,333,772,53,111,551,169
1728462901930238000,439,721,0,201,554,85
1728462901931079000,543,633,0,290,524,30
1728462901931920000,626,540,0,373,471,0
1728462901932761000,692,432,45,459,391,0
1728462901933602000,756,289,0,532,341,58
1728462901934443000,826,240,100,578,245,56
1728462901935285000,778,146,249,640,171,56
1728462901936089000,744,43,373,665,114,149
1728462901936931000,687,0,489,666,57,234
1728462901937772000,616,0,596,634,21,333
1728462901938613000,509,0,690,576,0,417
1728462901939454000,405,14,778,504,0,501
1728462901940296000,295,64,832,410,0,562
1728462901941138000,244,158,847,322,11,622
1728462901941980000,80,258,842,264,69,678
1728462901942822000,0,353,800,103,146,682
1728462901943664000,0,535,760,69,210,673
1728462901944506000,0,638,656,21,290,632
1728462901945347000,0,669,541,0,361,576
1728462901946188000,9,741,431,0,420,498
1728462901947030000,74,786,302,0,480,409
1728462901947872000,160,808,203,10,523,309
1728462901948714000,269,800,109,58,554,230
1728462901949572000,354,765,27,146,550,128
1728462901950414000,468,692,0,232,542,64
1728462901951256000,570,588,0,322,509,14
1728462901952097000,658,498,0,399,457,0
1728462901952938000,754,357,10,476,349,0
1728462901953780000,761,262,82,538,253,0
1728462901954622000,872,178,232,602,199,17
1728462901955464000,770,98,282,657,162,82
1728462901956306000,736,29,397,666,105,167
1728462901957148000,674,0,514,660,41,257
1728462901957989000,587,0,625,625,0,354
1728462901958830000,482,0,713,564,0,424
1728462901959671000,377,22,847,477,0,517
1728462901960512000,266,90,872,391,0,581
1728462901961354000,170,177,823,295,34,693
1728462901962196000,87,288,819,216,79,666
1728462901963038000,34,474,774,162,162,662
1728462901963880000,0,399,695,64,309,645
1728462901964721000,0,532,613,34,354,613
1728462901965562000,0,688,520,0,368,562
1728462901966403000,20,752,407,0,427,474
1728462901967245000,97,802,288,0,498,381
1728462901968087000,175,810,185,18,530,292
1728462901968929000,282,792,83,82,554,202
1728462901969771000,393,750,14,139,561,125
1728462901970612000,490,690,0,240,518,58
1728462901971453000,581,597,0,348,489,0
1728462901972294000,670,500,0,424,438,0
1728462901973136000,718,365,128,490,398,8
1728462901973978000,766,287,165,554,276,0
1728462901974820000,782,136,130,616,221,118
1728462901975662000,782,82,320,655,141,109
1728462901976511000,715,14,438,674,85,193
1728462901977353000,651,0,540,655,37,280
1728462901978194000,560,0,658,610,0,378
1728462901979035000,458,0,736,541,0,460
1728462901979876000,354,18,797,453,2,527
1728462901980718000,249,101,841,369,0,587
1728462901981560000,207,195,851,285,32,649
1728462901982402000,42,297,823,221,110,681
1728462901983244000,0,414,778,66,165,669
1728462901984086000,0,544,693,29,242,688
1728462901984927000,0,674,605,0,322,591
1728462901985768000,0,700,473,0,390,543
1728462901986610000,39,761,367,0,449,452
1728462901987452000,117,802,249,0,506,355
1728462901988293000,207,809,161,26,532,269
1728462901989135000,306,779,69,101,546,181
1728462901989989000,402,740,8,192,561,109
1728462901990831000,528,654,0,276,533,47
1728462901991672000,616,552,0,346,482,0
1728462901992513000,696,448,0,434,426,0
1728462901993354000,751,290,45,525,383,0
1728462901994195000,802,210,133,562,198,0
1728462901995037000,905,133,272,641,166,22
1728462901995879000,757,64,337,655,133,121
1728462901996721000,713,4,466,658,68,215
1728462901997562000,629,0,569,648,13,297
1728462901998403000,532,0,674,594,0,392
1728462901999244000,436,0,757,517,0,468
1728462902000085000,309,52,815,432,0,554
1728462902000927000,218,141,919,343,9,620
1728462902001769000,121,231,824,249,57,709
1728462902002611000,47,338,814,181,114,697
1728462902003458000,0,553,733,125,210,636
1728462902004300000,5,623,664,64,277,624
1728462902005141000,0,692,568,1,343,570
1728462902005982000,0,726,450,0,410,524
1728462902006824000,56,778,340,0,464,427
1728462902007666000,140,804,229,0,510,330
1728462902008508000,226,810,130,50,544,242
1728462902009350000,330,767,46,119,554,164
1728462902010192000,426,704,0,206,548,93
1728462902011033000,528,638,0,298,509,42
1728462902011874000,618,543,0,372,455,0
1728462902012715000,704,423,4,449,389,0
1728462902013556000,746,383,92,517,333,0
1728462902014398000,757,185,244,578,250,17
1728462902015240000,768,138,302,616,185,66
1728462902016082000,746,42,366,661,109,138
1728462902017066000,685,0,493,661,57,234
1728462902017907000,599,0,597,634,9,320
1728462902018748000,514,0,698,578,0,421
1728462902019589000,394,9,778,501,0,496
1728462902020431000,292,106,813,424,0,554
1728462902021273000,194,130,845,313,64,626
1728462902022115000,107,240,842,235,53,665
1728462902022957000,100,357,814,169,132,688
1728462902023799000,0,466,725,154,210,722
1728462902024641000,0,564,675,66,284,645
1728462902025482000,0,659,538,0,341,584
1728462902026323000,13,740,429,0,414,493
1728462902027165000,70,794,309,0,481,402
1728462902028007000,138,805,202,10,516,313
1728462902028849000,258,799,101,64,554,225
1728462902029691000,373,765,34,134,552,138
1728462902030409000,481,697,0,226,535,66
1728462902031250000,577,618,0,320,508,1
1728462902032091000,660,511,0,404,449,0
1728462902032932000,716,493,5,488,382,0
1728462902033774000,802,373,77,532,302,0
1728462902034616000,779,119,182,618,282,13
1728462902035458000,776,85,285,645,151,77
1728462902036300000,730,26,402,674,101,164
1728462902037142000,667,0,514,653,46,253
1728462902037983000,583,0,615,618,2,346
1728462902038824000,489,0,718,559,0,443
1728462902039666000,377,26,784,469,0,509
1728462902040508000,261,96,836,386,0,578
1728462902041350000,169,180,895,303,33,638
1728462902042192000,82,288,858,213,93,677
1728462902043034000,5,370,715,138,168,740
1728462902043883000,9,506,671,71,224,587
1728462902044724000,0,715,608,50,327,588
1728462902045565000,0,684,514,0,382,562
1728462902046406000,25,751,400,0,439,480
1728462902047248000,96,798,286,0,485,394
1728462902048090000,181,809,189,13,517,288
1728462902048932000,277,796,90,82,557,201
1728462902049774000,391,738,13,159,544,109
1728462902050616000,485,674,0,247,543,65
1728462902051457000,580,589,0,337,485,0
1728462902052298000,660,491,0,421,434,0
1728462902053140000,697,380,34,453,357,2
1728462902053982000,752,328,122,540,290,0
1728462902054824000,773,153,293,602,244,56
1728462902055666000,767,84,306,649,154,103
1728462902056508000,719,18,429,669,74,180
1728462902057356000,647,0,546,658,34,282
1728462902058197000,554,0,655,611,0,375
1728462902059038000,463,0,741,553,0,456
1728462902059879000,351,81,785,461,0,526
1728462902060720000,247,85,842,368,37,593
1728462902061562000,151,184,844,281,68,641
1728462902062404000,133,298,826,202,96,690
1728462902063246000,69,406,760,192,170,715
1728462902064088000,0,529,741,96,237,673
1728462902064929000,0,628,584,0,313,600
1728462902065770000,0,709,489,0,378,540
1728462902066611000,37,765,372,0,453,442
1728462902067453000,106,798,259,0,502,357
1728462902068294000,205,807,151,40,535,267
1728462902069136000,308,784,79,97,553,186
1728462902069978000,427,736,0,170,550,100
1728462902070822000,525,669,0,263,521,47
1728462902071663000,618,564,0,354,476,0
1728462902072504000,688,464,0,442,429,0
1728462902073346000,776,416,37,532,343,0
1728462902074187000,762,138,128,559,334,0
1728462902075029000,778,87,237,644,228,32
1728462902075871000,752,66,341,658,133,125
1728462902076713000,706,0,458,673,71,207
1728462902077554000,634,0,562,642,37,299
1728462902078395000,535,0,660,590,0,393
1728462902079236000,436,0,757,530,0,475
1728462902080077000,312,53,811,424,0,549
1728462902080919000,202,135,841,338,2,606
1728462902081761000,116,226,894,258,50,665
1728462902082603000,46,330,834,178,125,683
1728462902083445000,0,434,645,90,170,770
1728462902084364000,0,555,625,45,292,693
1728462902085205000,32,661,533,0,345,501
1728462902086046000,0,715,469,0,400,522
1728462902086888000,56,770,341,0,468,436
1728462902087729000,138,802,224,0,516,335
1728462902088571000,234,807,132,36,542,250
1728462902089413000,320,773,52,116,543,162
1728462902090254000,439,700,0,205,536,79
1728462902091095000,535,628,0,293,514,26
1728462902091936000,634,522,0,385,469,0
1728462902092777000,714,439,0,455,405,0
1728462902093619000,686,303,80,564,306,23
1728462902094461000,758,213,145,535,244,0
1728462902095303000,757,142,258,611,173,78
1728462902096145000,751,42,361,661,117,146
1728462902096987000,686,0,489,658,50,232
1728462902097902000,608,0,594,629,10,325
1728462902098743000,510,0,693,570,0,410
1728462902099584000,407,10,773,506,0,484
1728462902100426000,288,73,802,413,0,548
1728462902101268000,186,171,836,325,17,612
1728462902102110000,102,292,832,226,67,658
1728462902102952000,31,330,796,157,157,687
1728462902103794000,0,441,725,68,145,671
1728462902104636000,93,549,663,36,253,625
1728462902105477000,64,638,568,8,334,565
1728462902106318000,5,737,426,0,418,496
1728462902107160000,69,784,310,0,474,409
1728462902108002000,157,805,199,9,514,305
1728462902108844000,252,807,107,65,552,226
1728462902109686000,353,754,37,138,554,145
1728462902110528000,474,704,0,213,553,73
1728462902111249000,554,621,0,312,504,23
1728462902112090000,651,516,0,388,441,0
1728462902112931000,722,407,0,478,377,10
1728462902113773000,832,322,58,544,302,0
1728462902114615000,759,305,157,609,240,0
1728462902115457000,779,142,264,650,170,56
1728462902116299000,738,23,397,662,93,170
1728462902117141000,668,0,517,657,47,249
1728462902117982000,579,0,626,624,4,341
1728462902118823000,484,0,709,562,0,438
1728462902119665000,370,25,791,482,0,513
1728462902120506000,322,77,832,402,0,576
1728462902121348000,151,178,852,332,26,641
1728462902122190000,73,282,834,212,78,672
1728462902123032000,0,413,791,139,157,686
1728462902123874000,0,485,815,73,277,696
1728462902124715000,0,641,680,4,330,634
1728462902125556000,0,684,493,0,370,597
1728462902126397000,29,749,399,0,436,471
1728462902127238000,93,797,288,0,481,381
1728462902128080000,175,814,186,28,526,293
1728462902128922000,282,788,87,82,554,207
1728462902129764000,385,737,0,146,557,122
1728462902130606000,496,672,0,249,533,66
1728462902131447000,600,578,0,341,468,0
1728462902132288000,686,482,0,414,429,0
1728462902133129000,847,346,39,501,320,0
1728462902133971000,866,254,133,561,261,0
1728462902134813000,693,162,202,665,202,79
1728462902135655000,761,84,312,649,143,101
1728462902136497000,719,14,430,666,84,184
1728462902137339000,662,0,535,655,42,278
1728462902138182000,558,0,639,614,0,368
1728462902139023000,465,0,725,546,0,440
1728462902139865000,352,42,832,454,0,559
1728462902140706000,245,113,818,361,0,651
1728462902141548000,149,220,833,277,45,637
1728462902142390000,68,352,805,194,101,668
1728462902143232000,13,352,754,111,244,663
1728462902144074000,0,442,681,73,297,647
1728462902144915000,1,577,589,17,228,595
1728462902145756000,0,702,487,0,373,537
1728462902146597000,34,767,372,0,449,457
1728462902147439000,109,793,250,0,500,361
1728462902148281000,210,807,153,23,545,269
1728462902149123000,303,782,65,92,550,185
1728462902149965000,409,745,5,165,553,105
1728462902150806000,503,663,2,265,528,43
1728462902151659000,606,576,0,361,485,0
1728462902152500000,698,465,0,441,425,0
1728462902153342000,732,373,106,501,375,0
1728462902154184000,779,233,53,567,260,75
1728462902155026000,825,165,178,629,205,81
1728462902155868000,756,64,345,658,133,122
1728462902156710000,704,4,450,668,67,210
1728462902157551000,628,1,558,638,22,311
1728462902158392000,537,0,669,589,0,393
1728462902159233000,440,0,752,522,0,469
1728462902160075000,324,37,807,440,0,543
1728462902160917000,297,117,845,343,0,605
1728462902161759000,174,218,846,264,45,658
1728462902162600000,32,329,802,192,119,689
1728462902163442000,0,437,728,52,181,667
1728462902164284000,0,603,690,26,276,648
1728462902165155000,0,662,563,0,338,576
1728462902165996000,0,715,465,0,401,517
1728462902166838000,53,778,341,0,465,428
1728462902167680000,133,804,232,0,507,343
1728462902168522000,231,812,141,45,533,249
1728462902169364000,328,785,58,119,561,170
1728462902170206000,448,709,0,204,549,84
1728462902171048000,543,613,0,292,522,30
1728462902171889000,634,540,0,375,458,0
1728462902172730000,715,437,8,455,386,0
1728462902173572000,739,314,74,525,277,0
1728462902174414000,874,205,196,592,221,2
1728462902175256000,682,128,240,704,184,105
1728462902176098000,747,52,365,662,122,146
1728462902176940000,682,0,485,662,56,224
1728462902177781000,608,0,601,637,16,320
1728462902178602000,509,0,691,583,0,410
1728462902179443000,421,10,765,514,0,493
1728462902180285000,305,71,864,416,0,586
1728462902181127000,197,157,824,320,10,677
1728462902181969000,100,256,832,234,66,649
1728462902182811000,37,391,804,169,141,680
1728462902183653000,0,372,722,82,284,663
1728462902184494000,0,506,648,50,326,630
1728462902185335000,0,623,554,0,294,568
1728462902186176000,1,742,430,0,418,494
1728462902187018000,66,784,320,0,480,409
1728462902187859000,154,799,206,7,523,314
1728462902188701000,258,807,110,58,546,233
1728462902189543000,361,771,34,133,549,149
1728462902190385000,468,702,0,221,541,64
1728462902191226000,537,606,0,313,509,26
1728462902192083000,648,517,0,397,455,0
1728462902192924000,724,415,32,473,387,0
1728462902193765000,773,279,13,538,309,73
1728462902194607000,840,222,132,594,234,66
1728462902195449000,754,197,266,655,184,37
1728462902196291000,746,33,394,666,113,168
1728462902197133000,669,0,514,651,36,258
1728462902197974000,587,0,625,623,0,341
1728462902198815000,490,0,715,560,0,430
1728462902199656000,377,28,786,484,0,506
1728462902200498000,349,82,833,394,0,583
1728462902201340000,234,170,842,302,25,637
1728462902202182000,64,277,837,242,75,677
1728462902203024000,0,383,786,138,158,683
1728462902203866000,0,517,718,57,235,658
1728462902204708000,0,564,722,4,337,644
1728462902205564000,0,689,596,0,386,569
1728462902206405000,23,753,394,0,442,481
1728462902207247000,102,798,290,0,494,380
1728462902208089000,170,810,186,25,527,290
1728462902208931000,281,783,85,78,553,207
1728462902209773000,386,749,18,157,562,133
1728462902210615000,490,666,0,245,533,58
1728462902211456000,599,585,0,343,493,0
1728462902212297000,682,490,0,418,426,0
1728462902213138000,734,370,41,500,325,0
1728462902213980000,890,251,151,587,264,0
1728462902214822000,672,168,178,683,197,73
1728462902215664000,741,85,309,649,137,98
1728462902216506000,723,29,433,670,85,175
1728462902217347000,658,0,538,651,41,277
1728462902218188000,560,0,639,615,0,369
1728462902219023000,463,0,725,549,0,449
1728462902219865000,356,42,800,457,0,540
1728462902220706000,249,116,832,370,0,653
1728462902221548000,153,213,832,281,46,638
1728462902222390000,68,360,824,202,105,674
1728462902223232000,8,463,766,109,255,669
1728462902224074000,0,466,690,87,290,645
1728462902224915000,0,579,593,5,256,590
1728462902225756000,0,680,495,0,381,530
1728462902226598000,37,760,362,0,450,452
1728462902227440000,111,802,250,0,505,362
1728462902228282000,206,804,158,21,533,269
1728462902229124000,305,784,69,101,546,184
1728462902229966000,400,737,5,175,553,109
1728462902230807000,517,661,0,266,529,44
1728462902231648000,604,564,0,357,485,0
1728462902232498000,681,474,0,431,421,0
1728462902233340000,746,343,0,508,322,64
1728462902234182000,791,232,55,570,274,65
1728462902235023000,839,153,175,626,196,0
1728462902235865000,760,64,334,660,137,122
1728462902236707000,709,5,458,661,64,210
1728462902237549000,636,0,565,642,17,301
1728462902238390000,535,0,673,596,0,375
1728462902239231000,437,0,756,530,0,466
1728462902240072000,332,46,810,441,25,548
1728462902240912000,221,117,847,350,0,600
1728462902241753000,122,210,845,258,46,656
1728462902242594000,111,321,807,185,114,687
1728462902243435000,84,443,762,106,182,690
1728462902244276000,0,547,656,114,257,692
1728462902245117000,0,634,566,66,320,645
1728462902245981000,0,721,472,0,406,523
1728462902246822000,53,776,346,0,458,426
1728462902247663000,136,810,234,0,504,338
1728462902248504000,226,809,138,45,545,245
1728462902249345000,327,770,64,117,560,170
1728462902250187000,431,731,0,200,552,96
1728462902251028000,530,650,0,293,517,31
1728462902251869000,618,544,0,377,474,0
1728462902252710000,704,450,4,450,407,0
1728462902253551000,744,335,57,510,325,0
1728462902254392000,775,207,260,583,282,21
1728462902255233000,773,151,322,626,218,68
1728462902256074000,746,50,361,662,117,133
1728462902256916000,686,0,485,663,58,234
1728462902257757000,607,0,597,634,13,320
1728462902258598000,517,0,696,587,0,402
1728462902259436000,414,5,766,513,0,488
1728462902260277000,297,64,805,426,0,546
1728462902261118000,202,151,832,320,18,608
1728462902261959000,113,316,842,235,66,661
1728462902262800000,37,391,804,165,129,685
1728462902263641000,0,394,732,98,277,672
1728462902264482000,0,505,650,50,321,633
1728462902265323000,0,583,562,21,405,569
1728462902266164000,0,728,442,0,418,504
1728462902267005000,68,781,320,0,476,410
1728462902267846000,149,801,207,9,520,320
1728462902268687000,250,799,107,53,554,230
1728462902269528000,356,771,37,126,553,162
1728462902270369000,469,690,0,224,535,70
1728462902271210000,572,619,0,313,505,17
1728462902272050000,651,522,0,395,441,0
1728462902272960000,725,410,18,480,382,0
1728462902273801000,677,306,101,593,308,33
1728462902274642000,711,186,213,645,233,37
1728462902275484000,737,106,240,591,175,85
1728462902276326000,738,45,383,663,107,170
1728462902277167000,673,0,511,654,37,253
1728462902278007000,599,0,616,624,10,346
1728462902278848000,487,0,707,565,0,431
1728462902279689000,386,21,783,491,0,514
1728462902280530000,274,85,864,394,0,578
1728462902281371000,171,178,917,302,26,631
1728462902282213000,82,272,863,226,81,738
1728462902283055000,21,373,777,151,157,704
1728462902283897000,13,496,665,64,215,599
1728462902284738000,0,578,599,21,285,565
1728462902285579000,0,668,502,0,362,510
1728462902286375000,16,750,412,0,426,490
1728462902287216000,87,794,294,0,482,388
1728462902288057000,170,811,186,13,527,297
1728462902288898000,266,801,98,73,549,218
1728462902289739000,381,746,20,159,554,130
1728462902290580000,500,676,0,240,515,64
1728462902291421000,584,603,0,329,478,10
1728462902292262000,671,490,0,417,439,0
1728462902293103000,736,378,26,485,353,0
1728462902293944000,906,258,156,576,258,0
1728462902294785000,885,168,232,617,199,33
1728462902295627000,677,77,295,706,146,133
1728462902296469000,733,16,420,669,90,178
1728462902297310000,655,0,529,657,37,272
1728462902298151000,565,0,631,613,0,363
1728462902298992000,466,0,722,545,0,448
1728462902299825000,362,33,794,463,0,530
1728462902300666000,244,112,842,362,0,601
1728462902301508000,149,205,845,281,30,649
1728462902302350000,68,304,874,203,106,674
1728462902303191000,5,410,808,126,168,746
1728462902304032000,0,500,619,65,258,747
1728462902304873000,0,617,542,1,341,689
1728462902305714000,0,700,453,0,389,597
1728462902306555000,30,757,377,0,434,455
1728462902307396000,110,807,261,0,498,377
1728462902308237000,196,805,165,26,525,274
1728462902309078000,299,786,77,94,558,186
1728462902309920000,404,736,9,178,558,117
1728462902310761000,517,634,0,271,530,43
1728462902311602000,604,541,0,353,484,0
1728462902312443000,682,448,0,438,423,0
1728462902313340000,744,301,26,509,383,0
1728462902314181000,793,194,109,581,324,0
1728462902315022000,802,114,218,613,137,40
1728462902315864000,836,65,334,654,116,110
1728462902316706000,707,4,451,674,73,201
1728462902317547000,630,0,567,645,29,297
1728462902318388000,551,0,666,601,0,382
1728462902319229000,449,0,738,533,0,463
1728462902320070000,335,52,813,451,0,553
1728462902320911000,207,128,842,392,4,602
1728462902321753000,121,213,839,247,50,657
1728462902322595000,45,329,817,181,106,682
1728462902323437000,0,452,765,107,189,669
1728462902324278000,0,526,786,42,293,674
1728462902325119000,0,633,665,0,362,613
1728462902325960000,0,714,474,0,400,533
1728462902326768000,47,770,341,0,466,431
1728462902327609000,132,802,245,0,507,341
1728462902328450000,218,802,142,37,532,255
1728462902329292000,328,778,57,117,551,175
1728462902330134000,426,718,5,196,550,78
1728462902330975000,535,642,0,295,522,23
1728462902331816000,637,552,0,377,473,0
1728462902332657000,711,452,0,455,407,0
1728462902333498000,746,218,57,517,407,0
1728462902334339000,772,149,145,598,304,0
1728462902335181000,797,87,234,630,98,42
1728462902336023000,750,55,360,661,122,129
1728462902336865000,690,0,479,663,64,225
1728462902337706000,613,0,582,635,17,320
1728462902338547000,522,0,682,587,0,412
1728462902339388000,418,2,759,511,0,485
1728462902340266000,292,64,817,479,0,562
1728462902341107000,182,146,840,362,13,623
1728462902341948000,93,249,846,249,64,676
1728462902342790000,29,352,815,170,132,683
1728462902343632000,0,489,739,78,202,660
1728462902344473000,0,548,698,27,293,658
1728462902345314000,0,642,570,0,361,591
1728462902346155000,10,722,437,0,421,505
1728462902346996000,64,784,320,0,474,416
1728462902347837000,149,804,213,9,511,321
1728462902348678000,247,802,117,58,543,229
1728462902349520000,348,771,45,126,558,148
1728462902350362000,469,710,0,218,548,74
1728462902351203000,561,617,0,309,509,13
1728462902352044000,658,526,0,394,465,0
1728462902352885000,714,420,10,477,389,0
1728462902353715000,777,389,64,578,327,0
1728462902354556000,809,264,148,594,228,0
1728462902355397000,752,16,255,626,245,46
1728462902356239000,744,37,381,661,109,154
1728462902357081000,672,0,505,657,47,233
1728462902357922000,593,0,611,629,11,340
1728462902358763000,505,0,706,576,0,429
1728462902359604000,383,14,785,497,0,501
1728462902360445000,378,69,825,417,0,576
1728462902361286000,245,169,842,304,18,634
1728462902362128000,77,268,836,263,77,678
1728462902362970000,4,378,794,170,145,690
1728462902363811000,0,481,704,29,218,666
1728462902364652000,0,599,629,0,303,658
1728462902365493000,0,677,541,0,354,604
1728462902366334000,10,754,422,0,429,488
1728462902367172000,82,786,299,0,488,394
1728462902368013000,172,810,194,10,527,301
1728462902368854000,269,798,96,69,558,220
1728462902369695000,378,749,21,145,553,137
1728462902370536000,491,692,0,235,538,64
1728462902371377000,572,605,0,320,498,5
1728462902372218000,660,505,0,405,442,0
1728462902373059000,730,402,18,482,375,0
1728462902373900000,821,301,58,543,290,0
1728462902374741000,797,169,159,602,212,0
1728462902375583000,756,200,264,682,170,64
1728462902376425000,730,21,415,659,90,178
1728462902377266000,660,0,530,658,26,263
1728462902378107000,576,0,631,616,0,357
1728462902378948000,469,0,722,562,0,440
1728462902379789000,363,33,794,472,0,520
1728462902380640000,257,85,839,378,10,586
1728462902381482000,160,175,841,293,18,644
1728462902382324000,161,284,824,206,90,674
1728462902383166000,47,397,778,128,164,687
1728462902384008000,0,508,712,130,225,709
1728462902384849000,0,613,649,69,320,640
1728462902385690000,0,687,538,11,370,558
1728462902386531000,26,766,402,0,444,468
1728462902387372000,97,796,271,0,498,370
1728462902388213000,194,802,169,32,532,277
1728462902389054000,295,786,74,86,559,196
1728462902389896000,404,738,5,165,553,117
1728462902390737000,506,676,0,253,532,52
1728462902391578000,609,585,0,338,484,0
1728462902392419000,683,482,0,430,434,0
1728462902393260000,741,370,29,506,354,7
1728462902394111000,773,245,52,567,296,69
1728462902394952000,833,174,160,613,217,79
1728462902395794000,777,72,293,654,133,57
1728462902396636000,712,7,448,676,67,196
1728462902397477000,647,0,561,649,23,293
1728462902398318000,549,0,666,600,0,378
1728462902399159000,442,0,741,534,0,457
1728462902400000000,338,64,815,453,0,552
1728462902400841000,226,97,847,357,34,602
1728462902401683000,146,194,841,272,42,649
1728462902402524000,125,320,809,186,101,682
1728462902403366000,43,420,767,101,168,680
1728462902404207000,0,530,663,122,242,688
1728462902405048000,0,626,594,53,320,637
1728462902405889000,0,718,481,18,401,557
1728462902406730000,41,766,354,0,463,441
1728462902407575000,130,801,237,0,512,350
1728462902408416000,213,799,143,37,540,261
1728462902409258000,321,773,64,113,554,175
1728462902410100000,433,725,0,192,548,96
1728462902410941000,534,654,0,282,522,40
1728462902411782000,633,560,0,373,474,0
1728462902412622000,706,463,0,448,413,0
1728462902413463000,748,346,106,522,340,0
1728462902414304000,786,218,50,577,258,93
1728462902415146000,791,135,188,633,210,114
1728462902415988000,754,53,346,658,117,114
1728462902416830000,698,0,474,666,58,218
1728462902417671000,623,0,581,637,21,314
1728462902418512000,522,0,681,590,0,393
1728462902419353000,422,5,761,514,0,476
1728462902420194000,312,64,823,426,0,561
1728462902421045000,212,121,842,341,47,612
1728462902421887000,116,229,834,240,50,661
1728462902422729000,75,341,816,165,116,686
1728462902423571000,39,441,730,137,185,679
1728462902424412000,0,554,661,98,269,690
1728462902425253000,0,636,576,54,345,623
1728462902426094000,0,723,441,0,405,506
1728462902426936000,66,779,322,0,476,425
1728462902427777000,144,817,217,0,517,329
1728462902428618000,238,799,127,50,539,237
1728462902429460000,347,773,40,129,553,157
1728462902430302000,448,707,0,206,553,77
1728462902431143000,548,618,0,304,520,20
1728462902431984000,650,519,0,381,468,0
1728462902432825000,706,421,16,457,393,0
1728462902433666000,762,308,0,530,303,78
1728462902434513000,782,194,82,583,253,93
1728462902435355000,832,122,224,624,142,0
1728462902436197000,744,50,383,666,113,154
1728462902437039000,677,0,501,660,56,249
1728462902437880000,586,0,614,628,3,335
1728462902438721000,494,0,706,576,0,423
1728462902439562000,400,13,777,498,0,508
1728462902440403000,288,66,832,409,21,576
1728462902441244000,188,148,847,306,10,627
1728462902442086000,184,269,844,226,64,674
1728462902442928000,53,370,798,157,141,679
1728462902443769000,0,463,719,151,206,713
1728462902444610000,0,576,657,79,285,661
1728462902445451000,0,662,550,30,360,562
1728462902446292000,21,746,418,0,433,490
1728462902447133000,84,790,299,0,482,402
1728462902447981000,167,813,197,14,513,304
1728462902448823000,266,791,104,66,553,210
1728462902449664000,375,756,29,143,554,141
1728462902450505000,448,692,0,234,542,66
1728462902451346000,576,602,0,324,506,16
1728462902452187000,658,512,0,411,450,0
1728462902453028000,736,402,26,480,383,0
1728462902453869000,778,274,18,540,320,77
1728462902454710000,799,186,130,596,241,94
1728462902455551000,815,96,277,644,138,26
1728462902456393000,725,21,413,668,96,170
1728462902457234000,661,0,525,663,43,265
1728462902458075000,576,0,628,621,5,357
1728462902458916000,480,0,724,559,0,448
1728462902459757000,365,32,785,471,0,524
1728462902460598000,261,77,825,383,45,591
1728462902461460000,168,169,847,284,56,641
1728462902462302000,72,279,832,207,73,669
1728462902463144000,42,390,787,148,154,686
1728462902463986000,10,494,688,148,226,690
1728462902464827000,0,602,610,78,298,663
1728462902465668000,0,682,496,42,370,591
1728462902466509000,33,766,391,0,439,474
1728462902467350000,101,795,274,0,490,373
1728462902468191000,189,811,175,26,535,276
1728462902469032000,284,788,81,90,553,204
1728462902469874000,397,736,5,165,554,117
1728462902470715000,493,679,0,258,543,56
1728462902471556000,587,591,0,333,497,10
1728462902472397000,657,494,0,416,419,0
1728462902473238000,746,363,26,504,361,0
1728462902474079000,804,277,46,554,289,43
1728462902474919000,821,173,178,610,188,0
1728462902475761000,744,194,322,679,162,69
1728462902476603000,718,14,426,660,84,196
1728462902477444000,642,0,549,642,26,293
1728462902478285000,557,0,653,604,0,381
1728462902479126000,455,0,738,537,0,457
1728462902479967000,354,46,808,458,0,537
1728462902480808000,242,101,840,368,0,591
1728462902481650000,137,193,850,270,29,653
1728462902482492000,122,299,826,200,104,683
1728462902483334000,0,418,757,138,181,684
1728462902484176000,0,526,713,93,237,651
1728462902485017000,0,631,597,8,320,580
1728462902485858000,0,706,501,10,386,520
1728462902486699000,39,773,367,0,455,442
1728462902487540000,113,794,258,0,504,353
1728462902488384000,215,798,147,37,539,260
1728462902489226000,313,785,56,98,558,181
1728462902490068000,426,722,0,185,552,104
1728462902490909000,523,658,0,274,517,37
1728462902491750000,626,568,0,361,471,0
1728462902492591000,692,462,0,448,416,0
1728462902493432000,747,341,28,526,343,2
1728462902494273000,810,250,93,565,279,42
1728462902495115000,814,125,193,626,192,0
1728462902495957000,757,164,305,674,138,114
1728462902496799000,704,1,472,664,58,212
1728462902497640000,634,0,576,645,18,305
1728462902498481000,533,0,677,591,0,397
1728462902499322000,427,5,759,523,0,471
1728462902500163000,312,64,818,432,0,549
1728462902501004000,212,117,854,338,0,613
1728462902501861000,217,224,832,253,50,666
1728462902502703000,93,333,809,169,119,683
1728462902503545000,0,449,733,139,195,681
1728462902504386000,0,553,693,86,257,666
1728462902505227000,0,643,597,47,335,594
1728462902506068000,0,727,458,10,388,515
1728462902506909000,49,775,343,0,468,426
1728462902507750000,139,801,217,0,514,330
1728462902508591000,235,802,117,47,547,240
1728462902509433000,343,769,40,122,564,165
1728462902510274000,449,705,0,210,544,81
1728462902511115000,552,642,0,306,517,32
1728462902511956000,642,542,0,378,458,0
1728462902512797000,704,435,16,459,402,0
1728462902513638000,749,320,4,529,310,45
1728462902514479000,762,199,97,589,261,82
1728462902515321000,832,133,207,626,175,0
1728462902516163000,745,106,362,658,106,141
1728462902517005000,687,0,496,670,45,235
1728462902517846000,597,0,602,628,7,325
1728462902518687000,504,0,713,576,0,417
1728462902519528000,398,20,778,504,0,506
1728462902520369000,290,84,832,413,0,580
1728462902521210000,192,138,846,314,5,624
1728462902522052000,184,247,832,229,58,668
1728462902522894000,74,363,794,160,133,682
1728462902523735000,0,476,722,144,203,714
1728462902524576000,0,580,672,81,287,667
1728462902525417000,0,661,578,30,360,585
1728462902526258000,13,746,424,0,425,504
1728462902527099000,77,789,301,0,489,401
1728462902527941000,158,804,196,5,514,308
1728462902528791000,260,798,105,64,542,225
1728462902529632000,369,757,26,142,557,133
1728462902530473000,474,701,0,229,546,57
1728462902531314000,568,609,0,320,504,21
1728462902532155000,651,511,0,405,440,0
1728462902532996000,741,400,17,485,381,0
1728462902533837000,804,306,45,543,334,40
1728462902534678000,849,213,146,598,215,0
1728462902535519000,762,224,276,676,170,34
1728462902536361000,730,33,418,671,96,162
1728462902537202000,658,0,523,658,39,260
1728462902538043000,584,0,632,622,4,363
1728462902538884000,481,0,717,559,0,436
1728462902539725000,386,30,788,480,1,519
1728462902540566000,266,82,832,386,21,586
1728462902541407000,163,173,849,296,11,642
1728462902542261000,157,282,835,218,79,670
1728462902543103000,0,393,779,175,154,689
1728462902543945000,0,493,740,119,234,678
1728462902544786000,0,586,591,0,309,610
1728462902545627000,0,693,477,0,383,554
1728462902546468000,32,756,393,0,437,473
1728462902547309000,101,796,281,0,494,382
1728462902548151000,188,810,180,18,521,284
1728462902548992000,277,798,79,84,549,194
1728462902549834000,388,746,16,165,559,129
1728462902550675000,506,672,0,256,534,58
1728462902551516000,599,570,0,340,501,5
1728462902552357000,681,474,0,421,433,0
1728462902553198000,746,381,32,498,368,0
1728462902554039000,832,294,65,559,286,34
1728462902554880000,847,181,184,616,197,0
1728462902555734000,747,202,312,687,161,64
1728462902556576000,709,7,436,668,75,184
1728462902557417000,653,0,541,656,42,277
1728462902558258000,557,0,647,610,0,375
1728462902559098000,453,0,733,549,0,455
1728462902559939000,348,45,798,454,0,542
1728462902560780000,242,98,850,361,17,599
1728462902561622000,145,194,846,277,26,644
1728462902562464000,122,320,821,199,97,685
1728462902563306000,14,413,773,159,174,683
1728462902564148000,0,529,721,102,250,661
1728462902564989000,0,634,606,45,338,608
1728462902565830000,0,705,489,0,388,523
1728462902566671000,43,766,373,0,453,453
1728462902567513000,117,804,249,0,494,354
1728462902568354000,202,808,157,34,533,257
1728462902569194000,309,778,66,103,562,180
1728462902570036000,418,736,0,181,557,101
1728462902570877000,517,656,0,272,526,46
1728462902571718000,608,565,0,353,477,0
1728462902572559000,698,457,0,429,418,0
1728462902573400000,762,354,52,520,343,0
1728462902574241000,845,266,101,576,250,0
1728462902575083000,765,242,217,634,200,1
1728462902575925000,776,127,340,655,121,101
1728462902576767000,705,4,455,671,74,215
1728462902577608000,628,0,576,635,18,311
1728462902578449000,533,0,683,591,0,396
1728462902579290000,437,0,754,526,0,470
1728462902580131000,324,69,813,437,0,560
1728462902580972000,220,125,846,346,0,602
1728462902581814000,186,222,841,261,50,660
1728462902582671000,25,335,808,221,121,685
1728462902583513000,0,448,759,114,186,683
1728462902584354000,0,549,641,0,261,653
1728462902585195000,0,649,546,0,329,612
1728462902586036000,0,719,457,0,407,542
1728462902586878000,58,773,340,0,474,427
1728462902587719000,136,802,226,0,509,334
1728462902588561000,232,804,123,50,543,244
1728462902589403000,337,772,50,113,556,162
1728462902590244000,449,717,0,202,542,81
1728462902591085000,552,643,0,290,521,30
1728462902591926000,640,541,0,373,466,0
1728462902592767000,709,432,4,453,402,0
1728462902593608000,757,343,53,545,321,0
1728462902594449000,821,290,137,607,249,0
1728462902595291000,784,105,234,604,266,52
1728462902596138000,741,0,357,663,148,129
1728462902596980000,686,4,490,664,58,234
1728462902597821000,601,0,602,632,11,321
1728462902598662000,503,0,695,580,0,411
1728462902599503000,400,11,775,502,0,496
1728462902600344000,293,71,821,418,0,568
1728462902601185000,261,149,846,321,17,628
1728462902602026000,82,258,844,274,69,679
1728462902602868000,20,367,801,171,133,684
1728462902603710000,0,482,738,80,216,672
1728462902604551000,0,642,670,13,301,634
1728462902605392000,0,692,543,0,352,562
1728462902606233000,0,722,430,0,425,498
1728462902607074000,75,798,302,0,485,410
1728462902607915000,156,804,207,0,513,314
1728462902608757000,261,797,107,64,545,219
1728462902609612000,362,767,36,141,562,137
1728462902610454000,471,692,0,230,546,74
1728462902611295000,564,609,0,314,501,2
1728462902612136000,649,514,0,410,450,0
1728462902612977000,718,407,17,478,381,0
1728462902613819000,784,348,98,548,305,0
1728462902614660000,786,81,160,577,306,11
1728462902615502000,784,66,270,666,218,75
1728462902616344000,737,16,401,665,101,165
1728462902617185000,669,0,513,659,45,258
1728462902618026000,581,0,618,631,5,349
1728462902618867000,489,0,711,560,0,434
1728462902619708000,381,28,791,480,0,517
1728462902620549000,262,101,840,409,0,587
1728462902621390000,151,186,853,330,21,641
1728462902622232000,64,283,834,207,87,669
1728462902623076000,9,388,784,141,155,688
1728462902623917000,0,514,706,64,238,672
1728462902624758000,0,591,728,5,350,648
1728462902625599000,0,696,622,0,405,577
1728462902626440000,26,757,402,0,440,481
1728462902627281000,93,803,290,0,484,385
1728462902628122000,178,810,184,21,528,279
1728462902628963000,279,788,96,84,552,215
1728462902629805000,388,739,17,165,557,129
1728462902630646000,490,677,0,249,535,37
1728462902631487000,599,586,0,337,488,4
1728462902632328000,682,494,0,418,428,0
1728462902633169000,747,388,45,497,362,0
1728462902634010000,762,167,112,565,357,0
1728462902634851000,807,122,199,631,261,16
1728462902635693000,757,34,309,661,97,98
1728462902636543000,736,15,423,663,89,192
1728462902637384000,650,0,554,644,30,282
1728462902638225000,562,0,647,608,0,375
1728462902639065000,463,1,736,535,0,463
1728462902639906000,354,39,804,458,0,527
1728462902640747000,226,113,842,412,0,594
1728462902641589000,125,202,847,267,42,654
1728462902642431000,50,301,821,192,104,679
1728462902643273000,0,413,779,122,171,689
1728462902644115000,0,514,789,50,293,686
1728462902644956000,0,666,667,0,327,622
1728462902645797000,0,746,542,0,392,535
1728462902646638000,41,766,372,0,455,448
1728462902647479000,106,800,267,0,498,358
1728462902648320000,203,798,154,30,535,272
1728462902649162000,306,788,69,92,559,194
1728462902650017000,414,730,0,171,548,107
1728462902650858000,531,665,0,274,523,42
1728462902651699000,623,570,0,356,474,0
1728462902652540000,706,464,0,436,430,0
1728462902653382000,752,354,56,518,352,0
1728462902654223000,796,198,133,597,309,0
1728462902655065000,779,106,229,624,144,41
1728462902655907000,882,38,372,669,101,122
1728462902656748000,705,8,463,666,64,214
1728462902657589000,634,0,568,646,18,294
1728462902658430000,541,0,666,596,0,382
1728462902659271000,431,0,754,525,0,463
1728462902660112000,322,50,819,450,0,554
1728462902660953000,201,130,847,338,5,614
1728462902661795000,107,224,850,247,52,661
1728462902662636000,41,336,810,178,123,691
1728462902663478000,0,437,754,100,185,684
1728462902664319000,0,540,765,36,305,661
1728462902665160000,0,674,649,0,373,597
1728462902666001000,0,773,520,0,404,506
1728462902666842000,45,773,354,0,464,429
1728462902667684000,130,805,232,0,509,335
1728462902668525000,229,809,130,37,546,257
1728462902669366000,330,770,56,107,551,170
1728462902670208000,444,715,0,202,562,85
1728462902671049000,537,644,0,285,517,21
1728462902671890000,629,532,0,382,465,0
1728462902672731000,706,426,13,458,405,0
1728462902673572000,764,321,65,535,333,0
1728462902674413000,812,181,138,570,173,0
1728462902675255000,906,109,289,641,145,66
1728462902676097000,826,50,386,658,95,141
1728462902676950000,682,0,489,665,57,231
1728462902677791000,608,0,594,645,21,322
1728462902678632000,520,0,694,584,0,415
1728462902679473000,410,5,776,513,0,491
1728462902680314000,301,76,812,416,0,570
1728462902681155000,181,162,836,309,18,633
1728462902681997000,105,250,840,237,64,661
1728462902682839000,26,359,871,165,138,677
1728462902683681000,0,471,778,101,210,684
1728462902684522000,0,546,565,37,290,722
1728462902685363000,0,645,473,0,381,651
1728462902686204000,64,746,381,0,427,549
1728462902687045000,77,780,320,0,476,410
1728462902687886000,162,805,210,4,518,314
1728462902688728000,245,803,117,58,546,224
1728462902689570000,346,756,41,148,552,146
1728462902690422000,467,690,0,222,546,74
1728462902691263000,568,604,0,307,509,21
1728462902692104000,654,514,0,397,437,0
1728462902692945000,731,406,10,471,381,0
1728462902693786000,823,292,94,548,292,0
1728462902694627000,889,181,234,612,192,11
1728462902695469000,665,100,265,719,149,117
1728462902696311000,683,28,405,693,97,162
1728462902697153000,672,0,516,657,41,250
1728462902697994000,591,0,617,621,2,353
1728462902698835000,487,0,716,557,0,427
1728462902699676000,392,23,786,482,0,514
1728462902700517000,277,101,832,393,0,580
1728462902701358000,166,181,853,305,29,633
1728462902702200000,74,273,903,218,84,673
1728462902703042000,20,389,815,148,158,739
1728462902703889000,0,502,696,71,234,715
1728462902704730000,1,608,576,18,325,687
1728462902705570000,10,681,468,0,393,617
1728462902706411000,34,748,383,0,426,450
1728462902707252000,92,795,287,0,495,385
1728462902708093000,173,813,186,11,525,290
1728462902708934000,267,786,101,78,549,210
1728462902709776000,381,752,5,157,561,132
1728462902710617000,489,689,0,242,538,71
1728462902711457000,590,580,0,334,494,5
1728462902712298000,682,480,0,418,444,0
1728462902713139000,738,383,25,498,357,0
1728462902713980000,814,258,117,572,250,0
1728462902714821000,873,154,247,621,192,17
1728462902715663000,658,74,270,715,141,138
1728462902716505000,714,26,417,666,87,192
1728462902717366000,661,0,538,648,37,276
1728462902718207000,578,0,642,613,0,363
1728462902719048000,467,0,736,554,0,448
1728462902719889000,362,36,804,469,0,522
1728462902720730000,244,113,841,369,0,590
1728462902721572000,139,196,911,282,38,647
1728462902722414000,66,309,865,194,106,686
1728462902723256000,8,414,754,123,172,726
1728462902724098000,0,532,644,54,253,701
1728462902724939000,37,633,564,5,309,523
1728462902725780000,9,707,469,0,357,462
1728462902726621000,28,760,383,0,448,462
1728462902727462000,114,796,258,0,501,366
1728462902728304000,199,816,158,25,533,282
1728462902729146000,302,784,74,97,552,196
1728462902729988000,410,733,2,178,554,103
1728462902730825000,491,651,0,269,512,41
1728462902731666000,615,569,0,356,474,0
1728462902732507000,693,463,5,439,418,0
1728462902733349000,744,338,64,514,343,0
1728462902734190000,832,234,98,650,261,11
1728462902735032000,704,141,233,663,192,69
1728462902735874000,717,53,320,597,129,93
1728462902736715000,708,5,458,666,69,199
1728462902737556000,631,0,565,642,25,292
1728462902738397000,535,0,675,600,0,392
1728462902739238000,437,0,751,538,0,468
1728462902740079000,330,52,802,445,0,554
1728462902740920000,221,128,893,341,5,608
1728462902741762000,136,226,832,257,58,725
1728462902742604000,50,334,800,192,119,670
1728462902743446000,0,438,757,110,192,676
1728462902744295000,0,625,666,82,276,629
1728462902745136000,8,708,557,0,335,586
1728462902745977000,0,649,453,0,490,512
1728462902746818000,53,773,346,0,462,437
1728462902747659000,129,805,236,0,497,341
1728462902748500000,224,808,142,45,545,249
1728462902749342000,320,778,55,113,558,173
1728462902750184000,444,717,0,201,554,93
1728462902751025000,538,618,0,292,510,39
1728462902751866000,612,554,0,374,470,8
1728462902752707000,686,437,1,450,396,0
1728462902753548000,749,338,68,527,337,0
1728462902754389000,734,224,175,624,245,0
1728462902755231000,744,126,233,589,171,64
1728462902756073000,709,93,389,637,106,138
1728462902756915000,694,0,474,668,64,225
1728462902757772000,614,2,579,634,18,325
1728462902758613000,517,0,679,585,0,405
1728462902759454000,420,5,754,505,0,488
1728462902760295000,299,69,821,426,0,569
1728462902761137000,200,150,834,338,8,698
1728462902761979000,109,253,832,244,71,694
1728462902762821000,28,345,791,162,132,666
1728462902763663000,0,508,736,101,210,679
1728462902764505000,18,629,634,18,287,623
1728462902765346000,0,545,535,0,437,570
1728462902766187000,0,650,433,2,476,485
1728462902767028000,72,783,320,0,472,410
1728462902767869000,148,813,221,2,514,320
1728462902768711000,238,794,116,64,546,228
1728462902769553000,354,773,28,132,565,162
1728462902770395000,473,704,0,210,542,74
1728462902771232000,557,616,0,306,506,33
1728462902772073000,637,526,0,394,448,0
1728462902772914000,695,418,20,474,378,0
1728462902773755000,761,314,89,537,314,0
1728462902774596000,750,209,177,569,233,47
1728462902775438000,754,124,277,628,170,75
1728462902776280000,719,34,480,650,146,177
1728462902777122000,677,0,508,664,43,242
1728462902777963000,594,0,613,626,0,340
1728462902778804000,498,0,709,578,0,420
1728462902779645000,383,26,784,485,0,500
1728462902780486000,274,90,842,400,0,576
1728462902781327000,186,175,838,313,26,619
1728462902782169000,89,343,821,221,89,661
1728462902783011000,33,409,794,145,157,682
1728462902783853000,0,462,711,87,254,665
1728462902784702000,0,525,622,40,361,618
1728462902785543000,0,610,514,5,410,544
1728462902786384000,41,695,405,1,461,493
1728462902787225000,80,796,298,0,491,399
1728462902788067000,168,801,185,16,525,298
1728462902788909000,279,794,98,73,559,213
1728462902789751000,383,754,22,154,552,130
1728462902790593000,485,689,0,234,541,58
1728462902791434000,565,604,0,309,500,11
1728462902792275000,654,508,0,397,442,0
1728462902793116000,726,394,31,481,373,0
1728462902793957000,773,281,96,546,293,0
1728462902794798000,765,178,178,591,226,25
1728462902795640000,754,112,386,633,184,94
1728462902796482000,719,23,437,665,88,237
1728462902797323000,654,0,545,655,37,274
1728462902798173000,561,0,639,617,0,360
1728462902799014000,465,0,732,549,0,442
1728462902799855000,362,25,794,469,0,527
1728462902800696000,258,100,838,383,0,594
1728462902801538000,158,274,842,282,37,634
1728462902802380000,74,341,826,210,94,661
1728462902803221000,1,399,779,132,198,676
1728462902804063000,0,498,706,71,265,661
1728462902804904000,0,576,594,11,261,617
1728462902805745000,0,651,490,0,331,541
1728462902806586000,114,752,378,0,452,466
1728462902807427000,101,800,265,0,493,372
1728462902808268000,197,806,165,37,528,274
1728462902809109000,298,790,79,93,559,186
1728462902809951000,400,736,9,177,553,114
1728462902810792000,506,661,0,266,528,50
1728462902811642000,601,576,0,352,485,0
1728462902812483000,696,474,0,420,427,0
1728462902813324000,746,362,48,508,345,0
1728462902814165000,789,250,213,569,290,0
1728462902815007000,773,192,290,613,221,33
1728462902815849000,757,57,247,653,133,189
1728462902816691000,714,9,442,670,77,205
1728462902817532000,638,0,561,644,29,297
1728462902818373000,549,0,656,597,0,388
1728462902819214000,444,0,747,525,0,471
1728462902820055000,351,50,814,454,0,549
1728462902820896000,234,149,846,356,3,596
1728462902821738000,132,204,840,264,98,647
1728462902822580000,53,307,813,186,132,688
1728462902823422000,0,426,754,112,185,683
1728462902824264000,90,535,740,55,238,656
1728462902825111000,52,633,576,8,314,608
1728462902825952000,0,708,457,64,380,558
1728462902826794000,42,778,353,0,463,435
1728462902827635000,117,801,238,0,505,351
1728462902828476000,218,804,137,49,541,260
1728462902829318000,324,776,48,109,562,178
1728462902830160000,434,723,0,192,545,98
1728462902831001000,530,649,0,282,514,32
1728462902831842000,626,554,0,367,480,0
1728462902832683000,689,453,11,449,404,0
1728462902833524000,757,332,67,532,337,0
1728462902834365000,781,220,69,580,269,89
1728462902835207000,836,157,201,626,197,113
1728462902836049000,754,42,338,663,125,95
1728462902836891000,697,2,480,663,52,222
1728462902837732000,610,0,591,634,13,312
1728462902838578000,520,0,690,586,0,398
1728462902839419000,417,18,764,512,0,484
1728462902840260000,301,69,832,431,0,570
1728462902841101000,212,120,842,335,49,612
1728462902841943000,121,234,841,239,55,667
1728462902842785000,94,340,800,173,114,677
1728462902843627000,0,457,745,125,205,674
1728462902844468000,0,562,689,75,277,642
1728462902845309000,0,651,576,33,340,576
1728462902846150000,0,733,433,0,413,485
1728462902846991000,68,786,320,0,481,421
1728462902847832000,151,800,218,0,516,325
1728462902848673000,244,797,116,57,540,229
1728462902849515000,348,773,37,130,557,151
1728462902850357000,452,697,0,218,544,79
1728462902851198000,546,626,0,299,500,26
1728462902852050000,648,530,0,394,461,0
1728462902852891000,706,418,17,475,392,0
1728462902853732000,785,313,71,535,327,0
1728462902854573000,842,212,132,586,224,0
1728462902855415000,756,221,249,672,170,29
1728462902856257000,772,98,375,656,114,133
1728462902857099000,672,0,508,661,53,249
1728462902857940000,593,0,605,633,8,343
1728462902858781000,501,0,700,576,0,420
1728462902859622000,395,22,778,485,0,506
1728462902860463000,277,82,825,404,0,578
1728462902861305000,188,160,847,313,5,638
1728462902862147000,157,265,841,226,72,667
1728462902862989000,69,372,791,199,141,688
1728462902863830000,0,482,722,103,225,681
1728462902864671000,0,590,626,0,297,617
1728462902865525000,0,665,509,0,362,549
1728462902866366000,0,749,402,0,407,517
1728462902867207000,82,789,298,0,481,393
1728462902868048000,163,811,197,13,527,296
1728462902868889000,265,797,96,73,553,218
1728462902869731000,370,751,20,149,555,134
1728462902870573000,482,688,0,234,543,63
1728462902871414000,584,606,0,320,514,18
1728462902872255000,660,506,0,394,448,0
1728462902873096000,745,395,26,482,373,0
1728462902873937000,786,290,96,554,297,0
1728462902874778000,754,303,186,618,226,0
1728462902875620000,786,154,279,635,154,69
1728462902876462000,705,0,389,670,170,156
1728462902877303000,666,0,529,654,46,272
1728462902878144000,576,0,634,616,1,363
1728462902878988000,477,0,725,554,0,451
1728462902879829000,363,33,797,472,0,519
1728462902880670000,273,105,845,383,0,585
1728462902881512000,221,186,847,288,22,648
1728462902882354000,50,279,832,263,87,672
1728462902883195000,2,398,773,154,176,687
1728462902884037000,0,514,704,43,234,670
1728462902884878000,0,650,625,0,298,633
1728462902885719000,0,743,526,0,373,556
1728462902886560000,16,781,399,0,434,456
1728462902887401000,96,800,271,0,495,378
1728462902888242000,196,799,162,26,533,276
1728462902889083000,298,785,72,85,563,196
1728462902889925000,399,736,13,165,546,114
1728462902890766000,513,669,0,265,526,43
1728462902891607000,618,587,0,346,494,0
1728462902892456000,690,483,0,425,423,0
1728462902893297000,740,364,30,509,356,0
1728462902894138000,767,326,114,576,281,0
1728462902894979000,832,220,202,629,202,10
1728462902895821000,741,0,313,660,208,85
1728462902896663000,713,0,433,673,56,182
1728462902897504000,630,0,558,648,29,288
1728462902898345000,546,0,663,600,0,373
1728462902899186000,444,0,745,533,0,455
1728462902900027000,334,53,810,453,0,551
1728462902900868000,240,121,839,360,2,606
1728462902901710000,109,214,845,320,41,655
1728462902902552000,34,320,818,218,104,683
1728462902903394000,0,433,762,106,180,681
1728462902904235000,0,549,697,42,260,649
1728462902905076000,0,676,604,0,329,597
1728462902905931000,0,767,488,0,394,542
1728462902906772000,37,772,354,0,465,453
1728462902907613000,133,797,235,0,517,349
1728462902908454000,217,808,144,40,537,266
1728462902909296000,320,781,69,107,549,170
1728462902910138000,425,728,13,194,549,92
1728462902910979000,523,645,0,282,521,42
1728462902911820000,623,560,0,365,469,0
1728462902912661000,709,444,1,458,414,0
1728462902913502000,770,338,57,529,349,0
1728462902914343000,812,308,130,590,263,0
1728462902915185000,788,25,234,610,267,41
1728462902916027000,776,10,350,674,157,117
1728462902916869000,692,0,480,663,58,221
1728462902917710000,615,0,584,641,23,320
1728462902918551000,527,0,671,587,0,400
1728462902919392000,427,1,757,522,0,484
1728462902920233000,309,65,815,429,0,561
1728462902921074000,201,148,850,370,5,623
1728462902921916000,101,242,847,265,53,660
1728462902922758000,26,347,805,164,130,685
1728462902923600000,0,466,742,98,203,688
1728462902924441000,0,542,772,29,298,654
1728462902925282000,0,626,657,0,375,597
1728462902926123000,0,738,522,0,440,511
1728462902926965000,66,786,326,0,469,418
1728462902927806000,141,810,226,1,518,320
1728462902928647000,237,801,126,53,546,242
1728462902929489000,341,756,37,130,554,157
1728462902930331000,463,705,0,209,556,75
1728462902931172000,554,626,0,303,510,15
1728462902932013000,644,529,0,389,453,0
1728462902932861000,718,422,13,458,389,0
1728462902933702000,767,297,78,538,320,0
1728462902934543000,800,146,151,617,285,0
1728462902935385000,773,85,272,628,117,75
1728462902936227000,858,20,431,655,75,151
1728462902937069000,676,0,501,658,43,242
1728462902937910000,597,0,604,623,5,335
1728462902938751000,497,0,704,569,0,414
1728462902939592000,399,16,778,494,0,494
1728462902940433000,286,87,828,408,0,570
1728462902941275000,162,170,846,301,21,634
1728462902942117000,93,271,834,224,84,674
1728462902942959000,21,373,858,153,144,698
1728462902943800000,0,485,760,85,213,673
1728462902944641000,0,583,530,11,277,719
1728462902945482000,0,657,455,0,373,645
1728462902946339000,34,744,361,0,437,541
1728462902947181000,85,778,298,0,484,397
1728462902948023000,170,807,197,5,521,309
1728462902948865000,263,797,106,64,543,226
1728462902949706000,373,757,28,149,554,133
1728462902950548000,478,690,0,232,542,73
1728462902951389000,576,591,0,327,501,2
1728462902952230000,666,498,0,409,423,0
1728462902953071000,736,405,26,485,373,0
1728462902953912000,784,287,100,549,308,0
1728462902954753000,888,174,238,612,192,30
1728462902955595000,681,97,296,715,145,132
1728462902956437000,658,31,427,698,92,166
1728462902957278000,668,0,518,661,45,264
1728462902958119000,580,0,625,623,5,362
1728462902958960000,480,0,719,563,0,449
1728462902959804000,376,26,785,477,0,517
1728462902960645000,274,101,832,385,6,590
1728462902961486000,160,181,927,296,26,639
1728462902962328000,74,293,874,210,96,671
1728462902963170000,2,394,778,138,170,745
1728462902964012000,0,507,706,71,242,704
1728462902964853000,21,609,576,13,308,559
1728462902965694000,10,689,469,0,365,497
1728462902966535000,47,741,360,0,418,398
1728462902967376000,101,797,277,0,491,381
1728462902968218000,193,814,174,20,525,284
1728462902969060000,284,785,93,87,549,199
1728462902969902000,402,740,9,170,558,126
1728462902970743000,505,674,0,250,542,57
1728462902971584000,608,578,0,335,488,2
1728462902972425000,686,472,0,423,410,0
1728462902973314000,749,365,47,509,341,0
1728462902974155000,787,266,125,568,268,0
1728462902974996000,657,154,209,685,197,72
1728462902975838000,696,72,334,696,145,89
1728462902976680000,687,0,414,629,81,207
1728462902977521000,650,0,553,646,34,285
1728462902978362000,551,0,652,599,0,382
1728462902979203000,453,0,740,548,0,458
1728462902980044000,349,48,802,456,0,543
1728462902980885000,234,121,847,361,0,592
1728462902981727000,130,205,886,273,45,711
1728462902982569000,58,320,800,192,117,731
1728462902983411000,2,426,760,114,184,671
1728462902984253000,0,590,677,58,242,637
1728462902985094000,5,699,576,30,330,576
1728462902985935000,13,783,477,0,389,498
1728462902986747000,30,676,365,0,520,437
1728462902987589000,121,800,245,0,509,361
1728462902988430000,210,804,146,32,540,261
1728462902989272000,320,778,64,98,558,180
1728462902990114000,421,730,4,192,558,94
1728462902990955000,522,651,0,276,522,42
1728462902991796000,602,548,0,370,476,0
1728462902992637000,682,429,9,448,406,0
1728462902993479000,745,329,58,508,335,0
1728462902994320000,752,229,132,544,255,0
1728462902995162000,764,175,240,597,192,65
1728462902996004000,740,53,352,644,111,117
1728462902996846000,677,1,533,662,64,214
1728462902997687000,617,0,578,640,18,308
1728462902998528000,520,0,690,591,0,398
1728462902999369000,432,0,757,522,0,480
1728462903000211000,320,64,815,434,0,555
1728462903001052000,221,145,847,334,17,618
1728462903001894000,121,237,832,250,58,642
1728462903002736000,42,420,805,186,132,672
1728462903003578000,0,480,756,103,202,677
1728462903004419000,0,482,660,46,341,641
1728462903005260000,0,591,552,21,407,588
1728462903006101000,26,674,434,0,455,501
1728462903006943000,72,769,327,0,474,425
1728462903007785000,145,811,224,0,506,329
1728462903008627000,229,804,129,50,542,244
1728462903009469000,337,767,53,125,560,153
1728462903010310000,453,713,0,206,549,85
1728462903011151000,546,617,0,295,516,21
1728462903011992000,642,528,0,375,463,0
1728462903012833000,717,436,11,448,401,0
1728462903013690000,757,322,78,533,320,0
1728462903014531000,776,245,162,584,240,0
1728462903015373000,759,94,376,618,181,79
1728462903016214000,730,72,441,658,114,142
1728462903017056000,682,0,482,660,64,253
1728462903017897000,602,0,604,625,5,329
1728462903018738000,512,0,700,576,0,418
1728462903019579000,410,11,778,501,0,493
1728462903020420000,292,82,832,411,0,576
1728462903021261000,188,233,846,320,23,616
1728462903022103000,101,293,822,231,82,658
1728462903022945000,29,352,786,153,180,692
1728462903023787000,0,471,734,89,206,666
1728462903024628000,0,557,633,22,240,613
1728462903025469000,112,662,570,8,330,565
1728462903026310000,121,713,477,2,400,494
1728462903027153000,82,785,305,0,489,404
1728462903027994000,164,814,194,9,527,312
1728462903028836000,261,802,105,64,543,231
1728462903029677000,372,754,26,146,557,136
1728462903030519000,471,693,0,234,543,66
1728462903031360000,554,621,0,321,498,0
1728462903032201000,650,511,0,399,448,0
1728462903033042000,714,402,34,489,378,0
1728462903033884000,774,284,90,559,306,0
1728462903034725000,781,213,229,591,220,107
1728462903035567000,776,98,229,629,180,149
1728462903036409000,802,47,370,656,82,85
1728462903037251000,664,0,526,663,44,261
1728462903038092000,570,0,633,613,0,356
1728462903038933000,480,0,720,561,0,436
1728462903039774000,370,21,782,479,0,521
1728462903041868000,264,101,832,381,0,591
1728462903042709000,165,154,847,290,74,638
1728462903043551000,79,274,832,213,74,674
1728462903044393000,82,389,788,146,154,690
1728462903045235000,9,495,707,72,233,668
1728462903046076000,46,598,609,98,288,642
1728462903046917000,0,677,503,45,370,604
1728462903047758000,0,752,434,25,425,515
1728462903048599000,101,796,274,0,491,376
1728462903049441000,178,809,178,20,525,279
1728462903050283000,279,786,87,93,553,202
1728462903051125000,394,741,10,157,559,125
1728462903051966000,501,676,0,245,537,58
1728462903052807000,585,594,0,329,484,10
1728462903053648000,679,490,0,414,425,0
1728462903054489000,747,378,34,498,357,0
1728462903055331000,770,266,110,564,285,0
1728462903056172000,849,189,164,615,205,0
1728462903057014000,750,186,289,681,158,64
1728462903057856000,747,66,412,650,82,173
1728462903058697000,649,0,545,644,23,298
1728462903059538000,555,0,650,606,0,368
1728462903060379000,463,0,738,546,0,452
1728462903061220000,349,50,806,463,0,534
1728462903062061000,237,119,847,370,0,593
1728462903062903000,244,194,853,279,37,650
1728462903063745000,113,308,814,194,104,682
1728462903064587000,0,425,770,146,170,693
1728462903065429000,0,521,683,74,247,657
1728462903066270000,0,623,577,0,322,597
1728462903067111000,0,701,473,0,380,530
1728462903067952000,16,798,383,0,462,463
1728462903068791000,117,802,252,0,505,359
1728462903069632000,207,805,139,27,537,265
1728462903070474000,314,785,64,105,553,184
1728462903071316000,425,732,0,183,549,97
1728462903072157000,525,658,0,273,530,33
1728462903072998000,621,558,0,357,482,0
1728462903073839000,700,458,0,437,417,0
1728462903074681000,762,348,50,517,341,0
1728462903075522000,789,239,136,581,274,0
1728462903076364000,814,226,224,633,186,28
1728462903077206000,729,0,338,663,181,101
1728462903078048000,709,0,458,663,13,212
1728462903078889000,616,0,572,640,21,305
1728462903079730000,533,0,670,602,0,400
1728462903080571000,431,0,749,522,0,473
1728462903081412000,321,64,824,434,0,559
1728462903082260000,218,139,839,340,9,618
1728462903083102000,101,229,846,311,49,653
1728462903083944000,33,342,818,167,130,690
1728462903084786000,0,441,757,101,194,679
1728462903085627000,0,555,668,36,276,650
1728462903086468000,0,693,565,0,343,581
1728462903087309000,0,724,497,0,407,496
1728462903088150000,64,779,412,0,477,441
1728462903088991000,133,807,229,0,512,327
1728462903089833000,234,799,133,50,540,240
1728462903090675000,338,765,48,128,559,162
1728462903091517000,448,711,0,201,551,90
1728462903092358000,543,628,0,290,511,34
1728462903093199000,648,544,0,381,467,0
1728462903094040000,717,442,0,463,395,0
1728462903094882000,764,320,64,537,329,0
1728462903095735000,796,169,149,597,276,0
1728462903096577000,777,78,247,622,112,64
1728462903097419000,848,28,398,661,82,133
1728462903098261000,741,0,498,656,42,226
1728462903099102000,606,0,600,634,5,326
1728462903099943000,511,0,697,580,0,418
1728462903100784000,415,18,773,500,0,489
1728462903101625000,298,81,832,411,0,564
1728462903102466000,189,158,853,325,21,625
1728462903103308000,89,261,836,220,73,669
1728462903104150000,21,366,810,146,138,687
1728462903104992000,0,484,778,89,210,675
1728462903105833000,0,594,690,26,290,622
1728462903106674000,0,656,440,0,344,667
1728462903107515000,4,712,354,0,425,581
1728462903108357000,80,786,303,0,485,425
1728462903109253000,157,809,200,0,519,312
1728462903110095000,258,795,117,64,546,229
1728462903110936000,367,766,29,142,549,149
1728462903111778000,466,701,0,229,542,71
1728462903112619000,564,600,0,325,514,14
1728462903113460000,652,503,0,407,449,0
1728462903114301000,727,377,16,483,378,0
1728462903115142000,778,286,82,552,302,0
1728462903115983000,800,158,175,583,174,17
1728462903116825000,873,87,322,651,130,69
1728462903117667000,628,15,373,736,85,183
1728462903118508000,661,0,522,666,49,261
1728462903119349000,580,0,624,623,1,349
1728462903120190000,488,0,714,567,0,434
1728462903121031000,381,21,789,480,0,519
1728462903121872000,270,94,833,389,0,584
1728462903122676000,164,184,847,287,29,645
1728462903123518000,78,297,880,209,82,679
1728462903124360000,11,393,832,139,165,689
1728462903125202000,0,500,698,74,237,705
1728462903126043000,0,594,525,21,309,724
1728462903126883000,0,661,437,0,378,642
1728462903127724000,25,751,331,0,466,542
1728462903128565000,95,796,276,0,490,391
1728462903129407000,184,813,181,21,521,289
1728462903130249000,281,789,85,82,556,197
1728462903131091000,380,742,21,164,554,128
1728462903131932000,492,681,0,258,535,58
1728462903132773000,600,580,0,335,495,0
1728462903133614000,682,482,0,421,442,0
1728462903134455000,738,365,42,496,354,0
1728462903135296000,786,269,117,565,286,0
1728462903136139000,872,160,234,621,201,31
1728462903136981000,672,66,328,725,136,149
1728462903137823000,678,13,428,596,74,181
1728462903138664000,648,0,548,645,32,285
1728462903139505000,560,0,658,608,0,374
1728462903140346000,466,0,734,538,0,456
1728462903141187000,356,40,804,462,0,540
1728462903142028000,244,114,845,373,0,591
1728462903142870000,138,206,916,279,46,650
1728462903143712000,58,312,799,198,110,743
1728462903144554000,8,416,759,119,173,673
1728462903145396000,0,523,677,57,245,645
1728462903146237000,0,749,578,33,341,573
1728462903147078000,0,799,474,13,400,498
1728462903147919000,70,832,357,0,458,420
1728462903148761000,109,805,258,0,500,363
1728462903149605000,204,807,149,37,535,269
1728462903150447000,312,785,73,101,554,181
1728462903151289000,420,737,4,178,553,101
1728462903152130000,514,661,0,271,528,48
1728462903152971000,614,557,0,361,482,2
1728462903153812000,654,471,2,441,416,0
1728462903154654000,718,351,50,516,336,0
1728462903155495000,765,237,123,577,272,0
1728462903156337000,744,149,237,577,180,82
1728462903157179000,729,113,351,634,123,101
1728462903158021000,683,0,553,647,104,218
1728462903158862000,631,0,562,649,26,302
1728462903159703000,543,0,664,598,0,392
1728462903160544000,434,0,749,530,0,475
1728462903161385000,325,57,815,444,0,554
1728462903162226000,221,136,850,345,4,612
1728462903163082000,130,235,832,258,53,639
1728462903163923000,42,415,811,180,119,680
1728462903164765000,0,469,754,113,197,672
1728462903165606000,0,533,661,41,298,650
1728462903166447000,0,564,560,5,406,584
1728462903167288000,13,664,468,5,443,523
1728462903168130000,79,741,351,0,398,430
1728462903168972000,125,807,233,0,512,334
1728462903169813000,222,814,133,46,546,256
1728462903170655000,326,767,50,119,560,166
1728462903171497000,439,714,0,194,545,87
1728462903172338000,548,637,0,295,529,36
1728462903173179000,618,540,0,372,456,0
1728462903174020000,704,437,8,429,400,0
1728462903174861000,771,329,65,523,322,0
1728462903175702000,783,239,158,584,251,17
1728462903176556000,757,125,253,624,184,64
1728462903177398000,745,56,450,661,167,148
1728462903178240000,689,0,458,660,54,322
1728462903179081000,608,0,598,631,9,325
1728462903179922000,517,0,697,576,0,412
1728462903180763000,407,10,784,498,0,494
1728462903181604000,301,79,832,426,0,565
1728462903182446000,199,157,850,327,20,628
1728462903183288000,101,327,836,235,77,653
1728462903184130000,27,407,796,162,138,676
1728462903184971000,0,452,739,85,245,663
1728462903185812000,0,544,644,26,306,626
1728462903186653000,2,616,544,0,265,565
1728462903187494000,20,709,434,0,360,494
1728462903188336000,151,785,322,0,450,412
1728462903189177000,162,805,213,10,530,313
1728462903190014000,250,798,101,64,551,226
1728462903190856000,357,761,32,133,551,149
1728462903191698000,474,704,0,226,538,69
1728462903192539000,565,617,0,314,511,11
1728462903193380000,648,538,0,394,449,0
1728462903194221000,724,415,26,480,378,0
1728462903195062000,773,295,90,546,314,0
1728462903195903000,785,196,260,596,241,20
1728462903196745000,775,128,336,629,142,165
1728462903197587000,737,8,335,658,100,215
1728462903198429000,669,0,512,657,42,244
1728462903199270000,579,0,626,626,4,357
1728462903200111000,485,0,717,563,0,433
1728462903200952000,393,16,788,482,0,514
1728462903201793000,272,94,832,397,0,585
1728462903202635000,180,185,849,289,25,644
1728462903203497000,90,266,839,217,107,670
1728462903204339000,94,373,787,146,146,688
1728462903205181000,9,485,708,78,226,667
1728462903206022000,50,599,629,11,291,623
1728462903206863000,0,666,489,49,357,591
1728462903207704000,0,746,418,29,425,500
1728462903208545000,96,800,288,0,485,386
1728462903209387000,173,814,181,21,527,285
1728462903210229000,284,792,84,84,554,217
1728462903211071000,386,756,13,155,558,128
1728462903211912000,498,676,0,244,543,59
1728462903212753000,589,597,0,325,494,16
1728462903213594000,663,497,0,418,426,0
1728462903214435000,724,373,30,493,357,0
1728462903215276000,777,278,95,551,290,0
1728462903216117000,841,174,156,599,210,0
1728462903216962000,740,192,279,674,162,64
1728462903217804000,747,94,413,655,89,164
1728462903218645000,649,0,542,646,26,279
1728462903219486000,565,0,648,621,0,365
1728462903220327000,466,0,736,543,0,452
1728462903221168000,352,43,815,463,0,532
1728462903222009000,247,117,842,373,0,589
1728462903222851000,261,192,845,283,34,649
1728462903223693000,136,302,822,196,101,682
1728462903224534000,0,410,772,168,165,695
1728462903225376000,0,527,696,68,242,663
1728462903226217000,0,634,590,0,312,596
1728462903227058000,0,705,465,0,386,554
1728462903227899000,16,801,395,0,450,488
1728462903228741000,105,794,254,0,501,361
1728462903229582000,213,807,155,31,549,274
1728462903230425000,296,786,64,91,550,193
1728462903231267000,415,736,5,177,546,99
1728462903232108000,517,661,0,272,532,38
1728462903232949000,604,565,0,357,484,0
1728462903233790000,695,473,0,434,418,0
1728462903234631000,765,352,50,522,352,0
1728462903235472000,788,253,116,576,282,0
1728462903236314000,817,213,225,630,185,20
1728462903237156000,746,0,327,645,206,98
1728462903237998000,727,0,443,658,0,202
1728462903238839000,628,0,568,648,21,299
1728462903239680000,541,0,665,599,0,394
1728462903240521000,442,0,747,528,0,469
1728462903241362000,329,53,807,442,0,551
1728462903242203000,225,128,845,343,2,610
1728462903243045000,102,226,845,306,42,658
1728462903243897000,25,327,825,173,116,686
1728462903244739000,0,435,753,109,201,681
1728462903245580000,0,545,666,37,273,654
1728462903246421000,0,622,616,0,349,602
1728462903247262000,0,704,572,0,426,548
1728462903248104000,43,825,425,0,450,425
1728462903248946000,126,808,242,0,507,334
1728462903249787000,218,799,149,45,546,244
1728462903250629000,330,779,49,110,559,178
1728462903251471000,438,716,0,192,546,93
1728462903252312000,546,637,0,290,521,34
1728462903253153000,647,552,0,373,462,0
1728462903253994000,709,429,0,455,393,0
1728462903254835000,766,324,66,529,330,0
1728462903255676000,783,204,156,586,256,2
1728462903256518000,782,92,244,622,122,46
1728462903257366000,869,29,396,676,87,129
1728462903258207000,778,0,488,648,34,224
1728462903259048000,610,0,582,641,8,320
1728462903259889000,522,0,689,586,0,404
1728462903260730000,414,10,770,501,0,484
1728462903261571000,297,71,832,421,0,553
1728462903262412000,197,151,847,329,17,626
1728462903263254000,90,255,842,229,66,677
1728462903264096000,29,354,805,159,133,685
1728462903264938000,0,466,781,94,205,669
1728462903265779000,0,576,677,36,282,636
1728462903266620000,0,690,618,0,357,570
1728462903267461000,0,728,339,0,405,608
1728462903268302000,58,778,239,0,485,493
1728462903269143000,151,818,208,2,517,322
1728462903269985000,256,802,111,58,549,235
1728462903270839000,357,767,42,132,548,149
1728462903271681000,461,706,0,229,542,66
1728462903272522000,562,623,0,309,508,18
1728462903273363000,650,501,0,398,450,0
1728462903274204000,718,398,16,480,389,0
1728462903275045000,769,306,77,542,287,0
1728462903275886000,789,194,162,590,218,18
1728462903276728000,872,97,320,648,133,79
1728462903277570000,604,21,381,743,87,192
1728462903278412000,581,0,520,714,37,261
1728462903279253000,585,0,621,626,5,341
1728462903280094000,490,0,707,567,0,435
1728462903280935000,377,21,785,491,0,514
1728462903281776000,281,79,832,404,0,577
1728462903282618000,185,180,847,301,36,634
1728462903283460000,82,277,835,224,77,671
1728462903284303000,21,381,861,146,156,682
1728462903285144000,0,490,757,74,224,671
1728462903285985000,0,591,580,20,297,688
1728462903286826000,0,666,437,0,381,648
1728462903287667000,45,762,346,0,458,544
1728462903288508000,117,792,274,0,493,353
1728462903289350000,178,811,192,21,522,293
1728462903290192000,273,799,97,74,552,209
1728462903291034000,373,753,34,156,554,133
1728462903291875000,493,679,0,245,541,64
1728462903292716000,586,606,0,334,496,18
1728462903293557000,660,482,0,416,419,0
1728462903294398000,746,383,41,490,368,0
1728462903295239000,782,279,100,554,290,0
1728462903296080000,865,171,207,613,188,21
1728462903296922000,669,78,330,705,138,142
1728462903297775000,660,25,448,704,78,170
1728462903298616000,649,0,529,644,34,269
1728462903299457000,576,0,632,610,0,365
1728462903300298000,476,0,736,545,0,450
1728462903301139000,361,37,802,468,0,533
1728462903301980000,255,111,836,372,0,594
1728462903302822000,157,207,879,285,41,645
1728462903303664000,69,297,857,205,101,738
1728462903304506000,8,405,750,122,175,726
1728462903305348000,0,523,692,57,247,660
1728462903306189000,0,706,581,21,312,552
1728462903307030000,0,814,480,18,394,494
1728462903307871000,73,845,369,8,452,420
1728462903308713000,100,792,282,0,502,369
1728462903309555000,205,804,157,33,538,274
1728462903310396000,299,786,68,87,559,192
1728462903311250000,417,736,5,178,560,107
1728462903312091000,506,663,0,266,533,46
1728462903312932000,606,564,0,361,476,0
1728462903313773000,680,469,0,437,420,0
1728462903314614000,727,365,58,517,349,0
1728462903315455000,773,233,128,576,266,0
1728462903316296000,736,138,215,545,194,18
1728462903317138000,741,110,338,617,136,136
1728462903317980000,700,10,437,644,69,186
1728462903318821000,632,0,568,656,23,296
1728462903319662000,542,0,668,597,0,391
1728462903320503000,436,0,762,530,0,468
1728462903321345000,332,49,805,450,0,548
1728462903322186000,230,138,846,349,8,605
1728462903323028000,138,224,834,256,53,710
1728462903323870000,50,327,805,185,106,658
1728462903324710000,0,489,755,107,197,674
1728462903325551000,0,522,676,47,299,653
1728462903326392000,0,544,565,11,394,585
1728462903327233000,0,615,458,0,466,514
1728462903328074000,53,723,341,0,501,430
1728462903328916000,133,808,239,0,511,340
1728462903329757000,217,809,137,42,540,249
1728462903330599000,320,772,58,109,553,170
1728462903331441000,436,715,0,203,554,93
1728462903332282000,537,645,0,281,523,39
1728462903333123000,616,546,0,372,469,1
1728462903333964000,705,441,1,450,405,0
1728462903334806000,767,335,69,523,324,1
1728462903335647000,778,234,154,588,250,2
1728462903336489000,765,161,245,621,185,32
1728462903337331000,738,29,463,653,157,157
1728462903338181000,692,0,521,650,36,279
1728462903339022000,616,0,581,636,20,322
1728462903339862000,521,0,677,580,0,405
1728462903340703000,424,9,766,512,0,485
1728462903341544000,306,70,826,420,0,562
1728462903342385000,205,154,849,333,5,615
1728462903343227000,105,285,833,244,65,637
1728462903344069000,39,400,805,175,137,674
1728462903344911000,0,448,729,96,266,677
1728462903345753000,0,552,656,34,302,646
1728462903346594000,20,608,549,0,389,582
1728462903347435000,5,704,434,0,341,500
1728462903348277000,185,767,368,9,437,394
1728462903349119000,138,804,218,4,517,320
1728462903349961000,245,795,110,57,549,234
1728462903350803000,352,772,42,126,554,161
1728462903351652000,466,704,0,221,542,69
1728462903352493000,572,624,0,309,514,21
1728462903353334000,636,532,0,388,448,0
1728462903354175000,714,429,18,469,389,0
1728462903355016000,762,314,90,533,321,0
1728462903355857000,788,202,168,602,241,11
1728462903356699000,778,100,162,633,160,171
1728462903357541000,767,58,341,655,107,162
1728462903358382000,705,0,470,650,34,178
1728462903359223000,589,0,611,629,7,331
1728462903360064000,490,0,714,578,0,426
1728462903360905000,383,11,788,491,0,506
1728462903361746000,284,78,820,403,0,577
1728462903362588000,184,177,847,304,23,640
1728462903363430000,93,249,834,231,98,663
1728462903364272000,19,363,790,149,134,675
1728462903365120000,23,480,727,84,213,673
1728462903365961000,10,582,629,26,296,632
1728462903366802000,0,663,504,64,357,594
1728462903367643000,0,738,418,34,427,523
1728462903368485000,42,782,290,0,474,401
1728462903369327000,178,807,192,13,517,293
1728462903370169000,266,799,98,71,548,207
1728462903371010000,369,746,25,161,554,128
1728462903371852000,489,689,0,242,545,64
1728462903372693000,581,601,0,324,501,13
1728462903373534000,651,505,0,402,441,0
1728462903374375000,733,405,5,481,377,1
1728462903375216000,790,287,93,559,293,0
1728462903376057000,808,185,188,610,234,45
1728462903376898000,754,86,282,650,157,50
1728462903377740000,725,128,408,699,110,142
1728462903378595000,672,37,518,656,42,253
1728462903379436000,576,0,621,613,2,366
1728462903380277000,461,0,732,546,0,453
1728462903381118000,370,34,798,473,0,524
1728462903381959000,265,105,836,377,0,588
1728462903382800000,149,197,853,292,36,640
1728462903383642000,161,285,832,210,90,676
1728462903384484000,13,400,777,173,166,686
1728462903385326000,0,520,704,78,235,669
1728462903386167000,0,607,610,0,307,599
1728462903387008000,0,690,480,0,382,544
1728462903387849000,0,747,373,0,434,477
1728462903388690000,87,802,274,0,501,374
1728462903389531000,197,806,164,26,535,279
1728462903390373000,293,785,74,84,554,193
1728462903391215000,407,740,8,169,553,111
1728462903392061000,525,669,0,261,535,44
1728462903392902000,604,578,0,346,487,0
1728462903393743000,696,473,0,423,442,0
1728462903394584000,749,370,30,513,353,0
1728462903395425000,781,255,119,576,277,0
1728462903396266000,794,151,192,619,208,0
1728462903397108000,785,170,301,681,154,85
1728462903397950000,719,0,433,668,149,185
1728462903398792000,644,0,560,649,34,290
1728462903399633000,549,0,661,601,0,377
1728462903400474000,440,0,747,537,0,458
1728462903401315000,331,43,811,448,0,545
1728462903402156000,235,128,846,357,5,608
1728462903402998000,154,217,841,267,48,657
1728462903403840000,34,324,816,222,106,690
1728462903404682000,0,437,760,129,194,678
1728462903405529000,0,537,683,45,258,656
1728462903406370000,0,668,619,0,333,622
1728462903407211000,0,764,491,0,394,533
1728462903408052000,23,779,349,0,468,434
1728462903408894000,125,802,238,0,506,349
1728462903409735000,224,815,144,39,537,256
1728462903410577000,322,779,65,117,562,170
1728462903411419000,426,721,2,197,554,96
1728462903412260000,533,642,0,293,525,45
1728462903413101000,628,554,0,372,474,0
1728462903413942000,700,448,0,450,410,0
1728462903414783000,761,337,65,522,326,0
1728462903415624000,789,240,147,584,253,8
1728462903416466000,773,58,239,648,254,42
1728462903417308000,765,11,364,654,58,130
1728462903418150000,832,0,522,688,23,229
1728462903419004000,622,0,581,634,21,321
1728462903419845000,523,0,690,584,0,407
1728462903420686000,418,4,754,512,0,485
1728462903421527000,311,77,821,418,0,576
1728462903422368000,213,149,851,331,8,613
1728462903423210000,85,238,842,233,64,663
1728462903424052000,28,346,804,172,133,685
1728462903424894000,0,458,736,85,207,677
1728462903425735000,0,564,704,30,276,650
1728462903426576000,0,669,642,0,389,604
1728462903427417000,0,765,506,0,410,490
1728462903428259000,55,764,238,0,474,480
1728462903429101000,146,808,220,7,517,327
1728462903429943000,242,804,121,64,548,241
1728462903430785000,348,764,41,128,561,164
1728462903431626000,463,707,0,217,544,78
1728462903432468000,558,623,0,305,503,28
1728462903433309000,655,494,0,388,463,0
1728462903434150000,720,404,17,468,395,0
1728462903434991000,761,303,85,543,313,0
1728462903435832000,793,185,160,605,238,0
1728462903436674000,781,85,277,637,121,69
1728462903437515000,810,21,410,648,78,154
1728462903438357000,554,0,480,732,26,271
1728462903439198000,592,0,610,630,10,327
1728462903440039000,498,0,708,570,0,416
1728462903440880000,394,17,786,495,0,505
1728462903441721000,277,82,836,410,0,578
1728462903442562000,188,168,850,320,26,632
1728462903443403000,89,271,849,220,79,675
1728462903444245000,21,378,864,151,146,688
1728462903445087000,0,488,765,84,224,666
1728462903445935000,0,583,645,26,302,679
1728462903446776000,0,657,448,0,370,650
1728462903447617000,29,727,342,2,450,545
1728462903448459000,137,796,266,0,466,322
1728462903449300000,165,812,194,2,517,310
1728462903450142000,270,802,102,77,544,218
1728462903450984000,375,756,29,151,564,138
1728462903451826000,493,687,0,234,546,66
1728462903452667000,583,598,0,333,500,14
1728462903453508000,668,490,0,402,433,0
1728462903454349000,736,394,42,482,359,0
1728462903455190000,777,284,100,550,281,0
1728462903456031000,798,194,194,613,222,34
1728462903456873000,693,97,335,690,151,101
1728462903457715000,679,13,386,622,85,170
1728462903458556000,648,21,533,635,36,265
1728462903459408000,576,0,633,612,0,361
1728462903460249000,474,0,729,552,0,448
1728462903461090000,375,34,790,477,0,521
1728462903461931000,266,111,835,383,0,591
1728462903462773000,156,186,855,296,34,641
1728462903463615000,68,284,801,212,93,715
1728462903464457000,11,403,770,136,167,675
1728462903465299000,0,568,704,74,234,653
1728462903466140000,0,636,618,17,320,606
1728462903466981000,0,746,505,0,455,528
1728462903467822000,18,649,389,0,520,448
1728462903468663000,101,741,255,0,549,366
1728462903469504000,189,802,171,26,530,282
1728462903470346000,293,790,82,93,554,201
1728462903471188000,398,741,13,169,551,110
1728462903472029000,504,678,0,253,533,44
1728462903472876000,597,581,0,349,490,10
1728462903473717000,661,474,0,431,424,0
1728462903474558000,752,340,45,507,359,0
1728462903475399000,772,257,119,550,271,0
1728462903476240000,773,165,206,597,210,43
1728462903477082000,754,69,313,637,136,101
1728462903477924000,696,32,521,659,84,186
1728462903478765000,624,0,602,645,33,299
1728462903479606000,546,0,663,610,0,375
1728462903480447000,450,0,750,538,0,456
1728462903481288000,341,42,806,455,0,542
1728462903482129000,234,122,843,362,0,605
1728462903482971000,136,210,848,263,42,658
1728462903483813000,53,389,802,188,112,666
1728462903484655000,0,410,765,117,237,684
1728462903485497000,0,513,683,64,281,654
1728462903486349000,0,601,591,9,370,597
1728462903487190000,4,674,471,0,321,529
1728462903488031000,71,744,361,0,413,437
1728462903488873000,186,794,252,0,494,352
1728462903489714000,214,810,148,35,538,254
1728462903490556000,309,777,64,106,554,178
1728462903491398000,432,722,0,192,558,100
1728462903492239000,532,650,0,272,531,41
1728462903493080000,626,554,0,367,481,0
1728462903493921000,682,464,5,444,405,0
1728462903494763000,747,350,65,520,330,0
1728462903495604000,788,238,151,580,269,0
1728462903496446000,777,156,295,626,194,53
1728462903497288000,750,45,250,650,110,225
1728462903498129000,753,28,426,649,65,269
1728462903498970000,621,0,576,633,20,312
1728462903499816000,526,0,685,599,0,401
1728462903500657000,430,2,765,517,0,480
1728462903501498000,311,66,818,426,0,560
1728462903502339000,205,146,855,338,9,626
1728462903503181000,122,221,837,253,105,664
1728462903504023000,52,328,808,171,114,689
1728462903504865000,54,448,750,105,192,678
1728462903505706000,33,562,661,36,276,642
1728462903506547000,58,663,589,0,329,577
1728462903507388000,58,730,435,64,394,541
1728462903508230000,0,767,361,42,469,456
1728462903509072000,146,807,212,0,522,332
1728462903509913000,237,802,125,48,541,238
1728462903510755000,354,769,43,136,553,154
1728462903511596000,452,705,0,209,546,82
1728462903512437000,548,624,0,309,513,29
1728462903513286000,645,540,0,383,469,0
1728462903514127000,712,430,8,468,399,0
1728462903514968000,778,320,75,541,323,0
1728462903515809000,789,210,157,588,235,13
1728462903516651000,820,123,245,633,151,0
1728462903517493000,730,145,371,696,124,113
1728462903518335000,726,50,474,653,47,208
1728462903519176000,602,0,602,630,10,338
1728462903520017000,502,0,704,572,0,427
1728462903520858000,403,17,773,495,0,505
1728462903521699000,286,88,832,402,0,578
1728462903522541000,192,169,852,321,17,629
1728462903523383000,184,258,839,229,70,663
1728462903524225000,40,367,788,205,144,688
1728462903525067000,0,486,722,106,221,682
1728462903525908000,0,580,634,27,293,635
1728462903526760000,0,672,514,0,362,591
1728462903527601000,0,757,424,0,415,517
1728462903528442000,43,851,322,0,488,413
1728462903529283000,161,810,201,11,524,309
1728462903530125000,261,790,90,73,549,217
1728462903530967000,372,757,18,141,562,138
1728462903531809000,480,689,0,226,541,68
1728462903532650000,583,602,0,330,501,8
1728462903533491000,679,505,0,405,436,0
1728462903534332000,737,403,26,490,368,0
1728462903535173000,778,286,106,554,298,0
1728462903536014000,792,186,197,613,228,18
1728462903536856000,752,13,279,653,218,74
1728462903537698000,757,0,402,666,53,156
1728462903538540000,621,0,522,651,0,258
1728462903539381000,576,0,634,617,0,349
1728462903540228000,476,0,725,565,0,433
1728462903541069000,367,26,794,474,0,522
1728462903541910000,255,98,839,385,0,588
1728462903542752000,165,197,845,292,37,650
1728462903543594000,64,290,832,214,90,677
1728462903544436000,0,404,784,136,165,686
1728462903545278000,0,501,709,73,232,666
1728462903546119000,0,599,615,11,314,620
1728462903546960000,0,663,613,0,399,566
1728462903547801000,21,756,482,0,482,494
1728462903548643000,106,818,321,0,474,437
1728462903549484000,192,807,178,17,523,281
1728462903550326000,278,789,89,89,552,194
1728462903551168000,393,739,16,168,557,119
1728462903552009000,498,670,0,258,533,64
1728462903552850000,599,578,0,347,489,2
1728462903553699000,687,482,0,430,433,0
1728462903554540000,745,380,29,500,355,0
1728462903555381000,783,250,113,553,282,0
1728462903556222000,805,157,199,623,221,37
1728462903557064000,754,43,322,640,77,98
1728462903557906000,802,0,471,667,58,192
1728462903558747000,690,0,535,677,20,293
1728462903559588000,553,0,648,602,0,381
1728462903560429000,454,0,733,538,0,466
1728462903561270000,349,46,805,452,0,548
1728462903562111000,249,122,844,356,0,598
1728462903562953000,139,217,853,281,45,649
1728462903563795000,53,312,818,192,110,685
1728462903564637000,0,426,832,114,186,686
1728462903565479000,0,536,690,46,249,716
1728462903566320000,0,631,568,5,322,634
1728462903567176000,9,711,429,0,423,580
1728462903568017000,109,788,328,0,450,366
1728462903568859000,105,877,233,4,507,330
1728462903569700000,212,808,149,29,536,262
1728462903570542000,314,780,64,97,549,182
1728462903571384000,430,737,0,184,540,105
1728462903572225000,520,655,0,277,525,38
1728462903573066000,619,565,0,357,485,0
1728462903573907000,696,444,0,442,397,0
1728462903574749000,757,341,66,535,338,0
1728462903575590000,784,207,142,579,261,0
1728462903576432000,737,133,239,649,181,64
1728462903577274000,717,68,335,594,117,121
1728462903578116000,676,43,474,633,58,209
1728462903578957000,612,0,579,634,25,303
1728462903579798000,529,0,675,596,0,397
1728462903580639000,430,0,754,537,0,480
1728462903581480000,320,64,811,431,0,562
1728462903582321000,218,141,846,335,5,621
1728462903583163000,125,244,849,256,55,661
1728462903584005000,38,338,795,175,129,673
1728462903584847000,0,546,738,100,197,664
1728462903585688000,0,612,656,47,276,641
1728462903586529000,1,705,551,0,343,576
1728462903587370000,1,608,459,0,481,505
1728462903588212000,34,713,333,2,509,418
1728462903589054000,138,807,226,0,509,329
1728462903589895000,229,801,130,47,544,240
1728462903590737000,337,765,41,122,556,161
1728462903591579000,452,713,0,210,554,89
1728462903592420000,549,632,0,292,514,32
1728462903593261000,645,535,0,383,458,0
1728462903594108000,704,426,10,463,385,0
1728462903594949000,756,325,84,538,313,0
1728462903595790000,785,213,167,594,254,14
1728462903596632000,754,169,270,618,175,58
1728462903597474000,736,22,471,657,141,160
1728462903598316000,680,8,545,644,34,234
1728462903599157000,609,0,609,628,0,338
1728462903599998000,508,0,700,578,0,414
1728462903600839000,402,23,778,500,0,496
1728462903601680000,289,76,833,405,0,576
1728462903602522000,189,160,852,322,18,629
1728462903603364000,101,321,825,234,84,661
1728462903604206000,31,416,794,156,198,680
1728462903605048000,0,463,727,87,253,666
1728462903605889000,0,570,641,30,285,642
1728462903606730000,0,624,535,0,324,568
1728462903607577000,16,711,433,0,373,485
1728462903608418000,212,769,313,0,450,389
1728462903609259000,162,804,192,11,523,312
1728462903610101000,265,797,106,64,546,224
1728462903610943000,368,761,26,146,564,138
1728462903611785000,474,698,0,234,544,75
1728462903612626000,570,600,0,329,505,11
1728462903613467000,642,510,0,386,441,0
1728462903614308000,724,410,26,476,377,0
1728462903615149000,762,293,97,541,301,0
1728462903615991000,786,192,184,599,228,16
1728462903616833000,762,85,192,637,149,170
1728462903617675000,749,45,368,654,100,218
1728462903618517000,628,50,485,661,56,202
1728462903619358000,583,0,628,613,0,357
1728462903620199000,481,0,725,558,0,440
1728462903621049000,378,30,791,484,0,517
1728462903621890000,269,100,841,382,0,585
1728462903622732000,161,188,851,297,30,645
1728462903623574000,78,269,825,215,74,677
1728462903624416000,96,393,786,132,151,690
1728462903625258000,0,501,714,114,226,663
1728462903626099000,0,608,616,52,306,619
1728462903626940000,0,675,532,26,371,570
1728462903627781000,0,742,416,18,425,452
1728462903628622000,52,788,266,0,490,378
1728462903629464000,184,812,170,21,533,295
1728462903630305000,293,789,85,84,551,203
1728462903631147000,400,746,14,169,553,120
1728462903631989000,496,677,0,260,534,51
1728462903632830000,593,588,0,343,491,0
1728462903633671000,677,478,0,420,436,0
1728462903634564000,754,372,23,498,357,0
1728462903635405000,784,265,97,565,284,0
1728462903636246000,793,164,201,608,217,34
1728462903637088000,790,156,303,660,138,77
1728462903637930000,698,0,420,664,154,157
1728462903638771000,661,0,541,663,64,266
1728462903639612000,554,0,645,609,0,375
1728462903640453000,454,0,737,548,0,464
1728462903641294000,350,40,799,454,0,542
1728462903642135000,249,119,845,359,0,602
1728462903642977000,144,213,850,276,37,656
1728462903643819000,34,306,823,234,106,682
1728462903644661000,0,417,766,114,181,686
1728462903645503000,0,530,682,58,258,660
1728462903646344000,0,629,588,0,323,615
1728462903647185000,0,732,490,0,385,532
1728462903647990000,33,747,473,0,490,465
1728462903648832000,98,836,306,0,509,338
1728462903649673000,205,810,157,30,535,265
1728462903650514000,309,773,69,104,553,180
1728462903651356000,422,736,2,180,554,104
1728462903652197000,522,665,0,269,522,52
1728462903653038000,619,562,0,363,474,0
1728462903653879000,716,459,0,448,430,0
1728462903654721000,750,302,65,520,341,0
1728462903655562000,761,212,137,579,266,0
1728462903656403000,790,111,213,632,194,39
1728462903657245000,864,37,357,661,87,126
1728462903658087000,784,0,473,661,36,210
1728462903658928000,514,0,569,709,25,331
1728462903659769000,525,0,681,597,0,398
1728462903660610000,424,0,759,530,0,474
1728462903661459000,314,56,817,433,0,557
1728462903662300000,221,133,850,350,10,617
1728462903663142000,122,232,845,256,53,663
1728462903663984000,45,338,889,173,117,679
1728462903664826000,0,448,799,104,202,683
1728462903665667000,0,545,639,43,272,700
1728462903666508000,0,653,538,7,351,631
1728462903667349000,0,697,377,0,424,587
1728462903668190000,107,797,290,0,476,448
1728462903669032000,148,808,202,0,506,292
1728462903669873000,237,802,138,47,538,240
1728462903670715000,338,767,52,122,562,169
1728462903671557000,448,712,0,212,552,89
1728462903672398000,546,634,0,301,517,33
1728462903673239000,638,538,0,378,459,0
1728462903674080000,713,440,5,449,380,0
1728462903674935000,767,325,75,537,309,0
1728462903675776000,790,215,165,590,250,0
1728462903676618000,722,111,266,683,180,79
1728462903677460000,693,36,376,601,111,133
1728462903678302000,658,34,506,625,58,256
1728462903679143000,607,0,602,628,10,331
1728462903679984000,511,0,693,576,0,413
1728462903680825000,409,18,775,506,0,495
1728462903681666000,290,77,823,413,0,562
1728462903682508000,192,154,852,325,21,631
1728462903683350000,101,257,837,235,74,665
1728462903684192000,36,369,792,153,142,677
1728462903685034000,0,538,738,87,221,658
1728462903685875000,0,620,642,33,294,622
1728462903686716000,0,729,533,0,355,562
1728462903687557000,0,604,421,0,500,469
1728462903688403000,64,694,298,0,544,395
1728462903689244000,159,809,207,5,511,320
1728462903690086000,263,801,112,64,547,224
1728462903690928000,359,762,42,144,559,138
1728462903691770000,466,698,0,226,545,74
1728462903692611000,570,604,0,320,511,13
1728462903693452000,656,509,0,404,455,0
1728462903694293000,718,410,20,466,381,0
1728462903695134000,775,292,87,535,293,0
1728462903695976000,791,201,181,601,229,18
1728462903696818000,761,92,381,633,194,105
1728462903697660000,728,58,458,662,87,199
1728462903698501000,666,0,431,660,34,345
1728462903699342000,585,0,617,617,14,360
1728462903700183000,481,0,725,554,0,435
1728462903701024000,383,26,792,485,0,514
1728462903701912000,274,100,837,389,0,586
1728462903702754000,165,181,853,298,29,644
1728462903703596000,81,261,826,218,142,680
1728462903704438000,18,372,778,133,192,683
1728462903705279000,0,493,710,73,207,660
1728462903706120000,39,597,619,23,292,618
1728462903706961000,78,674,552,0,346,549
1728462903707802000,107,746,434,0,416,474
1728462903708643000,0,781,244,56,486,410
1728462903709485000,184,818,173,16,533,298
1728462903710327000,279,789,88,76,548,205
1728462903711168000,390,746,18,165,549,120
1728462903712010000,494,679,0,253,535,52
1728462903712851000,588,584,0,338,490,5
1728462903713692000,682,481,0,421,440,0
1728462903714533000,722,378,37,499,368,0
1728462903715346000,773,284,111,557,293,0
1728462903716188000,797,165,201,617,221,33
1728462903717030000,826,101,274,645,142,149
1728462903717872000,716,11,413,673,77,130
1728462903718713000,642,93,540,680,45,249
1728462903719554000,562,0,657,614,0,376
1728462903720395000,455,0,732,543,0,455
1728462903721236000,352,49,799,458,0,546
1728462903722077000,245,117,838,365,0,601
1728462903722918000,157,210,850,289,48,648
1728462903723760000,65,299,824,201,94,674
1728462903724602000,77,409,772,120,169,685
1728462903725444000,0,530,698,98,251,664
1728462903726285000,0,628,586,26,330,616
1728462903727126000,0,712,511,20,383,523
1728462903727967000,11,768,354,0,457,441
1728462903728813000,90,843,286,0,497,368
1728462903729655000,202,808,160,42,540,271
1728462903730496000,302,776,63,104,555,184
1728462903731338000,425,732,10,180,553,104
1728462903732179000,523,663,0,274,522,47
1728462903733020000,613,560,0,365,469,0
1728462903733861000,709,463,0,434,426,0
1728462903734703000,754,349,52,518,342,0
1728462903735544000,762,242,135,591,269,0
1728462903736386000,789,144,229,626,197,43
1728462903737228000,736,0,333,658,190,116
1728462903738070000,722,0,451,653,0,196
1728462903738911000,626,0,566,634,0,287
1728462903739752000,542,0,675,596,0,398
1728462903740593000,426,0,760,528,0,475
1728462903741434000,324,53,813,452,0,554
1728462903742288000,221,141,846,343,10,612
1728462903743130000,125,231,847,253,55,666
1728462903743972000,23,341,813,168,122,685
1728462903744814000,0,445,755,105,205,686
1728462903745655000,0,543,669,45,272,648
1728462903746496000,0,645,591,4,346,597
1728462903747337000,0,756,545,0,441,543
1728462903748178000,49,776,258,0,450,530
1728462903749020000,132,805,170,0,532,389
1728462903749861000,229,809,137,48,550,249
1728462903750703000,341,766,49,122,561,168
1728462903751545000,448,713,0,201,554,89
1728462903752386000,543,638,0,281,513,37
1728462903753227000,642,542,0,376,458,0
1728462903754068000,718,422,0,463,395,0
1728462903754910000,764,326,77,533,320,0
1728462903755756000,786,215,157,581,233,5
1728462903756598000,810,112,258,642,188,43
1728462903757440000,624,37,333,727,101,188
1728462903758282000,617,0,514,700,34,215
1728462903759123000,564,0,597,564,5,312
1728462903759964000,509,0,693,578,0,407
1728462903760805000,405,21,773,512,0,490
1728462903761646000,293,66,826,421,0,565
1728462903762488000,203,151,848,327,26,626
1728462903763330000,101,261,841,234,64,669
1728462903764172000,31,362,785,162,133,746
1728462903765014000,0,480,725,85,210,710
1728462903765855000,0,570,638,34,285,624
1728462903766696000,0,668,530,0,360,550
1728462903767537000,0,719,401,0,420,437
1728462903768379000,87,888,285,18,492,372
1728462903769228000,167,869,202,5,569,313
1728462903770070000,253,802,117,58,549,224
1728462903770912000,354,767,45,138,554,139
1728462903771753000,474,697,0,218,549,75
1728462903772594000,568,601,0,320,509,18
1728462903773435000,656,514,0,395,456,0
1728462903774276000,722,414,18,475,375,0
1728462903775118000,767,297,85,542,296,0
1728462903775959000,777,197,184,604,217,18
1728462903776801000,741,110,293,666,154,68
1728462903777643000,702,69,413,634,93,183
1728462903778485000,640,16,510,638,50,221
1728462903779326000,585,0,613,619,10,354
1728462903780167000,486,0,714,560,0,435
1728462903781008000,381,23,784,494,0,508
1728462903781849000,270,98,834,394,0,580
1728462903782741000,166,179,854,298,26,636
1728462903783583000,79,285,832,218,89,682
1728462903784425000,18,466,782,138,155,679
1728462903785267000,0,493,715,71,267,661
1728462903786108000,0,586,622,26,322,615
1728462903786949000,0,631,517,8,410,546
1728462903787790000,29,707,415,0,372,469
1728462903788631000,222,778,320,0,463,386
1728462903789473000,186,820,185,11,526,302
1728462903790315000,288,794,92,79,551,202
1728462903791157000,384,754,23,162,552,119
1728462903791999000,490,676,0,256,538,58
1728462903792840000,597,586,0,335,497,6
1728462903793681000,666,496,0,421,441,0
1728462903794522000,729,392,26,485,362,0
1728462903795363000,778,260,117,563,290,0
1728462903796233000,786,175,208,618,218,29
1728462903797075000,756,90,201,642,138,206
1728462903797917000,746,23,378,671,109,240
1728462903798758000,708,0,509,650,11,207
1728462903799599000,564,0,638,605,0,377
1728462903800440000,461,0,738,538,0,461
1728462903801281000,356,38,804,460,0,530
1728462903802122000,254,112,837,367,0,593
1728462903802964000,144,213,856,282,41,656
1728462903803806000,68,286,822,211,96,680
1728462903804648000,87,407,767,122,169,686
1728462903805490000,33,525,696,58,240,660
1728462903806331000,0,626,598,42,314,618
1728462903807172000,0,711,506,40,384,587
1728462903808013000,0,762,411,23,462,462
1728462903808854000,69,791,233,0,501,361
1728462903809641000,202,805,149,25,538,270
1728462903810483000,303,784,76,90,552,192
1728462903811325000,420,736,2,184,544,104
1728462903812166000,521,658,0,272,530,34
1728462903813007000,613,564,0,360,482,0
1728462903813848000,692,463,0,442,417,0
1728462903814689000,757,352,39,517,353,0
1728462903815530000,790,252,126,564,269,0
1728462903816372000,793,151,239,625,199,42
1728462903817214000,795,144,325,681,122,87
1728462903818056000,686,0,461,663,146,200
1728462903818897000,626,0,565,665,82,296
1728462903819738000,538,0,664,599,0,394
1728462903820579000,436,0,754,533,0,474
1728462903821421000,327,53,810,434,0,554
1728462903822262000,237,139,853,339,5,618
1728462903823117000,130,240,850,258,50,660
1728462903823959000,21,325,819,225,122,681
1728462903824801000,0,437,753,93,205,685
1728462903825643000,0,548,666,36,269,654
1728462903826484000,0,645,576,4,341,601
1728462903827325000,0,777,470,0,397,510
1728462903828166000,47,757,448,0,477,436
1728462903829008000,120,837,309,0,533,341
1728462903829850000,228,802,132,47,546,245
1728462903830692000,338,773,47,109,555,166
1728462903831534000,441,712,0,202,544,92
1728462903832375000,548,637,0,292,513,32
1728462903833216000,634,540,0,375,457,0
1728462903834057000,718,442,9,462,406,0
1728462903834899000,759,322,64,523,327,0
1728462903835740000,792,207,151,597,253,10
1728462903836582000,784,133,256,636,169,66
1728462903837424000,741,26,370,658,68,146
1728462903838265000,802,0,536,677,27,220
1728462903839106000,725,0,641,645,0,311
1728462903839947000,514,0,690,581,0,410
1728462903840788000,405,18,773,507,0,490
1728462903841629000,296,68,828,417,0,565
1728462903842471000,207,154,847,327,29,626
1728462903843313000,105,253,845,239,64,670
1728462903844155000,29,361,804,161,133,682
1728462903844997000,0,470,815,89,214,682
1728462903845838000,0,576,687,36,290,642
1728462903846679000,0,644,528,0,351,610
1728462903847520000,14,730,361,0,448,587
1728462903848362000,119,801,274,0,472,366
1728462903849204000,139,916,177,4,512,258
1728462903850052000,253,800,119,64,550,233
1728462903850894000,357,764,34,137,554,149
1728462903851735000,473,709,0,220,553,85
1728462903852576000,566,618,0,309,514,23
1728462903853417000,660,521,0,392,450,0
1728462903854258000,729,405,21,482,373,0
1728462903855099000,775,286,94,547,306,0
1728462903855940000,783,205,186,601,229,23
1728462903856782000,747,98,276,663,169,81
1728462903857624000,682,46,373,590,98,157
1728462903858466000,628,0,506,608,20,279
1728462903859307000,565,21,626,604,0,341
1728462903860148000,490,0,708,564,0,426
1728462903860989000,380,18,786,486,0,506
1728462903861830000,276,92,834,400,0,586
1728462903862672000,176,175,846,305,26,640
1728462903863522000,85,289,832,218,87,681
1728462903864364000,26,386,773,139,160,685
1728462903865206000,0,497,705,74,229,651
1728462903866047000,0,654,625,28,302,613
1728462903866888000,0,727,521,0,370,544
1728462903867729000,14,629,397,0,514,460
1728462903868570000,69,712,267,5,547,370
1728462903869411000,186,781,183,11,482,290
1728462903870253000,284,797,96,75,551,207
1728462903871095000,377,756,25,156,554,129
1728462903871936000,488,678,0,254,543,58
1728462903872777000,591,591,0,335,501,11
1728462903873618000,671,498,0,415,439,0
1728462903874459000,725,392,26,491,370,0
1728462903875300000,754,272,104,543,284,0
1728462903876141000,791,185,206,613,218,29
1728462903876992000,757,97,314,648,159,96
1728462903877834000,714,48,485,655,103,185
1728462903878676000,650,0,448,637,38,362
1728462903879517000,576,0,629,610,0,386
1728462903880358000,466,0,727,541,0,453
1728462903881199000,357,34,803,463,0,530
1728462903882040000,261,109,842,378,0,594
1728462903882882000,146,202,850,282,37,644
1728462903883724000,68,306,826,205,99,677
1728462903884566000,9,393,775,127,218,686
1728462903885408000,0,511,695,64,228,660
1728462903886249000,0,616,601,13,304,614
1728462903887090000,106,680,501,0,343,527
1728462903887931000,151,743,425,0,418,448
1728462903888772000,144,785,242,58,471,383
1728462903889614000,200,808,154,27,544,272
1728462903890461000,304,785,78,88,552,193
1728462903891303000,417,741,7,180,547,109
1728462903892144000,517,663,0,267,536,42
1728462903892984000,609,576,0,354,487,0
1728462903893825000,665,470,0,421,410,0
1728462903894666000,757,352,42,519,357,0
1728462903895507000,785,247,125,570,271,0
1728462903896349000,770,146,234,619,201,50
1728462903897191000,795,93,293,657,151,154
1728462903898033000,753,15,410,655,58,122
1728462903898874000,613,55,535,645,29,247
1728462903899715000,533,0,672,599,0,394
1728462903900556000,431,0,757,530,0,469
1728462903901397000,325,43,811,444,0,549
1728462903902238000,233,138,847,349,9,617
1728462903903080000,130,230,842,253,46,664
1728462903903934000,42,320,815,182,102,672
1728462903904776000,49,434,760,113,197,682
1728462903905617000,18,538,674,90,261,653
1728462903906458000,0,639,569,38,335,599
1728462903907299000,0,704,489,20,394,545
1728462903908140000,0,769,337,0,453,421
1728462903908982000,95,839,249,0,500,354
1728462903909824000,221,799,136,46,541,247
1728462903910666000,335,769,50,117,565,170
1728462903911508000,437,719,0,201,553,87
1728462903912349000,541,640,0,282,516,32
1728462903913190000,633,546,0,374,460,0
1728462903914031000,716,437,0,456,394,0
1728462903914872000,762,338,65,529,325,0
1728462903915713000,788,229,158,584,252,13
1728462903916555000,797,123,253,642,181,53
1728462903917404000,730,0,354,660,165,120
1728462903918246000,711,0,482,661,56,209
1728462903919087000,620,0,599,628,0,311
1728462903919928000,513,0,688,581,0,400
1728462903920769000,407,20,770,506,0,500
1728462903921610000,296,66,826,423,0,565
1728462903922452000,196,146,846,327,18,624
1728462903923294000,109,254,843,238,64,670
1728462903924136000,29,360,805,154,130,685
1728462903924978000,0,469,738,85,212,670
1728462903925819000,0,576,661,29,285,649
1728462903926660000,0,654,587,0,354,581
1728462903927501000,1,746,520,0,468,513
1728462903928343000,71,811,375,0,469,415
1728462903929185000,167,786,125,2,508,414
1728462903930026000,254,802,117,57,550,228
1728462903930883000,350,766,42,136,559,158
1728462903931725000,465,699,0,224,541,82
1728462903932566000,562,613,0,308,509,20
1728462903933407000,657,520,0,392,462,0
1728462903934248000,719,389,16,463,379,0
1728462903935090000,773,292,78,552,306,0
1728462903935931000,786,199,178,602,226,9
1728462903936773000,778,93,286,645,161,79
1728462903937615000,801,34,372,651,90,175
1728462903938457000,586,0,525,707,34,289
1728462903939298000,523,0,653,670,0,334
1728462903940139000,495,0,706,576,0,425
1728462903940980000,391,26,789,486,0,509
1728462903941821000,274,92,837,401,0,576
1728462903942663000,178,178,854,303,29,638
1728462903943505000,86,281,832,218,84,682
1728462903944355000,18,380,839,146,151,690
1728462903945197000,0,495,694,75,224,722
1728462903946038000,0,598,617,31,303,647
1728462903946879000,0,682,512,0,369,581
1728462903947720000,58,753,400,0,417,414
1728462903948562000,64,907,272,9,498,346
1728462903949403000,200,895,171,23,532,266
1728462903950245000,285,791,90,66,554,217
1728462903951087000,377,757,26,149,561,128
1728462903951929000,481,681,0,250,537,64
1728462903952770000,580,597,0,331,501,13
1728462903953610000,663,495,0,412,439,0
1728462903954451000,741,375,30,494,362,0
1728462903955292000,778,285,105,555,293,0
1728462903956134000,761,180,209,610,210,37
1728462903956976000,734,87,306,666,145,90
1728462903957817000,682,21,399,629,82,209
1728462903958658000,645,25,549,631,26,267
1728462903959499000,554,0,639,601,0,363
1728462903960340000,469,0,725,554,0,452
1728462903961181000,360,45,790,466,0,538
1728462903962022000,261,105,840,375,0,594
1728462903962864000,156,194,845,286,23,639
1728462903963706000,64,303,833,210,96,669
1728462903964548000,8,403,761,133,174,662
1728462903965390000,0,597,682,64,249,650
1728462903966231000,0,663,594,9,322,613
1728462903967072000,0,754,494,0,382,534
1728462903967913000,43,818,370,0,517,436
1728462903968754000,90,727,265,9,554,345
1728462903969596000,203,789,169,37,520,266
1728462903970438000,302,784,74,90,557,194
1728462903971289000,405,738,0,169,558,113
1728462903972130000,514,668,0,259,533,58
1728462903972971000,610,577,0,346,485,2
1728462903973812000,693,472,0,437,423,0
1728462903974653000,738,366,50,512,350,0
1728462903975494000,767,260,133,559,284,4
1728462903976336000,790,157,224,626,196,45
1728462903977178000,747,66,320,640,138,105
1728462903978020000,699,29,533,653,97,221
1728462903978861000,630,0,592,634,20,378
1728462903979702000,551,0,650,600,0,394
1728462903980543000,440,0,753,536,0,472
1728462903981384000,323,42,816,453,0,538
1728462903982225000,229,117,847,354,4,609
1728462903983067000,133,226,847,261,50,666
1728462903983909000,58,369,820,192,109,685
1728462903984756000,0,415,760,114,225,674
1728462903985597000,0,523,682,48,254,651
1728462903986438000,0,625,577,18,321,597
1728462903987279000,0,671,450,0,345,512
1728462903988120000,186,754,377,0,427,431
1728462903988962000,212,792,241,0,476,354
1728462903989804000,225,813,141,42,538,258
1728462903990646000,325,782,56,107,561,175
1728462903991488000,431,714,0,199,549,90
1728462903992329000,538,642,0,293,525,34
1728462903993170000,629,551,0,367,476,0
1728462903994011000,704,453,16,448,409,0
1728462903994853000,755,335,64,522,331,0
1728462903995694000,798,237,151,578,253,10
1728462903996536000,781,133,244,633,180,64
1728462903997378000,757,50,305,663,157,198
1728462903998228000,704,0,441,655,53,164
1728462903999069000,599,107,576,645,10,270
1728462903999910000,523,0,690,593,0,405
1728462904000751000,415,13,770,509,0,490
1728462904001592000,311,66,832,425,0,558
1728462904002433000,209,153,850,329,18,624
1728462904003275000,112,245,846,247,66,670
1728462904004117000,117,343,813,162,116,685
1728462904004959000,45,458,746,93,201,674
1728462904005800000,0,571,653,70,282,640
1728462904006641000,0,663,553,29,346,581
1728462904007482000,0,716,463,34,400,529
1728462904008323000,13,776,327,0,480,395
1728462904009165000,128,816,197,0,517,352
1728462904010006000,247,799,117,50,545,237
1728462904010848000,356,768,48,133,552,151
1728462904011697000,457,708,0,221,543,72
1728462904012538000,558,625,0,309,513,27
1728462904013379000,654,522,0,394,458,0
1728462904014220000,719,412,0,481,389,0
1728462904015061000,773,305,73,538,313,0
1728462904015902000,786,194,170,586,234,10
1728462904016744000,782,113,277,648,164,66
1728462904017586000,725,0,382,672,178,151
1728462904018428000,708,0,504,668,82,248
1728462904019269000,596,0,604,604,0,333
1728462904020110000,495,0,700,565,0,427
1728462904020951000,391,23,786,490,0,511
1728462904021792000,283,89,832,402,0,577
1728462904022634000,177,178,852,312,30,634
1728462904023476000,87,279,842,226,85,681
1728462904024318000,5,378,786,138,153,682
1728462904025168000,0,490,718,66,232,674
1728462904026009000,0,591,629,21,293,625
1728462904026850000,0,681,530,0,359,567
1728462904027691000,0,737,524,0,462,495
1728462904028533000,87,816,354,0,506,381
1728462904029374000,161,791,84,14,509,389
1728462904030216000,272,791,89,68,557,214
1728462904031058000,377,755,26,151,550,133
1728462904031900000,490,682,0,245,537,58
1728462904032741000,580,602,0,329,500,10
1728462904033582000,661,501,0,410,435,0
1728462904034423000,725,378,26,473,370,0
1728462904035264000,776,273,98,561,298,0
1728462904036106000,796,178,201,610,213,21
1728462904036948000,779,85,314,657,146,87
1728462904037790000,788,21,415,658,68,177
1728462904038648000,530,0,522,718,26,312
1728462904039489000,494,0,671,666,0,375
1728462904040330000,474,0,724,554,0,448
1728462904041171000,363,42,794,469,0,535
1728462904042012000,258,101,833,373,0,591
1728462904042854000,161,203,850,290,34,650
1728462904043696000,66,302,832,210,94,671
1728462904044538000,0,398,834,135,170,685
1728462904045379000,0,520,674,64,251,736
1728462904046220000,0,616,585,10,321,666
1728462904047061000,0,692,482,0,383,581
1728462904047902000,101,779,345,0,431,380
1728462904048743000,96,796,256,0,482,306
1728462904049585000,192,912,170,58,535,249
1728462904050427000,290,786,82,89,551,194
1728462904051268000,402,741,4,165,555,116
1728462904052112000,508,670,0,256,530,58
1728462904052953000,606,578,0,340,483,5
1728462904053794000,695,480,0,431,430,0
1728462904054635000,754,361,53,512,349,0
1728462904055476000,781,258,129,577,271,0
1728462904056318000,757,164,231,624,197,49
1728462904057159000,724,74,327,674,144,116
1728462904058001000,676,18,426,617,66,228
1728462904058842000,619,37,576,626,14,289
1728462904059683000,551,1,660,591,0,378
1728462904060524000,442,0,754,538,0,466
1728462904061365000,329,42,811,455,0,543
1728462904062206000,228,119,842,359,4,602
1728462904063047000,137,217,843,270,53,655
1728462904063889000,55,327,826,182,107,694
1728462904064731000,0,428,744,110,184,657
1728462904066559000,0,608,674,49,260,641
1728462904067400000,0,660,583,13,331,597
1728462904068241000,10,752,477,0,425,512
1728462904069083000,82,821,346,0,525,425
1728462904069924000,101,730,239,0,565,340
1728462904070766000,226,798,139,34,520,253
1728462904071608000,327,780,65,106,552,178
1728462904072450000,421,720,2,193,552,98
1728462904073291000,527,644,0,287,527,34
1728462904074132000,629,549,0,370,474,0
1728462904074973000,700,432,0,453,407,0
1728462904075815000,754,332,66,506,330,0
1728462904076656000,785,249,148,561,255,10
1728462904077498000,783,139,245,624,194,52
1728462904078340000,741,26,444,654,148,142
1728462904079182000,682,9,516,650,37,299
1728462904080024000,599,0,506,624,11,391
1728462904080865000,522,0,677,584,0,413
1728462904081706000,425,14,765,519,0,488
1728462904082547000,309,64,824,429,0,561
1728462904083388000,215,149,850,337,22,613
1728462904084230000,113,239,842,256,68,672
1728462904085072000,42,325,798,165,168,682
1728462904085914000,0,437,749,98,188,671
1728462904086755000,0,555,655,34,266,641
1728462904087596000,13,650,560,0,338,576
1728462904088437000,105,704,489,1,381,492
1728462904089278000,142,765,325,0,450,410
1728462904090120000,52,794,217,70,499,370
1728462904090962000,245,802,122,46,545,242
1728462904091804000,357,776,41,129,554,153
1728462904092646000,453,710,0,214,546,85
1728462904093488000,554,618,0,308,519,25
1728462904094329000,654,527,0,395,466,0
1728462904095170000,700,424,11,473,399,0
1728462904096012000,767,314,74,542,323,0
1728462904096853000,773,210,138,591,234,20
1728462904097695000,778,117,264,641,175,66
1728462904098537000,725,17,354,661,116,100
1728462904099379000,687,82,471,690,64,207
1728462904100220000,626,69,594,660,20,306
1728462904101061000,498,0,698,568,0,421
1728462904101902000,394,16,788,496,0,509
1728462904102743000,285,87,834,400,0,584
1728462904103585000,192,176,847,313,28,628
1728462904104427000,89,273,837,228,82,681
1728462904105269000,82,362,791,159,144,685
1728462904106111000,0,480,717,114,226,676
1728462904106961000,0,591,629,43,293,636
1728462904107802000,0,669,528,2,356,565
1728462904108643000,0,741,402,0,425,491
1728462904109484000,50,832,314,0,485,415
1728462904110325000,138,845,202,6,530,288
1728462904111167000,272,791,85,69,559,213
1728462904112009000,370,754,20,144,550,139
1728462904112850000,487,690,0,247,537,64
1728462904113691000,582,599,0,327,495,4
1728462904114532000,661,506,0,409,448,0
1728462904115373000,741,393,16,490,370,0
1728462904116214000,785,285,90,557,298,0
1728462904117056000,785,192,200,609,229,29
1728462904117898000,765,96,302,648,154,81
1728462904118739000,722,0,406,691,148,155
1728462904119581000,688,0,520,668,78,252
1728462904120428000,587,0,642,606,0,354
1728462904121269000,472,0,725,553,0,440
1728462904122110000,357,37,802,474,0,534
1728462904122951000,260,97,836,388,0,587
1728462904123793000,170,194,845,287,49,649
1728462904124634000,77,297,833,202,90,682
1728462904125476000,0,405,779,138,157,684
1728462904126318000,0,506,711,64,244,668
1728462904127159000,0,612,612,11,320,621
1728462904128000000,0,696,500,0,379,558
1728462904128841000,10,740,394,0,456,472
1728462904129682000,89,815,354,0,516,378
1728462904130524000,186,807,74,34,505,363
1728462904131366000,290,789,79,86,555,192
1728462904132208000,395,737,14,169,554,119
1728462904133050000,505,663,0,264,533,56
1728462904133901000,605,578,0,346,491,4
1728462904134742000,690,471,0,422,435,0
1728462904135583000,741,325,40,493,346,0
1728462904136424000,783,247,122,576,274,0
1728462904137266000,789,165,221,619,192,27
1728462904138108000,778,56,326,661,129,100
1728462904138950000,784,5,434,654,58,207
1728462904139791000,532,0,548,709,14,337
1728462904140632000,491,0,678,654,0,385
1728462904141473000,452,0,745,540,0,463
1728462904142315000,335,50,811,448,0,538
1728462904143156000,231,122,854,366,2,606
1728462904143998000,138,212,839,269,52,658
1728462904144840000,64,331,818,188,116,695
1728462904145682000,1,426,765,117,183,745
1728462904146524000,0,537,663,52,258,693
1728462904147370000,0,629,576,10,333,591
1728462904148211000,0,709,466,0,395,493
1728462904149053000,66,767,332,0,462,402
1728462904149894000,130,912,239,20,522,320
1728462904150736000,240,865,142,29,535,250
1728462904151578000,322,783,64,105,568,174
1728462904152420000,424,725,9,192,552,100
1728462904153261000,531,645,0,292,525,40
1728462904154102000,618,554,0,370,481,0
1728462904154943000,704,450,1,450,413,0
1728462904155784000,756,335,64,513,324,0
1728462904156625000,789,242,138,577,253,8
1728462904157467000,789,133,249,632,196,55
1728462904158309000,722,52,355,629,120,139
1728462904159151000,680,49,480,639,64,213
1728462904159993000,608,0,568,629,21,306
1728462904160839000,525,0,668,583,0,402
1728462904161680000,426,9,760,514,0,491
1728462904162521000,312,64,818,431,0,555
1728462904163362000,224,146,845,338,23,611
1728462904164204000,113,237,850,256,64,670
1728462904165046000,41,349,816,177,132,690
1728462904165888000,0,533,747,96,199,667
1728462904166730000,0,617,650,29,273,645
1728462904167571000,0,689,561,0,370,589
1728462904168412000,2,633,442,0,480,490
1728462904169254000,64,714,330,2,516,414
1728462904170096000,149,766,216,0,453,322
1728462904170938000,269,794,119,53,548,237
1728462904171780000,349,773,52,117,556,165
1728462904172622000,455,713,0,212,538,77
1728462904173463000,552,637,0,302,520,14
1728462904174316000,645,535,0,386,465,0
1728462904175157000,696,421,18,461,389,0
1728462904175999000,757,298,74,542,301,0
1728462904176840000,781,229,164,590,242,18
1728462904177682000,773,122,277,637,174,74
1728462904178524000,746,64,453,660,146,155
1728462904179365000,682,0,402,650,42,335
1728462904180206000,607,0,540,621,26,418
1728462904181047000,501,0,696,578,0,421
1728462904181888000,397,11,775,509,0,503
1728462904182729000,288,80,832,407,0,580
1728462904183571000,192,164,861,309,18,637
1728462904184413000,90,279,837,229,77,674
1728462904185255000,21,356,805,159,170,677
1728462904186097000,0,466,722,84,205,669
1728462904186938000,69,576,629,26,290,634
1728462904187786000,46,666,540,0,352,571
1728462904188627000,117,741,463,0,406,493
1728462904189469000,0,791,288,57,481,429
1728462904190311000,85,792,242,64,506,320
1728462904191153000,267,788,98,69,559,221
1728462904191995000,370,757,21,142,562,145
1728462904192836000,482,693,0,234,538,70
1728462904193677000,577,601,0,324,496,6
1728462904194518000,666,497,0,405,437,0
1728462904195359000,721,406,26,480,382,0
1728462904196200000,770,297,90,552,305,1
1728462904197041000,796,185,175,615,233,26
1728462904197883000,773,94,282,647,156,73
1728462904198725000,697,133,388,696,101,120
1728462904199567000,686,42,504,653,34,224
1728462904200408000,592,0,613,610,82,335
1728462904201251000,474,0,725,557,0,448
1728462904202092000,372,25,791,477,0,522
1728462904202933000,266,100,839,390,0,592
1728462904203775000,163,192,852,287,33,643
1728462904204617000,82,298,832,220,92,672
1728462904205459000,0,398,791,192,158,681
1728462904206301000,0,506,704,101,242,666
1728462904207142000,0,610,605,6,314,626
1728462904207983000,0,689,497,0,379,551
1728462904208824000,10,796,409,0,441,482
1728462904209666000,90,845,294,0,490,369
1728462904210507000,180,802,283,14,545,284
1728462904211349000,292,785,90,87,556,196
1728462904212191000,398,737,9,170,554,114
1728462904213032000,503,680,0,260,535,64
1728462904213873000,602,578,0,344,498,1
1728462904214720000,688,480,0,421,432,0
1728462904215561000,749,368,34,498,346,0
1728462904216402000,794,263,114,578,276,0
1728462904217244000,789,169,226,621,210,34
1728462904218086000,757,64,327,655,146,106
1728462904218928000,736,0,421,658,87,189
1728462904219770000,629,0,560,641,0,274
1728462904220611000,669,0,696,618,0,361
1728462904221452000,455,0,741,542,0,458
1728462904222293000,338,50,811,448,0,538
1728462904223134000,241,125,853,362,0,606
1728462904223976000,144,210,842,274,52,654
1728462904224818000,64,314,819,192,117,686
1728462904225660000,0,429,765,112,184,677
1728462904226502000,0,535,754,51,261,651
1728462904227343000,0,629,645,13,330,610
1728462904228198000,0,709,527,0,394,532
1728462904229039000,34,798,418,0,462,452
1728462904229880000,130,797,166,0,527,436
1728462904230722000,264,818,98,23,546,320
1728462904231564000,328,775,65,107,562,178
1728462904232406000,418,723,0,192,548,101
1728462904233247000,521,645,0,290,521,41
1728462904234088000,626,551,0,369,480,0
1728462904234929000,698,444,5,448,410,0
1728462904235770000,757,333,65,525,340,0
1728462904236611000,785,226,149,577,258,0
1728462904237453000,796,135,235,628,186,46
1728462904238295000,768,42,363,664,114,125
1728462904239137000,570,0,458,738,53,260
1728462904239978000,530,0,602,693,13,352
1728462904240819000,452,0,681,629,0,402
1728462904241658000,430,10,753,516,0,488
1728462904242499000,320,57,820,425,0,559
1728462904243340000,224,146,850,343,10,613
1728462904244182000,113,237,839,254,64,666
1728462904245024000,42,339,807,178,129,687
1728462904245866000,0,452,744,101,200,738
1728462904246707000,0,558,638,41,274,660
1728462904247548000,0,650,551,0,340,576
1728462904248389000,0,728,436,0,412,474
1728462904249231000,64,858,320,25,482,382
1728462904250073000,170,847,210,0,559,320
1728462904250915000,224,740,117,49,591,238
1728462904251757000,343,770,41,116,557,158
1728462904252599000,455,717,0,206,541,82
1728462904253440000,549,634,0,302,517,21
1728462904254281000,642,533,0,385,466,0
1728462904255129000,706,434,18,462,397,0
1728462904255970000,746,320,74,549,320,0
1728462904256811000,769,215,162,589,244,18
1728462904257653000,766,116,279,636,174,84
1728462904258495000,726,66,382,650,106,151
1728462904259336000,666,0,505,648,64,245
1728462904260177000,586,0,713,619,47,357
1728462904261018000,498,0,752,579,0,422
1728462904261859000,400,13,767,509,0,501
1728462904262700000,288,79,832,405,0,576
1728462904263542000,192,162,860,313,18,621
1728462904264384000,104,271,842,235,69,676
1728462904265226000,21,365,805,160,142,690
1728462904266068000,0,520,724,89,232,665
1728462904266909000,0,559,629,26,352,631
1728462904267750000,0,645,530,0,398,570
1728462904268599000,17,681,415,0,457,485
1728462904269441000,79,754,301,0,412,390
1728462904270283000,274,798,242,20,488,301
1728462904271125000,257,790,105,67,551,215
1728462904271967000,370,750,25,146,565,142
1728462904272809000,477,693,0,228,538,71
1728462904273650000,576,608,0,311,500,17
1728462904274491000,667,514,0,407,444,0
1728462904275332000,738,407,26,476,378,0
1728462904276173000,772,303,98,546,297,0
1728462904277014000,773,184,192,597,229,26
1728462904277856000,777,101,290,645,169,89
1728462904278698000,727,5,325,665,94,242
1728462904279540000,724,9,474,650,47,302
1728462904280381000,602,2,610,618,0,296
1728462904281222000,481,0,717,558,0,430
1728462904282072000,366,32,791,477,0,526
1728462904282913000,269,90,834,389,0,586
1728462904283755000,168,186,850,298,34,645
1728462904284597000,82,290,833,210,87,684
1728462904285439000,10,381,786,138,146,678
1728462904286281000,43,493,710,77,226,666
1728462904287122000,38,599,610,20,302,626
1728462904287963000,34,681,507,0,366,552
1728462904288804000,97,747,378,23,437,480
1728462904289646000,10,802,303,32,480,421
1728462904290487000,137,803,189,29,513,266
1728462904291329000,279,786,90,82,554,194
1728462904292171000,389,745,16,164,557,121
1728462904293013000,500,674,0,254,537,64
1728462904293854000,601,576,0,349,497,1
1728462904294694000,682,484,0,422,438,0
1728462904295550000,736,383,47,498,355,0
1728462904296391000,767,272,100,564,271,0
1728462904297233000,776,169,194,616,214,32
1728462904298075000,770,76,312,662,148,101
1728462904298917000,732,120,424,693,93,170
1728462904299758000,678,53,553,640,42,264
1728462904300599000,557,0,649,595,81,360
1728462904301440000,457,0,740,545,0,453
1728462904302281000,343,46,805,463,0,537
1728462904303122000,234,122,848,365,0,596
1728462904303964000,146,210,842,277,53,653
1728462904304806000,65,325,816,192,114,693
1728462904305648000,0,418,768,159,175,679
1728462904306490000,0,535,689,45,257,661
1728462904307331000,0,625,587,4,328,610
1728462904308172000,0,706,490,0,392,533
1728462904309015000,34,806,383,0,458,456
1728462904309856000,98,808,237,0,513,360
1728462904310698000,194,792,253,18,570,296
1728462904311540000,321,777,64,101,555,174
1728462904312382000,418,736,4,186,552,104
1728462904313223000,517,649,0,285,522,41
1728462904314064000,619,554,0,367,482,0
1728462904314905000,696,453,0,448,416,0
1728462904315746000,762,348,37,523,343,0
1728462904316587000,791,248,132,580,264,0
1728462904317429000,791,107,244,632,193,57
1728462904318271000,749,46,353,665,127,126
1728462904319113000,698,0,454,663,18,203
1728462904319954000,756,0,606,649,0,305
1728462904320795000,641,0,719,607,0,415
1728462904321636000,427,0,757,516,0,480
1728462904322479000,320,64,816,431,0,552
1728462904323320000,220,144,847,344,17,610
1728462904324162000,117,228,847,253,64,661
1728462904325004000,41,333,805,174,127,689
1728462904325846000,0,453,842,97,198,686
1728462904326688000,0,557,716,41,284,642
1728462904327529000,0,661,595,1,341,601
1728462904328370000,0,725,481,0,406,511
1728462904329211000,58,764,271,0,498,500
1728462904330053000,197,826,186,0,514,242
1728462904330895000,240,791,74,41,538,177
1728462904331736000,343,769,64,114,554,165
1728462904332578000,454,718,0,206,558,87
1728462904333419000,545,645,0,303,514,21
1728462904334260000,640,538,0,388,466,0
1728462904335101000,705,429,13,462,391,0
1728462904335961000,762,298,69,544,306,0
1728462904336802000,788,213,165,589,235,14
1728462904337644000,791,122,274,634,171,73
1728462904338486000,713,42,378,693,113,145
1728462904339327000,620,0,506,696,43,218
1728462904340168000,564,0,564,577,13,333
1728462904341009000,482,10,693,555,0,431
1728462904341850000,405,11,766,506,0,497
1728462904342691000,293,78,833,407,0,576
1728462904343532000,192,165,847,324,13,619
1728462904344374000,100,266,837,235,78,663
1728462904345216000,29,362,799,165,146,688
1728462904346058000,0,477,714,87,229,663
1728462904346899000,0,652,634,30,293,629
1728462904347740000,0,711,532,0,357,568
1728462904348581000,17,808,430,1,424,476
1728462904349424000,111,847,293,0,491,370
1728462904350266000,132,713,197,8,586,308
1728462904351107000,261,765,110,68,532,217
1728462904351949000,366,762,25,138,564,145
1728462904352791000,474,698,0,226,538,75
1728462904353632000,570,608,0,320,498,11
1728462904354473000,663,514,0,404,448,0
1728462904355314000,727,405,21,474,378,0
1728462904356155000,745,306,96,551,305,0
1728462904356996000,772,188,190,609,237,30
1728462904357838000,778,109,288,634,162,96
1728462904358680000,714,40,405,662,85,160
1728462904359522000,650,0,623,646,78,268
1728462904360363000,569,14,698,613,16,346
1728462904361204000,480,0,732,565,0,435
1728462904362045000,381,26,789,485,0,520
1728462904362896000,267,90,839,394,0,584
1728462904363738000,165,180,853,294,21,645
1728462904364580000,90,282,832,224,84,674
1728462904365422000,8,393,792,141,157,690
1728462904366264000,0,477,704,76,279,664
1728462904367105000,0,587,608,14,341,622
1728462904367946000,0,674,509,0,395,552
1728462904368787000,29,712,389,0,373,465
1728462904369628000,218,765,292,0,448,380
1728462904370469000,261,797,210,21,509,279
1728462904371311000,274,789,91,86,553,205
1728462904372153000,395,740,10,165,562,123
1728462904372995000,497,682,0,246,537,66
1728462904373836000,591,584,0,338,488,2
1728462904374677000,683,485,0,415,437,0
1728462904375518000,741,392,42,489,343,0
1728462904376366000,770,277,116,576,289,0
1728462904377207000,772,165,211,610,217,41
1728462904378049000,760,79,298,649,146,111
1728462904378891000,766,47,383,653,92,244
1728462904379732000,696,0,508,644,17,217
1728462904380573000,554,0,619,603,0,309
1728462904381414000,448,0,740,548,0,452
1728462904382255000,346,45,805,466,0,533
1728462904383096000,235,110,848,367,0,602
1728462904383938000,145,210,845,282,42,656
1728462904384780000,66,322,828,194,106,698
1728462904385622000,88,407,773,122,161,677
1728462904386464000,28,517,682,57,241,658
1728462904387305000,25,618,597,39,321,613
1728462904388146000,0,701,496,21,383,540
1728462904388987000,0,752,375,42,448,496
1728462904389834000,64,791,238,0,501,331
1728462904390676000,194,810,145,0,522,303
1728462904391518000,320,783,69,100,549,180
1728462904392360000,413,729,1,184,552,106
1728462904393202000,525,656,0,282,528,46
1728462904394043000,618,559,0,363,481,0
1728462904394884000,696,466,0,444,420,0
1728462904395725000,742,343,45,506,341,0
1728462904396566000,788,254,133,570,266,5
1728462904397408000,800,150,221,623,194,36
1728462904398250000,756,66,346,666,133,128
1728462904399092000,713,5,444,658,146,196
1728462904399933000,613,0,564,648,87,297
1728462904400774000,546,0,673,597,26,383
1728462904401615000,434,1,762,521,0,480
1728462904402456000,326,64,818,436,0,552
1728462904403303000,210,141,850,342,14,609
1728462904404145000,114,229,852,258,64,658
1728462904404987000,49,345,809,174,130,689
1728462904405829000,0,448,761,84,192,687
1728462904406671000,0,551,666,34,262,645
1728462904407512000,0,660,564,0,342,592
1728462904408353000,0,719,461,0,405,523
1728462904409194000,47,745,442,0,500,437
1728462904410035000,129,826,297,0,530,338
1728462904410877000,209,792,29,34,532,335
1728462904411719000,335,770,56,121,554,160
1728462904412561000,444,719,0,207,552,87
1728462904413402000,538,626,0,295,514,32
1728462904414243000,632,532,0,383,466,0
1728462904415084000,710,424,2,462,398,0
1728462904415926000,752,306,52,540,327,0
1728462904416777000,791,207,151,591,247,9
1728462904417619000,785,129,279,634,157,70
1728462904418461000,746,49,394,666,116,153
1728462904419303000,567,0,469,740,45,266
1728462904420144000,542,0,613,690,21,369
1728462904420985000,450,0,719,612,0,420
1728462904421826000,405,10,781,503,0,495
1728462904422667000,298,82,832,414,0,568
1728462904423508000,192,164,850,322,18,623
1728462904424350000,98,261,839,240,69,673
1728462904425192000,36,368,792,155,149,690
1728462904426034000,0,480,705,77,210,732
1728462904426875000,0,581,629,38,284,666
1728462904427716000,0,666,533,0,362,562
1728462904428557000,5,741,432,0,418,481
1728462904429398000,56,904,287,20,501,370
1728462904430251000,207,897,178,12,525,298
1728462904431093000,260,719,107,64,608,219
1728462904431935000,359,759,30,142,549,144
1728462904432777000,466,697,0,233,543,66
1728462904433618000,561,609,0,320,505,18
1728462904434459000,653,510,0,402,453,0
1728462904435300000,728,408,13,482,382,0
1728462904436141000,767,282,90,549,297,0
1728462904436982000,784,194,178,604,242,29
1728462904437824000,773,111,286,642,158,79
1728462904438666000,719,42,407,646,90,162
1728462904439508000,642,2,521,644,46,237
1728462904440349000,562,0,639,610,10,354
1728462904441190000,476,0,801,557,0,437
1728462904442031000,385,25,778,482,0,514
1728462904442872000,279,97,832,386,0,590
1728462904443727000,170,185,855,302,29,633
1728462904444569000,79,282,839,218,93,677
1728462904445411000,21,386,791,148,161,694
1728462904446253000,0,540,712,69,232,665
1728462904447094000,0,576,616,17,357,623
1728462904447935000,0,676,519,0,404,554
1728462904448776000,26,711,402,0,478,468
1728462904449618000,105,760,284,0,407,372
1728462904450460000,320,785,192,26,485,286
1728462904451302000,335,791,96,77,554,210
1728462904452144000,389,752,18,154,558,130
1728462904452985000,502,682,0,245,533,54
1728462904453826000,595,595,0,338,498,1
1728462904454667000,674,494,0,418,434,0
1728462904455508000,730,381,36,501,362,0
1728462904456349000,779,277,110,562,286,0
1728462904457190000,788,157,201,609,221,34
1728462904458032000,762,92,310,644,148,110
1728462904458874000,714,10,362,660,90,260
1728462904459716000,672,0,482,644,68,331
1728462904460557000,615,0,610,602,0,272
1728462904461398000,462,0,727,558,0,450
1728462904462239000,354,36,801,461,0,538
1728462904463080000,245,116,842,363,0,601
1728462904463922000,149,209,851,285,34,655
1728462904464764000,66,314,832,201,107,680
1728462904465606000,0,412,780,129,169,688
1728462904466448000,41,523,690,64,244,663
1728462904467289000,29,613,595,5,320,610
1728462904468130000,23,700,493,7,378,543
1728462904468971000,0,757,368,38,433,497
1728462904469813000,34,802,290,26,487,376
1728462904470662000,151,805,136,0,544,257
1728462904471504000,305,781,65,98,552,184
1728462904472346000,421,736,0,186,559,106
1728462904473187000,522,660,0,262,524,52
1728462904474028000,612,569,0,361,474,0
1728462904474869000,698,466,0,442,418,0
1728462904475710000,736,352,23,514,345,0
1728462904476551000,785,245,125,576,272,0
1728462904477393000,791,146,225,626,192,32
1728462904478235000,761,71,343,661,133,114
1728462904479077000,718,0,458,652,146,190
1728462904479918000,611,0,562,664,93,294
1728462904480759000,545,0,660,613,37,401
1728462904481600000,427,0,756,530,0,471
1728462904482441000,330,49,810,448,0,554
1728462904483282000,218,137,841,345,8,613
1728462904484142000,125,229,847,250,49,663
1728462904484984000,46,335,820,181,125,681
1728462904485826000,0,442,757,97,194,687
1728462904486668000,0,549,669,37,267,657
1728462904487509000,0,629,565,0,347,594
1728462904488350000,0,719,456,0,415,525
1728462904489191000,37,761,372,0,459,421
1728462904490032000,132,832,311,0,530,334
1728462904490873000,226,807,137,41,522,342
1728462904491715000,334,772,49,116,555,167
1728462904492557000,444,713,0,196,554,85
1728462904493398000,546,635,0,285,519,37
1728462904494239000,632,540,0,373,458,0
1728462904495080000,714,434,5,457,399,0
1728462904495921000,766,327,66,514,322,0
1728462904496762000,778,215,155,587,252,0
1728462904497600000,789,112,237,639,165,64
1728462904498442000,756,47,363,661,112,142
1728462904499284000,752,0,474,714,47,238
1728462904500125000,511,0,583,696,9,357
1728462904500966000,433,0,704,637,0,434
1728462904501807000,404,5,777,509,0,493
1728462904502649000,304,69,824,421,0,570
1728462904503490000,200,169,846,322,21,634
1728462904504332000,106,252,842,233,68,670
1728462904505174000,29,362,804,165,141,682
1728462904506016000,0,473,714,97,218,762
1728462904506857000,0,576,632,27,290,689
1728462904507698000,0,657,530,0,360,602
1728462904508539000,6,732,417,0,421,517
1728462904509380000,50,773,285,0,476,362
1728462904510222000,180,894,186,26,526,277
1728462904511074000,248,702,89,40,634,202
1728462904511916000,353,760,37,144,554,146
1728462904512758000,471,692,0,226,554,72
1728462904513599000,567,619,0,314,511,21
1728462904514440000,657,517,0,399,453,0
1728462904515281000,727,416,21,472,381,0
1728462904516122000,776,286,98,547,293,0
1728462904516963000,792,189,185,613,226,20
1728462904517805000,761,94,291,653,160,86
1728462904518647000,732,18,394,647,106,165
1728462904519488000,651,36,525,629,41,260
1728462904520329000,562,26,629,600,0,334
1728462904521170000,474,0,714,548,0,421
1728462904522011000,386,18,787,485,0,506
1728462904522852000,270,94,832,397,0,576
1728462904523694000,169,178,861,309,29,637
1728462904524547000,82,281,836,217,87,677
1728462904525389000,20,388,788,139,156,693
1728462904526231000,0,597,706,73,232,658
1728462904527072000,0,650,618,23,309,613
1728462904527913000,0,736,514,0,378,548
1728462904528754000,11,713,413,0,463,474
1728462904529596000,106,729,281,26,545,373
1728462904530438000,196,745,165,36,576,277
1728462904531279000,309,764,98,77,513,210
1728462904532121000,389,755,18,156,546,129
1728462904532962000,492,677,0,244,538,49
1728462904533803000,594,591,0,339,506,9
1728462904534644000,674,484,0,424,434,0
1728462904535485000,741,372,28,500,362,0
1728462904536326000,762,277,116,546,286,0
1728462904537168000,775,181,207,617,210,29
1728462904538015000,761,93,309,654,157,101
1728462904538857000,709,14,452,661,89,202
1728462904539699000,645,0,450,644,46,350
1728462904540540000,608,13,578,601,13,420
1728462904541381000,485,4,702,535,0,437
1728462904542222000,354,35,807,458,0,535
1728462904543063000,252,109,837,372,0,592
1728462904543905000,142,207,853,279,40,644
1728462904544747000,74,306,824,206,109,686
1728462904545589000,5,416,770,130,181,687
1728462904546431000,10,506,691,53,229,665
1728462904547272000,57,615,600,11,304,608
1728462904548113000,34,699,490,0,391,538
1728462904548954000,79,762,368,53,444,471
1728462904549796000,25,781,287,39,485,401
1728462904550637000,158,799,162,0,540,248
1728462904551530000,282,790,73,87,552,192
1728462904552372000,413,736,3,175,543,100
1728462904553213000,517,665,0,269,533,41
1728462904554054000,605,568,0,354,480,0
1728462904554895000,685,469,0,440,419,0
1728462904555736000,749,344,41,514,350,0
1728462904556577000,785,256,106,576,285,0
1728462904557419000,791,151,218,621,196,47
1728462904558261000,765,69,334,653,125,107
1728462904559103000,727,79,453,679,69,181
1728462904559944000,653,0,554,635,106,277
1728462904560785000,530,0,647,613,55,377
1728462904561626000,440,0,747,527,0,472
1728462904562467000,325,53,820,437,0,554
1728462904563308000,229,133,846,356,2,607
1728462904564150000,127,230,848,261,57,656
1728462904564957000,53,330,814,191,121,686
1728462904565799000,0,448,754,101,198,693
1728462904566641000,0,559,674,29,264,655
1728462904567482000,0,640,576,0,338,594
1728462904568323000,0,716,463,0,394,517
1728462904569165000,42,797,345,0,466,414
1728462904570006000,129,810,338,0,553,362
1728462904570848000,225,832,177,36,538,240
1728462904571690000,330,782,52,106,552,178
1728462904572532000,448,718,1,203,549,87
1728462904573373000,544,641,0,286,523,34
1728462904574214000,626,546,0,375,466,0
1728462904575055000,704,442,8,455,402,0
1728462904575897000,765,322,65,533,322,0
1728462904576738000,788,177,149,585,255,10
1728462904577580000,781,132,250,629,180,69
1728462904578427000,749,52,357,661,116,122
1728462904579269000,792,0,535,673,26,217
1728462904580110000,669,0,605,639,0,322
1728462904580951000,554,0,665,661,0,426
1728462904581792000,410,10,773,506,0,490
1728462904582634000,302,73,824,421,0,576
1728462904583476000,207,154,849,334,13,621
1728462904584318000,114,258,845,245,77,664
1728462904585160000,23,352,805,170,133,683
1728462904586001000,0,466,772,89,215,711
1728462904586843000,0,576,642,28,283,704
1728462904587684000,0,664,533,0,352,618
1728462904588525000,10,738,418,0,414,523
1728462904589367000,53,767,289,0,474,344
1728462904590209000,153,895,197,40,532,277
1728462904591051000,254,901,113,88,554,202
1728462904591906000,354,769,34,126,559,154
1728462904592748000,453,704,0,217,540,77
1728462904593589000,568,622,0,306,506,26
1728462904594430000,655,530,0,393,448,0
1728462904595271000,726,414,18,476,388,0
1728462904596113000,778,308,94,549,314,0
1728462904596954000,791,198,174,605,231,18
1728462904597796000,756,102,279,643,170,85
1728462904598638000,741,33,402,666,102,157
1728462904599479000,649,34,525,629,49,273
1728462904600320000,576,42,631,609,0,320
1728462904601161000,482,0,698,554,0,412
1728462904602002000,381,17,784,490,0,512
1728462904602843000,264,93,832,402,0,583
1728462904603685000,178,181,853,298,23,635
1728462904604527000,90,279,849,221,77,672
1728462904605372000,16,386,798,148,154,696
1728462904606214000,0,549,711,83,236,658
1728462904607055000,0,641,617,18,345,621
1728462904607896000,0,663,509,0,420,556
1728462904608737000,20,734,404,0,450,482
1728462904609579000,107,747,290,0,449,369
1728462904610421000,157,777,173,1,473,276
1728462904611262000,378,781,138,89,537,206
1728462904612104000,381,743,16,156,559,129
1728462904612945000,489,681,0,242,537,64
1728462904613786000,589,591,0,330,494,10
1728462904614627000,674,498,0,418,434,0
1728462904615468000,740,385,34,493,357,0
1728462904616309000,767,274,101,545,282,0
1728462904617150000,786,192,210,613,210,43
1728462904617992000,757,78,306,654,157,100
1728462904618843000,719,17,421,657,79,186
1728462904619685000,659,0,474,650,50,320
1728462904620526000,613,11,591,600,0,276
1728462904621367000,488,0,706,532,0,395
1728462904622208000,348,33,803,463,0,532
1728462904623049000,250,109,839,378,0,602
1728462904623891000,160,202,847,281,43,654
1728462904624733000,69,309,832,196,96,687
1728462904625575000,2,417,778,138,175,683
1728462904626417000,58,508,704,65,240,660
1728462904627258000,52,608,599,16,320,613
1728462904628099000,40,688,485,0,375,541
1728462904628940000,0,754,367,11,450,460
1728462904629782000,41,797,288,17,495,378
1728462904630623000,158,796,149,0,511,247
1728462904631465000,272,805,91,76,540,196
1728462904632316000,407,728,7,178,554,109
1728462904633158000,511,658,0,261,532,47
1728462904633999000,612,576,0,354,488,4
1728462904634840000,690,463,0,434,416,0
1728462904635682000,763,356,47,514,348,0
1728462904636523000,777,253,117,564,277,0
1728462904637365000,789,153,225,619,201,26
1728462904638207000,767,66,339,668,138,116
1728462904639049000,711,41,450,657,106,193
1728462904639890000,615,0,555,634,95,282
1728462904640731000,542,0,661,628,45,370
1728462904641572000,440,0,741,532,18,462
1728462904642413000,325,50,817,449,0,552
1728462904643254000,228,125,843,354,4,608
1728462904644096000,136,228,850,259,64,660
1728462904644938000,58,335,816,183,112,686
1728462904645786000,0,437,762,118,192,677
1728462904646627000,0,540,677,41,274,650
1728462904647468000,0,634,576,0,338,600
1728462904648309000,0,711,466,0,402,522
1728462904649151000,50,778,353,0,473,433
1728462904649992000,117,832,320,0,538,365
1728462904650834000,224,802,37,29,532,345
1728462904651676000,335,777,47,113,564,175
1728462904652518000,436,714,0,197,552,90
1728462904653359000,537,641,0,289,522,37
1728462904654200000,629,545,0,369,468,0
1728462904655041000,706,448,10,448,401,0
1728462904655883000,762,330,57,530,323,0
1728462904656724000,785,221,146,588,255,0
1728462904657566000,779,106,261,637,185,64
1728462904658408000,746,41,362,662,122,138
1728462904659254000,750,0,458,717,39,242
1728462904660095000,519,0,600,697,0,360
1728462904660936000,442,0,732,628,0,434
1728462904661777000,412,10,767,517,0,482
1728462904662618000,295,64,827,424,0,562
1728462904663460000,207,144,847,341,21,624
1728462904664302000,116,250,844,242,66,669
1728462904665144000,34,354,802,165,125,682
1728462904665985000,0,466,736,96,209,733
1728462904666827000,0,567,638,36,287,674
1728462904667668000,0,662,538,0,356,576
1728462904668509000,5,724,427,0,416,494
1728462904669351000,58,890,306,17,496,370
1728462904670193000,173,865,202,0,546,286
1728462904671035000,234,704,121,78,612,210
1728462904671877000,350,759,52,133,565,151
1728462904672727000,466,704,0,220,551,85
1728462904673568000,560,619,0,306,514,21
1728462904674409000,659,525,0,392,459,0
1728462904675250000,719,418,18,463,382,0
1728462904676092000,760,308,92,551,306,0
1728462904676933000,762,205,175,599,241,18
1728462904677775000,762,114,293,636,173,82
1728462904678617000,736,47,388,663,106,169
1728462904679459000,669,0,615,644,73,267
1728462904680300000,594,18,696,618,41,347
1728462904681141000,501,37,772,570,0,418
1728462904681982000,389,21,783,504,0,500
1728462904682823000,273,79,837,397,0,575
1728462904683665000,178,167,847,314,26,637
1728462904684507000,92,274,832,221,90,686
1728462904685349000,26,378,794,151,149,686
1728462904686198000,0,469,723,85,265,662
1728462904687039000,0,570,634,29,334,623
1728462904687880000,0,670,526,0,388,564
1728462904688721000,20,730,414,0,420,481
1728462904689562000,213,783,322,0,455,389
1728462904690404000,264,803,235,11,497,306
1728462904691246000,173,794,103,136,549,251
1728462904692088000,376,751,25,151,560,133
1728462904692930000,489,680,0,250,540,64
1728462904693771000,585,599,0,335,501,10
1728462904694612000,671,500,0,410,443,0
1728462904695453000,732,389,32,484,366,0
1728462904696294000,772,287,87,546,285,0
1728462904697135000,804,183,199,613,224,26
1728462904697977000,773,93,302,639,141,104
1728462904698819000,730,17,416,674,90,177
1728462904699675000,681,0,498,648,21,205
1728462904700516000,576,0,618,608,0,303
1728462904701357000,450,101,716,558,0,413
1728462904702198000,361,30,797,468,0,523
1728462904703039000,257,107,844,373,0,589
1728462904703881000,134,194,854,287,34,648
1728462904704723000,69,296,825,216,105,682
1728462904705565000,5,410,782,122,167,692
1728462904706407000,41,514,698,64,233,662
1728462904707248000,30,623,602,64,322,614
1728462904708089000,0,697,498,34,376,541
1728462904708930000,17,757,383,1,453,463
1728462904709772000,65,796,250,0,497,354
1728462904710613000,177,832,156,0,533,314
1728462904711455000,292,832,82,74,543,181
1728462904712297000,407,739,5,177,558,106
1728462904713141000,506,670,0,265,530,50
1728462904713982000,600,566,0,357,485,0
1728462904714823000,689,465,0,435,421,0
1728462904715665000,746,363,49,511,351,0
1728462904716506000,786,255,125,564,269,0
1728462904717348000,779,154,226,625,197,33
1728462904718190000,761,82,320,645,139,106
1728462904719032000,715,0,455,674,89,204
1728462904719873000,645,0,554,639,0,285
1728462904720714000,525,0,651,580,0,372
1728462904721555000,442,0,752,534,0,458
1728462904722396000,339,49,820,449,0,544
1728462904723237000,229,133,856,354,9,608
1728462904724079000,130,228,852,267,53,662
1728462904724921000,54,327,814,186,123,682
1728462904725763000,0,441,761,107,184,687
1728462904726612000,0,540,757,53,257,652
1728462904727453000,0,640,642,2,340,597
1728462904728294000,0,728,540,0,402,521
1728462904729135000,32,778,391,0,463,450
1728462904729976000,130,784,165,0,530,426
1728462904730818000,277,828,110,28,545,165
1728462904731660000,303,792,37,113,552,141
1728462904732502000,431,719,0,203,552,82
1728462904733343000,532,644,0,287,521,40
1728462904734184000,626,549,0,375,468,0
1728462904735025000,706,440,0,448,411,0
1728462904735867000,757,330,58,521,337,0
1728462904736708000,789,218,146,576,239,0
1728462904737550000,791,130,258,637,178,55
1728462904738391000,753,53,376,669,122,146
1728462904739233000,648,0,485,704,57,231
1728462904740345000,576,0,581,581,14,298
1728462904741186000,490,0,666,533,0,420
1728462904742027000,410,13,770,500,0,492
1728462904742868000,320,68,824,426,0,560
1728462904743709000,202,154,851,334,11,618
1728462904744551000,105,242,844,245,66,662
1728462904745393000,40,349,810,170,138,682
1728462904746235000,0,466,747,92,207,696
1728462904747077000,0,566,642,40,281,618
1728462904747918000,0,732,543,0,359,564
1728462904748759000,0,788,437,0,413,494
1728462904749601000,79,843,314,9,473,397
1728462904750442000,129,710,204,0,585,305
1728462904751284000,261,749,121,58,589,217
1728462904752126000,353,765,43,133,548,149
1728462904752968000,459,706,0,216,550,68
1728462904753552000,559,624,0,306,522,26
1728462904754393000,640,522,0,394,458,0
1728462904755234000,727,416,10,481,394,0
1728462904756075000,752,298,87,538,309,0
1728462904756916000,784,199,175,578,238,16
1728462904757758000,767,128,272,637,170,79
1728462904758600000,732,43,392,661,109,149
1728462904759442000,671,8,594,658,81,245
1728462904760283000,586,9,661,629,0,341
1728462904761124000,484,2,757,569,0,513
1728462904761965000,392,14,773,490,0,506
1728462904762806000,286,84,832,401,0,583
1728462904763648000,184,186,856,312,17,642
1728462904764490000,86,267,843,229,82,677
1728462904765332000,18,374,788,153,149,688
1728462904766174000,0,468,725,82,250,673
1728462904767069000,0,569,629,18,276,629
1728462904767909000,0,658,532,0,346,561
1728462904768750000,22,738,417,0,413,482
1728462904769591000,192,788,338,0,468,389
1728462904770433000,232,794,178,79,506,322
1728462904771275000,205,790,136,116,538,220
1728462904772117000,375,755,26,151,552,138
1728462904772959000,490,685,0,235,546,55
1728462904773800000,576,602,0,325,498,4
1728462904774641000,666,506,0,416,440,0
1728462904775482000,730,386,26,491,376,0
1728462904776323000,775,290,101,554,303,0
1728462904777164000,784,185,154,607,222,26
1728462904778006000,779,93,298,650,149,90
1728462904778848000,722,31,414,666,89,184
1728462904779690000,690,42,516,663,33,234
1728462904780498000,603,34,617,605,71,341
1728462904781339000,449,0,714,549,55,432
1728462904782180000,362,26,797,469,0,530
1728462904783021000,256,101,835,386,0,597
1728462904783863000,152,196,853,286,37,641
1728462904784705000,66,296,845,211,100,682
1728462904785547000,10,410,775,127,175,693
1728462904786389000,0,510,704,46,237,670
1728462904787230000,0,613,609,9,320,614
1728462904788071000,0,694,498,0,373,541
1728462904788912000,21,766,392,0,442,458
1728462904789754000,77,786,258,0,490,354
1728462904790595000,188,786,250,17,578,289
1728462904791437000,290,805,96,75,543,279
1728462904792279000,411,740,11,176,550,106
1728462904793120000,522,666,0,258,546,50
1728462904793973000,601,581,0,353,489,2
1728462904794814000,680,480,0,439,421,0
1728462904795655000,744,357,53,514,357,0
1728462904796496000,786,253,117,576,277,0
1728462904797338000,786,117,217,619,206,42
1728462904798180000,767,64,329,661,138,109
1728462904799022000,706,10,453,666,71,192
1728462904799863000,746,0,597,669,0,293
1728462904800704000,634,0,700,597,0,383
1728462904801545000,506,0,753,514,0,465
1728462904802386000,330,47,804,450,0,546
1728462904803227000,235,138,844,352,1,619
1728462904804069000,142,224,852,265,49,655
1728462904804911000,52,329,818,192,114,685
1728462904805753000,2,431,757,125,192,684
1728462904806595000,0,541,730,42,266,657
1728462904807490000,0,632,617,4,328,611
1728462904808331000,0,715,458,0,394,602
1728462904809173000,47,772,343,0,455,454
1728462904810015000,192,832,202,0,514,329
1728462904810856000,210,778,125,50,532,202
1728462904811698000,314,872,50,157,570,151
1728462904812540000,430,720,2,186,543,97
1728462904813381000,533,645,0,276,517,46
1728462904814222000,629,559,0,373,463,0
1728462904815063000,700,444,2,448,397,0
1728462904815905000,759,338,64,522,338,0
1728462904816746000,780,224,157,581,248,5
1728462904817588000,788,126,250,644,186,56
1728462904818430000,736,58,365,658,106,145
1728462904819272000,684,0,480,642,48,203
1728462904820113000,581,5,580,604,18,338
1728462904820910000,492,21,705,562,0,418
1728462904821751000,414,25,770,501,0,490
1728462904822592000,306,57,821,434,0,561
1728462904823434000,210,149,839,329,17,623
1728462904824276000,117,250,858,245,55,661
1728462904825118000,37,354,810,171,130,677
1728462904825960000,0,451,741,101,209,682
1728462904826802000,0,642,650,36,293,637
1728462904827643000,0,716,545,0,352,576
1728462904828483000,4,760,432,0,413,500
1728462904829325000,68,728,314,0,523,418
1728462904830167000,154,749,210,16,561,313
1728462904831009000,245,777,117,37,492,235
1728462904831851000,422,752,45,133,535,149
1728462904832693000,464,704,0,210,555,78
1728462904833534000,558,628,0,305,512,29
1728462904834381000,644,529,0,383,453,0
1728462904835222000,719,421,15,468,383,0
1728462904836063000,767,320,81,541,320,0
1728462904836904000,773,207,177,594,232,20
1728462904837746000,776,113,276,642,173,78
1728462904838588000,745,45,392,660,110,164
1728462904839430000,679,0,431,660,32,313
1728462904840271000,597,0,542,624,26,402
1728462904841112000,489,0,663,568,5,490
1728462904841953000,383,10,776,494,0,490
1728462904842794000,282,83,832,409,0,586
1728462904843636000,192,178,844,308,34,642
1728462904844478000,94,274,842,228,72,672
1728462904845320000,18,378,799,159,149,681
1728462904846162000,0,485,728,89,231,676
1728462904847003000,65,576,625,27,289,632
1728462904847859000,46,672,525,0,357,576
1728462904848700000,53,741,418,0,420,489
1728462904849541000,5,788,286,41,477,436
1728462904850383000,117,805,207,52,521,281
1728462904851225000,237,800,107,36,538,253
1728462904852067000,373,759,32,137,561,138
1728462904852909000,482,690,0,234,537,69
1728462904853750000,581,612,0,321,498,25
1728462904854591000,666,498,0,400,436,0
1728462904855432000,743,395,26,489,363,0
1728462904856274000,784,289,95,549,304,0
1728462904857115000,791,186,197,602,226,26
1728462904857957000,764,97,296,645,159,79
1728462904858799000,733,26,399,658,89,175
1728462904859641000,628,0,516,658,100,245
1728462904860482000,583,0,621,637,53,335
1728462904861327000,493,0,711,560,0,424
1728462904862168000,365,25,793,483,0,523
1728462904863009000,258,104,838,382,0,591
1728462904863851000,159,194,846,283,33,650
1728462904864693000,79,296,833,210,89,678
1728462904865535000,9,400,786,141,170,689
1728462904866377000,0,501,704,58,239,661
1728462904867218000,0,613,612,10,320,619
1728462904868059000,0,692,496,0,382,552
1728462904868900000,30,758,449,0,436,467
1728462904869742000,98,837,360,0,513,380
1728462904870584000,175,833,162,22,521,376
1728462904871425000,301,799,30,76,583,239
1728462904872267000,401,737,9,166,555,117
1728462904873108000,506,668,0,261,534,53
1728462904873949000,602,577,0,338,484,6
1728462904874798000,685,480,1,425,419,0
1728462904875640000,742,370,45,512,356,0
1728462904876481000,777,260,114,576,282,0
1728462904877322000,791,149,217,625,210,32
1728462904878164000,757,50,322,658,122,105
1728462904879006000,719,15,448,671,78,207
1728462904879848000,527,0,555,719,10,329
1728462904880689000,471,0,686,656,0,405
1728462904881530000,394,0,766,570,0,466
1728462904882371000,330,37,810,449,0,541
1728462904883212000,239,117,842,365,10,602
1728462904884054000,141,220,844,270,53,661
1728462904884896000,57,322,822,192,104,682
1728462904885738000,0,431,770,117,186,674
1728462904886580000,0,535,661,52,265,696
1728462904887422000,0,636,576,11,334,587
1728462904888275000,0,696,463,0,397,517
1728462904889116000,57,775,344,0,474,437
1728462904889958000,114,922,232,18,523,325
1728462904890799000,253,872,136,37,532,224
1728462904891641000,296,687,64,117,606,162
1728462904892483000,427,723,0,192,554,101
1728462904893324000,527,645,0,277,525,36
1728462904894165000,632,559,0,363,488,0
1728462904895006000,698,453,0,442,404,0
1728462904895847000,753,338,64,531,333,0
1728462904896688000,754,240,152,581,249,5
1728462904897530000,767,142,258,630,190,58
1728462904898372000,753,54,346,661,125,136
1728462904899214000,688,2,469,655,53,220
1728462904900055000,610,0,690,619,46,323
1728462904900896000,516,20,764,582,5,392
1728462904901738000,413,34,811,514,0,458
1728462904902579000,306,64,832,426,0,559
1728462904903421000,210,141,847,343,18,618
1728462904904263000,117,251,839,245,69,676
1728462904905105000,42,346,810,170,124,681
1728462904905947000,0,455,749,100,197,674
1728462904906789000,0,533,660,45,312,642
1728462904907630000,0,633,555,0,334,586
1728462904908471000,0,719,450,0,403,509
1728462904909313000,109,778,327,0,465,427
1728462904910154000,200,791,205,8,486,330
1728462904910996000,138,790,132,101,537,271
1728462904911838000,292,761,26,66,555,143
1728462904912680000,458,710,0,209,551,82
1728462904913521000,553,623,0,300,513,23
1728462904914362000,650,530,0,386,463,0
1728462904915208000,718,427,7,465,385,0
1728462904916049000,762,306,74,540,320,0
1728462904916890000,802,220,170,600,250,8
1728462904917732000,788,113,251,642,177,81
1728462904918574000,743,45,381,662,106,149
1728462904919416000,694,29,501,666,50,224
1728462904920257000,622,53,608,618,29,320
1728462904921098000,493,0,704,561,53,404
1728462904921939000,383,0,788,501,34,498
1728462904922780000,285,81,833,410,0,576
1728462904923622000,187,169,846,320,28,634
1728462904924464000,100,267,837,225,78,668
1728462904925306000,21,381,799,149,149,681
1728462904926148000,0,490,730,85,226,682
1728462904926989000,0,578,630,18,302,632
1728462904927830000,0,675,530,0,373,576
1728462904928680000,5,740,407,0,426,486
1728462904929522000,74,791,298,0,482,393
1728462904930364000,148,791,289,1,557,309
1728462904931206000,247,819,154,64,533,197
1728462904932047000,369,736,0,146,559,181
1728462904932889000,482,685,0,229,547,64
1728462904933730000,576,600,0,322,498,16
1728462904934571000,666,499,0,409,442,0
1728462904935412000,734,394,29,485,365,0
1728462904936253000,770,285,110,553,297,0
1728462904937095000,785,189,184,594,224,23
1728462904937936000,771,96,298,653,162,101
1728462904938778000,736,26,410,666,94,175
1728462904939619000,776,0,552,661,1,261
1728462904940460000,681,0,686,634,0,349
1728462904941301000,547,0,718,546,0,434
1728462904942149000,357,34,800,496,0,520
1728462904942990000,256,98,843,385,0,590
1728462904943831000,160,180,845,298,34,639
1728462904944673000,85,296,825,210,107,682
1728462904945515000,10,400,784,139,158,682
1728462904946357000,0,513,736,69,242,661
1728462904947198000,0,606,662,16,314,619
1728462904948039000,0,687,532,0,378,614
1728462904948880000,30,757,375,0,448,533
1728462904949721000,112,789,208,0,519,436
1728462904950563000,261,832,142,21,522,197
1728462904951405000,266,914,74,109,581,156
1728462904952247000,400,747,18,165,561,126
1728462904953088000,506,666,0,255,532,53
1728462904953929000,600,577,0,350,490,5
1728462904954770000,683,490,0,423,434,0
1728462904955630000,743,372,42,497,356,0
1728462904956471000,797,267,128,576,282,0
1728462904957312000,789,173,221,625,205,30
1728462904958154000,740,68,330,656,142,125
1728462904958996000,710,13,434,654,79,201
1728462904959838000,623,41,568,625,21,311
1728462904960679000,541,21,677,593,0,362
1728462904961520000,437,0,737,528,0,450
1728462904962362000,337,50,799,458,0,552
1728462904963203000,229,117,847,373,2,606
1728462904964045000,141,218,851,270,50,655
1728462904964887000,64,320,823,197,106,681
1728462904965729000,0,434,770,117,184,677
1728462904966571000,0,591,687,57,351,645
1728462904967412000,0,594,578,8,381,595
1728462904968253000,0,679,476,0,425,529
1728462904969099000,46,758,360,0,470,442
1728462904969941000,116,771,263,0,457,346
1728462904970782000,330,805,202,50,523,258
1728462904971624000,324,765,42,189,538,210
1728462904972466000,437,722,0,192,568,101
1728462904973307000,526,650,0,273,526,41
1728462904974148000,618,554,0,370,474,0
1728462904974989000,705,453,0,440,410,0
1728462904975831000,759,343,56,517,330,0
1728462904976672000,772,251,145,580,261,0
1728462904977514000,772,141,245,629,201,56
1728462904978356000,750,66,323,657,141,130
1728462904979198000,705,1,457,669,64,219
1728462904980039000,677,1,540,629,5,240
1728462904980880000,520,8,661,585,0,337
1728462904981721000,399,137,740,538,2,421
1728462904982568000,314,65,821,436,0,562
1728462904983409000,213,136,849,340,7,617
1728462904984251000,122,239,842,250,64,666
1728462904985093000,46,345,808,183,126,680
1728462904985935000,0,459,754,101,206,676
1728462904986776000,5,544,663,103,265,644
1728462904987617000,0,642,559,45,343,596
1728462904988458000,0,714,453,14,410,514
1728462904989300000,57,778,325,0,478,425
1728462904990142000,105,832,233,0,498,343
1728462904990984000,203,835,146,36,546,218
1728462904991826000,320,754,164,117,583,176
1728462904992667000,458,706,0,213,554,81
1728462904993508000,552,630,0,303,517,37
1728462904994349000,636,533,0,386,466,0
1728462904995190000,721,432,11,457,397,0
1728462904996057000,767,322,81,540,314,0
1728462904996898000,799,214,151,594,245,0
1728462904997740000,778,118,260,643,180,64
1728462904998582000,744,36,377,663,114,146
1728462904999424000,682,0,499,662,50,233
1728462905000265000,632,0,591,628,37,322
1728462905001106000,535,0,691,569,0,403
1728462905001947000,392,0,779,497,0,485
1728462905002788000,287,87,832,400,0,576
1728462905003630000,184,169,862,320,23,634
1728462905004472000,94,267,833,228,79,672
1728462905005314000,29,368,796,151,146,690
1728462905006156000,0,489,736,84,224,672
1728462905006997000,0,586,640,20,293,629
1728462905007838000,0,679,534,0,362,576
1728462905008679000,1,741,428,0,424,491
1728462905009509000,77,782,361,0,485,397
1728462905010350000,153,847,250,0,543,305
1728462905011192000,254,781,18,53,538,279
1728462905012034000,421,765,0,139,557,146
1728462905012876000,474,693,0,233,542,71
1728462905013717000,576,602,0,330,501,18
1728462905014558000,661,500,0,407,448,0
1728462905015399000,724,392,26,483,373,0
1728462905016241000,770,286,100,544,287,0
1728462905017082000,791,161,192,607,228,26
1728462905017924000,775,90,293,640,149,84
1728462905018766000,725,23,405,665,87,174
1728462905019608000,618,0,526,693,37,273
1728462905020449000,498,0,677,661,0,375
1728462905021290000,420,0,738,557,0,428
1728462905022131000,343,42,792,450,0,525
1728462905022978000,267,101,833,383,0,578
1728462905023820000,164,186,857,296,32,645
1728462905024662000,77,285,826,224,96,677
1728462905025504000,17,404,783,133,167,689
1728462905026346000,0,511,709,69,233,665
1728462905027187000,0,613,601,18,314,602
1728462905028028000,0,692,493,0,380,530
1728462905028869000,23,754,395,0,448,459
1728462905029710000,93,863,261,8,493,352
1728462905030552000,224,864,154,14,564,261
1728462905031394000,290,717,79,96,605,207
1728462905032236000,395,730,10,162,532,114
1728462905033077000,501,682,0,254,533,64
1728462905033918000,588,578,0,344,490,2
1728462905034759000,674,475,0,425,434,0
1728462905035600000,741,366,39,506,357,0
1728462905036448000,776,262,114,565,282,0
1728462905037289000,764,162,213,613,202,40
1728462905038131000,759,81,312,646,146,107
1728462905038973000,709,20,444,661,79,193
1728462905039815000,642,0,632,634,66,295
1728462905040656000,562,5,745,594,32,386
1728462905041497000,455,26,817,538,0,451
1728462905042338000,343,42,805,449,0,543
1728462905043179000,242,121,847,361,0,597
1728462905044021000,137,210,855,273,47,658
1728462905044863000,64,308,824,198,114,682
1728462905045705000,5,426,769,114,181,702
1728462905046547000,0,526,690,57,278,654
1728462905047388000,0,610,589,18,362,598
1728462905048229000,0,694,476,0,381,525
1728462905049070000,35,757,377,0,448,448
1728462905049925000,212,782,296,1,474,348
1728462905050767000,129,792,116,101,530,290
1728462905051609000,250,764,79,141,551,172
1728462905052451000,429,731,5,186,553,96
1728462905053292000,521,653,0,272,525,43
1728462905054133000,614,558,0,363,480,0
1728462905054974000,698,453,0,451,416,0
1728462905055816000,753,354,41,516,343,0
1728462905056657000,790,242,141,568,261,0
1728462905057499000,799,143,220,628,193,48
1728462905058341000,753,71,335,656,132,122
1728462905059183000,704,0,455,665,66,197
1728462905060024000,595,80,558,672,37,262
1728462905060865000,555,79,650,613,0,373
1728462905061706000,452,74,746,498,0,467
1728462905062547000,320,58,816,434,0,554
1728462905063392000,205,144,845,340,5,613
1728462905064234000,114,242,853,260,56,669
1728462905065075000,42,335,810,181,130,685
1728462905065917000,0,456,750,98,206,686
1728462905066758000,0,560,666,82,264,663
1728462905067599000,0,642,565,29,334,582
1728462905068440000,0,730,456,10,413,512
1728462905069282000,45,778,338,0,468,428
1728462905070124000,101,832,244,0,506,345
1728462905070965000,224,809,117,28,535,234
1728462905071807000,329,784,137,110,581,192
1728462905072649000,448,718,0,205,541,82
1728462905073490000,546,635,0,293,516,20
1728462905074331000,642,533,0,383,469,0
1728462905075172000,704,424,11,463,392,0
1728462905076014000,762,321,69,533,325,0
1728462905076865000,794,221,162,590,241,0
1728462905077707000,782,114,255,640,168,64
1728462905078549000,743,29,370,663,98,145
1728462905079391000,693,0,494,663,47,233
1728462905080232000,686,0,634,631,0,320
1728462905081073000,584,0,687,582,0,413
1728462905081914000,297,0,767,565,0,538
1728462905082755000,292,75,834,418,0,570
1728462905083597000,189,170,848,320,23,627
1728462905084439000,93,257,847,237,77,671
1728462905085281000,33,365,801,159,149,683
1728462905086123000,0,474,733,84,213,677
1728462905086964000,0,578,669,21,285,711
1728462905087805000,0,674,529,0,361,631
1728462905088646000,4,738,401,0,424,522
1728462905089488000,77,789,293,0,481,394
1728462905091238000,130,909,178,26,539,276
1728462905092080000,296,857,87,53,540,194
1728462905092922000,344,671,2,146,604,116
1728462905093764000,469,696,0,226,540,64
1728462905094605000,570,608,0,322,508,18
1728462905095446000,650,508,0,402,450,0
1728462905096287000,732,406,20,490,381,0
1728462905097128000,777,293,87,549,313,0
1728462905097969000,785,175,188,601,213,31
1728462905098811000,763,96,295,658,157,85
1728462905099653000,734,31,411,661,111,174
1728462905100495000,663,0,520,650,42,263
1728462905101336000,565,0,623,602,2,365
1728462905102177000,474,0,832,546,5,457
1728462905103018000,346,56,872,466,10,522
1728462905103859000,266,98,833,394,0,579
1728462905104701000,165,192,853,305,34,635
1728462905105543000,82,284,837,213,94,681
1728462905106385000,14,395,786,138,162,693
1728462905107227000,0,510,706,74,235,661
1728462905108068000,0,578,616,18,370,612
1728462905108909000,0,666,506,0,405,543
1728462905109750000,23,734,394,0,455,474
1728462905110591000,93,786,277,0,466,376
1728462905111433000,296,789,226,34,498,277
1728462905112275000,170,778,66,153,535,249
1728462905113117000,348,745,42,197,558,118
1728462905113959000,501,676,0,253,540,56
1728462905114800000,590,581,0,346,491,5
1728462905115641000,679,481,0,431,428,0
1728462905116482000,738,362,34,505,357,0
1728462905117323000,778,266,116,562,288,0
1728462905118159000,786,178,213,602,212,45
1728462905119001000,764,87,320,649,146,96
1728462905119843000,719,13,426,666,89,197
1728462905120684000,648,0,523,650,33,228
1728462905121525000,566,0,605,610,0,314
1728462905122366000,458,113,709,546,2,415
1728462905123207000,356,123,800,455,0,542
1728462905124048000,244,122,845,370,0,599
1728462905124890000,142,210,850,276,47,658
1728462905125732000,71,309,821,197,117,682
1728462905126574000,0,426,761,125,184,689
1728462905127416000,0,533,694,50,253,664
1728462905128257000,0,626,597,57,314,605
1728462905129098000,0,704,481,18,381,538
1728462905129939000,22,781,362,0,456,453
1728462905130781000,84,795,254,0,500,356
1728462905131623000,177,807,146,10,537,293
1728462905132464000,287,832,64,81,559,165
1728462905133306000,413,726,18,173,548,102
1728462905134147000,528,651,0,277,517,36
1728462905134988000,616,567,0,365,489,0
1728462905135829000,688,461,0,441,412,0
1728462905136671000,756,342,53,523,344,0
1728462905137512000,789,240,133,576,274,0
1728462905138353000,796,144,220,625,194,47
1728462905139195000,759,64,343,653,129,116
1728462905140037000,708,13,466,657,67,202
1728462905140878000,601,0,567,632,87,282
1728462905141719000,508,0,674,617,45,395
1728462905142560000,453,0,754,535,23,477
1728462905143402000,312,64,815,434,0,562
1728462905144243000,217,139,847,342,7,618
1728462905145130000,125,240,845,253,56,661
1728462905145972000,43,346,815,178,128,689
1728462905146814000,0,450,749,114,203,688
1728462905147655000,0,549,661,34,279,655
1728462905148496000,0,647,562,0,346,593
1728462905149337000,0,720,451,0,400,514
1728462905150179000,58,783,378,0,466,429
1728462905151021000,130,843,297,0,535,330
1728462905151862000,234,786,37,42,535,338
1728462905152704000,369,785,0,107,581,224
1728462905153546000,452,713,0,197,549,87
1728462905154387000,543,632,0,297,506,25
1728462905155228000,634,541,0,384,466,0
1728462905156069000,709,436,13,453,396,0
1728462905156910000,754,309,79,532,320,0
1728462905157751000,791,196,162,593,250,10
1728462905158570000,780,122,253,631,181,71
1728462905159412000,747,46,370,658,106,146
1728462905160254000,686,0,494,666,64,233
1728462905161095000,661,0,594,648,0,329
1728462905161936000,394,0,683,650,0,439
1728462905162777000,303,10,773,569,0,541
1728462905163618000,293,70,825,425,0,576
1728462905164460000,194,162,841,320,21,634
1728462905165302000,112,261,844,239,75,673
1728462905166144000,25,367,802,162,138,681
1728462905166986000,0,469,729,93,217,674
1728462905167827000,0,568,626,30,292,706
1728462905168668000,0,666,517,0,361,634
1728462905169509000,13,736,414,0,421,533
1728462905170351000,81,791,304,0,480,394
1728462905171193000,158,916,199,37,537,271
1728462905172049000,254,844,117,57,631,202
1728462905172891000,358,704,13,149,613,133
1728462905173733000,475,704,0,220,544,74
1728462905174574000,572,613,0,313,506,18
1728462905175415000,661,526,0,401,448,0
1728462905176256000,728,407,23,477,375,0
1728462905177097000,773,295,87,549,320,0
1728462905177939000,756,189,173,610,224,29
1728462905178781000,770,103,284,626,163,79
1728462905179623000,725,41,404,662,84,164
1728462905180465000,666,0,518,656,43,259
1728462905181306000,565,0,719,606,20,362
1728462905182147000,473,0,812,549,11,442
1728462905182988000,373,42,851,480,0,511
1728462905183829000,265,92,835,391,0,582
1728462905184671000,170,183,856,296,26,641
1728462905185515000,79,285,832,215,92,674
1728462905186357000,10,394,800,145,160,699
1728462905187198000,0,501,718,79,240,672
1728462905188039000,0,577,610,16,367,621
1728462905188880000,0,664,506,0,418,555
1728462905189721000,25,732,401,0,420,470
1728462905190562000,102,794,288,0,480,381
1728462905191404000,281,805,234,28,495,276
1728462905192246000,346,789,74,114,538,212
1728462905193087000,324,744,42,217,551,139
1728462905193929000,497,680,0,246,534,64
1728462905194770000,591,586,0,335,490,4
1728462905195611000,679,488,0,418,427,0
1728462905196452000,736,381,44,497,362,0
1728462905197293000,774,267,111,565,292,0
1728462905198135000,784,165,211,615,221,49
1728462905198984000,756,87,309,642,154,103
1728462905199826000,704,15,413,650,77,189
1728462905200667000,655,0,533,649,26,229
1728462905201508000,577,0,617,602,0,298
1728462905202349000,442,4,714,541,0,389
1728462905203190000,341,146,778,482,0,509
1728462905204031000,245,106,842,367,0,597
1728462905204873000,151,201,854,277,46,653
1728462905205715000,64,320,824,196,100,681
1728462905206557000,0,425,773,117,178,687
1728462905207399000,0,523,696,65,258,661
1728462905208240000,0,615,585,65,327,612
1728462905209081000,0,705,468,5,388,541
1728462905209923000,23,760,366,0,448,452
1728462905210765000,110,805,256,0,498,362
1728462905211607000,181,863,178,15,535,262
1728462905212463000,299,757,171,92,581,206
1728462905213305000,402,762,64,173,566,107
1728462905214146000,517,656,0,264,522,45
1728462905214987000,619,562,0,365,477,0
1728462905215828000,704,461,0,441,417,0
1728462905216670000,741,348,58,514,338,0
1728462905217511000,775,240,138,581,268,0
1728462905218353000,793,144,224,633,198,41
1728462905219195000,759,52,337,653,128,114
1728462905220037000,706,4,458,661,57,212
1728462905220878000,704,0,578,645,0,297
1728462905221719000,650,0,728,607,0,381
1728462905222560000,508,0,767,519,0,465
1728462905223401000,363,43,813,489,0,558
1728462905224242000,219,137,846,341,11,617
1728462905225084000,127,234,844,260,50,660
1728462905225929000,45,348,814,180,125,682
1728462905226771000,0,448,751,106,202,684
1728462905227613000,0,558,665,45,276,653
1728462905228454000,0,645,605,2,337,629
1728462905229295000,0,725,482,0,401,581
1728462905230136000,58,775,335,0,462,443
1728462905230978000,178,821,201,0,503,265
1728462905231820000,229,906,106,82,568,209
1728462905232662000,386,837,31,117,567,146
1728462905233504000,449,707,0,202,548,89
1728462905234345000,546,637,0,290,508,27
1728462905235186000,639,540,0,387,456,0
1728462905236027000,706,430,2,458,398,0
1728462905236869000,756,324,77,535,325,0
1728462905237710000,791,207,162,596,250,14
1728462905238552000,760,122,260,636,192,79
1728462905239400000,725,39,375,663,106,125
1728462905240242000,674,2,495,663,53,226
1728462905241083000,576,30,616,602,10,333
1728462905241924000,494,23,693,555,0,402
1728462905242765000,401,17,869,493,9,506
1728462905243607000,302,74,832,412,0,576
1728462905244449000,193,160,854,321,8,619
1728462905245291000,103,262,847,249,73,661
1728462905246133000,34,359,804,164,146,690
1728462905246975000,0,472,732,85,218,679
1728462905247816000,0,629,631,28,289,637
1728462905248657000,0,661,539,0,410,576
1728462905249498000,20,719,430,0,463,494
1728462905250340000,68,773,306,0,493,397
1728462905251181000,148,776,218,0,461,308
1728462905252023000,335,785,139,64,521,224
1728462905252879000,345,747,5,206,540,164
1728462905253720000,471,695,0,226,541,64
1728462905254561000,576,616,0,320,503,17
1728462905255402000,648,511,0,400,450,0
1728462905256243000,724,414,22,482,382,0
1728462905257085000,762,289,96,543,309,0
1728462905257926000,788,196,183,601,239,16
1728462905258768000,770,104,272,635,175,89
1728462905259609000,751,37,402,668,87,165
1728462905260451000,676,0,522,661,52,245
1728462905261292000,644,9,578,626,2,314
1728462905262133000,538,0,682,566,0,362
1728462905262974000,357,2,757,495,0,466
1728462905263815000,273,96,837,393,0,589
1728462905264657000,171,186,853,296,21,648
1728462905265499000,78,282,838,218,85,670
1728462905266344000,16,386,791,148,169,686
1728462905267185000,0,495,714,78,234,670
1728462905268026000,45,594,618,16,302,626
1728462905268867000,28,674,522,0,362,563
1728462905269708000,9,753,404,24,425,481
1728462905270549000,79,799,285,4,490,381
1728462905271391000,144,807,168,0,522,320
1728462905272233000,274,853,101,56,549,197
1728462905273075000,385,735,106,149,567,130
1728462905273917000,500,680,0,242,535,64
1728462905274758000,589,594,0,335,487,2
1728462905275599000,674,491,0,421,429,0
1728462905276440000,736,394,34,492,363,0
1728462905277281000,773,266,117,559,285,0
1728462905278123000,802,160,184,615,224,0
1728462905278965000,767,90,312,656,156,106
1728462905279883000,722,21,421,656,79,178
1728462905280724000,649,0,549,649,36,270
1728462905281565000,532,0,642,628,33,357
1728462905282406000,466,0,736,544,0,434
1728462905283247000,361,8,792,450,0,522
1728462905284088000,245,109,837,375,0,600
1728462905284930000,149,206,847,282,39,655
1728462905285772000,66,309,832,197,97,677
1728462905286614000,2,420,770,128,175,684
1728462905287456000,0,529,697,66,253,666
1728462905288297000,0,610,593,9,322,608
1728462905289138000,0,704,484,0,395,544
1728462905289979000,31,762,399,0,450,455
1728462905290820000,104,799,281,0,493,355
1728462905291662000,201,803,122,21,522,357
1728462905292504000,326,786,26,90,569,250
1728462905293288000,409,720,0,170,544,49
1728462905294129000,522,658,0,265,537,47
1728462905294970000,616,570,0,353,480,4
1728462905295811000,690,461,0,432,410,0
1728462905296652000,767,361,52,510,335,0
1728462905297493000,778,251,137,572,269,0
1728462905298335000,783,146,231,634,190,50
1728462905299177000,762,69,336,656,131,125
1728462905300019000,711,0,466,661,74,210
1728462905300860000,607,0,568,670,11,303
1728462905301701000,449,0,677,654,0,430
1728462905302542000,362,0,783,557,0,453
1728462905303384000,276,34,819,394,0,540
1728462905304225000,225,128,843,349,9,613
1728462905305067000,129,229,841,251,64,662
1728462905305909000,58,335,816,184,121,682
1728462905306761000,0,448,758,109,197,677
1728462905307603000,0,550,682,53,272,650
1728462905308444000,0,636,552,2,341,636
1728462905309285000,0,719,448,0,407,506
1728462905310126000,52,786,322,0,468,425
1728462905310968000,138,865,226,0,508,320
1728462905311810000,238,847,125,29,641,226
1728462905312652000,314,704,52,142,600,149
1728462905313494000,448,674,0,209,506,77
1728462905314335000,541,633,0,294,521,36
1728462905315176000,638,548,0,376,471,0
1728462905316017000,707,441,0,453,405,0
1728462905316859000,762,325,68,537,324,0
1728462905317700000,796,226,158,590,249,2
1728462905318542000,762,116,267,642,178,68
1728462905319384000,736,44,377,651,109,139
1728462905320228000,677,5,501,657,64,234
1728462905321069000,588,2,591,618,13,328
1728462905321910000,498,36,704,559,0,418
1728462905322751000,401,0,896,497,7,528
1728462905323592000,301,75,870,416,1,564
1728462905324434000,194,155,851,328,18,628
1728462905325276000,102,250,842,239,73,667
1728462905326118000,34,361,815,161,137,694
1728462905326960000,0,480,740,89,211,682
1728462905327801000,0,580,649,29,293,626
1728462905328642000,0,632,543,0,415,576
1728462905329483000,4,713,434,0,458,496
1728462905330325000,72,765,312,0,467,407
1728462905331167000,288,784,228,5,473,312
1728462905332009000,329,787,101,53,510,228
1728462905332851000,258,756,42,199,526,185
1728462905333710000,466,689,0,226,542,66
1728462905334551000,578,608,0,320,520,23
1728462905335392000,653,517,0,394,451,0
1728462905336233000,721,405,11,466,382,0
1728462905337074000,770,299,89,538,302,0
1728462905337915000,767,192,184,599,229,17
1728462905338757000,765,112,285,637,165,88
1728462905339599000,747,26,377,661,112,164
1728462905340441000,679,0,500,653,42,253
1728462905341282000,570,50,599,633,5,293
1728462905342123000,482,95,693,594,0,383
1728462905342964000,418,97,781,485,0,474
1728462905343805000,269,79,837,397,0,585
1728462905344647000,178,174,849,305,33,641
1728462905345489000,89,281,832,213,100,677
1728462905346331000,16,389,796,150,149,684
1728462905347180000,0,500,719,74,235,663
1728462905348021000,0,589,633,60,300,629
1728462905348862000,0,671,519,21,363,558
1728462905349703000,5,745,398,0,433,483
1728462905350545000,76,794,285,0,491,389
1728462905351386000,165,864,210,0,530,284
1728462905352228000,266,769,195,66,576,217
1728462905353070000,373,784,75,143,554,117
1728462905353912000,495,677,0,250,538,57
1728462905354753000,590,598,0,330,498,5
1728462905355594000,673,501,0,418,437,0
1728462905356435000,738,386,37,493,366,0
1728462905357276000,789,279,107,560,285,0
1728462905358118000,794,180,202,622,217,13
1728462905358960000,765,49,312,648,149,94
1728462905359802000,726,13,416,664,93,188
1728462905360648000,654,0,543,645,25,279
1728462905361489000,626,0,666,613,0,370
1728462905362330000,602,0,766,562,0,452
1728462905363171000,415,34,843,464,0,530
1728462905364012000,245,111,842,378,0,587
1728462905364854000,154,199,847,287,50,652
1728462905365696000,66,304,820,197,104,681
1728462905366538000,5,418,772,128,168,688
1728462905367380000,0,526,693,64,253,656
1728462905368221000,0,625,663,10,335,608
1728462905369062000,0,693,538,0,383,537
1728462905369903000,40,762,395,0,450,500
1728462905370744000,106,802,250,0,503,377
1728462905371586000,253,813,129,26,520,196
1728462905372428000,309,883,56,133,576,146
1728462905373270000,425,782,9,166,637,98
1728462905374111000,506,653,0,266,528,45
1728462905374952000,612,562,0,362,484,0
1728462905375793000,689,463,0,436,418,0
1728462905376634000,746,354,64,509,345,0
1728462905377475000,786,254,125,565,273,0
1728462905378317000,789,160,234,625,197,47
1728462905379159000,722,69,343,660,137,121
1728462905380001000,690,2,453,671,73,205
1728462905380842000,625,0,565,650,34,298
1728462905381683000,512,0,665,554,0,421
1728462905382524000,418,41,763,497,0,498
1728462905383365000,313,106,821,431,0,528
1728462905384206000,224,129,847,356,2,599
1728462905385048000,139,224,843,260,66,658
1728462905385890000,47,330,814,181,121,683
1728462905386732000,0,442,762,113,186,682
1728462905387581000,0,547,683,45,266,645
1728462905388422000,0,704,578,5,339,584
1728462905389263000,0,766,463,0,395,519
1728462905390104000,49,744,335,0,514,426
1728462905390946000,126,791,229,0,524,343
1728462905391788000,212,773,148,34,485,253
1728462905392630000,420,781,103,116,548,164
1728462905393472000,314,709,2,267,542,122
1728462905394313000,545,639,0,290,517,34
1728462905395154000,635,537,0,378,473,0
1728462905395995000,712,448,4,450,403,0
1728462905396837000,757,325,67,530,320,0
1728462905397678000,788,224,149,596,249,2
1728462905398520000,777,117,258,631,189,58
1728462905399362000,747,52,367,663,124,139
1728462905400204000,687,0,466,650,65,235
1728462905401064000,616,0,562,625,13,345
1728462905401905000,577,0,645,577,0,357
1728462905402746000,442,5,738,503,0,421
1728462905403587000,279,170,815,428,0,540
1728462905404429000,197,154,858,327,17,629
1728462905405271000,111,244,837,242,71,674
1728462905406113000,37,374,808,162,138,702
1728462905406955000,0,469,738,90,210,673
1728462905407796000,0,579,650,36,290,634
1728462905408637000,34,653,549,0,345,579
1728462905409478000,46,726,438,29,409,500
1728462905410320000,55,773,314,10,478,407
1728462905411162000,114,797,207,21,517,312
1728462905412003000,224,792,98,20,542,249
1728462905412845000,353,811,37,117,559,132
1728462905413687000,454,685,46,207,548,77
1728462905414526000,557,610,0,322,506,20
1728462905415367000,656,513,0,400,456,0
1728462905416208000,722,413,21,469,386,0
1728462905417050000,770,304,84,542,312,0
1728462905417891000,789,197,180,593,231,17
1728462905418733000,784,112,274,633,165,66
1728462905419575000,732,32,394,669,102,162
1728462905420417000,674,0,490,640,53,247
1728462905421258000,587,0,612,623,57,337
1728462905422099000,501,0,709,576,13,418
1728462905422940000,410,0,782,480,0,504
1728462905423781000,284,85,837,398,0,578
1728462905424623000,178,173,853,306,34,636
1728462905425465000,87,274,832,228,90,674
1728462905426307000,20,388,793,138,151,691
1728462905427149000,0,497,729,82,225,667
1728462905427997000,0,601,626,20,306,625
1728462905428838000,0,690,526,0,370,568
1728462905429679000,11,746,411,0,434,481
1728462905430521000,87,789,343,0,489,389
1728462905431362000,164,854,258,16,537,295
1728462905432204000,266,772,16,69,542,302
1728462905433046000,423,770,0,149,576,171
1728462905433888000,488,690,0,242,538,64
1728462905434729000,583,601,0,336,494,9
1728462905435570000,670,494,0,418,440,0
1728462905436411000,737,381,41,495,362,0
1728462905437252000,772,265,105,564,289,0
1728462905438094000,796,154,194,600,221,29
1728462905438936000,773,89,320,649,130,90
1728462905439778000,724,18,441,670,79,192
1728462905440620000,651,0,549,658,37,269
1728462905441465000,649,0,637,612,0,366
1728462905442306000,546,0,715,551,0,453
1728462905443147000,272,29,790,533,0,590
1728462905443988000,249,107,844,365,0,596
