timestamp_nsec,channel_0,channel_1,channel_2,channel_3,channel_4,channel_5
1728462775295534000,738,378,21,322,200,0
1728462775296375000,784,324,105,354,149,0
1728462775297217000,789,72,196,354,173,21
1728462775298059000,794,34,311,423,74,57
1728462775298901000,741,0,429,402,10,132
1728462775299742000,653,0,535,383,5,194
1728462775300583000,552,0,641,349,0,246
1728462775301424000,460,0,730,306,0,297
1728462775302265000,346,41,801,249,0,343
1728462775303107000,245,114,848,192,0,382
1728462775303949000,145,197,839,125,26,409
1728462775304791000,53,320,827,89,79,430
1728462775305633000,313,64,796,383,0,343
1728462775306475000,216,138,846,313,0,459
1728462775307317000,117,233,845,240,18,505
1728462775308159000,42,346,814,170,64,528
1728462775309001000,0,463,760,117,128,533
1728462775309842000,0,555,663,56,189,525
1728462775310683000,0,650,569,16,242,493
1728462775311524000,5,720,455,0,305,430
1728462775312365000,69,778,325,0,360,375
1728462775313206000,106,794,224,0,389,320
1728462775314047000,165,796,151,47,410,226
1728462775314889000,303,778,26,13,437,173
1728462775315731000,423,744,0,96,448,85
1728462775316572000,541,629,0,188,431,49
1728462775317413000,645,529,0,258,397,2
1728462775318254000,719,423,5,323,354,0
1728462775319095000,760,314,66,383,293,0
1728462775319936000,786,210,154,441,234,0
1728462775320778000,779,122,253,482,170,13
1728462775321620000,742,117,372,513,121,55
1728462775321694000,674,23,494,521,87,142
1728462775322535000,602,0,584,504,79,188
1728462775323376000,500,0,683,481,71,261
1728462775324217000,408,0,760,448,26,352
1728462775325058000,289,64,826,357,0,418
1728462775325899000,192,164,853,290,0,471
1728462775326741000,93,270,846,226,34,505
1728462775327582000,21,375,806,160,82,542
1728462775328424000,0,472,724,98,146,532
1728462775329265000,0,578,634,42,207,517
1728462775330106000,0,669,522,0,261,480
1728462775330947000,20,746,421,0,320,431
1728462775331788000,87,792,312,0,360,370
1728462775332629000,148,811,286,0,398,286
1728462775333470000,255,815,178,10,485,228
1728462775334312000,370,750,0,66,436,237
1728462775335313000,469,682,0,137,453,97
1728462775336154000,576,599,0,209,430,33
1728462775336995000,657,510,0,264,386,0
1728462775337836000,728,397,21,335,338,0
1728462775338677000,774,286,93,394,276,0
1728462775339518000,789,242,185,450,209,0
1728462775340360000,765,69,287,485,196,20
1728462775341202000,732,5,405,519,105,82
1728462775342043000,661,0,517,523,40,149
1728462775342884000,581,0,625,509,0,218
1728462775343725000,594,0,752,477,0,299
1728462775344566000,448,5,817,405,0,367
1728462775345407000,256,103,834,346,0,436
1728462775346248000,174,194,852,282,2,480
1728462775347090000,85,290,837,213,52,520
1728462775347932000,17,393,785,154,94,533
1728462775348553000,0,508,709,79,157,535
1728462775349394000,0,605,626,26,221,513
1728462775350235000,0,690,522,0,266,469
1728462775351076000,29,769,398,0,322,421
1728462775351917000,102,802,285,0,373,341
1728462775352758000,250,839,141,0,434,308
1728462775353600000,271,828,64,42,440,151
1728462775354442000,434,813,8,85,450,100
1728462775355283000,496,668,0,146,440,72
1728462775356124000,599,590,0,224,416,25
1728462775356965000,679,491,0,287,369,0
1728462775357806000,746,367,37,359,332,0
1728462775358647000,773,269,114,413,266,0
1728462775359489000,846,154,214,468,194,2
1728462775360331000,736,77,307,538,146,46
1728462775361173000,706,17,429,501,85,110
1728462775362016000,642,0,546,512,37,171
1728462775362857000,533,49,677,473,0,245
1728462775363698000,429,34,744,442,0,287
1728462775364540000,344,10,904,394,18,394
1728462775365382000,237,109,837,341,0,437
1728462775366224000,146,217,850,260,16,493
1728462775367066000,59,320,826,192,47,522
1728462775367908000,0,432,773,129,111,538
1728462775368749000,0,537,695,69,166,535
1728462775369590000,0,630,600,21,239,500
1728462775370431000,0,698,488,0,289,448
1728462775371272000,43,765,354,0,341,376
1728462775372113000,117,791,245,0,388,320
1728462775372954000,335,767,186,10,380,253
1728462775373796000,373,777,64,27,437,192
1728462775374638000,334,729,23,154,448,154
1728462775375487000,538,648,0,183,442,57
1728462775376328000,618,554,0,243,410,13
1728462775377169000,698,457,0,307,367,0
1728462775378010000,753,342,50,370,316,0
1728462775378851000,786,240,130,422,246,0
1728462775379692000,777,143,257,471,181,11
1728462775380534000,753,64,394,501,133,49
1728462775381376000,697,0,448,520,77,165
1728462775382217000,626,0,561,523,36,208
1728462775383058000,589,4,617,476,0,169
1728462775383899000,464,0,717,436,0,257
1728462775384740000,290,165,807,386,0,356
1728462775385582000,218,145,847,320,0,449
1728462775386424000,121,239,847,242,18,496
1728462775387266000,36,341,822,181,64,530
1728462775388107000,0,448,751,119,128,530
1728462775388951000,0,562,670,50,185,525
1728462775389792000,0,655,576,17,242,493
1728462775390633000,9,729,463,0,289,441
1728462775391474000,31,778,343,0,333,394
1728462775392315000,104,799,234,2,380,309
1728462775393157000,186,804,114,0,425,218
1728462775393999000,303,810,57,37,448,160
1728462775394841000,448,711,0,101,453,100
1728462775395682000,554,638,0,178,439,52
1728462775396523000,640,538,0,245,394,5
1728462775397364000,714,436,4,320,349,0
1728462775398205000,765,320,68,383,290,0
1728462775399046000,791,215,162,433,229,0
1728462775399888000,775,122,244,480,178,8
1728462775400730000,746,124,362,506,122,64
1728462775401572000,686,23,490,516,109,130
1728462775402418000,605,0,583,505,73,193
1728462775403259000,506,0,696,493,37,281
1728462775404100000,407,0,780,442,13,330
1728462775404941000,299,75,832,369,0,407
1728462775405782000,188,161,847,305,0,465
1728462775406624000,96,257,843,229,34,509
1728462775407465000,30,365,803,164,89,535
1728462775408307000,0,482,733,101,133,540
1728462775409148000,0,587,640,37,192,526
1728462775409989000,0,671,547,10,261,480
1728462775410830000,21,750,433,0,309,426
1728462775411671000,64,789,320,0,373,373
1728462775412513000,154,832,263,0,426,280
1728462775413355000,253,784,23,10,427,301
1728462775414197000,407,765,0,53,434,57
1728462775415039000,480,693,0,130,448,72
1728462775415900000,576,612,0,196,433,31
1728462775416741000,650,510,0,272,381,0
1728462775417582000,725,400,23,341,340,0
1728462775418424000,776,293,90,399,282,0
1728462775419265000,786,176,184,450,261,0
1728462775420107000,770,85,282,485,144,30
1728462775420949000,818,21,398,510,85,79
1728462775421790000,704,0,516,522,49,145
1728462775422631000,631,0,610,576,0,235
1728462775423472000,378,0,733,527,0,330
1728462775424313000,322,13,799,453,0,341
1728462775425154000,272,98,839,354,0,427
1728462775425996000,170,186,852,277,0,485
1728462775426838000,85,285,832,213,34,509
1728462775427679000,16,394,784,148,100,525
1728462775428520000,0,500,719,85,149,530
1728462775429358000,0,591,612,40,215,509
1728462775430199000,0,685,505,0,276,465
1728462775431040000,31,752,404,0,334,413
1728462775431881000,98,799,266,0,383,348
1728462775432722000,203,926,164,23,426,250
1728462775433563000,325,855,87,18,448,181
1728462775434405000,362,683,17,104,500,110
1728462775435246000,495,674,0,154,448,69
1728462775436087000,595,587,0,221,421,26
1728462775436928000,674,477,0,290,378,0
1728462775437769000,740,378,25,349,330,0
1728462775438610000,777,277,106,403,271,0
1728462775439451000,756,158,206,503,192,1
1728462775440293000,743,79,313,523,133,42
1728462775441135000,701,11,437,514,87,105
1728462775441976000,644,0,543,517,43,169
1728462775442828000,546,0,650,494,13,240
1728462775443669000,458,0,836,448,18,336
1728462775444510000,349,42,885,388,18,398
1728462775445351000,245,116,835,325,0,441
1728462775446193000,144,212,856,263,1,484
1728462775447035000,58,312,833,203,54,526
1728462775447877000,4,420,767,130,109,544
1728462775448718000,0,532,697,66,170,532
1728462775449559000,0,630,581,13,237,493
1728462775450400000,0,704,469,0,290,452
1728462775451241000,45,757,370,0,340,389
1728462775452083000,130,786,260,0,398,330
1728462775452924000,201,775,159,0,378,249
1728462775453766000,413,780,114,50,418,192
1728462775454608000,322,718,0,168,442,138
1728462775455450000,523,664,0,162,448,68
1728462775456297000,618,559,0,234,405,17
1728462775457138000,697,457,0,306,362,0
1728462775457979000,754,350,53,370,302,0
1728462775458820000,781,245,138,431,250,0
1728462775459662000,778,138,314,466,192,11
1728462775460504000,750,58,382,505,136,64
1728462775461346000,704,8,450,516,73,171
1728462775462187000,637,0,551,507,34,207
1728462775463028000,594,0,637,484,0,185
1728462775463869000,415,0,736,448,0,269
1728462775464710000,322,130,802,402,0,372
1728462775465551000,213,138,856,320,0,455
1728462775466393000,125,237,844,245,21,501
1728462775467235000,48,344,813,174,69,538
1728462775468077000,0,453,752,114,119,533
1728462775468918000,0,555,669,58,186,514
1728462775469769000,0,634,559,21,234,500
1728462775470610000,0,719,470,0,293,457
1728462775471451000,56,776,341,0,345,386
1728462775472292000,103,814,224,0,397,310
1728462775473134000,209,862,151,0,431,259
1728462775473976000,330,752,144,45,463,167
1728462775474818000,440,719,42,116,453,106
1728462775475659000,538,629,0,180,429,46
1728462775476500000,636,535,0,253,397,0
1728462775477341000,712,426,9,321,354,0
1728462775478182000,760,321,66,378,296,0
1728462775479023000,786,219,160,434,232,0
1728462775479865000,783,181,253,481,170,2
1728462775480707000,739,29,370,510,164,69
1728462775481549000,677,0,492,533,49,130
1728462775482390000,613,0,597,498,0,202
1728462775483245000,641,0,714,486,0,274
1728462775484086000,522,4,811,434,0,337
1728462775484927000,301,73,826,365,0,421
1728462775485768000,197,161,852,301,0,455
1728462775486610000,98,265,846,234,29,512
1728462775487452000,25,360,804,170,82,530
1728462775488293000,0,472,732,101,139,538
1728462775489134000,0,554,634,29,197,522
1728462775489975000,0,668,545,0,258,484
1728462775490816000,2,753,433,0,314,440
1728462775491657000,78,786,289,0,365,361
1728462775492499000,186,835,151,0,420,337
1728462775493340000,302,815,84,16,418,146
1728462775494181000,335,867,9,90,458,114
1728462775495023000,472,704,0,122,451,90
1728462775495864000,565,616,0,192,421,42
1728462775496711000,657,525,0,263,385,5
1728462775497552000,729,413,18,333,336,0
1728462775498394000,766,301,98,392,281,0
1728462775499235000,779,181,178,450,202,0
1728462775500076000,832,96,284,484,154,29
1728462775500918000,705,31,404,555,104,85
1728462775501759000,651,0,517,535,48,151
1728462775502600000,542,10,604,450,13,229
1728462775503441000,475,10,728,448,0,309
1728462775504282000,363,77,797,394,0,372
1728462775505123000,266,96,836,359,0,421
1728462775505964000,167,182,853,285,0,477
1728462775506806000,85,276,838,218,45,513
1728462775507647000,18,392,786,148,98,536
1728462775508488000,0,496,722,81,146,530
1728462775509329000,1,608,617,36,215,487
1728462775510177000,0,690,511,4,267,462
1728462775511018000,26,757,405,1,322,397
1728462775511860000,93,793,286,0,381,349
1728462775512701000,165,720,186,5,480,270
1728462775513543000,302,760,77,14,377,205
1728462775514385000,522,736,43,85,418,125
1728462775515226000,506,683,0,145,445,70
1728462775516067000,584,594,0,213,417,18
1728462775516908000,671,484,0,290,380,0
1728462775517749000,736,382,42,352,328,0
1728462775518590000,782,277,117,413,269,0
1728462775519431000,773,173,199,442,210,5
1728462775520273000,757,82,305,482,141,43
1728462775521115000,718,21,488,512,101,97
1728462775521956000,648,0,577,523,49,155
1728462775522797000,559,0,562,506,5,329
1728462775523656000,474,0,684,458,0,372
1728462775524497000,401,42,756,393,11,339
1728462775525338000,245,117,834,334,0,448
1728462775526180000,154,205,855,264,5,487
1728462775527022000,76,308,832,197,64,517
1728462775527863000,0,421,776,133,104,530
1728462775528704000,0,521,701,74,162,529
1728462775529545000,0,599,586,26,213,485
1728462775530386000,0,695,500,0,277,453
1728462775531227000,42,768,382,0,335,402
1728462775532068000,130,786,264,0,394,331
1728462775532909000,117,810,166,53,413,310
1728462775533751000,260,779,74,0,437,171
1728462775534593000,392,749,18,69,450,130
1728462775535434000,514,658,0,162,442,64
1728462775536275000,610,561,0,236,410,13
1728462775537118000,692,469,0,295,370,0
1728462775537959000,749,340,42,362,316,0
1728462775538800000,779,245,129,420,255,0
1728462775539642000,783,151,202,466,184,74
1728462775540484000,754,64,327,510,133,36
1728462775541326000,704,64,450,523,78,105
1728462775542167000,636,46,558,522,39,165
1728462775543008000,557,55,648,475,0,244
1728462775543849000,416,0,748,436,49,299
1728462775544690000,330,26,802,392,18,381
1728462775545532000,218,138,852,320,0,448
1728462775546374000,122,229,851,249,20,500
1728462775547216000,52,335,820,183,73,532
1728462775548058000,0,450,754,113,124,537
1728462775548899000,0,557,669,58,183,533
1728462775549740000,0,638,576,0,235,496
1728462775550588000,0,717,466,0,285,448
1728462775551429000,49,790,346,0,357,378
1728462775552270000,104,832,233,0,389,282
1728462775553112000,213,802,241,10,466,250
1728462775553954000,313,797,104,50,449,170
1728462775554796000,439,724,0,102,450,122
1728462775555637000,542,635,0,170,429,64
1728462775556478000,650,543,0,253,395,4
1728462775557319000,711,442,10,320,346,0
1728462775558160000,757,325,74,378,293,0
1728462775559001000,781,254,158,436,237,0
1728462775559843000,777,154,253,476,242,11
1728462775560684000,748,34,362,509,149,73
1728462775561526000,690,0,485,513,52,125
1728462775562367000,738,0,615,517,0,196
1728462775563208000,613,0,737,493,0,253
1728462775564057000,474,1,752,480,0,334
1728462775564898000,292,69,835,373,0,412
1728462775565740000,197,153,850,311,0,466
1728462775566582000,109,261,841,228,28,501
1728462775567424000,41,365,806,162,79,537
1728462775568265000,0,471,738,104,137,533
1728462775569106000,0,586,651,50,203,515
1728462775569947000,0,670,522,0,257,485
1728462775570788000,0,733,402,0,309,427
1728462775571629000,85,783,301,0,373,370
1728462775572470000,178,819,178,0,391,242
1728462775573312000,242,912,106,45,448,188
1728462775574154000,349,653,26,66,543,125
1728462775574996000,466,698,0,137,452,93
1728462775575837000,568,610,0,200,430,37
1728462775576678000,656,511,0,265,395,0
1728462775577528000,719,416,10,326,341,0
1728462775578369000,767,297,97,392,279,0
1728462775579210000,840,192,177,495,215,0
1728462775580052000,751,106,288,522,162,26
1728462775580894000,714,21,401,501,104,79
1728462775581735000,666,0,515,524,64,145
1728462775582576000,576,2,612,500,21,209
1728462775583417000,480,0,812,462,26,322
1728462775584258000,372,45,866,400,13,372
1728462775585099000,282,93,832,354,0,416
1728462775585940000,170,183,857,288,0,466
1728462775586782000,81,276,839,215,41,513
1728462775587623000,16,381,797,149,93,537
1728462775588465000,0,498,714,89,153,538
1728462775589306000,0,582,618,23,206,501
1728462775590148000,0,653,520,7,265,468
1728462775590999000,32,719,406,0,324,414
1728462775591840000,89,805,290,0,369,352
1728462775592681000,169,789,194,0,370,266
1728462775593522000,381,787,141,52,418,203
1728462775594364000,265,736,17,153,437,186
1728462775595206000,490,688,0,137,442,85
1728462775596047000,591,594,0,214,415,21
1728462775596888000,682,498,0,282,383,0
1728462775597729000,742,389,34,346,320,0
1728462775598570000,773,277,107,414,274,0
1728462775599411000,778,175,218,452,210,5
1728462775600253000,762,82,350,496,153,41
1728462775601095000,722,26,407,509,87,145
1728462775601937000,661,0,532,520,43,165
1728462775602778000,629,10,625,497,0,148
1728462775603619000,441,0,706,472,0,242
1728462775604470000,324,138,769,424,0,322
1728462775605311000,244,105,852,338,0,436
1728462775606153000,151,192,846,272,10,488
1728462775606995000,69,320,825,193,45,533
1728462775607837000,10,415,776,133,101,532
1728462775608678000,0,520,700,78,157,528
1728462775609519000,0,623,617,32,215,504
1728462775610360000,0,690,509,0,270,453
1728462775611201000,0,760,394,0,344,403
1728462775612042000,85,798,258,9,389,343
1728462775612884000,157,814,154,0,415,293
1728462775613726000,288,825,87,4,442,181
1728462775614568000,395,741,9,82,458,121
1728462775615409000,510,668,0,165,442,59
1728462775616250000,608,568,0,233,412,15
1728462775617091000,685,467,0,297,369,0
1728462775617939000,750,354,47,370,320,0
1728462775618780000,792,260,122,418,260,0
1728462775619622000,789,157,214,462,194,0
1728462775620464000,757,106,327,501,125,39
1728462775621306000,705,0,451,525,110,107
1728462775622147000,628,0,561,514,69,177
1728462775622988000,554,0,674,486,0,241
1728462775623829000,438,0,757,454,0,322
1728462775624670000,380,58,821,388,0,395
1728462775625512000,229,133,847,328,0,448
1728462775626354000,127,227,847,252,18,488
1728462775627196000,50,331,824,194,66,528
1728462775628038000,0,432,760,124,117,535
1728462775628879000,0,555,669,49,180,528
1728462775629720000,0,650,576,9,244,501
1728462775630561000,0,720,466,0,292,448
1728462775631417000,64,778,348,0,353,378
1728462775632258000,109,783,160,0,383,381
1728462775633100000,273,818,100,13,440,293
1728462775633942000,327,770,11,46,448,106
1728462775634783000,441,730,0,106,454,107
1728462775635624000,537,641,0,171,425,57
1728462775636465000,633,548,0,238,397,5
1728462775637306000,709,442,5,311,352,0
1728462775638147000,760,334,69,380,298,0
1728462775638988000,784,209,148,436,217,0
1728462775639830000,863,116,261,477,165,16
1728462775640672000,770,45,356,542,122,68
1728462775641514000,672,0,477,541,64,132
1728462775642355000,572,0,584,466,16,178
1728462775643196000,495,0,658,439,0,287
1728462775644037000,383,75,794,408,0,329
1728462775644879000,296,69,832,382,0,409
1728462775645720000,205,153,856,309,0,460
1728462775646562000,112,250,834,231,32,501
1728462775647404000,37,362,809,162,72,537
1728462775648246000,0,467,741,105,129,530
1728462775649087000,1,578,634,50,210,506
1728462775649928000,0,657,545,15,250,473
1728462775650769000,5,730,443,0,306,434
1728462775651610000,73,785,322,0,369,378
1728462775652451000,138,752,205,0,454,282
1728462775653292000,261,764,109,10,350,222
1728462775654134000,482,730,69,79,406,137
1728462775654976000,458,706,0,126,448,82
1728462775655817000,555,611,0,199,429,37
1728462775656658000,658,521,0,261,397,0
1728462775657499000,725,410,17,329,341,0
1728462775658347000,770,303,81,393,290,0
1728462775659188000,769,202,162,426,224,0
1728462775660030000,769,111,279,474,159,23
1728462775660872000,722,36,440,514,106,73
1728462775661713000,668,0,538,525,50,146
1728462775662554000,586,0,546,493,17,305
1728462775663395000,477,0,626,463,5,357
1728462775664236000,432,50,719,410,2,401
1728462775665077000,277,93,832,352,0,426
1728462775665918000,181,167,850,274,0,476
1728462775666760000,81,279,837,214,35,510
1728462775667602000,16,385,799,157,90,538
1728462775668444000,0,490,719,93,151,534
1728462775669285000,0,584,637,45,213,518
1728462775670126000,0,658,520,0,250,471
1728462775670967000,20,754,402,0,320,425
1728462775671827000,90,790,293,0,368,355
1728462775672669000,72,791,162,58,386,304
1728462775673511000,213,778,119,68,431,186
1728462775674353000,322,761,13,36,434,157
1728462775675195000,485,687,0,137,448,77
1728462775676036000,587,598,0,210,426,29
1728462775676877000,672,502,0,278,386,0
1728462775677718000,737,384,31,345,324,0
1728462775678559000,788,277,101,410,277,0
1728462775679400000,786,178,171,456,210,52
1728462775680242000,769,85,293,495,151,72
1728462775681084000,724,64,418,517,98,85
1728462775681926000,657,17,525,516,45,151
1728462775682767000,602,70,634,490,0,219
1728462775683608000,462,0,709,453,53,285
1728462775684449000,370,0,796,405,11,354
1728462775685289000,249,109,841,345,0,431
1728462775686131000,162,197,851,270,13,486
1728462775686973000,69,309,832,199,53,522
1728462775687815000,9,416,770,133,109,545
1728462775688656000,0,521,704,73,165,532
1728462775689497000,0,618,606,16,218,501
1728462775690338000,0,701,497,0,265,449
1728462775691179000,26,766,380,0,338,404
1728462775692021000,98,802,267,0,385,338
1728462775692862000,197,807,261,0,458,282
1728462775693704000,312,824,98,29,440,297
1728462775694546000,418,737,2,82,448,142
1728462775695387000,522,672,0,161,442,64
1728462775696228000,609,576,0,226,409,11
1728462775697069000,683,477,0,300,370,0
1728462775697910000,740,360,48,361,314,0
1728462775698759000,773,270,133,420,257,0
1728462775699601000,781,124,215,466,241,2
1728462775700443000,762,58,320,497,162,50
1728462775701285000,751,4,448,517,79,106
1728462775702126000,748,0,593,529,4,170
1728462775702967000,622,0,661,489,0,242
1728462775703808000,325,0,739,514,0,362
1728462775704649000,329,46,818,389,0,390
1728462775705491000,228,125,839,322,0,448
1728462775706333000,136,221,849,253,13,495
1728462775707175000,64,325,817,188,64,522
1728462775708017000,0,437,760,122,110,530
1728462775708858000,0,546,683,69,184,529
1728462775709699000,0,636,569,18,234,494
1728462775710540000,0,706,459,0,295,448
1728462775711381000,55,781,352,0,356,393
1728462775712227000,170,818,207,0,391,250
1728462775713068000,203,916,117,26,448,206
1728462775713910000,373,837,50,46,449,151
1728462775714752000,430,719,4,116,450,106
1728462775715593000,532,639,0,173,437,50
1728462775716434000,631,548,0,245,407,10
1728462775717275000,704,450,0,308,359,0
1728462775718116000,760,330,53,372,307,0
1728462775718957000,857,228,154,426,232,0
1728462775719799000,761,130,246,522,168,11
1728462775720641000,732,55,357,538,125,56
1728462775721483000,681,0,480,512,69,125
1728462775722324000,589,18,576,495,20,186
1728462775723165000,501,0,666,463,4,277
1728462775724006000,401,0,822,421,2,342
1728462775724847000,309,66,826,373,0,407
1728462775725696000,210,149,850,311,0,451
1728462775726538000,107,250,845,242,23,493
1728462775727380000,26,350,817,174,78,530
1728462775728221000,0,454,744,114,136,540
1728462775729062000,0,576,648,52,195,521
1728462775729903000,0,621,557,5,245,494
1728462775730744000,10,711,440,0,309,434
1728462775731585000,68,784,325,0,354,357
1728462775732426000,130,778,207,0,349,276
1728462775733267000,352,762,170,29,400,226
1728462775734109000,397,747,18,135,433,186
1728462775734951000,458,709,0,119,450,98
1728462775735792000,564,624,0,186,434,42
1728462775736633000,661,529,0,260,395,0
1728462775737474000,722,418,15,330,334,0
1728462775738315000,766,309,78,393,290,0
1728462775739179000,778,202,201,434,226,0
1728462775740021000,773,104,309,492,170,26
1728462775740863000,739,41,368,505,101,117
1728462775741704000,675,0,500,522,58,125
1728462775742545000,581,0,570,500,0,142
1728462775743386000,487,96,673,486,0,224
1728462775744227000,405,111,766,450,0,322
1728462775745068000,272,75,839,361,0,417
1728462775745909000,184,171,843,294,2,476
1728462775746751000,94,286,842,213,36,519
1728462775747592000,26,381,796,160,90,528
1728462775748434000,0,495,725,92,148,527
1728462775749275000,0,591,634,43,197,512
1728462775750116000,0,677,535,8,269,476
1728462775750957000,18,754,425,0,329,426
1728462775751798000,73,790,282,0,373,361
1728462775752636000,142,848,199,0,410,320
1728462775753478000,255,810,94,10,442,206
1728462775754320000,370,774,101,71,469,138
1728462775755162000,485,682,0,149,448,77
1728462775756003000,578,597,0,210,423,28
1728462775756844000,670,493,0,279,382,0
1728462775757685000,730,394,25,343,333,0
1728462775758526000,778,282,101,402,273,0
1728462775759367000,795,241,192,453,206,0
1728462775760209000,761,69,299,492,194,26
1728462775761051000,722,13,420,520,117,94
1728462775761892000,663,0,533,521,13,150
1728462775762733000,567,0,640,508,0,224
1728462775763574000,590,0,778,476,0,320
1728462775764415000,413,18,796,402,0,372
1728462775765256000,261,106,839,335,0,434
1728462775766108000,162,202,848,269,0,481
1728462775766950000,69,304,833,210,45,521
1728462775767791000,16,405,778,144,109,535
1728462775768633000,0,516,696,82,165,532
1728462775769474000,0,624,606,23,231,513
1728462775770315000,0,690,494,0,285,461
1728462775771156000,37,765,383,0,335,407
1728462775771997000,93,808,165,0,359,417
1728462775772838000,189,794,89,0,431,340
1728462775773679000,362,800,52,30,440,113
1728462775774521000,401,754,2,97,453,125
1728462775775362000,512,666,0,156,450,74
1728462775776203000,599,576,0,221,408,18
1728462775777044000,692,473,0,293,372,0
1728462775777885000,747,365,45,365,313,0
1728462775778726000,783,244,130,421,246,0
1728462775779585000,788,146,220,464,178,0
1728462775780427000,811,66,322,505,145,49
1728462775781269000,700,16,441,541,85,117
1728462775782110000,577,0,589,559,34,181
1728462775782951000,506,0,648,437,0,247
1728462775783792000,401,2,750,405,0,333
1728462775784633000,330,53,811,410,0,381
1728462775785475000,229,122,839,328,0,448
1728462775786317000,142,220,846,259,17,496
1728462775787159000,56,330,816,186,65,532
1728462775788001000,0,432,765,117,116,535
1728462775788842000,10,549,680,66,176,514
1728462775789683000,0,637,581,29,237,484
1728462775790524000,0,718,480,0,298,442
1728462775791365000,45,775,370,0,347,392
1728462775792206000,110,706,233,0,459,301
1728462775793052000,244,754,129,10,452,241
1728462775793894000,314,757,64,36,400,181
1728462775794736000,434,736,4,107,457,109
1728462775795577000,528,653,0,178,440,50
1728462775796418000,621,553,0,240,407,8
1728462775797259000,704,442,0,309,354,0
1728462775798100000,751,335,64,378,309,0
1728462775798941000,770,241,139,418,247,0
1728462775799783000,777,137,242,466,181,14
1728462775800625000,745,53,397,501,126,54
1728462775801467000,687,0,463,526,69,161
1728462775802308000,616,0,506,506,52,256
1728462775803149000,583,2,633,477,2,252
1728462775803990000,484,23,719,430,0,260
1728462775804831000,308,55,832,378,0,401
1728462775805672000,213,148,849,303,0,466
1728462775806522000,109,249,848,234,23,498
1728462775807364000,33,349,811,184,69,529
1728462775808206000,0,458,747,114,136,543
1728462775809047000,0,571,666,52,189,523
1728462775809888000,0,658,558,12,250,487
1728462775810729000,5,732,448,0,299,434
1728462775811570000,58,783,331,0,352,376
1728462775812411000,87,794,234,11,390,273
1728462775813253000,200,804,121,0,424,253
1728462775814095000,320,810,58,46,450,136
1728462775814937000,455,707,0,116,450,93
1728462775815778000,560,631,0,183,431,50
1728462775816619000,645,527,0,253,386,1
1728462775817460000,727,424,2,320,352,0
1728462775818301000,765,314,79,388,281,0
1728462775819142000,783,210,154,448,232,21
1728462775819995000,773,112,261,485,170,8
1728462775820837000,738,74,369,506,116,68
1728462775821678000,680,18,494,516,94,133
1728462775822519000,569,0,593,516,73,190
1728462775823360000,513,0,690,489,30,265
1728462775824201000,405,0,779,421,0,345
1728462775825042000,281,85,832,372,0,410
1728462775825883000,181,171,856,293,2,472
1728462775826725000,96,265,838,225,37,512
1728462775827566000,29,382,791,156,93,538
1728462775828407000,0,489,727,88,138,538
1728462775829248000,0,587,642,27,206,506
1728462775830089000,0,681,536,2,253,471
1728462775830930000,11,750,422,0,312,416
1728462775831771000,66,776,367,0,377,363
1728462775832613000,162,834,254,0,424,285
1728462775833458000,258,832,113,5,424,310
1728462775834299000,373,756,13,69,448,184
1728462775835141000,491,684,0,137,452,74
1728462775835982000,577,610,0,209,426,31
1728462775836823000,662,508,0,273,386,0
1728462775837664000,733,386,29,340,332,0
1728462775838506000,775,280,93,399,271,0
1728462775839347000,788,173,185,450,253,0
1728462775840189000,771,78,290,485,142,33
1728462775841031000,760,21,407,514,80,84
1728462775841872000,716,0,520,562,18,154
1728462775842713000,465,0,625,565,0,273
1728462775843554000,394,0,765,498,0,295
1728462775844396000,361,26,786,402,0,365
1728462775845237000,265,109,832,342,0,437
1728462775846079000,165,194,852,265,4,484
1728462775846930000,68,297,832,207,46,511
1728462775847771000,8,401,779,149,101,533
1728462775848613000,0,498,690,84,164,536
1728462775849454000,0,610,610,30,225,509
1728462775850295000,0,704,500,0,279,453
1728462775851136000,26,762,391,0,338,410
1728462775851977000,107,888,260,20,397,303
1728462775852818000,221,873,157,0,402,241
1728462775853660000,289,725,84,58,489,197
1728462775854502000,401,741,13,93,453,128
1728462775855344000,505,671,0,149,448,68
1728462775856185000,602,585,0,224,421,29
1728462775857026000,680,472,0,285,366,0
1728462775857867000,753,367,42,359,323,0
1728462775858708000,749,257,121,448,245,0
1728462775859549000,766,159,218,462,194,4
1728462775860395000,760,66,327,498,144,52
1728462775861237000,708,9,493,509,85,107
1728462775862078000,634,33,629,505,46,180
1728462775862919000,555,0,552,484,0,338
1728462775863760000,468,0,682,452,0,383
1728462775864601000,335,49,815,402,0,378
1728462775865442000,233,125,851,325,0,450
1728462775866284000,141,211,854,258,17,496
1728462775867126000,58,320,813,186,64,526
1728462775867968000,4,441,766,119,111,542
1728462775868809000,0,537,687,53,149,517
1728462775869650000,0,640,598,25,224,490
1728462775870491000,0,718,482,0,288,444
1728462775871332000,43,765,370,0,341,385
1728462775872173000,188,781,228,58,372,325
1728462775873014000,133,809,175,53,425,285
1728462775873873000,277,779,50,0,448,178
1728462775874715000,431,725,1,107,458,104
1728462775875557000,528,649,0,174,438,64
1728462775876398000,618,552,0,247,404,10
1728462775877239000,690,444,0,308,357,0
1728462775878080000,758,335,64,378,308,0
1728462775878922000,782,234,117,423,244,46
1728462775879764000,785,133,229,466,178,0
1728462775880606000,756,121,349,506,138,49
1728462775881448000,690,5,474,521,111,114
1728462775882289000,605,0,562,521,109,170
1728462775883130000,525,0,673,511,41,264
1728462775883971000,441,0,762,433,0,328
1728462775884812000,314,70,824,378,0,410
1728462775885653000,213,149,848,309,0,453
1728462775886495000,130,246,848,239,33,494
1728462775887351000,34,345,814,178,73,528
1728462775888193000,0,457,745,107,130,540
1728462775889034000,0,558,650,38,192,525
1728462775889875000,0,660,554,10,247,494
1728462775890716000,10,738,442,0,305,450
1728462775891558000,57,786,335,0,358,383
1728462775892400000,144,842,293,0,437,292
1728462775893242000,218,802,26,11,413,325
1728462775894084000,342,743,0,64,449,228
1728462775894925000,455,704,0,121,453,97
1728462775895766000,552,627,0,181,434,48
1728462775896607000,641,533,0,250,389,9
1728462775897448000,719,421,10,320,346,0
1728462775898289000,774,320,79,386,296,0
1728462775899130000,781,190,165,440,269,0
1728462775899972000,772,98,266,480,157,17
1728462775900816000,780,37,375,506,109,74
1728462775901658000,719,0,495,554,49,138
1728462775902499000,505,0,618,564,5,260
1728462775903340000,418,0,730,514,0,281
1728462775904181000,378,18,774,388,0,342
1728462775905023000,286,77,833,373,0,417
1728462775905864000,192,165,851,298,0,470
1728462775906706000,95,264,839,224,34,509
1728462775907548000,29,373,794,153,82,530
1728462775908389000,0,484,736,93,138,530
1728462775909230000,0,586,626,42,207,509
1728462775910071000,0,676,533,2,250,452
1728462775910912000,9,742,426,0,320,426
1728462775911753000,85,861,288,2,373,332
1728462775912595000,185,858,192,0,482,274
1728462775913437000,245,732,101,26,484,210
1728462775914285000,368,751,29,70,436,139
1728462775915127000,484,696,0,133,458,73
1728462775915968000,562,608,0,203,426,32
1728462775916809000,659,505,0,287,389,0
1728462775917650000,736,394,21,343,342,0
1728462775918491000,762,285,98,402,277,0
1728462775919333000,770,189,188,434,210,0
1728462775920175000,767,98,293,485,162,26
1728462775921017000,728,21,454,512,109,94
1728462775921858000,653,6,576,516,42,192
1728462775922699000,564,0,538,500,10,306
1728462775923540000,496,0,655,455,1,349
1728462775924381000,372,26,791,409,0,364
1728462775925222000,266,104,838,352,0,434
1728462775926063000,160,186,853,276,4,474
1728462775926905000,74,296,839,213,41,520
1728462775927762000,10,392,778,151,98,533
1728462775928604000,0,521,709,75,145,543
1728462775929445000,0,608,625,25,202,501
1728462775930286000,0,690,516,0,266,466
1728462775931127000,34,765,402,0,322,410
1728462775931968000,0,790,277,58,372,379
1728462775932810000,97,801,210,37,413,273
1728462775933652000,253,786,57,2,449,224
1728462775934494000,395,742,15,85,448,129
1728462775935336000,506,668,0,146,436,64
1728462775936177000,596,591,0,218,418,21
1728462775937018000,679,482,0,293,377,0
1728462775937859000,743,374,45,362,327,0
1728462775938700000,771,261,100,412,261,42
1728462775939542000,786,162,197,473,203,0
1728462775940384000,762,137,312,492,142,33
1728462775941228000,712,0,437,520,129,96
1728462775942069000,655,0,545,542,78,162
1728462775942910000,559,0,642,497,0,244
1728462775943751000,453,0,746,437,0,314
1728462775944592000,340,36,801,402,0,375
1728462775945433000,238,122,835,338,0,448
1728462775946275000,148,218,855,250,9,494
1728462775947117000,57,322,824,194,56,519
1728462775947959000,0,431,763,129,116,543
1728462775948800000,0,538,692,57,165,530
1728462775949641000,0,632,589,25,235,497
1728462775950482000,0,715,480,0,290,459
1728462775951323000,39,784,362,0,354,400
1728462775952164000,107,842,331,0,402,321
1728462775953006000,202,774,64,0,422,324
1728462775953848000,347,799,23,37,435,86
1728462775954696000,430,719,0,105,458,113
1728462775955538000,522,648,0,165,437,64
1728462775956379000,621,554,0,241,407,21
1728462775957220000,698,456,0,302,359,0
1728462775958061000,756,348,66,365,303,0
1728462775958902000,786,224,139,426,221,0
1728462775959744000,865,139,239,474,171,13
1728462775960586000,799,50,345,561,132,58
1728462775961428000,688,0,463,532,72,121
1728462775962269000,569,0,557,453,25,188
1728462775963110000,498,20,681,452,0,286
1728462775963951000,410,47,757,424,0,316
1728462775964792000,320,53,819,383,0,402
1728462775965633000,217,143,848,320,0,454
1728462775966475000,128,242,846,241,34,497
1728462775967317000,42,345,816,177,68,530
1728462775968169000,0,453,753,107,121,537
1728462775969010000,0,562,661,54,183,509
1728462775969852000,0,658,559,20,250,483
1728462775970693000,4,734,450,0,305,450
1728462775971534000,64,733,335,0,381,366
1728462775972375000,159,749,215,8,449,301
1728462775973217000,240,781,129,0,368,233
1728462775974059000,449,768,73,58,423,149
1728462775974901000,450,716,0,120,453,90
1728462775975742000,546,628,0,186,433,45
1728462775976583000,634,535,0,255,397,8
1728462775977424000,722,420,5,328,356,0
1728462775978265000,772,320,69,383,303,0
1728462775979106000,775,212,165,429,225,0
1728462775979948000,778,116,263,480,168,13
1728462775980790000,738,50,423,503,117,117
1728462775981637000,679,0,459,522,65,194
1728462775982478000,653,0,554,511,32,229
1728462775983319000,548,0,663,474,0,213
1728462775984160000,393,46,774,425,0,343
1728462775985002000,295,79,832,373,0,410
1728462775985844000,196,170,853,298,0,468
1728462775986686000,93,265,843,225,33,514
1728462775987527000,25,370,794,162,89,533
1728462775988368000,0,474,726,98,146,535
1728462775989209000,0,590,648,42,205,517
1728462775990050000,0,661,538,2,254,485
1728462775990891000,2,736,427,0,299,433
1728462775991732000,5,768,322,21,354,378
1728462775992573000,114,810,194,0,410,273
1728462775993415000,242,801,103,0,432,249
1728462775994257000,369,753,29,74,452,149
1728462775995162000,484,690,0,130,458,84
1728462775996003000,570,609,0,194,418,38
1728462775996844000,663,513,0,276,382,0
1728462775997685000,732,402,20,338,334,0
1728462775998526000,776,293,85,394,270,28
1728462775999367000,783,194,169,450,217,25
1728462776000208000,767,97,280,491,169,13
1728462776001050000,744,69,394,512,115,84
1728462776001891000,648,0,522,517,116,148
1728462776002732000,594,0,628,533,53,225
1728462776003573000,501,0,712,462,0,282
1728462776004414000,369,30,789,420,0,357
1728462776005255000,263,100,833,352,0,424
1728462776006096000,169,183,852,284,5,480
1728462776006938000,85,286,817,207,53,516
1728462776007779000,18,394,784,148,94,538
1728462776008578000,0,510,709,65,137,533
1728462776009419000,0,613,624,28,199,509
1728462776010260000,0,701,514,0,273,466
1728462776011101000,18,773,406,0,330,410
1728462776011942000,79,786,377,0,420,349
1728462776012784000,186,813,226,0,413,298
1728462776013626000,288,768,20,20,452,279
1728462776014468000,395,750,18,79,448,128
1728462776015309000,498,679,0,149,448,66
1728462776016150000,591,584,0,220,417,26
1728462776016991000,674,486,0,292,376,0
1728462776017832000,740,365,36,354,324,0
1728462776018674000,782,244,106,407,311,0
1728462776019516000,785,148,207,457,178,0
1728462776020358000,846,73,314,497,132,42
1728462776021200000,693,9,448,546,85,107
1728462776022041000,558,0,578,565,42,182
1728462776022882000,512,0,658,522,4,239
1728462776023723000,432,0,717,405,0,311
1728462776024564000,345,41,805,402,0,382
1728462776025405000,244,121,843,334,0,450
1728462776026247000,148,214,850,258,4,486
1728462776027089000,55,315,835,197,55,517
1728462776027931000,2,421,767,133,111,539
1728462776028773000,0,537,685,64,173,525
1728462776029614000,0,631,582,14,229,495
1728462776030455000,0,712,482,0,282,448
1728462776031296000,47,773,362,0,335,392
1728462776032137000,139,856,250,0,381,297
1728462776032979000,181,722,149,10,486,238
1728462776033821000,324,750,54,37,394,171
1728462776034663000,425,727,0,100,456,114
1728462776035546000,533,656,0,157,448,64
1728462776036387000,613,562,0,232,402,5
1728462776037228000,705,458,0,309,361,0
1728462776038069000,750,352,53,366,309,0
1728462776038910000,757,234,135,409,242,0
1728462776039752000,774,145,232,467,192,16
1728462776040594000,748,64,333,496,133,64
1728462776041436000,700,4,496,507,82,120
1728462776042277000,619,0,618,512,5,224
1728462776043118000,522,0,585,482,2,352
1728462776043959000,433,4,730,434,0,378
1728462776044800000,320,58,821,388,0,397
1728462776045642000,218,141,844,321,0,463
1728462776046484000,121,233,842,239,22,500
1728462776047325000,53,345,820,180,64,530
1728462776048167000,0,455,749,114,125,533
1728462776048989000,0,554,674,58,180,505
1728462776049830000,0,633,588,18,245,485
1728462776050671000,2,692,458,0,296,450
1728462776051512000,94,783,335,0,353,391
1728462776052353000,34,792,201,47,404,341
1728462776053194000,175,799,130,36,415,229
1728462776054036000,320,765,49,47,442,162
1728462776054878000,436,709,0,117,463,100
1728462776055720000,548,626,0,183,431,45
1728462776056561000,634,536,0,257,399,5
1728462776057402000,710,433,0,320,354,0
1728462776058243000,764,320,66,378,297,0
1728462776059084000,779,213,139,432,229,37
1728462776059926000,781,120,242,484,169,4
1728462776060768000,736,98,370,509,118,65
1728462776061610000,719,37,482,530,74,121
1728462776062510000,582,0,588,505,91,202
1728462776063351000,517,0,690,490,29,265
1728462776064192000,410,9,770,428,0,345
1728462776065033000,298,77,832,363,0,413
1728462776065874000,194,165,850,299,0,462
1728462776066716000,89,258,842,228,31,506
1728462776067558000,34,363,797,168,87,530
1728462776068399000,0,481,724,77,132,548
1728462776069240000,0,588,651,42,192,521
1728462776070081000,0,676,542,8,262,478
1728462776070922000,0,753,429,0,312,422
1728462776071763000,58,773,402,0,402,363
1728462776072604000,149,815,258,0,405,286
1728462776073446000,250,770,37,2,452,293
1728462776074288000,362,766,21,69,456,158
1728462776075130000,480,693,0,135,448,81
1728462776075940000,572,608,0,197,414,30
1728462776076781000,656,511,0,273,386,0
1728462776077622000,725,410,26,335,338,0
1728462776078463000,765,261,98,398,321,0
1728462776079304000,789,168,173,453,224,0
1728462776080146000,868,95,277,485,151,37
1728462776080988000,778,21,404,506,100,86
1728462776081830000,586,0,552,570,56,170
1728462776082671000,525,0,633,543,10,198
1728462776083512000,455,0,721,405,0,286
1728462776084353000,375,18,799,420,0,357
1728462776085194000,269,90,826,354,0,426
1728462776086035000,173,196,850,279,9,490
1728462776086877000,86,284,832,215,41,511
1728462776087718000,10,393,786,146,96,530
1728462776088559000,0,514,709,85,162,530
1728462776089405000,0,606,613,31,220,510
1728462776090246000,0,686,516,2,274,457
1728462776091087000,34,747,389,0,325,400
1728462776091928000,106,883,267,6,381,320
1728462776092770000,170,685,167,0,497,258
1728462776093612000,282,727,66,43,476,175
1728462776094454000,386,740,20,93,452,133
1728462776095296000,493,676,0,146,448,75
1728462776096137000,599,590,0,217,421,25
1728462776096978000,674,485,0,290,383,0
1728462776097819000,741,381,30,349,331,0
1728462776098660000,753,264,119,437,258,0
1728462776099501000,767,168,207,449,194,0
1728462776100343000,755,86,308,498,146,37
1728462776101185000,711,13,480,517,92,98
1728462776102026000,642,0,608,521,68,177
1728462776102876000,557,0,562,482,0,346
1728462776103717000,448,0,656,442,0,395
1728462776104558000,361,42,806,402,0,378
1728462776105399000,245,118,843,335,0,436
1728462776106241000,144,210,858,273,10,487
1728462776107083000,58,308,837,198,58,523
1728462776107924000,2,425,768,128,110,533
1728462776108766000,0,520,689,74,170,529
1728462776109607000,0,609,599,21,213,503
1728462776110448000,1,704,493,0,284,457
1728462776111289000,53,772,378,0,341,397
1728462776112131000,139,798,235,64,381,359
1728462776112973000,114,791,174,65,411,298
1728462776113814000,248,764,77,0,444,178
1728462776114656000,420,738,5,97,452,125
1728462776115497000,529,658,0,164,440,58
1728462776116335000,613,565,0,233,400,8
1728462776117176000,697,463,0,304,367,0
1728462776118017000,749,356,49,362,309,0
1728462776118858000,772,245,186,421,250,0
1728462776119699000,782,142,201,473,196,58
1728462776120541000,753,72,320,496,136,64
1728462776121383000,704,66,462,518,74,97
1728462776122224000,637,85,556,549,53,145
1728462776123065000,555,54,634,480,0,222
1728462776123906000,427,0,741,448,26,298
1728462776124747000,320,52,821,389,0,398
1728462776125589000,215,130,839,320,0,451
1728462776126431000,126,239,842,246,25,506
1728462776127273000,57,338,814,183,67,522
1728462776128115000,0,449,756,114,117,530
1728462776128956000,0,562,682,71,178,529
1728462776129815000,0,637,578,5,250,494
1728462776130656000,0,726,466,0,303,448
1728462776131497000,41,791,336,0,357,374
1728462776132339000,132,784,341,0,425,328
1728462776133180000,229,834,203,0,448,242
1728462776134022000,322,779,45,56,448,186
1728462776134864000,439,721,0,122,453,98
1728462776135705000,548,634,0,181,436,53
1728462776136546000,629,541,0,249,402,4
1728462776137387000,711,434,0,313,356,0
1728462776138228000,762,338,66,373,334,0
1728462776139069000,791,192,149,437,265,0
1728462776139911000,779,106,255,480,161,10
1728462776140753000,805,37,365,507,117,72
1728462776141595000,746,0,465,577,56,142
1728462776142436000,532,0,614,562,14,244
1728462776143294000,459,0,721,509,0,274
1728462776144135000,407,11,773,437,0,340
1728462776144976000,303,77,832,372,1,407
1728462776145818000,192,156,853,302,0,464
1728462776146660000,105,250,835,233,30,505
1728462776147502000,32,362,797,159,85,527
1728462776148344000,0,481,720,94,136,533
1728462776149185000,0,583,642,45,193,508
1728462776150026000,0,671,540,10,258,455
1728462776150867000,5,746,438,0,309,410
1728462776151709000,56,873,303,26,377,328
1728462776152550000,178,850,181,0,407,266
1728462776153392000,250,718,98,28,490,192
1728462776154234000,360,763,32,64,442,164
1728462776155076000,471,697,0,128,450,79
1728462776155917000,570,618,0,198,435,30
1728462776156751000,650,512,0,273,392,0
1728462776157592000,719,405,26,341,338,0
1728462776158433000,744,289,92,434,277,0
1728462776159275000,762,188,181,432,220,0
1728462776160117000,765,109,284,480,160,38
1728462776160959000,729,30,429,512,105,74
1728462776161801000,664,0,594,514,87,161
1728462776162642000,576,0,674,493,1,298
1728462776163483000,480,0,630,470,0,381
1728462776164324000,379,26,788,415,0,356
1728462776165165000,274,96,832,354,0,428
1728462776166006000,177,188,856,285,0,482
1728462776166848000,77,279,837,212,39,508
1728462776167690000,18,390,791,151,101,538
1728462776168531000,0,477,717,94,149,532
1728462776169372000,0,584,623,40,202,514
1728462776170224000,0,676,514,0,256,481
1728462776171065000,26,756,406,0,320,421
1728462776171906000,177,775,288,0,356,344
1728462776172748000,82,797,192,53,404,313
1728462776173590000,202,778,119,65,426,199
1728462776174431000,383,738,16,90,453,136
1728462776175273000,493,682,0,142,450,77
1728462776176114000,591,590,0,209,414,21
1728462776176955000,677,488,0,281,375,0
1728462776177796000,741,389,32,352,320,0
1728462776178637000,767,270,97,407,268,50
1728462776179479000,791,171,186,458,213,31
1728462776180320000,767,80,298,506,154,36
1728462776181162000,719,42,424,513,93,93
1728462776182003000,645,0,541,500,123,149
1728462776182844000,558,0,637,512,64,225
1728462776183700000,466,0,736,472,11,297
1728462776184541000,356,34,805,405,0,378
1728462776185382000,239,114,847,338,0,440
1728462776186224000,146,209,847,266,10,485
1728462776187066000,64,309,832,192,53,521
1728462776187907000,5,420,770,133,101,534
1728462776188748000,0,527,695,52,165,532
1728462776189589000,0,631,599,21,234,491
1728462776190430000,0,708,492,0,293,463
1728462776191271000,34,756,402,0,343,404
1728462776192113000,106,821,322,0,414,338
1728462776192954000,205,839,202,0,410,353
1728462776193796000,314,794,42,37,440,210
1728462776194638000,412,737,5,96,452,117
1728462776195479000,512,651,0,162,442,64
1728462776196320000,618,563,0,231,418,17
1728462776197166000,690,457,0,305,366,0
1728462776198007000,756,353,40,357,314,0
1728462776198849000,783,228,134,413,245,0
1728462776199691000,852,138,226,466,175,4
1728462776200533000,791,72,337,497,133,65
1728462776201375000,645,0,453,561,75,128
1728462776202216000,586,0,576,556,26,162
1728462776203057000,491,0,663,452,0,289
1728462776203898000,421,2,755,428,0,329
1728462776204739000,329,53,816,393,0,388
1728462776205580000,220,137,839,320,0,448
1728462776206422000,122,233,847,253,18,496
1728462776207264000,55,330,816,186,73,522
1728462776208106000,0,452,757,122,127,540
1728462776208947000,0,549,665,64,164,500
1728462776209788000,0,645,585,21,234,481
1728462776210637000,0,727,466,0,290,448
1728462776211478000,76,840,338,0,349,356
1728462776212320000,121,711,229,0,470,298
1728462776213161000,258,753,129,25,469,244
1728462776214003000,330,770,50,43,450,175
1728462776214845000,448,718,0,110,450,96
1728462776215686000,546,642,0,174,438,42
1728462776216527000,629,548,0,249,402,0
1728462776217368000,708,444,9,320,356,0
1728462776218209000,727,320,69,372,295,0
1728462776219050000,777,217,149,429,245,0
1728462776219892000,776,127,244,474,184,18
1728462776220734000,750,53,407,507,117,66
1728462776221576000,690,0,401,517,65,209
1728462776222417000,613,0,525,506,55,276
1728462776223258000,576,17,650,481,0,261
1728462776224109000,412,0,767,444,0,338
1728462776224950000,306,68,819,369,0,410
1728462776225791000,197,154,852,304,0,469
1728462776226633000,109,258,844,234,21,506
1728462776227475000,30,357,811,169,81,532
1728462776228317000,0,464,738,102,121,540
1728462776229158000,0,565,658,58,192,520
1728462776229999000,0,667,545,8,256,485
1728462776230840000,8,746,432,0,311,436
1728462776231682000,0,786,350,25,340,383
1728462776232523000,106,797,209,0,383,277
1728462776233365000,218,832,142,0,442,234
1728462776234207000,352,764,40,69,453,157
1728462776235048000,462,690,0,132,455,85
1728462776235889000,576,619,0,192,434,37
1728462776236730000,650,518,0,261,392,0
1728462776237580000,721,410,21,329,337,0
1728462776238421000,767,302,70,389,279,26
1728462776239263000,784,200,173,448,224,0
1728462776240105000,773,105,272,489,167,10
1728462776240946000,737,49,389,514,107,72
1728462776241788000,660,0,495,517,138,126
1728462776242629000,602,0,605,521,50,203
1728462776243470000,500,0,713,455,0,292
1728462776244311000,383,25,787,420,0,353
1728462776245152000,272,94,842,354,0,418
1728462776245993000,168,184,858,287,2,480
1728462776246835000,85,279,832,215,45,514
1728462776247677000,22,385,786,148,100,535
1728462776248518000,0,506,721,85,146,530
1728462776249359000,0,610,628,34,210,509
1728462776250200000,0,688,523,2,276,469
1728462776251060000,23,760,418,0,327,415
1728462776251901000,87,818,335,0,363,440
1728462776252743000,185,809,114,0,437,346
1728462776253585000,340,818,52,29,442,122
1728462776254427000,386,750,25,86,442,136
1728462776255269000,490,682,0,144,448,72
1728462776256110000,583,593,2,213,418,31
1728462776256951000,673,489,0,285,378,0
1728462776257792000,738,383,28,349,327,0
1728462776258634000,775,258,104,401,258,0
1728462776259475000,793,159,196,458,205,0
1728462776260317000,815,90,308,500,138,37
1728462776261159000,684,21,433,548,84,94
1728462776262000000,591,0,571,565,41,133
1728462776262841000,520,0,632,453,13,245
1728462776263682000,439,2,733,440,0,324
1728462776264518000,365,39,794,405,0,375
1728462776265359000,250,114,843,335,0,442
1728462776266200000,154,206,849,270,1,482
1728462776267042000,64,305,833,199,50,519
1728462776267883000,10,415,778,137,109,537
1728462776268725000,0,534,693,70,161,523
1728462776269566000,0,620,591,26,226,490
1728462776270407000,0,704,494,0,283,461
1728462776271248000,40,810,375,0,392,381
1728462776272089000,98,724,260,16,448,314
1728462776272930000,225,757,168,2,450,247
1728462776273772000,311,777,69,38,434,188
1728462776274614000,410,742,1,96,458,128
1728462776275455000,517,661,0,158,440,65
1728462776276296000,618,568,0,229,413,10
1728462776277137000,690,465,0,302,365,0
1728462776277983000,750,359,50,372,320,0
1728462776278825000,766,250,133,410,250,0
1728462776279666000,769,154,225,465,194,5
1728462776280508000,756,73,388,498,138,58
1728462776281350000,700,14,496,501,58,210
1728462776282191000,642,0,500,508,53,249
1728462776283032000,550,0,610,498,23,305
1728462776283873000,439,0,756,457,0,311
1728462776284714000,325,50,819,390,0,394
1728462776285555000,229,132,846,325,0,458
1728462776286397000,128,235,843,245,15,506
1728462776287239000,52,330,816,178,64,528
1728462776288081000,0,425,765,116,90,543
1728462776288922000,0,554,671,64,158,527
1728462776289763000,0,654,581,17,239,480
1728462776290604000,0,728,474,0,292,449
1728462776291475000,89,760,321,64,334,421
1728462776292317000,42,789,253,36,386,354
1728462776293158000,175,808,110,0,437,230
1728462776294000000,341,779,57,52,442,171
1728462776294842000,448,719,0,114,448,98
1728462776295683000,537,645,0,173,434,43
1728462776296524000,625,549,0,250,402,8
1728462776297365000,704,437,0,313,356,0
1728462776298206000,759,330,46,378,301,64
1728462776299047000,780,221,128,429,242,34
1728462776299888000,799,130,242,473,189,5
1728462776300730000,743,98,356,509,125,48
1728462776301572000,669,0,463,508,137,109
1728462776302413000,599,0,583,530,76,185
1728462776303254000,532,0,686,485,0,262
1728462776304095000,412,18,765,436,0,349
1728462776304933000,305,69,824,368,0,407
1728462776305775000,197,157,848,307,0,458
1728462776306617000,106,253,844,242,26,497
1728462776307459000,30,352,810,169,79,531
1728462776308301000,0,473,730,96,143,540
1728462776309142000,0,576,650,40,194,526
1728462776309983000,0,657,549,5,250,485
1728462776310824000,11,730,442,0,320,448
1728462776311666000,53,826,395,0,361,357
1728462776312507000,132,800,128,0,392,372
1728462776313349000,273,797,71,10,453,269
1728462776314191000,354,756,34,69,448,159
1728462776315033000,466,704,0,118,448,101
1728462776315874000,561,615,0,181,419,38
1728462776316715000,660,523,0,266,392,0
1728462776317556000,724,418,16,327,334,0
1728462776318403000,761,282,81,392,313,0
1728462776319245000,780,192,181,448,207,0
1728462776320087000,837,98,271,490,162,26
1728462776320929000,724,42,389,540,101,90
1728462776321771000,605,0,538,570,37,137
1728462776322612000,533,0,606,432,15,189
1728462776323453000,457,0,681,427,0,298
1728462776324294000,383,14,778,423,0,354
1728462776325135000,281,82,832,363,0,418
1728462776325977000,177,178,846,286,1,474
1728462776326819000,90,273,841,213,33,508
1728462776327660000,26,378,796,154,89,525
1728462776328502000,0,501,718,91,144,517
1728462776329343000,0,580,629,42,202,500
1728462776330184000,0,677,522,8,273,471
1728462776331025000,21,761,407,0,322,415
1728462776331880000,79,664,264,0,454,330
1728462776332721000,183,750,192,0,448,274
1728462776333563000,274,773,104,18,404,207
1728462776334405000,373,752,28,80,452,143
1728462776335247000,490,677,0,148,448,72
1728462776336088000,586,591,0,210,424,26
1728462776336929000,669,495,0,276,383,0
1728462776337770000,740,392,21,343,337,0
1728462776338611000,767,277,106,388,266,0
1728462776339453000,788,178,196,449,205,0
1728462776340295000,759,87,351,493,151,34
1728462776341137000,719,21,455,514,98,161
1728462776341978000,652,0,466,516,68,233
1728462776342819000,599,0,576,496,34,282
1728462776343660000,472,0,719,455,0,282
1728462776344501000,362,34,798,410,0,372
1728462776345344000,264,114,844,340,0,436
1728462776346185000,154,207,858,270,5,493
1728462776347027000,69,301,826,202,50,528
1728462776347868000,4,409,770,129,105,538
1728462776348709000,0,532,711,74,154,533
1728462776349550000,0,620,610,25,218,498
1728462776350391000,0,707,500,0,274,450
1728462776351232000,107,749,393,0,314,392
1728462776352074000,5,800,287,41,378,366
1728462776352916000,149,807,151,0,417,242
1728462776353758000,296,784,72,30,443,192
1728462776354600000,401,733,2,89,448,122
1728462776355441000,512,671,0,152,437,75
1728462776356282000,611,576,0,229,405,8
1728462776357123000,702,468,0,299,372,0
1728462776357964000,740,354,81,361,313,23
1728462776358813000,770,242,110,424,253,37
1728462776359655000,792,149,211,469,201,0
1728462776360497000,762,130,327,498,138,43
1728462776361339000,708,0,429,498,149,82
1728462776362180000,626,0,559,537,87,168
1728462776363021000,553,0,661,494,0,257
1728462776363862000,434,0,757,450,0,324
1728462776364703000,334,48,810,393,0,389
1728462776365544000,228,130,843,320,0,449
1728462776366386000,139,228,852,245,13,500
1728462776367228000,58,329,820,187,64,521
1728462776368070000,9,444,757,106,132,545
1728462776368911000,0,549,687,64,167,528
1728462776369752000,0,641,579,26,238,501
1728462776370593000,0,724,463,0,299,453
1728462776371434000,42,810,438,0,383,398
1728462776372284000,130,805,141,0,381,415
1728462776373126000,234,815,92,5,451,306
1728462776373968000,325,773,64,49,453,177
1728462776374810000,435,714,0,113,455,106
1728462776375651000,536,644,0,169,437,56
1728462776376492000,626,546,0,240,402,9
1728462776377333000,706,444,2,306,352,0
1728462776378174000,753,311,64,378,330,0
1728462776379015000,779,215,149,430,224,0
1728462776379857000,869,117,250,480,176,15
1728462776380699000,784,42,354,515,121,64
1728462776381541000,617,0,506,554,64,145
1728462776382383000,570,0,583,436,23,183
1728462776383224000,490,0,653,437,0,282
1728462776384065000,421,17,768,437,0,340
1728462776384906000,306,69,828,378,0,397
1728462776385799000,197,153,854,309,0,462
1728462776386641000,110,253,837,238,29,500
1728462776387482000,41,354,811,165,74,530
1728462776388324000,0,470,738,100,122,519
1728462776389165000,0,577,656,52,194,522
1728462776390006000,0,653,539,18,252,484
1728462776390847000,8,732,430,0,320,430
1728462776391689000,52,693,302,10,412,354
1728462776392531000,165,757,201,0,440,293
1728462776393372000,279,790,125,0,381,213
1728462776394214000,354,772,37,64,453,154
1728462776395056000,459,706,0,126,452,98
1728462776395897000,562,616,0,192,430,37
1728462776396738000,653,517,0,264,402,0
1728462776397579000,720,420,9,327,349,0
1728462776398421000,757,306,74,382,282,0
1728462776399237000,782,203,177,439,220,0
1728462776400079000,770,110,332,481,170,18
1728462776400921000,732,43,373,512,113,108
1728462776401763000,729,18,466,514,64,69
1728462776402604000,594,0,581,504,11,150
1728462776403445000,473,85,704,482,0,261
1728462776404286000,386,18,786,420,0,359
1728462776405127000,282,85,837,360,0,415
1728462776405969000,177,178,849,288,0,466
1728462776406811000,95,273,837,219,43,510
1728462776407653000,28,377,791,160,100,532
1728462776408495000,0,488,732,89,133,529
1728462776409336000,0,577,634,42,192,510
1728462776410177000,0,663,525,11,257,474
1728462776411018000,0,725,426,0,305,425
1728462776411860000,26,798,290,0,370,333
1728462776412698000,139,832,193,0,420,320
1728462776413540000,272,801,100,23,439,220
1728462776414382000,373,752,29,74,444,141
1728462776415224000,483,687,0,146,442,71
1728462776416065000,585,602,0,206,424,21
1728462776416906000,665,500,2,281,386,0
1728462776417747000,732,394,32,346,331,0
1728462776418588000,767,277,96,402,274,0
1728462776419430000,786,242,178,455,217,0
1728462776420272000,768,75,290,485,188,30
1728462776421114000,738,0,412,525,126,96
1728462776421955000,649,0,537,504,0,153
1728462776422796000,693,0,658,507,0,225
1728462776423637000,476,0,730,466,0,303
1728462776424478000,362,23,789,414,0,362
1728462776425319000,263,105,836,341,0,429
1728462776426167000,160,198,853,269,5,489
1728462776427009000,73,299,832,203,41,516
1728462776427851000,8,412,788,133,106,523
1728462776428693000,0,498,707,75,171,541
1728462776429534000,0,626,605,30,225,516
1728462776430375000,0,704,497,0,284,460
1728462776431216000,26,752,279,0,335,490
1728462776432057000,126,801,218,0,398,392
1728462776432899000,245,820,137,0,401,201
1728462776433741000,301,805,96,34,448,197
1728462776434583000,405,736,7,96,453,128
1728462776435425000,514,670,0,162,448,66
1728462776436266000,608,578,0,221,421,20
1728462776437107000,680,473,0,289,370,0
1728462776437948000,742,349,39,357,297,0
1728462776438790000,860,247,122,410,235,0
1728462776439644000,824,157,225,517,188,0
1728462776440486000,741,64,322,525,141,52
1728462776441328000,690,13,434,480,87,138
1728462776442169000,621,50,581,494,39,181
1728462776443010000,535,0,652,465,0,245
1728462776443851000,448,0,746,455,0,320
1728462776444692000,331,50,812,394,0,381
1728462776445533000,225,125,845,324,0,442
1728462776446375000,138,222,847,254,16,496
1728462776447217000,50,321,816,185,64,525
1728462776448058000,10,437,747,122,130,538
1728462776448899000,0,543,672,70,168,514
1728462776449740000,0,618,567,11,240,482
1728462776450581000,0,719,474,0,293,444
1728462776451422000,69,712,350,0,381,378
1728462776452264000,117,782,237,0,335,313
1728462776453106000,348,801,154,13,393,233
1728462776453947000,330,772,58,41,452,178
1728462776454789000,437,719,0,114,448,103
1728462776455630000,533,652,0,170,437,47
1728462776456471000,621,548,0,244,402,9
1728462776457312000,697,441,1,314,357,0
1728462776458153000,747,335,64,373,298,0
1728462776458995000,774,228,142,418,242,0
1728462776459836000,788,139,313,470,192,18
1728462776460678000,754,58,345,509,119,82
1728462776461520000,740,10,434,513,66,73
1728462776462361000,634,0,570,514,10,122
1728462776463202000,497,107,642,496,10,225
1728462776464043000,421,18,762,433,0,346
1728462776464885000,314,65,816,377,0,405
1728462776465726000,218,154,846,301,0,463
1728462776466578000,114,250,847,237,23,498
1728462776467419000,28,349,811,173,78,527
1728462776468261000,0,451,754,110,130,524
1728462776469102000,0,549,648,57,188,530
1728462776469943000,0,634,555,14,245,489
1728462776470784000,0,728,440,0,309,442
1728462776471625000,8,778,346,14,351,375
1728462776472467000,114,804,196,0,385,298
1728462776473308000,224,835,138,0,421,228
1728462776474150000,333,759,51,64,448,157
1728462776474992000,459,699,0,124,453,96
1728462776475833000,558,626,0,188,438,37
1728462776476674000,650,521,0,256,393,0
1728462776477515000,718,420,18,323,343,0
1728462776478356000,765,309,64,394,281,0
1728462776479197000,778,240,159,437,226,0
1728462776480051000,779,168,278,490,173,17
1728462776480893000,742,13,378,516,138,82
1728462776481735000,691,0,506,500,0,134
1728462776482576000,610,0,608,508,0,198
1728462776483417000,587,0,715,480,0,270
1728462776484258000,391,22,786,437,0,346
1728462776485099000,279,79,839,362,0,416
1728462776485941000,184,169,842,292,2,472
1728462776486783000,93,282,841,215,29,517
1728462776487625000,33,378,798,158,86,530
1728462776488467000,0,495,725,87,154,533
1728462776489308000,0,605,639,46,207,516
1728462776490149000,0,682,534,5,269,476
1728462776490990000,17,746,357,0,321,486
1728462776491832000,122,817,250,0,389,402
1728462776492673000,185,821,164,0,399,226
1728462776493523000,285,864,92,26,448,202
1728462776494365000,372,757,37,77,450,137
1728462776495207000,480,686,0,149,448,79
1728462776496048000,578,600,0,207,424,33
1728462776496889000,663,498,0,279,386,0
1728462776497730000,736,383,21,346,329,0
1728462776498571000,858,276,101,395,258,0
1728462776499413000,851,176,192,460,202,0
1728462776500255000,749,99,298,520,154,30
1728462776501097000,686,26,389,478,96,114
1728462776501939000,639,34,553,501,50,162
1728462776502780000,568,6,619,484,17,226
1728462776503621000,469,0,725,458,0,314
1728462776504462000,363,30,791,413,0,361
1728462776505303000,265,101,837,348,0,418
1728462776506145000,153,192,855,277,4,481
1728462776506992000,73,288,833,210,50,522
1728462776507834000,21,404,757,144,110,529
1728462776508675000,0,517,704,71,159,530
1728462776509516000,0,602,601,36,215,505
1728462776510357000,0,678,507,1,274,450
1728462776511198000,47,709,386,0,361,383
1728462776512040000,107,769,290,0,339,332
1728462776512882000,298,782,213,9,395,258
1728462776513724000,305,786,82,30,448,201
1728462776514565000,404,744,10,85,448,132
1728462776515407000,514,666,0,153,440,58
1728462776516248000,606,583,0,224,418,13
1728462776517089000,677,477,0,293,368,0
1728462776517930000,727,359,57,357,320,0
1728462776518772000,773,255,207,410,261,0
1728462776519614000,774,159,257,459,199,0
1728462776520464000,762,74,305,491,139,78
1728462776521306000,764,16,410,512,74,21
1728462776522147000,609,107,530,523,50,122
1728462776522988000,559,87,633,526,17,213
1728462776523829000,453,0,741,463,0,320
1728462776524670000,338,45,808,397,0,388
1728462776525511000,234,123,846,326,0,450
1728462776526352000,138,220,847,247,11,498
1728462776527194000,53,322,823,196,64,518
1728462776528035000,4,416,773,130,114,538
1728462776528876000,0,522,696,73,171,535
1728462776529717000,0,621,585,23,235,498
1728462776530558000,0,716,474,0,290,458
1728462776531399000,21,776,354,0,340,417
1728462776532240000,117,875,276,0,383,325
1728462776533082000,200,826,146,0,418,240
1728462776533933000,320,778,66,40,456,180
1728462776534775000,430,722,1,114,453,106
1728462776535616000,532,651,0,167,446,57
1728462776536457000,623,554,2,235,402,16
1728462776537298000,704,449,0,305,361,0
1728462776538140000,753,434,46,370,299,0
1728462776538982000,788,290,138,426,248,0
1728462776539823000,772,108,239,476,201,5
1728462776540665000,754,46,346,511,125,65
1728462776541507000,805,0,532,528,37,128
1728462776542348000,704,0,601,505,2,193
1728462776543189000,407,0,659,554,0,302
1728462776544030000,415,4,761,436,0,324
1728462776544871000,309,66,821,383,0,402
1728462776545712000,202,148,852,312,0,457
1728462776546554000,116,245,839,242,26,501
1728462776547410000,34,345,799,168,66,530
1728462776548252000,0,473,746,106,120,535
1728462776549093000,0,581,650,53,194,522
1728462776549934000,0,650,557,15,250,484
1728462776550775000,11,736,439,0,314,457
1728462776551616000,69,767,295,0,351,320
1728462776552458000,148,932,199,26,420,276
1728462776553300000,250,749,112,0,506,220
1728462776554142000,352,771,43,64,449,161
1728462776554984000,448,707,0,125,452,93
1728462776555825000,555,619,0,192,439,45
1728462776556666000,637,521,0,263,393,0
1728462776557507000,713,413,8,323,348,0
1728462776558349000,731,303,69,425,288,0
1728462776559190000,762,206,174,463,221,0
1728462776560032000,761,114,267,480,180,16
1728462776560872000,736,34,385,498,119,77
1728462776561714000,685,4,580,514,98,154
1728462776562555000,576,28,666,496,13,218
1728462776563396000,503,0,682,469,0,309
1728462776564237000,394,18,784,417,0,349
1728462776565078000,289,84,841,365,0,419
1728462776565920000,184,177,852,292,0,468
1728462776566762000,98,261,836,226,37,513
1728462776567604000,37,378,785,157,96,529
1728462776568446000,0,482,729,92,138,538
1728462776569287000,0,576,635,41,185,522
1728462776570129000,0,676,536,2,234,471
1728462776570970000,98,735,450,0,290,413
1728462776571811000,133,791,296,0,354,363
1728462776572653000,74,785,213,42,397,320
1728462776573495000,270,799,94,15,450,218
1728462776574346000,370,752,29,70,448,146
1728462776575187000,487,690,0,137,448,77
1728462776576028000,584,610,0,206,427,29
1728462776576869000,660,514,0,276,383,0
1728462776577710000,720,395,79,341,336,0
1728462776578551000,770,280,77,402,277,31
1728462776579393000,791,184,170,448,220,23
1728462776580235000,776,94,286,492,164,21
1728462776581077000,726,126,393,548,105,56
1728462776581919000,687,47,535,506,57,126
1728462776582760000,565,0,619,506,86,218
1728462776583601000,471,0,725,469,0,308
1728462776584442000,366,21,797,415,0,366
1728462776585283000,263,104,835,346,0,433
1728462776586124000,158,194,839,269,2,485
1728462776586965000,77,298,836,205,41,514
1728462776587871000,16,402,800,146,104,535
1728462776588712000,0,517,713,68,169,538
1728462776589553000,0,623,610,21,224,520
1728462776590394000,0,690,508,0,285,466
1728462776591235000,17,793,381,0,329,383
1728462776592076000,89,785,377,0,407,362
1728462776592918000,192,842,233,0,405,245
1728462776593760000,288,796,89,31,448,192
1728462776594601000,389,741,17,87,450,125
1728462776595443000,508,663,0,157,448,68
1728462776596284000,606,580,0,218,427,27
1728462776597125000,688,480,0,288,364,0
1728462776597966000,749,372,34,354,382,0
1728462776598808000,781,241,113,407,293,0
1728462776599650000,782,149,225,466,186,0
1728462776600492000,800,72,320,505,144,50
1728462776601287000,765,2,415,578,74,114
1728462776602128000,562,0,578,570,31,207
1728462776602969000,497,0,682,534,0,252
1728462776603810000,448,0,741,450,0,312
1728462776604651000,335,49,813,400,0,386
1728462776605492000,234,117,846,334,0,442
1728462776606333000,142,216,842,262,17,501
1728462776607175000,64,312,832,192,56,527
1728462776608016000,0,433,756,132,112,530
1728462776608857000,0,540,678,73,165,522
1728462776609698000,0,631,580,23,229,480
1728462776610539000,0,707,480,0,290,448
1728462776611380000,85,839,345,2,343,362
1728462776612221000,109,689,224,0,471,309
1728462776613063000,225,738,137,18,466,245
1728462776613905000,320,779,64,41,437,178
1728462776614757000,423,733,5,110,453,109
1728462776615598000,523,645,0,169,440,50
1728462776616439000,613,557,0,235,407,10
1728462776617280000,698,450,0,309,362,0
1728462776618121000,725,347,52,400,309,0
1728462776618962000,771,237,122,410,251,0
1728462776619803000,772,139,239,462,178,14
1728462776620645000,752,58,343,508,128,53
1728462776621487000,690,25,540,506,78,114
1728462776622328000,608,0,468,510,21,277
1728462776623169000,528,0,606,484,10,320
1728462776624010000,426,0,753,437,0,329
1728462776624851000,320,59,818,376,0,407
1728462776625692000,213,139,846,314,0,453
1728462776626534000,119,244,842,249,25,498
1728462776627376000,36,343,822,181,73,530
1728462776628232000,0,448,746,113,93,539
1728462776629073000,0,559,665,46,169,533
1728462776629914000,0,653,569,10,241,491
1728462776630755000,53,714,461,0,293,440
1728462776631596000,122,777,305,53,331,393
1728462776632438000,49,799,261,26,388,322
1728462776633280000,197,798,136,0,429,234
1728462776634122000,341,772,37,55,449,165
1728462776634964000,453,718,0,117,448,106
1728462776635805000,559,629,0,188,432,37
1728462776636646000,645,532,0,250,383,0
1728462776637487000,708,429,10,326,346,0
1728462776638329000,759,312,58,383,293,29
1728462776639170000,779,210,156,439,233,11
1728462776640012000,782,119,253,480,174,14
1728462776640854000,770,122,367,521,124,45
1728462776641699000,667,0,485,512,138,123
1728462776642541000,581,0,599,530,65,192
1728462776643382000,506,0,698,485,0,282
1728462776644223000,391,10,788,429,0,354
1728462776645064000,282,69,832,375,0,416
1728462776645906000,185,164,839,291,2,468
1728462776646748000,100,256,842,221,31,508
1728462776647589000,18,363,802,164,86,530
1728462776648431000,0,479,729,82,146,532
1728462776649272000,0,589,651,43,202,520
1728462776650114000,0,670,536,5,256,472
1728462776650955000,10,714,533,0,330,437
1728462776651797000,74,834,381,0,398,361
1728462776652638000,165,808,98,0,392,382
1728462776653480000,274,793,106,21,440,213
1728462776654322000,365,764,39,73,450,146
1728462776655178000,480,692,0,133,448,89
1728462776656019000,577,599,0,201,427,34
1728462776656860000,660,514,0,267,389,0
1728462776657701000,728,377,10,333,378,0
1728462776658542000,772,274,85,389,301,0
1728462776659384000,796,186,189,449,207,0
1728462776660226000,814,98,292,496,154,25
1728462776661068000,634,16,404,576,93,135
1728462776661910000,612,0,533,549,47,138
1728462776662751000,534,0,597,437,5,227
1728462776663592000,486,0,717,465,0,309
1728462776664433000,375,26,789,415,0,361
1728462776665274000,258,97,840,356,0,421
1728462776666116000,157,186,847,282,1,480
1728462776666958000,79,279,835,213,46,514
1728462776667800000,18,391,760,146,100,532
1728462776668642000,0,512,714,90,149,526
1728462776669483000,0,597,609,36,206,490
1728462776670324000,0,693,516,1,277,459
1728462776671165000,42,820,380,0,309,386
1728462776672007000,69,696,284,0,442,331
1728462776672848000,206,754,173,0,377,267
1728462776673690000,290,796,85,25,440,207
1728462776674532000,398,754,21,82,448,128
1728462776675374000,498,680,0,149,448,64
1728462776676215000,602,585,0,221,430,23
1728462776677056000,680,482,0,292,377,0
1728462776677897000,722,367,32,354,324,0
1728462776678738000,768,277,104,397,267,0
1728462776679580000,791,168,205,450,197,5
1728462776680422000,760,89,342,496,146,41
1728462776681264000,708,0,354,520,89,190
1728462776682113000,690,10,504,517,50,213
1728462776682955000,576,0,621,501,0,170
1728462776683796000,456,0,733,452,0,321
1728462776684637000,341,38,810,392,0,387
1728462776685478000,242,117,846,334,0,448
1728462776686319000,145,224,849,261,5,493
1728462776687161000,58,312,832,192,56,524
1728462776688002000,0,407,773,138,95,526
1728462776688844000,0,521,692,75,165,525
1728462776689685000,0,621,591,17,220,497
1728462776690526000,0,709,485,0,279,454
1728462776691367000,0,762,398,34,334,416
1728462776692208000,57,806,245,0,378,298
1728462776693050000,185,810,151,0,424,267
1728462776693892000,313,775,57,45,448,181
1728462776694734000,429,730,0,102,452,114
1728462776695591000,526,650,0,162,437,64
1728462776696432000,619,562,0,238,402,5
1728462776697273000,702,462,0,312,358,0
1728462776698114000,752,346,41,370,312,14
1728462776698956000,785,238,129,426,253,0
1728462776699798000,778,192,229,474,184,0
1728462776700640000,757,56,327,501,174,52
1728462776701482000,682,0,460,517,125,109
1728462776702323000,651,0,578,513,2,179
1728462776703164000,530,0,680,488,0,266
1728462776704005000,421,0,754,440,0,322
1728462776704846000,313,57,821,389,0,395
1728462776705687000,220,133,853,320,0,450
1728462776706529000,125,237,846,239,20,505
1728462776707371000,45,341,816,174,66,533
1728462776708212000,0,459,743,103,119,537
1728462776709051000,0,570,668,54,175,527
1728462776709892000,0,654,569,16,234,468
1728462776710733000,0,729,469,0,302,430
1728462776711574000,49,808,413,0,373,380
1728462776712416000,130,794,106,0,383,395
1728462776713258000,242,800,125,5,430,255
1728462776714100000,343,776,47,53,442,165
1728462776714942000,448,722,0,114,451,101
1728462776715783000,546,626,0,186,437,45
1728462776716624000,645,534,0,254,405,5
1728462776717465000,708,407,5,325,378,0
1728462776718306000,757,303,64,378,287,0
1728462776719148000,802,206,157,426,213,0
1728462776719990000,840,117,260,483,158,7
1728462776720832000,650,33,373,579,117,117
1728462776721674000,631,0,471,450,64,116
1728462776722523000,568,0,579,465,21,226
1728462776723364000,510,0,697,480,0,279
1728462776724205000,402,14,772,423,0,352
1728462776725046000,295,77,834,372,0,407
1728462776725888000,192,166,849,298,0,457
1728462776726730000,93,255,847,229,33,505
1728462776727571000,39,363,765,151,89,504
1728462776728413000,0,466,730,96,138,527
1728462776729254000,0,579,642,48,199,525
1728462776730095000,0,674,536,10,251,480
1728462776730936000,8,627,424,0,393,402
1728462776731778000,74,733,301,5,409,362
1728462776732620000,165,761,199,0,327,276
1728462776733461000,269,796,100,18,449,216
1728462776734303000,363,766,34,66,448,151
1728462776735145000,480,693,0,133,444,77
1728462776736001000,576,609,0,199,430,23
1728462776736842000,657,516,0,266,388,0
1728462776737683000,706,402,23,325,335,0
1728462776738525000,766,289,87,393,282,0
1728462776739366000,791,194,179,442,226,0
1728462776740208000,767,100,339,485,149,28
1728462776741050000,719,2,320,506,100,160
1728462776741892000,687,8,480,510,64,194
1728462776742733000,591,0,591,501,0,149
1728462776743574000,485,0,715,469,0,302
1728462776744415000,377,21,792,415,0,365
1728462776745256000,274,96,835,350,0,430
1728462776746098000,168,185,852,277,0,482
1728462776746940000,84,293,835,207,37,517
1728462776747782000,10,402,802,148,93,530
1728462776748623000,0,496,719,87,149,513
1728462776749467000,0,610,621,35,217,501
1728462776750308000,0,677,511,9,277,466
1728462776751149000,0,752,370,47,329,455
1728462776751990000,21,786,310,21,370,363
1728462776752831000,144,801,145,0,404,244
1728462776753673000,285,794,85,29,441,194
1728462776754515000,386,741,21,85,449,132
1728462776755356000,500,670,0,156,440,69
1728462776756197000,596,580,0,224,421,25
1728462776757037000,685,480,0,281,383,0
1728462776757878000,736,367,29,352,326,57
1728462776758719000,776,266,94,401,261,42
1728462776759561000,791,169,210,458,197,0
1728462776760403000,762,135,311,498,146,36
1728462776761245000,719,30,417,500,169,90
1728462776762086000,633,0,541,507,117,151
1728462776762934000,554,0,650,508,69,232
1728462776763775000,453,0,736,452,0,313
1728462776764616000,349,45,809,396,0,383
1728462776765458000,247,121,845,331,0,434
1728462776766300000,142,215,847,261,14,485
1728462776767142000,64,325,832,196,57,528
1728462776767984000,4,425,765,125,117,523
1728462776768826000,0,532,693,64,156,543
1728462776769667000,0,633,597,26,217,509
1728462776770508000,0,719,490,0,274,450
1728462776771349000,23,748,476,0,363,393
1728462776772190000,100,821,327,0,412,333
1728462776773032000,201,794,75,5,421,334
1728462776773874000,320,782,64,38,455,188
1728462776774716000,417,728,8,97,448,121
1728462776775557000,525,651,0,173,437,58
1728462776776417000,619,564,0,234,410,10
1728462776777258000,682,457,2,306,366,0
1728462776778099000,748,324,55,370,362,0
1728462776778941000,777,213,137,429,290,0
1728462776779782000,785,132,228,474,182,5
1728462776780624000,833,46,352,501,114,47
1728462776781466000,601,0,441,582,64,160
1728462776782307000,564,0,594,546,21,169
1728462776783148000,525,0,671,466,0,244
1728462776783989000,430,6,761,449,0,333
1728462776784830000,322,50,814,392,0,395
1728462776785671000,226,138,835,312,0,450
1728462776786513000,125,238,842,241,16,504
1728462776787355000,42,334,814,180,58,525
1728462776788196000,0,457,750,109,132,537
1728462776789037000,0,559,663,50,192,517
1728462776789881000,0,649,564,14,245,485
1728462776790722000,0,837,437,0,309,389
1728462776791563000,98,849,320,0,354,352
1728462776792405000,114,711,218,0,459,282
1728462776793247000,235,802,130,5,434,229
1728462776794088000,331,769,58,53,448,168
1728462776794930000,448,712,0,119,452,101
1728462776795771000,548,629,0,174,437,42
1728462776796612000,641,538,0,245,407,4
1728462776797453000,689,430,10,357,341,0
1728462776798294000,746,320,69,415,290,0
1728462776799135000,772,216,159,415,228,0
1728462776799976000,767,126,277,480,173,21
1728462776800818000,743,21,461,506,165,84
1728462776801660000,673,0,508,509,47,233
1728462776802501000,604,0,514,498,31,282
1728462776803358000,509,0,692,480,0,272
1728462776804199000,410,21,778,440,0,349
1728462776805040000,289,73,832,365,0,406
1728462776805881000,192,159,864,303,0,473
1728462776806723000,101,262,846,234,30,514
1728462776807564000,34,365,800,168,78,533
1728462776808406000,0,459,719,102,144,521
1728462776809247000,0,570,658,52,194,513
1728462776810088000,0,666,549,12,253,472
1728462776810929000,100,730,462,0,290,429
1728462776811770000,9,773,311,58,357,400
1728462776812611000,64,797,202,40,375,325
1728462776813453000,258,800,105,13,442,224
1728462776814295000,368,757,34,64,448,151
1728462776815137000,474,696,0,136,442,82
1728462776815978000,565,615,0,194,425,26
1728462776816817000,653,517,0,265,386,0
1728462776817658000,718,402,82,333,344,0
1728462776818500000,773,298,71,399,284,64
1728462776819341000,784,193,154,436,221,23
1728462776820183000,783,106,276,482,167,18
1728462776821025000,761,109,389,533,111,56
1728462776821867000,648,0,517,514,128,133
1728462776822708000,591,0,611,533,58,207
1728462776823549000,486,0,706,474,0,297
1728462776824390000,382,36,785,415,0,370
1728462776825231000,272,94,834,349,0,427
1728462776826073000,167,192,850,284,0,474
1728462776826915000,79,286,836,217,40,509
1728462776827757000,0,373,797,130,82,519
1728462776828599000,0,509,725,94,139,542
1728462776829440000,0,617,625,31,207,514
1728462776830289000,0,686,522,0,271,466
1728462776831130000,13,736,503,0,361,430
1728462776831972000,96,832,348,0,378,343
1728462776832813000,181,806,98,0,409,362
1728462776833655000,277,796,97,30,448,205
1728462776834497000,382,747,10,74,449,136
1728462776835339000,497,682,0,142,444,85
1728462776836180000,594,591,0,207,415,28
1728462776837021000,685,489,0,285,373,0
1728462776837862000,750,352,32,354,390,0
1728462776838703000,776,253,113,417,288,0
1728462776839545000,777,143,207,458,192,0
1728462776840387000,821,76,305,497,146,42
1728462776841229000,626,14,413,576,78,167
1728462776842070000,587,0,576,557,26,170
1728462776842911000,530,0,645,455,0,226
1728462776843766000,455,0,736,457,0,301
1728462776844607000,342,36,815,401,0,376
1728462776845448000,249,109,842,340,0,436
1728462776846290000,149,209,838,260,16,489
1728462776847132000,66,321,826,192,49,533
1728462776847974000,0,417,754,117,112,529
1728462776848815000,0,535,680,64,170,521
1728462776849656000,0,626,599,23,226,495
1728462776850497000,0,741,469,0,289,423
1728462776851338000,50,860,357,21,357,361
1728462776852179000,114,710,234,0,477,311
1728462776853021000,206,781,151,0,450,250
1728462776853863000,313,786,66,42,442,183
1728462776854705000,410,726,5,106,450,117
1728462776855546000,514,657,0,168,437,57
1728462776856387000,611,559,0,231,412,13
1728462776857230000,690,452,0,314,361,0
1728462776858071000,728,343,37,398,310,0
1728462776858913000,762,238,133,402,242,0
1728462776859755000,777,145,234,466,186,5
1728462776860597000,730,65,339,497,138,58
1728462776861439000,704,2,541,520,122,133
1728462776862280000,624,2,576,507,26,286
1728462776863121000,537,0,665,488,5,261
1728462776863962000,434,5,762,437,0,331
1728462776864804000,325,59,818,389,0,395
1728462776865645000,232,138,849,324,0,448
1728462776866486000,130,228,855,249,20,497
1728462776867328000,50,325,805,181,66,508
1728462776868170000,0,434,739,116,125,526
1728462776869011000,0,544,661,53,165,521
1728462776869852000,0,647,576,20,231,495
1728462776870703000,87,705,506,0,267,441
1728462776871544000,130,773,352,0,335,375
1728462776872385000,18,792,235,64,382,345
1728462776873227000,234,797,130,13,433,238
1728462776874069000,331,776,55,50,448,171
1728462776874911000,450,713,0,106,448,104
1728462776875752000,549,644,0,180,429,50
1728462776876593000,634,549,0,252,404,0
1728462776877434000,709,437,75,312,357,0
1728462776878275000,753,321,43,381,296,50
1728462776879117000,782,217,133,433,234,23
1728462776879958000,782,128,253,482,177,10
1728462776880800000,730,165,360,533,133,34
1728462776881642000,726,64,482,520,57,109
1728462776882483000,610,0,581,503,106,181
1728462776883324000,521,0,693,483,0,270
1728462776884185000,399,9,776,431,0,340
1728462776885026000,299,74,826,375,0,410
1728462776885867000,197,154,849,298,0,466
1728462776886709000,101,257,841,219,23,508
1728462776887551000,9,354,809,165,52,529
1728462776888393000,0,476,746,101,148,535
1728462776889234000,0,572,658,38,192,522
1728462776890075000,0,666,544,11,260,484
1728462776890916000,0,785,431,0,313,420
1728462776891757000,68,765,415,0,402,385
1728462776892599000,143,854,277,0,405,292
1728462776893441000,258,802,113,18,433,217
1728462776894283000,357,760,40,66,455,151
1728462776895125000,469,693,0,138,448,89
1728462776895966000,568,616,0,192,429,37
1728462776896807000,657,520,0,261,391,0
1728462776897643000,725,382,13,328,405,0
1728462776898484000,781,272,79,394,311,0
1728462776899325000,791,181,180,448,210,0
1728462776900167000,833,100,284,489,168,26
1728462776901009000,629,23,367,595,93,122
1728462776901851000,624,0,538,548,55,142
1728462776902692000,519,0,633,431,1,203
1728462776903533000,490,0,712,474,0,290
1728462776904374000,385,34,789,420,0,362
1728462776905215000,268,91,834,357,0,414
1728462776906057000,165,180,849,286,0,474
1728462776906899000,82,281,834,213,41,516
1728462776907741000,26,390,787,138,96,533
1728462776908583000,0,508,722,89,149,506
1728462776909424000,0,606,618,34,195,485
1728462776910265000,0,711,521,5,273,442
1728462776911153000,52,824,395,0,322,386
1728462776911994000,101,661,274,0,450,340
1728462776912835000,186,745,165,13,463,267
1728462776913677000,281,800,93,22,442,212
1728462776914519000,389,754,21,79,448,136
1728462776915360000,490,687,0,145,450,73
1728462776916201000,585,597,0,213,421,27
1728462776917042000,672,489,0,285,383,0
1728462776917883000,711,370,30,381,322,0
1728462776918724000,756,270,104,394,267,0
1728462776919565000,773,173,209,451,202,1
1728462776920407000,770,104,313,471,154,41
1728462776921249000,714,28,522,501,132,121
1728462776922091000,637,10,609,519,40,153
1728462776922932000,565,0,588,498,21,281
1728462776923773000,462,0,730,459,0,305
1728462776924586000,352,38,797,412,0,378
1728462776925427000,250,111,846,335,0,439
1728462776926269000,153,203,849,265,4,493
1728462776927110000,57,311,825,198,49,522
1728462776927952000,7,400,767,139,106,530
1728462776928793000,0,509,697,75,162,530
1728462776929634000,0,602,600,33,212,506
1728462776930475000,66,689,514,0,253,459
1728462776931316000,113,746,376,0,306,405
1728462776932157000,98,784,237,50,359,349
1728462776932998000,186,808,162,10,423,256
1728462776933840000,302,784,74,37,448,192
1728462776934681000,421,729,4,101,462,117
1728462776935523000,522,661,0,164,448,64
1728462776936364000,609,569,0,221,413,17
1728462776937205000,685,472,58,293,363,0
1728462776938056000,755,359,87,362,309,9
1728462776938898000,777,258,114,417,253,21
1728462776939740000,782,152,215,470,192,26
1728462776940582000,732,165,303,526,153,10
1728462776941424000,753,64,428,522,79,90
1728462776942265000,619,0,557,498,103,170
1728462776943106000,543,0,669,491,0,241
1728462776943947000,442,0,752,448,0,322
1728462776944789000,322,65,820,392,0,394
1728462776945630000,218,130,847,322,0,450
1728462776946471000,124,225,849,250,18,497
1728462776947313000,36,334,821,186,64,529
1728462776948155000,0,440,760,101,117,533
1728462776948996000,0,562,688,56,176,523
1728462776949837000,0,655,578,10,242,490
1728462776950678000,0,721,457,0,300,433
1728462776951533000,50,760,458,0,377,399
1728462776952374000,117,837,292,0,398,308
1728462776953216000,228,805,125,8,434,241
1728462776954058000,334,778,64,46,444,170
1728462776954900000,437,719,0,114,450,98
1728462776955741000,538,635,0,181,436,56
1728462776956582000,636,537,0,249,401,5
1728462776957423000,714,416,0,320,410,0
1728462776958264000,759,298,53,377,333,0
1728462776959105000,786,206,146,429,237,0
1728462776959946000,791,121,258,485,165,10
1728462776960788000,827,42,373,501,103,64
1728462776961630000,586,0,517,581,53,170
1728462776962471000,549,0,610,549,21,185
1728462776963312000,529,0,685,488,2,274
1728462776964153000,407,10,765,434,0,341
1728462776964996000,302,71,826,377,0,409
1728462776965838000,202,158,848,302,0,457
1728462776966680000,106,261,843,233,29,506
1728462776967521000,21,370,798,165,81,535
1728462776968363000,1,469,729,100,143,535
1728462776969204000,0,576,638,45,197,493
1728462776970045000,0,661,538,9,245,469
1728462776970886000,0,833,405,0,314,393
1728462776971727000,107,880,320,17,367,330
1728462776972569000,159,731,199,0,490,272
1728462776973411000,249,808,116,18,441,235
1728462776974253000,356,756,34,66,456,162
1728462776975095000,458,700,0,124,449,90
1728462776975936000,564,617,0,200,425,37
1728462776976777000,651,517,0,253,386,0
1728462776977618000,693,402,21,377,330,0
1728462776978462000,738,297,84,417,285,0
1728462776979303000,767,203,181,436,224,1
1728462776980145000,775,97,276,487,175,26
1728462776980987000,725,29,472,501,122,98
1728462776981828000,669,22,593,520,71,141
1728462776982669000,586,21,676,501,12,253
1728462776983510000,488,0,717,471,0,279
1728462776984351000,378,26,789,418,0,357
1728462776985192000,271,83,834,359,0,420
1728462776986034000,184,180,845,281,10,476
1728462776986876000,89,274,837,210,31,517
1728462776987717000,29,378,788,155,88,522
1728462776988558000,0,487,725,87,151,526
1728462776989399000,0,607,626,34,192,509
1728462776990241000,31,674,535,8,254,478
1728462776991082000,101,736,422,0,314,416
1728462776991948000,0,784,273,50,378,387
1728462776992789000,112,807,183,40,418,305
1728462776993630000,276,797,90,21,437,210
1728462776994472000,386,756,29,82,448,136
1728462776995313000,489,684,0,141,448,65
1728462776996154000,584,602,0,213,421,37
1728462776996995000,668,490,0,285,380,0
1728462776997836000,738,381,89,349,341,0
1728462776998678000,773,277,132,402,272,29
1728462776999520000,788,177,196,450,202,26
1728462777000362000,815,85,279,497,159,0
1728462777001204000,722,110,403,546,107,54
1728462777002046000,685,41,521,510,42,157
1728462777002887000,570,0,629,501,21,242
1728462777003728000,459,0,722,458,0,309
1728462777004569000,354,37,803,407,0,378
1728462777005407000,251,109,841,340,0,429
1728462777006249000,144,206,856,273,11,481
1728462777007091000,69,306,832,209,50,530
1728462777007933000,2,418,776,138,114,530
1728462777008774000,0,517,685,53,174,535
1728462777009615000,0,626,608,10,217,510
1728462777010456000,0,757,505,0,267,450
1728462777011297000,29,747,439,0,346,402
1728462777012139000,89,799,373,0,418,341
1728462777012980000,194,805,162,0,421,259
1728462777013822000,302,772,69,40,448,186
1728462777014664000,418,736,11,91,455,126
1728462777015506000,521,655,0,162,437,64
1728462777016347000,612,576,0,225,413,13
1728462777017188000,689,506,0,296,368,0
1728462777018029000,746,367,42,362,358,0
1728462777018881000,775,239,130,418,282,0
1728462777019723000,784,133,224,472,185,1
1728462777020565000,869,46,378,509,116,42
1728462777021407000,605,1,434,594,58,130
1728462777022248000,543,0,591,557,30,185
1728462777023089000,540,0,670,490,2,250
1728462777023930000,434,0,754,450,0,324
1728462777024771000,331,52,810,399,0,397
1728462777025612000,229,126,838,322,0,448
1728462777026453000,132,226,846,249,8,496
1728462777027295000,49,337,818,195,48,520
1728462777028137000,0,434,750,125,120,535
1728462777028979000,0,541,682,68,178,510
1728462777029820000,0,633,569,26,237,496
1728462777030661000,0,832,444,4,313,412
1728462777031502000,74,864,322,5,357,357
1728462777032350000,112,688,248,0,455,298
1728462777033192000,226,805,139,9,433,242
1728462777034034000,320,773,64,50,448,173
1728462777034876000,434,715,0,113,452,105
1728462777035717000,538,649,0,174,443,58
1728462777036558000,629,546,0,240,400,5
1728462777037399000,682,440,4,339,354,0
1728462777038240000,741,329,64,372,289,0
1728462777039081000,777,229,149,423,240,0
1728462777039923000,773,125,253,475,178,10
1728462777040765000,750,40,449,500,167,82
1728462777041607000,677,32,535,506,72,121
1728462777042448000,601,0,497,502,5,279
1728462777043289000,528,0,686,477,0,274
1728462777044130000,414,6,769,433,0,332
1728462777044971000,298,69,825,381,0,398
1728462777045821000,199,151,858,303,0,466
1728462777046663000,113,246,839,234,26,509
1728462777047505000,33,341,799,170,82,545
1728462777048346000,0,465,747,101,113,549
1728462777049187000,0,576,662,50,193,523
1728462777050028000,0,663,559,17,250,477
1728462777050869000,107,734,480,0,286,430
1728462777051710000,0,772,320,66,360,416
1728462777052551000,74,802,215,31,402,322
1728462777053393000,250,811,109,11,442,237
1728462777054235000,359,764,38,64,448,153
1728462777055077000,458,705,0,128,442,82
1728462777055918000,561,619,0,201,428,40
1728462777056759000,644,516,0,264,393,0
1728462777057600000,719,409,5,332,343,46
1728462777058442000,766,302,66,388,289,26
1728462777059302000,785,192,168,437,218,0
1728462777060144000,785,158,276,487,165,8
1728462777060986000,736,30,381,498,189,64
1728462777061827000,686,0,511,532,106,142
1728462777062668000,594,0,621,511,0,224
1728462777063509000,494,0,704,466,0,292
1728462777064350000,388,21,790,416,0,363
1728462777065191000,277,87,832,361,0,413
1728462777066033000,186,185,850,287,13,468
1728462777066875000,82,274,842,218,41,514
1728462777067716000,14,385,788,148,94,533
1728462777068558000,0,498,720,79,154,530
1728462777069399000,0,596,630,30,203,522
1728462777070240000,0,682,585,0,270,488
1728462777071081000,11,788,473,0,312,400
1728462777071922000,81,770,203,0,357,434
1728462777073009000,167,803,175,0,413,293
1728462777073851000,274,788,90,26,442,213
1728462777074693000,376,747,26,74,452,145
1728462777075535000,485,688,0,141,440,75
1728462777076376000,591,599,0,210,417,25
1728462777077217000,672,495,0,272,397,0
1728462777078058000,730,370,30,345,320,0
1728462777078899000,768,267,105,405,256,0
1728462777079740000,841,170,198,458,203,0
1728462777080582000,832,74,309,483,139,23
1728462777081424000,637,8,434,549,89,126
1728462777082265000,605,0,537,459,32,137
1728462777083106000,576,0,640,501,18,224
1728462777083947000,463,0,727,461,0,306
1728462777084788000,357,30,799,418,0,373
1728462777085629000,258,103,833,346,0,432
1728462777086241000,153,202,847,265,10,483
1728462777087083000,74,309,806,197,39,530
1728462777087925000,21,417,773,142,101,520
1728462777088766000,0,514,700,74,165,514
1728462777089607000,0,616,611,29,224,506
1728462777090448000,0,774,482,25,293,434
1728462777091289000,37,794,366,0,414,387
1728462777092130000,72,709,265,0,448,325
1728462777092971000,201,813,164,0,418,269
1728462777093813000,302,794,74,34,441,192
1728462777094655000,407,737,10,90,458,119
1728462777095497000,517,662,0,165,448,69
1728462777096338000,610,576,0,226,416,17
1728462777097179000,663,463,0,321,367,0
1728462777098020000,736,361,36,352,322,0
1728462777098861000,773,261,122,402,250,0
1728462777099712000,785,154,220,465,187,0
1728462777100554000,757,66,433,496,176,53
1728462777101396000,688,20,510,514,72,199
1728462777102237000,633,0,452,517,25,265
1728462777103078000,546,0,657,489,2,245
1728462777103919000,448,0,744,448,0,321
1728462777104760000,334,53,815,391,0,402
1728462777105602000,233,122,845,324,0,441
1728462777106444000,138,226,851,254,21,490
1728462777107286000,55,314,819,195,64,520
1728462777108128000,1,421,757,122,117,529
1728462777108969000,0,533,683,57,169,511
1728462777109810000,0,638,570,18,242,493
1728462777110651000,93,704,522,0,261,448
1728462777111492000,112,759,333,0,320,373
1728462777112334000,42,799,253,31,391,341
1728462777113176000,218,804,145,7,427,245
1728462777114018000,327,770,50,47,448,174
1728462777114860000,434,722,7,104,448,110
1728462777115701000,543,642,0,178,433,48
1728462777116542000,630,550,0,242,399,3
1728462777117383000,697,448,8,308,360,43
1728462777118224000,743,325,48,375,302,56
1728462777119066000,788,226,132,434,244,0
1728462777119907000,778,131,233,471,181,4
1728462777120749000,786,121,338,501,117,34
1728462777121591000,671,0,469,514,136,112
1728462777122432000,594,0,576,530,75,176
1728462777123273000,521,0,682,482,0,261
1728462777124114000,410,8,770,440,0,338
1728462777124956000,306,64,828,390,0,405
1728462777125797000,205,154,842,304,0,466
1728462777126643000,116,245,843,229,21,500
1728462777127485000,34,350,807,151,64,513
1728462777128326000,0,469,747,102,126,538
1728462777129167000,0,570,666,48,192,528
1728462777130008000,0,649,553,12,242,476
1728462777130849000,0,714,554,0,339,458
1728462777131691000,58,800,389,0,346,373
1728462777132532000,151,789,150,0,393,363
1728462777133374000,250,811,122,13,426,228
1728462777134215000,344,761,45,57,448,161
1728462777135057000,457,704,0,126,448,96
1728462777135898000,559,626,0,192,437,48
1728462777136739000,645,525,0,253,394,1
1728462777137580000,714,397,18,322,393,0
1728462777138422000,767,296,77,392,299,0
1728462777139263000,788,202,170,442,205,0
1728462777140116000,860,96,282,490,149,1
1728462777140958000,795,21,351,589,100,93
1728462777141800000,612,0,523,561,50,161
1728462777142641000,576,0,614,510,16,213
1728462777143482000,504,0,711,480,0,290
1728462777144323000,398,21,781,426,0,352
1728462777145164000,279,92,832,362,0,419
1728462777146005000,181,173,850,293,2,471
1728462777146847000,89,266,833,222,33,512
1728462777147688000,21,357,767,154,97,535
1728462777148529000,0,498,719,74,149,541
1728462777149370000,0,597,626,33,203,511
1728462777150212000,0,794,514,13,281,440
1728462777151053000,0,860,399,13,338,374
1728462777151894000,81,826,290,0,453,334
1728462777152736000,168,789,188,0,421,285
1728462777153592000,266,797,87,23,440,211
1728462777154434000,378,754,26,73,449,138
1728462777155276000,487,687,0,142,449,71
1728462777156117000,580,610,0,213,425,39
1728462777156958000,646,489,0,305,378,0
1728462777157799000,715,381,30,373,336,0
1728462777158641000,762,274,98,393,272,0
1728462777159482000,778,178,188,450,212,0
1728462777160324000,751,69,322,485,154,30
1728462777161166000,704,42,489,505,117,85
1728462777162007000,634,0,425,509,28,258
1728462777162848000,567,0,639,501,9,229
1728462777163689000,480,0,728,466,0,302
1728462777164530000,361,27,799,415,0,372
1728462777165371000,258,106,836,346,0,434
1728462777166213000,161,196,851,265,5,490
1728462777167151000,60,267,832,201,50,495
1728462777167993000,10,405,767,145,106,533
1728462777168834000,0,509,693,82,165,520
1728462777169675000,0,598,601,36,224,504
1728462777170516000,92,676,528,10,245,449
1728462777171357000,111,749,366,0,320,410
1728462777172199000,5,788,266,38,369,383
1728462777173040000,202,811,165,0,418,262
1728462777173882000,290,798,75,36,441,203
1728462777174724000,408,736,10,98,457,125
1728462777175566000,512,666,0,157,448,66
1728462777176407000,602,576,0,226,412,20
1728462777177248000,677,474,42,288,366,34
1728462777178089000,747,361,26,357,314,50
1728462777178930000,778,261,110,414,260,20
1728462777179772000,781,160,212,465,194,0
1728462777180521000,799,146,320,513,145,10
1728462777181363000,679,0,437,517,139,94
1728462777182204000,642,0,565,544,70,149
1728462777183045000,554,0,660,497,0,245
1728462777183886000,448,0,755,450,0,307
1728462777184727000,335,56,808,389,0,389
1728462777185569000,228,122,847,327,0,437
1728462777186411000,145,213,842,249,23,490
1728462777187253000,53,321,824,175,46,530
1728462777188095000,0,449,766,117,101,541
1728462777188936000,0,551,691,64,165,513
1728462777189777000,0,629,593,26,233,501
1728462777190618000,0,723,564,0,330,466
1728462777191459000,21,786,397,0,335,413
1728462777192301000,127,796,174,0,421,389
1728462777193143000,218,805,144,0,423,251
1728462777193997000,322,774,64,42,448,177
1728462777194839000,426,722,10,107,450,110
1728462777195680000,530,647,0,174,433,53
1728462777196521000,623,557,0,241,405,10
1728462777197362000,700,426,0,305,349,0
1728462777198203000,757,320,58,370,279,0
1728462777199045000,849,226,139,431,229,0
1728462777199887000,824,129,241,473,167,4
1728462777200729000,681,36,387,551,124,84
1728462777201571000,649,0,463,449,64,117
1728462777202412000,582,0,576,477,17,199
1728462777203253000,530,0,674,485,0,266
1728462777204094000,420,5,765,434,0,340
1728462777204935000,312,65,817,389,0,399
1728462777205776000,207,148,846,308,0,454
1728462777206618000,107,242,852,238,23,500
1728462777207476000,46,352,798,171,77,532
1728462777208317000,0,459,736,101,138,533
1728462777209158000,0,567,651,50,194,527
1728462777209999000,0,718,558,22,241,466
1728462777210840000,2,674,436,0,373,418
1728462777211681000,36,691,330,0,426,345
1728462777212522000,141,770,226,0,416,294
1728462777213363000,245,803,121,16,437,238
1728462777214205000,346,765,34,56,453,162
1728462777215047000,468,714,0,122,450,90
1728462777215888000,554,627,0,192,436,40
1728462777216729000,641,530,0,254,393,0
1728462777217570000,696,422,17,314,338,0
1728462777218411000,745,308,75,377,285,0
1728462777219252000,782,207,168,438,229,0
1728462777220094000,764,92,356,469,188,26
1728462777220936000,733,57,430,503,100,168
1728462777221778000,685,0,448,513,98,192
1728462777222619000,591,0,602,506,20,209
1728462777223460000,497,0,711,476,0,290
1728462777224301000,386,13,782,425,0,354
1728462777225142000,286,78,832,368,0,421
1728462777225983000,183,165,842,289,0,469
1728462777226825000,92,250,820,228,26,495
1728462777227667000,23,366,788,167,87,510
1728462777228509000,0,476,743,98,148,535
1728462777229350000,0,581,648,44,197,516
1728462777230192000,0,662,508,68,261,510
1728462777231033000,0,754,434,29,314,469
1728462777231874000,42,789,303,0,366,349
1728462777232716000,170,810,197,0,405,282
1728462777233558000,261,800,103,32,440,218
1728462777234407000,375,753,26,74,449,144
1728462777235249000,482,690,0,134,453,77
1728462777236090000,581,610,0,200,421,37
1728462777236931000,661,498,0,266,389,45
1728462777237772000,741,395,10,340,335,0
1728462777238614000,778,291,84,397,277,0
1728462777239455000,777,235,192,462,215,0
1728462777240297000,778,0,288,489,241,18
1728462777241139000,752,0,407,525,145,85
1728462777241981000,653,0,533,517,0,156
1728462777242822000,579,0,632,506,8,221
1728462777243663000,485,0,721,465,0,293
1728462777244504000,361,29,794,409,0,361
1728462777245345000,258,106,842,340,0,427
1728462777246187000,167,194,852,276,10,489
1728462777247029000,65,312,832,197,38,529
1728462777247938000,10,421,782,133,89,542
1728462777248780000,0,525,707,82,161,532
1728462777249621000,0,617,617,28,221,504
1728462777250463000,0,730,564,0,273,441
1728462777251304000,26,753,306,0,338,508
1728462777252146000,130,815,229,0,407,389
1728462777252988000,193,808,158,0,428,267
1728462777253830000,296,789,85,37,442,194
1728462777254672000,407,740,14,90,455,122
1728462777255513000,506,674,0,154,442,69
1728462777256354000,596,577,0,229,413,20
1728462777257195000,681,448,0,292,385,0
1728462777258036000,744,346,42,359,301,0
1728462777258878000,885,249,107,409,253,0
1728462777259720000,826,151,218,497,194,0
1728462777260562000,691,64,341,546,125,69
1728462777261349000,665,4,441,457,69,111
1728462777262190000,596,0,564,495,23,194
1728462777263031000,548,0,652,495,5,245
1728462777263872000,449,0,748,448,0,320
1728462777264713000,338,50,805,391,0,391
1728462777265555000,235,117,836,328,0,434
1728462777266397000,146,225,853,253,23,485
1728462777267239000,64,322,810,184,64,514
1728462777268081000,0,429,752,132,122,521
1728462777268922000,0,546,682,64,178,532
1728462777269763000,0,650,587,21,227,491
1728462777270604000,0,629,477,8,354,434
1728462777271445000,69,722,353,2,383,370
1728462777272287000,138,766,247,0,340,311
1728462777273128000,210,802,146,8,426,245
1728462777273970000,320,772,60,43,448,181
1728462777274823000,431,724,8,101,450,112
1728462777275664000,537,649,0,164,437,64
1728462777276505000,628,565,0,242,401,17
1728462777277346000,690,449,2,295,360,0
1728462777278187000,750,335,66,362,314,0
1728462777279028000,775,228,149,425,244,0
1728462777279870000,781,133,297,478,189,13
1728462777280712000,756,58,245,496,132,162
1728462777281554000,727,27,418,508,82,170
1728462777282395000,636,0,551,512,20,146
1728462777283236000,528,0,673,483,0,255
1728462777284077000,414,1,767,441,0,337
1728462777284919000,314,64,820,394,0,402
1728462777285760000,214,148,847,308,0,458
1728462777286602000,121,245,856,232,18,504
1728462777287444000,50,325,832,181,64,527
1728462777288295000,0,450,761,113,123,530
1728462777289136000,0,561,671,57,192,527
1728462777289977000,0,642,562,45,238,498
1728462777290818000,0,726,442,0,296,424
1728462777291659000,21,784,320,0,356,373
1728462777292500000,126,809,218,0,398,308
1728462777293342000,242,805,122,10,425,233
1728462777294184000,341,767,47,58,450,164
1728462777295026000,464,704,0,123,454,92
1728462777295867000,559,629,0,188,434,42
1728462777296708000,645,535,0,247,392,0
1728462777297549000,714,423,0,314,341,0
1728462777298390000,770,389,66,384,288,0
1728462777299232000,785,253,162,437,263,0
1728462777300074000,784,57,271,512,224,5
1728462777300916000,738,11,375,501,57,77
1728462777301757000,781,0,560,533,33,137
1728462777302598000,605,0,606,511,14,207
1728462777303439000,505,0,708,480,0,278
1728462777304280000,394,21,781,426,0,346
1728462777305121000,282,92,832,366,0,414
1728462777305962000,194,162,853,298,2,469
1728462777306804000,85,287,839,215,26,503
1728462777307646000,23,381,799,162,82,534
1728462777308488000,0,491,736,90,139,530
1728462777309329000,0,591,630,41,207,514
1728462777310170000,0,663,468,0,282,533
1728462777311011000,64,757,367,0,325,463
1728462777311852000,121,779,272,0,370,305
1728462777312693000,165,810,192,0,410,287
1728462777313535000,270,798,104,16,437,224
1728462777314377000,370,762,39,69,451,143
1728462777315246000,467,689,0,137,448,81
1728462777316087000,576,609,0,205,429,37
1728462777316928000,745,491,0,274,372,0
1728462777317769000,812,388,20,342,337,0
1728462777318610000,749,282,84,434,266,0
1728462777319452000,773,186,188,458,206,0
1728462777320294000,743,103,302,458,157,57
1728462777321136000,709,75,421,501,101,73
1728462777321977000,639,0,613,504,81,170
1728462777322818000,577,0,624,501,16,224
1728462777323659000,477,0,719,462,0,295
1728462777324500000,372,33,798,412,0,362
1728462777325341000,265,101,841,350,0,421
1728462777326183000,164,195,862,281,8,482
1728462777327025000,93,292,819,215,48,516
1728462777327866000,18,378,776,144,100,527
1728462777328705000,0,494,701,82,162,549
1728462777329546000,0,601,618,26,212,511
1728462777330387000,0,654,520,0,210,463
1728462777331228000,169,741,448,2,306,407
1728462777332070000,178,789,306,0,356,353
1728462777332911000,183,805,175,0,417,269
1728462777333752000,290,785,77,34,448,197
1728462777334594000,405,743,9,85,463,133
1728462777335435000,501,671,0,145,437,69
1728462777336276000,599,586,0,226,412,13
1728462777337117000,669,485,0,281,377,0
1728462777337958000,730,372,101,354,325,0
1728462777338799000,769,267,165,410,267,0
1728462777339640000,786,157,224,463,200,42
1728462777340482000,778,82,246,490,181,104
1728462777341324000,736,5,407,512,71,47
1728462777342176000,647,90,530,538,44,134
1728462777343017000,553,0,658,496,2,237
1728462777343858000,451,0,743,457,0,320
1728462777344699000,337,50,815,400,0,391
1728462777345540000,242,114,846,335,0,440
1728462777346382000,153,220,846,257,29,501
1728462777347224000,58,308,834,193,40,518
1728462777348065000,0,431,770,128,113,533
1728462777348906000,0,535,699,69,178,535
1728462777349747000,0,631,591,0,228,503
1728462777350588000,0,738,474,0,290,482
1728462777351429000,17,843,378,0,346,388
1728462777352271000,107,802,248,0,388,322
1728462777353112000,218,808,148,10,421,245
1728462777353954000,312,784,65,42,448,170
1728462777354796000,425,721,13,102,450,106
1728462777355655000,530,648,0,178,442,66
1728462777356496000,621,564,0,234,410,13
1728462777357337000,705,522,0,302,362,0
1728462777358178000,757,377,53,365,298,0
1728462777359019000,788,221,138,429,264,0
1728462777359861000,786,105,242,477,212,0
1728462777360703000,752,26,362,507,90,55
1728462777361545000,778,0,497,521,55,126
1728462777362386000,586,0,583,536,26,194
1728462777363227000,538,0,677,490,2,261
1728462777364068000,429,4,762,442,0,330
1728462777364909000,314,66,824,388,0,397
1728462777365750000,211,144,856,320,0,458
1728462777366592000,106,240,835,238,25,501
1728462777367434000,34,357,805,170,75,538
1728462777368276000,4,456,719,116,130,530
1728462777369123000,0,554,632,58,186,522
1728462777369964000,0,645,498,5,266,521
1728462777370805000,47,730,421,0,290,374
1728462777371647000,29,895,314,9,368,331
1728462777372489000,141,821,215,0,395,306
1728462777373331000,242,811,126,9,440,245
1728462777374173000,350,773,47,58,450,164
1728462777375015000,442,713,0,117,449,90
1728462777375856000,546,624,0,193,434,43
1728462777376697000,674,526,0,253,394,5
1728462777377538000,692,418,16,372,345,0
1728462777378379000,747,314,73,400,298,0
1728462777379220000,777,210,173,425,226,0
1728462777380062000,754,168,277,452,162,34
1728462777380904000,724,29,365,491,116,52
1728462777381746000,674,4,591,517,100,136
1728462777382594000,597,0,601,511,23,203
1728462777383435000,506,0,689,474,0,274
1728462777384276000,405,22,770,425,0,357
1728462777385117000,290,75,832,363,0,425
1728462777385958000,201,161,851,295,0,463
1728462777386800000,103,266,837,226,34,508
1728462777387642000,33,353,799,164,85,538
1728462777388483000,0,480,736,97,148,538
1728462777389324000,0,577,641,39,201,521
1728462777390165000,78,654,586,16,225,482
1728462777391006000,107,736,444,0,290,421
1728462777391847000,0,783,286,46,373,393
1728462777392689000,154,808,203,0,409,290
1728462777393531000,264,793,100,22,442,214
1728462777394372000,368,759,30,66,453,149
1728462777395214000,481,698,0,130,448,90
1728462777396060000,578,618,0,205,421,23
1728462777396901000,660,510,38,266,381,0
1728462777397742000,719,405,64,338,331,23
1728462777398584000,767,287,87,402,281,36
1728462777399425000,784,186,181,450,218,11
1728462777400266000,792,86,260,482,151,0
1728462777401108000,722,126,381,538,110,64
1728462777401949000,663,2,516,497,121,132
1728462777402790000,576,0,629,506,17,218
1728462777403631000,480,0,719,469,0,287
1728462777404472000,365,25,798,418,0,364
1728462777405313000,263,93,835,354,0,428
1728462777406155000,168,186,852,277,10,480
1728462777406997000,69,308,835,204,43,523
1728462777407839000,0,394,786,116,98,523
1728462777408681000,0,505,709,74,165,540
1728462777409530000,0,616,623,32,215,511
1728462777410371000,0,706,503,0,264,437
1728462777411212000,18,738,500,0,361,410
1728462777412054000,82,833,341,0,378,339
1728462777412895000,186,816,174,0,410,267
1728462777413737000,285,790,86,32,448,186
1728462777414579000,397,741,20,84,458,130
1728462777415420000,498,664,0,154,442,73
1728462777416261000,599,583,0,212,419,23
1728462777417102000,678,469,0,281,425,0
1728462777417943000,741,348,34,346,353,0
1728462777418784000,779,258,106,407,276,0
1728462777419625000,773,151,213,458,178,0
1728462777420467000,858,57,359,506,125,36
1728462777421309000,626,0,416,587,88,144
1728462777422151000,587,0,546,541,37,176
1728462777422999000,555,0,655,490,1,245
1728462777423840000,459,0,736,458,0,308
1728462777424681000,349,53,806,401,0,386
1728462777425522000,238,120,847,339,0,432
1728462777426364000,141,207,850,266,10,488
1728462777427206000,58,320,801,199,56,522
1728462777428048000,10,424,766,124,106,539
1728462777428890000,0,532,689,74,170,521
1728462777429731000,0,706,594,26,233,482
1728462777430572000,2,793,469,18,293,437
1728462777431413000,38,791,368,0,418,372
1728462777432255000,106,741,252,0,426,322
1728462777433096000,210,810,151,14,425,254
1728462777433938000,314,777,69,36,448,186
1728462777434780000,425,736,5,98,460,111
1728462777435621000,517,660,0,164,437,53
1728462777436473000,618,561,0,237,410,9
1728462777437314000,671,453,0,331,366,0
1728462777438155000,732,338,50,397,306,0
1728462777438996000,782,245,129,423,253,0
1728462777439838000,760,168,240,442,174,18
1728462777440680000,741,42,448,493,142,54
1728462777441522000,681,37,530,514,70,118
1728462777442363000,613,0,576,513,29,185
1728462777443204000,543,0,672,490,2,258
1728462777444045000,426,0,753,445,0,327
1728462777444886000,320,66,815,386,0,405
1728462777445728000,218,139,856,309,0,457
1728462777446570000,136,245,850,240,26,498
1728462777447412000,33,334,821,179,69,535
1728462777448254000,0,448,761,117,122,535
1728462777449095000,0,551,671,64,181,526
1728462777449941000,85,625,586,17,207,485
1728462777450782000,82,706,498,0,277,437
1728462777451624000,0,781,320,64,341,407
1728462777452465000,136,811,228,0,402,304
1728462777453307000,229,809,130,10,432,242
1728462777454149000,338,772,50,59,452,165
1728462777454990000,442,706,0,117,448,100
1728462777455831000,549,629,0,192,436,46
1728462777456672000,636,535,42,244,407,4
1728462777457513000,710,432,46,312,343,0
1728462777458355000,765,313,56,382,296,26
1728462777459197000,789,226,149,437,238,25
1728462777460039000,767,97,229,477,170,0
1728462777460881000,781,117,363,503,117,56
1728462777461723000,665,0,498,548,122,136
1728462777462564000,606,0,608,506,14,203
1728462777463418000,501,0,706,477,0,268
1728462777464259000,401,26,778,430,0,356
1728462777465100000,285,73,833,369,0,410
1728462777465941000,197,156,846,301,4,463
1728462777466783000,82,266,846,224,36,518
1728462777467625000,36,373,804,149,78,523
1728462777468466000,0,490,738,98,138,530
1728462777469307000,0,587,644,41,194,522
1728462777470148000,0,661,621,0,261,485
1728462777470989000,1,736,516,0,346,440
1728462777471831000,75,776,293,0,369,463
1728462777472673000,164,810,205,0,402,294
1728462777473515000,265,797,109,18,431,218
1728462777474357000,362,757,42,68,452,156
1728462777475199000,466,690,0,132,448,90
1728462777476040000,565,613,0,202,425,41
1728462777476883000,656,480,0,265,434,0
1728462777477724000,731,388,21,333,383,0
1728462777478566000,773,279,91,395,264,0
1728462777479408000,839,188,181,448,202,0
1728462777480250000,845,101,298,480,138,33
1728462777481092000,650,21,408,578,101,126
1728462777481933000,647,0,514,478,49,133
1728462777482774000,585,0,618,498,18,222
1728462777483615000,484,0,714,463,0,293
1728462777484456000,379,27,788,422,0,362
1728462777485297000,269,97,840,352,0,420
1728462777486138000,166,186,853,279,1,468
1728462777486980000,75,273,811,207,42,516
1728462777487821000,20,398,770,138,101,533
1728462777488663000,0,501,705,76,158,540
1728462777489504000,0,613,602,26,213,507
1728462777490355000,0,789,501,29,269,434
1728462777491196000,64,836,394,0,324,377
1728462777492037000,82,711,286,0,453,332
1728462777492878000,176,807,180,0,415,274
1728462777493720000,284,794,82,26,448,200
1728462777494562000,395,746,5,74,457,130
1728462777495404000,495,677,0,149,436,66
1728462777496245000,594,589,0,226,421,18
1728462777497086000,656,485,0,320,372,0
1728462777497927000,722,373,47,386,320,0
1728462777498769000,761,265,113,401,265,0
1728462777499610000,780,162,207,453,197,0
1728462777500452000,760,64,303,490,149,41
1728462777501294000,722,46,500,516,90,94
1728462777502136000,645,0,497,513,42,237
1728462777502977000,553,0,651,497,1,231
1728462777503832000,456,0,739,461,0,311
1728462777504673000,338,37,810,401,0,389
1728462777505514000,245,106,839,337,0,441
1728462777506356000,157,204,846,258,24,493
1728462777507198000,43,296,834,202,50,522
1728462777508040000,0,398,777,133,107,517
1728462777508881000,0,525,693,74,166,511
1728462777509722000,0,602,594,20,193,496
1728462777510563000,105,690,517,0,256,458
1728462777511404000,143,761,389,0,322,394
1728462777512246000,104,801,249,0,397,329
1728462777513087000,209,805,154,0,416,253
1728462777513929000,314,788,69,37,449,180
1728462777514771000,414,726,9,97,453,106
1728462777515612000,516,651,0,169,440,64
1728462777516453000,613,567,0,233,410,18
1728462777517292000,687,450,42,298,366,0
1728462777518133000,762,350,98,365,324,0
1728462777518974000,783,247,122,416,247,34
1728462777519816000,798,161,194,473,202,64
1728462777520658000,725,49,327,500,128,0
1728462777521500000,716,84,442,533,82,96
1728462777522341000,627,0,568,514,35,194
1728462777523182000,536,0,661,489,4,260
1728462777524023000,436,0,745,441,0,329
1728462777524864000,320,58,815,378,0,401
1728462777525705000,224,138,844,312,0,448
1728462777526547000,121,242,854,244,10,490
1728462777527389000,32,339,817,186,66,533
1728462777528231000,0,442,753,113,112,513
1728462777529072000,0,546,674,58,170,533
1728462777529913000,0,682,590,0,229,506
1728462777530763000,0,746,456,0,285,425
1728462777531604000,36,762,454,0,375,383
1728462777532446000,129,803,245,0,395,320
1728462777533288000,233,797,132,10,431,237
1728462777534130000,337,773,46,50,453,170
1728462777534972000,453,715,0,113,453,101
1728462777535813000,546,639,0,180,434,41
1728462777536654000,637,594,0,248,426,0
1728462777537495000,704,410,10,320,406,0
1728462777538336000,764,296,64,385,338,0
1728462777539178000,789,216,149,434,231,0
1728462777540020000,866,96,256,481,146,16
1728462777540862000,847,48,349,525,107,75
1728462777541704000,597,0,495,578,53,162
1728462777542545000,608,0,599,506,21,202
1728462777543386000,508,0,704,482,0,273
1728462777544238000,410,7,766,434,0,345
1728462777545079000,293,79,821,369,0,417
1728462777545921000,201,158,851,299,0,463
1728462777546763000,109,264,842,221,30,506
1728462777547605000,13,368,781,167,73,527
1728462777548446000,0,477,737,98,146,533
1728462777549287000,0,581,649,42,194,504
1728462777550128000,0,658,520,10,261,430
1728462777550969000,0,859,413,11,335,399
1728462777551811000,107,850,286,0,365,335
1728462777552652000,157,810,206,0,398,290
1728462777553494000,261,805,106,23,442,215
1728462777554336000,357,762,34,68,453,154
1728462777555178000,470,690,0,138,450,87
1728462777556019000,576,620,0,197,431,37
1728462777556860000,634,508,0,318,380,0
1728462777557704000,704,401,21,372,329,0
1728462777558545000,756,292,89,382,266,0
1728462777559387000,778,192,179,448,218,0
1728462777560228000,747,106,289,480,154,5
1728462777561070000,730,23,496,498,146,109
1728462777561912000,654,0,561,504,36,239
1728462777562753000,585,0,626,492,9,218
1728462777563594000,490,0,714,462,0,287
1728462777564435000,381,27,794,417,0,350
1728462777565277000,261,90,837,357,0,418
1728462777566118000,169,185,854,285,5,480
1728462777566960000,84,292,832,204,47,513
1728462777567802000,18,389,783,149,92,527
1728462777568644000,0,493,700,82,149,530
1728462777569485000,0,578,610,34,167,498
1728462777570326000,0,655,505,0,210,448
1728462777571183000,146,733,441,5,290,398
1728462777572024000,149,784,289,0,362,349
1728462777572865000,178,804,184,0,413,270
1728462777573707000,286,791,82,26,442,212
1728462777574549000,393,746,23,78,448,139
1728462777575391000,501,681,0,150,452,66
1728462777576232000,591,591,0,221,421,26
1728462777577073000,666,483,64,279,373,0
1728462777577914000,733,373,73,351,322,23
1728462777578756000,777,269,82,401,269,22
1728462777579598000,805,193,197,449,200,0
1728462777580440000,746,201,295,517,153,0
1728462777581282000,741,70,409,500,90,52
1728462777582124000,650,0,529,526,64,165
1728462777582965000,565,0,642,502,5,226
1728462777583806000,460,0,736,453,0,309
1728462777584649000,353,42,797,397,0,380
1728462777585490000,250,121,837,332,0,445
1728462777586332000,162,202,850,268,4,484
1728462777587174000,36,301,837,197,30,529
1728462777588016000,0,399,776,146,98,534
1728462777588857000,0,512,696,78,170,539
1728462777589698000,0,669,618,0,225,521
1728462777590539000,0,741,492,0,287,450
1728462777591380000,21,744,480,0,360,440
1728462777592222000,117,802,273,0,386,325
1728462777593063000,199,809,164,0,417,245
1728462777593905000,313,783,66,49,449,186
1728462777594747000,414,736,5,93,453,122
1728462777595588000,517,661,0,157,437,65
1728462777596429000,612,617,0,224,405,10
1728462777597270000,696,505,0,298,418,0
1728462777598115000,757,325,45,366,354,0
1728462777598956000,777,230,125,417,266,0
1728462777599798000,773,128,233,474,143,4
1728462777600640000,858,47,381,511,113,50
1728462777601481000,581,0,439,584,82,151
1728462777602322000,628,0,565,509,26,192
1728462777603163000,542,0,665,490,0,247
1728462777604004000,442,0,754,448,0,322
1728462777604845000,322,58,818,391,0,402
1728462777605687000,217,126,850,331,0,450
1728462777606529000,122,226,847,242,28,501
1728462777607371000,41,342,820,160,53,534
1728462777608212000,0,455,757,113,122,542
1728462777609053000,0,561,677,64,188,523
1728462777609894000,29,668,545,11,228,393
1728462777610735000,0,701,437,0,298,382
1728462777611599000,58,864,314,13,367,348
1728462777612441000,133,797,239,0,399,320
1728462777613282000,234,805,129,5,434,244
1728462777614124000,335,786,50,52,449,178
1728462777614966000,441,719,0,109,455,96
1728462777615807000,540,634,0,180,434,48
1728462777616648000,681,535,0,279,397,4
1728462777617489000,683,426,2,372,344,0
1728462777618330000,741,314,66,418,302,0
1728462777619171000,766,220,149,421,230,0
1728462777620013000,754,133,253,448,168,45
1728462777620855000,730,58,352,493,126,64
1728462777621697000,668,0,583,493,94,142
1728462777622538000,610,0,592,523,26,202
1728462777623379000,513,0,693,485,0,269
1728462777624220000,408,18,776,434,0,341
1728462777625061000,297,69,820,372,0,407
1728462777625902000,201,160,846,296,0,473
1728462777626744000,113,261,837,234,34,493
1728462777627586000,34,366,784,162,78,526
1728462777628427000,0,465,734,117,141,532
1728462777629268000,0,576,645,53,205,526
1728462777630109000,1,626,542,0,180,480
1728462777630950000,13,708,448,0,261,418
1728462777631791000,188,770,372,0,330,362
1728462777632632000,162,801,212,0,401,292
1728462777633474000,250,804,116,20,436,218
1728462777634316000,365,762,34,78,453,162
1728462777635158000,468,698,0,120,450,89
1728462777635999000,568,616,0,193,427,41
1728462777636840000,651,522,66,258,383,2
1728462777637681000,719,409,101,328,334,0
1728462777638530000,772,305,130,394,293,37
1728462777639371000,773,194,155,437,221,17
1728462777640213000,813,105,249,488,153,0
1728462777641055000,718,125,375,538,125,32
1728462777641897000,682,0,488,512,125,128
1728462777642738000,590,0,616,505,5,218
1728462777643579000,489,0,711,469,0,282
1728462777644420000,386,29,791,418,0,354
1728462777645261000,264,90,839,359,0,424
1728462777646102000,177,173,844,286,2,473
1728462777646944000,66,272,834,210,26,523
1728462777647786000,13,389,801,161,90,535
1728462777648628000,0,495,714,81,151,540
1728462777649469000,0,591,629,2,202,512
1728462777650310000,0,725,543,0,260,484
1728462777651151000,5,779,405,0,322,404
1728462777652001000,78,796,352,0,382,353
1728462777652842000,175,805,178,0,414,276
1728462777653684000,281,796,90,26,437,202
1728462777654526000,380,749,26,79,452,133
1728462777655368000,490,676,0,149,449,75
1728462777656209000,591,599,0,215,418,13
1728462777657050000,674,552,0,290,380,0
1728462777657891000,744,431,21,341,337,0
1728462777658732000,779,254,111,402,297,0
1728462777659574000,803,126,194,451,116,0
1728462777660416000,890,65,354,513,105,20
1728462777661258000,810,0,424,521,85,107
1728462777662099000,642,0,540,523,43,165
1728462777662940000,564,0,638,504,9,233
1728462777663781000,466,0,725,452,0,311
1728462777664622000,354,34,808,393,0,378
1728462777665470000,251,114,840,340,0,432
1728462777666312000,156,221,850,256,5,481
1728462777667154000,53,302,832,186,64,523
1728462777667995000,0,421,776,143,112,536
1728462777668837000,0,529,682,73,171,535
1728462777669678000,1,640,550,17,242,559
1728462777670519000,46,715,456,0,277,382
1728462777671360000,21,887,329,5,345,354
1728462777672202000,111,807,265,0,388,325
1728462777673044000,202,804,162,2,427,261
1728462777673885000,306,783,68,45,450,194
1728462777674727000,411,736,4,89,457,123
1728462777675568000,517,653,0,161,436,58
1728462777676409000,694,562,0,234,393,11
1728462777677250000,736,463,0,325,359,0
1728462777678091000,716,348,52,401,312,0
1728462777678942000,770,245,135,448,258,0
1728462777679783000,738,138,209,410,186,10
1728462777680625000,730,100,346,476,133,81
1728462777681467000,685,0,462,498,82,119
1728462777682308000,633,0,565,513,29,178
1728462777683149000,546,0,666,490,0,249
1728462777683990000,434,0,746,448,0,313
1728462777684831000,325,55,821,393,0,381
1728462777685672000,221,130,855,325,0,448
1728462777686514000,149,233,826,244,26,490
1728462777687356000,31,335,800,186,68,510
1728462777688198000,10,448,757,112,119,540
1728462777689039000,0,546,677,64,177,535
1728462777689880000,0,563,576,45,298,474
1728462777690721000,13,663,458,0,240,440
1728462777691563000,42,699,340,0,298,377
1728462777692410000,130,796,229,0,394,320
1728462777693251000,229,804,133,1,436,239
1728462777694093000,330,779,50,41,448,177
1728462777694935000,437,729,0,113,452,106
1728462777695776000,542,638,0,180,440,50
1728462777696617000,616,562,0,241,402,8
1728462777697458000,690,431,1,313,351,0
1728462777698299000,754,330,114,373,304,0
1728462777699140000,781,228,181,424,235,0
1728462777699982000,773,114,170,474,189,96
1728462777700824000,806,84,297,498,132,0
1728462777701666000,674,50,453,533,82,78
1728462777702507000,608,0,586,517,23,200
1728462777703348000,516,0,681,489,0,272
1728462777704189000,416,11,767,430,0,346
1728462777705030000,301,71,834,373,0,410
1728462777705878000,207,154,848,306,0,459
1728462777706720000,111,247,855,237,21,494
1728462777707562000,36,349,824,177,79,533
1728462777708404000,0,465,740,105,138,540
1728462777709245000,0,570,654,64,200,528
1728462777710086000,0,669,541,0,238,495
1728462777710927000,0,747,461,0,303,461
1728462777711769000,28,832,332,0,363,365
1728462777712610000,146,807,213,0,404,295
1728462777713452000,260,794,107,20,448,224
1728462777714293000,354,765,34,64,452,151
1728462777715135000,466,698,0,116,442,85
1728462777715976000,568,619,0,197,427,36
1728462777716817000,653,523,0,261,386,0
1728462777717658000,721,517,10,327,343,0
1728462777718499000,766,328,82,392,286,0
1728462777719358000,786,145,177,444,279,0
1728462777720200000,796,50,267,504,201,16
1728462777721042000,730,0,383,500,49,82
1728462777721884000,777,0,522,520,37,146
1728462777722725000,591,0,610,506,9,214
1728462777723566000,490,0,706,473,0,290
1728462777724407000,386,22,787,420,0,354
1728462777725248000,276,85,837,358,0,421
1728462777726089000,172,174,843,289,2,477
1728462777726931000,75,296,845,209,33,517
1728462777727772000,13,393,799,151,86,532
1728462777728613000,0,499,719,92,153,530
1728462777729454000,0,613,677,29,217,512
1728462777730295000,0,666,404,0,253,560
1728462777731136000,42,738,329,0,348,485
1728462777731978000,90,797,284,0,378,352
1728462777732848000,181,808,193,0,405,285
1728462777733690000,279,800,103,26,436,209
1728462777734531000,378,759,26,77,450,137
1728462777735373000,480,676,0,142,448,74
1728462777736214000,591,578,0,215,420,26
1728462777737055000,659,470,0,278,365,0
1728462777737896000,832,378,22,346,320,0
1728462777738738000,817,277,104,393,266,0
1728462777739579000,842,170,192,514,181,4
1728462777740420000,685,79,338,532,144,36
1728462777741262000,677,41,410,466,98,106
1728462777742103000,656,0,532,519,52,160
1728462777742944000,562,0,634,506,10,238
1728462777743785000,469,0,721,463,0,309
1728462777744626000,361,38,798,400,0,375
1728462777745467000,257,111,844,341,0,434
1728462777746294000,157,210,833,263,11,480
1728462777747136000,79,306,834,201,53,506
1728462777747978000,13,418,765,139,116,516
1728462777748820000,0,526,704,74,160,535
1728462777749661000,0,506,601,23,287,501
1728462777750502000,0,602,484,10,323,434
1728462777751343000,64,723,373,0,335,395
1728462777752185000,98,801,266,0,383,345
1728462777753026000,196,802,165,0,425,260
1728462777753868000,305,789,69,33,455,193
1728462777754710000,407,736,14,90,450,125
1728462777755551000,514,664,0,154,437,64
1728462777756392000,591,576,0,212,402,10
1728462777757233000,665,471,0,287,365,0
1728462777758074000,736,361,51,360,320,0
1728462777758915000,773,256,129,418,258,0
1728462777759777000,785,164,290,452,234,5
1728462777760619000,759,55,240,494,130,136
1728462777761461000,774,26,392,506,78,117
1728462777762302000,635,0,576,518,36,178
1728462777763143000,541,0,667,494,1,253
1728462777763984000,434,0,751,449,0,330
1728462777764825000,333,45,816,397,0,394
1728462777765666000,239,132,843,322,0,453
1728462777766508000,136,216,852,250,14,496
1728462777767350000,55,327,824,181,42,525
1728462777768192000,0,439,778,117,117,541
1728462777769033000,0,549,679,64,177,538
1728462777769874000,0,638,613,68,237,526
1728462777770715000,0,706,474,18,290,433
1728462777771556000,0,776,322,0,343,370
1728462777772398000,129,808,238,0,392,320
1728462777774319000,229,804,133,5,422,238
1728462777775161000,322,782,64,43,448,169
1728462777776003000,441,719,0,113,453,107
1728462777776845000,538,641,0,180,441,47
1728462777777686000,634,551,0,244,412,50
1728462777778527000,704,441,0,312,357,2
1728462777779368000,760,326,57,377,298,0
1728462777780209000,786,249,145,434,234,0
1728462777781051000,814,181,245,480,168,0
1728462777781893000,762,0,351,529,170,64
1728462777782735000,690,0,474,509,26,133
1728462777783576000,617,0,581,513,34,197
1728462777784417000,522,0,687,480,0,270
1728462777785258000,414,10,766,436,0,344
1728462777786099000,303,71,832,373,0,401
1728462777786940000,201,154,845,303,0,449
1728462777787782000,98,257,833,221,26,517
1728462777788624000,36,362,802,162,79,528
1728462777789465000,0,474,736,98,143,543
1728462777790306000,0,576,704,39,198,530
1728462777791147000,0,695,632,9,277,485
1728462777791988000,20,767,498,0,313,426
1728462777792829000,64,788,274,0,360,416
1728462777793670000,144,810,219,0,405,303
1728462777794512000,249,793,114,18,437,226
1728462777795354000,357,763,30,58,459,165
1728462777796195000,461,704,0,121,439,93
1728462777797036000,564,618,0,188,423,36
1728462777797877000,644,505,0,260,428,0
1728462777798718000,714,405,14,330,340,0
1728462777799559000,761,298,82,391,279,0
1728462777800401000,861,186,201,449,202,0
1728462777801249000,650,107,264,554,141,64
1728462777802091000,687,33,393,513,106,53
1728462777802933000,665,0,505,513,58,137
1728462777803774000,586,0,623,513,18,216
1728462777804615000,493,0,708,480,0,288
1728462777805456000,391,21,779,427,0,361
1728462777806297000,281,85,821,360,0,420
1728462777807139000,177,178,849,292,0,471
1728462777807981000,106,282,834,225,33,513
1728462777808823000,21,383,784,158,81,501
1728462777809664000,0,489,745,97,149,535
1728462777810505000,17,656,626,58,210,497
1728462777811346000,0,565,517,0,341,461
1728462777812187000,4,658,397,0,389,431
1728462777813028000,84,790,298,0,366,360
1728462777813869000,181,814,194,0,405,277
1728462777814721000,266,804,98,23,441,207
1728462777815562000,368,752,26,71,452,141
1728462777816404000,485,683,0,142,448,82
1728462777817245000,559,593,0,226,426,28
1728462777818086000,658,498,0,261,382,0
1728462777818927000,722,390,26,332,322,0
1728462777819769000,772,285,99,405,265,0
1728462777820610000,785,175,298,443,221,0
1728462777821452000,776,109,346,491,149,40
1728462777822294000,728,18,340,509,121,162
1728462777823135000,660,0,537,516,46,165
1728462777823976000,577,0,638,504,2,229
1728462777824817000,473,0,729,465,0,304
1728462777825658000,361,37,803,405,0,369
1728462777826499000,253,102,842,345,0,425
1728462777827340000,154,177,849,276,8,482
1728462777828230000,72,301,824,194,21,533
1728462777829071000,14,410,784,138,93,538
1728462777829913000,0,532,708,82,154,535
1728462777830754000,0,609,591,101,200,535
1728462777831595000,0,692,523,50,269,489
1728462777832436000,0,756,417,21,340,401
1728462777833277000,101,798,266,0,386,340
1728462777834118000,195,818,162,0,422,267
1728462777834960000,302,789,78,33,442,199
1728462777835802000,407,741,8,90,448,121
1728462777836644000,506,669,0,164,437,53
1728462777837485000,596,576,0,224,414,58
1728462777838326000,676,469,0,292,369,18
1728462777839167000,750,356,36,363,322,0
1728462777840008000,781,265,105,410,261,0
1728462777840849000,812,228,201,477,194,0
1728462777841663000,740,0,314,485,203,30
1728462777842505000,730,0,448,522,117,98
1728462777843346000,628,0,563,517,36,176
1728462777844187000,542,0,669,497,5,250
1728462777845028000,448,0,741,453,0,322
1728462777845869000,331,64,804,397,0,395
1728462777846710000,237,126,850,323,0,449
1728462777847552000,125,228,848,253,9,491
1728462777848394000,42,335,820,182,58,522
1728462777849236000,0,433,767,125,122,533
1728462777850077000,0,544,686,70,181,533
1728462777850918000,0,635,671,5,275,513
1728462777851759000,0,730,543,0,329,448
1728462777852600000,49,765,252,0,329,484
1728462777853441000,123,800,244,0,375,314
1728462777854282000,215,809,139,15,432,247
1728462777855137000,320,773,64,48,448,181
1728462777855979000,433,714,0,103,453,114
1728462777856820000,535,647,0,173,439,58
1728462777857661000,626,517,0,237,448,5
1728462777858502000,704,420,0,306,394,0
1728462777859343000,757,334,64,373,324,0
1728462777860184000,790,226,148,434,215,0
1728462777861026000,886,128,298,490,165,23
1728462777861868000,649,45,338,572,122,110
1728462777862710000,661,5,467,536,71,130
1728462777863551000,618,0,589,514,25,196
1728462777864392000,533,0,683,490,0,261
1728462777865233000,422,8,761,440,0,333
1728462777866074000,299,66,824,389,0,397
1728462777866915000,203,146,852,309,0,456
1728462777867757000,110,254,814,234,23,506
1728462777868610000,50,366,811,168,73,542
1728462777869452000,0,448,728,106,129,522
1728462777870293000,0,651,644,52,189,485
1728462777871134000,5,733,545,14,241,457
1728462777871975000,0,604,439,0,380,420
1728462777872816000,66,767,325,0,394,372
1728462777873657000,146,810,210,0,405,306
1728462777874499000,248,810,120,10,434,238
1728462777875341000,354,770,37,64,450,158
1728462777876183000,453,708,0,124,448,82
1728462777877024000,554,618,0,229,434,39
1728462777877865000,629,517,0,251,392,0
1728462777878706000,704,411,18,320,344,0
1728462777879547000,770,309,72,383,294,0
1728462777880388000,778,218,164,416,215,0
1728462777881230000,781,113,378,484,194,32
1728462777882075000,741,18,299,520,101,169
1728462777882917000,674,0,501,521,64,142
1728462777883758000,599,0,609,506,17,217
1728462777884599000,506,0,696,471,0,290
1728462777885440000,397,26,789,421,0,366
1728462777886281000,285,84,834,363,0,417
1728462777887122000,206,176,858,287,1,461
1728462777887964000,94,277,847,226,36,512
1728462777888806000,21,375,798,160,87,530
1728462777889647000,0,480,725,89,149,517
1728462777890488000,23,583,610,98,185,533
1728462777891329000,0,674,548,64,250,498
1728462777892170000,0,741,421,18,320,394
1728462777893011000,93,798,303,0,382,352
1728462777893852000,164,806,197,0,409,282
1728462777894694000,270,789,92,23,441,210
1728462777895544000,376,755,21,69,453,143
1728462777896386000,489,685,0,130,436,82
1728462777897227000,586,610,0,205,420,101
1728462777898068000,661,503,0,271,388,30
1728462777898909000,733,394,17,341,337,11
1728462777899750000,773,282,94,406,277,0
1728462777900592000,765,282,170,476,228,0
1728462777901434000,801,146,293,463,237,29
1728462777902276000,719,9,418,542,149,85
1728462777903117000,658,0,533,520,53,153
1728462777903958000,576,0,633,505,10,220
1728462777904799000,466,0,725,466,0,296
1728462777905640000,354,29,798,415,0,370
1728462777906481000,257,98,834,351,0,429
1728462777907322000,142,197,855,273,10,489
1728462777908164000,74,290,816,194,38,523
1728462777909022000,5,407,782,142,101,530
1728462777909864000,0,505,711,66,164,540
1728462777910705000,0,594,722,26,245,517
1728462777911546000,0,700,582,1,303,472
1728462777912387000,25,770,434,0,320,471
1728462777913228000,103,799,277,0,383,343
1728462777914069000,194,810,173,0,417,270
1728462777914911000,292,787,82,34,448,195
1728462777915753000,405,740,21,90,459,132
1728462777916594000,504,665,0,159,442,66
1728462777917435000,599,557,0,226,455,17
1728462777918276000,682,463,0,285,407,0
1728462777919117000,740,349,37,352,301,0
1728462777919959000,851,261,117,416,244,0
1728462777920801000,852,142,225,458,184,0
1728462777921643000,682,69,334,553,144,75
1728462777922486000,683,9,416,477,82,116
1728462777923327000,640,0,552,509,41,177
1728462777924168000,553,0,666,493,1,253
1728462777925009000,448,0,738,450,0,324
1728462777925850000,341,50,809,402,0,385
1728462777926691000,234,121,843,330,0,437
1728462777927533000,133,218,854,258,21,495
1728462777928375000,49,320,812,192,66,529
1728462777929217000,8,434,767,121,114,543
1728462777930059000,0,576,683,66,173,533
1728462777930900000,21,709,583,18,222,471
1728462777931741000,0,631,477,0,381,440
1728462777932582000,34,724,357,0,394,381
1728462777933424000,120,800,245,0,389,320
1728462777934265000,217,805,138,2,430,245
1728462777935107000,321,782,53,37,448,182
1728462777936008000,437,729,10,101,445,105
1728462777936849000,530,650,0,177,442,52
1728462777937690000,592,549,0,224,405,11
1728462777938531000,687,444,0,301,362,0
1728462777939372000,749,329,53,372,306,0
1728462777940213000,773,235,193,423,242,0
1728462777941055000,772,162,330,470,198,16
1728462777941897000,740,34,264,500,116,143
1728462777942739000,690,4,458,519,74,146
1728462777943580000,610,0,588,517,30,194
1728462777944421000,532,0,676,490,4,267
1728462777945262000,420,5,760,434,0,340
1728462777946103000,309,64,817,383,0,405
1728462777946945000,212,146,850,312,0,453
1728462777947787000,121,250,842,240,26,494
1728462777948628000,26,327,794,173,64,517
1728462777949427000,0,452,746,117,133,537
1728462777950268000,52,558,661,52,188,522
1728462777951109000,0,645,537,77,237,530
1728462777951950000,0,705,471,11,297,431
1728462777952792000,64,783,329,0,353,375
1728462777953633000,138,810,218,0,397,295
1728462777954474000,237,804,121,16,434,239
1728462777955316000,348,762,36,65,453,164
1728462777956158000,455,706,0,120,444,96
1728462777957000000,557,624,0,194,426,74
1728462777957841000,645,532,0,253,388,0
1728462777958682000,709,421,10,325,349,0
1728462777959523000,762,334,72,386,293,0
1728462777960364000,789,293,154,458,233,0
1728462777961206000,765,2,250,469,250,5
1728462777962048000,756,0,367,506,87,67
1728462777962897000,679,0,498,523,50,133
1728462777963738000,601,0,611,511,23,207
1728462777964579000,498,0,710,480,0,278
1728462777965420000,397,26,779,427,0,346
1728462777966261000,281,86,833,365,0,421
1728462777967103000,173,158,853,302,1,481
1728462777967945000,91,271,841,205,21,523
1728462777968787000,30,389,803,165,73,537
1728462777969629000,0,491,732,92,149,533
1728462777970470000,0,612,723,34,232,533
1728462777971311000,0,697,607,0,277,482
1728462777972152000,0,747,394,0,306,530
1728462777972994000,87,794,298,0,381,362
1728462777973835000,165,808,192,0,410,288
1728462777974677000,270,798,101,23,437,222
1728462777975519000,370,759,34,74,452,142
1728462777976380000,473,688,0,141,448,82
1728462777977221000,581,584,0,207,457,36
1728462777978062000,660,490,0,272,367,0
1728462777978903000,736,378,18,338,322,0
1728462777979744000,834,284,98,397,266,0
1728462777980586000,847,184,174,533,186,13
1728462777981428000,707,82,325,536,145,17
1728462777982270000,696,18,393,475,96,128
1728462777983111000,661,0,527,523,53,163
1728462777983952000,576,0,631,506,13,229
1728462777984793000,484,0,718,458,0,303
1728462777985634000,370,33,794,406,0,370
1728462777986475000,261,100,838,354,0,424
1728462777987317000,156,199,834,272,6,480
1728462777988159000,74,293,826,194,47,513
1728462777989001000,5,413,757,145,106,537
1728462777989846000,0,520,698,78,164,546
1728462777990687000,0,516,605,8,293,498
1728462777991528000,0,623,498,15,329,448
1728462777992369000,43,707,385,5,378,380
1728462777993211000,91,794,285,0,381,341
1728462777994052000,188,803,165,0,418,265
1728462777994894000,297,790,74,31,450,199
1728462777995736000,410,746,16,82,455,136
1728462777996578000,506,668,0,155,431,66
1728462777997419000,581,585,0,218,414,18
1728462777998260000,663,474,0,277,369,0
1728462777999101000,727,357,51,345,325,0
1728462777999943000,770,258,151,412,265,0
1728462778000785000,767,158,121,451,186,98
1728462778001627000,783,89,274,497,169,98
1728462778002469000,723,18,405,513,85,53
1728462778003313000,636,0,554,516,37,175
1728462778004154000,543,0,660,497,4,244
1728462778004995000,455,0,736,458,0,320
1728462778005836000,334,52,804,394,0,389
1728462778006677000,234,119,846,327,0,442
1728462778007519000,151,210,845,261,0,468
1728462778008361000,58,324,834,196,57,520
1728462778009202000,0,407,773,133,107,538
1728462778010044000,0,517,698,101,165,538
1728462778010885000,0,629,576,0,229,498
1728462778011726000,0,719,473,0,279,501
1728462778012567000,40,778,366,0,340,397
1728462778013408000,117,807,251,0,389,322
1728462778014249000,210,812,149,10,426,244
1728462778015091000,320,777,58,46,448,175
1728462778015933000,425,730,10,97,453,110
1728462778016790000,530,649,0,166,448,58
1728462778017631000,623,553,0,229,405,0
1728462778018472000,704,533,0,306,360,0
1728462778019313000,754,402,52,373,298,0
1728462778020154000,799,314,133,429,247,0
1728462778020995000,766,73,238,491,234,4
1728462778021837000,760,13,352,502,77,50
1728462778022678000,706,5,467,520,69,130
1728462778023519000,624,0,576,507,23,189
1728462778024360000,535,0,669,488,0,258
1728462778025201000,426,8,759,441,0,327
1728462778026042000,309,64,820,389,0,395
1728462778026883000,199,130,855,303,0,459
1728462778027725000,107,248,852,229,14,509
1728462778028567000,37,352,808,167,73,535
1728462778029409000,0,457,754,109,128,540
1728462778030256000,0,576,713,42,173,616
1728462778031098000,0,636,496,5,258,553
1728462778031939000,1,714,381,0,329,520
1728462778032780000,57,781,334,0,361,377
1728462778033621000,142,804,235,0,400,306
1728462778034462000,237,802,117,8,435,238
1728462778035304000,346,769,50,50,444,167
1728462778036146000,462,712,0,120,458,92
1728462778036988000,548,613,0,188,414,37
1728462778037829000,736,517,0,251,380,0
1728462778038670000,786,410,5,324,335,0
1728462778039512000,810,308,66,383,292,0
1728462778040354000,717,215,201,482,224,26
1728462778041196000,744,117,258,440,165,29
1728462778042038000,718,84,394,495,106,64
1728462778042880000,683,0,491,531,64,137
1728462778043723000,597,0,597,511,21,209
1728462778044564000,505,0,696,474,0,281
1728462778045405000,398,17,779,423,0,350
1728462778046246000,289,90,832,370,0,418
1728462778047087000,205,169,834,289,0,448
1728462778047929000,100,267,832,234,36,509
1728462778048771000,29,365,789,166,85,523
1728462778049612000,0,484,725,94,146,546
1728462778050453000,9,548,642,30,114,514
1728462778051294000,0,642,528,0,188,466
1728462778052135000,77,717,442,0,261,412
1728462778052976000,82,791,305,0,383,354
1728462778053817000,154,806,194,0,406,290
1728462778054659000,267,793,100,34,443,215
1728462778055501000,368,750,28,65,453,151
1728462778056343000,482,693,0,139,448,79
1728462778057193000,570,613,0,200,421,37
1728462778058034000,656,509,0,265,386,0
1728462778058875000,725,404,82,335,340,0
1728462778059716000,762,282,122,404,279,0
1728462778060558000,779,165,104,448,224,74
1728462778061400000,837,122,261,482,157,0
1728462778062242000,719,149,365,538,107,43
1728462778063083000,666,0,530,521,44,160
1728462778063924000,576,0,629,504,9,220
1728462778064765000,486,0,722,467,0,299
1728462778065606000,363,29,800,420,0,369
1728462778066447000,261,92,834,351,0,426
1728462778067289000,171,178,861,281,5,469
1728462778068131000,84,289,837,210,32,520
1728462778068973000,5,395,791,149,93,533
1728462778069814000,0,495,714,85,159,533
1728462778070667000,0,601,594,0,207,522
1728462778071508000,0,736,526,0,266,488
1728462778072349000,17,793,399,0,335,407
1728462778073190000,97,799,282,0,376,345
1728462778074031000,192,811,170,0,407,265
1728462778074873000,287,796,87,36,448,193
1728462778075714000,395,740,27,85,460,130
1728462778076556000,500,671,0,149,444,71
1728462778077397000,597,650,0,213,414,10
1728462778078238000,682,552,0,282,370,0
1728462778079079000,745,350,32,357,360,0
1728462778079921000,788,242,113,418,292,0
1728462778080763000,818,129,221,469,162,0
1728462778081605000,900,64,370,526,114,48
1728462778082447000,771,0,448,522,72,111
1728462778083288000,642,0,554,510,34,173
1728462778084146000,558,0,660,501,0,240
1728462778084987000,458,0,737,457,0,312
1728462778085828000,341,53,809,397,0,383
1728462778086669000,233,117,843,331,0,434
1728462778087510000,137,224,855,255,19,493
1728462778088352000,53,329,824,197,65,528
1728462778089193000,0,430,772,119,106,539
1728462778090034000,0,530,629,57,165,582
1728462778090875000,28,648,530,10,242,535
1728462778091716000,41,739,433,0,279,373
1728462778092557000,41,826,359,0,348,388
1728462778093399000,113,797,250,0,385,328
1728462778094240000,207,806,149,5,425,253
1728462778095082000,320,785,64,36,448,186
1728462778095924000,428,733,10,100,448,113
1728462778096765000,583,651,0,171,431,53
1728462778097608000,657,548,0,235,399,10
1728462778098449000,738,448,0,335,361,0
1728462778099290000,736,334,53,405,309,0
1728462778100131000,716,245,154,453,239,0
1728462778100972000,743,137,233,420,174,37
1728462778101814000,740,133,381,484,126,43
1728462778102656000,696,11,463,518,74,122
1728462778103497000,617,0,578,514,29,187
1728462778104338000,538,0,661,495,8,257
1728462778105179000,415,0,757,448,0,330
1728462778106020000,320,58,814,390,0,399
1728462778106861000,231,141,835,312,0,431
1728462778107703000,129,240,832,247,18,481
1728462778108545000,49,350,820,182,66,530
1728462778109386000,0,422,758,117,130,544
1728462778110227000,0,493,674,85,232,520
1728462778111130000,0,618,576,13,182,489
1728462778111971000,13,676,458,0,257,439
1728462778112812000,66,784,337,0,354,389
1728462778113653000,143,810,228,0,394,308
1728462778114494000,234,809,127,8,429,229
1728462778115336000,338,767,52,56,453,170
1728462778116178000,453,706,0,121,448,98
1728462778117019000,538,640,0,174,437,46
1728462778117860000,632,538,0,238,389,5
1728462778118701000,706,431,70,314,346,0
1728462778119542000,767,321,101,383,293,0
1728462778120383000,781,224,50,431,229,78
1728462778121225000,820,141,209,482,200,74
1728462778122067000,750,121,346,516,130,21
1728462778122909000,687,0,493,521,56,141
1728462778123750000,599,0,600,501,19,212
1728462778124555000,506,0,704,480,0,274
1728462778125396000,400,16,770,429,0,345
1728462778126237000,289,87,833,373,0,418
1728462778127079000,185,133,852,306,0,456
1728462778127921000,101,266,843,226,30,521
1728462778128763000,10,360,804,165,64,538
1728462778129604000,0,473,734,98,132,538
1728462778130445000,0,593,645,0,180,498
1728462778131286000,0,688,530,0,253,504
1728462778132127000,0,797,449,0,314,441
1728462778132968000,82,790,305,0,373,362
1728462778133809000,157,809,196,0,405,290
1728462778134651000,261,794,98,18,434,217
1728462778135493000,366,765,34,71,448,146
1728462778136334000,469,691,0,135,448,77
1728462778137175000,568,604,0,197,426,20
1728462778138025000,653,590,0,267,388,0
1728462778138866000,736,452,14,340,341,0
1728462778139707000,773,314,79,393,282,0
1728462778140549000,777,114,193,461,281,0
1728462778141391000,804,49,286,500,169,26
1728462778142232000,860,16,424,524,69,82
1728462778143073000,662,0,526,522,56,162
1728462778143914000,570,0,626,506,11,221
1728462778144755000,491,0,719,473,0,296
1728462778145596000,372,29,786,410,0,368
1728462778146437000,266,98,838,354,0,437
1728462778147279000,146,186,858,258,0,481
1728462778148120000,79,302,834,205,37,516
1728462778148962000,5,404,786,146,96,525
1728462778149803000,0,506,732,82,165,540
1728462778150644000,0,621,673,23,210,546
1728462778151489000,0,669,412,0,278,539
1728462778152330000,58,764,366,0,331,455
1728462778153171000,97,797,285,0,372,345
1728462778154012000,181,811,178,0,415,270
1728462778154854000,279,791,85,32,444,213
1728462778155696000,394,737,14,85,453,133
1728462778156538000,494,674,0,149,442,82
1728462778157379000,696,570,0,215,402,23
1728462778158220000,750,478,0,285,357,0
1728462778159061000,765,371,45,353,321,0
1728462778159902000,721,270,117,455,256,17
1728462778160744000,737,175,237,461,200,0
1728462778161586000,741,133,330,474,157,50
1728462778162428000,716,13,431,511,84,97
1728462778163269000,650,0,547,525,34,165
1728462778164110000,554,0,650,500,4,233
1728462778164972000,461,0,743,457,0,309
1728462778165813000,341,42,810,400,0,382
1728462778166655000,242,106,836,333,0,434
1728462778167496000,169,217,842,261,23,489
1728462778168338000,69,320,821,192,50,517
1728462778169179000,2,421,773,128,105,530
1728462778170021000,0,463,693,85,202,525
1728462778170862000,0,580,597,9,165,498
1728462778171703000,89,682,496,0,239,457
1728462778172544000,45,770,359,0,351,397
1728462778173385000,125,804,258,0,394,331
1728462778174226000,210,807,151,10,421,250
1728462778175068000,309,791,66,41,449,181
1728462778175910000,413,727,18,101,450,109
1728462778176751000,514,646,0,165,441,64
1728462778177592000,610,576,42,226,410,21
1728462778178433000,688,453,47,296,372,0
1728462778179274000,756,340,69,368,314,0
1728462778180115000,779,229,21,414,225,69
1728462778180957000,802,146,170,460,207,57
1728462778181799000,752,30,325,509,125,0
1728462778182641000,704,0,458,522,76,125
1728462778183482000,626,0,576,513,34,189
1728462778184323000,537,0,668,488,5,261
1728462778185164000,434,2,757,439,0,337
1728462778186006000,320,64,817,385,0,393
1728462778186847000,217,139,858,310,0,458
1728462778187689000,120,234,855,245,18,500
1728462778188531000,9,341,809,185,79,539
1728462778189373000,0,452,746,118,126,542
1728462778190214000,0,562,672,0,186,511
1728462778191055000,0,666,570,0,237,517
1728462778191899000,0,775,471,0,293,441
1728462778192740000,53,783,337,0,357,372
1728462778193581000,133,803,235,0,397,312
1728462778194422000,235,797,119,11,434,242
1728462778195264000,340,773,45,52,451,166
1728462778196106000,455,716,0,109,448,100
1728462778196947000,551,634,0,180,426,22
1728462778197788000,638,545,0,253,391,0
1728462778198629000,704,487,4,324,346,0
1728462778199470000,765,332,82,385,300,0
1728462778200311000,762,122,145,453,293,0
1728462778201153000,794,68,246,480,101,10
1728462778201995000,738,18,372,496,71,66
1728462778202836000,687,0,488,522,64,133
1728462778203677000,608,0,594,520,16,202
1728462778204518000,508,0,695,477,0,267
1728462778205365000,404,18,783,431,0,349
1728462778206206000,290,73,832,375,0,416
1728462778207048000,195,159,842,284,0,466
1728462778207890000,105,265,841,219,37,501
1728462778208732000,34,362,805,171,78,532
1728462778209574000,0,478,736,98,139,535
1728462778210415000,0,555,577,40,218,594
1728462778211256000,33,682,484,9,266,532
1728462778212097000,46,747,400,0,279,360
1728462778212939000,69,788,312,0,362,369
1728462778213780000,160,807,207,0,395,290
1728462778214622000,261,801,114,23,443,218
1728462778215464000,357,762,36,66,448,157
1728462778216305000,469,696,0,137,450,90
1728462778217147000,645,604,0,193,419,36
1728462778217988000,706,506,0,259,388,0
1728462778218839000,721,401,20,366,333,0
1728462778219680000,746,296,87,417,273,0
1728462778220522000,733,198,162,392,215,0
1728462778221364000,737,149,301,471,154,26
1728462778222206000,719,11,474,514,116,82
1728462778223048000,671,0,506,517,58,159
1728462778223889000,581,0,617,501,6,224
1728462778224730000,495,0,714,471,0,286
1728462778225571000,378,26,794,416,0,354
1728462778226412000,264,96,839,362,0,423
1728462778227253000,173,177,850,284,2,460
1728462778228095000,85,285,833,209,45,511
1728462778228937000,9,370,800,151,90,547
1728462778229778000,0,465,716,90,174,521
1728462778230619000,2,569,634,23,174,505
1728462778231460000,98,677,557,15,245,474
1728462778232369000,87,746,403,0,327,413
1728462778233210000,97,796,289,0,382,349
1728462778234051000,185,811,177,0,418,274
1728462778234893000,290,797,89,26,441,213
1728462778235735000,398,746,20,82,448,129
1728462778236577000,490,680,0,149,442,73
1728462778237418000,592,581,29,220,426,20
1728462778238259000,674,484,14,285,382,0
1728462778239100000,737,375,42,345,325,26
1728462778239941000,789,260,34,402,274,66
1728462778240783000,855,194,165,448,194,0
1728462778241625000,747,194,298,530,158,4
1728462778242467000,714,8,436,522,94,101
1728462778243308000,648,0,543,529,45,170
1728462778244149000,558,0,644,501,5,241
1728462778244990000,460,0,737,455,0,320
1728462778245787000,352,44,809,399,0,383
1728462778246628000,247,123,849,333,0,444
1728462778247470000,157,210,850,258,8,485
1728462778248312000,42,314,821,202,53,536
1728462778249153000,0,418,772,143,106,536
1728462778249995000,0,535,673,26,165,558
1728462778250836000,0,680,618,0,229,498
1728462778251677000,0,738,489,0,282,437
1728462778252518000,43,760,367,0,337,394
1728462778253359000,116,799,255,0,394,327
1728462778254200000,197,809,154,1,417,245
1728462778255042000,309,785,68,52,448,186
1728462778255884000,418,736,9,96,455,125
1728462778256726000,516,719,0,161,434,50
1728462778257567000,616,629,0,230,405,9
1728462778258408000,690,485,0,298,354,0
1728462778259255000,751,334,50,366,348,0
1728462778260096000,791,181,132,448,299,0
1728462778260938000,781,109,229,462,149,13
1728462778261780000,837,64,354,497,130,64
1728462778262622000,705,5,457,516,72,117
1728462778263462000,629,0,568,505,26,192
1728462778264303000,541,0,669,491,0,250
1728462778265144000,437,0,753,442,0,322
1728462778265986000,320,58,817,389,0,394
1728462778266827000,237,138,846,325,0,448
1728462778267669000,128,226,847,244,26,501
1728462778268511000,53,343,828,169,68,537
1728462778269353000,2,459,750,114,117,546
1728462778270194000,0,555,618,50,205,586
1728462778271035000,18,651,538,9,218,421
1728462778271876000,0,709,456,0,292,397
1728462778272733000,64,774,337,0,357,389
1728462778273574000,130,802,232,0,399,312
1728462778274415000,234,808,133,5,429,242
1728462778275257000,338,781,50,55,455,165
1728462778276099000,442,721,0,113,456,101
1728462778276940000,608,626,0,185,431,48
1728462778277781000,629,528,0,306,394,4
1728462778278622000,697,434,2,346,350,0
1728462778279464000,754,320,79,394,293,0
1728462778280305000,754,229,148,391,224,5
1728462778281147000,756,165,272,469,174,0
1728462778281989000,746,17,474,512,160,88
1728462778282830000,688,0,482,525,66,136
1728462778283671000,608,0,593,509,29,199
1728462778284512000,516,0,698,477,0,273
1728462778285353000,412,16,771,428,0,348
1728462778286197000,295,79,832,372,0,410
1728462778287038000,186,159,846,303,0,448
1728462778287880000,114,264,855,235,42,510
1728462778288721000,13,340,795,177,82,530
1728462778289563000,0,458,727,98,130,530
1728462778290404000,0,547,637,33,151,517
1728462778291246000,82,661,599,14,224,471
1728462778292087000,76,739,410,0,304,427
1728462778292928000,68,784,311,0,368,365
1728462778293770000,157,805,209,0,407,293
1728462778294611000,258,802,107,23,442,224
1728462778295453000,362,764,34,64,449,157
1728462778296295000,473,700,0,129,442,82
1728462778297136000,561,615,47,194,426,30
1728462778297977000,650,511,28,265,390,0
1728462778298818000,718,407,9,335,343,41
1728462778299667000,772,292,45,382,288,27
1728462778300508000,826,203,133,439,206,0
1728462778301350000,750,219,282,506,175,1
1728462778302192000,733,56,394,508,160,74
1728462778303033000,666,0,515,519,56,154
1728462778303874000,577,0,623,509,17,217
1728462778304715000,498,0,708,474,0,293
1728462778305556000,377,21,783,420,0,362
1728462778306397000,272,93,832,359,0,425
1728462778307238000,181,182,857,281,0,477
1728462778308080000,82,287,837,215,42,517
1728462778308922000,7,402,797,138,75,533
1728462778309764000,0,501,722,68,145,544
1728462778310606000,0,637,622,14,213,494
1728462778311447000,0,649,497,0,267,463
1728462778312288000,25,749,441,0,322,418
1728462778313138000,93,796,290,0,370,345
1728462778313979000,174,815,194,0,416,270
1728462778314821000,276,796,96,29,448,212
1728462778315663000,380,738,17,82,456,139
1728462778316505000,488,716,0,149,448,69
1728462778317346000,583,628,0,210,418,16
1728462778318187000,672,474,0,269,429,0
1728462778319028000,739,362,37,358,356,0
1728462778319869000,787,219,85,389,206,0
1728462778320711000,912,157,234,459,173,0
1728462778321553000,837,74,271,522,136,45
1728462778322395000,719,16,425,514,89,96
1728462778323236000,653,0,546,527,41,165
1728462778324078000,564,0,648,502,9,233
1728462778324919000,461,0,740,461,0,301
1728462778325760000,350,34,807,405,0,381
1728462778326606000,248,90,842,339,0,436
1728462778327447000,154,205,845,261,23,489
1728462778328289000,73,313,832,192,56,529
1728462778329131000,13,420,778,133,101,535
1728462778329973000,0,649,691,105,182,502
1728462778330814000,14,711,599,33,230,480
1728462778331655000,0,602,481,0,367,448
1728462778332497000,38,766,370,0,346,398
1728462778333339000,109,804,265,0,380,335
1728462778334181000,206,808,160,2,415,255
1728462778335023000,298,783,73,39,448,186
1728462778335865000,418,730,0,97,455,121
1728462778336707000,493,661,0,144,437,66
1728462778337548000,604,570,0,217,410,17
1728462778338389000,686,461,0,282,363,0
1728462778339230000,743,353,50,362,303,0
1728462778340079000,773,249,234,420,290,2
1728462778340921000,773,144,130,455,178,104
1728462778341763000,794,87,293,497,161,109
1728462778342605000,706,8,461,518,79,125
1728462778343446000,633,0,561,507,33,186
1728462778344287000,546,0,674,494,0,253
1728462778345128000,441,0,753,448,0,322
1728462778345969000,320,57,821,391,0,389
1728462778346810000,221,122,860,324,0,442
1728462778347652000,132,220,842,250,17,488
1728462778348494000,53,338,817,180,69,533
1728462778349335000,0,429,750,125,117,535
1728462778350176000,0,543,674,117,175,567
1728462778351017000,0,644,586,48,231,466
1728462778351858000,0,711,457,0,293,466
1728462778352699000,54,771,346,0,356,383
1728462778353554000,130,804,226,0,398,320
1728462778354395000,228,814,133,4,425,251
1728462778355236000,341,774,50,55,450,167
1728462778356078000,434,719,4,110,448,94
1728462778356919000,549,632,0,183,434,28
1728462778357760000,633,533,0,245,404,0
1728462778358601000,706,498,2,320,357,0
1728462778359442000,761,372,53,378,298,0
1728462778360284000,805,277,148,416,308,0
1728462778361125000,767,69,248,495,225,0
1728462778361967000,746,18,363,506,69,37
1728462778362809000,693,0,480,533,68,129
1728462778363650000,610,0,592,514,26,201
1728462778364491000,514,0,696,482,0,274
1728462778365332000,416,16,762,431,0,347
1728462778366173000,299,71,825,365,0,405
1728462778367022000,193,149,850,293,0,462
1728462778367864000,98,264,847,221,21,514
1728462778368706000,34,361,808,165,87,540
1728462778369548000,0,485,786,97,139,538
1728462778370389000,0,562,558,34,182,609
1728462778371230000,0,688,490,0,279,548
1728462778372071000,13,741,413,0,306,466
1728462778372912000,75,795,320,0,375,367
1728462778373753000,149,805,217,0,402,298
1728462778374594000,249,789,107,18,431,224
1728462778375436000,360,767,37,64,452,162
1728462778376278000,468,704,0,117,448,93
1728462778377120000,653,602,0,194,400,29
1728462778377961000,742,508,0,266,370,0
1728462778378802000,767,402,18,330,336,0
1728462778379644000,688,279,74,457,277,2
1728462778380499000,741,186,194,495,221,0
1728462778381341000,765,109,279,448,165,64
1728462778382183000,736,40,398,515,105,87
1728462778383025000,677,0,512,522,50,145
1728462778383866000,586,0,618,506,18,213
1728462778384707000,481,0,711,473,0,283
1728462778385548000,378,21,788,425,0,352
1728462778386389000,282,89,824,342,0,421
1728462778387231000,188,180,845,277,10,461
1728462778388073000,97,293,824,224,42,514
1728462778388915000,20,389,781,141,90,517
1728462778389757000,0,426,719,100,206,525
1728462778390598000,9,551,610,34,210,498
1728462778391439000,0,650,510,0,203,448
1728462778392280000,26,752,404,0,330,414
1728462778393121000,90,796,282,0,375,356
1728462778393961000,178,815,186,0,409,282
1728462778394803000,277,795,94,30,448,199
1728462778395645000,389,751,23,82,452,138
1728462778396487000,481,671,0,138,437,75
1728462778397328000,576,594,0,202,421,31
1728462778398169000,668,498,85,272,378,0
1728462778399010000,733,389,66,335,322,0
1728462778399852000,763,255,23,400,272,69
1728462778400694000,832,192,155,450,218,26
1728462778401536000,720,199,270,506,170,0
1728462778402378000,719,17,413,519,90,95
1728462778403219000,653,0,535,509,41,169
1728462778404060000,565,0,650,499,0,234
1728462778404901000,466,0,729,463,0,304
1728462778405742000,356,42,802,411,0,368
1728462778406583000,250,96,855,346,0,427
1728462778407435000,154,186,854,273,5,480
1728462778408277000,47,298,839,200,47,533
1728462778409118000,5,413,786,132,97,545
1728462778409959000,0,521,697,41,154,557
1728462778410800000,0,675,632,1,224,528
1728462778411641000,0,738,521,0,277,458
1728462778412482000,42,758,382,0,344,398
1728462778413324000,106,802,254,0,387,331
1728462778414166000,199,809,170,0,414,257
1728462778415008000,306,786,87,42,439,185
1728462778415850000,407,740,9,93,456,120
1728462778416692000,508,753,0,159,442,56
1728462778417533000,610,558,0,232,474,5
1728462778418374000,690,442,0,293,402,0
1728462778419215000,749,342,40,361,335,0
1728462778420057000,799,213,122,398,181,0
1728462778420913000,916,133,253,476,146,0
1728462778421755000,817,52,325,549,109,69
1728462778422597000,708,0,452,527,89,110
1728462778423438000,637,0,556,520,45,186
1728462778424279000,538,0,660,491,2,260
1728462778425120000,442,0,752,455,0,325
1728462778425961000,331,53,812,386,0,398
1728462778426802000,226,146,857,320,0,448
1728462778427643000,113,234,847,244,25,493
1728462778428485000,39,334,820,189,67,527
1728462778429327000,13,448,756,117,130,541
1728462778430169000,16,552,644,54,160,455
1728462778431010000,0,759,549,42,250,441
1728462778431851000,18,810,437,5,296,412
1728462778432692000,52,779,362,0,355,383
1728462778433533000,128,811,239,0,393,320
1728462778434378000,215,798,144,5,425,240
1728462778435220000,337,779,53,50,463,174
1728462778436062000,440,722,0,105,449,107
1728462778436904000,576,637,0,235,418,47
1728462778437745000,600,543,0,286,404,1
1728462778438586000,682,441,16,337,354,0
1728462778439427000,736,330,64,394,297,0
1728462778440269000,741,217,141,385,237,10
1728462778441111000,765,192,265,451,185,13
1728462778441953000,736,50,465,493,126,74
1728462778442794000,697,0,480,521,66,126
1728462778443635000,616,0,595,513,21,194
1728462778444476000,511,0,690,485,0,264
1728462778445317000,409,9,767,436,0,341
1728462778446158000,293,67,825,375,0,407
1728462778446999000,202,153,832,312,4,451
1728462778447847000,121,253,842,229,29,495
1728462778448689000,45,363,808,170,71,528
1728462778449531000,0,444,745,94,79,525
1728462778450372000,92,546,709,70,149,512
1728462778451214000,58,631,553,10,226,474
1728462778452055000,37,719,432,10,290,437
1728462778452896000,69,782,320,0,360,370
1728462778453738000,157,810,210,0,402,297
1728462778454580000,244,799,117,21,432,218
1728462778455422000,350,760,34,66,453,158
1728462778456264000,457,708,0,121,451,97
1728462778457105000,560,613,0,188,423,106
1728462778457946000,658,520,0,257,397,46
1728462778458787000,721,416,8,327,335,0
1728462778459629000,784,297,50,402,267,0
1728462778460471000,789,277,162,474,232,0
1728462778461320000,765,0,242,480,241,9
1728462778462162000,740,37,394,514,104,94
1728462778463003000,681,0,510,523,64,145
1728462778463844000,595,0,616,506,10,217
1728462778464685000,494,0,712,476,0,285
1728462778465526000,386,23,783,419,0,352
1728462778466367000,253,82,847,362,0,434
1728462778467209000,153,162,853,293,0,476
1728462778468051000,75,275,832,207,50,520
1728462778468893000,29,389,790,149,94,533
1728462778469735000,0,481,832,75,167,539
1728462778470576000,0,629,706,36,238,521
1728462778471417000,0,717,583,0,258,500
1728462778472258000,18,747,415,0,322,416
1728462778473099000,87,796,285,0,378,352
1728462778473940000,177,805,192,0,415,282
1728462778474790000,279,791,97,29,440,205
1728462778475632000,380,754,21,84,450,138
1728462778476473000,484,656,0,139,482,77
1728462778477314000,590,565,0,213,410,23
1728462778478155000,672,474,0,284,372,0
1728462778478996000,784,388,29,343,327,0
1728462778479838000,854,272,109,393,247,0
1728462778480680000,710,167,229,521,210,31
1728462778481522000,719,89,325,528,141,29
1728462778482364000,719,13,417,519,96,92
1728462778483205000,658,0,533,522,50,160
1728462778484046000,562,0,633,498,10,239
1728462778484887000,471,0,727,462,0,314
1728462778485728000,362,34,794,398,0,375
1728462778486569000,265,114,837,330,0,427
1728462778487411000,156,210,846,269,10,477
1728462778488266000,64,298,821,199,42,498
1728462778489108000,5,412,779,142,105,533
1728462778489949000,0,581,677,82,157,501
1728462778490791000,0,526,586,17,293,494
1728462778491632000,5,640,498,21,320,455
1728462778492473000,24,758,383,0,334,398
1728462778493314000,101,802,265,0,385,340
1728462778494155000,188,805,165,0,418,261
1728462778494997000,297,784,79,42,448,192
1728462778495839000,409,736,2,85,448,123
1728462778496681000,494,661,0,142,434,64
1728462778497522000,592,576,0,216,418,18
1728462778498363000,674,474,0,288,369,0
1728462778499204000,736,364,42,357,314,0
1728462778500045000,754,220,170,406,266,0
1728462778500887000,773,169,305,458,234,22
1728462778501733000,754,74,262,495,157,146
1728462778502575000,713,9,452,521,74,105
1728462778503416000,637,0,561,513,45,176
1728462778504257000,535,0,667,493,0,255
1728462778505098000,441,0,750,461,0,322
1728462778505940000,330,43,808,393,0,394
1728462778506781000,233,122,839,325,0,449
1728462778507622000,139,222,855,250,1,501
1728462778508464000,58,320,832,189,50,530
1728462778509306000,10,437,767,142,110,545
1728462778510148000,0,530,696,129,162,562
1728462778510989000,0,624,579,0,229,480
1728462778511830000,0,714,466,0,293,456
1728462778512671000,50,774,354,0,348,390
1728462778513512000,133,815,238,0,388,325
1728462778514354000,224,811,146,8,430,239
1728462778515202000,320,774,64,55,448,175
1728462778516044000,436,719,0,117,455,117
1728462778516885000,538,645,0,168,440,42
1728462778517726000,622,548,0,234,394,0
1728462778518567000,701,448,0,304,354,0
1728462778519408000,762,389,58,383,297,0
1728462778520250000,808,274,132,418,261,0
1728462778521092000,781,50,240,495,229,10
1728462778521934000,751,18,353,507,101,64
1728462778522776000,691,0,480,514,66,132
1728462778523617000,613,0,580,509,23,195
1728462778524459000,521,0,683,482,0,269
1728462778525300000,413,6,767,440,0,325
1728462778526141000,305,65,825,378,0,412
1728462778526982000,186,139,842,290,0,463
1728462778527824000,109,250,837,241,33,505
1728462778528681000,37,357,809,161,76,535
1728462778529522000,0,489,782,90,125,530
1728462778530364000,0,569,559,42,180,609
1728462778531205000,0,661,495,9,278,543
1728462778532046000,10,731,448,0,320,432
1728462778532887000,65,776,320,0,367,373
1728462778533728000,151,807,209,0,402,303
1728462778534569000,245,801,126,5,426,233
1728462778535411000,348,765,37,58,450,151
1728462778536253000,458,696,0,114,434,90
1728462778537094000,653,608,0,192,425,39
1728462778537935000,703,511,0,260,389,0
1728462778538776000,764,417,5,321,343,0
1728462778539617000,661,312,87,448,270,30
1728462778540459000,734,199,194,476,213,0
1728462778541301000,738,136,269,454,168,48
1728462778542145000,736,34,390,514,114,77
1728462778542986000,682,0,490,527,69,142
1728462778543827000,594,0,602,507,21,220
1728462778544668000,494,0,709,474,0,285
1728462778545509000,394,21,786,418,0,352
1728462778546350000,293,96,820,349,0,412
1728462778547192000,186,181,845,285,0,448
1728462778548034000,87,269,843,224,41,497
1728462778548875000,29,378,789,158,98,538
1728462778549717000,0,407,711,106,203,529
1728462778550558000,8,546,629,29,125,509
1728462778551399000,0,640,528,0,200,480
1728462778552240000,13,750,413,0,320,414
1728462778553082000,79,798,297,0,378,360
1728462778553923000,178,804,193,0,416,282
1728462778554764000,269,797,93,25,441,213
1728462778555615000,377,752,26,78,454,142
1728462778556457000,475,688,0,133,442,78
1728462778557298000,577,602,39,206,424,25
1728462778558139000,663,497,21,279,386,0
1728462778558980000,727,394,56,344,330,0
1728462778559822000,786,284,142,397,256,66
1728462778560663000,810,184,126,449,231,49
1728462778561505000,815,89,273,490,132,0
1728462778562347000,718,21,421,516,93,87
1728462778563188000,650,0,537,521,50,153
1728462778564029000,560,0,637,498,5,237
1728462778564870000,472,0,730,463,0,309
1728462778565711000,368,29,791,407,0,372
1728462778566552000,258,98,850,338,0,433
1728462778567394000,162,202,862,274,0,496
1728462778568236000,50,308,834,202,45,517
1728462778569086000,0,414,782,142,98,538
1728462778569928000,0,516,692,36,151,560
1728462778570770000,0,672,616,14,237,493
1728462778571611000,0,716,490,0,277,448
1728462778572452000,33,761,380,0,329,401
1728462778573294000,110,797,264,0,378,333
1728462778574135000,194,814,175,0,418,258
1728462778574977000,298,781,74,37,442,188
1728462778575819000,404,732,5,90,455,125
1728462778576661000,521,713,0,149,448,64
1728462778577502000,602,554,0,226,455,7
1728462778578343000,687,458,0,299,401,0
1728462778579184000,740,341,42,356,340,0
1728462778580025000,786,207,133,413,194,0
1728462778580867000,914,114,229,477,165,10
1728462778581709000,824,64,320,477,125,56
1728462778582549000,719,10,450,517,85,106
1728462778583390000,641,0,557,520,34,173
1728462778584232000,542,0,661,493,1,245
1728462778585073000,442,0,752,452,0,325
1728462778585914000,324,41,798,394,0,385
1728462778586755000,224,130,838,322,0,452
1728462778587596000,138,226,849,260,25,499
1728462778588438000,66,325,797,186,65,532
1728462778589279000,5,441,730,120,122,564
1728462778590121000,0,532,653,57,162,468
1728462778590962000,0,741,570,49,245,455
1728462778591803000,0,762,469,0,292,444
1728462778592644000,45,779,352,0,349,398
1728462778593485000,132,802,241,0,392,321
1728462778594326000,229,810,141,2,429,245
1728462778595168000,320,783,64,53,448,177
1728462778596030000,433,721,2,105,458,106
1728462778596872000,517,637,0,205,434,55
1728462778597713000,604,554,0,274,403,10
1728462778598554000,697,453,0,327,364,0
1728462778599395000,724,330,57,327,293,0
1728462778600237000,764,290,169,416,229,0
1728462778601079000,767,105,338,471,201,21
1728462778601921000,754,53,356,513,131,68
1728462778602763000,692,0,470,520,71,125
1728462778603604000,618,0,587,511,25,197
1728462778604445000,522,0,681,478,0,270
1728462778605286000,423,6,768,443,0,337
1728462778606127000,301,69,818,382,0,388
1728462778606969000,202,149,853,314,0,456
1728462778607811000,98,218,856,245,29,505
1728462778608653000,37,338,791,170,75,530
1728462778609498000,0,440,757,111,81,538
1728462778610339000,96,544,694,73,164,513
1728462778611180000,64,655,549,0,253,484
1728462778612021000,0,738,449,0,303,431
1728462778612862000,64,777,330,1,362,372
1728462778613703000,151,802,218,0,405,300
1728462778614545000,245,800,117,15,436,229
1728462778615386000,350,770,42,64,449,169
1728462778616228000,453,704,62,121,450,89
1728462778617069000,560,628,20,186,437,43
1728462778617910000,637,509,0,261,392,49
1728462778618751000,709,412,0,320,345,26
1728462778619593000,837,327,43,389,293,0
1728462778620434000,834,218,125,434,213,0
1728462778621275000,761,213,266,513,180,0
1728462778622117000,742,37,385,510,106,74
1728462778622968000,668,0,506,523,56,137
1728462778623809000,591,0,609,513,20,211
1728462778624650000,493,0,712,478,0,284
1728462778625491000,389,9,781,428,0,352
1728462778626332000,285,73,832,360,0,405
1728462778627174000,162,194,856,290,0,491
1728462778628016000,79,270,843,228,42,499
1728462778628857000,14,368,793,154,66,541
1728462778629698000,0,540,753,82,139,527
1728462778630539000,0,578,625,33,212,513
1728462778631380000,0,669,615,0,298,482
1728462778632221000,20,748,418,0,320,428
1728462778633062000,87,789,303,0,366,346
1728462778633903000,171,809,197,0,415,274
1728462778634745000,261,796,113,26,440,218
1728462778635587000,373,746,26,87,453,146
1728462778636450000,480,651,0,127,498,71
1728462778637292000,582,586,0,207,457,26
1728462778638133000,663,485,0,273,365,0
1728462778638974000,731,383,25,341,322,0
1728462778639816000,888,254,144,413,256,0
1728462778640657000,856,165,169,530,200,2
1728462778641499000,693,96,306,535,165,58
1728462778642341000,729,25,420,519,93,88
1728462778643182000,664,0,523,522,41,154
1728462778644023000,570,0,632,501,16,221
1728462778644864000,469,0,721,463,0,301
1728462778645705000,360,29,796,414,0,365
1728462778646546000,242,101,836,354,0,434
1728462778647388000,156,185,826,258,13,488
1728462778648230000,81,298,838,205,46,519
1728462778649072000,11,423,783,146,106,533
1728462778649912000,0,580,704,57,188,514
1728462778650753000,0,526,613,41,287,497
1728462778651594000,0,629,500,11,328,462
1728462778652435000,30,761,383,0,337,407
1728462778653276000,101,800,274,0,375,343
1728462778654117000,197,810,162,0,416,265
1728462778654959000,290,799,84,36,448,197
1728462778655801000,394,736,13,94,452,125
1728462778656643000,498,660,0,146,442,66
1728462778657484000,596,577,0,212,413,18
1728462778658325000,674,471,0,286,370,0
1728462778659166000,746,365,53,350,311,0
1728462778660007000,778,258,226,412,293,0
1728462778660849000,778,186,267,461,186,39
1728462778661691000,770,64,299,501,146,90
1728462778662533000,709,10,448,517,85,114
1728462778663384000,633,0,549,517,37,175
1728462778664225000,549,0,663,490,1,260
1728462778665066000,450,0,753,442,0,322
1728462778665907000,340,53,811,397,0,384
1728462778666748000,234,116,841,330,0,440
1728462778667590000,137,215,847,250,10,490
1728462778668432000,57,330,820,192,64,526
1728462778669274000,43,415,757,135,93,541
1728462778670115000,0,530,692,109,161,558
1728462778670956000,0,646,594,56,234,481
1728462778671797000,0,721,474,0,290,450
1728462778672638000,40,765,366,0,348,386
1728462778673479000,129,797,241,0,398,321
1728462778674320000,214,817,132,1,426,250
1728462778675162000,322,778,64,50,444,184
1728462778676003000,431,722,0,106,448,139
1728462778676860000,528,645,0,165,439,85
1728462778677701000,618,552,0,239,404,0
1728462778678542000,696,443,0,313,365,0
1728462778679383000,776,429,48,404,324,0
1728462778680225000,794,272,134,412,330,0
1728462778681067000,760,20,231,471,269,2
1728462778681908000,758,64,356,506,124,64
1728462778682750000,692,4,474,520,73,120
1728462778683591000,613,0,580,514,34,198
1728462778684432000,519,0,681,483,0,264
1728462778685273000,430,2,764,442,0,334
1728462778686115000,301,71,817,378,0,409
1728462778686956000,201,154,851,293,0,463
1728462778687798000,121,258,860,237,8,507
1728462778688640000,37,353,814,178,69,528
1728462778689481000,0,484,828,103,159,549
1728462778690326000,0,589,712,47,180,576
1728462778691167000,0,633,474,1,264,562
1728462778692008000,2,732,448,0,299,448
1728462778692849000,66,785,333,0,354,376
1728462778693691000,145,810,228,0,407,299
1728462778694533000,235,802,125,14,433,238
1728462778695375000,348,761,41,64,449,161
1728462778696217000,453,687,0,114,448,90
1728462778697058000,554,618,0,181,412,45
1728462778697899000,733,522,0,261,373,0
1728462778698740000,757,416,10,323,336,0
1728462778699582000,665,293,64,458,277,18
1728462778700424000,718,201,197,490,224,1
1728462778701266000,744,109,229,432,173,26
1728462778702108000,750,43,381,509,114,82
1728462778702949000,676,0,497,521,47,139
1728462778703796000,602,0,599,514,21,207
1728462778704637000,500,0,704,475,0,278
1728462778705478000,390,15,788,427,0,350
1728462778706319000,277,65,805,362,0,421
1728462778707160000,194,174,845,285,2,465
1728462778708002000,93,274,826,224,42,513
1728462778708843000,31,375,797,164,79,525
1728462778709685000,0,413,718,104,202,521
1728462778710526000,0,538,649,47,184,509
1728462778711367000,0,645,525,2,213,464
1728462778712208000,18,758,416,0,322,432
1728462778713049000,85,791,297,0,377,361
1728462778713891000,165,810,197,0,405,290
1728462778714733000,267,799,100,25,440,210
1728462778715575000,369,754,34,74,452,146
1728462778716417000,471,685,0,132,450,81
1728462778717264000,569,604,34,194,423,39
1728462778718105000,656,498,64,266,388,0
1728462778718946000,736,396,70,335,341,0
1728462778719788000,765,306,101,394,253,78
1728462778720629000,789,175,133,452,246,53
1728462778721471000,785,96,277,493,157,0
1728462778722313000,729,29,402,513,105,98
1728462778723154000,667,0,528,514,45,168
1728462778723995000,579,0,629,498,9,229
1728462778724836000,485,0,717,466,0,298
1728462778725677000,366,34,796,414,0,364
1728462778726518000,261,93,841,352,0,421
1728462778727360000,167,186,853,277,5,466
1728462778728202000,61,278,834,205,40,526
1728462778729044000,0,394,773,103,90,538
1728462778729886000,0,514,693,42,149,570
1728462778730741000,0,658,629,5,205,490
1728462778731582000,0,686,507,0,266,461
1728462778732423000,23,756,400,0,333,406
1728462778733265000,97,799,279,0,381,344
1728462778734106000,193,808,169,0,423,265
1728462778734948000,295,789,85,34,440,197
1728462778735790000,405,740,18,82,448,125
1728462778736631000,496,741,0,153,448,55
1728462778737472000,592,631,0,224,417,10
1728462778738313000,680,520,0,293,410,0
1728462778739154000,747,293,40,357,381,0
1728462778739996000,802,225,112,400,180,0
1728462778740838000,931,164,242,473,153,0
1728462778741680000,809,68,325,497,138,40
1728462778742521000,706,14,442,522,87,110
1728462778743362000,637,0,557,526,41,175
1728462778744258000,552,0,650,504,5,247
1728462778745099000,448,0,741,448,0,320
1728462778745940000,335,55,808,398,0,395
1728462778746781000,229,133,845,325,0,439
1728462778747623000,138,229,850,250,26,485
1728462778748465000,58,326,816,197,64,528
1728462778749307000,45,452,718,114,130,578
1728462778750148000,0,532,671,64,164,473
1728462778750989000,0,736,564,42,253,472
1728462778751830000,0,745,475,0,288,457
1728462778752671000,44,775,361,0,349,386
1728462778753512000,107,800,252,0,383,322
1728462778754353000,212,802,145,13,430,248
1728462778755195000,320,781,56,42,454,185
1728462778756037000,459,717,0,138,437,105
1728462778756879000,507,645,0,209,437,52
1728462778757681000,595,550,0,229,402,11
1728462778758522000,678,440,2,296,363,0
1728462778759363000,737,350,57,343,306,10
1728462778760205000,766,262,133,408,242,0
1728462778761047000,759,116,341,459,206,34
1728462778761889000,758,58,346,508,124,57
1728462778762731000,693,8,475,522,74,132
1728462778763572000,613,0,586,516,29,193
1728462778764413000,537,0,674,490,5,264
1728462778765254000,421,0,757,444,0,338
1728462778766095000,320,64,816,378,0,393
1728462778766936000,222,137,842,296,0,458
1728462778767778000,125,245,832,242,20,500
1728462778768620000,43,357,818,178,68,537
1728462778769461000,92,448,799,122,101,538
1728462778770302000,46,554,680,64,167,522
1728462778771151000,0,648,578,75,245,517
1728462778771992000,4,722,450,0,306,442
1728462778772834000,65,778,337,0,357,383
1728462778773675000,135,809,224,0,392,301
1728462778774517000,237,810,123,13,434,233
1728462778775359000,350,764,36,64,455,165
1728462778776201000,448,708,30,119,451,157
1728462778777043000,552,626,0,193,431,94
1728462778777884000,642,535,0,256,393,20
1728462778778725000,719,426,11,324,343,0
1728462778779566000,749,320,50,386,292,0
1728462778780408000,789,306,154,473,246,0
1728462778781250000,805,151,247,466,267,1
1728462778782092000,744,41,373,510,120,75
1728462778782933000,681,0,495,519,57,143
1728462778783774000,597,0,608,510,13,206
1728462778784642000,506,0,708,482,0,280
1728462778785483000,394,25,782,424,0,348
1728462778786325000,284,69,832,369,0,402
1728462778787166000,174,146,852,299,4,468
1728462778788008000,96,266,837,207,26,517
1728462778788849000,26,381,797,158,82,538
1728462778789691000,0,458,832,78,158,546
1728462778790532000,0,579,738,33,242,530
1728462778791373000,0,710,610,0,265,492
1728462778792214000,11,738,425,0,320,421
1728462778793055000,84,786,302,0,377,356
1728462778793897000,162,808,194,0,411,287
1728462778794739000,265,792,102,15,437,221
1728462778795581000,370,757,36,69,443,146
1728462778796423000,473,668,0,133,501,69
1728462778797264000,570,578,0,202,460,34
1728462778798093000,658,490,0,273,407,0
1728462778798934000,738,386,23,343,325,0
1728462778799776000,904,277,139,416,249,0
1728462778800617000,857,178,192,440,192,0
1728462778801459000,712,71,309,548,153,42
1728462778802301000,725,26,405,516,101,89
1728462778803142000,665,0,522,521,53,154
1728462778803983000,578,0,626,511,18,226
1728462778804824000,474,0,716,466,0,302
1728462778805665000,377,26,792,412,0,370
1728462778806506000,253,103,840,351,0,428
1728462778807348000,151,192,853,272,8,477
1728462778808190000,79,293,828,205,47,496
1728462778809032000,2,460,767,149,98,501
1728462778809874000,10,589,690,93,162,501
1728462778810715000,0,528,596,0,293,485
1728462778811565000,0,663,506,5,306,457
1728462778812406000,33,761,397,0,330,407
1728462778813248000,91,799,277,0,378,346
1728462778814089000,178,806,175,0,417,274
1728462778814931000,296,786,77,32,449,202
1728462778815773000,405,740,18,89,457,135
1728462778816614000,484,666,0,139,431,65
1728462778817455000,578,581,0,202,416,17
1728462778818296000,677,492,0,282,378,0
1728462778819137000,724,393,42,335,332,0
1728462778819979000,773,266,192,404,303,16
1728462778820821000,780,173,114,450,195,106
1728462778821663000,766,79,320,501,138,42
1728462778822505000,714,21,437,523,90,101
1728462778823346000,640,0,555,517,41,174
1728462778824187000,549,0,665,500,5,247
1728462778825040000,453,0,736,458,0,320
1728462778825881000,330,29,808,402,0,383
1728462778826722000,247,114,839,330,0,435
1728462778827564000,149,207,852,265,2,488
1728462778828406000,58,309,834,192,40,522
1728462778829248000,0,417,778,189,98,576
1728462778830089000,0,530,704,104,168,520
1728462778830930000,0,632,581,0,221,532
1728462778831771000,0,708,485,0,285,457
1728462778832613000,56,772,365,0,349,393
1728462778833455000,117,809,253,0,389,322
1728462778834296000,207,794,154,1,422,249
1728462778835138000,320,781,74,49,450,186
1728462778835980000,421,730,0,93,454,130
1728462778836821000,523,648,0,160,434,37
1728462778837662000,624,629,0,234,405,0
1728462778838504000,694,497,0,301,353,0
1728462778839345000,786,403,43,373,313,0
1728462778840186000,757,149,132,427,320,0
1728462778841028000,817,89,226,482,215,2
1728462778841870000,754,58,336,503,133,64
1728462778842712000,701,1,462,519,69,117
1728462778843553000,628,0,578,514,31,186
1728462778844394000,525,0,677,490,0,251
1728462778845235000,427,9,757,450,0,325
1728462778846076000,282,47,815,370,0,404
1728462778846918000,217,145,858,309,0,453
1728462778847760000,122,253,839,234,31,512
1728462778848602000,36,348,813,162,69,528
1728462778849444000,0,437,642,104,129,626
1728462778850286000,0,554,609,43,206,585
1728462778851127000,18,677,525,9,256,527
1728462778851976000,2,720,456,0,306,436
1728462778852818000,64,783,327,0,361,385
1728462778853659000,141,814,232,0,402,321
1728462778854501000,245,802,130,14,429,231
1728462778855343000,337,778,49,58,450,165
1728462778856185000,443,690,0,119,429,96
1728462778857026000,641,612,0,183,418,42
1728462778857867000,695,522,0,256,394,5
1728462778858708000,752,420,5,320,346,0
1728462778859549000,673,314,73,457,287,42
1728462778860390000,736,210,194,473,226,0
1728462778861232000,730,117,267,448,169,58
1728462778862074000,740,37,380,517,119,71
1728462778862916000,681,0,483,522,64,137
1728462778863757000,600,0,601,507,23,208
1728462778864598000,506,0,689,476,0,278
1728462778865449000,401,26,781,424,0,358
1728462778866290000,308,87,824,369,0,410
1728462778867131000,196,168,837,297,0,431
1728462778867973000,107,263,837,235,33,508
1728462778868815000,26,337,805,157,106,535
1728462778869657000,0,413,714,97,133,527
1728462778870498000,0,540,624,29,138,506
1728462778871339000,107,650,554,5,226,466
1728462778872180000,18,743,425,0,322,420
1728462778873021000,69,789,306,0,369,365
1728462778873862000,159,805,197,0,407,288
1728462778874704000,266,798,103,26,448,224
1728462778875546000,370,762,26,66,450,154
1728462778876388000,468,704,0,126,448,82
1728462778877229000,568,608,56,199,437,34
1728462778878070000,648,506,13,271,388,0
1728462778878924000,730,395,50,341,334,49
1728462778879766000,774,269,18,389,303,53
1728462778880608000,841,210,147,437,199,0
1728462778881450000,774,177,277,495,152,4
1728462778882292000,732,26,410,517,105,79
1728462778883133000,664,0,529,522,58,157
1728462778883974000,577,0,622,505,9,224
1728462778884815000,480,0,717,477,0,296
1728462778885656000,376,33,788,413,0,369
1728462778886497000,269,86,855,348,0,431
1728462778887339000,176,188,858,277,0,487
1728462778888181000,74,297,834,210,48,525
1728462778889022000,0,397,784,114,98,534
1728462778889864000,0,549,733,58,149,554
1728462778890705000,0,637,619,17,212,501
1728462778891546000,0,690,523,0,274,473
1728462778892400000,34,757,394,0,328,411
1728462778893242000,93,805,279,0,378,341
1728462778894083000,174,805,183,0,414,272
1728462778894924000,289,781,81,33,442,201
1728462778895766000,392,802,2,90,458,126
1728462778896607000,501,728,0,145,440,66
1728462778897448000,602,576,0,217,463,13
1728462778898289000,669,476,0,282,407,0
1728462778899130000,752,325,34,372,352,0
1728462778899972000,792,225,122,402,210,0
1728462778900813000,920,145,241,476,170,2
1728462778901655000,767,82,320,506,145,50
1728462778902497000,719,20,434,516,82,96
1728462778903338000,644,0,543,520,46,165
1728462778904179000,551,0,652,502,4,249
1728462778905020000,453,0,736,461,0,309
1728462778905863000,330,43,799,379,0,381
1728462778906704000,245,125,839,331,0,442
1728462778907546000,145,214,843,256,14,490
1728462778908388000,66,314,816,185,50,522
1728462778909230000,64,453,730,130,107,471
1728462778910071000,0,526,669,69,171,489
1728462778910912000,0,713,577,64,234,456
1728462778911753000,0,698,484,0,291,459
1728462778912594000,43,763,362,0,346,400
1728462778913435000,117,805,260,0,386,331
1728462778914276000,210,809,161,4,414,245
1728462778915118000,311,788,66,43,450,178
1728462778915960000,473,725,0,97,440,122
1728462778916802000,494,654,0,201,442,64
1728462778917643000,600,557,0,266,407,10
1728462778918483000,683,458,0,312,362,0
1728462778919330000,706,341,45,292,295,0
1728462778920171000,755,274,159,403,241,4
1728462778921013000,747,177,237,453,194,0
1728462778921855000,757,52,331,510,133,52
1728462778922697000,708,0,452,517,86,113
1728462778923538000,625,0,576,511,27,193
1728462778924379000,532,0,674,496,0,261
1728462778925220000,431,0,757,442,0,325
1728462778926061000,309,66,815,392,0,383
1728462778926902000,215,136,842,320,0,442
1728462778927744000,125,199,853,253,25,504
1728462778928586000,55,342,815,178,64,533
1728462778929428000,119,420,791,133,85,530
1728462778930270000,58,547,687,57,165,526
1728462778931111000,32,645,559,81,228,517
1728462778931952000,0,722,462,0,298,442
1728462778932810000,58,778,334,0,359,383
1728462778933651000,141,805,228,0,400,307
1728462778934492000,245,803,137,11,436,237
1728462778935334000,339,772,42,58,444,162
1728462778936176000,434,715,42,106,453,93
1728462778937018000,538,629,0,185,433,111
1728462778937859000,639,532,0,254,400,34
1728462778938700000,713,437,0,320,354,21
1728462778939541000,786,309,26,375,285,0
1728462778940383000,789,320,132,466,242,0
1728462778941225000,774,21,265,482,241,9
1728462778942067000,745,41,378,517,122,73
1728462778942909000,683,0,481,517,69,133
1728462778943750000,601,0,586,503,26,213
1728462778944591000,508,0,695,475,0,277
1728462778945432000,414,14,773,421,0,348
1728462778946273000,266,77,838,370,0,418
1728462778947114000,192,170,856,298,0,459
1728462778947956000,109,264,837,226,34,510
1728462778948798000,10,375,803,153,66,530
1728462778949639000,0,466,846,90,167,559
1728462778950481000,0,618,708,38,217,516
1728462778951322000,0,669,485,4,250,526
1728462778952163000,5,741,428,0,311,418
1728462778953005000,69,782,313,0,370,363
1728462778953846000,161,799,209,0,407,297
1728462778954688000,258,802,105,20,442,225
1728462778955529000,368,756,33,66,451,154
1728462778956371000,481,671,0,130,474,78
1728462778957212000,555,599,0,200,405,23
1728462778958053000,718,501,0,277,385,0
1728462778958894000,818,382,50,341,320,0
1728462778959746000,832,277,65,448,266,4
1728462778960588000,704,192,178,504,218,49
1728462778961430000,771,106,290,484,160,27
1728462778962272000,724,34,405,521,101,79
1728462778963113000,661,0,517,527,57,149
1728462778963954000,581,0,623,506,13,225
1728462778964795000,480,0,716,466,0,295
1728462778965636000,389,27,766,410,0,362
1728462778966477000,264,93,811,345,0,434
1728462778967318000,173,184,842,279,0,471
1728462778968160000,81,293,837,213,37,511
1728462778969001000,41,455,778,158,94,517
1728462778969843000,0,405,700,74,212,517
1728462778970684000,0,545,613,45,253,495
1728462778971525000,0,692,517,0,267,481
1728462778972366000,21,762,398,0,325,424
1728462778973271000,97,797,276,0,389,342
1728462778974113000,178,815,183,0,413,267
1728462778974955000,286,792,86,42,442,202
1728462778975797000,377,744,9,68,452,135
1728462778976639000,485,676,0,132,437,81
1728462778977480000,590,593,0,213,410,23
1728462778978321000,674,480,0,279,370,0
1728462778979162000,738,370,149,346,360,0
1728462778980004000,772,292,178,407,256,0
1728462778980846000,784,136,122,468,217,64
1728462778981688000,767,79,327,493,139,49
1728462778982530000,717,17,434,520,82,98
1728462778983371000,645,0,543,517,45,171
1728462778984212000,554,0,655,498,6,244
1728462778985053000,450,0,744,460,0,311
1728462778985894000,348,13,789,405,0,377
1728462778986705000,238,111,847,330,0,440
1728462778987547000,148,206,866,262,2,490
1728462778988389000,66,327,832,201,64,527
1728462778989231000,0,402,773,73,104,519
1728462778990072000,0,528,683,41,178,554
1728462778990913000,0,701,604,2,237,485
1728462778991754000,0,706,482,0,287,458
1728462778992595000,40,765,367,0,337,397
1728462778993436000,119,802,249,0,386,324
1728462778994277000,207,811,154,2,425,252
1728462778995119000,303,778,74,47,448,183
1728462778995961000,426,770,0,101,458,101
1728462778996803000,517,709,0,158,440,56
1728462778997644000,615,602,0,226,422,9
1728462778998485000,697,448,0,298,386,0
1728462778999326000,759,276,41,379,350,0
1728462779000218000,785,221,133,409,184,0
1728462779001060000,897,125,274,477,162,5
1728462779001902000,746,66,333,500,136,58
1728462779002744000,705,4,460,533,71,110
1728462779003585000,634,0,569,516,33,184
1728462779004426000,531,0,677,488,0,254
1728462779005267000,427,2,753,449,0,320
1728462779006108000,306,50,814,377,0,380
1728462779006949000,232,133,847,328,0,455
1728462779007791000,121,237,852,242,7,506
1728462779008633000,47,334,809,180,64,524
1728462779009475000,42,469,725,109,112,436
1728462779010316000,0,533,647,64,176,471
1728462779011157000,0,743,552,42,261,469
1728462779011998000,0,718,463,0,300,448
1728462779012839000,64,778,338,0,362,383
1728462779013630000,137,804,231,0,389,311
1728462779014472000,234,810,141,10,425,237
1728462779015314000,327,777,64,56,452,166
1728462779016156000,489,705,0,113,448,98
1728462779016997000,522,637,0,226,427,50
1728462779017838000,618,537,0,288,400,0
1728462779018679000,692,421,0,337,362,0
1728462779019520000,722,320,55,327,287,0
1728462779020362000,761,281,175,414,226,0
1728462779021204000,776,137,264,474,178,18
1728462779022046000,750,43,366,513,122,72
1728462779022888000,682,0,481,519,66,125
1728462779023729000,609,0,589,506,32,202
1728462779024570000,510,0,697,473,0,276
1728462779025411000,407,10,773,441,0,341
1728462779026253000,296,77,832,373,0,394
1728462779027119000,193,161,859,305,0,463
1728462779027961000,98,233,821,241,38,501
1728462779028803000,40,329,779,160,23,533
1728462779029645000,113,457,786,117,111,539
1728462779030486000,66,576,690,49,169,514
1728462779031327000,0,663,543,42,252,468
1728462779032168000,4,736,439,0,309,427
1728462779033010000,69,782,314,0,372,365
1728462779033851000,160,805,202,0,407,301
1728462779034693000,261,797,106,13,442,224
1728462779035535000,369,757,39,69,453,144
1728462779036377000,463,699,30,126,450,81
1728462779037218000,561,610,0,194,425,86
1728462779038059000,644,510,0,266,388,23
1728462779038900000,706,401,0,329,367,47
1728462779039741000,834,314,43,386,267,0
1728462779040585000,752,299,154,457,225,0
1728462779041427000,773,107,282,488,157,30
1728462779042269000,731,37,402,522,106,92
1728462779043110000,668,0,511,531,56,146
1728462779043951000,584,0,622,508,18,225
1728462779044792000,485,0,709,466,0,305
1728462779045633000,385,29,801,420,0,360
1728462779046474000,234,101,825,352,0,440
1728462779047315000,170,184,854,282,0,477
1728462779048157000,73,282,842,224,36,520
1728462779048998000,0,439,801,126,96,535
1728462779049840000,0,490,818,73,170,549
1728462779050681000,0,634,708,26,234,539
1728462779051522000,0,688,517,0,266,475
1728462779052363000,30,756,408,0,330,410
1728462779053204000,85,798,286,0,378,335
1728462779054050000,173,802,181,0,413,277
1728462779054892000,279,784,92,29,441,207
1728462779055734000,383,759,11,76,507,130
1728462779056576000,501,666,0,146,471,75
1728462779057417000,591,577,0,215,408,16
1728462779058258000,681,477,0,285,365,0
1728462779059099000,866,359,84,369,292,0
1728462779059941000,858,258,116,401,242,0
1728462779060783000,704,164,229,517,202,37
1728462779061625000,769,85,308,497,145,42
1728462779062467000,718,13,432,517,90,92
1728462779063308000,650,0,547,522,51,167
1728462779064149000,555,0,646,501,8,238
1728462779064990000,463,0,730,467,0,308
1728462779065831000,345,42,799,397,0,373
1728462779066672000,249,114,833,330,0,449
1728462779067574000,151,217,852,264,8,480
1728462779068416000,66,316,824,202,52,509
1728462779069258000,2,324,752,114,180,508
1728462779070099000,0,441,689,85,225,521
1728462779070940000,0,565,581,15,149,482
1728462779071781000,0,708,491,0,282,463
1728462779072622000,42,770,370,0,337,398
1728462779073464000,104,807,258,0,391,334
1728462779074305000,205,806,158,5,426,258
1728462779075147000,303,779,66,46,448,189
1728462779075989000,401,717,0,89,452,119
1728462779076830000,513,661,0,149,431,68
1728462779077671000,608,564,47,226,398,8
1728462779078512000,686,465,23,300,368,0
1728462779079353000,743,381,106,357,309,0
1728462779080195000,778,207,60,414,269,58
1728462779080997000,832,158,184,462,178,0
1728462779081839000,756,53,338,503,132,64
1728462779082681000,710,9,470,520,82,114
1728462779083522000,626,0,570,514,30,178
1728462779084363000,533,0,661,490,0,267
1728462779085204000,426,0,757,449,0,324
1728462779086045000,330,45,808,389,0,392
1728462779086887000,229,130,851,322,0,448
1728462779087729000,129,213,839,242,9,501
1728462779088570000,18,338,823,199,68,527
1728462779089412000,0,437,737,53,114,549
1728462779090253000,0,576,687,32,178,561
1728462779091094000,0,661,580,13,240,493
1728462779091935000,0,724,455,0,299,452
1728462779092776000,53,777,346,0,349,386
1728462779093617000,137,805,229,0,395,320
1728462779094460000,233,810,138,9,426,233
1728462779095302000,327,774,53,50,448,162
1728462779096144000,436,713,0,114,452,85
1728462779096985000,546,729,0,179,442,34
1728462779097826000,632,578,0,244,403,0
1728462779098667000,709,378,1,309,407,0
1728462779099508000,729,237,69,378,354,0
1728462779100349000,804,171,151,437,193,0
1728462779101191000,779,116,229,480,170,0
1728462779102033000,756,42,362,509,124,69
1728462779102875000,693,0,482,516,75,133
1728462779103716000,605,0,583,503,22,202
1728462779104557000,514,0,686,476,0,279
1728462779105398000,410,5,772,433,0,341
1728462779106240000,292,82,837,368,0,402
1728462779107081000,193,173,859,306,1,474
1728462779107930000,101,250,843,234,37,507
1728462779108772000,36,338,727,157,98,595
1728462779109614000,46,485,704,105,132,455
1728462779110456000,0,679,629,52,197,471
1728462779111297000,0,682,557,10,256,482
1728462779112138000,4,738,434,0,313,434
1728462779112980000,74,789,320,0,365,373
1728462779113821000,157,805,205,0,409,295
1728462779114663000,248,804,113,10,433,230
1728462779115505000,448,763,41,70,442,149
1728462779116347000,442,688,0,169,444,89
1728462779117188000,542,610,0,215,426,39
1728462779118029000,639,512,0,250,391,1
1728462779118870000,681,402,0,277,341,0
1728462779119711000,749,345,105,363,287,10
1728462779120553000,767,193,193,439,218,0
1728462779121405000,767,108,284,498,162,20
1728462779122247000,736,26,397,514,109,82
1728462779123089000,668,0,506,516,58,151
1728462779123930000,586,0,622,505,10,229
1728462779124771000,489,0,713,465,0,302
1728462779125612000,401,31,782,421,0,349
1728462779126454000,278,98,837,354,0,418
1728462779127295000,180,173,843,288,4,480
1728462779128137000,85,257,833,218,18,513
1728462779128979000,137,367,832,162,64,530
1728462779129821000,34,496,724,79,122,532
1728462779130662000,0,576,594,109,192,522
1728462779131503000,0,682,522,2,256,466
1728462779132344000,18,755,409,0,325,416
1728462779133185000,82,789,293,0,373,352
1728462779134026000,167,802,193,0,416,274
1728462779135286000,277,796,79,23,443,210
1728462779136128000,389,743,81,73,450,138
1728462779136970000,494,677,18,143,448,148
1728462779137811000,590,597,0,210,424,66
1728462779138652000,666,495,0,282,378,13
1728462779139493000,789,377,5,351,320,0
1728462779140335000,762,394,85,426,287,0
1728462779141177000,832,261,181,453,218,0
1728462779142019000,770,85,306,491,148,41
1728462779142861000,732,21,426,518,103,98
1728462779143702000,648,0,542,520,43,162
1728462779144543000,557,0,643,508,10,239
1728462779145384000,457,0,736,457,0,309
1728462779146225000,306,13,777,407,0,378
1728462779147066000,242,114,838,334,0,453
1728462779147908000,144,202,851,261,9,495
1728462779148357000,64,320,825,192,50,525
1728462779149198000,0,414,757,114,105,519
1728462779150039000,0,503,813,64,192,548
1728462779150880000,0,645,673,18,239,501
1728462779151721000,0,698,485,0,285,457
1728462779152562000,37,770,368,0,341,406
1728462779153404000,110,797,263,0,381,334
1728462779154245000,215,806,164,4,426,257
1728462779155086000,301,788,74,42,444,186
1728462779155928000,405,779,5,93,506,107
1728462779156769000,517,628,0,164,485,58
1728462779157610000,610,551,0,226,424,14
1728462779158451000,690,461,0,297,348,0
1728462779159292000,858,327,74,367,272,0
1728462779160134000,895,224,170,432,224,0
1728462779160975000,839,138,224,544,174,8
1728462779161821000,754,64,341,506,139,50
1728462779162663000,704,8,458,517,82,117
1728462779163504000,632,0,561,516,37,186
1728462779164345000,538,0,666,488,1,258
1728462779165186000,440,0,747,448,0,325
1728462779166027000,322,57,824,392,0,392
1728462779166868000,217,139,842,308,0,441
1728462779167710000,121,226,850,250,21,498
1728462779168552000,66,338,795,184,69,480
1728462779169394000,0,564,730,121,125,501
1728462779170236000,29,629,663,65,184,508
1728462779171077000,0,601,565,20,295,485
1728462779171918000,0,723,468,0,297,450
1728462779172759000,42,775,347,0,354,385
1728462779173600000,129,797,234,0,397,320
1728462779174441000,225,804,122,4,436,244
1728462779175288000,333,781,50,45,448,178
1728462779176130000,413,711,0,141,439,98
1728462779176971000,528,639,0,162,431,42
1728462779177812000,613,541,0,247,401,9
1728462779178653000,688,471,8,293,354,0
1728462779179494000,751,358,69,366,301,0
1728462779180335000,765,192,253,414,272,4
1728462779181177000,778,135,266,477,175,28
1728462779182019000,752,45,368,512,130,64
1728462779182861000,685,0,490,523,68,136
1728462779183702000,602,0,599,521,23,203
1728462779184543000,517,0,690,484,0,277
1728462779185384000,416,18,776,437,0,327
1728462779186225000,305,70,809,363,0,404
1728462779187067000,206,155,850,302,0,471
1728462779187909000,109,254,849,231,26,501
1728462779188765000,122,338,870,185,43,522
1728462779189607000,0,449,714,188,125,561
1728462779190448000,0,563,684,94,195,549
1728462779191289000,0,666,551,7,253,490
1728462779192130000,10,739,434,0,309,441
1728462779192972000,74,786,320,0,360,362
1728462779193813000,149,810,210,0,407,290
1728462779194655000,245,796,112,18,437,220
1728462779195497000,350,765,66,58,459,248
1728462779196339000,461,699,0,117,444,125
1728462779197180000,565,617,0,192,422,15
1728462779198021000,653,533,0,260,383,0
1728462779198862000,708,527,0,354,354,0
1728462779199703000,813,370,75,389,284,0
1728462779200545000,774,114,154,455,287,0
1728462779201387000,776,104,277,482,161,29
1728462779202227000,740,34,389,515,104,77
1728462779203068000,661,0,506,517,57,144
1728462779203909000,584,0,619,509,18,213
1728462779204750000,490,0,709,477,0,290
1728462779205591000,373,6,789,415,0,350
1728462779206432000,274,98,833,357,0,426
1728462779207273000,161,192,855,274,0,480
1728462779208115000,94,282,836,215,38,516
1728462779208957000,13,420,873,151,121,534
1728462779209798000,0,476,636,84,144,626
1728462779210639000,0,587,568,36,239,577
1728462779211480000,0,682,522,1,267,473
1728462779212321000,25,745,402,0,327,421
1728462779213162000,85,794,301,0,372,360
1728462779214004000,180,809,188,0,403,277
1728462779214846000,273,802,96,26,440,206
1728462779215703000,382,726,14,77,427,135
1728462779216545000,602,673,0,141,441,75
1728462779217386000,656,586,0,208,410,26
1728462779218227000,696,497,0,269,373,0
1728462779219068000,629,376,31,416,313,18
1728462779219910000,718,273,138,448,266,0
1728462779220752000,741,183,206,392,207,0
1728462779221593000,765,82,301,498,153,38
1728462779222435000,721,23,409,516,95,94
1728462779223276000,651,0,533,516,38,165
1728462779224117000,565,0,638,504,4,233
1728462779224958000,466,0,740,463,0,301
1728462779225799000,357,43,788,398,0,370
1728462779226640000,256,114,834,342,0,429
1728462779227482000,157,194,844,277,18,485
1728462779228324000,66,282,832,193,65,526
1728462779229164000,23,357,773,160,148,535
1728462779230006000,0,485,704,66,107,530
1728462779230847000,103,597,642,39,193,506
1728462779231688000,0,704,490,0,282,468
1728462779232529000,30,762,375,0,341,395
1728462779233371000,112,800,270,0,389,335
1728462779234212000,197,805,162,0,414,261
1728462779235054000,303,786,77,34,449,186
1728462779235896000,393,730,17,85,450,119
1728462779236738000,508,658,34,162,444,66
1728462779237579000,608,581,14,221,414,19
1728462779238420000,696,470,0,290,377,49
1728462779239261000,746,361,0,352,325,55
1728462779240103000,847,288,96,424,249,0
1728462779240944000,778,210,218,465,197,0
1728462779241786000,760,70,339,507,131,53
1728462779242644000,710,10,448,517,85,119
1728462779243485000,634,0,564,512,39,185
1728462779244326000,547,0,663,489,2,258
1728462779245167000,441,0,754,452,0,320
1728462779246008000,335,37,824,394,0,377
1728462779246849000,226,137,853,325,0,442
1728462779247691000,101,229,863,260,21,498
1728462779248533000,8,327,816,112,58,517
1728462779249375000,0,485,777,93,105,552
1728462779250216000,0,581,680,43,180,506
1728462779251058000,0,646,596,17,242,491
1728462779251899000,0,713,467,0,290,448
1728462779252740000,57,770,346,0,354,382
1728462779253582000,130,802,239,0,397,320
1728462779254423000,220,807,133,8,430,250
1728462779255265000,330,814,45,50,448,153
1728462779256123000,434,774,0,109,463,90
1728462779256965000,529,619,0,185,469,45
1728462779257807000,629,522,0,245,420,2
1728462779258648000,738,399,10,312,298,0
1728462779259489000,750,303,64,374,261,0
1728462779260330000,885,203,186,432,207,0
1728462779261172000,783,133,258,480,178,14
1728462779262014000,743,49,367,509,122,66
1728462779262856000,695,0,477,525,72,122
1728462779263697000,613,0,589,514,32,197
1728462779264538000,517,0,679,481,0,270
1728462779265379000,408,21,767,425,0,345
1728462779266220000,298,81,832,367,0,413
1728462779267062000,213,154,848,304,0,452
1728462779267904000,111,249,839,234,29,506
1728462779268746000,85,363,773,151,56,465
1728462779275596000,0,548,714,101,129,474
1728462779276437000,2,644,629,73,202,487
1728462779277278000,0,672,554,5,250,498
1728462779278119000,5,730,440,0,299,434
1728462779278961000,74,789,321,0,373,370
1728462779279802000,137,805,215,0,404,301
1728462779280644000,245,794,112,18,434,225
1728462779281486000,400,756,37,64,448,159
1728462779282327000,434,700,0,148,440,97
1728462779283169000,549,626,0,192,421,34
1728462779284010000,649,521,0,256,400,0
1728462779284851000,682,438,30,298,328,9
1728462779285692000,756,338,93,385,282,0
1728462779286534000,784,171,274,431,263,7
1728462779287376000,778,110,277,485,170,29
1728462779288218000,738,34,392,509,103,85
1728462779289060000,680,0,512,522,53,138
1728462779289901000,587,0,617,505,25,212
1728462779290742000,488,0,714,480,0,290
1728462779291583000,386,16,786,431,0,349
1728462779292424000,286,82,823,361,0,417
1728462779293266000,178,159,858,290,5,471
1728462779294108000,97,285,839,218,36,520
1728462779294950000,132,373,839,168,71,530
1728462779295792000,0,482,713,170,141,576
1728462779296633000,0,594,661,95,207,552
1728462779297474000,0,679,523,0,269,476
1728462779298315000,20,752,409,0,325,418
1728462779299157000,93,792,287,0,373,356
1728462779299999000,177,817,187,0,402,282
1728462779300841000,266,796,94,29,440,199
1728462779301683000,377,747,0,79,455,210
1728462779302292000,488,685,0,137,448,109
1728462779303134000,584,593,0,204,418,18
1728462779303975000,671,528,0,274,380,0
1728462779304816000,746,506,26,376,333,0
1728462779305658000,792,340,106,397,350,0
1728462779306500000,789,146,202,462,237,0
1728462779307342000,764,79,298,494,151,38
1728462779308184000,720,21,417,510,90,98
1728462779309025000,657,0,535,518,44,155
1728462779309866000,576,0,637,497,10,229
1728462779310707000,463,0,730,466,0,306
1728462779311548000,352,30,799,402,0,377
1728462779312389000,250,112,841,338,0,440
1728462779313230000,154,202,842,269,8,478
1728462779314072000,65,297,880,194,50,526
1728462779314914000,0,407,713,130,81,629
1728462779315745000,0,522,636,68,181,580
1728462779316586000,0,609,583,31,224,476
1728462779317427000,0,693,505,0,288,469
1728462779318268000,29,761,383,0,331,407
1728462779319109000,109,798,270,0,387,341
1728462779319950000,200,815,172,0,414,266
1728462779320792000,293,787,87,37,441,185
1728462779321634000,487,727,9,93,442,125
1728462779322476000,560,654,0,157,437,66
1728462779323317000,600,568,0,264,420,18
1728462779324158000,604,459,0,345,369,28
1728462779324999000,685,343,69,381,301,0
1728462779325841000,743,258,117,375,241,8
1728462779326683000,773,162,224,463,198,0
1728462779327525000,762,75,325,505,142,58
1728462779328367000,705,5,448,519,85,117
1728462779329218000,644,0,561,511,33,177
1728462779330059000,544,0,664,488,0,253
1728462779330900000,449,0,732,441,0,316
1728462779331742000,346,53,800,394,0,362
1728462779332583000,229,126,855,329,0,452
1728462779333425000,136,226,842,249,21,506
1728462779334267000,73,279,799,192,97,516
1728462779335109000,52,410,776,129,69,535
1728462779335951000,85,535,738,84,151,530
1728462779336792000,0,634,584,23,240,496
1728462779337633000,0,713,487,0,299,450
1728462779338474000,50,770,354,0,350,392
1728462779339316000,130,801,233,0,399,320
1728462779340157000,229,808,142,0,430,250
1728462779340999000,313,777,125,50,448,169
1728462779341841000,427,717,28,102,452,104
1728462779342689000,535,637,0,173,436,90
1728462779343530000,628,544,0,249,411,37
1728462779344371000,756,480,0,305,373,26
1728462779345212000,786,331,40,370,285,0
1728462779346053000,797,324,134,469,261,0
1728462779346895000,779,135,245,480,186,10
1728462779347737000,744,53,361,505,125,69
1728462779348578000,688,0,481,527,72,125
1728462779349419000,611,0,577,510,31,196
1728462779350260000,521,0,688,480,0,281
1728462779351101000,424,0,775,438,0,340
1728462779351942000,272,66,824,379,0,409
1728462779352783000,185,158,851,311,0,453
1728462779353625000,103,249,855,234,28,503
1728462779354466000,17,377,821,141,74,554
1728462779355308000,0,490,738,90,136,536
1728462779356161000,0,553,741,23,220,535
1728462779357003000,0,662,554,13,249,483
1728462779357844000,9,738,450,0,309,430
1728462779358686000,64,776,325,0,358,369
1728462779359527000,154,804,215,0,407,304
1728462779360369000,248,804,116,11,437,233
1728462779361211000,352,811,34,57,488,162
1728462779362053000,464,682,0,122,492,78
1728462779362894000,562,613,0,192,418,31
1728462779363735000,641,508,0,265,377,0
1728462779364576000,849,412,69,343,309,0
1728462779365418000,835,294,97,383,258,0
1728462779366260000,690,206,176,501,212,23
1728462779367102000,783,121,274,490,165,30
1728462779367944000,742,34,394,514,111,83
1728462779368786000,669,0,514,527,58,144
1728462779369629000,591,0,604,517,21,213
1728462779370470000,496,0,704,470,0,287
1728462779371311000,389,26,784,421,0,356
1728462779372153000,293,76,806,352,0,427
1728462779372995000,186,171,851,282,0,464
1728462779373837000,95,287,847,234,47,514
1728462779374679000,46,421,779,153,87,504
1728462779375521000,0,410,713,98,210,530
1728462779376363000,0,553,637,42,242,511
1728462779377204000,0,681,525,2,261,471
1728462779378045000,17,763,414,0,325,424
1728462779378887000,81,788,297,0,373,354
1728462779379728000,177,805,193,0,423,277
1728462779380570000,267,797,93,21,441,210
1728462779381412000,361,752,23,64,448,149
1728462779382254000,482,697,0,133,439,72
1728462779383101000,576,603,36,207,421,26
1728462779383942000,658,493,40,281,389,0
1728462779384783000,728,421,101,340,357,0
1728462779385624000,762,247,21,399,274,72
1728462779386466000,800,174,169,456,210,23
1728462779387308000,775,90,305,495,149,34
1728462779388150000,724,23,420,517,98,100
1728462779388991000,645,0,538,525,48,165
1728462779389832000,570,0,633,505,10,228
1728462779390673000,476,0,728,468,0,308
1728462779391514000,360,36,789,405,0,368
1728462779392355000,261,106,847,349,0,437
1728462779393197000,167,205,864,272,0,476
1728462779394039000,0,290,837,249,37,554
1728462779394881000,0,416,757,84,98,540
1728462779395723000,0,562,708,42,168,546
1728462779396575000,0,619,605,25,222,506
1728462779397416000,0,691,498,0,276,466
1728462779398257000,34,762,383,0,327,402
1728462779399099000,100,801,274,0,383,322
1728462779399941000,192,804,160,0,420,260
1728462779400783000,298,790,81,41,449,186
1728462779401625000,410,792,7,87,453,122
1728462779402467000,511,723,0,151,435,48
1728462779403308000,597,565,0,228,451,8
1728462779404149000,673,399,0,309,410,0
1728462779404990000,756,313,52,352,233,0
1728462779405832000,809,234,132,422,221,0
1728462779406674000,793,159,214,465,203,14
1728462779407516000,765,71,322,501,133,43
1728462779408358000,711,16,448,519,85,109
1728462779409199000,634,0,562,517,39,170
1728462779410055000,544,0,666,498,4,245
1728462779410896000,437,0,742,449,0,314
1728462779411738000,338,48,805,400,0,394
1728462779412579000,234,130,839,322,0,451
1728462779413421000,126,224,834,250,0,491
1728462779414263000,77,335,773,192,74,558
1728462779415104000,1,418,725,117,106,469
1728462779415945000,0,650,677,78,181,495
1728462779416786000,0,644,581,18,237,504
1728462779417627000,0,710,466,0,297,450
1728462779418468000,64,776,360,0,346,392
1728462779419310000,125,802,244,0,382,314
1728462779420151000,215,809,138,9,429,238
1728462779420993000,365,769,58,71,441,178
1728462779421835000,410,719,0,130,450,106
1728462779422677000,517,648,0,149,431,64
1728462779423519000,622,549,0,233,400,4
1728462779424360000,688,490,11,290,368,0
1728462779425201000,745,338,52,362,304,0
1728462779426042000,777,253,238,423,266,0
1728462779426884000,782,130,250,480,185,13
1728462779427726000,754,57,356,500,125,74
1728462779428568000,692,0,474,517,69,122
1728462779429409000,616,0,585,514,30,188
1728462779430250000,517,0,686,488,0,269
1728462779431091000,407,0,760,448,0,338
1728462779431932000,309,64,822,379,0,401
1728462779432774000,213,139,835,304,0,459
1728462779433616000,121,244,852,241,4,501
1728462779434458000,0,342,794,249,58,559
1728462779435300000,0,457,781,154,126,537
1728462779436141000,0,556,647,0,184,498
1728462779436988000,0,655,556,8,247,487
1728462779437829000,2,725,455,0,302,437
1728462779438670000,66,784,322,0,356,378
1728462779439511000,149,818,215,0,393,305
1728462779440352000,248,798,122,18,440,224
1728462779441194000,341,759,21,58,441,225
1728462779442036000,456,706,0,125,451,74
1728462779442877000,549,679,0,178,421,29
1728462779443718000,648,563,0,257,392,0
1728462779444559000,750,462,0,320,330,0
1728462779445400000,760,192,69,360,365,0
1728462779446241000,794,151,161,451,278,0
1728462779447083000,775,109,265,487,168,23
1728462779447925000,741,36,383,516,111,78
1728462779448767000,681,0,506,522,57,139
1728462779449608000,597,0,608,514,13,210
1728462779450466000,497,0,704,476,0,283
1728462779451307000,383,21,785,400,0,332
1728462779452148000,269,69,835,362,0,425
1728462779452989000,183,174,851,298,2,474
1728462779453831000,92,271,861,210,46,522
1728462779454673000,34,416,858,149,76,533
1728462779455514000,0,482,649,89,136,610
1728462779456355000,0,585,596,34,213,569
1728462779457196000,0,673,533,5,261,474
1728462779458037000,17,741,418,0,325,423
1728462779458878000,82,783,293,0,372,356
1728462779459719000,170,810,192,0,410,287
1728462779460561000,266,797,106,21,436,222
1728462779461403000,378,734,23,70,434,133
1728462779462245000,482,686,0,141,428,85
1728462779463086000,636,583,0,202,412,29
1728462779463930000,757,485,8,277,373,0
1728462779464771000,791,368,18,340,313,0
1728462779465612000,680,277,98,453,266,22
1728462779466454000,773,178,197,431,210,0
1728462779467296000,765,94,301,496,153,34
1728462779468138000,722,16,416,517,101,90
1728462779468979000,663,0,526,522,53,157
1728462779469820000,562,0,628,506,8,228
1728462779470661000,474,0,715,465,0,305
1728462779471502000,361,21,793,399,0,373
1728462779472343000,265,106,821,329,0,431
1728462779473185000,168,203,852,276,10,481
1728462779474027000,87,362,832,225,55,498
1728462779474869000,45,452,759,123,165,517
1728462779475710000,0,449,698,92,221,538
1728462779476551000,0,613,613,32,220,513
1728462779477399000,0,695,504,0,274,458
1728462779478240000,36,765,389,0,330,405
1728462779479081000,97,810,274,0,383,338
1728462779479922000,184,809,170,0,421,261
1728462779480764000,289,789,70,26,451,197
1728462779481606000,389,738,14,81,448,132
1728462779482448000,502,669,0,149,434,65
1728462779483289000,594,581,36,224,420,18
1728462779484130000,679,489,66,274,404,0
1728462779484971000,738,378,102,352,298,42
1728462779485813000,778,229,50,407,282,58
1728462779486655000,781,153,224,459,189,7
1728462779487497000,765,73,328,508,132,43
1728462779488339000,712,13,450,520,79,109
1728462779489180000,629,0,563,516,37,177
1728462779490021000,551,0,657,499,2,252
1728462779490874000,448,0,741,442,0,306
1728462779491715000,346,50,805,394,0,389
1728462779492557000,235,117,855,326,0,444
1728462779493399000,136,229,850,264,2,498
1728462779494241000,0,322,834,119,50,514
1728462779495082000,0,459,767,101,109,549
1728462779495923000,0,591,689,42,170,522
1728462779496764000,0,636,586,13,234,501
1728462779497605000,0,711,471,0,292,450
1728462779498446000,49,775,353,0,340,383
1728462779499288000,121,807,250,0,392,312
1728462779500129000,212,802,158,5,421,248
1728462779500971000,320,771,42,42,450,165
1728462779501813000,430,790,0,98,458,101
1728462779502654000,535,645,0,162,494,56
1728462779503495000,617,541,0,234,417,4
1728462779504343000,708,394,0,320,394,0
1728462779505185000,751,298,51,361,249,0
1728462779506027000,914,210,175,434,209,0
1728462779506869000,786,144,242,473,187,20
1728462779507711000,754,57,353,504,125,64
1728462779508553000,701,5,471,521,85,121
1728462779509394000,618,0,581,514,26,185
1728462779510235000,517,0,682,490,0,265
1728462779511076000,417,0,765,427,0,341
1728462779511917000,308,64,816,380,0,405
1728462779512758000,194,157,843,305,0,463
1728462779513600000,125,247,846,245,25,505
1728462779514442000,43,350,786,173,66,474
1728462779515284000,0,555,744,144,136,513
1728462779516125000,10,612,650,42,274,506
1728462779516967000,0,657,565,11,253,493
1728462779517817000,5,732,454,0,298,441
1728462779518658000,68,781,330,0,353,372
1728462779519499000,149,810,225,0,400,299
1728462779520340000,235,808,125,14,431,226
1728462779521182000,325,761,42,125,445,169
1728462779522024000,432,704,0,117,452,98
1728462779522865000,538,622,0,171,425,45
1728462779523706000,641,541,0,245,394,8
1728462779524547000,690,450,18,298,336,0
1728462779525389000,756,282,202,381,314,0
1728462779526231000,761,218,221,433,234,0
1728462779527073000,778,111,270,485,174,23
1728462779527915000,743,42,389,509,113,85
1728462779528757000,682,0,498,522,56,142
1728462779529598000,597,0,609,506,13,217
1728462779530439000,497,0,706,482,0,276
1728462779531286000,405,22,769,418,0,330
1728462779532127000,286,78,834,370,0,410
1728462779532969000,192,149,848,301,1,469
1728462779533811000,170,250,855,220,10,514
1728462779534653000,106,367,793,149,55,530
1728462779535495000,0,485,718,170,133,584
1728462779536336000,0,590,640,75,207,518
1728462779537177000,0,672,538,4,257,480
1728462779538018000,5,742,421,0,322,421
1728462779538860000,87,799,298,0,375,361
1728462779539701000,169,806,205,0,402,290
1728462779540543000,266,794,101,29,431,212
1728462779541385000,370,772,93,68,444,148
1728462779542226000,474,692,0,130,448,129
1728462779543067000,567,599,0,202,420,53
1728462779543908000,700,500,0,274,393,23
1728462779544751000,762,394,0,330,312,0
1728462779545592000,749,401,77,418,291,0
1728462779546434000,791,192,186,448,213,0
1728462779547276000,767,93,298,492,157,26
1728462779548118000,725,18,413,517,109,89
1728462779548959000,660,0,522,522,53,161
1728462779549800000,569,0,625,510,13,229
1728462779550641000,484,0,724,465,0,302
1728462779551482000,373,29,796,410,0,382
1728462779552324000,261,106,839,348,0,432
1728462779553166000,151,201,856,276,13,477
1728462779554008000,56,346,853,183,46,511
1728462779554850000,0,386,794,133,101,537
1728462779555691000,0,535,767,65,180,533
1728462779556532000,0,618,622,25,221,518
1728462779557373000,0,697,505,0,269,455
1728462779558234000,34,768,389,0,323,404
1728462779559075000,100,801,279,0,383,346
1728462779559917000,200,805,178,0,426,269
1728462779560759000,293,847,69,36,509,186
1728462779561601000,401,714,7,79,480,128
1728462779562443000,508,658,0,151,421,64
1728462779563284000,663,576,0,224,411,13
1728462779564125000,767,473,5,290,356,0
1728462779564967000,637,346,21,426,309,26
1728462779565809000,736,258,144,441,255,0
1728462779566651000,789,162,216,466,194,10
1728462779567493000,765,77,331,501,137,45
1728462779568335000,711,5,437,522,86,105
1728462779569176000,634,0,551,517,41,186
1728462779570017000,546,0,654,495,2,239
1728462779570858000,454,0,740,449,4,320
1728462779571700000,352,53,789,383,0,389
1728462779572541000,241,125,832,325,0,413
1728462779573382000,149,221,848,264,13,491
1728462779574224000,66,375,815,173,146,516
1728462779575065000,0,356,752,146,162,528
1728462779575906000,11,488,686,68,100,517
1728462779576747000,0,634,586,14,226,501
1728462779577588000,0,713,480,0,286,453
1728462779578429000,50,774,360,0,346,391
1728462779579270000,117,807,250,0,393,309
1728462779580112000,210,804,146,9,424,249
1728462779580954000,293,781,58,38,449,183
1728462779581796000,417,725,0,85,457,114
1728462779582637000,522,650,41,170,431,53
1728462779583479000,623,554,13,245,405,4
1728462779584320000,687,489,66,301,356,0
1728462779585169000,730,320,0,365,298,66
1728462779586011000,788,232,77,410,269,41
1728462779586852000,790,137,238,472,189,13
1728462779587694000,762,57,357,502,130,66
1728462779588536000,702,5,474,522,65,118
1728462779589377000,612,0,579,520,26,188
1728462779590218000,526,0,686,490,0,258
1728462779591059000,425,0,767,442,0,322
1728462779591900000,309,50,812,380,0,413
1728462779592741000,212,145,850,314,0,463
1728462779593583000,114,249,849,260,29,508
1728462779594425000,0,343,813,112,71,517
1728462779595267000,0,474,773,81,128,568
1728462779596109000,0,613,702,42,197,528
1728462779596950000,0,651,551,16,250,490
1728462779597791000,0,738,442,0,305,448
1728462779598689000,69,778,330,0,360,377
1728462779599531000,153,807,218,0,395,303
1728462779600372000,231,805,128,18,437,226
1728462779601214000,341,802,37,58,453,148
1728462779602056000,448,799,0,116,453,87
1728462779602897000,551,653,0,192,430,31
1728462779603738000,648,508,0,242,448,4
1728462779604579000,710,360,5,335,394,0
1728462779605421000,786,276,82,374,209,0
1728462779606263000,868,194,174,448,209,0
1728462779607105000,773,113,266,481,170,23
1728462779607947000,740,39,367,509,117,74
1728462779608789000,685,0,505,517,64,144
1728462779609630000,608,0,606,506,20,211
1728462779610471000,506,0,704,482,0,278
1728462779611312000,389,25,778,421,0,346
1728462779612111000,282,84,832,373,0,417
1728462779612953000,181,167,849,299,1,473
1728462779613795000,102,266,789,221,45,569
1728462779614637000,64,392,772,154,74,476
1728462779615479000,0,605,704,113,151,474
1728462779616320000,0,627,640,46,212,509
1728462779617161000,0,670,541,9,261,484
1728462779618002000,6,745,431,0,313,425
1728462779618844000,81,786,303,0,378,360
1728462779619685000,165,811,189,0,415,292
1728462779620527000,333,800,105,18,424,218
1728462779621369000,386,753,32,122,453,138
1728462779622210000,451,689,0,153,442,86
1728462779623052000,568,600,0,197,421,29
1728462779623893000,634,500,0,239,393,18
1728462779624734000,718,434,42,312,338,11
1728462779625583000,765,304,87,378,274,0
1728462779626425000,791,186,184,450,212,0
1728462779627267000,778,104,290,492,167,29
1728462779628109000,727,20,406,521,101,90
1728462779628950000,661,0,521,522,56,157
1728462779629791000,576,0,624,497,16,229
1728462779630632000,455,0,698,475,0,283
1728462779631473000,378,33,784,412,0,354
1728462779632315000,267,82,842,350,0,427
1728462779633157000,161,168,846,282,10,468
1728462779633999000,82,254,824,205,0,520
1728462779634841000,122,369,828,158,64,530
1728462779635682000,33,488,701,148,133,545
1728462779636523000,0,604,615,26,214,509
1728462779637364000,0,704,510,0,266,473
1728462779638205000,26,757,394,0,330,398
1728462779639063000,100,794,279,0,378,341
1728462779639904000,186,805,171,0,417,276
1728462779640746000,279,789,151,25,448,197
1728462779641588000,399,744,0,88,450,184
1728462779642430000,498,683,0,146,442,89
1728462779643271000,591,577,0,218,416,6
1728462779644112000,649,594,0,316,398,0
1728462779644953000,734,458,10,386,327,0
1728462779645794000,796,306,94,405,290,0
1728462779646636000,789,164,216,458,202,8
1728462779647478000,763,85,320,501,141,47
1728462779648320000,712,21,441,523,89,111
1728462779649161000,637,0,550,517,43,165
1728462779650002000,564,0,650,495,13,245
1728462779650843000,421,0,743,463,0,320
1728462779651684000,328,40,802,404,0,389
1728462779652528000,229,128,842,321,0,442
1728462779653369000,126,224,850,258,5,489
1728462779654211000,45,343,809,177,64,506
1728462779655053000,0,450,855,116,149,549
1728462779655895000,0,546,672,64,154,624
1728462779656736000,0,626,588,26,235,500
1728462779657577000,0,714,482,0,293,458
1728462779658418000,41,772,370,0,338,389
1728462779659259000,122,794,248,0,389,328
1728462779660100000,217,815,156,2,422,258
1728462779660942000,309,751,64,45,497,174
1728462779661784000,424,706,0,98,471,110
1728462779662625000,526,644,0,167,425,64
1728462779663466000,674,549,0,231,396,10
1728462779664307000,805,437,37,309,327,0
1728462779665148000,746,330,45,440,287,5
1728462779666004000,705,224,170,468,233,0
1728462779666846000,791,136,234,480,196,11
1728462779667688000,756,64,348,503,125,65
1728462779668530000,702,2,469,521,65,117
1728462779669371000,618,0,578,513,34,184
1728462779670212000,526,0,676,485,0,255
1728462779671053000,424,6,751,450,0,334
1728462779671895000,330,58,802,389,0,376
1728462779672736000,225,146,847,312,0,453
1728462779673578000,130,281,852,242,16,488
1728462779674420000,26,267,806,192,129,510
1728462779675262000,0,413,756,98,66,533
1728462779676104000,84,538,669,64,164,525
1728462779676945000,0,648,554,9,253,488
1728462779677786000,5,736,455,0,306,442
1728462779678627000,64,778,332,0,352,373
1728462779679470000,138,809,226,0,405,301
1728462779680311000,229,802,130,10,428,233
1728462779681153000,330,762,64,57,450,164
1728462779681995000,453,714,34,112,461,106
1728462779682836000,550,628,0,176,428,88
1728462779683677000,646,510,0,256,407,58
1728462779684518000,778,450,0,321,365,18
1728462779685359000,791,308,47,378,282,0
1728462779686201000,789,237,164,446,228,0
1728462779687043000,781,116,261,482,178,26
1728462779687885000,746,43,378,511,112,69
1728462779688726000,682,0,497,520,68,130
1728462779689567000,597,0,602,509,21,202
1728462779690408000,501,0,707,485,0,273
1728462779691249000,393,18,779,429,0,348
1728462779692090000,249,84,839,373,0,418
1728462779692941000,192,165,835,289,0,472
1728462779693783000,64,261,826,178,29,533
1728462779694624000,21,434,816,125,82,522
1728462779695466000,0,480,798,82,151,542
1728462779696307000,0,581,647,58,205,517
1728462779697149000,0,670,533,6,264,473
1728462779697990000,13,743,418,0,320,426
1728462779698831000,77,791,311,0,365,365
1728462779699672000,165,804,199,0,405,288
1728462779700513000,269,862,97,18,444,196
1728462779701355000,360,785,30,74,490,144
1728462779702197000,477,663,0,131,487,81
1728462779703039000,576,601,0,188,420,33
1728462779703880000,705,484,0,264,327,0
1728462779704721000,848,395,74,354,304,0
1728462779705563000,847,277,96,392,253,0
1728462779706421000,792,194,196,455,218,0
1728462779707263000,770,97,290,501,164,32
1728462779708105000,732,33,397,508,106,90
1728462779708947000,663,0,532,517,49,155
1728462779709788000,580,0,618,498,10,229
1728462779710629000,482,7,721,469,0,293
1728462779711470000,380,30,789,417,0,354
1728462779712311000,265,98,821,357,0,420
1728462779713153000,164,186,858,285,5,484
1728462779713995000,56,410,814,221,64,471
1728462779714837000,55,458,775,146,87,511
1728462779715679000,0,424,704,90,207,526
1728462779716520000,0,610,624,37,215,504
1728462779717361000,0,686,513,0,279,469
1728462779718202000,21,754,402,0,330,412
1728462779719044000,96,790,277,2,385,346
1728462779719883000,188,805,174,0,421,272
1728462779720725000,261,791,90,54,437,207
1728462779721567000,373,753,17,75,452,130
1728462779722409000,493,674,0,145,448,68
1728462779723250000,606,584,0,215,417,25
1728462779724091000,674,453,89,282,405,7
1728462779724932000,736,402,121,335,363,1
1728462779725773000,770,266,37,399,245,79
1728462779726615000,790,168,209,463,194,0
1728462779727457000,764,79,321,497,148,42
1728462779728299000,719,9,427,517,94,106
1728462779729140000,644,0,546,521,42,172
1728462779729981000,562,0,656,501,5,245
1728462779730822000,454,0,738,450,0,313
1728462779731663000,346,37,818,403,0,378
1728462779732505000,243,121,843,330,0,448
1728462779733354000,146,199,863,264,10,497
1728462779734196000,0,296,832,261,46,563
1728462779735038000,0,412,765,69,106,520
1728462779735880000,0,533,671,31,164,538
1728462779736721000,0,629,597,26,221,496
1728462779737562000,0,711,485,0,290,452
1728462779738403000,39,773,367,0,338,402
1728462779739244000,114,793,247,0,388,322
1728462779740085000,221,804,151,5,437,250
1728462779740927000,332,781,48,37,439,172
1728462779741769000,421,791,0,97,440,94
1728462779742610000,521,716,0,160,436,45
1728462779743451000,615,598,0,233,466,0
1728462779744292000,666,354,0,313,430,0
1728462779745133000,778,282,49,383,355,0
1728462779745975000,782,224,132,418,210,0
1728462779746878000,786,148,229,480,184,7
1728462779747720000,757,65,348,504,134,50
1728462779748562000,696,0,463,521,79,126
1728462779749403000,624,0,569,515,34,192
1728462779750244000,536,0,668,493,5,258
1728462779751085000,426,18,752,426,0,334
1728462779751927000,320,64,817,375,0,381
1728462779752768000,224,142,847,322,0,450
1728462779753610000,106,245,874,226,10,576
1728462779754452000,53,340,749,177,96,586
1728462779755293000,14,458,719,106,114,484
1728462779756134000,0,609,670,50,186,529
1728462779756975000,0,641,568,10,235,485
1728462779757816000,2,722,456,0,293,440
1728462779758657000,58,788,341,0,356,375
1728462779759499000,133,805,237,0,398,311
1728462779760301000,231,797,122,10,427,234
1728462779761143000,393,764,50,50,439,165
1728462779761985000,437,709,0,157,448,93
1728462779762826000,530,631,0,192,434,40
1728462779763667000,591,554,0,210,393,0
1728462779764508000,681,434,18,292,348,2
1728462779765349000,742,352,85,365,290,0
1728462779766191000,788,218,154,435,237,0
1728462779767032000,779,116,265,478,166,17
1728462779767874000,756,46,378,511,132,66
1728462779768716000,680,0,499,523,64,138
1728462779769557000,596,0,605,509,21,206
1728462779770398000,511,0,677,482,0,265
1728462779771239000,409,10,770,436,0,348
1728462779772080000,293,82,828,365,0,416
1728462779772921000,199,158,852,290,0,462
1728462779773769000,136,215,837,233,68,498
1728462779774611000,133,340,809,162,38,532
1728462779775453000,71,469,775,107,132,532
1728462779776294000,0,578,645,45,203,519
1728462779777135000,0,670,532,5,264,485
1728462779777976000,18,746,421,0,322,437
1728462779778817000,81,789,308,0,369,366
1728462779779659000,170,813,202,0,409,286
1728462779780501000,249,799,105,21,439,221
1728462779781343000,361,750,82,66,449,153
1728462779782185000,473,693,0,133,451,164
1728462779783026000,569,608,0,194,425,74
1728462779783867000,672,514,0,261,405,74
1728462779784707000,784,425,0,326,341,36
1728462779785548000,815,286,64,389,261,0
1728462779786389000,781,197,192,453,217,0
1728462779787241000,765,93,293,493,168,32
1728462779788083000,736,29,397,512,109,90
1728462779788924000,664,0,522,512,49,161
1728462779789765000,581,0,628,506,6,210
1728462779790606000,490,0,720,462,0,273
1728462779791447000,373,42,799,420,0,356
1728462779792288000,248,87,814,363,0,437
1728462779793130000,173,184,853,284,2,485
1728462779793972000,37,290,820,162,37,545
1728462779794814000,0,448,793,133,84,501
1728462779795656000,0,486,815,73,188,533
1728462779796497000,0,604,625,34,224,509
1728462779797338000,0,685,517,2,269,463
1728462779798179000,29,748,398,0,333,410
1728462779799021000,93,796,285,0,381,353
1728462779799862000,183,805,174,0,409,276
1728462779800716000,279,837,85,26,448,197
1728462779801558000,388,719,13,79,496,130
1728462779802400000,498,650,0,154,432,69
1728462779803241000,593,581,0,220,414,21
1728462779804082000,789,461,34,285,341,0
1728462779804923000,826,373,56,337,299,0
1728462779805764000,674,261,96,466,260,17
1728462779806606000,788,165,213,461,206,0
1728462779807448000,772,74,311,503,157,45
1728462779808290000,719,17,431,517,89,103
1728462779809131000,648,0,539,510,38,170
1728462779809972000,559,0,648,500,0,239
1728462779810813000,463,0,733,456,0,308
1728462779811654000,346,39,808,402,0,381
1728462779812495000,244,113,839,338,0,441
1728462779813337000,156,202,841,269,26,469
1728462779814192000,101,392,822,205,57,517
1728462779815034000,0,312,764,119,181,530
1728462779815875000,0,498,705,78,207,509
1728462779816716000,0,633,597,21,231,506
1728462779817557000,0,711,493,0,286,453
1728462779818398000,46,758,366,0,350,394
1728462779819240000,114,802,253,0,393,330
1728462779820081000,206,807,154,2,415,252
1728462779820923000,302,782,69,23,448,177
1728462779821764000,402,726,4,90,449,119
1728462779822606000,517,655,0,161,437,65
1728462779823447000,613,570,58,226,426,18
1728462779824288000,698,501,58,289,383,0
1728462779825129000,746,335,0,362,290,82
1728462779825971000,796,247,117,420,245,8
1728462779826813000,781,150,244,469,192,9
1728462779827657000,756,57,336,505,133,57
1728462779828499000,704,10,450,514,78,114
1728462779829340000,629,0,565,509,34,186
1728462779830181000,530,0,668,483,0,258
1728462779831022000,434,0,744,437,0,312
1728462779831863000,327,64,817,383,0,389
1728462779832704000,224,134,860,321,0,448
1728462779833545000,122,213,826,320,4,514
1728462779834387000,0,325,836,224,64,553
1728462779835229000,0,444,725,65,111,549
1728462779836071000,0,555,672,64,176,520
1728462779836912000,0,651,577,23,244,489
1728462779837753000,0,728,462,0,297,448
1728462779838595000,53,776,349,0,357,378
1728462779839436000,133,800,229,0,394,309
1728462779840278000,231,801,114,4,431,277
1728462779841127000,343,772,37,43,452,149
1728462779841969000,442,779,0,114,450,84
1728462779842810000,538,661,0,177,439,39
1728462779843651000,613,423,0,239,466,0
1728462779844492000,674,341,5,322,423,0
1728462779845333000,772,266,64,402,340,0
1728462779846175000,787,215,148,432,242,0
1728462779847017000,789,133,258,474,178,20
1728462779847859000,742,45,372,512,121,64
1728462779848701000,683,0,490,521,69,132
1728462779849542000,602,0,606,512,25,209
1728462779850383000,496,0,690,488,0,277
1728462779851224000,414,33,773,426,0,360
1728462779852065000,298,81,832,362,0,417
1728462779852906000,193,165,853,302,0,460
1728462779853748000,82,290,907,217,30,491
1728462779854606000,23,349,744,161,97,602
1728462779855448000,11,490,704,90,126,458
1728462779856289000,0,581,637,42,205,525
1728462779857131000,0,670,544,1,256,485
1728462779857972000,14,740,430,0,310,426
1728462779858813000,69,789,313,0,362,359
1728462779859655000,154,808,213,0,405,296
1728462779860497000,257,779,105,21,421,216
1728462779861339000,426,748,18,64,442,151
1728462779862181000,450,697,0,168,436,85
1728462779863023000,553,608,0,213,429,26
1728462779863864000,612,510,0,203,389,0
1728462779864705000,690,405,25,299,330,17
1728462779865547000,757,354,112,373,270,0
1728462779866388000,790,194,181,448,224,0
1728462779867230000,773,103,290,485,160,35
1728462779868064000,733,39,401,516,106,84
1728462779868906000,667,0,522,520,58,157
1728462779869747000,576,0,636,503,10,224
1728462779870588000,480,0,714,477,0,292
1728462779871429000,352,29,773,425,0,359
1728462779872270000,273,98,826,350,0,409
1728462779873112000,169,170,852,277,2,477
1728462779873954000,106,240,832,202,0,500
1728462779874796000,141,357,789,146,55,517
1728462779875638000,73,485,741,97,133,532
1728462779876479000,0,600,618,39,218,512
1728462779877320000,0,686,511,0,272,469
1728462779878161000,26,754,412,0,324,420
1728462779879003000,101,802,282,0,377,346
1728462779879844000,186,811,185,0,418,266
1728462779880686000,267,786,119,29,444,201
1728462779881542000,382,741,76,82,453,140
1728462779882383000,491,676,0,139,450,146
1728462779883225000,594,591,0,210,418,49
1728462779884066000,741,517,0,280,370,0
1728462779884907000,733,370,23,350,323,0
1728462779885748000,776,350,106,429,274,0
1728462779886590000,800,169,205,465,215,4
1728462779887432000,766,85,312,497,149,47
1728462779888274000,715,15,434,511,85,101
1728462779889115000,651,0,549,520,41,165
1728462779889956000,558,0,650,496,5,238
1728462779890797000,458,0,730,462,0,309
1728462779891638000,338,37,812,407,0,391
1728462779892479000,237,104,843,340,0,448
1728462779893321000,117,205,847,237,11,489
1728462779894162000,50,352,832,168,47,514
1728462779895057000,0,395,890,116,137,560
1728462779895899000,0,535,741,72,173,535
1728462779896740000,0,622,599,23,231,500
1728462779897581000,0,704,490,0,290,456
1728462779898422000,34,765,370,0,341,399
1728462779899263000,114,800,247,0,393,337
1728462779900104000,213,818,164,0,420,264
1728462779900946000,304,832,64,38,448,169
1728462779901788000,413,708,1,98,477,117
1728462779902630000,517,642,0,162,423,57
1728462779903471000,736,535,2,234,386,5
1728462779904312000,789,452,2,291,334,0
1728462779905153000,850,346,74,374,290,0
1728462779905994000,778,250,136,424,245,0
1728462779906836000,782,153,229,469,193,5
1728462779907678000,757,68,335,506,133,64
1728462779908487000,707,5,451,522,85,121
1728462779909328000,628,0,565,513,29,189
1728462779910169000,523,4,674,482,0,255
1728462779911010000,434,4,754,442,0,322
1728462779911852000,320,64,810,386,0,389
1728462779912694000,221,130,832,313,0,418
1728462779913536000,100,346,833,272,37,453
1728462779914378000,85,402,810,177,69,509
1728462779915220000,0,354,746,129,174,517
1728462779916061000,0,551,676,71,186,519
1728462779916902000,0,639,576,14,242,490
1728462779917743000,0,721,463,0,296,444
1728462779918584000,53,775,345,0,354,385
1728462779919425000,137,808,229,0,404,314
1728462779920267000,205,799,137,45,426,240
1728462779921109000,322,773,56,43,448,164
1728462779922004000,423,709,0,101,449,98
1728462779922845000,540,637,64,173,434,47
1728462779923686000,626,562,64,240,437,19
1728462779924527000,689,470,71,298,359,0
1728462779925368000,752,320,0,361,289,68
1728462779926210000,783,224,156,437,228,0
1728462779927052000,779,129,258,485,180,18
1728462779927894000,747,45,372,513,122,71
1728462779928736000,687,0,480,520,66,135
1728462779929577000,610,0,586,507,30,209
1728462779930418000,522,0,690,480,0,274
1728462779931259000,415,4,764,433,0,322
1728462779932101000,298,64,832,373,0,412
1728462779932942000,194,154,865,313,0,471
1728462779933784000,23,242,865,291,23,545
1728462779934626000,2,373,798,114,72,545
1728462779935427000,0,529,765,72,125,557
1728462779936268000,0,578,653,52,192,517
1728462779937109000,0,670,543,10,266,480
1728462779937950000,5,740,437,0,306,421
1728462779938791000,69,782,314,0,365,363
1728462779939632000,157,808,213,0,410,297
1728462779940474000,252,812,82,5,437,258
1728462779941316000,361,807,26,66,448,137
1728462779942158000,466,753,0,125,452,74
1728462779942999000,558,596,0,193,462,34
1728462779943840000,625,432,0,282,452,0
1728462779944681000,754,352,4,353,383,0
1728462779945523000,774,261,93,389,232,0
1728462779946364000,788,197,177,442,217,0
1728462779947206000,780,105,281,490,158,23
1728462779948048000,736,29,399,513,113,83
1728462779948902000,661,0,520,526,55,146
1728462779949743000,588,0,618,515,20,224
1728462779950584000,469,0,716,469,0,293
1728462779951425000,378,33,791,413,1,368
1728462779952266000,279,101,832,341,0,433
1728462779953108000,169,188,858,279,0,469
1728462779953950000,75,253,750,207,58,577
1728462779954791000,74,409,733,149,112,444
1728462779955633000,0,517,689,74,151,485
1728462779956474000,0,597,624,33,215,509
1728462779957315000,0,685,516,0,266,478
1728462779958156000,23,757,405,0,320,418
1728462779958998000,87,799,288,0,378,343
1728462779959839000,185,815,181,0,422,274
1728462779960680000,275,767,84,28,421,201
1728462779961522000,448,741,14,78,443,137
1728462779962373000,481,677,0,158,441,79
1728462779963215000,572,589,0,233,407,23
1728462779964056000,629,502,0,229,372,2
1728462779964897000,708,394,37,320,322,23
1728462779965739000,757,290,120,402,267,0
1728462779966580000,786,162,199,469,209,0
1728462779967422000,770,85,306,491,146,45
1728462779968264000,725,18,434,516,82,93
1728462779969105000,648,0,548,522,47,166
1728462779969946000,559,0,648,500,10,244
1728462779970787000,471,0,734,462,0,297
1728462779971628000,356,29,783,405,0,354
1728462779972469000,250,109,840,346,0,436
1728462779973311000,157,250,840,252,74,474
1728462779974153000,79,250,835,212,85,504
1728462779974995000,0,377,764,124,45,525
1728462779975839000,0,514,706,74,165,530
1728462779976680000,0,617,593,29,237,501
1728462779977521000,0,704,490,0,289,461
1728462779978362000,39,766,368,0,344,402
1728462779979203000,117,801,265,0,389,335
1728462779980044000,199,809,157,0,415,257
1728462779980886000,293,794,74,36,448,192
1728462779981728000,416,736,48,100,454,116
1728462779982570000,514,665,0,157,442,106
1728462779983411000,622,576,0,221,426,66
1728462779984252000,727,469,0,295,348,0
1728462779985093000,754,331,14,360,303,0
1728462779985934000,779,250,133,421,250,0
1728462779986776000,780,155,232,474,194,16
1728462779987618000,762,68,334,501,145,58
1728462779988460000,700,5,458,512,74,117
1728462779989312000,629,0,564,523,30,178
1728462779990153000,545,0,678,492,0,258
1728462779990994000,441,0,764,448,0,321
1728462779991835000,303,72,826,394,0,394
1728462779992677000,217,133,852,324,0,456
1728462779993519000,103,237,839,207,26,523
1728462779994361000,18,383,821,148,53,514
1728462779995203000,0,449,865,112,151,553
1728462779996044000,0,555,681,64,181,521
1728462779996885000,0,647,568,18,244,480
1728462779997726000,0,726,469,0,298,450
1728462779998567000,53,767,345,0,354,376
1728462779999408000,138,805,229,0,405,320
1728462780000250000,226,885,121,9,427,228
1728462780001092000,331,757,52,46,492,161
1728462780001934000,433,696,2,110,471,101
1728462780002788000,534,631,0,174,424,49
1728462780003629000,750,517,18,261,366,2
1728462780004470000,814,421,41,324,330,0
1728462780005311000,832,314,53,417,288,11
1728462780006153000,787,229,156,436,234,0
1728462780006995000,781,129,253,488,181,10
1728462780007837000,754,45,370,510,125,71
1728462780008679000,687,0,480,522,66,133
1728462780009520000,610,0,581,516,31,197
1728462780010361000,507,0,686,480,10,276
1728462780011202000,421,11,769,429,0,341
1728462780012043000,308,64,801,377,0,405
1728462780012884000,199,161,846,301,0,456
1728462780013726000,82,320,834,250,41,463
1728462780014568000,64,442,789,205,95,512
1728462780015409000,0,381,725,90,213,517
1728462780016253000,0,570,653,45,194,525
1728462780017094000,0,661,549,10,247,480
1728462780017935000,10,740,437,0,306,430
1728462780018777000,66,788,320,0,369,361
1728462780019618000,154,802,222,0,408,296
1728462780020459000,305,792,110,11,424,226
1728462780021301000,335,759,34,89,450,154
1728462780022143000,458,693,0,105,451,82
1728462780022984000,562,621,0,192,428,34
1728462780023825000,626,562,0,251,393,0
1728462780024666000,709,425,58,312,350,0
1728462780025508000,754,320,158,389,312,0
1728462780026349000,791,192,171,453,224,0
1728462780027190000,781,105,274,489,172,26
1728462780028032000,747,38,394,513,113,82
1728462780028873000,663,0,516,521,55,141
1728462780029725000,590,0,619,504,22,224
1728462780030566000,493,0,715,476,0,285
1728462780031407000,383,0,780,427,0,348
1728462780032248000,280,81,832,361,0,433
1728462780033090000,177,161,855,279,0,474
1728462780033932000,167,274,857,217,5,517
1728462780034774000,0,388,813,218,85,586
1728462780035616000,0,494,723,117,154,540
1728462780036457000,0,591,633,41,213,512
1728462780037298000,0,682,517,1,274,473
1728462780038139000,26,756,410,0,320,418
1728462780038981000,94,794,278,0,373,346
1728462780039823000,178,811,186,0,416,270
1728462780040665000,269,786,69,32,440,266
1728462780041507000,383,741,13,79,450,125
1728462780042349000,491,746,0,137,444,73
1728462780043207000,597,663,0,215,418,10
1728462780044048000,697,543,0,267,458,0
1728462780044889000,721,293,28,352,400,0
1728462780045731000,773,265,106,404,279,0
1728462780046572000,777,173,201,457,209,0
1728462780047414000,766,87,306,493,158,40
1728462780048256000,722,21,418,509,92,98
1728462780049097000,658,0,536,520,42,168
1728462780049938000,565,0,641,484,15,233
1728462780050779000,450,5,730,450,0,306
1728462780051620000,358,37,806,405,0,378
1728462780052461000,249,106,844,341,0,436
1728462780053303000,138,193,942,250,46,501
1728462780054145000,58,297,713,189,25,604
1728462780054987000,64,434,730,136,126,568
1728462780055829000,0,517,698,74,169,533
1728462780056670000,0,616,609,29,224,506
1728462780057511000,0,693,491,2,284,459
1728462780058352000,37,765,373,0,341,405
1728462780059194000,107,800,272,0,378,335
1728462780060035000,205,791,160,0,417,257
1728462780060877000,391,782,72,39,434,183
1728462780061719000,448,725,4,98,453,117
1728462780062561000,498,660,0,173,448,64
1728462780063402000,554,570,1,258,405,2
1728462780064243000,625,469,0,242,357,0
1728462780065084000,719,362,54,338,320,10
1728462780065925000,785,258,125,421,256,0
1728462780066766000,786,153,232,470,192,10
1728462780067608000,765,57,328,505,136,50
1728462780068450000,705,8,463,521,76,114
1728462780069291000,634,0,568,506,29,181
1728462780070147000,555,0,676,495,0,224
1728462780070988000,453,0,744,450,0,312
1728462780071829000,326,64,814,398,0,388
1728462780072671000,226,130,852,325,0,448
1728462780073512000,113,146,836,272,65,485
1728462780074354000,58,292,810,166,0,529
1728462780075196000,117,423,807,133,89,535
1728462780076037000,0,555,683,64,184,526
1728462780076878000,0,649,578,15,238,485
1728462780077719000,0,715,469,0,298,442
1728462780078561000,58,770,341,0,357,388
1728462780079402000,128,802,233,0,398,320
1728462780080243000,224,808,139,5,430,245
1728462780081085000,325,773,121,45,436,162
1728462780081926000,429,719,29,104,448,117
1728462780082767000,533,637,0,178,437,79
1728462780083613000,666,558,0,241,425,54
1728462780084454000,773,448,0,314,348,0
1728462780085295000,721,423,34,381,298,0
1728462780086137000,789,226,154,426,235,0
1728462780086979000,782,128,258,480,169,14
1728462780087820000,747,49,365,512,125,68
1728462780088662000,691,2,480,522,69,138
1728462780089503000,612,0,591,514,29,201
1728462780090344000,528,0,683,481,0,266
1728462780091185000,354,9,761,434,0,345
1728462780092027000,295,78,832,376,0,414
1728462780092869000,209,162,858,320,0,458
1728462780093710000,66,261,847,203,26,538
1728462780094552000,17,410,817,153,79,524
1728462780095394000,0,474,834,101,177,551
1728462780096235000,0,576,655,47,192,528
1728462780097083000,0,663,552,17,250,480
1728462780097924000,11,737,448,0,302,426
1728462780098765000,64,788,331,0,365,362
1728462780099606000,148,804,215,0,404,300
1728462780100448000,255,875,106,20,439,213
1728462780101290000,359,764,26,53,500,156
1728462780102132000,458,690,0,124,466,82
1728462780102973000,569,610,0,201,416,28
1728462780103814000,635,498,0,260,350,0
1728462780104655000,832,402,69,340,320,0
1728462780105497000,832,302,82,389,274,0
1728462780106338000,791,206,169,442,229,0
1728462780107180000,784,106,279,482,169,27
1728462780108022000,744,45,389,514,104,74
1728462780108863000,671,0,512,519,58,151
1728462780109704000,586,0,619,513,18,220
1728462780110559000,498,0,697,474,0,290
1728462780111400000,393,26,786,429,0,363
1728462780112241000,269,77,799,352,0,423
1728462780113082000,194,175,818,274,10,516
1728462780113924000,89,261,809,217,28,450
1728462780114765000,33,458,783,175,87,504
1728462780115607000,0,513,732,92,181,530
1728462780116448000,0,591,626,37,210,519
1728462780117289000,0,688,522,2,269,484
1728462780118130000,23,746,404,0,328,419
1728462780118971000,90,796,293,0,370,357
1728462780119812000,199,810,194,0,400,272
1728462780120654000,274,791,95,69,437,209
1728462780121496000,362,746,26,109,450,141
1728462780122338000,477,682,0,128,448,81
1728462780123179000,562,644,0,185,414,16
1728462780124024000,655,533,0,251,376,0
1728462780124865000,743,375,148,352,335,0
1728462780125707000,776,282,106,414,276,0
1728462780126548000,779,173,199,453,208,0
1728462780127390000,767,82,306,500,153,36
1728462780128232000,724,25,421,513,96,106
1728462780129073000,657,0,533,519,42,158
1728462780129914000,581,0,630,506,10,221
1728462780130755000,467,0,727,461,0,306
1728462780131596000,357,39,802,414,0,368
1728462780132437000,245,90,837,346,0,432
1728462780133279000,239,166,860,278,0,474
1728462780134121000,151,298,832,192,38,528
1728462780134963000,0,401,781,201,93,576
1728462780135805000,0,517,700,77,178,522
1728462780136646000,0,622,609,33,224,500
1728462780137495000,0,689,501,1,276,458
1728462780138336000,41,761,386,0,340,404
1728462780139178000,109,805,261,0,389,344
1728462780140019000,194,810,228,0,413,270
1728462780140861000,306,785,55,34,440,252
1728462780141703000,394,741,0,89,450,141
1728462780142544000,501,659,0,162,439,46
1728462780143386000,604,660,0,258,429,0
1728462780144227000,720,544,0,285,362,0
1728462780145068000,717,246,45,343,381,0
1728462780145909000,789,249,122,420,252,0
1728462780146751000,788,162,218,465,205,4
1728462780147593000,754,66,329,503,138,52
1728462780148434000,711,0,448,520,85,109
1728462780149275000,633,0,557,511,41,181
1728462780150116000,522,0,665,492,0,250
1728462780150966000,426,0,744,424,0,311
1728462780151807000,340,52,816,392,0,392
1728462780152648000,229,138,853,327,0,448
1728462780153490000,117,218,942,246,52,505
1728462780154332000,50,338,783,173,46,621
1728462780155174000,0,409,705,110,129,610
1728462780156015000,0,544,680,57,177,532
1728462780156856000,0,649,581,17,233,505
1728462780157697000,0,715,469,0,292,441
1728462780158538000,53,767,350,0,360,386
1728462780159379000,127,799,235,0,394,324
1728462780160221000,218,782,133,0,457,244
1728462780161063000,325,762,58,42,425,173
1728462780161905000,485,722,0,106,437,106
1728462780162747000,564,637,0,196,430,42
1728462780163588000,535,541,0,293,399,43
1728462780164559000,629,429,18,346,346,0
1728462780165400000,720,330,53,338,289,0
1728462780166241000,789,226,146,429,247,0
1728462780167083000,783,132,261,473,177,21
1728462780167925000,753,58,357,510,123,64
1728462780168767000,689,0,477,521,70,119
1728462780169608000,615,0,591,511,36,194
1728462780170449000,530,0,690,490,0,270
1728462780171290000,423,6,757,437,0,330
1728462780172132000,303,70,817,357,0,402
1728462780172974000,207,192,842,306,0,452
1728462780173816000,122,298,832,215,113,488
1728462780174658000,9,269,799,175,126,509
1728462780175500000,0,436,729,109,96,536
1728462780176341000,0,562,649,55,197,519
1728462780177182000,0,663,554,4,257,491
1728462780177976000,17,736,451,0,303,437
1728462780178817000,68,784,320,0,366,372
1728462780179658000,151,815,213,0,395,299
1728462780180500000,218,797,116,37,429,215
1728462780181342000,338,759,41,53,457,162
1728462780182184000,450,696,0,123,448,97
1728462780183025000,545,616,69,176,426,46
1728462780183866000,642,549,50,253,398,0
1728462780184707000,707,434,74,325,324,0
1728462780185548000,767,311,65,393,292,26
1728462780186389000,785,203,173,441,225,0
1728462780187230000,779,109,286,489,178,30
1728462780188072000,737,34,385,517,112,81
1728462780188913000,674,0,507,513,53,151
1728462780189754000,588,0,621,506,9,210
1728462780190595000,498,0,706,481,0,279
1728462780191383000,405,34,778,424,0,357
1728462780192224000,277,82,826,360,0,402
1728462780193065000,282,154,890,306,0,462
1728462780193907000,129,270,802,290,26,535
1728462780194749000,0,368,826,194,69,546
1728462780195591000,0,491,732,90,138,533
1728462780196432000,0,596,629,39,201,513
1728462780197273000,0,679,532,2,264,466
1728462780198114000,16,744,411,0,324,420
1728462780198955000,89,789,287,0,375,357
1728462780199796000,170,811,234,0,412,288
1728462780200638000,265,792,84,18,440,266
1728462780201480000,383,762,4,73,448,132
1728462780202322000,484,691,0,137,448,58
1728462780203163000,566,706,0,234,438,0
1728462780204004000,700,576,0,293,394,0
1728462780204850000,737,343,26,327,426,0
1728462780205691000,776,279,103,407,279,0
1728462780206532000,795,188,197,451,213,4
1728462780207374000,772,93,297,489,145,30
1728462780208216000,722,33,418,519,98,93
1728462780209057000,654,0,538,521,53,161
1728462780209898000,555,0,639,506,21,240
1728462780210739000,474,0,725,472,0,289
1728462780211580000,357,18,786,410,0,385
1728462780212421000,247,110,844,333,0,448
1728462780213263000,146,226,858,261,5,464
1728462780214105000,64,320,925,201,82,541
1728462780214947000,0,402,717,137,90,645
1728462780215789000,0,510,706,85,178,533
1728462780216630000,0,618,602,26,225,509
1728462780217471000,0,700,509,0,274,470
1728462780218326000,36,756,391,0,330,405
1728462780219167000,109,802,266,0,388,338
1728462780220008000,193,784,167,0,481,263
1728462780220850000,301,764,69,37,440,186
1728462780221692000,401,722,0,82,437,122
1728462780222533000,554,663,0,150,427,69
1728462780223374000,671,557,0,282,394,34
1728462780224215000,602,472,0,354,362,18
1728462780225056000,676,354,79,405,306,0
1728462780225897000,775,258,122,413,258,0
1728462780226739000,791,148,214,468,205,7
1728462780227581000,760,74,327,498,136,53
1728462780228423000,718,10,448,530,86,105
1728462780229264000,640,0,554,516,40,173
1728462780230105000,530,0,649,487,5,244
1728462780230946000,442,0,747,451,0,325
1728462780231793000,352,47,802,395,0,389
1728462780232635000,237,132,832,334,0,437
1728462780233477000,167,321,832,274,23,466
1728462780234319000,42,244,821,199,129,511
1728462780235161000,13,389,750,125,151,514
1728462780236002000,0,540,685,69,178,529
1728462780236843000,0,637,581,18,235,503
1728462780237684000,0,704,469,0,292,448
1728462780238525000,57,772,346,0,361,389
1728462780239366000,128,804,245,0,389,322
1728462780240207000,197,797,146,45,413,241
1728462780241049000,308,775,65,36,448,169
1728462780241891000,426,719,0,98,451,111
1728462780242732000,523,657,43,164,439,64
1728462780243573000,626,557,42,231,394,106
1728462780244414000,693,426,0,297,363,73
1728462780245264000,759,334,16,373,322,37
1728462780246105000,788,230,141,421,245,0
1728462780246947000,779,132,256,474,184,16
1728462780247789000,749,50,352,517,126,66
1728462780248631000,695,0,466,517,73,125
1728462780249472000,623,0,581,506,29,200
1728462780250313000,530,0,678,494,0,266
1728462780251154000,425,0,756,442,0,320
1728462780251995000,308,64,834,378,0,401
1728462780252837000,242,117,859,354,0,459
1728462780253679000,42,235,861,282,21,517
1728462780254521000,0,341,788,109,66,527
1728462780255363000,0,471,750,100,117,538
1728462780256204000,0,569,657,53,188,517
1728462780257045000,0,663,553,18,253,482
1728462780257886000,1,736,448,0,305,437
1728462780258729000,64,783,320,0,366,372
1728462780259570000,148,807,213,0,402,306
1728462780260412000,242,801,94,10,437,254
1728462780261254000,362,847,33,57,458,138
1728462780262096000,457,719,0,125,451,84
1728462780262937000,561,618,0,174,500,17
1728462780263778000,633,450,0,284,458,0
1728462780264619000,743,349,0,341,386,0
1728462780265460000,765,313,78,388,285,0
1728462780266301000,793,202,170,438,228,0
1728462780267143000,777,117,276,487,161,25
1728462780267985000,736,34,389,521,111,77
1728462780268827000,671,0,506,521,64,139
1728462780269667000,576,0,617,507,23,213
1728462780270508000,489,0,704,476,0,286
1728462780271349000,392,33,778,413,0,369
1728462780274250000,274,90,832,354,0,421
1728462780275092000,151,162,940,285,34,485
1728462780275934000,93,277,742,217,29,602
1728462780276776000,37,389,745,151,125,578
1728462780277618000,0,489,719,92,149,538
1728462780278459000,0,594,629,39,213,522
1728462780279300000,0,674,529,0,260,478
1728462780280141000,26,744,420,0,320,420
1728462780280982000,79,794,297,0,373,349
1728462780281824000,169,791,196,0,396,282
1728462780282666000,372,775,101,29,429,212
1728462780283508000,412,746,18,67,443,143
1728462780284350000,470,693,0,154,441,85
1728462780285191000,533,591,0,194,417,4
1728462780286032000,624,490,0,228,372,0
1728462780286873000,696,434,52,320,325,14
1728462780287715000,773,274,100,407,274,0
1728462780288556000,789,182,191,453,216,0
1728462780289398000,773,97,301,493,151,31
1728462780290240000,723,26,423,520,98,92
1728462780291081000,660,0,533,521,58,161
1728462780291922000,549,0,633,500,8,226
1728462780292763000,484,0,721,481,0,290
1728462780293604000,370,15,767,410,0,362
1728462780294445000,260,101,846,343,0,442
1728462780295287000,194,157,847,285,13,480
1728462780296129000,67,269,832,202,1,505
1728462780296970000,97,383,818,145,81,533
1728462780297812000,0,505,704,85,158,529
1728462780298653000,0,618,606,21,228,509
1728462780299494000,0,706,501,0,282,466
1728462780300335000,33,761,385,0,330,407
1728462780301191000,107,802,269,0,381,340
1728462780302032000,181,810,170,0,418,261
1728462780302874000,286,781,127,34,441,192
1728462780303716000,397,731,0,92,453,186
1728462780304557000,506,668,0,144,437,86
1728462780305398000,650,589,0,213,400,0
1728462780306239000,698,511,0,290,362,0
1728462780307080000,719,466,5,380,334,0
1728462780307921000,781,258,122,415,261,0
1728462780308762000,778,155,218,466,197,5
1728462780309604000,759,75,324,498,146,50
1728462780310446000,722,9,448,511,77,109
1728462780311287000,645,0,549,517,37,173
1728462780312128000,523,0,649,492,0,257
1728462780312969000,429,0,746,455,0,312
1728462780313810000,327,52,818,402,0,397
1728462780314676000,224,121,844,314,0,450
1728462780315518000,122,281,878,244,21,490
1728462780316360000,43,309,929,170,69,540
1728462780317202000,2,476,842,117,122,534
1728462780318043000,0,548,690,71,171,537
1728462780318884000,0,628,591,23,234,491
1728462780319725000,0,709,484,0,298,450
1728462780320566000,47,761,357,0,348,394
1728462780321408000,123,799,237,0,394,325
1728462780322249000,220,861,149,0,417,238
1728462780323091000,320,758,64,50,480,169
1728462780323933000,426,704,2,104,442,101
1728462780324775000,615,637,0,175,431,64
1728462780325616000,729,538,36,250,378,5
1728462780326457000,760,424,0,305,333,0
1728462780327299000,671,325,65,412,297,0
1728462780328144000,787,234,149,431,237,0
1728462780328986000,782,144,244,481,188,10
1728462780329828000,754,50,350,505,130,64
1728462780330670000,704,1,465,521,82,122
1728462780331511000,618,0,576,514,32,194
1728462780332352000,512,0,673,480,5,270
1728462780333193000,418,8,764,440,0,338
1728462780334034000,325,65,808,383,0,402
1728462780334876000,218,154,821,309,0,490
1728462780335718000,87,330,832,264,40,455
1728462780336560000,87,418,792,184,84,519
1728462780337402000,0,440,752,106,138,543
1728462780338243000,0,563,661,58,181,521
1728462780339085000,0,657,567,11,251,485
1728462780339926000,0,733,452,0,303,433
1728462780340768000,56,783,333,0,360,379
1728462780341607000,142,796,217,9,402,304
1728462780342449000,215,801,123,38,427,234
1728462780343291000,337,767,45,58,442,160
1728462780344133000,450,711,0,114,453,85
1728462780344975000,546,608,98,181,462,64
1728462780345816000,644,554,56,242,431,10
1728462780346657000,734,450,64,320,338,53
1728462780347498000,775,314,85,385,303,0
1728462780348339000,786,207,166,434,220,0
1728462780349181000,778,117,270,494,173,21
1728462780350023000,736,37,389,511,113,82
1728462780350865000,677,0,495,525,58,141
1728462780351706000,602,0,583,510,23,193
1728462780352547000,505,0,698,476,0,285
1728462780353388000,397,5,782,423,0,350
1728462780354229000,291,81,832,366,0,415
1728462780355074000,234,157,836,340,0,474
1728462780355916000,17,264,889,265,26,517
1728462780356758000,0,362,785,101,82,521
1728462780357599000,0,498,732,90,138,549
1728462780358440000,0,590,638,37,212,520
1728462780359281000,0,677,529,4,256,472
1728462780360122000,18,746,418,0,311,421
1728462780360964000,75,789,298,0,373,359
1728462780361806000,159,800,186,0,412,341
1728462780362648000,277,799,81,18,441,256
1728462780363490000,375,750,22,69,450,129
1728462780364332000,487,717,0,133,448,73
1728462780365173000,577,623,0,185,493,0
1728462780366014000,642,405,0,296,448,0
1728462780366855000,746,331,26,351,369,0
1728462780367696000,774,279,109,406,277,0
1728462780368552000,786,183,186,450,213,0
1728462780369394000,772,92,296,487,154,37
1728462780370236000,738,26,417,516,110,85
1728462780371077000,658,0,527,524,50,157
1728462780371918000,549,0,635,489,9,233
1728462780372759000,468,0,728,451,0,301
1728462780373600000,369,29,787,409,0,357
1728462780374441000,258,110,833,347,0,437
1728462780375282000,158,209,927,253,23,490
1728462780376124000,82,295,721,197,32,602
1728462780376966000,65,421,751,133,106,554
1728462780377808000,0,504,711,82,159,538
1728462780378649000,0,602,616,33,221,509
1728462780379490000,0,690,497,0,277,471
1728462780380331000,32,762,394,0,327,419
1728462780381172000,104,797,274,0,377,338
1728462780382018000,202,791,169,0,458,261
1728462780382860000,378,775,86,37,428,194
1728462780383702000,431,733,10,89,450,130
1728462780384544000,489,668,0,162,448,72
1728462780385385000,549,582,25,256,405,21
1728462780386226000,604,483,8,320,366,0
1728462780387067000,710,373,29,313,314,0
1728462780387908000,784,261,122,422,273,0
1728462780388749000,783,154,218,472,202,5
1728462780389591000,767,72,320,502,146,50
1728462780390433000,711,11,452,514,89,109
1728462780391274000,642,0,553,512,36,175
1728462780392115000,554,0,634,485,0,253
1728462780392956000,468,0,726,451,0,311
1728462780393797000,357,47,805,401,0,352
1728462780394638000,234,185,851,331,0,420
1728462780395487000,165,285,846,258,9,476
1728462780396329000,39,229,817,188,121,512
1728462780397171000,2,417,770,122,64,551
1728462780398012000,0,538,689,66,167,526
1728462780398853000,0,637,587,23,245,496
1728462780399694000,0,719,480,0,293,450
1728462780400535000,37,767,352,0,346,389
1728462780401376000,125,798,242,0,398,325
1728462780402217000,199,808,149,0,426,253
1728462780403059000,306,784,64,29,441,186
1728462780403901000,424,725,42,102,456,101
1728462780404743000,522,652,37,162,450,64
1728462780405584000,626,562,0,234,383,101
1728462780406425000,712,438,0,306,389,50
1728462780407267000,760,344,50,367,309,0
1728462780408108000,783,237,142,420,242,0
1728462780408962000,785,143,241,474,181,18
1728462780409804000,753,58,349,506,132,64
1728462780410646000,693,0,471,524,72,123
1728462780411487000,618,0,578,520,23,197
1728462780412328000,530,0,677,485,0,266
1728462780413169000,426,2,775,440,0,337
1728462780414010000,320,64,815,373,0,395
1728462780414852000,121,154,832,373,0,496
1728462780415694000,52,221,839,170,20,474
1728462780416536000,4,362,810,151,73,562
1728462780417378000,0,454,741,114,130,541
1728462780418219000,0,557,664,47,181,524
1728462780419060000,0,654,560,17,245,486
1728462780419901000,8,736,449,0,296,439
1728462780420743000,56,781,341,0,356,363
1728462780421584000,154,802,207,0,407,338
1728462780422432000,235,796,114,13,431,218
1728462780423274000,341,808,45,39,442,159
1728462780424115000,453,693,0,117,490,85
1728462780424956000,550,576,0,209,485,32
1728462780425797000,656,498,0,249,320,0
1728462780426638000,692,389,18,313,306,0
1728462780427480000,773,306,65,386,292,0
1728462780428321000,781,210,158,437,233,0
1728462780429163000,785,117,265,476,171,21
1728462780430005000,750,50,386,514,117,76
1728462780430847000,677,0,497,519,64,141
1728462780431688000,579,0,608,498,18,205
1728462780432529000,514,0,696,482,4,288
1728462780433370000,394,17,775,426,0,352
1728462780434211000,276,89,837,363,0,421
1728462780435053000,183,145,777,274,0,543
1728462780435900000,138,266,821,221,16,437
1728462780436742000,13,458,781,189,93,505
1728462780437583000,0,480,736,101,148,544
1728462780438424000,0,588,641,42,213,522
1728462780439266000,0,674,538,0,255,484
1728462780440107000,18,747,426,0,320,431
1728462780440948000,82,794,309,0,363,357
1728462780441789000,242,803,225,0,400,274
1728462780442631000,279,791,104,64,433,218
1728462780443473000,351,749,29,93,452,146
1728462780444315000,477,691,0,117,452,81
1728462780445156000,559,663,13,192,421,25
1728462780445997000,651,535,0,254,378,0
1728462780446838000,725,397,10,325,330,0
1728462780447679000,773,296,90,400,278,0
1728462780448520000,784,192,192,455,217,0
1728462780449371000,773,87,290,494,162,29
1728462780450213000,728,28,414,512,109,96
1728462780451054000,661,0,532,528,45,156
1728462780451895000,583,0,625,512,10,217
1728462780452736000,478,0,712,469,0,290
1728462780453577000,373,40,807,418,0,366
1728462780454419000,266,92,842,348,0,434
1728462780455261000,175,125,845,293,50,471
1728462780456103000,95,266,837,212,25,523
1728462780456945000,96,391,796,146,82,527
1728462780457787000,0,517,711,79,161,528
1728462780458628000,0,612,619,32,215,500
1728462780459469000,0,687,505,1,277,469
1728462780460310000,32,765,389,0,335,418
1728462780461152000,101,799,270,0,386,341
1728462780461993000,181,800,252,0,410,267
1728462780462841000,285,793,141,36,434,202
1728462780463683000,389,744,10,82,449,159
1728462780464525000,512,668,0,151,450,34
1728462780465366000,594,581,0,228,420,0
1728462780466207000,661,588,0,308,383,0
1728462780467048000,770,426,42,352,325,0
1728462780467889000,779,269,118,414,256,0
1728462780468730000,784,165,218,469,199,0
1728462780469572000,760,72,325,500,146,45
1728462780470414000,715,18,430,516,93,110
1728462780471255000,640,0,545,511,42,180
1728462780472096000,530,0,658,494,4,246
1728462780472937000,455,0,746,458,0,306
1728462780473779000,346,45,810,404,0,378
1728462780474620000,220,128,853,320,0,448
1728462780475462000,130,201,836,249,16,486
1728462780476326000,66,350,892,184,73,528
1728462780477168000,4,423,759,122,113,572
1728462780478010000,0,538,692,69,170,527
1728462780478851000,0,635,597,23,233,502
1728462780479692000,0,714,484,0,292,460
1728462780480533000,34,765,367,0,343,397
1728462780481375000,117,806,257,0,395,325
1728462780482216000,213,780,141,0,468,250
1728462780483058000,320,764,64,44,426,174
1728462780483900000,426,725,2,101,453,107
1728462780484741000,618,625,16,174,410,37
1728462780485582000,682,549,0,264,386,10
1728462780486423000,612,444,0,374,352,23
1728462780487264000,757,345,64,373,321,0
1728462780488105000,785,240,138,418,242,0
1728462780488947000,789,138,241,480,181,8
1728462780489787000,762,64,351,508,138,52
1728462780490628000,691,0,468,523,73,124
1728462780491469000,601,0,584,526,37,186
1728462780492310000,541,0,663,490,0,262
1728462780493151000,412,0,736,429,0,333
1728462780493992000,320,66,818,377,0,395
1728462780494834000,205,173,812,312,0,400
1728462780495676000,141,325,833,251,26,466
1728462780496518000,13,247,810,170,133,517
1728462780497360000,0,450,750,114,129,541
1728462780498201000,0,565,668,50,192,526
1728462780499042000,0,654,566,11,245,495
1728462780499883000,5,733,450,0,301,449
1728462780500725000,64,785,334,0,352,374
1728462780501566000,122,803,226,42,401,309
1728462780502407000,209,794,126,36,429,229
1728462780503256000,326,762,44,42,448,168
1728462780504098000,448,710,0,109,452,106
1728462780504940000,542,608,86,162,448,58
1728462780505781000,645,568,64,252,414,0
1728462780506622000,706,434,64,322,336,69
1728462780507463000,757,320,73,383,290,0
1728462780508304000,789,215,160,448,236,0
1728462780509146000,778,125,264,481,178,26
1728462780509988000,741,40,369,501,114,75
1728462780510830000,687,2,496,522,56,138
1728462780511671000,596,0,591,514,26,202
1728462780512512000,506,0,700,480,0,261
1728462780513353000,398,13,773,433,0,335
1728462780514194000,281,68,832,375,0,401
1728462780515036000,313,133,893,325,0,453
1728462780515878000,37,245,821,297,21,539
1728462780516729000,0,361,820,201,58,511
1728462780517571000,0,480,739,102,142,534
1728462780518412000,0,579,651,52,210,522
1728462780519253000,0,664,537,13,260,482
1728462780520094000,13,736,418,0,320,425
1728462780520935000,79,791,305,0,370,363
1728462780521776000,160,808,218,0,402,381
1728462780522618000,261,799,92,17,432,264
1728462780523460000,361,752,23,66,450,134
1728462780524302000,482,721,0,130,452,66
1728462780525143000,576,658,0,178,501,10
1728462780525984000,637,420,0,256,453,0
1728462780526825000,722,350,21,348,383,0
1728462780527666000,776,293,85,398,274,0
1728462780528507000,781,201,186,448,217,0
1728462780529349000,764,96,293,495,165,32
1728462780530199000,732,29,395,509,101,85
1728462780531040000,663,0,521,522,46,155
1728462780531881000,568,0,616,498,2,229
1728462780532722000,488,0,728,472,0,297
1728462780533563000,369,42,796,410,0,368
1728462780534405000,250,82,879,346,0,431
1728462780535247000,162,212,921,282,10,469
1728462780536089000,79,274,769,197,68,589
1728462780536931000,13,394,766,142,88,480
1728462780537773000,0,510,722,85,158,529
1728462780538614000,0,612,623,33,218,508
1728462780539455000,0,689,522,4,271,476
1728462780540296000,30,751,394,0,330,405
1728462780541137000,104,798,277,0,389,348
1728462780541979000,182,790,176,0,389,269
1728462780542821000,343,783,82,26,426,192
1728462780543671000,368,746,26,116,449,136
1728462780544513000,452,659,0,178,434,71
1728462780545354000,554,557,0,174,415,41
1728462780546195000,662,501,0,250,374,16
1728462780547036000,744,382,41,346,320,0
1728462780547877000,781,264,112,407,260,0
1728462780548718000,789,169,215,458,194,0
1728462780549560000,761,79,320,501,150,42
1728462780550402000,718,10,430,522,93,107
1728462780551243000,650,0,550,511,43,174
1728462780552084000,541,0,650,501,10,229
1728462780552925000,457,0,727,452,0,285
1728462780553766000,354,45,800,409,0,376
1728462780554607000,225,45,825,343,39,426
1728462780555449000,169,168,847,258,0,485
1728462780556291000,138,290,832,197,17,533
1728462780557150000,21,416,760,125,110,538
1728462780557992000,0,532,693,66,178,534
1728462780558833000,0,629,594,23,224,497
1728462780559674000,0,709,484,0,288,452
1728462780560515000,42,776,373,0,346,390
1728462780561357000,98,800,255,0,388,325
1728462780562198000,199,805,149,0,421,258
1728462780563040000,313,780,107,37,448,187
1728462780563882000,415,732,0,97,448,146
1728462780564723000,562,686,0,165,458,97
1728462780565564000,656,576,0,234,400,0
1728462780566405000,661,489,0,303,370,0
1728462780567246000,754,338,53,376,310,0
1728462780568087000,784,247,133,422,253,0
1728462780568928000,786,146,242,468,185,17
1728462780569770000,755,64,348,506,122,56
1728462780570614000,697,2,465,526,75,119
1728462780571455000,624,0,587,517,31,192
1728462780572296000,542,0,686,497,0,261
1728462780573137000,413,1,737,445,0,348
1728462780573978000,306,65,822,381,0,410
1728462780574819000,168,133,858,305,0,438
1728462780575661000,109,256,856,217,10,532
1728462780576503000,29,357,823,171,66,530
1728462780577345000,0,450,754,116,126,540
1728462780578186000,0,562,660,53,192,519
1728462780579028000,0,655,576,6,241,498
1728462780579869000,0,721,463,0,293,437
1728462780580711000,71,781,331,0,360,381
1728462780581553000,129,879,224,0,398,289
1728462780582395000,233,850,129,10,431,226
1728462780583237000,338,751,44,46,493,161
1728462780584088000,454,704,0,106,440,106
1728462780584930000,671,619,50,197,391,36
1728462780585771000,717,528,0,248,386,0
1728462780586612000,608,418,22,389,332,29
1728462780587454000,761,309,72,395,293,0
1728462780588295000,788,215,157,433,238,0
1728462780589137000,782,122,265,477,170,26
1728462780589979000,749,57,373,517,109,73
1728462780590821000,682,0,491,522,65,128
1728462780591662000,589,0,608,505,25,205
1728462780592503000,497,0,685,485,0,274
1728462780593344000,408,11,741,424,0,352
1728462780594185000,297,79,826,363,0,416
1728462780595027000,175,285,832,312,2,421
1728462780595869000,130,330,832,218,37,481
1728462780596711000,12,276,791,171,137,517
1728462780597555000,0,474,732,103,141,535
1728462780598396000,0,583,641,48,207,521
1728462780599238000,0,673,554,0,260,485
1728462780600079000,13,741,434,0,310,431
1728462780600921000,82,790,303,0,367,362
1728462780601762000,136,806,206,7,407,284
1728462780602604000,234,786,110,8,437,218
1728462780603446000,357,753,25,58,453,149
1728462780604288000,462,704,22,117,449,90
1728462780605129000,559,639,43,192,413,13
1728462780605970000,654,490,0,253,393,73
1728462780606811000,726,415,0,322,354,37
1728462780607652000,769,290,94,399,279,0
1728462780608494000,797,183,178,456,231,0
1728462780609336000,773,106,292,482,154,34
1728462780610178000,736,36,406,516,96,85
1728462780611020000,667,0,528,522,64,146
1728462780611861000,581,0,626,503,2,224
1728462780612702000,482,0,727,476,0,298
1728462780613543000,384,9,799,421,0,362
1728462780614385000,306,90,836,389,0,437
1728462780615227000,96,178,889,330,0,510
1728462780616069000,42,274,824,158,29,532
1728462780616911000,4,402,802,133,94,533
1728462780617752000,0,501,719,90,153,538
1728462780618593000,0,595,623,36,217,506
1728462780619434000,0,685,513,2,277,469
1728462780620275000,22,747,394,0,329,413
1728462780621116000,97,793,282,0,378,346
1728462780621958000,183,809,169,0,405,292
1728462780622800000,279,791,85,32,442,181
1728462780623642000,395,791,10,84,455,132
1728462780624507000,503,581,0,136,517,64
1728462780625348000,613,526,0,229,463,13
1728462780626189000,701,437,0,277,303,0
1728462780627030000,742,366,40,350,320,0
1728462780627871000,767,267,117,404,265,0
1728462780628713000,783,171,205,458,206,5
1728462780629555000,767,84,313,499,151,53
1728462780630397000,724,16,428,519,97,103
1728462780631238000,629,1,545,506,41,174
1728462780632079000,551,0,650,488,0,242
1728462780632920000,452,0,740,452,0,308
1728462780633761000,335,56,811,405,0,378
1728462780634603000,229,144,906,327,2,434
1728462780635444000,139,186,762,260,13,576
1728462780636286000,116,329,767,186,71,491
1728462780637128000,0,432,775,133,100,534
1728462780637969000,0,529,697,82,168,529
1728462780638810000,0,629,599,25,228,501
1728462780639651000,0,705,503,0,285,458
1728462780640492000,40,756,366,0,338,404
1728462780641334000,146,785,250,0,381,329
1728462780642175000,282,800,159,0,409,257
1728462780643017000,281,775,71,76,431,180
1728462780643859000,394,733,4,101,452,121
1728462780644701000,489,661,0,132,440,86
1728462780645542000,590,609,0,210,410,5
1728462780646383000,689,473,0,279,375,0
1728462780647225000,755,352,53,361,309,0
1728462780648066000,795,245,132,426,253,0
1728462780648907000,782,153,235,473,192,5
1728462780649749000,751,64,351,504,135,64
1728462780650591000,704,4,466,520,73,122
1728462780651438000,638,0,548,511,37,185
1728462780652279000,538,0,668,488,0,253
1728462780653120000,442,0,760,450,0,324
1728462780653961000,322,49,818,390,0,405
1728462780654802000,205,97,851,312,0,450
1728462780655644000,245,212,914,266,0,489
1728462780656486000,0,320,789,250,53,564
1728462780657328000,0,456,757,107,119,549
1728462780658169000,0,555,680,64,180,521
1728462780659010000,0,647,565,14,251,485
1728462780659851000,0,727,459,0,297,437
1728462780660692000,50,773,343,0,354,377
1728462780661534000,130,799,290,0,402,309
1728462780662375000,235,809,162,5,434,306
1728462780663217000,337,773,34,53,441,194
1728462780664059000,448,711,0,111,453,85
1728462780664915000,554,719,0,210,434,13
1728462780665756000,674,585,0,251,389,0
1728462780666597000,698,309,0,305,421,0
1728462780667439000,762,320,78,377,296,0
1728462780668280000,789,218,158,432,233,0
1728462780669122000,783,141,258,481,174,20
1728462780669964000,744,42,380,510,126,71
1728462780670806000,685,0,487,524,65,133
1728462780671647000,594,0,596,521,21,207
1728462780672488000,469,0,698,452,0,277
1728462780673329000,393,10,781,426,0,351
1728462780674170000,293,89,832,369,0,414
1728462780675012000,185,141,933,288,9,471
1728462780675854000,106,286,895,221,33,510
1728462780676696000,37,367,741,162,101,591
1728462780677538000,0,476,738,93,139,538
1728462780678386000,0,581,653,47,197,527
1728462780679228000,0,666,541,5,252,477
1728462780680069000,9,751,436,0,312,434
1728462780680911000,69,784,313,0,365,362
1728462780681753000,154,783,195,0,429,289
1728462780682595000,256,782,105,20,425,222
1728462780683437000,410,756,34,64,440,154
1728462780684278000,427,693,0,159,438,89
1728462780685120000,501,624,21,245,416,40
1728462780685961000,597,509,4,209,391,0
1728462780686802000,706,405,21,305,345,0
1728462780687643000,770,296,89,394,284,0
1728462780688485000,789,194,187,453,217,0
1728462780689327000,779,101,282,490,158,27
1728462780690169000,727,30,402,512,105,74
1728462780691010000,660,0,518,523,55,154
1728462780691854000,578,0,619,506,16,218
1728462780692695000,509,0,700,468,0,282
1728462780693536000,377,26,784,418,0,340
1728462780694377000,272,162,817,373,0,405
1728462780695219000,203,242,835,266,0,460
1728462780696060000,82,210,834,232,90,505
1728462780696902000,10,386,789,148,86,546
1728462780697743000,0,497,714,85,154,534
1728462780698584000,0,597,618,36,221,510
1728462780699425000,0,690,509,0,276,473
1728462780700266000,23,754,405,0,322,416
1728462780701108000,89,794,285,0,372,344
1728462780701950000,162,811,173,0,414,273
1728462780702792000,269,798,93,25,440,205
1728462780703634000,388,746,45,77,458,130
1728462780704476000,490,668,0,133,426,167
1728462780705326000,626,599,0,214,436,68
1728462780706167000,732,505,0,276,357,0
1728462780707008000,736,375,45,350,330,0
1728462780707850000,781,269,109,410,266,0
1728462780708691000,784,158,202,463,207,0
1728462780709533000,774,84,314,490,149,47
1728462780710375000,719,11,431,516,85,98
1728462780711216000,650,0,559,532,32,157
1728462780712057000,560,1,653,500,8,234
1728462780712898000,458,0,743,463,0,320
1728462780713739000,349,37,796,410,0,389
1728462780714581000,180,129,865,368,0,438
1728462780715422000,114,209,845,215,5,511
1728462780716264000,50,360,833,186,42,485
1728462780717106000,2,414,777,133,111,538
1728462780717948000,0,511,693,71,162,519
1728462780718799000,0,618,598,32,230,500
1728462780719640000,0,712,488,0,290,469
1728462780720481000,41,762,378,0,337,400
1728462780721322000,110,882,245,0,374,308
1728462780722164000,205,861,157,5,425,245
1728462780723006000,299,761,72,37,474,188
1728462780723848000,418,725,0,93,443,114
1728462780724690000,637,661,43,168,402,64
1728462780725531000,700,554,14,228,381,1
1728462780726372000,758,453,0,361,373,0
1728462780727213000,745,353,49,363,312,0
1728462780728054000,781,245,138,428,252,0
1728462780728895000,786,141,231,478,193,2
1728462780729737000,759,65,333,500,133,56
1728462780730579000,708,2,458,522,71,112
1728462780731420000,624,0,569,512,34,174
1728462780732276000,533,0,648,485,0,250
1728462780733117000,418,0,743,453,0,330
1728462780733958000,330,43,789,389,0,394
1728462780734799000,229,119,823,314,0,394
1728462780735641000,138,335,843,277,33,480
1728462780736483000,37,202,805,162,137,514
1728462780737325000,0,455,760,116,129,536
1728462780738166000,0,554,682,64,181,530
1728462780739007000,0,641,576,26,242,489
1728462780739848000,0,726,462,0,302,448
1728462780740689000,53,779,350,0,357,386
1728462780741531000,114,800,233,37,383,320
1728462780742372000,214,799,133,37,421,234
1728462780743214000,322,776,53,47,453,165
1728462780744056000,433,714,0,109,449,98
1728462780744897000,538,621,18,171,455,58
1728462780745742000,625,521,79,238,437,20
1728462780746583000,704,453,64,309,348,0
1728462780747425000,766,325,68,383,293,0
1728462780748266000,785,221,159,432,237,0
1728462780749108000,781,121,261,482,178,21
1728462780749950000,746,38,363,517,125,72
1728462780750791000,689,0,492,516,64,136
1728462780751632000,597,0,596,509,23,202
1728462780752473000,516,0,686,482,0,281
1728462780753314000,415,33,778,433,0,346
1728462780754156000,338,66,837,378,0,405
1728462780754998000,270,146,839,293,0,456
1728462780755840000,10,265,849,292,18,549
1728462780756681000,16,369,806,109,79,535
1728462780757523000,0,477,746,106,136,534
1728462780758364000,0,581,650,46,194,522
1728462780759219000,0,660,548,10,257,473
1728462780760060000,10,736,431,0,320,432
1728462780760902000,71,780,312,0,368,368
1728462780761744000,154,800,232,0,407,359
1728462780762585000,254,800,93,11,434,274
1728462780763427000,373,764,34,68,448,142
1728462780764269000,463,791,0,154,458,65
1728462780765111000,582,651,0,183,520,21
1728462780765952000,641,421,0,266,458,0
1728462780766793000,724,406,16,334,353,0
1728462780767634000,769,296,89,389,279,0
1728462780768475000,789,197,184,448,215,0
1728462780769317000,767,107,289,487,164,23
1728462780770159000,740,22,392,515,109,79
1728462780771000000,667,0,517,514,58,157
1728462780771841000,581,0,618,500,17,221
1728462780772692000,491,0,716,469,0,286
1728462780773533000,389,21,790,418,0,359
1728462780774375000,266,121,919,352,2,424
1728462780775217000,161,184,779,272,0,570
1728462780776059000,105,289,794,209,57,562
1728462780776901000,18,388,789,148,98,538
1728462780777742000,0,498,718,79,146,538
1728462780778583000,0,602,629,34,208,520
1728462780779424000,0,687,520,0,261,470
1728462780780265000,21,755,411,0,324,413
1728462780781106000,89,783,287,0,420,341
1728462780781947000,170,786,183,0,398,271
1728462780782789000,349,791,84,26,437,206
1728462780783631000,410,750,21,75,442,138
1728462780784473000,415,666,0,192,423,82
1728462780785314000,553,590,0,159,431,0
1728462780786252000,642,491,0,247,376,5
1728462780787093000,733,378,34,352,324,0
1728462780787934000,779,260,101,413,270,0
1728462780788776000,793,173,196,454,214,1
1728462780789618000,767,85,309,501,141,34
1728462780790460000,718,18,431,517,94,89
1728462780791301000,650,0,546,503,33,144
1728462780792142000,568,0,650,506,10,242
1728462780792983000,418,0,729,466,0,308
1728462780793824000,353,39,794,402,0,378
1728462780794666000,244,0,832,320,56,426
1728462780795507000,164,151,842,288,58,489
1728462780796349000,53,299,832,186,13,508
1728462780797191000,8,415,773,139,110,540
1728462780798033000,0,530,688,70,169,533
1728462780798874000,0,624,596,21,232,501
1728462780799631000,0,704,493,0,285,461
1728462780800472000,41,766,373,0,328,406
1728462780801313000,103,801,260,0,377,327
1728462780802155000,192,807,161,0,418,250
1728462780802997000,304,777,116,40,448,192
1728462780803839000,413,741,0,89,457,181
1728462780804681000,559,676,0,146,448,112
1728462780805522000,653,576,0,221,395,0
1728462780806363000,650,537,0,309,370,0
1728462780807204000,741,357,50,373,311,0
1728462780808045000,779,249,136,418,256,0
1728462780808887000,784,149,226,470,194,10
1728462780809729000,756,74,330,501,141,64
1728462780810571000,708,5,449,521,79,110
1728462780811412000,634,0,577,514,18,165
1728462780812253000,541,0,663,500,2,256
1728462780813101000,420,0,751,448,0,327
1728462780813943000,314,42,824,397,0,386
1728462780814785000,197,125,832,285,0,474
1728462780815627000,114,276,848,226,13,495
1728462780816469000,47,308,933,178,71,533
1728462780817310000,0,448,762,122,117,531
1728462780818152000,0,544,683,69,180,528
1728462780818993000,0,641,583,18,241,494
1728462780819834000,0,711,474,0,294,448
1728462780820675000,58,779,354,0,352,394
1728462780821516000,133,885,229,0,388,298
1728462780822357000,229,848,133,2,426,233
1728462780823198000,329,758,50,64,489,164
1728462780824040000,440,708,0,117,425,92
1728462780824881000,662,612,8,186,402,45
1728462780825722000,742,555,29,253,382,10
1728462780826568000,765,448,10,312,346,0
1728462780827410000,757,320,64,372,296,0
1728462780828251000,802,228,151,434,241,0
1728462780829093000,778,133,258,480,177,21
1728462780829935000,750,43,363,511,122,66
1728462780830777000,689,0,479,517,69,138
1728462780831618000,589,0,597,505,26,205
1728462780832459000,517,0,690,480,0,282
1728462780833300000,406,11,757,434,0,341
1728462780834141000,320,79,802,357,0,383
1728462780834983000,168,270,832,320,0,413
1728462780835825000,136,345,832,250,34,480
1728462780836667000,30,338,810,160,93,530
1728462780837509000,0,476,740,109,129,537
1728462780838350000,0,576,647,50,202,517
1728462780839191000,0,663,549,8,258,480
1728462780840046000,0,732,439,0,306,431
1728462780840888000,100,777,320,0,366,370
1728462780841729000,126,802,206,18,398,296
1728462780842570000,239,796,122,5,427,224
1728462780843412000,350,768,37,58,448,158
1728462780844254000,442,711,0,110,448,64
1728462780845095000,550,596,97,189,469,64
1728462780845936000,644,533,46,258,404,0
1728462780846777000,724,407,16,338,343,0
1728462780847619000,765,298,83,389,286,0
1728462780848460000,790,205,173,441,224,0
1728462780849302000,778,116,284,486,159,34
1728462780850144000,732,29,389,514,110,82
1728462780850986000,661,0,504,523,58,132
1728462780851827000,592,0,607,509,20,224
1728462780852668000,490,0,697,466,0,266
1728462780853512000,392,23,792,424,0,361
1728462780854353000,390,72,874,378,0,414
1728462780855195000,258,186,857,282,0,477
1728462780856037000,14,265,865,265,32,529
1728462780856879000,16,381,791,154,89,535
1728462780857721000,0,496,714,93,145,538
1728462780858562000,0,598,628,29,210,521
1728462780859403000,0,685,527,0,261,469
1728462780860244000,23,754,402,0,320,416
1728462780861085000,79,798,326,0,378,343
1728462780861926000,174,807,168,0,418,331
1728462780862768000,274,794,77,25,449,189
1728462780863610000,385,796,5,69,450,137
1728462780864452000,498,625,0,125,517,64
1728462780865293000,546,514,0,214,491,9
1728462780866134000,687,450,0,296,418,0
1728462780866985000,729,378,36,353,327,0
1728462780867826000,782,266,104,413,277,0
1728462780868667000,788,178,194,456,214,2
1728462780869509000,770,87,312,494,145,38
1728462780870351000,718,19,434,520,90,90
1728462780871192000,641,0,529,514,34,162
1728462780872033000,553,5,653,493,5,250
1728462780872874000,461,0,732,463,0,314
1728462780873715000,362,42,797,402,0,377
1728462780874557000,210,130,938,329,10,453
1728462780875398000,141,213,862,257,0,581
1728462780876240000,65,320,789,192,90,576
1728462780877082000,2,414,782,136,106,544
1728462780877923000,0,517,700,81,168,529
1728462780878764000,0,613,597,23,232,506
1728462780879605000,0,704,488,0,279,467
1728462780880461000,34,756,378,0,332,402
1728462780881302000,114,781,258,0,407,330
1728462780882144000,198,794,170,0,402,253
1728462780882986000,370,772,71,41,430,184
1728462780883827000,448,718,0,97,450,122
1728462780884668000,433,657,0,207,430,101
1728462780885509000,565,576,9,258,394,10
1728462780886350000,656,463,0,253,353,0
1728462780887191000,751,356,56,362,306,0
1728462780888032000,778,252,138,422,257,0
1728462780888874000,779,154,223,469,193,13
1728462780889716000,757,69,331,497,136,49
1728462780890558000,721,4,453,514,70,110
1728462780891399000,645,0,568,516,33,149
1728462780892240000,552,0,669,485,0,251
1728462780893081000,418,0,725,448,0,306
1728462780893925000,328,90,795,393,0,382
1728462780894766000,210,34,833,315,58,431
1728462780895608000,154,181,832,247,0,491
1728462780896450000,55,306,820,175,26,523
1728462780897292000,0,448,762,121,119,530
1728462780898133000,0,552,682,64,181,521
1728462780898974000,0,642,591,18,242,497
1728462780899815000,0,717,466,0,298,450
1728462780900656000,52,772,341,0,354,381
1728462780901498000,125,804,235,0,397,320
1728462780902339000,213,805,140,0,418,240
1728462780903181000,321,791,117,55,450,164
1728462780904023000,420,724,0,104,454,170
1728462780904864000,577,653,0,168,448,97
1728462780905705000,666,548,0,234,388,0
1728462780906546000,705,462,0,311,357,0
1728462780907404000,765,329,65,377,298,0
1728462780908245000,785,224,149,430,237,0
1728462780909086000,778,133,250,477,178,22
1728462780909928000,748,47,368,510,127,69
1728462780910770000,693,0,487,520,66,130
1728462780911611000,617,0,593,509,14,210
1728462780912452000,491,0,692,484,0,270
1728462780913293000,410,0,784,442,0,343
1728462780914134000,249,64,825,336,0,389
1728462780914975000,155,157,865,267,0,485
1728462780915817000,75,255,840,208,21,495
1728462780916659000,41,370,836,162,74,541
1728462780917501000,0,469,744,104,126,532
1728462780918342000,0,576,660,53,201,513
1728462780919184000,0,660,559,14,256,489
1728462780920025000,0,732,448,0,307,438
1728462780920861000,64,847,306,0,363,353
1728462780921703000,154,853,197,0,407,289
1728462780922545000,249,773,117,6,463,229
1728462780923387000,353,746,37,64,437,148
1728462780924229000,576,690,43,139,421,93
1728462780925070000,632,594,0,192,404,36
1728462780925911000,704,500,0,345,378,8
1728462780926752000,724,421,18,328,350,0
1728462780927594000,768,304,85,386,281,0
1728462780928435000,791,210,174,448,218,0
1728462780929277000,776,114,275,488,171,23
1728462780930119000,736,37,386,517,111,82
1728462780930961000,651,0,503,523,57,146
1728462780931802000,586,0,568,497,13,222
1728462780932643000,497,0,724,466,0,290
1728462780933484000,402,23,770,420,0,358
1728462780934340000,274,75,805,362,0,352
1728462780935182000,207,253,837,320,8,436
1728462780936024000,70,170,811,226,105,485
1728462780936866000,21,381,788,154,92,540
1728462780937708000,0,494,728,85,146,542
1728462780938549000,0,592,626,42,202,511
1728462780939390000,0,689,523,0,261,480
1728462780940231000,14,749,415,0,320,410
1728462780941073000,64,783,294,29,378,347
1728462780941915000,158,804,185,0,410,282
1728462780942757000,261,792,101,10,432,210
1728462780943599000,372,750,26,74,450,138
1728462780944440000,471,706,57,133,482,82
1728462780945281000,570,622,32,196,412,58
1728462780946122000,661,474,0,266,381,64
1728462780946963000,746,386,26,347,340,0
1728462780947816000,776,281,110,405,274,0
1728462780948658000,793,178,200,452,210,1
1728462780949500000,773,94,314,496,146,42
1728462780950342000,718,25,423,517,93,101
1728462780951183000,661,0,529,525,39,154
1728462780952024000,570,0,623,501,2,234
1728462780952865000,468,0,730,459,0,302
1728462780953706000,368,32,808,411,0,381
1728462780954547000,277,98,821,413,0,474
1728462780955388000,82,202,880,312,0,501
1728462780956230000,11,298,824,157,47,541
1728462780957072000,4,404,773,137,104,537
1728462780957913000,0,522,700,73,179,533
1728462780958754000,0,618,590,25,229,505
1728462780959595000,0,704,489,0,274,466
1728462780960436000,37,764,385,0,330,394
1728462780961286000,103,801,241,0,389,369
1728462780962128000,200,815,148,0,421,248
1728462780962970000,300,826,65,42,448,181
1728462780963812000,409,756,0,85,453,106
1728462780964654000,507,586,0,181,485,55
1728462780965495000,622,519,0,217,338,2
1728462780966336000,679,430,0,293,326,0
1728462780967177000,743,357,49,360,314,0
1728462780968019000,775,242,124,418,256,0
1728462780968861000,791,149,218,463,204,4
1728462780969703000,759,69,330,506,141,50
1728462780970545000,705,10,448,521,82,105
1728462780971386000,622,0,578,512,37,182
1728462780972227000,529,0,666,485,10,255
1728462780973068000,442,0,745,455,0,325
1728462780973910000,334,56,847,391,0,389
1728462780974757000,232,110,750,309,0,534
1728462780975598000,209,258,809,250,20,513
1728462780976440000,64,367,818,185,69,514
1728462780977282000,0,434,764,121,115,541
1728462780978124000,0,540,681,65,178,530
1728462780978965000,0,648,576,17,245,498
1728462780979806000,0,720,469,0,293,453
1728462780980648000,50,773,354,0,338,388
1728462780981489000,183,797,237,0,389,311
1728462780982331000,261,793,139,55,420,244
1728462780983173000,314,770,64,70,450,178
1728462780984015000,404,726,0,72,456,139
1728462780984857000,527,686,0,160,434,40
1728462780985698000,621,535,90,226,421,18
1728462780986539000,700,442,4,309,357,0
1728462780987380000,757,327,64,380,299,0
1728462780988235000,785,221,153,431,240,0
1728462780989077000,782,130,245,477,186,18
1728462780989919000,755,49,362,508,117,66
1728462780990761000,696,0,487,521,77,117
1728462780991602000,605,0,593,517,26,192
1728462780992443000,520,0,683,490,0,269
1728462780993284000,420,2,760,439,0,345
1728462780994126000,289,21,839,367,0,402
1728462780994968000,309,145,907,320,0,469
1728462780995810000,0,242,836,303,5,546
1728462780996652000,41,362,808,177,89,529
1728462780997494000,0,466,744,109,137,542
1728462780998335000,0,565,653,64,193,520
1728462780999176000,0,653,550,14,260,485
1728462781000017000,5,737,433,0,312,437
1728462781000858000,64,789,400,0,362,380
1728462781001702000,151,805,245,0,399,290
1728462781002544000,247,802,98,10,440,245
1728462781003386000,343,761,34,64,448,139
1728462781004228000,453,770,0,138,458,42
1728462781005069000,602,700,0,203,440,20
1728462781005910000,683,570,0,244,449,0
1728462781006751000,723,420,13,329,341,0
1728462781007592000,772,306,74,388,278,0
1728462781008433000,788,206,173,448,231,0
1728462781009275000,773,107,276,489,171,26
1728462781010117000,736,29,382,511,116,81
1728462781010958000,638,0,526,517,47,154
1728462781011799000,586,0,613,505,14,218
1728462781012640000,477,0,705,466,0,293
1728462781013481000,377,18,779,405,0,353
1728462781014322000,257,114,823,345,0,402
1728462781015169000,159,153,939,282,34,476
1728462781016011000,85,264,722,207,25,607
1728462781016853000,27,378,794,159,85,530
1728462781017695000,0,500,728,93,148,540
1728462781018536000,0,590,637,37,200,505
1728462781019377000,0,671,535,5,272,474
1728462781020218000,18,745,416,0,321,425
1728462781021060000,80,757,286,0,414,348
1728462781021901000,174,794,196,0,393,282
1728462781022743000,335,802,98,21,440,210
1728462781023585000,354,761,30,104,448,149
1728462781024427000,434,687,0,175,448,56
1728462781025268000,540,597,0,154,415,41
1728462781026109000,634,524,0,244,380,9
1728462781026950000,738,389,27,335,330,0
1728462781027791000,781,285,105,402,274,0
1728462781028651000,783,185,194,457,209,4
1728462781029493000,777,84,298,498,159,32
1728462781030335000,733,20,410,513,111,101
1728462781031176000,657,0,523,516,41,146
1728462781032017000,577,0,637,514,4,220
1728462781032858000,480,0,738,466,0,308
1728462781033699000,362,0,814,413,8,369
1728462781034541000,266,46,840,357,23,432
1728462781035383000,151,162,845,267,0,485
1728462781036225000,154,278,857,196,23,533
1728462781037067000,10,398,781,146,100,533
1728462781037909000,0,525,706,79,170,530
1728462781038750000,0,615,619,28,224,506
1728462781039591000,0,692,501,0,282,460
1728462781040432000,33,762,378,0,335,405
1728462781041274000,100,797,265,0,389,338
1728462781042117000,192,804,224,0,418,260
1728462781042959000,298,792,97,41,440,218
1728462781043801000,404,740,0,84,450,156
1728462781044643000,564,674,0,159,432,0
1728462781045484000,594,687,0,250,429,0
1728462781046325000,704,525,0,288,370,0
1728462781047166000,757,360,50,357,324,0
1728462781048007000,782,257,124,410,250,0
1728462781048849000,786,159,224,469,192,0
1728462781049691000,754,66,335,501,146,53
1728462781050533000,712,4,442,521,88,116
1728462781051374000,636,1,551,514,42,188
1728462781052215000,532,0,668,496,0,254
1728462781053056000,441,0,752,448,0,325
1728462781053897000,285,50,814,416,0,376
1728462781054739000,199,130,837,293,0,448
1728462781055593000,122,261,853,245,15,474
1728462781056435000,52,323,820,192,66,529
1728462781057277000,0,442,762,119,117,545
1728462781058118000,0,546,683,66,178,526
1728462781058959000,0,636,581,18,220,489
1728462781059800000,0,714,473,0,297,450
1728462781060642000,45,780,349,0,349,370
1728462781061483000,127,864,244,0,396,310
1728462781062325000,218,793,138,8,481,244
1728462781063167000,322,764,56,40,456,175
1728462781064009000,476,701,5,101,405,100
1728462781064851000,634,630,41,188,421,45
1728462781065692000,551,533,0,321,398,29
1728462781066533000,704,448,5,312,357,0
1728462781067374000,761,325,56,380,306,0
1728462781068216000,786,231,130,426,245,0
1728462781069059000,787,133,250,480,175,10
1728462781069901000,751,56,358,512,124,56
1728462781070743000,690,0,483,527,71,117
1728462781071584000,613,0,565,509,26,192
1728462781072425000,520,0,651,492,1,272
1728462781073266000,426,9,762,436,0,341
1728462781074108000,338,80,804,370,0,366
1728462781074950000,210,249,841,341,0,433
1728462781075792000,121,145,842,221,98,484
1728462781076634000,40,352,810,180,74,536
1728462781077476000,0,463,740,97,139,538
1728462781078317000,0,576,666,46,192,527
1728462781079158000,0,663,554,12,249,489
1728462781079999000,10,732,448,0,306,426
1728462781080840000,47,788,327,13,372,369
1728462781081681000,119,800,210,0,397,298
1728462781082531000,246,794,114,18,437,228
1728462781083373000,349,764,68,50,448,162
1728462781084215000,453,733,50,113,439,79
1728462781085056000,549,601,0,188,426,117
1728462781085897000,649,514,0,264,418,64
1728462781086738000,712,414,21,329,343,0
1728462781087580000,770,303,79,395,292,0
1728462781088421000,785,201,165,434,229,0
1728462781089263000,776,117,283,485,158,21
1728462781090105000,736,42,389,514,117,79
1728462781090946000,674,0,510,513,42,137
1728462781091787000,601,0,612,509,18,214
1728462781092628000,500,0,711,482,0,290
1728462781093469000,395,21,778,428,0,335
1728462781094311000,197,77,852,402,0,452
1728462781095153000,137,174,834,218,0,455
1728462781096025000,71,309,842,192,36,536
1728462781096866000,26,374,795,158,89,534
1728462781097708000,0,482,718,97,156,535
1728462781098549000,0,590,621,37,207,517
1728462781099390000,0,680,535,0,260,480
1728462781100231000,25,747,423,0,320,415
1728462781101073000,84,799,277,0,373,327
1728462781101914000,157,807,192,0,407,276
1728462781102756000,273,832,90,26,449,202
1728462781103598000,376,743,18,69,506,146
1728462781104440000,507,655,0,130,362,75
1728462781105281000,576,581,0,206,388,18
1728462781106122000,762,493,33,279,354,0
1728462781106963000,725,392,28,338,330,0
1728462781107805000,782,288,102,405,281,0
1728462781108646000,791,178,188,456,220,0
1728462781109474000,769,94,303,491,149,37
1728462781110316000,725,23,413,517,103,87
1728462781111158000,642,0,542,514,57,159
1728462781111999000,561,0,639,505,13,232
1728462781112840000,478,0,722,463,0,311
1728462781113681000,363,26,739,414,0,432
1728462781114522000,293,124,793,338,10,485
1728462781115363000,202,200,825,266,0,421
1728462781116205000,64,373,825,202,42,504
1728462781117047000,2,403,794,145,106,542
1728462781117888000,0,511,704,84,165,537
1728462781118729000,0,618,605,33,225,517
1728462781119570000,0,700,501,0,286,466
1728462781120411000,45,760,380,0,343,407
1728462781121253000,165,794,272,0,363,333
1728462781122094000,201,809,174,34,414,260
1728462781122953000,274,781,90,56,442,193
1728462781123795000,376,738,2,65,448,139
1728462781124637000,490,685,0,129,434,46
1728462781125478000,594,562,0,200,407,10
1728462781126319000,691,480,0,293,368,0
1728462781127160000,749,365,45,365,306,0
1728462781128001000,778,261,130,413,260,0
1728462781128843000,779,157,232,465,199,5
1728462781129685000,760,78,322,493,149,57
1728462781130527000,722,21,449,526,84,109
1728462781131368000,655,0,551,522,42,169
1728462781132209000,545,0,653,498,0,234
1728462781133050000,434,0,749,466,0,320
1728462781133891000,341,0,802,383,0,378
1728462781134733000,210,85,836,333,0,436
1728462781135575000,232,210,869,254,0,491
1728462781136421000,56,325,820,185,57,532
1728462781137263000,8,432,767,136,117,533
1728462781138104000,0,533,685,69,175,523
1728462781138945000,0,640,588,31,234,490
1728462781139786000,0,709,484,0,290,448
1728462781140627000,41,761,346,0,348,388
1728462781141469000,117,807,320,0,394,329
1728462781142311000,214,800,182,0,418,247
1728462781143153000,314,781,45,42,448,196
1728462781143995000,444,721,0,101,437,46
1728462781144837000,514,746,0,209,454,17
1728462781145678000,654,629,0,242,404,0
1728462781146519000,704,450,0,301,367,0
1728462781147360000,756,335,58,367,299,0
1728462781148201000,791,234,141,428,242,0
1728462781149043000,775,142,244,482,185,10
1728462781149880000,752,50,352,520,130,64
1728462781150722000,688,0,471,517,74,128
1728462781151563000,607,0,586,509,22,197
1728462781152405000,528,0,682,484,0,272
1728462781153246000,424,5,760,439,0,329
1728462781154087000,306,101,833,362,0,389
1728462781154929000,196,121,947,306,18,476
1728462781155771000,111,237,753,231,25,605
1728462781156613000,41,350,817,162,69,535
1728462781157454000,0,462,750,107,125,542
1728462781158295000,0,577,660,50,194,529
1728462781159136000,0,656,560,9,254,489
1728462781159977000,0,727,452,0,301,437
1728462781160819000,64,747,312,0,418,365
1728462781161660000,149,783,207,0,430,301
1728462781162502000,244,789,128,10,413,229
1728462781163360000,402,767,42,64,450,157
1728462781164202000,362,693,0,185,437,136
1728462781165044000,513,609,11,234,427,26
1728462781165885000,617,517,0,210,386,0
1728462781166726000,720,418,5,330,348,0
1728462781167568000,763,306,87,386,283,0
1728462781168409000,791,205,163,444,224,0
1728462781169250000,773,121,273,485,170,22
1728462781170092000,740,31,383,514,116,72
1728462781170934000,682,0,491,517,65,136
1728462781171775000,610,0,591,505,21,212
1728462781172616000,494,0,704,472,0,274
1728462781173457000,398,64,780,425,0,333
1728462781174299000,320,151,816,352,0,392
1728462781175140000,158,89,845,298,58,454
1728462781175982000,128,217,824,227,0,495
1728462781176846000,25,379,789,154,90,538
1728462781177688000,0,488,727,94,141,541
1728462781178529000,0,589,636,37,203,510
1728462781179371000,0,683,527,4,266,474
1728462781180212000,8,752,421,0,320,417
1728462781181053000,64,781,298,0,372,354
1728462781181895000,159,801,192,0,414,287
1728462781182737000,264,796,97,18,437,217
1728462781183579000,346,762,69,69,454,141
1728462781184421000,480,676,0,136,455,162
1728462781185262000,581,597,0,201,458,96
1728462781186103000,668,503,0,269,393,36
1728462781186944000,736,388,25,345,335,0
1728462781187786000,777,281,94,400,282,0
1728462781188628000,786,176,192,449,209,0
1728462781189470000,779,96,296,488,146,33
1728462781190309000,722,18,426,517,98,94
1728462781191150000,667,0,538,525,42,149
1728462781191991000,578,0,634,504,10,224
1728462781192832000,476,0,719,467,0,306
1728462781193673000,266,5,778,469,0,392
1728462781194514000,207,104,868,381,0,434
1728462781195356000,126,193,849,233,0,506
1728462781196198000,73,298,847,202,49,526
1728462781197040000,2,404,777,143,104,544
1728462781197881000,0,506,701,85,159,529
1728462781198722000,0,613,604,30,229,510
1728462781199563000,0,696,493,0,279,465
1728462781200404000,30,760,381,0,332,458
1728462781201246000,106,798,258,0,381,330
1728462781202087000,188,815,162,0,418,247
1728462781202929000,290,839,66,37,448,192
1728462781203774000,400,663,2,98,514,116
1728462781204616000,533,629,0,133,367,58
1728462781205458000,599,543,0,216,352,2
1728462781206299000,690,471,0,298,377,0
1728462781207140000,744,372,42,354,320,0
1728462781207981000,770,253,109,413,257,0
1728462781208823000,788,157,207,463,200,5
1728462781209665000,769,75,325,497,141,50
1728462781210507000,690,23,448,510,73,103
1728462781211348000,629,0,549,512,45,174
1728462781212189000,549,0,658,491,4,253
1728462781213030000,438,0,757,455,0,320
1728462781213871000,334,39,702,390,0,480
1728462781214713000,267,149,796,322,14,506
1728462781215555000,160,213,804,245,9,434
1728462781216397000,64,325,824,192,53,525
1728462781217243000,0,433,767,130,114,533
1728462781218084000,0,537,693,71,170,529
1728462781218925000,0,629,590,23,237,497
1728462781219766000,0,708,477,0,290,454
1728462781220608000,154,752,354,0,340,391
1728462781221449000,180,797,253,0,382,325
1728462781222291000,193,801,151,41,421,244
1728462781223133000,293,773,64,68,442,178
1728462781223974000,389,732,0,66,442,146
1728462781224816000,510,704,1,136,433,53
1728462781225657000,612,559,89,225,410,20
1728462781226498000,704,450,0,298,359,0
1728462781227339000,765,343,64,372,320,0
1728462781228180000,779,240,146,432,242,0
1728462781229022000,775,133,245,471,186,8
1728462781229864000,753,58,353,501,133,68
1728462781230715000,708,5,464,522,69,133
1728462781231556000,629,0,576,517,30,175
1728462781232397000,537,0,663,489,2,256
1728462781233238000,424,0,758,448,0,320
1728462781234079000,285,26,823,386,0,393
1728462781234921000,313,113,910,326,0,450
1728462781235762000,0,218,834,320,9,542
1728462781236604000,42,346,809,177,69,530
1728462781237446000,0,459,747,110,132,533
1728462781238287000,0,562,666,58,194,528
1728462781239128000,0,650,565,17,250,488
1728462781239969000,2,724,449,0,298,444
1728462781240811000,58,781,381,0,363,376
1728462781241652000,143,804,197,0,395,374
1728462781242494000,235,805,116,9,426,279
1728462781243336000,340,766,37,58,448,126
1728462781244197000,450,813,0,164,483,57
1728462781245038000,591,690,0,188,434,29
1728462781245879000,636,455,0,247,466,0
1728462781246720000,719,424,5,320,353,0
1728462781247561000,765,314,75,378,286,0
1728462781248402000,789,217,161,442,224,0
1728462781249243000,780,117,267,485,178,15
1728462781250085000,737,37,377,511,113,74
1728462781250927000,662,0,491,526,64,143
1728462781251768000,576,0,608,490,17,215
1728462781252609000,498,0,713,469,0,287
1728462781253450000,375,26,782,416,0,352
1728462781254291000,271,106,821,344,0,410
1728462781255132000,185,205,953,284,37,491
1728462781255974000,94,269,782,226,34,590
1728462781256816000,29,373,794,164,88,533
1728462781257659000,0,485,732,82,137,543
1728462781258500000,0,589,651,40,201,524
1728462781259341000,0,672,532,4,258,480
1728462781260182000,20,754,425,0,320,429
1728462781261024000,81,759,301,0,422,354
1728462781261866000,165,772,192,0,442,281
1728462781262708000,264,788,97,21,431,210
1728462781263550000,458,749,56,69,430,157
1728462781264392000,368,683,0,205,434,117
1728462781265234000,480,602,33,253,415,46
1728462781266075000,637,495,0,272,381,0
1728462781266916000,741,386,18,341,341,0
1728462781267758000,773,290,98,396,277,0
1728462781268599000,788,188,194,449,210,0
1728462781269441000,777,96,293,493,149,29
1728462781270283000,730,25,400,504,105,94
1728462781271128000,671,0,527,528,50,133
1728462781271969000,600,0,614,507,18,216
1728462781272810000,477,0,721,465,0,282
1728462781273651000,338,124,766,439,1,328
1728462781274492000,298,146,821,341,0,410
1728462781275334000,150,100,850,281,64,468
1728462781276176000,74,298,832,210,47,533
1728462781277018000,6,397,789,146,106,541
1728462781277860000,0,506,704,82,165,535
1728462781278701000,0,612,610,29,221,513
1728462781279542000,0,690,508,0,273,467
1728462781280383000,17,762,402,10,327,414
1728462781281225000,81,799,274,0,383,338
1728462781282066000,172,807,171,0,418,273
1728462781282908000,288,782,122,33,448,199
1728462781283750000,392,774,36,66,466,114
1728462781284626000,506,650,0,139,442,149
1728462781285467000,640,600,0,213,434,71
1728462781286308000,683,483,0,292,375,0
1728462781287149000,743,370,41,359,324,0
1728462781287990000,773,264,126,416,261,0
1728462781288832000,788,149,213,469,194,2
1728462781289674000,765,75,338,497,137,49
1728462781290516000,719,0,448,519,64,103
1728462781291357000,642,0,559,520,36,165
1728462781292198000,550,0,671,498,0,253
1728462781293039000,448,0,751,461,0,333
1728462781293880000,267,53,845,442,0,391
1728462781294722000,185,117,832,272,0,442
1728462781295564000,93,250,865,234,0,498
1728462781296406000,53,321,828,192,58,519
1728462781297248000,0,426,767,128,117,539
1728462781298075000,0,534,682,71,177,527
1728462781298916000,0,634,587,29,237,504
1728462781299757000,0,709,473,0,297,452
1728462781300598000,52,764,343,0,348,375
1728462781301440000,121,871,241,0,383,308
1728462781302281000,213,850,143,0,422,234
1728462781303123000,306,766,77,45,482,180
1728462781303965000,453,681,2,103,412,101
1728462781304807000,517,616,4,162,389,53
1728462781305648000,744,538,41,250,384,14
1728462781306489000,695,453,0,299,351,0
1728462781307330000,764,346,64,375,306,0
1728462781308171000,782,242,144,421,248,0
1728462781309013000,778,138,247,474,186,13
1728462781309855000,756,64,341,505,136,64
1728462781310697000,686,9,462,509,72,122
1728462781311541000,637,0,578,516,33,186
1728462781312382000,530,0,674,484,0,260
1728462781313223000,427,6,766,448,0,333
1728462781314064000,326,42,734,381,0,488
1728462781314906000,260,158,808,320,10,514
1728462781315748000,113,234,825,244,20,458
1728462781316590000,42,340,820,173,64,533
1728462781317432000,0,459,757,114,138,537
1728462781318273000,0,568,674,58,186,533
1728462781319114000,0,651,576,34,245,495
1728462781319955000,0,720,458,0,304,440
1728462781320797000,165,763,330,0,343,375
1728462781321638000,194,804,217,0,397,312
1728462781322480000,224,798,126,26,426,234
1728462781323322000,320,778,50,34,448,158
1728462781324164000,413,757,9,100,442,105
1728462781325017000,533,621,0,167,433,18
1728462781325858000,633,529,69,248,416,4
1728462781326699000,715,426,9,320,345,0
1728462781327540000,771,309,73,385,288,0
1728462781328381000,791,212,165,436,231,0
1728462781329223000,773,120,272,487,170,29
1728462781330065000,746,34,378,511,120,76
1728462781330907000,680,0,497,514,64,143
1728462781331748000,602,0,606,508,20,220
1728462781332589000,517,0,708,480,0,285
1728462781333430000,393,0,778,421,0,338
1728462781334272000,411,64,883,386,0,426
1728462781335113000,266,146,854,302,0,480
1728462781335955000,82,266,839,233,42,517
1728462781336797000,30,370,808,168,79,530
1728462781337639000,0,485,730,96,146,533
1728462781338488000,0,596,644,45,205,514
1728462781339329000,0,670,539,10,261,480
1728462781340170000,9,741,432,0,320,425
1728462781341011000,78,786,354,0,373,362
1728462781341853000,162,804,176,0,410,350
1728462781342695000,265,791,103,18,433,217
1728462781343537000,362,879,18,82,463,105
1728462781344379000,501,770,0,149,441,77
1728462781345220000,576,509,0,192,505,23
1728462781346061000,660,514,0,274,383,0
1728462781346902000,725,398,18,341,337,0
1728462781347744000,776,292,97,394,278,0
1728462781348585000,792,197,185,450,214,0
1728462781349427000,767,102,295,493,162,40
1728462781350269000,714,11,401,521,105,64
1728462781351110000,653,0,509,510,53,158
1728462781351997000,578,0,629,487,9,234
1728462781352838000,496,0,717,460,0,299
1728462781353679000,375,20,833,397,0,361
1728462781354521000,247,130,909,344,0,418
1728462781355363000,162,174,767,277,0,569
1728462781356205000,82,283,832,212,52,520
1728462781357046000,11,398,792,142,94,543
1728462781357888000,0,503,709,88,149,529
1728462781358729000,0,610,619,26,210,509
1728462781359570000,0,698,522,0,274,463
1728462781360411000,26,736,393,0,377,410
1728462781361253000,98,770,273,0,373,340
1728462781362095000,192,798,168,0,409,267
1728462781362937000,305,789,82,25,437,201
1728462781363779000,293,727,16,144,424,161
1728462781364620000,441,671,4,178,434,37
1728462781365429000,560,580,0,170,417,26
1728462781366270000,684,485,0,291,377,0
1728462781367111000,744,361,37,362,322,0
1728462781367952000,786,262,111,410,273,0
1728462781368793000,788,164,215,460,194,5
1728462781369635000,767,74,320,508,136,40
1728462781370477000,706,10,434,520,93,101
1728462781371318000,648,0,555,516,39,174
1728462781372159000,560,0,650,498,2,239
1728462781373000000,456,0,738,456,0,312
1728462781373841000,373,129,786,412,0,365
1728462781374682000,233,11,847,305,53,433
1728462781375524000,138,160,856,273,50,484
1728462781376365000,56,324,837,193,58,522
1728462781377207000,0,423,767,125,111,537
1728462781378049000,0,537,685,71,177,535
1728462781378897000,0,631,585,15,235,497
1728462781379738000,0,710,474,0,298,448
1728462781380579000,23,765,360,5,340,397
1728462781381421000,105,802,249,0,383,324
1728462781382262000,194,819,157,0,418,244
1728462781383104000,306,776,87,41,448,184
1728462781383946000,413,754,46,85,426,125
1728462781384788000,533,645,0,162,458,123
1728462781385629000,610,544,0,230,416,79
1728462781386469000,700,456,0,309,357,0
1728462781387310000,756,342,64,370,298,0
1728462781388151000,786,242,149,425,249,0
1728462781388993000,776,138,244,471,184,16
1728462781389835000,754,58,344,503,130,56
1728462781390677000,712,0,458,500,66,117
1728462781391518000,629,4,591,517,21,181
1728462781392378000,533,0,683,498,0,254
1728462781393219000,458,1,762,433,0,322
1728462781394060000,194,58,807,458,0,441
1728462781394902000,145,130,870,362,0,473
1728462781395744000,106,234,838,209,21,512
1728462781396586000,53,343,814,178,73,526
1728462781397428000,0,454,750,117,121,530
1728462781398269000,0,546,661,55,186,524
1728462781399110000,0,650,576,16,248,490
1728462781399951000,1,720,453,0,303,442
1728462781400793000,58,784,306,0,361,427
1728462781401634000,143,803,221,0,397,297
1728462781402476000,234,864,124,12,431,220
1728462781403318000,331,709,46,64,500,157
1728462781404160000,467,666,0,98,377,82
1728462781405002000,546,609,0,178,381,41
1728462781405844000,680,546,0,245,383,6
1728462781406685000,719,433,10,320,345,0
1728462781407526000,772,321,74,389,303,0
1728462781408367000,783,212,159,440,233,0
1728462781409209000,783,118,264,483,178,22
1728462781410051000,745,43,372,509,117,74
1728462781410893000,686,0,497,512,71,146
1728462781411734000,603,1,600,501,18,213
1728462781412575000,508,0,700,480,0,277
1728462781413416000,389,18,686,432,0,449
1728462781414258000,299,82,782,362,2,471
1728462781415100000,178,146,825,293,0,410
1728462781415942000,100,281,850,224,22,514
1728462781416784000,28,370,806,162,80,538
1728462781417625000,0,478,736,98,138,528
1728462781418466000,0,583,642,43,205,517
1728462781419314000,0,666,538,5,261,480
1728462781420155000,81,724,424,0,306,426
1728462781420997000,137,783,303,0,365,363
1728462781421839000,151,809,201,11,398,293
1728462781422681000,245,799,108,41,427,217
1728462781423523000,327,760,18,36,441,167
1728462781424365000,469,711,0,107,442,65
1728462781425206000,570,568,85,196,437,45
1728462781426047000,661,511,0,261,393,0
1728462781426888000,727,404,29,331,334,0
1728462781427730000,773,294,92,397,272,0
1728462781428571000,789,200,188,450,213,0
1728462781429413000,768,97,295,489,156,34
1728462781430255000,740,29,405,526,106,90
1728462781431096000,649,0,495,522,58,145
1728462781431937000,578,0,625,497,5,226
1728462781432794000,487,0,732,473,0,290
1728462781433635000,394,8,784,416,0,356
1728462781434477000,389,87,884,363,0,425
1728462781435318000,84,177,832,361,0,512
1728462781436160000,80,289,832,210,47,521
1728462781437001000,13,393,791,146,90,538
1728462781437843000,0,501,718,85,146,528
1728462781438684000,0,605,618,34,217,505
1728462781439525000,0,698,523,4,270,474
1728462781440366000,16,744,469,0,329,413
1728462781441207000,101,789,258,0,388,418
1728462781442049000,180,805,157,0,414,306
1728462781442891000,283,787,78,23,435,186
1728462781443733000,418,853,15,97,456,87
1728462781444575000,469,590,0,145,514,53
1728462781445416000,609,525,0,233,461,0
1728462781446255000,680,480,0,286,378,0
1728462781447096000,747,373,34,354,335,0
1728462781447938000,776,266,109,412,267,0
1728462781448779000,790,170,206,452,207,10
1728462781449621000,765,82,322,496,149,40
1728462781450463000,693,0,434,517,82,87
1728462781451304000,644,0,541,514,46,173
1728462781452145000,560,0,648,493,1,250
1728462781452986000,453,0,736,458,0,314
1728462781453827000,338,23,917,389,2,405
1728462781454668000,234,149,915,322,0,433
1728462781455510000,144,196,783,257,13,576
1728462781456352000,64,311,820,193,58,530
1728462781457194000,4,422,770,126,115,543
1728462781458035000,0,532,693,68,173,535
1728462781458876000,0,628,597,26,225,498
1728462781459731000,0,711,486,0,279,453
1728462781460572000,37,745,364,0,372,383
1728462781461414000,116,782,249,0,372,325
1728462781462255000,269,797,149,0,410,254
1728462781463097000,348,776,64,37,443,184
1728462781463939000,353,714,25,136,439,122
1728462781464781000,490,651,0,117,424,57
1728462781465622000,589,551,0,212,402,18
1728462781466463000,697,450,0,305,364,0
1728462781467305000,746,343,64,373,309,0
1728462781468146000,782,240,130,430,247,0
1728462781468988000,788,143,228,466,192,16
1728462781469830000,753,64,352,503,125,53
1728462781470672000,700,5,459,530,73,101
1728462781471513000,610,0,567,521,42,192
1728462781472354000,536,0,676,493,2,253
1728462781473203000,437,41,744,450,0,302
1728462781474044000,290,0,796,386,53,389
1728462781474886000,229,81,845,314,18,423
1728462781475728000,122,217,846,244,0,489
1728462781476570000,42,343,814,180,69,533
1728462781477412000,0,448,765,116,125,538
1728462781478253000,0,546,661,64,185,522
1728462781479094000,0,650,559,10,250,498
1728462781479935000,4,722,458,0,305,448
1728462781480776000,53,778,338,0,356,382
1728462781481618000,129,805,226,0,392,306
1728462781482460000,241,808,197,10,426,230
1728462781483302000,301,789,103,47,453,161
1728462781484143000,440,690,0,100,463,183
1728462781484984000,589,655,0,170,444,111
1728462781485825000,638,531,0,245,394,0
1728462781486670000,725,434,9,320,354,0
1728462781487511000,757,320,74,383,292,0
1728462781488352000,781,210,162,434,228,0
1728462781489194000,783,122,261,482,174,21
1728462781490036000,746,34,361,507,119,71
1728462781490878000,687,0,498,517,42,117
1728462781491719000,616,0,608,514,26,207
1728462781492560000,509,0,704,480,0,277
1728462781493401000,287,0,762,501,0,373
1728462781494243000,233,70,858,408,0,413
1728462781495084000,151,137,846,233,0,456
1728462781495926000,101,264,835,226,34,513
1728462781496768000,26,366,797,154,78,535
1728462781497609000,0,480,736,97,138,532
1728462781498450000,0,587,645,49,200,509
1728462781499291000,0,665,543,10,260,481
1728462781500147000,9,742,410,0,314,473
1728462781500988000,74,782,294,0,376,398
1728462781501829000,159,812,181,0,410,280
1728462781502671000,255,848,100,8,431,207
1728462781503513000,347,656,20,64,516,128
1728462781504355000,463,633,0,144,490,53
1728462781505196000,581,568,0,197,363,21
1728462781506037000,658,513,0,271,392,0
1728462781506878000,724,405,29,335,338,0
1728462781507718000,767,285,82,394,279,0
1728462781508559000,788,194,169,440,224,0
1728462781509401000,777,104,282,481,161,34
1728462781510243000,717,26,410,488,97,90
1728462781511085000,653,0,523,522,50,156
1728462781511926000,576,0,630,506,14,228
1728462781512767000,466,0,727,469,0,297
1728462781513615000,361,21,885,410,26,385
1728462781514457000,265,125,912,338,0,427
1728462781515298000,170,162,772,279,5,557
1728462781516140000,85,289,837,213,42,513
1728462781516982000,8,389,794,146,96,542
1728462781517824000,0,496,722,89,156,535
1728462781518665000,0,600,615,34,221,514
1728462781519506000,0,690,516,0,265,479
1728462781520347000,26,720,397,0,370,406
1728462781521188000,102,773,277,0,361,334
1728462781522029000,177,805,178,0,402,266
1728462781522871000,329,779,91,36,433,202
1728462781523713000,311,736,26,154,450,192
1728462781524555000,450,668,0,162,432,64
1728462781525397000,562,593,0,170,402,43
1728462781526238000,687,487,0,287,377,0
1728462781527083000,744,381,36,348,334,0
1728462781527924000,774,274,114,416,264,0
1728462781528765000,782,164,205,458,207,0
1728462781529607000,766,82,313,494,153,45
1728462781530449000,731,23,420,510,85,87
1728462781531290000,661,0,533,522,45,144
1728462781532131000,562,0,645,498,13,241
1728462781532972000,458,9,733,466,0,292
1728462781533813000,370,82,791,397,44,345
1728462781534655000,240,37,832,362,45,430
1728462781535497000,163,169,841,261,0,485
1728462781536339000,70,311,826,196,49,519
1728462781537181000,0,422,778,130,109,530
1728462781538023000,0,522,699,74,175,532
1728462781538864000,0,624,594,28,229,504
1728462781539705000,0,701,485,4,285,465
1728462781540562000,23,764,369,0,341,397
1728462781541403000,107,797,251,0,383,327
1728462781542244000,202,814,197,0,416,258
1728462781543086000,302,788,117,40,448,181
1728462781543928000,415,711,0,93,477,183
1728462781544769000,590,696,0,151,442,0
1728462781545610000,626,567,0,228,409,0
1728462781546451000,697,460,0,294,362,0
1728462781547292000,754,352,47,365,305,0
1728462781548133000,788,253,136,426,250,0
1728462781548975000,786,153,234,471,194,10
1728462781549817000,757,64,336,503,130,52
1728462781550659000,705,0,463,523,82,121
1728462781551500000,633,0,585,514,25,188
1728462781552341000,533,0,676,489,0,258
1728462781553182000,362,0,761,498,0,376
1728462781554024000,276,48,809,312,0,372
1728462781554866000,184,157,858,282,0,486
1728462781555708000,117,233,849,250,20,500
1728462781556549000,50,338,815,184,66,531
1728462781557391000,0,452,757,114,120,537
1728462781558232000,0,558,670,64,186,521
1728462781559073000,0,655,576,14,245,480
1728462781559914000,0,722,455,0,297,431
1728462781560756000,64,776,334,0,365,372
1728462781561597000,139,890,215,0,402,298
1728462781562438000,234,837,122,11,434,237
1728462781563280000,322,690,48,64,504,149
1728462781564122000,472,677,0,106,385,83
1728462781564964000,655,606,25,194,394,50
1728462781565805000,639,530,0,252,400,0
1728462781566646000,722,427,5,323,366,0
1728462781567493000,759,321,64,378,298,0
1728462781568335000,788,218,160,440,231,0
1728462781569177000,786,125,266,481,178,13
1728462781570019000,730,53,373,509,133,81
1728462781570861000,674,0,486,520,67,132
1728462781571702000,601,0,590,504,34,203
1728462781572543000,506,0,693,480,0,280
1728462781573384000,414,2,711,426,5,378
1728462781574226000,306,69,778,358,0,342
1728462781575067000,184,276,823,320,2,406
1728462781575909000,111,261,846,237,23,520
1728462781576751000,36,360,799,162,82,535
1728462781577592000,0,480,745,94,145,541
1728462781578433000,0,581,650,45,194,527
1728462781579274000,0,668,541,2,253,480
1728462781580115000,74,737,441,0,303,426
1728462781580965000,109,786,313,10,361,359
1728462781581806000,121,803,207,18,404,297
1728462781582648000,244,789,106,10,441,225
1728462781583490000,341,818,64,37,448,170
1728462781584332000,455,714,0,122,449,74
1728462781585174000,546,642,69,194,466,42
1728462781586015000,653,510,0,273,389,0
1728462781586856000,722,402,18,335,341,0
1728462781587697000,770,294,88,397,282,0
1728462781588538000,792,194,178,448,226,0
1728462781589380000,777,101,286,483,162,36
1728462781590222000,736,9,395,512,107,74
1728462781591064000,666,0,533,522,53,151
1728462781591905000,593,0,612,507,0,221
1728462781592746000,486,0,707,473,0,299
1728462781593587000,497,5,837,434,0,356
1728462781594448000,353,74,850,346,0,420
1728462781595289000,71,174,857,336,0,513
1728462781596131000,78,277,843,214,41,517
1728462781596972000,18,383,789,151,98,535
1728462781597814000,0,505,706,81,157,537
1728462781598655000,0,609,612,31,215,517
1728462781599496000,0,686,512,0,270,471
1728462781600337000,34,769,448,0,329,432
1728462781601178000,84,793,270,0,375,380
1728462781602020000,177,802,169,0,415,266
1728462781602862000,276,824,85,26,441,193
1728462781603704000,420,796,2,64,437,117
1728462781604546000,500,576,0,139,526,55
1728462781605387000,609,542,0,226,458,26
1728462781606228000,670,494,0,284,376,0
1728462781607069000,740,378,37,354,328,0
1728462781607907000,759,267,101,405,267,0
1728462781608748000,786,176,207,454,207,2
1728462781609590000,773,87,305,493,151,52
1728462781610432000,713,34,434,507,91,102
1728462781611273000,644,0,543,514,50,162
1728462781612114000,546,0,645,494,10,244
1728462781612955000,441,0,734,448,0,309
1728462781613797000,338,21,894,395,16,392
1728462781614639000,234,133,880,324,0,483
1728462781615481000,146,209,800,258,9,533
1728462781616323000,71,312,836,202,45,521
1728462781617164000,8,412,777,135,116,542
1728462781618005000,0,522,704,75,165,534
1728462781618846000,0,615,599,30,226,505
1728462781619687000,0,698,491,0,289,462
1728462781620528000,37,743,362,0,374,399
1728462781621380000,113,791,260,0,372,345
1728462781622221000,207,794,154,0,410,250
1728462781623062000,388,772,92,33,426,174
1728462781623904000,301,725,16,168,439,164
1728462781624746000,460,653,0,161,433,42
1728462781625587000,608,576,0,221,418,15
1728462781626428000,693,466,0,298,363,0
1728462781627269000,762,359,47,367,313,0
1728462781628110000,788,250,129,420,254,0
1728462781628952000,788,146,221,469,193,8
1728462781629794000,769,64,329,511,138,50
1728462781630636000,724,10,448,517,73,105
1728462781631477000,634,0,576,514,21,164
1728462781632318000,538,0,660,494,0,250
1728462781633159000,448,68,729,471,0,298
1728462781634000000,329,0,805,373,64,368
1728462781634852000,218,58,837,343,26,442
1728462781635694000,122,218,844,253,16,498
1728462781636536000,49,346,824,178,64,533
1728462781637378000,0,448,754,117,114,534
1728462781638219000,0,559,676,58,181,526
1728462781639060000,0,644,578,18,239,484
1728462781639901000,0,716,469,0,302,442
1728462781640743000,42,772,344,0,354,387
1728462781641585000,129,805,228,0,395,309
1728462781642426000,226,804,176,0,423,242
1728462781643268000,343,813,122,49,436,161
1728462781644110000,437,705,0,101,458,165
1728462781644952000,597,647,0,176,413,0
1728462781645793000,631,540,0,249,399,5
1728462781646634000,704,436,2,320,355,0
1728462781647476000,761,320,69,372,293,0
1728462781648329000,789,228,162,426,234,0
1728462781649171000,784,126,257,481,169,17
1728462781650013000,747,40,370,507,120,66
1728462781650855000,693,0,485,523,66,133
1728462781651696000,608,0,584,513,20,213
1728462781652537000,506,1,695,485,0,277
1728462781653378000,345,20,810,469,0,362
1728462781654219000,261,75,818,325,0,416
1728462781655061000,173,213,873,293,0,469
1728462781655903000,113,250,839,235,34,510
1728462781656745000,37,360,796,165,90,532
1728462781657587000,0,471,737,106,129,530
1728462781658428000,0,576,653,42,189,511
1728462781659269000,0,666,557,10,260,484
1728462781660110000,9,738,424,0,312,410
1728462781660952000,66,861,314,0,357,362
1728462781661792000,156,840,202,0,403,285
1728462781662634000,261,786,105,13,474,224
1728462781663476000,363,737,33,64,389,149
1728462781664318000,590,689,39,144,429,90
1728462781665159000,664,609,37,197,412,34
1728462781666000000,650,517,0,263,392,0
1728462781666841000,714,414,23,335,345,0
1728462781667682000,772,290,82,397,288,0
1728462781668523000,793,197,174,439,231,0
1728462781669365000,775,104,281,489,157,30
1728462781670207000,742,37,400,517,115,79
1728462781671049000,661,0,526,520,57,149
1728462781671890000,590,0,619,509,11,225
1728462781672731000,487,0,697,469,0,298
1728462781673572000,421,32,732,407,9,405
1728462781674414000,273,79,802,346,0,354
1728462781675266000,184,258,846,320,4,440
1728462781676108000,81,277,847,213,40,519
1728462781676950000,17,383,786,153,94,536
1728462781677791000,0,508,719,89,167,543
1728462781678632000,0,600,626,33,220,516
1728462781679473000,0,683,519,0,273,474
1728462781680314000,69,746,402,0,313,412
1728462781681156000,64,795,293,16,375,343
1728462781681998000,157,802,189,6,409,276
1728462781682840000,250,790,84,5,437,210
1728462781683681000,368,802,31,53,454,121
1728462781684523000,476,653,77,125,463,82
1728462781685364000,585,587,21,207,418,22
1728462781686205000,681,493,0,282,380,0
1728462781687046000,736,383,39,346,324,0
1728462781687888000,770,265,117,406,266,0
1728462781688735000,781,164,215,457,202,0
1728462781689575000,770,84,307,501,151,49
1728462781690417000,727,22,427,518,94,95
1728462781691258000,663,0,546,511,45,161
1728462781692099000,530,0,645,505,1,234
1728462781692940000,462,0,727,461,20,300
1728462781693782000,362,4,810,393,0,381
1728462781694624000,353,90,890,342,0,437
1728462781695466000,169,217,842,280,10,498
1728462781696308000,74,309,832,197,53,521
1728462781697149000,1,418,776,137,106,530
1728462781697991000,0,525,699,87,169,535
1728462781698832000,0,618,600,26,226,506
1728462781699673000,0,698,499,0,285,459
1728462781700514000,34,770,421,0,346,407
1728462781701356000,109,800,273,0,382,382
1728462781702204000,205,805,140,0,420,297
1728462781703046000,357,799,34,29,426,109
1728462781703888000,386,842,0,106,462,74
1728462781704730000,537,718,0,142,440,37
1728462781705571000,608,565,0,224,415,18
1728462781706412000,689,477,0,287,361,0
1728462781707253000,750,361,50,365,312,0
1728462781708094000,789,253,127,421,270,0
1728462781708935000,778,157,226,466,192,2
1728462781709777000,757,55,320,507,137,53
1728462781710619000,709,5,455,517,87,113
1728462781711460000,621,0,566,503,29,186
1728462781712301000,535,4,668,490,0,264
1728462781713142000,423,37,766,421,0,321
1728462781713983000,309,87,815,383,0,363
1728462781714824000,213,109,932,322,25,458
1728462781715678000,133,221,844,253,23,501
1728462781716520000,50,329,824,178,58,530
1728462781717362000,0,444,764,124,113,545
1728462781718203000,0,549,679,64,179,522
1728462781719044000,0,634,581,16,243,498
1728462781719885000,0,752,466,0,348,437
1728462781720726000,53,756,344,0,401,382
1728462781721568000,130,792,234,0,407,313
1728462781722409000,229,796,138,2,418,242
1728462781723251000,423,765,84,47,421,169
1728462781724093000,335,717,0,165,444,146
1728462781724935000,500,645,0,210,426,33
1728462781725776000,634,546,0,247,405,8
1728462781726617000,706,437,4,312,357,0
1728462781727459000,765,329,64,378,306,0
1728462781728300000,789,229,148,426,237,0
1728462781729150000,786,138,250,477,173,26
1728462781729992000,741,50,363,513,122,66
1728462781730834000,693,0,463,514,74,133
1728462781731675000,618,0,586,511,26,200
1728462781732516000,526,0,680,472,0,277
1728462781733357000,386,96,743,439,0,289
1728462781734198000,335,156,814,386,0,373
1728462781735040000,170,53,847,290,66,437
1728462781735882000,107,250,847,235,37,506
1728462781736724000,30,359,804,164,77,533
1728462781737566000,0,468,732,110,138,538
1728462781738407000,0,576,657,39,194,522
1728462781739249000,0,668,552,13,250,481
1728462781740090000,0,733,437,4,309,429
1728462781740932000,55,782,321,0,362,369
1728462781741773000,151,798,206,0,405,293
1728462781742630000,245,800,113,10,435,224
1728462781743472000,346,778,125,48,482,176
1728462781744313000,439,698,0,116,422,178
1728462781745154000,557,606,0,186,448,96
1728462781745995000,650,534,0,261,394,9
1728462781746836000,717,411,22,329,341,0
1728462781747677000,780,301,81,397,287,0
1728462781748519000,788,205,170,448,225,0
1728462781749361000,776,107,274,482,169,34
1728462781750202000,746,34,401,519,109,77
1728462781751044000,679,0,496,517,42,132
1728462781751885000,585,0,613,509,5,196
1728462781752726000,534,0,719,481,0,277
1728462781753567000,473,0,784,415,0,354
1728462781754408000,178,82,810,425,0,465
1728462781755250000,146,180,857,314,0,478
1728462781756093000,87,284,847,217,42,514
1728462781756935000,16,389,789,151,89,541
1728462781757776000,0,489,716,94,153,533
1728462781758617000,0,591,621,37,212,512
1728462781759458000,0,682,514,2,269,474
1728462781760299000,21,746,393,0,322,466
1728462781761140000,101,801,272,0,370,334
1728462781761982000,170,819,180,0,412,258
1728462781762824000,276,874,85,34,448,185
1728462781763666000,367,668,9,71,527,122
1728462781764508000,526,646,0,151,488,70
1728462781765349000,587,586,0,217,402,10
1728462781766190000,676,498,0,279,376,0
1728462781767031000,732,389,37,350,329,0
1728462781767873000,773,274,107,407,272,0
1728462781768715000,789,181,194,457,207,4
1728462781769569000,773,90,297,492,146,38
1728462781770411000,727,21,426,512,81,98
1728462781771252000,662,0,542,520,42,162
1728462781772093000,554,0,645,497,17,238
1728462781772934000,448,10,809,455,0,303
1728462781773776000,343,1,715,402,0,459
1728462781774618000,250,103,779,330,9,493
1728462781775459000,164,200,852,264,16,485
1728462781776301000,70,308,832,197,43,522
1728462781777142000,5,420,783,133,104,533
1728462781777984000,0,520,708,78,169,533
1728462781778825000,0,618,600,26,226,509
1728462781779667000,0,704,490,0,266,465
1728462781780508000,101,751,369,0,330,398
1728462781781349000,178,791,258,0,377,337
1728462781782190000,205,803,162,41,405,254
1728462781783221000,240,783,97,75,448,186
1728462781784063000,402,732,2,55,453,149
1728462781784905000,506,725,2,139,439,77
1728462781785746000,613,565,0,226,410,16
1728462781786587000,694,469,0,289,365,0
1728462781787428000,747,357,48,370,306,0
1728462781788269000,786,250,125,414,248,0
1728462781789110000,781,154,226,463,192,5
1728462781789952000,765,64,320,493,137,21
1728462781790794000,714,13,448,522,90,113
1728462781791635000,645,0,555,514,37,185
1728462781792476000,549,0,657,471,4,248
1728462781793317000,430,0,741,452,26,296
1728462781794158000,350,7,810,402,23,378
1728462781795000000,215,96,847,321,0,431
1728462781795842000,133,218,840,256,20,497
1728462781796518000,53,336,818,178,64,535
1728462781797360000,0,436,760,122,107,530
1728462781798201000,0,549,680,66,184,528
1728462781799042000,0,645,578,21,239,491
1728462781799883000,0,722,477,0,292,454
1728462781800724000,36,767,354,0,354,389
1728462781801566000,122,805,297,0,395,320
1728462781802407000,214,810,168,0,429,266
1728462781803249000,335,773,0,41,466,214
1728462781804091000,500,739,0,100,458,16
1728462781804932000,512,714,0,192,444,2
1728462781805773000,626,543,0,241,406,5
1728462781806614000,700,442,10,311,356,0
1728462781807455000,757,324,58,382,298,0
1728462781808296000,786,233,141,425,244,0
1728462781809138000,785,136,253,471,185,20
1728462781809979000,754,58,377,517,117,58
1728462781810821000,670,0,480,530,58,138
1728462781811662000,594,0,590,517,23,202
1728462781812503000,516,0,693,484,0,273
1728462781813344000,373,0,730,377,0,338
1728462781814186000,279,112,841,344,0,414
1728462781815028000,188,146,847,293,0,453
1728462781815870000,106,255,852,239,29,506
1728462781816712000,36,352,808,173,79,532
1728462781817554000,0,465,746,105,136,533
1728462781818395000,0,571,657,49,193,527
1728462781819236000,0,668,557,8,245,490
1728462781820077000,6,814,434,0,309,413
1728462781820919000,73,776,320,0,436,358
1728462781821760000,151,778,202,0,423,296
1728462781822602000,248,789,113,9,418,225
1728462781823453000,476,749,97,69,424,160
1728462781824294000,416,696,0,194,420,104
1728462781825136000,494,605,2,242,417,34
1728462781825977000,651,514,0,261,401,0
1728462781826818000,714,414,23,331,338,0
1728462781827659000,767,297,79,402,286,0
1728462781828501000,790,202,164,438,229,0
1728462781829343000,778,110,279,481,164,32
1728462781830185000,720,41,372,510,114,75
1728462781831027000,681,0,495,516,68,142
1728462781831868000,610,0,610,509,26,218
1728462781832709000,484,18,693,480,0,260
1728462781833550000,402,110,773,455,0,325
1728462781834392000,289,109,832,351,68,389
1728462781835234000,184,151,847,296,23,468
1728462781836076000,84,277,842,224,42,522
1728462781836920000,23,375,789,156,93,537
1728462781837761000,0,485,719,89,148,537
1728462781838602000,0,589,645,37,207,513
1728462781839443000,0,682,530,2,261,473
1728462781840284000,0,745,424,9,311,415
1728462781841126000,71,794,301,0,374,346
1728462781841967000,153,809,192,0,407,288
1728462781842809000,264,779,93,16,450,205
1728462781843651000,377,784,74,64,463,138
1728462781844493000,488,658,0,128,448,157
1728462781845334000,588,602,0,207,418,22
1728462781846175000,668,501,0,277,383,0
1728462781847016000,732,397,33,338,330,0
1728462781847857000,770,274,106,410,272,0
1728462781848698000,800,172,193,460,220,0
1728462781849540000,772,87,298,493,149,42
1728462781850389000,730,11,416,521,87,87
1728462781851230000,660,0,546,526,42,156
1728462781852071000,570,0,642,501,8,244
1728462781852912000,552,0,773,473,0,312
1728462781853753000,249,21,777,483,0,410
1728462781854595000,186,100,872,382,0,458
1728462781855437000,153,200,856,269,2,490
1728462781856279000,74,302,832,202,54,517
1728462781857121000,5,410,789,138,106,540
1728462781857963000,0,516,698,83,165,534
1728462781858804000,0,618,602,29,226,506
1728462781859645000,0,704,476,0,286,541
1728462781860486000,41,762,350,0,349,429
1728462781861327000,107,798,250,0,380,313
1728462781862169000,192,847,164,0,421,250
1728462781863011000,294,705,77,21,517,168
1728462781863861000,420,674,0,116,497,113
1728462781864703000,525,615,0,146,381,50
1728462781865544000,618,576,0,226,418,20
1728462781866385000,690,467,0,289,365,0
1728462781867226000,748,361,47,367,306,0
1728462781868067000,778,258,132,418,256,0
1728462781868909000,781,149,233,466,197,8
1728462781869751000,749,70,325,489,129,66
1728462781870593000,704,20,450,520,81,111
1728462781871433000,629,4,568,506,46,184
1728462781872274000,544,0,666,487,0,258
1728462781873115000,434,0,853,449,0,329
1728462781873956000,330,85,882,377,0,383
1728462781874798000,248,132,775,314,0,541
1728462781875640000,136,225,850,261,21,501
1728462781876482000,58,324,822,181,64,530
1728462781877335000,10,440,762,121,110,538
1728462781878176000,0,543,681,68,170,521
1728462781879017000,0,639,585,20,239,500
1728462781879858000,0,696,482,0,301,448
1728462781880699000,50,754,346,0,340,388
1728462781881540000,207,797,228,0,386,321
1728462781882381000,248,802,141,5,424,252
1728462781883223000,253,773,84,93,437,169
1728462781884065000,383,713,0,64,448,117
1728462781884906000,485,689,4,151,430,55
1728462781885747000,626,543,0,249,405,8
1728462781886588000,704,448,0,307,362,0
1728462781887430000,762,332,61,372,298,0
1728462781888271000,791,228,146,434,239,0
1728462781889113000,779,136,250,480,182,5
1728462781889955000,757,52,343,507,129,41
1728462781890805000,704,0,474,520,68,124
1728462781891646000,628,0,578,513,34,201
1728462781892487000,522,0,689,480,4,260
1728462781893328000,418,0,766,466,20,320
1728462781894169000,314,9,814,370,0,393
1728462781895011000,322,136,882,320,0,466
1728462781895853000,110,242,846,239,28,507
1728462781896695000,41,352,816,164,71,533
1728462781897537000,0,476,742,107,130,540
1728462781898378000,0,572,658,53,184,517
1728462781899219000,0,663,553,10,257,482
1728462781900060000,0,730,443,0,301,437
1728462781900902000,64,782,364,0,363,370
1728462781901743000,148,801,245,0,405,305
1728462781902584000,246,804,90,9,440,291
1728462781903426000,398,786,0,52,434,87
1728462781904283000,476,839,0,145,469,49
1728462781905125000,576,661,0,189,436,31
1728462781905966000,645,522,0,264,391,0
1728462781906807000,722,424,10,338,348,0
1728462781907648000,765,308,79,383,290,0
1728462781908489000,789,206,168,438,221,0
1728462781909331000,785,119,274,485,166,29
1728462781910173000,698,34,394,514,108,85
1728462781911015000,658,0,504,530,58,139
1728462781911856000,577,0,596,496,21,215
1728462781912697000,465,0,700,430,0,320
1728462781913538000,360,69,810,398,0,370
1728462781914379000,266,87,825,350,0,416
1728462781915221000,174,184,863,289,0,473
1728462781916063000,98,266,837,225,42,508
1728462781916905000,23,378,796,157,92,533
1728462781917794000,0,490,729,97,143,542
1728462781918635000,0,590,642,39,205,522
1728462781919476000,0,730,522,2,260,460
1728462781920317000,26,790,413,0,330,410
1728462781921159000,79,772,298,0,402,343
1728462781922000000,169,786,194,0,425,279
1728462781922842000,250,757,101,21,388,210
1728462781923684000,455,733,43,76,423,142
1728462781924526000,392,674,0,192,435,119
1728462781925368000,576,602,0,197,424,21
1728462781926209000,664,512,0,274,382,0
1728462781927050000,727,383,29,341,333,0
1728462781927891000,783,279,100,405,282,0
1728462781928732000,784,181,185,452,211,0
1728462781929574000,775,101,299,489,157,40
1728462781930416000,717,29,402,514,101,90
1728462781931217000,658,0,529,525,45,154
1728462781932058000,579,0,635,510,11,238
1728462781932899000,521,0,687,463,0,235
1728462781933740000,356,148,772,436,5,329
1728462781934582000,295,181,821,362,0,420
1728462781935424000,162,201,857,265,1,491
1728462781936266000,68,299,841,206,52,516
1728462781937108000,5,402,783,144,104,538
1728462781937950000,0,509,704,79,162,530
1728462781938791000,0,617,609,26,224,505
1728462781939632000,0,689,506,25,270,463
1728462781940473000,16,760,390,0,327,412
1728462781941315000,90,802,274,0,389,335
1728462781942157000,186,813,177,0,420,257
1728462781942999000,296,800,175,23,481,217
1728462781943841000,389,730,0,77,448,215
1728462781944712000,548,677,0,150,452,105
1728462781945553000,609,580,0,225,407,11
1728462781946394000,682,481,0,292,373,0
1728462781947235000,744,357,50,357,320,0
1728462781948076000,776,253,125,416,260,0
1728462781948918000,786,167,217,466,201,18
1728462781949760000,773,69,330,497,130,56
1728462781950602000,717,5,452,520,66,112
1728462781951443000,632,0,558,515,16,169
1728462781952284000,548,0,661,498,2,249
1728462781953125000,327,0,762,501,0,359
1728462781953966000,261,32,832,434,0,377
1728462781954808000,194,121,825,290,0,466
1728462781955650000,146,226,850,257,18,493
1728462781956492000,56,330,820,192,58,520
1728462781957333000,0,429,772,122,117,533
1728462781958164000,0,537,682,64,177,528
1728462781959005000,0,641,580,18,235,496
1728462781959846000,0,718,465,0,290,441
1728462781960688000,50,861,345,0,343,373
1728462781961530000,136,834,245,0,404,305
1728462781962371000,217,812,144,8,456,233
1728462781963213000,354,718,42,57,485,166
1728462781964055000,437,690,0,92,395,113
1728462781964896000,632,628,21,164,408,52
1728462781965737000,627,552,0,239,400,4
1728462781966578000,706,450,4,309,353,0
1728462781967420000,754,338,64,377,303,0
1728462781968261000,781,228,149,431,242,0
1728462781969102000,777,126,242,478,181,14
1728462781969944000,754,53,356,498,127,45
1728462781970786000,701,11,476,522,68,130
1728462781971634000,623,0,588,517,26,192
1728462781972475000,538,0,645,485,2,324
1728462781973316000,425,0,699,431,0,397
1728462781974157000,338,83,767,379,0,454
1728462781974998000,213,139,834,311,0,434
1728462781975840000,117,247,850,234,20,513
1728462781976682000,37,357,810,176,66,534
1728462781977524000,0,463,745,107,133,530
1728462781978365000,0,565,663,49,198,523
1728462781979206000,0,653,556,18,250,485
1728462781980047000,68,719,440,0,298,434
1728462781980888000,117,778,322,0,359,377
1728462781981730000,133,804,224,18,392,301
1728462781982571000,179,802,128,42,418,212
1728462781983413000,320,798,57,26,441,165
1728462781984255000,442,704,0,106,450,72
1728462781985105000,551,622,0,192,434,40
1728462781985946000,652,530,0,255,397,2
1728462781986787000,719,418,9,325,346,0
1728462781987629000,770,320,81,381,285,0
1728462781988470000,793,215,173,441,219,0
1728462781989312000,789,122,277,488,168,7
1728462781990154000,741,34,383,519,117,73
1728462781990996000,666,0,505,523,64,143
1728462781991837000,581,0,609,501,21,212
1728462781992678000,498,0,698,490,30,282
1728462781993519000,418,0,772,416,0,338
1728462781994360000,401,58,833,352,0,407
1728462781995202000,192,176,851,294,8,480
1728462781996044000,94,277,840,222,40,516
1728462781996886000,23,375,796,149,81,535
1728462781997728000,0,486,734,94,139,530
1728462781998581000,0,594,636,40,198,514
1728462781999422000,0,680,542,1,264,469
1728462782000263000,13,741,477,0,333,427
1728462782001105000,90,785,320,0,378,355
1728462782001946000,164,807,168,0,407,325
1728462782002788000,330,812,57,8,442,180
1728462782003630000,349,877,9,87,448,87
1728462782004472000,510,770,0,137,434,64
1728462782005313000,571,591,0,204,424,26
1728462782006154000,670,500,0,276,386,0
1728462782006995000,730,392,26,346,333,0
1728462782007836000,773,287,90,401,277,0
1728462782008677000,786,186,192,442,209,0
1728462782009519000,778,100,308,498,160,33
1728462782010361000,709,23,412,516,100,105
1728462782011202000,658,0,528,521,53,154
1728462782012118000,569,0,629,506,16,234
1728462782012959000,448,18,734,433,0,331
1728462782013800000,346,85,815,418,0,359
1728462782014642000,245,84,946,348,11,448
1728462782015483000,160,197,847,276,5,480
1728462782016325000,77,297,833,207,46,528
1728462782017167000,9,389,784,145,101,541
1728462782018008000,0,514,712,76,153,541
1728462782018849000,0,612,618,26,215,514
1728462782019690000,0,749,500,0,269,450
1728462782020531000,37,742,394,0,399,397
1728462782021373000,90,788,274,0,401,338
1728462782022214000,188,798,172,0,406,269
1728462782023056000,401,752,96,37,407,192
1728462782023897000,461,725,11,72,426,130
1728462782024739000,421,666,0,206,421,100
1728462782025519000,606,586,0,220,418,17
1728462782026360000,682,482,0,289,373,0
1728462782027201000,747,365,43,361,324,0
1728462782028043000,777,260,114,415,261,0
1728462782028885000,788,161,213,459,201,4
1728462782029727000,757,79,322,500,138,50
1728462782030569000,716,6,420,523,93,109
1728462782031410000,642,0,562,517,42,169
1728462782032251000,554,0,666,498,7,242
1728462782033092000,414,98,715,482,0,280
1728462782033934000,382,116,800,395,0,362
1728462782034776000,234,17,850,322,66,440
1728462782035617000,141,224,852,260,9,496
1728462782036459000,51,325,826,189,64,521
1728462782037300000,0,423,776,128,117,538
1728462782038141000,0,538,682,71,178,530
1728462782038998000,0,639,583,15,235,501
1728462782039839000,0,704,474,6,285,450
1728462782040680000,29,770,357,0,346,394
1728462782041521000,117,803,250,0,381,320
1728462782042363000,207,813,149,0,424,238
1728462782043205000,320,800,154,40,487,188
1728462782044047000,413,698,0,87,440,197
1728462782044888000,534,644,0,162,434,84
1728462782045729000,634,559,0,240,405,20
1728462782046570000,706,451,0,305,352,0
1728462782047411000,756,346,64,375,309,0
1728462782048252000,785,241,146,421,247,0
1728462782049094000,782,130,249,473,181,13
1728462782049936000,760,58,349,504,133,58
1728462782050778000,710,0,480,526,64,117
1728462782051619000,629,0,583,514,36,178
1728462782052471000,594,0,708,496,0,256
1728462782053312000,480,0,738,434,0,324
1728462782054154000,206,57,806,439,0,449
1728462782054995000,210,139,853,321,0,458
1728462782055837000,120,246,846,234,21,512
1728462782056679000,42,346,817,175,65,527
1728462782057521000,0,463,749,110,138,528
1728462782058362000,0,562,669,58,188,517
1728462782059203000,0,650,558,10,248,513
1728462782060044000,2,719,436,0,306,477
1728462782060885000,65,784,314,0,357,361
1728462782061726000,145,869,217,0,398,300
1728462782062567000,284,868,114,2,434,209
1728462782063409000,333,704,42,75,498,158
1728462782064251000,450,682,0,119,395,93
1728462782065093000,555,624,0,181,437,41
1728462782065941000,645,532,0,249,393,1
1728462782066782000,717,426,11,325,343,0
1728462782067623000,773,311,78,386,287,0
1728462782068464000,789,212,165,437,231,0
1728462782069306000,767,116,249,465,156,26
1728462782070148000,747,34,375,508,122,79
1728462782070990000,666,2,507,517,64,149
1728462782071831000,590,0,608,510,8,206
1728462782072672000,490,0,631,468,0,351
1728462782073513000,430,28,736,418,1,405
1728462782074354000,320,64,798,357,0,343
1728462782075195000,185,169,847,293,0,471
1728462782076037000,98,272,839,213,33,519
1728462782076879000,23,378,805,156,75,532
1728462782077721000,0,492,730,97,148,529
1728462782078562000,0,596,635,41,207,517
1728462782079402000,64,669,533,4,250,472
1728462782080243000,65,733,415,0,311,421
1728462782081085000,55,784,299,29,362,359
1728462782081927000,157,808,200,10,402,285
1728462782082769000,235,802,98,0,437,233
1728462782083611000,354,789,30,57,453,133
1728462782084453000,477,693,71,122,485,107
1728462782085295000,584,598,0,202,434,31
1728462782086136000,666,508,0,272,378,0
1728462782086977000,733,397,33,348,325,0
1728462782087819000,767,285,105,398,276,0
1728462782088660000,785,183,193,451,218,0
1728462782089502000,772,101,279,497,157,25
1728462782090344000,730,18,397,517,109,90
1728462782091186000,668,0,522,518,46,158
1728462782092027000,579,0,621,498,0,221
1728462782092879000,599,0,754,474,0,287
1728462782093720000,450,21,821,409,0,370
1728462782094562000,138,89,804,415,0,440
1728462782095404000,165,193,844,273,10,477
1728462782096246000,87,301,834,204,53,526
1728462782097088000,10,401,784,139,89,533
1728462782097929000,0,516,708,90,157,526
1728462782098770000,0,604,609,26,213,508
1728462782099611000,0,690,554,0,277,464
1728462782100452000,26,753,369,0,335,489
1728462782101294000,98,796,245,0,388,375
1728462782102135000,199,811,154,0,417,249
1728462782102977000,250,895,66,58,450,148
1728462782103819000,395,656,8,58,533,110
1728462782104661000,506,616,0,173,493,56
1728462782105502000,597,586,0,217,419,18
1728462782106350000,686,490,0,286,380,0
1728462782107191000,745,368,41,354,320,0
1728462782108032000,793,265,111,414,254,0
1728462782108874000,788,173,215,463,202,0
1728462782109716000,749,69,337,503,144,39
1728462782110558000,704,22,435,509,82,114
1728462782111399000,634,5,558,515,36,181
1728462782112240000,533,0,708,485,4,245
1728462782113081000,450,0,836,448,16,326
1728462782113922000,327,74,855,389,0,379
1728462782114764000,228,116,791,322,0,505
1728462782115606000,141,209,853,265,17,496
1728462782116448000,64,322,826,185,57,533
1728462782117290000,2,439,772,128,105,545
1728462782118132000,0,535,689,69,173,522
1728462782118973000,0,639,591,23,242,498
1728462782119822000,0,676,481,0,320,448
1728462782120663000,43,752,366,0,333,386
1728462782121505000,194,805,245,0,385,324
1728462782122346000,292,794,156,0,402,242
1728462782123188000,231,778,64,98,434,228
1728462782124030000,372,723,10,118,436,71
1728462782124871000,510,639,0,160,430,54
1728462782125712000,624,553,0,245,407,9
1728462782126553000,697,450,0,303,362,0
1728462782127394000,756,344,55,372,313,0
1728462782128235000,785,235,127,423,245,0
1728462782129077000,785,153,237,463,175,21
1728462782129919000,767,69,345,501,138,53
1728462782130761000,694,0,448,527,81,110
1728462782131602000,625,0,576,525,34,193
1728462782132443000,554,50,663,490,0,242
1728462782133293000,410,0,760,424,52,309
1728462782134135000,320,9,799,401,21,385
1728462782134976000,208,143,852,320,0,453
1728462782135818000,125,234,847,242,33,503
1728462782136660000,43,340,808,184,74,535
1728462782137502000,0,455,757,107,122,543
1728462782138343000,0,560,673,55,188,527
1728462782139184000,0,654,560,4,240,488
1728462782140025000,0,736,458,0,293,442
1728462782140866000,50,777,335,0,357,373
1728462782141707000,133,802,262,0,405,305
1728462782142548000,226,824,180,14,426,225
1728462782143390000,346,760,0,42,469,233
1728462782144232000,507,736,0,106,448,18
1728462782145073000,546,638,0,183,434,39
1728462782145914000,642,543,0,256,400,4
1728462782146768000,714,425,14,322,352,0
1728462782147610000,761,313,84,389,290,0
1728462782148451000,783,218,158,437,234,0
1728462782149293000,781,110,261,477,158,21
1728462782150135000,751,42,400,516,110,82
1728462782150976000,681,0,488,528,65,149
1728462782151817000,593,0,602,509,18,209
1728462782152658000,448,0,729,521,0,274
1728462782153499000,361,18,757,378,0,341
1728462782154340000,269,138,865,341,0,437
1728462782155182000,192,170,858,302,0,468
1728462782156024000,94,267,837,224,34,500
1728462782156865000,25,381,807,162,88,541
1728462782157707000,0,473,731,100,146,533
1728462782158548000,0,586,633,37,217,517
1728462782159389000,0,676,526,1,257,459
1728462782160243000,13,823,404,0,309,407
1728462782161085000,98,835,305,0,368,346
1728462782161926000,162,807,197,0,435,285
1728462782162767000,276,746,103,34,471,212
1728462782163609000,360,732,25,75,421,142
1728462782164451000,587,668,16,131,421,82
1728462782165292000,579,609,0,212,423,31
1728462782166133000,663,509,0,271,380,0
1728462782166974000,727,401,31,334,333,0
1728462782167816000,770,290,101,402,274,0
1728462782168657000,781,186,189,453,215,0
1728462782169499000,771,109,291,480,157,37
1728462782170341000,721,37,412,508,98,93
1728462782171183000,651,0,522,517,49,144
1728462782172024000,576,0,610,502,10,226
1728462782172865000,466,0,677,457,5,351
1728462782173705000,413,42,741,405,0,417
1728462782174546000,290,86,792,338,0,357
1728462782175387000,165,192,849,276,9,480
1728462782176229000,82,292,833,205,42,522
1728462782177071000,14,404,791,146,87,533
1728462782177913000,0,511,719,85,158,533
1728462782178754000,0,604,613,31,217,509
1728462782179595000,21,680,514,0,257,467
1728462782180436000,109,732,383,0,320,404
1728462782181278000,157,790,269,21,386,340
1728462782182119000,154,812,178,5,409,274
1728462782182961000,239,785,65,0,424,186
1728462782183803000,369,789,37,56,448,135
1728462782184645000,468,671,0,139,448,72
1728462782185486000,594,581,0,225,418,23
1728462782186327000,684,481,0,282,378,0
1728462782187174000,749,370,43,352,324,0
1728462782188015000,780,264,122,410,256,0
1728462782188856000,789,162,213,461,194,0
1728462782189698000,766,77,331,505,149,33
1728462782190540000,721,9,424,522,85,106
1728462782191381000,649,0,551,516,45,179
1728462782192222000,557,0,657,491,34,238
1728462782193063000,471,0,736,458,0,301
1728462782193904000,322,0,782,397,0,374
1728462782194746000,301,117,850,328,0,434
1728462782195588000,142,210,862,265,18,498
1728462782196430000,65,322,818,189,65,533
1728462782197272000,2,429,767,126,107,536
1728462782198114000,0,539,691,73,177,528
1728462782198955000,0,631,617,23,234,493
1728462782199796000,0,707,559,0,288,452
1728462782200654000,29,760,394,0,342,401
1728462782201496000,117,801,226,0,394,340
1728462782202337000,274,834,122,0,424,178
1728462782203179000,296,892,36,69,461,137
1728462782204021000,452,783,0,85,523,102
1728462782204863000,517,648,0,173,438,64
1728462782205704000,618,553,0,238,398,9
1728462782206545000,698,449,0,305,363,0
1728462782207386000,752,345,50,362,309,0
1728462782208227000,782,245,139,421,247,0
1728462782209069000,793,141,245,477,186,8
1728462782209911000,728,64,360,506,130,64
1728462782210753000,686,2,472,520,81,122
1728462782211594000,612,0,570,508,40,192
1728462782212435000,506,10,693,450,0,298
1728462782213276000,410,53,773,427,0,328
1728462782214124000,311,56,936,367,0,410
1728462782214965000,218,139,849,314,0,453
1728462782215807000,114,238,855,250,20,500
1728462782216649000,47,330,814,188,72,534
1728462782217490000,0,452,752,106,128,549
1728462782218331000,0,557,672,64,184,523
1728462782219172000,0,698,557,17,295,485
1728462782220013000,1,692,452,0,338,430
1728462782220855000,65,766,338,0,382,370
1728462782221697000,133,796,230,0,393,306
1728462782222538000,361,779,164,23,399,229
1728462782223379000,410,767,40,85,439,189
1728462782224221000,365,704,13,158,442,138
1728462782225062000,551,640,0,178,421,49
1728462782225903000,638,538,0,254,400,0
1728462782226744000,719,430,10,322,360,0
1728462782227589000,757,320,77,389,294,0
1728462782228430000,789,210,157,440,234,0
1728462782229271000,781,130,261,482,182,26
1728462782230113000,730,37,346,510,116,71
1728462782230955000,686,0,491,523,67,79
1728462782231796000,610,0,605,517,30,213
1728462782232637000,469,78,676,501,0,234
1728462782233478000,434,78,754,444,0,320
1728462782234319000,311,114,804,350,65,399
1728462782235160000,192,165,864,293,0,474
1728462782236002000,102,261,840,229,26,509
1728462782236844000,23,367,801,161,84,530
1728462782237686000,0,480,736,100,149,538
1728462782238527000,0,578,644,50,201,514
1728462782239369000,0,661,535,0,260,480
1728462782240210000,0,742,424,0,314,430
1728462782241061000,69,789,306,0,363,362
1728462782241903000,158,813,197,0,400,290
1728462782242744000,244,782,224,7,450,218
1728462782243586000,362,782,92,65,465,138
1728462782244428000,480,681,0,121,453,139
1728462782245269000,576,610,0,193,421,33
1728462782246110000,661,508,0,273,381,0
1728462782246951000,734,400,20,333,329,0
1728462782247793000,767,301,98,394,276,0
1728462782248634000,785,179,185,452,217,0
1728462782249476000,774,84,286,494,158,32
1728462782250318000,738,29,416,516,90,101
1728462782251160000,670,0,525,525,38,154
1728462782252001000,594,0,633,510,9,224
1728462782252842000,377,0,746,522,0,340
1728462782253683000,306,16,834,461,0,354
1728462782254532000,241,90,832,322,0,433
1728462782255374000,169,184,849,277,5,484
1728462782256216000,78,288,832,221,37,511
1728462782257058000,13,397,786,142,98,529
1728462782257900000,0,506,714,82,151,533
1728462782258741000,0,610,624,36,215,514
1728462782259583000,0,682,494,0,277,494
1728462782260424000,34,756,381,0,330,400
1728462782261266000,96,836,272,0,373,333
1728462782262107000,194,854,168,0,414,250
1728462782262949000,265,710,93,37,510,185
1728462782263791000,419,700,13,82,393,134
1728462782264633000,562,669,0,146,439,73
1728462782265474000,602,584,0,213,426,25
1728462782266315000,676,484,0,285,370,0
1728462782267156000,746,373,37,359,320,0
1728462782268016000,783,269,119,409,266,0
1728462782268858000,776,162,218,453,199,2
1728462782269700000,776,82,320,506,149,45
1728462782270542000,719,18,433,511,85,105
1728462782271383000,642,0,549,509,47,173
1728462782272224000,559,0,554,491,0,322
1728462782273065000,453,0,667,450,0,378
1728462782273906000,395,57,761,394,0,285
1728462782274748000,241,114,834,335,0,436
1728462782275590000,145,215,849,258,14,501
1728462782276432000,66,320,832,192,53,530
1728462782277274000,2,426,768,129,98,533
1728462782278115000,0,538,696,73,171,527
1728462782278956000,1,624,597,23,218,502
1728462782279797000,28,700,490,0,279,454
1728462782280639000,90,759,361,24,340,394
1728462782281476000,109,807,244,11,392,334
1728462782282318000,149,791,130,0,410,238
1728462782283160000,276,805,81,8,425,206
1728462782284001000,398,720,13,100,455,106
1728462782284843000,528,648,0,168,442,58
1728462782285684000,629,558,0,240,410,13
1728462782286525000,700,459,0,306,367,0
1728462782287366000,755,352,55,365,313,0
1728462782288207000,789,239,144,417,245,0
1728462782289049000,794,139,224,473,165,0
1728462782289890000,756,66,346,516,136,45
1728462782290732000,701,0,473,521,77,121
1728462782291573000,622,0,578,526,37,189
1728462782292414000,552,0,658,480,0,253
1728462782293255000,416,0,751,433,0,320
1728462782294097000,436,50,865,389,0,401
1728462782294946000,226,144,847,320,0,449
1728462782295788000,117,237,856,253,25,505
1728462782296630000,45,338,820,184,73,532
1728462782297471000,0,453,754,112,122,539
1728462782298312000,0,555,669,50,178,533
1728462782299153000,0,644,645,11,237,484
1728462782299994000,9,729,503,0,321,437
1728462782300835000,49,791,365,0,353,372
1728462782301676000,128,802,210,0,394,349
1728462782302518000,234,805,69,2,452,295
1728462782303360000,335,762,10,42,427,107
1728462782304202000,462,802,0,154,453,73
1728462782305043000,552,635,0,181,428,45
1728462782305884000,637,540,0,247,400,0
1728462782306725000,707,433,11,322,352,0
1728462782307567000,763,320,66,381,298,0
1728462782308426000,784,210,160,437,237,0
1728462782309267000,784,122,266,469,167,26
1728462782310109000,742,64,375,514,123,79
1728462782310951000,682,1,494,522,69,132
1728462782311792000,590,0,597,506,18,207
1728462782312633000,490,37,709,467,0,261
1728462782313474000,386,9,773,420,0,338
1728462782314316000,285,74,919,370,33,427
1728462782315157000,202,165,845,301,0,463
1728462782315999000,101,261,850,232,32,501
1728462782316840000,29,360,807,164,85,536
1728462782317682000,0,474,736,105,142,545
1728462782318523000,0,581,648,42,200,523
1728462782319364000,0,642,543,0,298,480
1728462782320205000,13,720,423,0,354,425
1728462782321046000,77,786,314,0,354,361
1728462782321892000,162,797,203,0,388,270
1728462782322734000,348,778,146,21,421,212
1728462782323576000,261,753,28,129,449,202
1728462782324418000,442,696,0,69,441,82
1728462782325260000,577,615,0,196,421,33
1728462782326101000,661,517,0,262,378,0
1728462782326942000,722,417,28,338,335,0
1728462782327784000,769,293,90,397,284,0
1728462782328625000,786,188,176,451,215,0
1728462782329467000,772,96,258,498,164,31
1728462782330309000,742,37,392,512,96,71
1728462782331151000,663,0,519,521,56,149
1728462782331992000,576,73,613,513,17,199
1728462782332833000,506,74,705,498,0,261
1728462782333674000,389,73,789,404,0,337
1728462782334515000,244,64,834,361,5,430
1728462782335365000,170,192,857,284,5,485
1728462782336207000,85,289,839,213,38,514
1728462782337049000,9,397,788,149,96,529
1728462782337890000,0,505,716,84,151,540
1728462782338731000,0,594,616,34,213,508
1728462782339573000,0,676,511,0,284,466
1728462782340414000,14,751,389,0,324,413
1728462782341256000,90,793,285,0,370,348
1728462782342097000,166,794,285,0,418,273
1728462782342939000,266,834,162,25,459,198
1728462782343781000,361,709,0,74,437,226
1728462782344622000,500,676,0,141,449,69
1728462782345463000,594,590,0,212,421,34
1728462782346304000,674,489,0,279,372,0
1728462782347145000,746,377,37,346,323,0
1728462782347986000,781,273,117,407,267,0
1728462782348845000,767,157,205,459,202,0
1728462782349687000,764,77,320,498,149,42
1728462782350529000,732,18,433,519,96,101
1728462782351370000,650,0,552,517,41,169
1728462782352211000,633,0,633,520,0,242
1728462782353052000,361,0,719,517,0,357
1728462782353893000,290,34,826,434,0,362
1728462782354735000,242,117,847,338,0,448
1728462782355577000,149,203,847,273,11,489
1728462782356419000,71,314,832,193,57,529
1728462782357261000,1,417,768,134,106,533
1728462782358102000,0,535,698,72,169,523
1728462782358943000,0,628,581,23,229,555
1728462782359784000,0,699,474,0,286,485
1728462782360625000,42,768,349,0,343,381
1728462782361466000,113,792,246,0,388,314
1728462782362302000,250,896,128,13,431,222
1728462782363144000,293,660,49,18,516,167
1728462782363986000,429,690,10,98,452,101
1728462782364828000,515,651,0,165,442,64
1728462782365669000,617,562,0,234,413,13
1728462782366510000,694,460,0,306,366,0
1728462782367351000,752,345,46,362,320,0
1728462782368193000,794,245,132,418,255,0
1728462782369035000,778,148,238,448,175,0
1728462782369877000,765,69,346,505,133,52
1728462782370719000,698,0,469,522,85,126
1728462782371560000,628,0,570,514,37,194
1728462782372401000,528,27,726,490,0,260
1728462782373242000,425,0,664,434,0,415
1728462782374084000,378,73,770,380,0,430
1728462782374926000,217,136,850,324,0,452
1728462782375771000,119,232,854,245,21,505
1728462782376613000,46,338,808,184,69,532
1728462782377455000,0,455,757,111,122,546
1728462782378296000,0,554,669,52,184,525
1728462782379137000,75,634,570,14,233,488
1728462782379978000,45,718,457,0,287,433
1728462782380820000,109,772,340,0,346,381
1728462782381661000,125,799,228,11,394,309
1728462782382503000,164,803,143,36,429,221
1728462782383345000,320,816,56,17,440,200
1728462782384187000,444,736,0,100,441,85
1728462782385028000,542,633,0,181,429,40
1728462782385869000,629,532,0,254,396,4
1728462782386710000,700,426,8,320,348,0
1728462782387551000,765,314,77,388,301,0
1728462782388392000,786,222,158,435,239,0
1728462782389245000,786,129,253,480,170,21
1728462782390087000,752,50,361,512,129,58
1728462782390929000,672,0,485,522,70,137
1728462782391770000,598,0,594,523,40,202
1728462782392611000,538,0,676,489,23,270
1728462782393452000,404,0,772,410,0,337
1728462782394293000,405,54,832,370,0,405
1728462782395135000,199,157,847,299,0,458
1728462782395977000,106,261,842,229,42,506
1728462782396819000,23,362,810,171,80,534
1728462782397661000,0,476,732,98,139,538
1728462782398502000,0,577,640,42,200,522
1728462782399343000,0,664,637,0,250,487
1728462782400184000,13,738,496,0,310,440
1728462782401025000,73,788,345,0,360,361
1728462782401866000,149,807,168,0,410,353
1728462782402715000,293,808,69,14,442,210
1728462782403557000,314,869,5,74,453,98
1728462782404399000,474,740,0,129,448,77
1728462782405240000,576,613,0,196,423,32
1728462782406081000,658,521,0,266,382,0
1728462782406922000,730,413,21,335,341,0
1728462782407764000,777,294,93,394,290,0
1728462782408605000,790,194,181,453,224,0
1728462782409447000,777,85,263,488,151,32
1728462782410289000,740,32,410,511,105,96
1728462782411130000,656,0,521,522,53,151
1728462782411971000,535,0,613,473,8,233
1728462782412812000,474,39,733,453,0,282
1728462782413654000,375,16,782,411,0,366
1728462782414496000,269,93,846,362,0,429
1728462782415338000,175,180,853,276,0,476
1728462782416198000,85,287,837,213,43,513
1728462782417039000,10,391,795,151,90,545
1728462782417881000,0,493,717,90,156,536
1728462782418722000,0,615,616,39,226,506
1728462782419564000,0,655,513,2,320,466
1728462782420405000,31,736,402,0,324,409
1728462782421247000,96,789,285,0,362,341
1728462782422088000,293,783,225,5,375,266
1728462782422929000,335,779,89,23,425,215
1728462782423771000,306,729,45,133,448,160
1728462782424612000,498,680,0,143,448,74
1728462782425453000,594,592,0,217,418,25
1728462782426294000,677,490,0,281,370,0
1728462782427135000,741,381,44,352,330,0
1728462782427976000,777,273,105,410,270,0
1728462782428818000,786,164,200,448,207,0
1728462782429655000,762,82,297,493,161,43
1728462782430497000,727,20,415,504,82,93
1728462782431338000,646,0,544,522,42,162
1728462782432179000,570,73,642,530,5,195
1728462782433020000,485,49,725,452,22,298
1728462782433861000,324,0,800,413,50,366
1728462782434702000,245,106,843,345,0,439
1728462782435544000,163,204,852,266,18,489
1728462782436386000,72,314,832,202,49,523
1728462782437228000,0,422,778,133,105,530
1728462782438069000,0,521,708,75,169,530
1728462782438910000,0,619,594,14,225,506
1728462782439751000,0,711,487,0,277,465
1728462782440592000,34,759,361,0,343,397
1728462782441434000,105,800,293,0,378,334
1728462782442275000,197,839,221,0,431,242
1728462782443130000,305,775,11,34,465,261
1728462782443972000,457,736,0,85,444,57
1728462782444814000,517,666,0,159,444,69
1728462782445655000,617,565,0,225,412,14
1728462782446496000,701,465,0,298,363,0
1728462782447337000,752,352,52,368,299,0
1728462782448178000,782,254,133,431,254,0
1728462782449020000,782,149,227,463,180,5
1728462782449862000,762,64,343,505,139,68
1728462782450704000,698,0,442,514,64,132
1728462782451545000,630,0,568,520,26,184
1728462782452386000,484,0,650,422,0,234
1728462782453227000,395,0,732,400,0,314
1728462782454068000,295,107,851,365,0,409
1728462782454910000,222,132,855,326,0,453
1728462782455752000,128,228,836,245,21,498
1728462782456625000,50,338,822,175,64,522
1728462782457467000,0,448,759,121,128,530
1728462782458308000,0,554,677,64,184,530
1728462782459149000,0,642,559,20,240,469
1728462782459990000,0,797,451,0,298,432
1728462782460832000,57,826,338,0,361,374
1728462782461673000,124,788,234,0,414,314
1728462782462515000,250,751,134,16,419,214
1728462782463357000,469,761,90,74,426,153
1728462782464199000,501,689,0,117,431,101
1728462782465040000,542,629,0,185,434,47
1728462782465881000,636,538,0,244,401,8
1728462782466722000,708,438,2,305,354,0
1728462782467563000,762,327,71,378,293,0
1728462782468405000,789,217,155,439,232,0
1728462782469247000,782,138,264,480,177,15
1728462782470071000,741,50,368,507,121,69
1728462782470913000,677,5,463,514,72,133
1728462782471754000,610,0,549,506,31,244
1728462782472595000,546,0,642,465,0,324
1728462782473436000,431,10,736,431,0,282
1728462782474277000,295,175,815,368,0,386
1728462782475118000,188,154,853,305,0,463
1728462782475960000,106,250,840,242,36,512
1728462782476802000,34,369,805,162,81,537
1728462782477643000,0,473,747,97,133,541
1728462782478484000,0,578,648,52,197,517
1728462782479325000,26,661,548,3,245,473
1728462782480166000,0,725,433,18,305,420
1728462782481007000,45,782,320,5,366,363
1728462782481849000,117,799,194,0,397,293
1728462782482691000,239,821,109,0,430,245
1728462782483549000,346,743,26,46,442,146
1728462782484391000,448,709,0,125,452,92
1728462782485232000,562,616,0,197,425,23
1728462782486073000,658,517,0,266,398,0
1728462782486914000,718,407,30,337,340,0
1728462782487756000,770,290,87,409,284,0
1728462782488597000,799,197,173,444,226,0
1728462782489438000,773,107,285,487,162,18
1728462782490280000,739,40,383,517,98,82
1728462782491121000,666,0,514,524,56,133
1728462782491962000,586,0,618,523,53,210
1728462782492803000,485,0,706,469,0,279
1728462782493644000,495,0,801,437,0,357
1728462782494486000,288,90,839,350,0,429
1728462782495328000,178,181,850,290,0,474
1728462782496170000,86,293,839,213,45,520
1728462782497016000,14,386,798,151,98,536
1728462782497858000,0,491,714,93,149,538
1728462782498699000,0,597,660,34,215,514
1728462782499540000,0,679,605,0,266,475
1728462782500381000,21,754,441,0,321,418
1728462782501223000,90,794,266,0,380,372
1728462782502064000,224,828,137,0,422,312
1728462782502905000,270,770,64,26,448,151
1728462782503747000,405,837,0,104,458,110
1728462782504589000,490,681,0,142,439,76
1728462782505430000,590,594,0,212,409,21
1728462782506271000,680,498,0,282,374,0
1728462782507112000,723,392,36,346,327,0
1728462782507954000,770,273,106,409,269,0
1728462782508795000,802,170,210,463,217,5
1728462782509637000,748,68,314,494,141,50
1728462782510490000,715,23,426,513,93,98
1728462782511331000,655,0,546,517,46,165
1728462782512172000,549,32,645,472,0,213
1728462782513013000,450,0,821,450,0,324
1728462782513854000,336,42,911,401,26,405
1728462782514695000,256,106,839,338,0,439
1728462782515537000,149,200,855,270,2,485
1728462782516379000,66,305,832,199,48,527
1728462782517221000,4,414,788,133,102,533
1728462782518063000,0,521,704,81,162,534
1728462782518904000,0,583,594,29,277,497
1728462782519745000,0,674,487,0,320,458
1728462782520586000,30,745,380,0,320,395
1728462782521428000,117,793,260,0,370,337
1728462782522269000,301,802,212,8,407,255
1728462782523111000,205,779,79,111,434,238
1728462782523998000,362,721,0,37,448,113
1728462782524840000,519,663,0,155,440,64
1728462782525681000,622,570,0,226,418,18
1728462782526522000,690,466,0,292,365,0
1728462782527363000,754,357,50,370,309,0
1728462782528204000,780,250,132,422,252,0
1728462782529046000,778,158,226,466,196,9
1728462782529888000,773,87,321,498,141,64
1728462782530730000,709,5,457,517,79,97
1728462782531571000,634,5,558,522,32,178
1728462782532412000,576,58,658,484,0,229
1728462782533253000,442,0,742,437,58,309
1728462782534094000,330,0,821,406,34,388
1728462782534936000,227,128,846,323,0,453
1728462782535778000,130,224,843,252,21,497
1728462782536620000,58,335,818,186,69,526
1728462782537429000,0,444,760,116,111,535
1728462782538270000,0,554,682,74,181,522
1728462782539111000,0,638,576,5,240,498
1728462782539952000,0,717,481,0,293,449
1728462782540794000,47,768,342,0,351,384
1728462782541635000,133,804,286,0,409,320
1728462782542477000,237,837,205,0,436,241
1728462782543319000,320,784,0,42,422,270
1728462782544160000,448,720,0,110,454,117
1728462782545001000,533,640,5,178,436,50
1728462782545842000,631,540,0,250,402,5
1728462782546683000,712,448,0,309,357,0
1728462782547524000,762,325,73,375,295,0
1728462782548366000,791,218,148,437,239,0
1728462782549208000,784,128,256,484,174,16
1728462782550049000,752,46,375,518,107,68
1728462782550905000,693,0,484,521,58,132
1728462782551746000,675,0,617,522,10,202
1728462782552587000,578,0,670,552,0,296
1728462782553428000,322,0,761,496,0,379
1728462782554270000,303,74,825,377,0,417
1728462782555112000,196,159,852,304,0,458
1728462782555954000,100,250,847,233,28,505
1728462782556796000,36,357,808,171,82,535
1728462782557638000,0,476,746,98,132,540
1728462782558479000,0,569,642,42,192,553
1728462782559320000,0,661,535,5,253,471
1728462782560161000,0,737,428,0,303,415
1728462782561002000,64,818,320,0,363,356
1728462782561844000,158,832,193,0,488,276
1728462782562686000,245,727,97,26,493,215
1728462782563528000,381,738,42,66,389,170
1728462782564378000,466,706,0,124,450,87
1728462782565219000,565,612,0,193,436,37
1728462782566060000,645,516,0,269,392,0
1728462782566901000,727,410,14,335,343,0
1728462782567743000,772,298,89,390,290,0
1728462782568584000,775,192,172,427,216,0
1728462782569426000,780,123,280,490,164,37
1728462782570268000,733,34,399,508,113,82
1728462782571109000,672,0,466,526,47,148
1728462782571950000,594,0,533,500,32,288
1728462782572791000,533,10,665,457,0,255
1728462782573632000,386,10,762,416,0,293
1728462782574474000,285,98,837,357,0,426
1728462782575315000,171,173,855,287,0,466
1728462782576157000,90,276,837,218,43,516
1728462782576998000,16,386,786,151,98,538
1728462782577844000,0,500,719,78,146,538
1728462782578685000,43,589,632,36,196,509
1728462782579527000,0,687,521,40,266,473
1728462782580368000,0,758,413,4,320,417
1728462782581209000,71,794,290,0,373,346
1728462782582050000,149,806,171,0,418,306
1728462782582892000,250,842,101,2,439,196
1728462782583734000,365,740,118,64,480,148
1728462782584576000,489,677,0,138,448,69
1728462782585417000,585,598,0,213,421,30
1728462782586258000,669,498,0,285,378,0
1728462782587099000,732,380,39,346,330,0
1728462782587941000,773,274,106,407,266,0
1728462782588782000,794,177,194,463,213,0
1728462782589624000,773,65,308,498,148,26
1728462782590466000,719,14,437,517,85,94
1728462782591313000,650,0,549,520,41,165
1728462782592154000,696,0,673,521,0,228
1728462782592995000,568,0,772,475,0,308
1728462782593836000,421,10,772,407,0,389
1728462782594677000,250,111,842,340,0,442
1728462782595519000,157,203,854,269,0,484
1728462782596361000,64,303,832,203,53,523
1728462782597203000,9,414,767,142,107,549
1728462782598045000,0,521,693,73,166,530
1728462782598886000,0,618,641,21,234,498
1728462782599727000,0,704,480,0,279,534
1728462782600568000,34,757,365,0,327,426
1728462782601410000,106,803,261,0,386,320
1728462782602252000,165,922,144,21,434,218
1728462782603094000,320,840,53,21,494,161
1728462782603936000,395,653,5,100,510,110
1728462782604799000,517,666,0,153,440,70
1728462782605640000,610,576,0,233,407,13
1728462782606481000,692,472,0,298,366,0
1728462782607322000,742,362,53,359,320,0
1728462782608163000,775,251,130,418,255,0
1728462782609005000,762,153,226,474,197,10
1728462782609847000,757,73,327,466,157,64
1728462782610689000,714,16,454,523,74,111
1728462782611530000,634,2,568,517,30,174
1728462782612371000,522,0,773,482,26,266
1728462782613212000,426,10,855,452,18,333
1728462782614053000,321,55,752,397,0,463
1728462782614895000,226,129,842,320,0,448
1728462782615737000,138,224,852,245,16,501
1728462782616579000,53,327,823,192,64,525
1728462782617421000,0,450,770,117,117,546
1728462782618259000,0,546,693,65,180,529
1728462782619100000,0,610,570,20,250,490
1728462782619941000,0,713,460,0,277,453
1728462782620783000,88,770,354,0,341,387
1728462782621624000,210,789,242,0,382,292
1728462782622466000,119,798,122,74,415,286
1728462782623308000,266,778,68,9,450,162
1728462782624150000,442,727,1,104,453,106
1728462782624991000,541,644,0,171,442,56
1728462782625832000,633,548,0,239,398,2
1728462782626673000,712,441,0,306,352,0
1728462782627514000,756,334,64,378,292,0
1728462782628355000,778,228,148,438,237,0
1728462782629197000,786,133,244,482,181,11
1728462782630039000,752,54,336,501,129,64
1728462782630881000,692,4,482,514,65,136
1728462782631727000,623,0,576,493,98,192
1728462782632568000,505,0,669,490,42,253
1728462782633409000,423,0,761,450,2,320
1728462782634250000,283,64,828,386,0,409
1728462782635092000,202,148,845,303,0,461
1728462782635934000,109,256,852,232,23,509
1728462782636776000,39,365,809,173,71,533
1728462782637618000,0,467,743,109,138,530
1728462782638459000,0,576,661,47,192,530
1728462782639300000,0,655,557,16,250,484
1728462782640141000,5,725,520,0,306,432
1728462782640982000,66,783,362,0,362,370
1728462782641823000,142,808,122,0,378,390
1728462782642665000,267,821,64,10,456,282
1728462782643507000,362,747,10,66,449,97
1728462782644349000,464,700,0,129,442,92
1728462782645200000,562,609,0,199,430,41
1728462782646041000,650,523,0,253,393,2
1728462782646882000,719,416,15,325,344,0
1728462782647723000,770,308,81,386,288,0
1728462782648564000,782,192,169,436,178,0
1728462782649406000,779,122,285,490,167,17
1728462782650248000,692,32,392,522,107,85
1728462782651090000,673,0,503,513,64,142
1728462782651931000,549,0,605,459,4,247
1728462782652772000,461,1,704,427,0,316
1728462782653613000,381,74,779,397,0,333
1728462782654455000,273,86,832,360,0,413
1728462782655296000,184,171,854,290,10,473
1728462782656138000,89,274,842,224,41,516
1728462782656980000,18,381,799,148,84,541
1728462782657822000,0,493,727,90,142,533
1728462782658674000,0,666,626,37,213,496
1728462782659515000,0,724,522,1,265,465
1728462782660356000,16,724,405,0,376,409
1728462782661197000,85,781,290,0,395,352
1728462782662039000,175,773,180,0,350,273
1728462782662881000,398,772,141,32,405,213
1728462782663723000,252,753,5,144,442,170
1728462782664565000,481,687,0,142,442,71
1728462782665406000,585,590,0,210,425,22
1728462782666247000,657,494,0,279,385,0
1728462782667088000,736,378,29,353,327,0
1728462782667930000,778,277,98,410,272,0
1728462782668771000,783,174,203,442,209,2
1728462782669613000,779,93,314,501,148,37
1728462782670455000,717,26,402,516,90,98
1728462782671296000,654,0,534,509,50,165
1728462782672151000,633,23,610,509,8,141
1728462782672992000,468,0,706,473,0,254
1728462782673834000,360,122,782,440,1,352
1728462782674675000,249,105,844,335,0,437
1728462782675517000,159,207,850,264,2,488
1728462782676359000,64,314,836,202,53,531
1728462782677201000,8,405,772,142,109,537
1728462782678043000,0,519,685,71,155,538
1728462782678884000,0,616,608,73,212,509
1728462782679725000,0,696,494,20,269,455
1728462782680566000,23,765,386,0,327,397
1728462782681408000,92,810,269,0,382,330
1728462782682250000,186,824,160,0,422,260
1728462782683092000,302,811,145,30,474,196
1728462782683934000,416,738,0,85,448,196
1728462782684775000,516,663,0,165,431,57
1728462782685617000,608,576,0,228,414,13
1728462782686458000,681,466,0,294,365,0
1728462782687299000,741,356,53,368,310,0
1728462782688140000,783,242,122,422,261,0
1728462782688982000,770,110,212,466,205,2
1728462782689824000,761,77,335,509,126,49
1728462782690666000,713,5,458,517,85,101
1728462782691507000,693,0,582,517,18,184
1728462782692348000,427,0,649,569,0,286
1728462782693189000,343,0,762,506,0,370
1728462782694030000,322,50,816,378,0,395
1728462782694872000,226,129,844,329,0,442
1728462782695714000,130,225,845,257,18,490
1728462782696556000,43,325,824,186,64,529
1728462782697398000,0,431,762,126,121,540
1728462782698239000,0,546,677,58,175,561
1728462782699086000,0,637,564,6,234,477
1728462782699927000,0,719,460,0,292,428
1728462782700768000,48,832,345,0,350,370
1728462782701610000,125,850,225,0,469,289
1728462782702451000,221,726,133,33,473,234
1728462782703293000,314,738,53,37,394,178
1728462782704135000,442,722,0,106,448,102
1728462782704977000,538,646,0,177,441,43
1728462782705818000,624,545,0,242,402,2
1728462782706659000,711,442,0,322,360,0
1728462782707500000,757,325,58,378,301,0
1728462782708341000,797,235,146,429,244,0
1728462782709183000,768,144,253,466,170,20
1728462782710025000,745,58,360,508,125,56
1728462782710867000,690,0,486,523,84,128
1728462782711708000,634,2,533,509,46,242
1728462782712568000,576,0,642,497,0,192
1728462782713409000,437,0,732,429,0,279
1728462782714250000,308,74,826,372,0,418
1728462782715092000,207,153,850,313,0,463
1728462782715934000,113,254,847,239,29,500
1728462782716776000,36,352,810,173,82,533
1728462782717618000,0,470,743,113,135,540
1728462782718459000,26,564,662,47,181,523
1728462782719300000,0,654,559,53,240,485
1728462782720141000,0,725,442,37,295,434
1728462782720983000,50,786,321,0,361,370
1728462782721824000,122,832,228,0,405,328
1728462782722666000,226,847,123,1,436,215
1728462782723508000,348,790,124,53,468,164
1728462782724350000,466,704,0,119,442,87
1728462782725192000,549,623,0,192,429,32
1728462782726030000,645,529,0,261,394,5
1728462782726871000,713,412,18,325,341,0
1728462782727712000,772,298,82,397,296,0
1728462782728554000,792,205,154,442,229,0
1728462782729396000,779,106,267,490,164,26
1728462782730238000,736,37,359,501,94,66
1728462782731079000,679,0,509,522,56,145
1728462782731920000,688,0,670,517,0,212
1728462782732761000,578,0,741,482,0,281
1728462782733602000,282,20,776,517,0,382
1728462782734444000,276,85,825,361,0,425
1728462782735286000,181,169,852,292,0,468
1728462782736128000,90,272,847,222,39,509
1728462782736970000,17,380,795,158,89,540
1728462782737811000,0,483,721,98,146,533
1728462782738652000,0,582,676,39,213,513
1728462782739501000,0,680,502,0,265,537
1728462782740342000,16,740,395,0,314,460
1728462782741184000,90,791,290,0,367,338
1728462782742026000,164,911,186,21,425,250
1728462782742868000,266,676,82,18,527,202
1728462782743710000,397,700,0,69,449,133
1728462782744552000,495,690,0,138,452,76
1728462782745393000,584,601,0,212,413,21
1728462782746234000,666,506,0,276,386,0
1728462782747075000,724,390,34,341,330,0
1728462782747917000,781,278,97,410,274,0
1728462782748758000,786,186,194,451,212,0
1728462782749600000,763,106,314,489,161,45
1728462782750442000,695,8,425,510,101,90
1728462782751283000,649,0,561,521,53,161
1728462782752124000,561,0,532,490,0,325
1728462782752982000,466,0,654,452,0,376
1728462782753823000,386,43,767,393,0,401
1728462782754664000,254,106,844,340,0,437
1728462782755506000,162,197,853,273,8,480
1728462782756348000,71,305,832,206,50,514
1728462782757189000,0,410,788,133,101,538
1728462782758031000,0,509,704,79,162,533
1728462782758872000,62,610,599,30,220,506
1728462782759713000,42,698,493,0,269,474
1728462782760554000,7,751,381,20,322,397
1728462782761396000,58,798,273,8,374,322
1728462782762238000,157,810,157,0,409,286
1728462782763080000,297,805,86,34,448,181
1728462782763922000,394,732,30,88,453,129
1728462782764763000,514,672,0,157,438,68
1728462782765604000,602,576,0,228,413,8
1728462782766452000,684,468,0,290,370,0
1728462782767293000,734,349,45,359,309,0
1728462782768134000,783,250,122,427,258,0
1728462782768975000,794,160,215,470,202,0
1728462782769817000,767,68,321,497,136,50
1728462782770659000,719,11,452,522,72,113
1728462782771500000,645,0,559,510,0,151
1728462782772341000,674,0,687,506,0,250
1728462782773182000,554,0,801,473,0,320
1728462782774023000,361,42,805,407,0,385
1728462782774864000,233,130,842,322,0,450
1728462782775706000,137,225,847,250,11,501
1728462782776548000,64,340,832,192,66,528
1728462782777390000,0,436,767,125,122,541
1728462782778231000,0,542,752,67,177,529
1728462782779072000,0,640,616,21,242,551
1728462782779917000,0,713,448,0,293,498
1728462782780758000,50,776,345,0,345,426
1728462782781600000,185,808,210,0,386,242
1728462782782441000,202,911,125,26,448,219
1728462782783283000,350,779,42,25,541,162
1728462782784125000,437,722,0,109,461,113
1728462782784966000,533,644,0,164,431,57
1728462782785807000,627,551,0,238,398,8
1728462782786648000,704,448,0,309,354,0
1728462782787489000,754,341,65,377,301,0
1728462782788330000,752,213,141,436,235,0
1728462782789172000,784,116,250,480,186,23
1728462782790014000,752,57,351,498,124,69
1728462782790856000,677,5,482,520,68,127
1728462782791697000,597,0,587,485,21,183
1728462782792538000,517,7,776,480,20,269
1728462782793405000,373,39,837,437,0,343
1728462782794246000,301,64,824,379,0,404
1728462782795088000,202,145,848,313,0,460
1728462782795930000,116,249,850,240,23,511
1728462782796772000,42,350,808,170,69,530
1728462782797614000,0,466,753,105,132,542
1728462782798455000,0,537,657,53,228,521
1728462782799296000,0,631,554,13,285,480
1728462782800137000,11,718,440,0,298,434
1728462782800979000,125,777,320,0,348,370
1728462782801820000,229,800,213,0,386,302
1728462782802662000,160,794,128,69,426,258
1728462782803504000,306,764,77,106,444,138
1728462782804345000,466,706,0,122,453,100
1728462782805186000,556,615,0,186,427,37
1728462782806027000,650,525,0,256,402,0
1728462782806862000,718,423,1,324,350,0
1728462782807703000,765,309,79,389,282,0
1728462782808544000,775,213,160,442,215,0
1728462782809386000,786,119,255,486,175,26
1728462782810228000,740,42,378,520,117,53
1728462782811070000,681,0,491,517,64,133
1728462782811911000,618,31,587,482,71,197
1728462782812752000,482,0,696,474,50,266
1728462782813593000,415,0,769,441,20,335
1728462782814434000,279,85,839,365,0,423
1728462782815276000,186,170,850,295,1,476
1728462782816118000,87,267,834,220,39,513
1728462782816960000,32,376,795,151,93,535
1728462782817801000,0,489,727,97,138,533
1728462782818642000,0,591,638,41,203,510
1728462782819483000,0,672,532,0,264,473
1728462782820340000,5,744,427,0,320,423
1728462782821182000,82,800,327,0,381,362
1728462782822024000,177,806,94,0,386,373
1728462782822866000,277,789,47,13,459,273
1728462782823708000,369,756,5,69,433,78
1728462782824550000,480,682,0,134,448,76
1728462782825391000,581,597,0,207,426,30
1728462782826232000,672,506,0,274,382,0
1728462782827073000,737,402,21,339,338,0
1728462782827914000,779,290,102,392,270,0
1728462782828755000,804,178,186,455,205,0
1728462782829597000,778,85,310,499,146,28
1728462782830439000,723,26,417,514,100,108
1728462782831280000,612,0,557,552,47,157
1728462782832121000,517,0,612,449,4,228
1728462782832962000,448,0,738,430,0,329
1728462782833802000,363,36,809,413,0,372
1728462782834643000,251,103,835,346,0,426
1728462782835484000,154,201,858,281,8,485
1728462782836326000,74,290,836,212,50,520
1728462782837167000,10,402,781,137,97,538
1728462782838009000,0,526,718,84,157,538
1728462782838850000,0,674,604,29,209,490
1728462782839691000,0,743,501,0,283,448
1728462782840532000,23,748,393,0,382,402
1728462782841373000,101,728,276,13,425,328
1728462782842215000,215,778,162,0,349,263
1728462782843057000,425,777,127,42,413,196
1728462782843899000,407,747,18,89,440,130
1728462782844741000,513,676,0,156,448,58
1728462782845582000,597,578,0,224,414,20
1728462782846423000,678,472,0,302,370,0
1728462782847278000,748,357,46,354,322,0
1728462782848119000,762,272,129,405,263,0
1728462782848961000,789,162,216,460,197,9
1728462782849803000,767,78,325,497,154,41
1728462782850645000,713,8,421,512,94,109
1728462782851486000,682,0,510,517,37,194
1728462782852328000,578,0,624,498,0,181
1728462782853169000,421,116,722,457,0,266
1728462782854010000,338,49,821,397,0,391
1728462782854851000,234,128,844,330,0,448
1728462782855693000,136,225,857,256,15,490
1728462782856535000,57,324,832,196,72,529
1728462782857377000,0,433,756,122,119,538
1728462782858218000,47,536,687,64,168,533
1728462782859059000,0,629,586,49,226,502
1728462782859900000,0,713,472,13,287,449
1728462782860764000,36,783,356,0,345,391
1728462782861606000,74,807,253,0,392,346
1728462782862448000,212,847,160,0,431,238
1728462782863290000,309,784,159,47,497,202
1728462782864132000,431,724,4,101,449,114
1728462782864973000,535,645,0,173,434,45
1728462782865814000,629,554,0,242,398,4
1728462782866655000,696,457,2,309,356,0
1728462782867496000,759,329,65,378,304,0
1728462782868337000,786,233,133,437,244,0
1728462782869179000,780,136,235,480,183,0
1728462782870021000,756,39,363,509,122,58
1728462782870863000,700,0,489,525,69,125
1728462782871704000,733,0,637,533,2,201
1728462782872545000,608,0,680,480,0,272
1728462782873386000,309,0,741,498,0,381
1728462782874221000,306,66,815,378,0,405
1728462782875063000,213,149,852,303,0,462
1728462782875905000,116,250,853,240,28,498
1728462782876747000,34,349,810,180,73,530
1728462782877589000,0,463,743,113,138,538
1728462782878430000,0,565,629,49,199,595
1728462782879272000,0,653,542,8,244,535
1728462782880113000,9,732,433,0,299,421
1728462782880955000,65,833,325,0,362,358
1728462782881796000,178,882,226,0,398,274
1728462782882638000,232,698,101,0,501,202
1728462782883480000,361,717,34,79,485,151
1728462782884322000,466,705,0,116,450,94
1728462782885163000,558,623,0,189,425,37
1728462782886004000,642,533,0,266,397,0
1728462782886845000,711,423,13,325,345,0
1728462782887693000,762,305,79,394,293,0
1728462782888535000,767,202,171,433,226,0
1728462782889377000,776,118,271,473,178,34
1728462782890219000,743,45,382,514,119,74
1728462782891060000,679,0,538,521,57,141
1728462782891901000,578,18,674,503,10,186
1728462782892742000,485,0,615,473,0,365
1728462782893583000,395,15,736,424,5,402
1728462782894424000,289,90,832,363,0,429
1728462782895266000,192,167,856,290,0,476
1728462782896108000,98,274,848,224,34,514
1728462782896950000,26,382,797,165,85,528
1728462782897791000,0,485,733,96,148,538
1728462782898632000,0,565,637,40,188,509
1728462782899474000,45,669,519,1,251,480
1728462782900315000,43,740,411,0,313,422
1728462782901161000,20,790,298,39,365,358
1728462782902002000,105,803,224,42,410,285
1728462782902844000,234,797,87,0,441,238
1728462782903686000,360,754,25,68,453,149
1728462782904528000,482,692,0,137,448,84
1728462782905369000,583,610,0,207,420,32
1728462782906210000,670,506,0,276,378,0
1728462782907051000,740,398,34,345,334,0
1728462782907892000,773,290,101,405,276,0
1728462782908734000,793,185,196,453,217,0
1728462782909576000,774,98,282,498,162,30
1728462782910418000,733,29,412,513,101,101
1728462782911259000,669,0,521,533,93,159
1728462782912100000,565,0,624,496,0,213
1728462782912941000,466,0,733,469,0,288
1728462782913782000,357,25,799,418,0,369
1728462782914632000,257,97,838,354,0,426
1728462782915474000,165,192,852,274,10,482
1728462782916316000,79,301,834,207,43,522
1728462782917157000,9,401,786,148,101,536
1728462782917999000,0,504,707,82,167,528
1728462782918840000,0,608,679,29,218,510
1728462782919681000,0,685,562,5,276,462
1728462782920522000,32,757,410,0,333,407
1728462782921363000,93,785,206,0,391,407
1728462782922205000,242,821,136,0,397,184
1728462782923047000,302,870,57,64,452,158
1728462782923889000,398,736,9,88,452,133
1728462782924730000,505,672,0,154,441,73
1728462782925571000,605,581,0,217,420,21
1728462782926412000,686,482,2,287,370,0
1728462782927253000,746,370,42,353,320,0
1728462782928110000,788,261,125,416,234,0
1728462782928951000,788,168,224,465,202,0
1728462782929793000,722,75,330,509,141,54
1728462782930635000,713,5,436,527,92,104
1728462782931475000,608,0,528,469,42,188
1728462782932317000,522,37,671,465,0,266
1728462782933158000,426,8,728,434,0,301
1728462782933999000,345,58,810,398,0,394
1728462782934840000,233,122,845,333,0,435
1728462782935682000,133,210,853,263,10,488
1728462782936524000,57,320,824,194,64,532
1728462782937366000,0,426,772,119,106,545
1728462782938208000,0,584,680,69,169,513
1728462782939049000,0,624,591,21,279,494
1728462782939890000,0,684,480,0,322,448
1728462782940731000,41,754,359,0,346,386
1728462782941577000,245,781,254,0,351,314
1728462782942419000,293,793,164,0,393,248
1728462782943261000,235,782,103,90,436,192
1728462782944103000,423,725,0,98,450,116
1728462782944944000,532,644,0,175,437,50
1728462782945785000,626,541,0,242,413,8
1728462782946626000,696,454,0,305,362,0
1728462782947467000,754,336,55,375,296,0
1728462782948308000,789,238,113,416,229,0
1728462782949150000,789,145,249,474,185,8
1728462782949992000,757,64,354,509,125,64
1728462782950834000,704,0,466,520,82,119
1728462782951675000,645,42,576,504,117,175
1728462782952516000,504,0,674,512,49,249
1728462782953357000,440,0,760,463,18,320
1728462782954199000,308,69,832,382,0,410
1728462782955047000,200,144,852,320,0,458
1728462782955889000,116,256,842,238,30,511
1728462782956731000,47,349,810,168,74,535
1728462782957573000,0,459,746,112,119,536
1728462782958414000,0,563,661,50,189,516
1728462782959255000,0,656,562,8,249,494
1728462782960096000,0,721,519,0,299,436
1728462782960938000,64,788,365,0,362,373
1728462782961779000,138,813,253,0,395,400
1728462782962620000,261,794,50,0,451,297
1728462782963462000,401,779,17,57,453,107
1728462782964304000,450,706,0,117,449,101
1728462782965145000,561,619,0,193,427,45
1728462782965986000,647,528,0,261,398,2
1728462782966827000,716,432,9,322,349,0
1728462782967668000,766,306,73,388,290,0
1728462782968530000,797,194,170,440,224,0
1728462782969372000,778,117,272,485,169,20
1728462782970214000,709,32,370,513,116,76
1728462782971056000,650,0,513,553,66,149
1728462782971897000,564,0,584,449,18,210
1728462782972738000,461,2,704,442,0,323
1728462782973579000,385,18,776,407,0,354
1728462782974420000,295,82,832,370,0,414
1728462782975262000,185,171,852,301,0,463
1728462782976104000,100,261,837,224,36,506
1728462782976946000,26,381,802,158,90,538
1728462782977788000,0,484,732,92,138,541
1728462782978629000,0,615,624,33,201,496
1728462782979470000,0,732,529,4,261,468
1728462782980311000,10,785,420,0,320,417
1728462782981153000,64,698,292,0,442,340
1728462782982042000,181,730,181,0,383,272
1728462782982884000,242,762,106,20,389,202
1728462782983726000,378,757,21,67,450,154
1728462782984568000,480,696,0,134,450,77
1728462782985409000,579,607,0,207,431,23
1728462782986250000,661,506,0,274,383,0
1728462782987091000,726,394,32,349,334,0
1728462782987932000,769,286,100,407,266,0
1728462782988774000,779,193,182,448,213,0
1728462782989616000,773,106,293,487,149,42
1728462782990458000,726,30,416,522,101,85
1728462782991300000,656,0,459,514,82,220
1728462782992141000,642,13,578,505,10,138
1728462782992982000,520,0,686,463,0,221
1728462782993823000,372,39,794,410,0,370
1728462782994664000,265,104,845,343,0,439
1728462782995469000,164,201,853,277,0,486
1728462782996311000,77,297,833,207,53,520
1728462782997153000,7,397,777,144,101,540
1728462782997995000,18,506,704,86,151,533
1728462782998836000,0,606,608,79,218,509
1728462782999677000,0,689,509,21,269,470
1728462783000518000,14,757,390,0,324,409
1728462783001359000,89,811,282,0,383,362
1728462783002201000,170,847,177,0,421,253
1728462783003043000,272,786,174,28,474,201
1728462783003885000,405,741,8,79,453,131
1728462783004727000,505,673,0,151,436,64
1728462783005568000,601,583,0,224,416,18
1728462783006409000,682,488,0,290,378,0
1728462783007250000,738,368,42,354,322,0
1728462783008091000,791,258,120,418,266,0
1728462783008937000,788,136,201,461,203,1
1728462783009779000,770,85,320,491,138,54
1728462783010621000,728,18,450,523,82,98
1728462783011462000,738,0,601,528,20,165
1728462783012303000,599,0,639,571,0,261
1728462783013144000,362,0,756,519,0,361
1728462783013985000,337,46,802,401,0,388
1728462783014826000,240,122,845,332,0,448
1728462783015668000,143,213,852,263,4,490
1728462783016510000,58,321,814,194,55,519
1728462783017351000,0,431,767,126,112,544
1728462783018193000,0,525,665,74,170,589
1728462783019034000,0,630,566,18,248,530
1728462783019875000,0,712,474,0,282,437
1728462783020716000,45,802,365,0,338,381
1728462783021558000,141,854,239,0,378,279
1728462783022408000,192,707,138,0,493,238
1728462783023250000,327,738,58,21,373,175
1728462783024092000,432,722,0,94,453,111
1728462783024933000,529,655,0,165,433,56
1728462783025774000,621,561,0,234,405,2
1728462783026615000,704,458,0,306,362,0
1728462783027456000,744,339,66,370,306,0
1728462783028297000,770,230,138,421,245,0
1728462783029138000,784,149,235,466,192,8
1728462783029980000,765,37,356,500,142,71
1728462783030822000,693,1,480,517,74,117
1728462783031663000,625,0,491,505,42,277
1728462783032504000,576,10,634,481,0,314
1728462783033345000,474,0,736,444,0,277
1728462783034186000,314,66,818,386,0,413
1728462783035027000,214,142,850,310,0,463
1728462783035880000,130,242,850,245,21,501
1728462783036722000,45,346,818,184,71,523
1728462783037564000,0,455,757,114,132,542
1728462783038405000,54,544,670,54,174,522
1728462783039247000,41,644,553,11,242,492
1728462783040088000,29,733,459,26,290,449
1728462783040929000,11,773,337,14,346,379
1728462783041771000,96,807,218,0,389,296
1728462783042612000,209,850,146,0,427,247
1728462783043454000,336,764,37,64,453,168
1728462783044296000,456,709,0,113,453,96
1728462783045137000,554,640,0,181,431,53
1728462783045978000,644,533,0,258,394,0
1728462783046819000,725,426,13,325,351,0
1728462783047661000,758,321,77,384,292,0
1728462783048502000,785,212,160,436,213,0
1728462783049353000,789,119,266,486,175,13
1728462783050195000,727,26,370,510,114,71
1728462783051037000,693,0,490,521,0,119
1728462783051878000,618,0,597,505,0,199
1728462783052719000,501,0,690,471,0,274
1728462783053560000,442,16,778,432,0,343
1728462783054401000,285,76,833,377,0,416
1728462783055243000,192,164,850,298,0,469
1728462783056085000,101,270,845,224,32,515
1728462783056927000,31,381,800,164,82,538
1728462783057769000,0,487,731,92,143,540
1728462783058611000,0,581,724,47,202,517
1728462783059452000,0,666,562,13,266,480
1728462783060293000,17,738,410,0,320,481
1728462783061134000,85,795,242,0,394,418
1728462783061976000,221,810,170,0,386,209
1728462783062824000,253,917,91,44,455,173
1728462783063666000,366,754,33,70,458,150
1728462783064508000,480,695,0,137,453,78
1728462783065349000,576,608,0,194,426,34
1728462783066190000,665,509,0,269,382,0
1728462783067031000,735,397,18,331,334,0
1728462783067873000,778,282,96,389,266,0
1728462783068715000,778,184,192,455,206,0
1728462783069557000,773,89,292,490,148,33
1728462783070399000,732,42,416,517,101,93
1728462783071241000,653,0,521,500,53,149
1728462783072082000,564,0,728,501,42,233
1728462783072923000,462,11,789,466,0,286
1728462783073764000,366,23,801,416,0,368
1728462783074605000,265,93,845,354,0,426
1728462783075447000,165,193,847,275,10,488
1728462783076310000,79,290,834,206,37,519
1728462783077152000,8,405,791,146,98,535
1728462783077993000,0,488,707,84,192,537
1728462783078834000,0,598,618,33,197,512
1728462783079675000,5,672,504,2,270,463
1728462783080516000,90,754,388,0,334,413
1728462783081358000,0,785,265,42,372,388
1728462783082200000,121,800,194,26,407,261
1728462783083042000,258,793,79,0,437,224
1728462783083884000,397,740,10,87,452,133
1728462783084726000,501,667,0,146,448,69
1728462783085567000,602,586,0,216,418,26
1728462783086408000,681,482,0,284,367,0
1728462783087249000,747,372,43,362,320,0
1728462783088091000,786,270,110,412,261,0
1728462783088933000,792,166,224,462,196,0
1728462783089765000,765,77,314,509,149,42
1728462783090607000,719,0,434,516,86,109
1728462783091448000,649,0,544,528,81,162
1728462783092289000,555,0,647,489,0,229
1728462783093130000,529,0,741,450,0,298
1728462783093972000,337,41,814,398,0,383
1728462783094814000,241,114,839,334,0,441
1728462783095655000,145,220,839,254,18,501
1728462783096497000,64,320,824,194,53,517
1728462783097339000,0,427,768,133,109,529
1728462783098181000,0,532,751,75,173,533
1728462783099022000,0,637,649,20,232,497
1728462783099863000,0,709,458,0,282,517
1728462783100704000,42,770,338,0,352,427
1728462783101545000,183,832,217,0,373,228
1728462783102387000,207,791,129,0,412,180
1728462783103242000,310,858,50,54,448,151
1728462783104084000,425,722,0,98,450,113
1728462783104925000,524,656,0,165,437,58
1728462783105766000,619,565,0,233,407,17
1728462783106607000,696,458,0,302,356,0
1728462783107448000,753,348,49,362,305,0
1728462783108289000,798,250,141,425,241,0
1728462783109130000,779,146,233,474,178,13
1728462783109972000,754,58,346,513,125,64
1728462783110814000,696,13,471,505,79,127
1728462783111656000,604,21,576,498,29,181
1728462783112497000,517,0,666,472,0,257
1728462783113338000,421,0,832,442,0,335
1728462783114180000,320,54,817,385,0,395
1728462783115021000,210,146,858,325,0,453
1728462783115863000,125,234,846,247,26,509
1728462783116718000,43,341,832,171,65,533
1728462783117560000,0,455,754,114,115,537
1728462783118401000,0,593,664,56,202,511
1728462783119242000,0,623,567,14,294,480
1728462783120083000,0,704,455,0,320,435
1728462783120924000,64,738,331,0,306,373
1728462783121766000,244,794,269,0,370,306
1728462783122608000,238,791,98,74,417,258
1728462783123450000,331,773,41,54,442,168
1728462783124292000,448,704,0,116,450,97
1728462783125134000,549,626,0,192,433,48
1728462783125975000,640,532,0,266,401,5
1728462783126816000,714,432,2,315,350,0
1728462783127658000,756,320,84,383,296,0
1728462783128499000,787,222,154,433,226,0
1728462783129341000,784,136,253,481,180,21
1728462783130184000,749,41,346,513,121,58
1728462783131026000,714,64,473,533,64,107
1728462783131867000,624,42,590,503,82,194
1728462783132708000,489,0,693,466,53,265
1728462783133549000,403,14,780,431,0,345
1728462783134390000,287,84,832,370,0,416
1728462783135232000,184,153,853,301,0,463
1728462783136074000,104,257,837,228,40,512
1728462783136916000,26,366,791,158,77,533
1728462783137758000,0,480,734,79,133,542
1728462783138599000,0,581,645,34,192,514
1728462783139441000,0,676,544,0,256,480
1728462783140282000,2,747,427,0,312,431
1728462783141124000,68,794,378,0,405,380
1728462783141965000,165,801,106,0,399,389
1728462783142807000,285,811,79,18,459,276
1728462783143707000,370,760,27,64,448,149
1728462783144548000,480,696,0,132,449,92
1728462783145389000,568,606,0,203,425,36
1728462783146230000,666,519,0,273,388,0
1728462783147071000,732,402,21,339,340,0
1728462783147912000,769,272,81,399,277,0
1728462783148753000,789,188,184,448,199,0
1728462783149595000,780,92,306,490,153,32
1728462783150437000,714,21,407,521,106,89
1728462783151279000,587,0,543,569,48,177
1728462783152120000,543,0,616,434,15,213
1728462783152961000,450,0,704,427,0,325
1728462783153802000,373,34,789,410,0,372
1728462783154644000,264,100,839,357,0,427
1728462783155486000,164,192,852,282,5,474
1728462783156328000,84,288,832,215,47,517
1728462783157129000,13,407,787,142,98,546
1728462783157971000,0,506,697,79,154,516
1728462783158812000,0,671,612,27,212,491
1728462783159653000,0,727,506,0,272,457
1728462783160494000,21,740,393,0,362,399
1728462783161336000,85,730,284,10,437,341
1728462783162177000,206,770,176,0,338,261
1728462783163019000,416,778,102,45,402,197
1728462783163861000,402,747,16,83,453,129
1728462783164703000,494,675,0,148,442,65
1728462783165544000,591,581,0,226,420,23
1728462783166385000,673,471,0,289,377,0
1728462783167226000,741,367,45,357,322,0
1728462783168067000,772,277,113,400,272,0
1728462783168909000,790,171,207,453,210,9
1728462783169751000,767,87,320,501,146,40
1728462783170595000,704,7,418,520,87,101
1728462783171436000,672,0,498,522,52,206
1728462783172277000,604,0,618,498,4,169
1728462783173118000,466,0,688,451,0,248
1728462783173959000,346,50,800,400,0,393
1728462783174801000,242,114,850,327,0,445
1728462783175643000,151,213,849,261,14,487
1728462783176485000,58,325,826,198,64,534
1728462783177327000,1,421,770,129,113,538
1728462783178169000,43,525,690,70,165,529
1728462783179010000,25,626,583,18,221,501
1728462783179851000,0,712,488,7,282,463
1728462783180692000,13,762,363,10,340,381
1728462783181534000,78,809,238,0,393,335
1728462783182376000,181,850,185,0,420,277
1728462783183218000,308,775,165,38,450,184
1728462783184073000,423,736,0,96,449,122
1728462783184914000,522,654,0,159,432,50
1728462783185755000,623,558,0,238,404,0
1728462783186596000,704,455,0,303,360,0
1728462783187437000,741,348,64,372,304,0
1728462783188278000,786,238,130,436,250,0
1728462783189120000,788,153,210,480,192,8
1728462783189962000,756,58,350,501,133,64
1728462783190804000,714,0,465,528,10,122
1728462783191645000,727,0,592,519,0,174
1728462783192486000,639,0,724,506,0,250
1728462783193327000,450,0,765,448,0,330
1728462783194169000,320,53,814,389,0,401
1728462783195011000,215,141,847,313,0,458
1728462783195853000,125,238,842,241,22,506
1728462783196695000,46,354,815,180,73,528
1728462783197543000,0,448,767,114,130,540
1728462783198384000,0,551,707,57,185,523
1728462783199225000,0,650,537,20,245,545
1728462783200066000,0,727,448,0,302,465
1728462783200907000,107,789,314,0,343,314
1728462783201749000,114,924,213,15,413,277
1728462783202590000,266,870,114,4,425,198
1728462783203432000,346,764,43,60,457,170
1728462783204274000,450,719,0,114,453,114
1728462783205115000,548,636,0,174,430,51
1728462783205956000,639,538,0,244,395,5
1728462783206797000,715,436,2,320,345,0
1728462783207639000,729,320,74,380,273,0
1728462783208480000,773,207,165,440,237,0
1728462783209322000,777,123,250,469,182,26
1728462783210164000,744,47,369,513,121,74
1728462783211014000,679,0,587,510,94,141
1728462783211855000,602,23,661,495,29,205
1728462783212696000,498,0,599,466,0,357
1728462783213537000,397,16,775,434,0,354
1728462783214378000,298,69,825,373,0,421
1728462783215220000,192,162,847,297,0,471
1728462783216062000,101,258,844,231,26,513
1728462783216903000,34,370,805,165,74,533
1728462783217745000,0,458,736,101,162,526
1728462783218586000,0,565,650,50,186,521
1728462783219427000,70,656,537,9,246,480
1728462783220268000,49,740,429,0,314,425
1728462783221110000,135,778,286,42,346,381
1728462783221952000,69,800,194,42,381,335
1728462783222793000,197,794,116,0,426,192
1728462783223635000,356,756,32,69,449,149
1728462783224488000,477,704,0,130,450,92
1728462783225329000,568,610,0,194,426,31
1728462783226170000,669,511,0,269,394,0
1728462783227011000,727,405,18,330,335,0
1728462783227852000,770,298,66,388,276,0
1728462783228693000,808,196,186,448,225,0
1728462783229535000,783,105,277,486,158,19
1728462783230377000,736,25,402,522,107,81
1728462783231219000,655,0,528,522,130,137
1728462783232060000,587,0,619,528,53,224
1728462783232901000,505,0,719,466,0,288
1728462783233742000,374,25,791,418,0,362
1728462783234583000,261,93,843,352,0,434
1728462783235425000,170,181,847,283,5,485
1728462783236267000,85,284,837,212,43,521
1728462783237109000,14,394,780,153,90,532
1728462783237967000,0,511,727,82,153,530
1728462783238808000,0,604,624,30,214,503
1728462783239649000,0,681,565,0,268,470
1728462783240490000,11,749,432,0,327,415
1728462783241332000,90,815,325,0,370,418
1728462783242173000,185,789,94,0,436,354
1728462783243015000,341,807,47,20,431,114
1728462783243857000,386,750,21,90,450,127
1728462783244699000,495,678,0,146,448,78
1728462783245540000,587,586,2,218,418,26
1728462783246381000,681,485,0,287,378,0
1728462783247222000,741,383,33,352,327,0
1728462783248063000,778,250,107,411,246,0
1728462783248905000,788,171,210,456,194,2
1728462783249747000,771,89,321,506,162,45
1728462783250589000,674,13,430,538,82,111
1728462783251428000,601,0,529,465,36,161
1728462783252269000,512,7,642,461,5,293
1728462783253110000,448,0,741,433,0,324
1728462783253951000,362,42,803,408,0,377
1728462783254792000,238,122,842,338,0,437
1728462783255634000,141,205,855,261,9,487
1728462783256476000,64,309,832,200,64,522
1728462783257318000,4,425,767,126,107,546
1728462783258160000,0,601,686,68,162,511
1728462783259001000,0,669,594,25,229,496
1728462783259842000,0,691,482,0,312,450
1728462783260683000,23,707,373,0,388,383
1728462783261525000,124,739,252,0,325,320
1728462783262367000,344,791,188,10,393,253
1728462783263209000,343,787,76,39,448,196
1728462783264051000,418,730,0,101,452,106
1728462783264897000,523,661,0,165,448,64
1728462783265738000,607,559,0,235,405,10
1728462783266579000,696,453,0,320,365,0
1728462783267420000,757,353,47,362,313,0
1728462783268261000,776,229,141,415,256,0
1728462783269103000,783,151,234,474,184,0
1728462783269945000,765,73,343,506,133,64
1728462783270787000,713,0,441,517,71,57
1728462783271628000,629,85,549,546,47,139
1728462783272469000,568,49,649,501,0,240
1728462783273310000,433,5,765,441,0,335
1728462783274151000,320,57,814,386,0,397
1728462783274992000,218,151,850,320,0,460
1728462783275834000,121,232,853,246,21,498
1728462783276676000,42,334,811,188,69,530
1728462783277518000,0,448,741,151,122,541
1728462783278369000,0,551,670,77,175,530
1728462783279210000,0,645,565,5,235,485
1728462783280051000,0,731,457,0,302,448
1728462783280892000,42,797,345,0,353,370
1728462783281734000,133,804,322,0,449,335
1728462783282576000,241,846,184,2,442,225
1728462783283418000,334,773,51,44,444,173
1728462783284260000,440,711,2,114,448,94
1728462783285101000,541,628,0,180,432,52
1728462783285942000,628,541,0,256,400,14
1728462783286783000,707,421,5,325,354,0
1728462783287625000,776,306,64,382,305,0
1728462783288466000,781,202,154,436,232,0
1728462783289307000,779,117,258,466,138,17
1728462783290149000,758,53,381,512,122,64
1728462783290991000,736,0,482,578,45,149
1728462783291840000,482,0,594,577,8,234
1728462783292681000,441,0,714,522,1,277
1728462783293522000,402,11,770,430,0,346
1728462783294363000,298,77,832,373,0,417
1728462783295204000,197,161,847,298,0,464
1728462783296046000,102,267,853,232,34,506
1728462783296888000,23,363,802,169,81,535
1728462783297730000,0,480,713,97,143,590
1728462783298571000,0,580,634,40,202,511
1728462783299413000,0,670,533,10,248,458
1728462783300254000,0,773,424,0,308,421
1728462783301095000,105,855,303,0,358,329
1728462783301937000,137,701,192,0,473,276
1728462783302779000,277,750,89,11,418,226
1728462783303621000,362,761,28,64,456,153
1728462783304463000,466,697,0,132,441,81
1728462783305308000,572,618,0,197,421,29
1728462783306149000,655,519,0,261,380,0
1728462783306990000,718,409,23,333,345,0
1728462783307832000,753,293,93,398,277,0
1728462783308673000,783,195,174,451,225,1
1728462783309515000,776,102,280,488,173,34
1728462783310357000,737,36,414,514,104,87
1728462783311199000,650,0,546,517,42,245
1728462783312040000,576,0,535,497,31,296
1728462783312881000,557,1,693,471,0,213
1728462783313722000,378,20,790,423,0,369
1728462783314563000,264,86,832,352,0,426
1728462783315405000,178,181,852,279,3,486
1728462783316247000,79,289,836,214,42,514
1728462783317089000,10,389,798,149,95,538
1728462783317931000,47,489,718,90,144,542
1728462783318784000,42,596,610,30,210,512
1728462783319625000,0,687,510,42,266,476
1728462783320466000,0,750,409,5,320,431
1728462783321308000,37,789,281,0,356,325
1728462783322150000,142,828,189,0,402,282
1728462783322992000,271,788,71,20,442,200
1728462783323834000,389,746,9,75,453,138
1728462783324676000,496,682,0,141,437,79
1728462783325517000,597,589,0,213,415,18
1728462783326358000,687,493,0,282,373,0
1728462783327199000,736,379,37,353,325,0
1728462783328040000,774,272,107,417,266,0
1728462783328882000,794,173,213,462,207,4
1728462783329724000,755,64,298,498,153,41
1728462783330566000,727,0,418,520,37,82
1728462783331407000,632,0,554,520,0,164
1728462783332262000,677,0,687,509,0,237
1728462783333103000,509,0,736,463,0,313
1728462783333944000,354,34,801,405,0,378
1728462783334786000,244,112,841,337,0,437
1728462783335628000,151,210,847,260,8,494
1728462783336470000,60,307,832,200,55,517
1728462783337312000,2,412,783,137,109,533
1728462783338153000,0,521,736,74,168,531
1728462783338994000,0,619,588,32,229,564
1728462783339835000,0,700,466,0,285,500
1728462783340676000,72,782,330,0,352,443
1728462783341518000,105,802,232,0,370,277
1728462783342360000,232,904,160,37,434,224
1728462783343202000,310,778,74,42,458,197
1728462783344044000,412,736,2,93,449,113
1728462783344886000,519,658,0,154,434,58
1728462783345728000,612,565,0,224,407,17
1728462783346569000,698,466,0,301,362,0
1728462783347410000,738,350,41,370,320,0
1728462783348252000,772,240,138,426,245,0
1728462783349094000,791,146,233,474,192,8
1728462783349936000,744,74,335,501,136,56
1728462783350778000,692,0,489,509,90,124
1728462783351619000,626,14,666,521,75,192
1728462783352460000,529,0,730,490,0,301
1728462783353301000,429,0,754,448,0,321
1728462783354143000,329,52,819,391,0,397
1728462783354985000,212,136,845,320,0,453
1728462783355826000,133,233,850,250,21,508
1728462783356668000,50,338,821,178,58,530
1728462783357510000,0,425,754,117,160,527
1728462783358351000,0,533,670,58,168,525
1728462783359197000,0,628,568,17,234,490
1728462783360038000,71,714,455,0,299,448
1728462783360879000,149,765,378,0,343,383
1728462783361720000,21,796,224,42,389,365
1728462783362562000,169,801,160,50,413,235
1728462783363403000,330,765,49,53,450,165
1728462783364245000,444,709,0,114,450,101
1728462783365086000,546,635,0,178,437,48
1728462783365927000,637,540,0,249,399,8
1728462783366768000,706,434,7,320,346,0
1728462783367609000,757,325,64,385,287,0
1728462783368450000,776,206,137,434,234,0
1728462783369291000,776,130,261,476,177,12
1728462783370133000,747,42,358,522,125,71
1728462783370975000,692,0,458,498,145,114
1728462783371816000,594,0,585,501,71,192
1728462783372681000,501,0,692,510,30,266
1728462783373522000,414,18,776,434,0,344
1728462783374363000,289,78,837,376,0,406
1728462783375204000,188,159,852,305,0,464
1728462783376046000,106,253,837,228,34,505
1728462783376888000,42,364,807,165,85,538
1728462783377730000,0,473,736,97,128,532
1728462783378571000,0,577,649,37,202,514
1728462783379413000,0,666,555,5,254,485
1728462783380254000,0,732,485,0,309,430
1728462783381095000,71,832,370,0,377,362
1728462783381937000,139,790,106,0,392,390
1728462783382779000,269,800,74,10,433,265
1728462783383621000,364,762,40,72,448,154
1728462783384463000,463,693,0,125,448,88
1728462783385304000,564,610,1,202,423,37
1728462783386142000,657,512,0,267,389,0
1728462783386983000,724,410,18,338,341,0
1728462783387825000,777,293,85,394,285,0
1728462783388666000,783,192,178,441,200,0
1728462783389508000,780,106,292,494,149,20
1728462783390350000,706,30,410,546,101,85
1728462783391192000,610,0,516,498,56,133
1728462783392033000,569,0,594,455,11,225
1728462783392874000,466,0,718,441,0,305
1728462783393715000,389,29,788,420,0,370
1728462783394556000,269,94,833,353,0,421
1728462783395398000,170,184,851,293,0,469
1728462783396240000,87,277,839,218,45,511
1728462783397082000,20,394,789,149,100,544
1728462783397924000,0,576,709,82,145,532
1728462783398765000,0,670,614,36,212,487
1728462783399613000,0,693,517,0,320,459
1728462783400454000,13,692,394,1,365,401
1728462783401296000,112,756,277,0,306,338
1728462783402138000,303,788,217,0,378,267
1728462783402980000,310,789,77,23,421,206
1728462783403822000,390,746,18,78,448,125
1728462783404663000,493,684,0,144,450,68
1728462783405504000,581,587,0,216,414,23
1728462783406345000,677,484,0,291,380,0
1728462783407186000,736,380,34,348,327,0
1728462783408028000,776,267,97,398,274,0
1728462783408870000,789,186,201,448,209,8
1728462783409712000,776,90,306,490,149,41
1728462783410554000,770,29,395,522,75,25
1728462783411395000,626,71,517,534,52,120
1728462783412236000,588,82,626,511,11,202
1728462783413084000,464,0,746,460,0,306
1728462783413925000,356,37,799,400,0,381
1728462783414767000,252,122,846,338,0,448
1728462783415609000,151,207,854,272,11,491
1728462783416451000,64,299,821,202,57,523
1728462783417293000,0,415,770,181,107,541
1728462783418134000,0,520,700,90,154,534
1728462783418975000,0,621,596,14,216,498
1728462783419816000,0,711,495,0,281,460
1728462783420657000,0,752,369,0,338,386
1728462783421498000,93,759,370,0,420,338
1728462783422339000,188,833,202,0,417,264
1728462783423181000,302,781,74,29,439,189
1728462783424023000,415,730,9,90,444,112
1728462783424865000,514,666,0,162,440,64
1728462783425706000,606,576,0,234,409,14
1728462783426559000,692,466,0,306,373,0
1728462783427400000,770,334,53,363,325,0
1728462783428241000,778,238,117,424,255,0
1728462783429083000,792,130,224,466,189,4
1728462783429925000,767,56,353,506,122,53
1728462783430767000,746,2,441,597,66,149
1728462783431608000,576,0,585,567,37,215
1728462783432449000,500,0,663,421,0,250
1728462783433290000,436,0,747,450,0,328
1728462783434131000,325,50,811,389,0,398
1728462783434973000,225,133,849,326,0,448
1728462783435815000,124,229,847,256,18,490
1728462783436657000,64,335,821,189,70,530
1728462783437499000,0,448,733,114,126,578
1728462783438340000,0,545,668,58,174,503
1728462783439181000,0,646,564,11,242,487
1728462783440034000,0,788,458,0,290,435
1728462783440875000,87,850,345,5,346,357
1728462783441716000,105,719,226,0,466,306
1728462783442558000,253,773,130,13,465,230
1728462783443400000,333,767,48,52,453,174
1728462783444242000,444,718,0,113,451,98
1728462783445084000,538,643,0,180,437,43
1728462783445925000,634,554,0,250,402,10
1728462783446766000,708,444,10,320,357,0
1728462783447607000,738,322,71,366,293,0
1728462783448448000,785,233,151,425,221,2
1728462783449290000,785,138,253,474,181,18
1728462783450132000,746,58,368,506,113,65
1728462783450974000,682,0,418,518,79,185
1728462783451815000,660,10,562,514,31,114
1728462783452656000,545,0,653,481,0,205
1728462783453501000,410,15,768,438,0,351
1728462783454343000,302,66,832,370,0,413
1728462783455184000,210,162,848,303,0,465
1728462783456026000,101,258,849,239,28,501
1728462783456868000,29,357,808,169,83,535
1728462783457710000,42,467,739,98,125,537
1728462783458551000,23,570,648,119,192,521
1728462783459392000,0,656,545,26,250,482
1728462783460233000,0,733,433,0,305,424
1728462783461074000,32,785,301,0,362,377
1728462783461916000,133,852,239,0,405,302
1728462783462757000,249,797,148,5,442,226
1728462783463599000,356,766,26,64,453,156
1728462783464441000,469,704,0,121,448,89
1728462783465282000,565,613,0,197,418,26
1728462783466123000,658,518,0,267,389,0
1728462783466970000,721,413,21,334,341,0
1728462783467812000,764,301,89,407,282,0
1728462783468654000,793,192,166,455,226,0
1728462783469496000,778,103,274,490,169,34
1728462783470338000,745,17,392,512,64,89
1728462783471179000,785,0,535,528,18,130
1728462783472020000,690,0,671,517,0,203
1728462783472861000,503,0,721,501,0,292
1728462783473702000,381,13,783,421,0,356
1728462783474544000,274,90,833,354,0,426
1728462783475386000,177,181,854,281,0,482
1728462783476228000,94,288,833,218,34,521
1728462783477069000,21,389,791,153,98,530
1728462783477911000,0,497,766,85,149,535
1728462783478752000,0,594,602,43,212,576
1728462783479593000,0,686,506,0,274,489
1728462783480452000,58,760,365,0,324,373
1728462783481294000,73,808,269,0,373,308
1728462783482136000,165,896,156,25,428,233
1728462783482977000,279,791,96,29,450,199
1728462783483819000,388,747,18,90,450,132
1728462783484660000,493,683,0,149,449,75
1728462783485501000,587,597,0,207,425,31
1728462783486342000,671,493,0,277,374,0
1728462783487183000,745,383,40,346,301,0
1728462783488025000,754,264,117,409,253,0
1728462783488866000,770,165,215,465,210,8
1728462783489708000,776,81,303,498,151,39
1728462783490550000,704,10,418,489,84,84
1728462783491392000,645,0,628,506,69,178
1728462783492233000,568,5,582,488,0,332
1728462783493074000,461,2,738,462,0,313
1728462783493917000,353,34,810,410,0,377
1728462783494758000,261,106,842,345,0,442
1728462783495600000,149,205,852,266,10,491
1728462783496442000,68,306,832,197,49,526
1728462783497284000,10,391,777,136,164,520
1728462783498126000,0,510,698,73,151,526
1728462783498967000,0,597,601,26,207,498
1728462783499808000,0,693,495,0,279,469
1728462783500649000,170,750,415,0,305,389
1728462783501491000,204,784,277,0,360,333
1728462783502332000,85,797,154,64,410,304
1728462783503174000,303,791,84,38,439,189
1728462783504016000,407,744,9,97,452,116
1728462783504858000,506,661,0,160,441,58
1728462783505699000,617,567,0,232,418,20
1728462783506540000,684,466,0,296,365,0
1728462783507387000,752,362,37,362,327,0
1728462783508228000,783,260,133,414,251,0
1728462783509070000,805,158,210,466,186,4
1728462783509912000,757,69,337,505,138,42
1728462783510754000,727,66,450,519,77,87
1728462783511595000,602,0,545,523,107,167
1728462783512436000,557,0,645,506,34,235
1728462783513277000,440,0,753,442,0,330
1728462783514118000,327,47,818,385,0,389
1728462783514960000,224,136,844,324,0,449
1728462783515802000,129,232,856,253,21,501
1728462783516644000,53,330,814,181,69,529
1728462783517486000,0,437,757,101,112,541
1728462783518328000,0,549,680,64,173,525
1728462783519169000,0,639,578,13,237,482
1728462783520010000,0,722,511,0,295,441
1728462783520855000,42,802,417,0,365,389
1728462783521696000,130,802,149,0,393,402
1728462783522538000,258,821,77,0,458,295
1728462783523380000,329,778,55,53,437,170
1728462783524222000,440,719,0,106,448,98
1728462783525063000,538,644,0,178,437,49
1728462783525904000,626,548,0,245,401,5
1728462783526745000,696,441,5,320,352,0
1728462783527586000,764,312,50,389,305,0
1728462783528427000,792,218,146,426,238,0
1728462783529269000,786,133,261,488,182,21
1728462783530111000,728,55,362,517,130,71
1728462783530953000,638,0,506,553,64,114
1728462783531794000,565,0,578,478,29,237
1728462783532636000,505,30,693,465,1,271
1728462783533477000,418,4,773,437,0,346
1728462783534329000,301,71,821,381,0,406
1728462783535171000,202,154,849,320,0,453
1728462783536013000,101,247,857,234,23,506
1728462783536855000,34,348,805,175,78,533
1728462783537696000,0,559,725,101,138,528
1728462783538537000,0,616,651,44,192,520
1728462783539378000,0,640,553,10,279,482
1728462783540219000,2,699,441,0,345,421
1728462783541060000,79,729,335,0,296,360
1728462783541902000,277,772,249,0,366,284
1728462783542744000,309,794,109,15,427,226
1728462783543585000,353,773,42,53,448,165
1728462783544427000,467,704,0,125,448,82
1728462783545268000,560,621,0,193,430,33
1728462783546109000,649,527,0,265,391,0
1728462783546950000,718,418,20,329,344,0
1728462783547801000,767,309,87,389,287,0
1728462783548642000,784,197,170,441,228,0
1728462783549483000,778,119,282,490,174,40
1728462783550325000,739,10,330,510,122,137
1728462783551167000,693,0,480,520,45,72
1728462783552008000,576,104,597,530,34,175
1728462783552849000,497,15,700,475,0,292
1728462783553690000,385,16,789,423,0,360
1728462783554531000,277,85,832,357,0,426
1728462783555372000,177,177,852,281,0,476
1728462783556214000,96,282,839,216,37,514
1728462783557056000,58,380,792,156,82,537
1728462783557898000,0,487,719,138,145,537
1728462783558739000,0,586,629,66,209,522
1728462783559581000,0,680,509,1,270,474
1728462783560422000,0,745,378,0,314,411
1728462783561276000,42,802,294,0,361,383
1728462783562118000,151,839,184,0,402,249
1728462783562960000,272,796,96,26,442,211
1728462783563802000,381,737,21,78,450,136
1728462783564644000,489,677,0,139,448,74
1728462783565485000,589,600,0,209,417,36
1728462783566326000,673,503,0,281,375,0
1728462783567167000,746,388,41,353,322,0
1728462783568008000,789,284,98,407,265,0
1728462783568849000,778,170,202,455,209,0
1728462783569691000,772,82,304,497,149,41
1728462783570533000,847,18,469,528,64,95
1728462783571375000,727,0,533,513,14,165
1728462783572216000,466,0,651,576,1,277
1728462783573057000,463,0,737,466,0,312
1728462783573898000,348,36,804,405,0,375
1728462783574748000,250,101,837,353,0,433
1728462783575590000,157,202,843,265,13,491
1728462783576432000,74,313,832,202,46,522
1728462783577274000,0,418,773,137,101,600
1728462783578116000,0,517,680,74,170,564
1728462783578957000,0,616,593,30,220,488
1728462783579798000,0,688,489,0,282,454
1728462783580639000,16,880,354,9,356,365
1728462783581481000,155,868,254,0,378,313
1728462783582323000,180,717,154,0,474,249
1728462783583165000,295,777,77,37,448,192
1728462783584007000,411,732,5,93,459,122
1728462783584849000,509,660,0,155,442,64
1728462783585690000,608,576,0,230,407,21
1728462783586531000,682,469,0,287,366,0
1728462783587372000,727,354,58,365,305,0
1728462783588221000,773,261,129,405,256,0
1728462783589063000,785,153,234,455,192,10
1728462783589905000,767,64,331,511,148,53
1728462783590747000,700,41,510,506,81,109
1728462783591588000,629,0,462,492,9,258
1728462783592429000,546,0,610,493,10,308
1728462783593270000,440,0,750,450,0,322
1728462783594111000,324,64,818,390,0,405
1728462783594953000,226,120,846,325,0,448
1728462783595795000,142,228,842,250,21,504
1728462783596637000,53,338,824,182,58,533
1728462783597479000,0,421,757,117,93,535
1728462783598320000,71,541,686,64,173,523
1728462783599162000,33,637,582,20,229,497
1728462783600003000,0,706,465,23,289,448
1728462783600845000,0,773,375,26,356,407
1728462783601690000,87,804,233,0,397,320
1728462783602531000,203,799,133,0,417,249
1728462783603373000,322,779,54,47,449,174
1728462783604215000,434,716,0,106,450,104
1728462783605056000,533,639,0,174,431,56
1728462783605897000,629,549,0,242,405,5
1728462783606738000,714,448,10,308,357,0
1728462783607579000,761,331,57,372,293,0
1728462783608420000,798,233,141,439,234,0
1728462783609262000,767,138,247,482,184,0
1728462783610104000,744,0,348,511,178,57
1728462783610946000,725,0,466,530,122,133
1728462783611787000,625,0,594,488,0,203
1728462783612628000,599,0,687,488,0,266
1728462783613469000,415,10,762,442,0,338
1728462783614311000,297,69,826,372,0,400
1728462783615158000,197,146,859,312,0,458
1728462783616000000,112,253,838,229,30,512
1728462783616842000,36,349,811,168,71,523
1728462783617684000,0,466,746,106,133,535
1728462783618525000,0,570,686,52,189,520
1728462783619366000,0,663,588,15,249,491
1728462783620207000,0,736,357,0,300,545
1728462783621049000,64,766,247,0,381,436
1728462783621890000,215,832,169,0,392,210
1728462783622732000,244,798,122,10,429,227
1728462783623574000,361,767,40,58,450,156
1728462783624416000,455,709,0,124,448,85
1728462783625257000,546,616,0,192,427,41
1728462783626098000,652,523,0,265,399,2
1728462783626939000,719,404,20,330,343,0
1728462783627779000,770,296,68,388,267,0
1728462783628635000,792,206,162,439,225,0
1728462783629477000,789,111,277,483,168,36
1728462783630319000,677,29,417,549,110,69
1728462783631161000,629,1,503,482,53,174
1728462783632003000,570,29,628,488,18,202
1728462783632844000,496,0,700,476,0,292
1728462783633685000,392,28,782,425,0,370
1728462783634526000,277,82,832,354,0,424
1728462783635367000,185,175,857,293,2,466
1728462783636209000,84,272,844,226,37,521
1728462783637050000,20,469,786,154,87,526
1728462783637892000,0,540,706,89,151,526
1728462783638733000,0,585,629,33,253,519
1728462783639575000,0,657,528,2,286,469
1728462783640416000,64,704,407,0,353,397
1728462783641257000,78,767,299,0,328,362
1728462783642103000,285,816,234,4,388,278
1728462783642945000,270,796,96,23,451,212
1728462783643787000,382,754,18,68,442,144
1728462783644629000,485,687,0,141,448,69
1728462783645470000,581,591,0,210,421,23
1728462783646311000,661,498,0,281,383,0
1728462783647152000,731,386,28,352,330,0
1728462783647994000,762,285,98,397,279,0
1728462783648836000,789,186,199,448,210,4
1728462783649678000,782,98,298,491,144,38
1728462783650520000,726,119,407,554,119,66
1728462783651362000,704,41,526,514,64,145
1728462783652203000,522,0,630,490,81,226
1728462783653044000,464,0,722,469,0,302
1728462783653885000,363,45,801,405,0,378
1728462783654726000,258,111,840,344,0,434
1728462783655575000,154,207,850,274,6,485
1728462783656417000,79,296,826,206,57,525
1728462783657259000,0,406,770,121,103,538
1728462783658101000,0,516,705,69,154,535
1728462783658942000,0,615,602,13,218,508
1728462783659783000,0,699,506,0,270,458
1728462783660624000,15,741,485,0,365,411
1728462783661466000,92,832,335,0,389,335
1728462783662308000,193,776,84,0,418,341
1728462783663150000,297,785,71,36,442,193
1728462783663992000,410,737,9,93,453,133
1728462783664833000,521,665,0,154,434,64
1728462783665674000,602,576,0,229,411,13
1728462783666515000,684,473,0,298,370,0
1728462783667356000,741,354,50,365,320,0
1728462783668198000,788,242,125,426,250,0
1728462783669047000,789,157,231,466,182,13
1728462783669889000,783,71,342,504,133,52
1728462783670731000,634,0,485,576,78,117
1728462783671572000,594,0,566,494,36,175
1728462783672413000,528,1,661,457,2,282
1728462783673254000,442,0,746,459,0,322
1728462783674095000,341,46,804,390,0,394
1728462783674937000,229,128,842,320,0,450
1728462783675779000,135,222,846,249,10,489
1728462783676621000,50,325,821,186,58,529
1728462783677463000,0,436,756,122,117,532
1728462783678304000,0,565,664,64,180,505
1728462783679145000,0,683,567,13,245,485
1728462783679986000,0,772,460,0,290,437
1728462783680828000,68,663,344,0,421,370
1728462783681670000,105,741,242,2,448,310
1728462783682519000,215,784,154,1,398,238
1728462783683361000,325,773,52,53,449,177
1728462783684203000,434,721,0,102,456,110
1728462783685045000,543,642,0,166,437,55
1728462783685886000,631,551,0,249,395,8
1728462783686727000,703,448,2,322,362,0
1728462783687568000,756,330,66,368,298,0
1728462783688409000,773,234,163,426,232,0
1728462783689251000,783,137,246,481,186,26
1728462783690093000,741,66,414,490,114,133
1728462783690935000,693,0,414,522,74,176
1728462783691776000,661,2,549,510,10,103
1728462783692618000,513,0,693,482,0,260
1728462783693459000,409,1,779,442,0,340
1728462783694301000,306,64,815,381,0,410
1728462783695142000,206,161,846,302,0,476
1728462783696031000,118,250,845,241,26,501
1728462783696873000,74,354,808,174,68,522
1728462783697715000,20,458,750,139,126,537
1728462783698556000,0,557,658,106,184,517
1728462783699397000,0,653,546,25,250,484
1728462783700238000,0,736,434,0,299,448
1728462783701080000,37,800,322,0,352,386
1728462783701921000,142,815,212,0,413,279
1728462783702763000,238,800,122,14,431,229
1728462783703605000,348,757,36,64,449,156
1728462783704447000,461,704,0,117,448,90
1728462783705288000,562,626,0,194,424,42
1728462783706129000,649,532,0,262,386,0
1728462783706970000,670,423,0,330,354,0
1728462783707811000,772,312,79,393,284,0
1728462783708653000,786,167,165,453,234,0
1728462783709453000,781,110,253,485,175,29
1728462783710295000,837,9,406,509,69,87
1728462783711137000,762,0,522,522,47,146
1728462783711979000,487,0,591,578,10,258
1728462783712820000,496,0,707,482,0,288
1728462783713661000,380,11,785,429,0,353
1728462783714502000,281,74,832,372,0,421
1728462783715343000,183,171,848,290,1,476
1728462783716185000,93,274,834,225,29,510
1728462783717027000,18,401,852,154,90,536
1728462783717869000,0,482,709,90,149,594
1728462783718710000,0,585,616,42,210,542
1728462783719551000,0,680,512,4,266,463
1728462783720392000,9,731,383,0,322,365
1728462783721233000,96,878,293,9,368,322
1728462783722075000,175,733,184,0,498,253
1728462783722936000,265,794,100,25,441,209
1728462783723778000,381,744,21,79,458,142
1728462783724620000,488,687,0,139,453,79
1728462783725461000,584,604,0,207,421,34
1728462783726302000,670,501,0,272,378,0
1728462783727143000,711,382,41,343,320,0
1728462783727984000,762,289,106,402,274,0
1728462783728826000,767,185,201,458,208,0
1728462783729668000,760,100,296,485,165,37
1728462783730510000,722,40,498,505,130,104
1728462783731351000,651,0,562,517,26,263
1728462783732192000,576,0,551,477,20,306
1728462783733033000,466,0,725,463,0,298
1728462783733874000,357,35,799,414,0,378
1728462783734715000,257,97,833,346,0,434
1728462783735557000,168,196,847,272,17,490
1728462783736409000,74,306,835,207,42,526
1728462783737250000,13,381,779,138,120,527
1728462783738092000,0,508,712,81,142,530
1728462783738933000,57,601,613,34,213,506
1728462783739774000,37,692,498,0,272,466
1728462783740615000,0,747,354,42,320,432
1728462783741457000,18,786,296,18,357,354
1728462783742299000,141,800,184,25,402,260
1728462783743140000,296,790,81,34,437,192
1728462783743982000,399,738,26,94,450,128
1728462783744823000,513,663,0,155,448,68
1728462783745664000,608,576,0,226,418,17
1728462783746505000,690,474,0,291,378,0
1728462783747346000,742,366,28,352,328,0
1728462783748187000,781,260,101,395,260,0
1728462783749028000,794,166,216,466,192,1
1728462783749875000,770,137,333,510,146,45
1728462783750717000,704,0,434,506,162,96
1728462783751559000,629,0,549,541,85,169
1728462783752400000,558,0,656,495,0,253
1728462783753241000,448,0,749,448,0,325
1728462783754082000,338,52,809,395,0,386
1728462783754924000,226,121,851,327,0,448
1728462783755766000,148,221,847,258,18,500
1728462783756608000,56,322,816,188,69,527
1728462783757450000,0,437,757,112,117,541
1728462783758291000,0,541,778,60,165,525
1728462783759133000,0,640,613,26,233,489
1728462783759974000,0,714,486,0,285,525
1728462783760816000,64,766,292,0,386,463
1728462783761658000,170,818,205,0,383,261
1728462783762499000,220,853,133,0,423,245
1728462783763348000,330,783,64,49,455,177
1728462783764190000,421,720,2,109,448,106
1728462783765031000,538,642,0,178,442,56
1728462783765872000,626,555,0,241,409,13
1728462783766713000,704,448,0,309,349,0
1728462783767554000,765,333,74,373,297,0
1728462783768395000,746,213,146,431,228,0
1728462783769237000,773,139,251,482,178,10
1728462783770079000,722,55,354,490,132,100
1728462783770921000,686,10,461,500,73,122
1728462783771762000,602,0,682,493,49,218
1728462783772603000,527,0,682,489,0,270
1728462783773444000,422,8,761,437,0,329
1728462783774285000,308,66,832,382,0,394
1728462783775127000,201,144,855,312,0,455
1728462783775969000,114,249,842,234,29,508
1728462783776824000,42,408,815,169,72,522
1728462783777665000,0,436,736,106,171,528
1728462783778506000,0,552,654,52,229,522
1728462783779348000,0,648,558,10,238,481
1728462783780189000,0,696,448,0,261,432
1728462783781030000,194,764,373,5,329,365
1728462783781872000,196,786,192,31,383,312
1728462783782714000,242,801,125,8,426,234
1728462783783556000,345,773,42,64,454,165
1728462783784398000,450,698,0,122,448,92
1728462783785239000,569,618,0,196,442,41
1728462783786080000,645,522,0,264,394,1
1728462783786921000,710,426,9,320,354,0
1728462783787762000,779,308,78,383,287,0
1728462783788604000,791,210,161,442,224,0
1728462783789446000,776,117,277,485,167,5
1728462783790287000,733,117,389,552,130,45
1728462783791128000,704,36,490,514,101,122
1728462783791969000,592,0,601,520,85,199
1728462783792810000,504,0,710,476,0,297
1728462783793651000,395,28,783,424,0,354
1728462783794492000,286,92,834,363,0,420
1728462783795334000,180,173,851,292,1,477
1728462783796176000,98,269,834,224,47,516
1728462783797018000,5,378,791,134,82,536
1728462783797859000,0,490,724,89,144,540
1728462783798700000,0,594,634,34,201,514
1728462783799541000,0,677,538,0,261,473
1728462783800382000,1,732,512,0,354,434
1728462783801223000,64,821,356,0,370,343
1728462783802065000,167,797,113,0,435,365
1728462783802907000,270,794,101,21,436,213
1728462783803763000,378,757,27,81,444,145
1728462783804605000,481,692,0,136,448,75
1728462783805446000,578,602,0,211,425,34
1728462783806287000,668,506,0,282,382,0
1728462783807128000,728,365,21,348,330,0
1728462783807969000,789,281,93,402,279,0
1728462783808811000,792,180,197,450,204,1
1728462783809652000,786,96,297,490,138,39
1728462783810494000,654,28,458,560,92,94
1728462783811335000,606,0,509,475,52,178
1728462783812176000,536,1,632,478,5,252
1728462783813017000,476,0,717,463,0,298
1728462783813858000,373,33,796,407,0,373
1728462783814699000,266,102,834,346,0,439
1728462783815540000,166,194,849,274,0,480
1728462783816382000,73,298,843,207,47,522
1728462783817241000,20,400,762,142,101,521
1728462783818083000,0,583,696,78,164,521
1728462783818924000,0,660,608,26,221,507
1728462783819766000,0,717,510,0,320,453
1728462783820607000,15,669,368,10,383,381
1728462783821449000,119,741,264,0,298,325
1728462783822290000,192,781,174,0,383,263
1728462783823132000,298,796,74,29,450,202
1728462783823974000,405,744,10,81,450,130
1728462783824816000,506,671,0,149,430,64
1728462783825657000,602,582,0,231,418,11
1728462783826498000,680,480,0,289,374,0
1728462783827339000,729,377,50,353,320,0
1728462783828180000,779,256,114,420,267,0
1728462783829022000,789,175,218,466,197,17
1728462783829864000,761,53,253,496,146,100
1728462783830707000,736,18,414,513,74,42
1728462783831548000,618,107,540,539,50,137
1728462783832389000,549,20,650,500,1,250
1728462783833230000,450,0,746,458,0,322
1728462783834072000,348,50,802,394,0,396
1728462783834913000,233,122,846,329,0,442
1728462783835755000,144,221,856,264,29,490
1728462783836597000,82,320,823,192,58,527
1728462783837439000,0,417,761,165,107,538
1728462783838280000,0,532,679,82,175,525
1728462783839121000,0,634,576,9,231,505
1728462783839962000,0,715,463,0,276,480
1728462783840803000,39,832,383,0,338,382
1728462783841645000,107,793,354,0,417,325
1728462783842486000,213,804,144,5,421,244
1728462783843328000,320,781,55,40,448,173
1728462783844186000,434,726,9,98,449,114
1728462783845027000,535,649,0,169,431,64
1728462783845868000,624,543,0,238,410,4
1728462783846709000,705,455,0,306,362,0
1728462783847550000,754,309,64,369,298,0
1728462783848391000,786,221,135,436,247,0
1728462783849233000,784,122,235,472,186,18
1728462783850075000,849,46,410,517,100,52
1728462783850917000,565,0,455,593,58,161
1728462783851758000,526,0,609,554,21,215
1728462783852599000,530,0,676,493,4,266
1728462783853440000,420,2,758,448,0,335
1728462783854281000,313,68,813,386,0,407
1728462783855123000,210,146,852,304,0,461
1728462783855965000,114,245,844,239,25,497
1728462783856807000,30,353,791,170,73,594
1728462783857655000,0,457,730,111,133,565
1728462783858496000,0,563,641,53,192,501
1728462783859337000,0,676,559,10,242,485
1728462783860178000,29,794,428,0,295,413
1728462783861020000,64,666,322,0,433,349
1728462783861862000,154,747,205,0,429,302
1728462783862704000,242,791,117,10,431,228
1728462783863546000,346,760,37,64,457,162
1728462783864387000,453,708,0,111,442,106
1728462783865228000,559,632,0,197,425,41
1728462783866069000,644,528,0,258,390,0
1728462783866910000,714,426,25,325,345,0
1728462783867751000,760,320,85,383,294,0
1728462783868593000,795,201,165,437,229,0
1728462783869435000,786,107,271,488,175,25
1728462783870277000,730,69,450,501,114,74
1728462783871119000,663,0,416,517,56,210
1728462783871961000,660,18,585,514,14,117
1728462783872802000,494,0,707,480,0,286
1728462783873643000,400,16,783,430,0,357
1728462783874485000,282,75,818,362,0,421
1728462783875327000,192,168,848,290,6,474
1728462783876169000,97,270,840,229,33,509
1728462783877011000,21,370,794,154,73,532
1728462783877852000,52,476,740,98,136,535
1728462783878693000,26,581,629,47,197,516
1728462783879535000,0,677,527,21,265,482
1728462783880376000,0,746,431,0,312,407
1728462783881218000,34,783,285,0,365,351
1728462783882059000,146,855,201,0,413,282
1728462783882901000,261,792,101,21,436,215
1728462783883743000,374,749,18,79,453,147
1728462783884601000,482,696,0,133,452,87
1728462783885442000,580,604,0,202,418,32
1728462783886283000,674,505,0,272,392,0
1728462783887124000,738,398,21,342,311,0
1728462783887966000,756,292,107,413,271,0
1728462783888808000,782,181,194,459,217,0
1728462783889650000,770,58,276,498,189,29
1728462783890492000,736,0,413,495,28,96
1728462783891334000,773,0,568,532,11,153
1728462783892175000,626,0,632,501,1,221
1728462783893016000,469,0,729,469,0,299
1728462783893857000,373,27,793,415,0,368
1728462783894699000,263,101,855,352,0,438
1728462783895540000,165,196,854,273,1,488
1728462783896382000,79,293,832,210,38,517
1728462783897223000,11,402,843,144,116,533
1728462783898068000,0,508,725,81,157,587
1728462783898909000,0,604,588,39,220,552
1728462783899751000,0,704,475,0,281,525
1728462783900592000,53,762,346,0,312,329
1728462783901433000,85,906,261,21,392,296
1728462783902275000,197,819,175,0,419,261
1728462783903117000,290,787,87,37,441,202
1728462783903959000,398,737,9,96,456,126
1728462783904801000,505,677,0,145,448,68
1728462783905642000,600,583,0,213,413,27
1728462783906483000,682,480,0,292,360,0
1728462783907324000,733,372,34,359,314,2
1728462783908166000,773,266,122,416,261,0
1728462783909007000,765,153,213,465,193,11
1728462783909849000,746,122,329,482,137,31
1728462783910691000,700,26,530,516,114,111
1728462783911538000,648,1,597,514,28,262
1728462783912379000,548,0,649,498,1,245
1728462783913220000,444,0,749,456,0,320
1728462783914061000,339,40,815,402,0,386
1728462783914902000,234,122,842,334,0,451
1728462783915744000,138,212,853,247,10,497
1728462783916586000,58,298,832,193,85,522
1728462783917428000,0,413,764,126,97,538
1728462783918269000,0,532,693,69,159,532
1728462783919110000,58,615,583,26,224,493
1728462783919951000,89,705,523,4,277,450
1728462783920792000,0,759,348,57,328,429
1728462783921634000,50,799,272,26,380,354
1728462783922476000,213,807,154,0,429,247
1728462783923318000,311,779,66,45,444,181
1728462783924160000,428,721,2,110,451,111
1728462783925011000,532,648,0,164,448,59
1728462783925853000,622,558,0,234,402,11
1728462783926694000,698,459,0,308,354,0
1728462783927535000,752,338,34,362,306,0
1728462783928376000,779,239,144,421,245,0
1728462783929218000,757,145,238,484,188,20
1728462783930060000,791,107,327,490,130,27
1728462783930901000,696,0,476,530,139,117
1728462783931742000,621,0,577,541,66,176
1728462783932583000,531,0,678,486,1,266
1728462783933424000,419,8,765,437,0,327
1728462783934266000,306,64,820,388,0,405
1728462783935108000,213,146,846,316,0,465
1728462783935950000,122,242,844,237,32,510
1728462783936791000,23,342,814,173,64,528
1728462783937633000,0,461,749,106,126,533
1728462783938484000,0,562,667,53,185,528
1728462783939325000,0,648,626,16,245,488
1728462783940166000,0,761,506,0,301,434
1728462783941008000,45,761,254,0,361,459
1728462783941850000,138,789,154,0,422,369
1728462783942691000,240,806,128,5,426,238
1728462783943533000,346,770,50,64,450,162
1728462783944375000,448,704,0,117,450,98
1728462783945216000,554,628,0,186,431,48
1728462783946057000,642,543,0,247,397,5
1728462783946898000,724,426,4,320,340,0
1728462783947740000,786,320,86,383,286,0
1728462783948582000,789,218,170,438,210,0
1728462783949424000,749,115,272,490,167,14
1728462783950266000,691,30,378,459,111,65
1728462783951108000,653,0,485,482,58,162
1728462783952007000,591,32,608,490,20,206
1728462783952848000,509,0,700,476,0,277
1728462783953689000,398,20,778,429,0,349
1728462783954531000,279,82,832,372,0,418
1728462783955372000,184,170,862,293,0,472
1728462783956214000,100,269,850,220,39,519
1728462783957056000,18,433,793,153,78,527
1728462783957898000,0,522,722,94,199,517
1728462783958739000,0,567,642,41,253,504
1728462783959581000,0,656,530,10,245,473
1728462783960422000,1,709,417,0,265,421
1728462783961264000,192,778,343,0,343,357
1728462783962105000,221,797,173,10,383,279
1728462783962947000,271,805,101,21,442,218
1728462783963789000,370,754,34,74,456,148
1728462783964631000,476,682,0,143,448,83
1728462783965424000,578,606,0,205,427,32
1728462783966265000,664,518,0,269,382,0
1728462783967106000,732,400,32,330,334,0
1728462783967947000,773,297,85,399,276,0
1728462783968789000,788,192,187,448,224,0
1728462783969631000,782,97,277,497,165,0
1728462783970473000,740,114,389,544,111,64
1728462783971314000,665,0,520,485,122,141
1728462783972156000,577,0,636,506,36,218
1728462783972997000,484,0,722,469,0,296
1728462783973838000,369,39,796,411,0,361
1728462783974679000,256,96,842,354,0,434
1728462783975521000,175,188,850,282,8,482
1728462783976363000,82,296,842,221,42,525
1728462783977205000,0,397,785,130,89,532
1728462783978047000,0,513,718,72,157,528
1728462783978894000,0,620,617,23,217,505
1728462783979735000,0,661,611,0,286,465
1728462783980576000,46,750,485,0,382,430
1728462783981418000,90,809,305,0,383,449
1728462783982260000,192,805,170,0,415,274
1728462783983102000,292,788,84,30,448,196
1728462783983944000,393,741,13,85,452,136
1728462783984786000,506,674,0,157,442,77
1728462783985627000,606,576,0,228,420,20
1728462783986468000,686,469,0,292,383,0
1728462783987309000,743,362,46,357,309,0
1728462783988151000,787,256,117,424,258,0
1728462783988993000,787,151,234,466,193,1
1728462783989835000,666,64,321,562,122,86
1728462783990677000,658,2,448,551,81,90
1728462783991518000,605,0,521,461,36,196
1728462783992377000,550,0,656,497,0,252
1728462783993218000,459,0,740,459,0,309
1728462783994059000,345,50,807,397,0,381
1728462783994900000,233,117,851,337,0,442
1728462783995742000,145,210,846,264,17,492
1728462783996584000,57,320,791,184,64,560
1728462783997425000,5,429,757,125,117,517
1728462783998267000,0,597,681,67,169,514
1728462783999108000,0,678,586,27,271,493
1728462783999949000,0,619,481,10,345,437
1728462784000790000,69,714,348,2,381,378
1728462784001632000,107,782,245,0,346,322
1728462784002473000,215,802,151,2,420,253
1728462784003314000,327,777,64,43,450,176
1728462784004156000,421,733,1,103,450,106
1728462784004997000,522,650,0,170,438,57
1728462784005843000,621,549,0,238,407,5
1728462784006684000,688,474,0,292,362,0
1728462784007525000,752,361,64,369,308,4
1728462784008366000,788,246,141,425,250,0
1728462784009207000,786,156,242,468,184,8
1728462784010049000,741,39,264,506,130,117
1728462784010891000,754,5,409,511,73,53
1728462784011733000,596,50,549,509,34,141
1728462784012574000,537,0,677,485,0,267
1728462784013415000,432,0,761,440,0,333
1728462784014256000,325,65,824,383,0,401
1728462784015098000,205,146,855,321,0,450
1728462784015940000,122,233,842,247,26,500
1728462784016782000,90,335,809,228,64,532
1728462784017624000,0,448,754,139,113,537
1728462784018466000,0,564,666,47,192,526
1728462784019318000,0,655,567,9,249,493
1728462784020159000,0,754,458,0,309,428
1728462784021001000,54,766,423,0,393,399
1728462784021843000,122,850,282,0,404,307
1728462784022684000,235,802,122,10,421,228
1728462784023526000,341,775,47,57,453,161
1728462784024368000,450,710,0,119,453,101
1728462784025209000,554,620,0,190,440,45
1728462784026050000,644,530,0,253,399,2
1728462784026891000,709,405,0,314,351,0
1728462784027733000,768,293,73,386,289,0
1728462784028574000,796,217,162,440,220,0
1728462784029416000,818,122,273,486,168,33
1728462784030258000,631,26,343,580,98,100
1728462784031100000,612,0,526,562,56,136
1728462784031941000,559,0,601,473,11,218
1728462784032794000,503,0,704,477,0,276
1728462784033635000,405,16,784,432,0,346
1728462784034476000,285,88,826,369,0,424
1728462784035318000,188,157,845,301,0,466
1728462784036160000,111,265,839,221,50,511
1728462784037002000,31,372,790,166,81,521
1728462784037843000,0,559,724,94,138,517
1728462784038684000,0,607,648,45,206,514
1728462784039526000,0,588,533,0,309,466
1728462784040367000,0,673,417,5,369,419
1728462784041209000,84,733,286,0,305,346
1728462784042051000,245,799,199,0,389,290
1728462784042893000,266,801,111,26,439,215
1728462784043735000,361,753,34,68,452,146
1728462784044577000,480,690,0,137,453,88
1728462784045418000,576,613,0,199,427,37
1728462784046264000,668,512,0,267,394,0
1728462784047105000,726,410,23,327,335,0
1728462784047946000,763,302,100,400,278,0
1728462784048788000,786,193,186,460,221,0
1728462784049630000,769,89,242,498,185,90
1728462784050472000,738,23,352,505,93,25
1728462784051314000,658,117,504,544,64,130
1728462784052155000,586,0,626,500,9,232
1728462784052996000,490,0,725,469,0,293
1728462784053837000,370,30,796,418,0,360
1728462784054679000,258,98,841,348,0,434
1728462784055521000,168,187,857,282,5,485
1728462784056363000,121,287,832,205,37,521
1728462784057205000,0,393,784,170,90,536
1728462784058046000,0,509,714,105,151,532
1728462784058887000,0,610,616,26,217,506
1728462784059731000,0,725,530,0,273,497
1728462784060572000,10,786,395,0,322,394
1728462784061414000,86,800,378,0,422,370
1728462784062256000,188,813,173,0,413,275
1728462784063098000,290,789,90,34,437,192
1728462784063939000,402,751,18,89,462,125
1728462784064781000,497,670,0,154,448,77
1728462784065622000,594,576,0,220,417,26
1728462784066463000,690,484,0,290,378,0
1728462784067304000,750,363,41,352,320,0
1728462784068146000,786,247,111,413,255,0
1728462784068988000,796,158,212,463,162,0
1728462784069829000,884,57,352,512,107,40
1728462784070671000,785,0,434,519,66,112
1728462784071512000,546,0,549,580,37,220
1728462784072353000,554,0,660,490,0,250
1728462784073205000,452,0,742,450,0,320
1728462784074046000,353,53,804,402,0,388
1728462784074887000,239,122,842,332,0,440
1728462784075728000,136,210,847,264,9,494
1728462784076570000,64,322,869,204,64,526
1728462784077412000,0,426,752,117,106,581
1728462784078254000,0,533,685,66,161,525
1728462784079095000,0,633,585,21,231,487
1728462784079936000,0,805,469,20,297,412
1728462784080777000,82,826,359,0,345,362
1728462784081619000,103,714,238,8,466,322
1728462784082461000,212,811,145,5,425,258
1728462784083303000,320,785,69,43,441,180
1728462784084145000,418,732,2,99,455,107
1728462784084987000,522,659,0,170,440,66
1728462784085828000,624,554,0,238,410,10
1728462784086671000,657,455,0,288,362,0
1728462784087512000,752,352,64,372,304,0
1728462784088353000,789,250,142,419,247,0
1728462784089194000,789,137,245,466,201,8
1728462784090036000,751,82,389,498,117,114
1728462784090878000,711,0,401,513,98,178
1728462784091720000,674,0,532,498,10,106
1728462784092561000,530,0,674,484,0,270
1728462784093402000,427,0,762,450,0,330
1728462784094244000,320,58,822,383,0,398
1728462784095085000,212,142,847,314,0,459
1728462784095927000,122,241,847,245,25,510
1728462784096769000,138,328,811,173,64,527
1728462784097611000,3,450,746,154,114,535
1728462784098453000,0,559,668,69,185,520
1728462784099294000,0,646,566,0,244,490
1728462784100157000,0,719,448,0,296,468
1728462784100998000,29,832,349,0,352,372
1728462784101840000,126,801,269,0,404,301
1728462784102681000,245,804,123,5,435,239
1728462784103523000,335,774,53,58,450,165
1728462784104365000,448,709,0,119,450,103
1728462784105206000,553,631,0,186,436,50
1728462784106047000,637,538,0,245,399,7
1728462784106888000,724,439,2,322,353,0
1728462784107729000,766,320,70,381,270,0
1728462784108570000,793,201,164,440,232,0
1728462784109412000,778,93,273,488,175,6
1728462784110254000,881,26,409,526,95,64
1728462784111096000,756,0,485,587,64,164
1728462784111937000,557,0,604,527,21,213
1728462784112778000,509,1,693,481,0,282
1728462784113621000,409,20,778,430,0,348
1728462784114462000,288,78,824,373,0,405
1728462784115304000,186,158,854,306,0,471
1728462784116146000,100,258,836,221,33,512
1728462784116988000,26,365,782,161,75,585
1728462784117829000,0,480,710,98,136,586
1728462784118670000,0,578,645,42,199,511
1728462784119511000,4,663,517,5,253,415
1728462784120352000,0,843,413,14,327,386
1728462784121194000,111,847,293,0,357,336
1728462784122036000,162,813,202,0,407,295
1728462784122878000,269,801,107,18,430,214
1728462784123720000,367,770,36,64,444,154
1728462784124561000,472,693,0,132,450,85
1728462784125402000,576,605,0,199,437,29
1728462784126243000,638,506,0,277,373,0
1728462784127089000,708,410,23,334,346,0
1728462784127931000,767,290,79,374,281,0
1728462784128773000,797,197,185,448,205,0
1728462784129615000,750,87,400,480,171,33
1728462784130457000,735,45,453,511,95,181
1728462784131299000,666,0,452,519,73,228
1728462784132140000,583,0,629,513,10,230
1728462784132981000,484,0,718,462,0,300
1728462784133822000,377,26,789,414,0,365
1728462784134663000,261,101,839,354,0,429
1728462784135505000,169,181,855,282,4,480
1728462784136346000,87,265,832,213,85,517
1728462784137188000,10,377,778,146,82,535
1728462784138029000,31,500,714,82,138,528
1728462784138870000,4,606,625,31,202,509
1728462784139711000,0,690,506,66,260,501
1728462784140566000,0,745,433,34,327,448
1728462784141407000,34,781,293,10,377,325
1728462784142248000,202,812,176,0,426,272
1728462784143090000,288,788,85,31,439,201
1728462784143932000,394,746,16,81,441,128
1728462784144774000,495,679,0,151,441,64
1728462784145615000,589,583,0,218,417,14
1728462784146456000,687,495,0,285,382,0
1728462784147297000,752,380,33,353,325,0
1728462784148139000,753,276,114,415,264,0
1728462784148981000,791,175,213,461,200,6
1728462784149823000,738,0,312,512,218,31
1728462784150665000,732,0,424,506,5,94
1728462784151506000,736,0,559,527,2,171
1728462784152347000,557,0,644,496,6,245
1728462784153188000,466,0,737,453,0,320
1728462784154044000,350,46,808,404,0,379
1728462784154885000,245,120,842,345,0,436
1728462784155727000,141,213,855,263,11,491
1728462784156569000,53,312,818,188,57,522
1728462784157411000,0,426,826,129,114,537
1728462784158253000,0,530,730,64,171,533
1728462784159094000,0,631,581,22,221,549
1728462784159935000,0,715,421,0,297,501
1728462784160776000,98,794,324,0,341,354
1728462784161617000,87,776,229,0,385,270
1728462784162459000,207,800,149,5,425,258
1728462784163301000,313,781,65,37,448,185
1728462784164143000,430,733,2,96,450,113
1728462784164984000,513,655,0,169,436,50
1728462784165825000,612,559,0,237,413,11
1728462784166666000,693,456,7,309,353,0
1728462784167504000,758,343,50,376,306,0
1728462784168345000,756,245,133,426,251,0
1728462784169186000,776,146,242,485,186,2
1728462784170028000,740,87,357,482,125,76
1728462784170870000,680,0,459,519,82,117
1728462784171712000,637,0,658,514,64,196
1728462784172553000,530,0,674,494,0,262
1728462784173394000,432,0,750,442,0,329
1728462784174235000,322,69,832,381,0,411
1728462784175076000,213,138,850,320,0,450
1728462784175918000,117,241,850,244,23,498
1728462784176760000,45,381,804,181,77,518
1728462784177602000,0,440,744,113,164,535
1728462784178443000,0,538,666,53,218,520
1728462784179284000,0,642,567,8,219,498
1728462784180125000,130,693,477,0,261,426
1728462784180980000,181,765,373,0,338,370
1728462784181822000,73,810,229,20,397,314
1728462784182663000,234,798,123,21,431,234
1728462784183505000,344,772,45,55,455,170
1728462784184347000,450,714,0,109,448,105
1728462784185188000,550,637,0,185,427,46
1728462784186029000,636,533,0,256,401,0
1728462784186870000,719,444,18,320,366,0
1728462784187712000,754,320,78,385,290,0
1728462784188553000,786,207,151,445,241,0
1728462784189395000,816,132,225,470,170,0
1728462784190237000,733,173,353,520,122,25
1728462784191078000,698,64,482,506,64,113
1728462784191919000,600,0,602,506,34,196
1728462784192760000,509,0,700,482,2,277
1728462784193601000,405,9,767,435,0,344
1728462784194453000,288,74,828,368,0,417
1728462784195295000,194,161,847,296,0,466
1728462784196137000,143,258,840,232,26,506
1728462784196978000,9,367,802,197,78,528
1728462784197820000,0,477,740,94,139,537
1728462784198661000,0,576,641,37,197,517
1728462784199503000,0,730,568,0,249,473
1728462784200344000,0,717,413,0,314,426
1728462784201186000,68,787,399,0,402,373
1728462784202027000,162,810,203,0,400,288
1728462784202868000,253,799,113,21,434,206
1728462784203710000,362,761,34,66,457,146
1728462784204552000,469,698,0,122,448,89
1728462784205394000,576,612,0,205,428,37
1728462784206235000,670,517,0,262,386,0
1728462784207076000,723,370,13,325,333,0
1728462784207918000,771,290,85,402,272,0
1728462784208759000,794,183,175,453,226,0
1728462784209601000,765,65,285,485,113,23
1728462784210443000,821,20,407,512,87,92
1728462784211285000,569,0,505,578,34,197
1728462784212126000,581,0,626,494,2,226
1728462784212967000,487,0,720,476,0,290
1728462784213808000,375,30,789,418,0,363
1728462784214650000,264,93,844,357,0,430
1728462784215492000,178,177,842,290,10,480
1728462784216334000,82,277,872,213,42,565
1728462784217176000,12,397,767,145,90,585
1728462784218017000,0,502,713,85,153,506
1728462784218858000,0,602,613,33,217,506
1728462784219700000,8,781,506,27,284,436
1728462784220541000,32,738,388,0,415,400
1728462784221390000,66,711,269,0,437,331
1728462784222231000,184,811,184,2,411,272
1728462784223073000,277,797,90,29,440,194
1728462784223915000,388,742,18,83,453,133
1728462784224757000,498,677,0,146,445,74
1728462784225598000,594,581,0,213,423,26
1728462784226439000,687,476,0,278,373,0
1728462784227280000,736,382,42,337,320,0
1728462784228121000,778,279,116,397,250,0
1728462784228962000,781,181,210,460,205,0
1728462784229804000,746,111,378,488,145,37
1728462784230646000,709,2,343,511,95,185
1728462784231487000,704,2,498,517,65,225
1728462784232328000,558,0,649,501,0,242
1728462784233169000,458,0,737,463,0,307
1728462784234010000,346,40,802,400,0,377
1728462784234860000,241,114,855,338,0,444
1728462784235702000,148,202,846,269,10,490
1728462784236544000,68,297,828,193,34,521
1728462784237385000,96,410,776,133,95,530
1728462784238227000,2,526,696,130,158,525
1728462784239068000,0,623,601,61,226,497
1728462784239909000,0,684,532,28,273,457
1728462784240750000,5,761,346,0,337,389
1728462784241591000,95,811,253,0,390,362
1728462784242432000,210,805,162,0,416,257
1728462784243274000,320,786,69,42,434,180
1728462784244116000,416,730,11,101,454,114
1728462784244958000,516,662,0,164,441,58
1728462784245799000,615,561,0,238,410,10
1728462784246640000,704,465,0,298,370,0
1728462784247481000,756,362,41,362,320,0
1728462784248345000,786,245,110,422,250,0
1728462784249187000,797,113,215,467,225,1
1728462784250029000,767,8,343,520,165,47
1728462784250871000,701,0,453,515,11,97
1728462784251712000,700,0,568,514,18,178
1728462784252553000,535,0,661,487,0,264
1728462784253394000,436,5,757,444,0,334
1728462784254236000,330,57,814,386,0,394
1728462784255077000,215,142,852,320,0,450
1728462784255919000,118,229,850,256,20,498
1728462784256761000,37,330,811,175,66,525
1728462784257602000,0,448,824,106,117,541
1728462784258444000,0,562,696,49,173,531
1728462784259285000,0,629,498,5,245,546
1728462784260126000,0,719,404,0,320,484
1728462784260967000,94,775,309,0,349,314
1728462784261815000,136,809,210,0,402,312
1728462784262656000,228,796,132,9,428,238
1728462784263498000,335,776,50,50,445,175
1728462784264340000,450,711,0,114,444,94
1728462784265181000,546,637,0,180,437,42
1728462784266023000,630,516,3,260,389,0
1728462784266864000,714,424,5,325,341,0
1728462784267705000,729,312,77,383,289,0
1728462784268546000,771,207,164,437,229,0
1728462784269387000,730,128,253,405,165,0
1728462784270229000,721,87,388,485,117,82
1728462784271071000,672,0,543,497,81,138
1728462784271912000,602,0,625,516,26,210
1728462784272753000,512,0,694,490,0,275
1728462784273594000,405,14,773,434,0,335
1728462784274435000,298,82,839,366,0,415
1728462784275277000,197,165,854,298,0,469
1728462784276119000,103,325,836,232,30,485
1728462784276961000,37,346,804,167,151,529
1728462784277803000,0,443,730,105,157,535
1728462784278644000,0,556,637,38,183,517
1728462784279485000,0,629,543,0,202,480
1728462784280326000,116,725,466,0,273,420
1728462784281168000,90,782,298,58,345,378
1728462784282009000,149,801,205,0,406,292
1728462784282850000,253,794,109,16,431,221
1728462784283692000,360,757,30,71,442,151
1728462784284534000,469,693,0,121,448,88
1728462784285375000,572,613,0,197,418,29
1728462784286216000,644,529,0,266,391,0
1728462784287057000,719,405,0,324,327,0
1728462784287898000,761,297,100,395,283,0
1728462784288838000,801,192,174,455,221,0
1728462784289680000,757,221,269,518,170,0
1728462784290522000,767,95,405,506,178,57
1728462784291364000,658,0,509,552,109,138
1728462784292205000,586,0,626,507,21,232
1728462784293046000,487,0,717,471,0,295
1728462784293887000,382,14,782,421,0,362
1728462784294728000,272,100,832,353,0,431
1728462784295570000,174,186,856,272,0,488
1728462784296412000,56,287,843,197,41,511
1728462784297254000,4,392,790,141,98,537
1728462784298096000,0,495,718,87,157,536
1728462784298937000,0,602,669,33,222,514
1728462784299778000,0,724,587,0,285,473
1728462784300619000,25,752,293,0,305,516
1728462784301461000,97,788,205,0,381,407
1728462784302219000,178,814,189,0,413,269
1728462784303061000,284,793,89,30,439,210
1728462784303903000,389,744,13,79,452,136
1728462784304745000,511,677,0,138,449,78
1728462784305587000,591,593,0,215,410,21
1728462784306428000,671,474,0,284,362,0
1728462784307269000,741,365,55,354,320,0
1728462784308110000,768,266,114,409,265,0
1728462784308952000,740,167,202,477,203,13
1728462784309794000,717,84,306,415,137,31
1728462784310636000,688,77,458,488,82,89
1728462784311478000,626,0,543,515,41,153
1728462784312319000,554,0,645,500,5,238
1728462784313160000,461,0,740,463,0,312
1728462784314001000,350,41,798,405,0,377
1728462784314842000,249,109,837,335,0,421
1728462784315692000,159,208,855,269,11,491
1728462784316534000,58,394,820,201,53,506
1728462784317376000,16,466,767,141,105,526
1728462784318217000,0,503,697,74,192,530
1728462784319058000,0,586,591,26,249,494
1728462784319899000,0,669,489,0,210,455
1728462784320740000,145,736,397,0,290,388
1728462784321581000,188,785,266,0,378,320
1728462784322422000,198,810,161,1,422,250
1728462784323264000,285,781,74,30,442,186
1728462784324106000,420,736,8,97,455,119
1728462784324947000,522,657,0,154,437,64
1728462784325788000,613,578,0,224,405,24
1728462784326629000,677,466,0,298,357,0
1728462784327470000,752,365,53,362,320,0
1728462784328312000,777,245,133,425,250,0
1728462784329163000,778,141,174,474,192,85
1728462784330004000,824,85,293,498,133,0
1728462784330846000,690,117,440,535,88,89
1728462784331687000,638,8,568,516,28,170
1728462784332528000,541,0,670,492,8,253
1728462784333369000,431,2,756,450,0,324
1728462784334211000,320,50,821,395,0,394
1728462784335053000,218,137,853,320,0,455
1728462784335894000,128,221,855,250,10,498
1728462784336736000,101,330,819,181,56,533
1728462784337578000,0,440,755,155,113,535
1728462784338420000,0,554,678,74,184,521
1728462784339261000,0,642,551,0,238,505
1728462784340102000,0,756,478,0,294,470
1728462784340943000,36,818,344,0,354,365
1728462784341785000,133,805,234,0,392,309
1728462784342634000,229,807,130,2,421,249
1728462784343476000,328,773,58,50,448,160
1728462784344318000,444,711,0,114,448,104
1728462784345159000,545,634,0,185,437,53
1728462784346000000,642,549,0,248,405,0
1728462784346841000,720,437,2,314,355,0
1728462784347683000,769,299,66,373,294,2
1728462784348524000,789,229,157,437,229,0
1728462784349365000,787,87,250,468,114,4
1728462784350207000,839,21,412,522,82,64
1728462784351049000,746,0,462,541,42,138
1728462784351890000,603,0,583,510,26,202
1728462784352731000,517,0,697,478,0,282
1728462784353572000,410,16,773,434,0,342
1728462784354414000,295,82,825,373,0,413
1728462784355255000,201,157,853,306,0,466
1728462784356127000,100,250,916,229,34,510
1728462784356969000,30,362,793,161,74,585
1728462784357811000,0,480,724,101,130,562
1728462784358652000,0,579,645,45,194,501
1728462784359493000,0,779,527,37,266,448
1728462784360334000,34,821,437,10,320,397
1728462784361175000,96,673,299,0,458,362
1728462784362016000,153,805,201,0,404,293
1728462784362858000,256,802,109,9,432,228
1728462784363700000,357,765,43,65,452,146
1728462784364542000,463,697,0,130,448,90
1728462784365383000,576,602,0,199,433,36
1728462784366224000,626,513,0,270,391,2
1728462784367065000,718,409,15,333,338,0
1728462784367907000,762,303,90,384,282,0
1728462784368748000,791,199,180,429,214,0
1728462784369581000,770,98,374,480,194,42
1728462784370423000,729,20,287,501,98,181
1728462784371265000,677,0,452,511,64,197
1728462784372106000,595,0,612,508,21,224
1728462784372947000,485,0,712,466,0,298
1728462784373788000,383,21,790,425,0,360
1728462784374629000,270,94,833,357,0,422
1728462784375471000,171,184,853,287,4,484
1728462784376313000,82,266,832,216,26,523
1728462784377155000,97,379,789,146,81,533
1728462784377997000,29,495,714,75,138,540
1728462784378838000,0,602,626,70,199,510
1728462784379680000,0,685,554,50,257,485
1728462784380521000,0,741,410,0,320,395
1728462784381363000,64,800,282,0,378,354
1728462784382204000,176,802,170,0,415,272
1728462784383050000,281,794,82,21,444,207
1728462784383892000,389,750,18,82,442,133
1728462784384733000,490,682,0,158,437,64
1728462784385574000,586,594,0,213,420,26
1728462784386415000,681,491,0,282,380,0
1728462784387256000,741,376,23,353,314,0
1728462784388097000,773,277,94,407,273,0
1728462784388939000,799,194,200,454,206,0
1728462784389781000,767,0,293,481,210,5
1728462784390622000,732,0,423,544,126,94
1728462784391463000,648,0,543,510,10,170
1728462784392304000,559,0,638,502,5,238
1728462784393145000,464,0,729,463,0,320
1728462784393986000,352,39,796,398,0,375
1728462784394828000,257,110,839,338,0,431
1728462784395670000,156,212,850,267,5,488
1728462784396529000,49,306,834,188,52,526
1728462784397371000,0,407,771,133,106,533
1728462784398212000,0,528,718,73,173,538
1728462784399053000,0,646,666,18,224,514
1728462784399894000,0,689,391,0,272,558
1728462784400736000,53,776,314,0,343,458
1728462784401578000,106,800,269,0,383,330
1728462784402420000,197,797,156,1,420,256
1728462784403262000,304,786,64,36,444,194
1728462784404104000,415,744,8,93,448,125
1728462784404946000,509,663,0,162,441,56
1728462784405787000,617,565,0,229,410,10
1728462784406628000,689,462,2,302,365,0
1728462784407469000,752,352,36,372,309,0
1728462784408311000,782,253,127,418,260,0
1728462784409153000,741,153,212,394,181,0
1728462784409991000,744,122,356,477,125,55
1728462784410833000,685,0,448,514,82,110
1728462784411674000,616,0,572,520,34,185
1728462784412515000,546,0,663,506,2,257
1728462784413356000,441,0,746,448,0,324
1728462784414198000,327,55,827,389,0,399
1728462784415040000,225,133,852,325,0,450
1728462784415882000,122,283,841,250,21,477
1728462784416724000,49,377,821,181,82,522
1728462784417566000,0,421,753,125,165,530
1728462784418407000,0,538,669,66,178,526
1728462784419248000,0,613,583,9,188,488
1728462784420089000,105,701,512,0,265,436
1728462784420930000,106,762,333,0,338,377
1728462784421771000,130,804,242,0,397,314
1728462784422613000,237,800,133,13,437,239
1728462784423465000,332,772,46,53,454,170
1728462784424307000,448,719,0,107,441,101
1728462784425149000,538,642,0,183,436,42
1728462784425990000,634,546,0,253,392,5
1728462784426831000,698,448,2,314,346,0
1728462784427672000,759,305,36,382,308,0
1728462784428513000,792,228,149,434,242,0
1728462784429355000,765,245,241,506,194,0
1728462784430197000,778,100,354,490,206,45
1728462784431039000,690,0,482,544,121,125
1728462784431880000,604,0,597,517,31,207
1728462784432722000,513,0,687,489,0,272
1728462784433563000,417,9,760,432,0,341
1728462784434404000,298,74,826,370,0,415
1728462784435245000,201,155,852,314,0,458
1728462784436087000,90,253,847,225,29,501
1728462784436938000,21,357,799,165,72,534
1728462784437780000,0,482,738,97,136,537
1728462784438621000,0,569,681,45,202,522
1728462784439462000,0,693,630,0,266,489
1728462784440303000,0,757,514,0,292,463
1728462784441144000,50,757,250,0,381,429
1728462784441985000,148,805,224,0,401,293
1728462784442827000,250,791,113,21,431,228
1728462784443669000,360,760,30,64,456,156
1728462784444511000,477,704,0,119,450,97
1728462784445352000,564,619,0,194,418,36
1728462784446193000,654,513,0,266,362,0
1728462784447034000,722,420,20,327,334,0
1728462784447876000,773,307,111,401,277,0
1728462784448718000,805,197,169,453,219,0
1728462784449560000,714,98,314,530,162,41
1728462784450409000,699,40,382,448,104,64
1728462784451250000,650,1,512,496,53,151
1728462784452091000,586,0,622,509,18,210
1728462784452932000,485,0,714,480,0,290
1728462784453773000,388,18,781,426,0,363
1728462784454614000,273,98,832,352,0,431
1728462784455456000,177,178,855,282,0,474
1728462784456298000,87,276,821,213,40,488
1728462784457139000,10,448,791,157,92,526
1728462784457981000,0,530,711,89,149,522
1728462784458822000,0,533,617,40,276,506
1728462784459663000,0,608,509,10,322,466
1728462784460504000,40,713,389,0,234,411
1728462784461346000,98,775,289,0,352,341
1728462784462187000,187,811,188,0,417,274
1728462784463028000,272,798,93,37,441,197
1728462784463876000,381,738,22,81,456,138
1728462784464718000,490,681,0,141,448,79
1728462784465560000,589,593,0,212,421,32
1728462784466401000,680,497,0,266,373,0
1728462784467242000,741,389,38,348,320,0
1728462784468083000,765,266,112,405,271,0
1728462784468925000,767,178,254,458,213,3
1728462784469767000,778,94,257,491,175,107
1728462784470609000,738,16,410,517,79,31
1728462784471451000,658,37,533,522,42,162
1728462784472292000,557,0,645,497,8,232
1728462784473133000,466,0,733,463,0,298
1728462784473974000,346,37,804,410,0,378
1728462784474815000,250,107,841,339,0,437
1728462784475657000,154,201,847,266,10,488
1728462784476499000,138,298,825,193,41,523
1728462784477350000,0,421,775,169,92,541
1728462784478192000,0,521,700,101,165,530
1728462784479033000,0,616,589,0,221,514
1728462784479874000,0,705,510,0,277,488
1728462784480715000,29,778,368,0,340,388
1728462784481557000,113,800,269,0,383,335
1728462784482398000,200,808,158,0,411,256
1728462784483240000,298,786,77,41,448,178
1728462784484082000,420,730,5,98,463,125
1728462784484924000,512,655,0,157,440,66
1728462784485765000,613,576,0,234,409,4
1728462784486606000,704,472,0,298,368,0
1728462784487447000,750,356,52,353,309,0
1728462784488288000,786,245,125,426,250,0
1728462784489130000,803,113,218,457,128,0
1728462784489972000,864,49,394,518,114,50
1728462784490821000,586,0,426,594,64,142
1728462784491662000,633,0,562,513,34,180
1728462784492504000,549,0,677,502,0,254
1728462784493345000,444,0,752,453,0,321
1728462784494186000,329,60,813,393,0,389
1728462784495028000,224,130,850,325,0,453
1728462784495870000,119,218,914,254,18,498
1728462784496712000,50,330,832,182,64,608
1728462784497554000,0,448,746,117,118,582
1728462784498396000,0,549,674,64,177,509
1728462784499237000,0,642,562,16,235,420
1728462784500078000,0,847,455,21,314,414
1728462784500920000,87,839,338,4,359,346
1728462784501761000,129,802,229,0,398,314
1728462784502603000,225,807,137,4,421,245
1728462784503445000,325,777,56,50,448,165
1728462784504298000,434,715,0,109,452,101
1728462784505139000,546,646,0,178,434,57
1728462784505980000,618,534,0,253,391,8
1728462784506821000,696,439,5,314,362,0
1728462784507662000,754,325,71,368,274,0
1728462784508503000,779,234,144,448,234,0
1728462784509345000,762,103,266,464,186,11
1728462784510187000,725,77,428,500,138,65
1728462784511029000,682,0,370,516,64,235
1728462784511870000,615,0,583,514,29,197
1728462784512711000,522,0,687,480,0,273
1728462784513552000,410,9,773,436,0,342
1728462784514393000,305,73,824,373,0,412
1728462784515235000,197,155,859,306,0,457
1728462784516077000,105,214,842,237,79,498
1728462784516919000,38,329,797,171,114,530
1728462784517762000,0,452,736,93,119,533
1728462784518603000,40,560,658,47,177,521
1728462784519444000,74,641,569,18,224,484
1728462784520285000,68,719,426,52,292,453
1728462784521127000,0,772,357,27,345,381
1728462784521968000,158,808,207,0,405,302
1728462784522810000,245,799,114,17,434,231
1728462784523651000,356,760,42,64,439,157
1728462784524493000,465,704,0,125,441,87
1728462784525334000,557,619,0,197,431,33
1728462784526175000,647,521,0,258,389,0
1728462784527016000,711,410,5,324,348,0
1728462784527858000,773,303,69,378,290,0
1728462784528700000,794,201,157,442,226,0
1728462784529542000,825,196,266,490,166,10
1728462784530384000,722,0,392,514,181,50
1728462784531235000,674,0,508,535,89,143
1728462784532076000,583,0,618,509,18,218
1728462784532917000,497,0,704,478,0,290
1728462784533758000,386,23,775,421,0,360
1728462784534599000,276,79,832,349,0,426
1728462784535441000,186,175,856,290,1,472
1728462784536283000,69,277,842,213,34,514
1728462784537124000,0,375,796,149,85,533
1728462784537966000,0,486,729,92,146,537
1728462784538807000,0,576,701,31,224,517
1728462784539648000,0,714,586,0,290,487
1728462784540489000,17,740,304,0,320,522
1728462784541331000,81,795,270,0,376,353
1728462784542173000,169,803,189,0,410,283
1728462784543015000,274,791,98,26,441,213
1728462784543857000,382,752,16,77,453,142
1728462784544712000,498,690,0,142,442,81
1728462784545553000,588,589,0,205,397,18
1728462784546394000,673,487,0,280,373,0
1728462784547235000,738,386,41,346,330,0
1728462784548076000,772,274,121,418,265,0
1728462784548917000,670,154,181,526,194,36
1728462784549759000,719,82,311,522,146,20
1728462784550601000,704,50,421,469,75,126
1728462784551443000,652,0,536,522,47,158
1728462784552284000,568,0,639,501,8,239
1728462784553125000,458,0,736,465,0,306
1728462784553967000,357,27,791,410,0,374
1728462784554808000,253,113,845,338,0,437
1728462784555650000,149,200,825,260,2,530
1728462784556492000,69,310,817,199,42,501
1728462784557334000,9,473,773,137,110,529
1728462784558177000,0,489,697,77,202,525
1728462784559018000,0,552,595,56,267,494
1728462784559860000,17,656,485,0,217,459
1728462784560701000,23,741,393,0,286,405
1728462784561543000,111,802,266,0,378,333
1728462784562384000,197,808,165,0,420,251
1728462784563226000,308,783,76,41,455,196
1728462784564068000,402,730,0,92,450,122
1728462784564910000,517,661,0,153,440,69
1728462784565751000,605,588,0,224,409,16
1728462784566592000,685,472,0,290,370,0
1728462784567433000,740,370,49,363,321,0
1728462784568275000,782,258,110,421,258,0
1728462784569117000,824,181,170,463,205,41
1728462784569959000,757,130,306,513,146,0
1728462784570801000,751,86,441,516,74,85
1728462784571652000,634,1,577,522,37,177
1728462784572493000,538,0,663,493,0,254
1728462784573334000,435,0,757,450,0,322
1728462784574175000,339,47,810,401,0,394
1728462784575017000,228,129,837,322,0,450
1728462784575859000,192,221,852,259,4,494
1728462784576701000,26,327,824,226,57,522
1728462784577543000,0,432,757,114,116,535
1728462784578384000,0,548,678,58,175,532
1728462784579225000,0,698,598,1,250,500
1728462784580066000,0,704,448,0,312,450
1728462784580907000,43,781,450,0,380,410
1728462784581748000,128,805,236,0,388,310
1728462784582589000,220,807,148,8,429,234
1728462784583431000,320,774,64,53,448,173
1728462784584272000,437,721,0,112,453,117
1728462784585121000,540,637,0,171,444,53
1728462784585962000,637,552,0,242,394,5
1728462784586803000,709,421,0,322,348,0
1728462784587644000,759,331,64,377,302,0
1728462784588486000,787,215,168,433,228,0
1728462784589328000,890,114,302,492,154,21
1728462784590170000,657,46,361,566,103,110
1728462784591012000,626,0,493,514,58,106
1728462784591853000,609,0,590,516,26,192
1728462784592695000,516,0,687,496,0,273
1728462784593536000,409,5,772,436,0,340
1728462784594377000,320,64,815,380,0,405
1728462784595218000,205,154,836,303,0,465
1728462784596060000,111,248,818,237,26,542
1728462784596902000,33,369,794,170,74,513
1728462784597743000,0,485,742,111,136,529
1728462784598591000,0,613,647,49,192,508
1728462784599432000,0,713,541,0,320,461
1728462784600273000,0,624,415,0,376,418
1728462784601114000,90,754,327,0,388,380
1728462784601956000,158,807,215,0,398,301
1728462784602798000,242,805,116,22,434,222
1728462784603639000,349,761,34,65,449,156
1728462784604481000,461,704,0,118,450,94
1728462784605322000,564,620,0,188,426,42
1728462784606163000,642,535,0,245,392,4
1728462784607004000,711,434,21,322,338,0
1728462784607846000,770,308,82,389,297,0
1728462784608688000,770,202,234,440,241,0
1728462784609530000,779,98,171,484,161,122
1728462784610372000,800,65,341,506,126,130
1728462784611214000,685,0,500,522,55,137
1728462784612067000,585,0,613,509,13,218
1728462784612908000,494,0,708,477,0,278
1728462784613749000,389,14,788,426,0,360
1728462784614590000,277,84,834,369,0,422
1728462784615431000,182,173,847,289,2,476
1728462784616273000,185,266,842,214,26,520
1728462784617115000,77,377,795,158,82,530
1728462784617957000,0,482,725,119,149,533
1728462784618798000,0,593,656,66,206,510
1728462784619639000,0,674,516,0,258,482
1728462784620480000,0,776,410,0,322,448
1728462784621321000,82,792,298,0,369,354
1728462784622162000,173,810,201,0,404,277
1728462784623004000,266,798,96,21,439,201
1728462784623846000,378,747,26,74,450,133
1728462784624688000,491,676,0,144,452,82
1728462784625536000,592,605,0,200,418,10
1728462784626377000,669,500,0,279,383,0
1728462784627218000,745,394,34,345,328,0
1728462784628060000,783,282,101,404,261,0
1728462784628901000,767,119,202,485,258,0
1728462784629743000,766,42,298,490,98,30
1728462784630585000,813,7,453,520,66,85
1728462784631427000,658,0,532,517,47,169
1728462784632268000,565,0,638,504,5,232
1728462784633109000,477,0,732,463,0,298
1728462784633950000,360,38,794,408,0,370
1728462784634791000,249,111,846,350,0,440
1728462784635633000,153,196,840,269,14,482
1728462784636475000,66,300,873,197,45,527
1728462784637317000,9,407,766,148,94,578
1728462784638159000,0,521,704,85,164,565
1728462784639012000,31,626,566,27,218,409
1728462784639853000,28,704,473,0,266,402
1728462784640694000,23,873,370,16,349,368
1728462784641536000,114,800,266,0,392,337
1728462784642377000,196,809,165,0,410,265
1728462784643219000,301,789,82,36,448,192
1728462784644061000,400,742,15,82,450,117
1728462784644902000,501,663,0,160,442,66
1728462784645743000,607,565,0,228,417,26
1728462784646584000,666,482,0,292,373,0
1728462784647425000,729,361,53,362,325,0
1728462784648266000,783,258,113,410,258,0
1728462784649108000,766,224,238,448,201,1
1728462784649950000,736,77,325,490,138,40
1728462784650791000,706,2,523,515,132,109
1728462784651632000,637,1,555,520,40,187
1728462784652485000,548,0,657,496,8,250
1728462784653326000,457,0,746,448,0,320
1728462784654167000,335,52,814,397,0,394
1728462784655009000,228,131,850,329,0,448
1728462784655851000,132,274,850,260,21,482
1728462784656693000,55,320,815,181,98,530
1728462784657535000,0,418,762,117,101,538
1728462784658376000,0,535,678,64,167,521
1728462784659217000,58,621,633,25,201,485
1728462784660058000,45,704,468,0,266,438
1728462784660900000,0,757,352,40,346,431
1728462784661742000,125,810,232,0,397,322
1728462784662584000,220,805,145,2,421,251
1728462784663426000,330,778,56,52,448,171
1728462784664268000,429,727,0,106,439,101
1728462784665110000,527,641,0,181,433,51
1728462784665951000,628,538,0,245,399,5
1728462784666792000,704,437,0,309,357,0
1728462784667633000,767,335,55,378,303,0
1728462784668475000,790,224,130,429,242,0
1728462784669317000,802,229,240,505,184,0
1728462784670159000,724,0,361,513,192,64
1728462784671001000,706,0,471,531,101,133
1728462784671842000,612,0,583,507,29,199
1728462784672684000,522,0,687,484,0,273
1728462784673525000,418,11,759,430,0,345
1728462784674367000,312,69,822,372,0,402
1728462784675209000,210,151,846,311,0,451
1728462784676051000,101,240,835,231,28,500
1728462784676893000,33,357,800,161,81,534
1728462784677735000,0,466,782,102,128,539
1728462784678576000,0,586,717,49,197,520
1728462784679421000,0,673,463,9,244,581
1728462784680262000,13,728,378,0,320,493
1728462784681104000,79,782,320,0,363,354
1728462784681945000,146,807,210,0,405,305
1728462784682786000,245,799,116,10,434,232
1728462784683628000,354,767,37,64,448,156
1728462784684470000,450,714,0,117,448,94
1728462784685311000,550,620,0,194,427,40
1728462784686152000,663,522,0,266,400,2
1728462784686993000,719,414,14,330,338,0
1728462784687834000,769,320,77,397,290,0
1728462784688676000,690,200,172,489,213,23
1728462784689518000,729,109,247,433,161,13
1728462784690360000,709,100,414,506,111,81
1728462784691202000,677,0,500,525,65,139
1728462784692043000,602,0,608,505,18,215
1728462784692892000,496,0,698,476,0,282
1728462784693733000,395,16,780,421,0,355
1728462784694575000,282,87,841,362,0,417
1728462784695416000,182,177,845,293,0,513
1728462784696258000,85,357,832,218,37,507
1728462784697100000,26,413,788,155,93,525
1728462784697942000,0,480,730,92,161,537
1728462784698783000,0,522,628,57,250,500
1728462784699624000,0,636,521,0,184,466
1728462784700465000,23,729,432,0,279,420
1728462784701306000,85,792,295,0,378,358
1728462784702148000,173,805,189,0,413,278
1728462784702990000,276,796,96,26,449,210
1728462784703832000,378,753,20,73,448,141
1728462784704674000,490,689,0,148,440,78
1728462784705515000,577,605,0,202,420,20
1728462784706366000,663,509,0,274,385,0
1728462784707207000,725,386,32,331,335,0
1728462784708049000,782,274,98,409,277,0
1728462784708891000,794,167,121,440,245,58
1728462784709733000,786,90,260,490,122,0
1728462784710575000,709,133,409,546,111,55
1728462784711416000,648,0,539,522,50,161
1728462784712257000,564,0,642,502,10,234
1728462784713098000,471,0,725,471,0,312
1728462784713939000,366,29,786,407,0,370
1728462784714780000,263,106,840,340,0,438
1728462784715622000,215,192,850,281,0,480
1728462784716464000,46,293,832,225,45,517
1728462784717306000,10,402,786,133,100,538
1728462784718148000,0,517,704,75,160,535
1728462784718989000,0,666,618,10,225,497
1728462784719838000,0,704,496,0,282,458
1728462784720679000,21,747,476,0,354,421
1728462784721521000,107,802,274,0,389,335
1728462784722362000,189,805,178,0,416,264
1728462784723204000,293,781,75,40,442,194
1728462784724046000,407,741,5,85,458,133
1728462784724887000,510,667,0,146,438,73
1728462784725728000,615,570,0,218,417,10
1728462784726569000,682,452,0,292,372,0
1728462784727410000,738,352,53,370,320,0
1728462784728251000,773,253,125,417,250,0
1728462784729093000,901,130,247,484,169,0
1728462784729935000,834,65,306,484,124,54
1728462784730777000,654,14,453,570,71,123
1728462784731618000,654,0,554,520,42,170
1728462784732459000,544,0,661,498,1,245
1728462784733308000,448,0,751,458,0,320
1728462784734149000,340,36,808,401,0,388
1728462784734991000,233,125,839,327,0,449
1728462784735833000,135,226,890,250,9,506
1728462784736675000,65,324,810,192,72,568
1728462784737517000,0,432,752,121,109,523
1728462784738358000,0,568,677,79,175,518
1728462784739200000,18,710,568,14,235,469
1728462784740041000,0,606,461,0,367,431
1728462784740883000,50,722,352,0,386,392
1728462784741725000,129,804,244,0,389,309
1728462784742566000,219,812,149,2,433,241
1728462784743408000,309,777,52,49,448,174
1728462784744250000,437,722,0,96,455,106
1728462784745092000,535,650,0,165,434,58
1728462784745933000,623,560,0,229,393,10
1728462784746782000,692,459,0,301,353,0
1728462784747623000,746,348,66,372,301,0
1728462784748464000,773,218,220,417,237,0
1728462784749306000,773,168,306,473,194,11
1728462784750148000,757,45,304,496,146,133
1728462784750990000,698,0,457,522,64,104
1728462784751831000,618,0,582,514,32,197
1728462784752672000,519,0,687,485,0,264
1728462784753513000,418,0,765,442,0,337
1728462784754354000,310,64,818,383,0,407
1728462784755196000,206,151,847,309,0,458
1728462784756038000,116,229,848,234,1,503
1728462784756880000,90,345,804,174,58,527
1728462784757722000,0,462,747,154,122,546
1728462784758563000,0,555,693,122,184,541
1728462784759404000,0,645,562,49,256,469
1728462784760258000,0,722,418,0,301,458
1728462784761100000,64,780,327,0,353,377
1728462784761941000,151,808,224,0,395,298
1728462784762783000,239,807,121,13,431,224
1728462784763625000,350,757,42,64,448,153
1728462784764467000,466,706,0,119,462,94
1728462784765308000,562,628,0,178,426,37
1728462784766149000,621,535,0,261,392,0
1728462784766990000,721,431,18,324,346,0
1728462784767831000,776,314,87,389,284,0
1728462784768672000,766,122,158,442,296,0
1728462784769514000,811,69,260,477,98,13
1728462784770356000,858,36,415,522,85,78
1728462784771198000,682,0,506,522,55,144
1728462784772039000,594,0,607,509,21,213
1728462784772880000,503,0,706,474,0,281
1728462784773723000,393,18,775,428,0,345
1728462784774565000,282,85,833,370,0,426
1728462784775407000,173,168,849,286,0,473
1728462784776249000,89,266,920,217,32,517
1728462784777091000,26,376,788,161,81,608
1728462784777933000,0,493,711,82,142,556
1728462784778774000,21,605,613,34,193,433
1728462784779615000,0,779,500,14,273,430
1728462784780456000,41,845,402,2,327,405
1728462784781297000,87,785,299,0,373,360
1728462784782138000,170,809,189,0,401,277
1728462784782980000,254,802,101,21,441,212
1728462784783822000,374,752,26,82,453,146
1728462784784664000,490,689,0,133,453,81
1728462784785505000,568,617,0,202,410,47
1728462784786346000,646,491,0,274,372,0
1728462784787210000,741,388,20,337,313,0
1728462784788052000,759,295,109,405,270,0
1728462784788894000,769,170,305,448,218,0
1728462784789736000,765,133,350,482,161,37
1728462784790578000,725,21,352,503,109,170
1728462784791419000,666,0,535,522,42,154
1728462784792260000,577,0,638,505,21,226
1728462784793101000,466,0,729,466,0,308
1728462784793942000,357,26,802,424,0,370
1728462784794783000,258,105,842,342,0,431
1728462784795625000,162,180,847,267,30,484
1728462784796467000,135,290,832,205,23,522
1728462784797309000,52,400,779,139,97,526
1728462784798151000,0,506,704,103,154,534
1728462784798992000,0,595,619,74,210,490
1728462784799833000,0,698,482,0,276,466
1728462784800679000,9,804,424,0,326,430
1728462784801521000,106,804,274,0,375,341
1728462784802363000,194,799,169,0,421,258
1728462784803205000,293,786,79,32,450,194
1728462784804047000,399,743,10,93,455,125
1728462784804889000,509,667,0,146,442,69
1728462784805730000,607,584,0,216,410,13
1728462784806571000,669,482,0,297,363,0
1728462784807412000,754,375,34,360,320,0
1728462784808253000,786,295,122,412,259,0
1728462784809094000,766,82,207,486,257,0
1728462784809936000,766,33,308,488,82,26
1728462784810778000,805,0,467,517,64,100
1728462784811619000,642,0,559,517,37,180
1728462784812460000,555,0,651,496,0,242
1728462784813301000,449,2,743,454,0,320
1728462784814141000,337,50,808,401,0,378
1728462784814982000,237,121,849,333,0,442
1728462784815824000,119,206,840,251,9,490
1728462784816666000,49,320,910,177,58,530
1728462784817508000,0,425,828,125,107,532
1728462784818349000,0,538,629,66,175,592
1728462784819190000,0,625,523,13,258,554
1728462784820031000,18,725,431,0,320,507
1728462784820872000,41,765,320,0,343,361
1728462784821714000,122,805,241,0,392,325
1728462784822555000,218,805,149,0,419,251
1728462784823397000,322,786,64,45,438,173
1728462784824239000,424,727,2,104,448,114
1728462784825080000,537,644,0,170,441,50
1728462784825921000,634,546,0,244,410,1
1728462784826762000,704,442,2,309,360,0
1728462784827611000,759,330,39,381,306,0
1728462784828452000,725,224,171,469,234,10
1728462784829294000,750,139,230,426,185,25
1728462784830136000,728,125,367,496,125,69
1728462784830978000,700,0,507,525,77,126
1728462784831819000,617,0,576,520,37,193
1728462784832660000,527,0,669,485,0,267
1728462784833501000,418,2,761,442,0,334
1728462784834342000,320,64,832,386,0,398
1728462784835184000,210,151,835,312,0,441
1728462784836026000,112,321,845,241,25,496
1728462784836868000,45,379,801,178,119,522
1728462784837710000,0,432,737,107,173,533
1728462784838551000,16,510,663,55,178,523
1728462784839392000,0,616,558,0,178,466
1728462784840233000,118,698,498,4,267,414
1728462784841088000,64,781,335,0,360,381
1728462784841929000,146,798,218,0,394,298
1728462784842771000,252,803,121,10,444,232
1728462784843613000,348,767,42,52,441,165
1728462784844455000,451,714,0,117,450,90
1728462784845296000,538,637,0,183,444,45
1728462784846137000,633,536,0,254,400,5
1728462784846978000,714,444,10,329,350,0
1728462784847820000,760,314,57,381,299,0
1728462784848662000,858,237,125,429,220,0
1728462784849504000,762,226,244,517,177,0
1728462784850346000,754,0,357,498,207,58
1728462784851188000,682,0,498,521,64,134
1728462784852029000,597,0,601,517,22,216
1728462784852870000,505,0,695,474,0,281
1728462784853711000,402,18,779,424,0,355
1728462784854553000,287,84,832,367,0,413
1728462784855394000,165,161,847,362,0,462
1728462784856236000,71,266,847,253,33,516
1728462784857078000,21,361,793,153,82,533
1728462784857919000,0,488,721,84,144,542
1728462784858760000,0,580,633,18,197,517
1728462784859601000,0,645,628,0,298,487
1728462784860442000,8,799,493,0,327,410
1728462784861283000,78,796,304,0,369,350
1728462784862125000,157,804,205,0,405,282
1728462784862967000,265,796,93,21,442,213
1728462784863809000,373,762,29,66,448,158
1728462784864651000,482,687,0,138,440,78
1728462784865492000,576,586,0,207,424,10
1728462784866333000,663,490,0,282,383,0
1728462784867174000,725,389,25,341,325,0
1728462784868035000,789,277,106,407,273,0
1728462784868877000,874,180,215,445,186,0
1728462784869719000,693,85,337,548,138,65
1728462784870561000,687,10,402,449,98,68
1728462784871402000,658,0,533,525,53,153
1728462784872243000,570,0,634,513,16,228
1728462784873084000,478,0,713,471,0,298
1728462784873925000,369,36,797,410,0,372
1728462784874766000,260,105,832,346,0,432
1728462784875607000,164,192,826,267,4,535
1728462784876449000,80,298,813,203,56,505
1728462784877291000,2,455,779,148,97,527
1728462784878133000,0,541,700,81,161,514
1728462784878974000,0,506,605,21,303,488
1728462784879816000,0,632,506,18,325,459
1728462784880657000,56,711,381,0,348,401
1728462784881498000,98,801,278,0,386,338
1728462784882339000,196,811,175,0,416,262
1728462784883181000,298,781,84,39,448,196
1728462784884023000,402,744,8,82,457,135
1728462784884865000,505,672,0,149,437,69
1728462784885706000,595,597,0,221,416,20
1728462784886547000,663,504,0,277,363,0
1728462784887388000,744,373,44,360,324,0
1728462784888229000,762,256,184,407,269,0
1728462784889071000,775,181,265,453,197,14
1728462784889913000,757,56,232,485,157,109
1728462784890755000,730,12,420,517,82,74
1728462784891596000,648,0,557,517,34,178
1728462784892437000,558,0,656,498,0,240
1728462784893278000,453,0,741,455,0,309
1728462784894120000,338,42,815,401,0,392
1728462784894970000,238,119,843,343,0,448
1728462784895812000,141,194,840,253,11,490
1728462784896654000,173,309,823,192,39,521
1728462784897496000,21,437,768,129,110,540
1728462784898338000,0,530,686,133,159,538
1728462784899179000,0,629,621,64,234,503
1728462784900020000,0,704,470,0,285,442
1728462784900861000,41,772,354,0,350,395
1728462784901703000,122,805,256,0,393,329
1728462784902544000,215,808,138,2,414,242
1728462784903386000,313,767,65,45,448,170
1728462784904228000,424,725,8,96,457,106
1728462784905068000,533,650,0,163,440,53
1728462784905909000,634,554,0,242,410,10
1728462784906750000,716,462,0,302,361,0
1728462784907592000,757,343,58,370,301,0
1728462784908448000,835,298,126,430,240,0
1728462784909290000,761,64,231,482,245,0
1728462784910132000,774,21,341,495,79,49
1728462784910974000,704,0,457,520,77,125
1728462784911815000,622,0,582,514,27,196
1728462784912656000,530,0,686,492,0,261
1728462784913497000,425,1,760,442,0,326
1728462784914338000,312,71,822,382,0,405
1728462784915180000,193,136,850,306,0,453
1728462784916022000,118,235,841,237,34,501
1728462784916864000,34,341,877,170,65,523
1728462784917706000,0,454,766,112,120,546
1728462784918547000,0,534,581,42,202,581
1728462784919388000,42,680,516,5,250,523
1728462784920229000,26,725,421,0,288,378
1728462784921071000,65,773,329,0,362,373
1728462784921910000,139,807,213,0,397,309
1728462784922752000,237,801,125,10,421,234
1728462784923594000,349,770,47,55,457,159
1728462784924436000,448,711,0,116,453,100
1728462784925278000,551,622,0,181,418,49
1728462784926119000,640,538,0,254,399,4
1728462784926960000,697,434,9,320,360,0
1728462784927802000,764,320,75,356,294,0
1728462784928644000,767,254,192,405,233,5
1728462784929486000,749,137,267,469,170,18
1728462784930328000,745,49,453,508,151,53
1728462784931170000,687,0,490,522,69,148
1728462784932011000,602,0,605,506,18,210
1728462784932853000,501,0,704,485,0,281
1728462784933694000,394,15,778,434,0,346
1728462784934536000,282,74,832,365,0,421
1728462784935384000,184,212,860,304,0,456
1728462784936226000,101,247,832,221,69,517
1728462784937068000,28,354,798,154,71,534
1728462784937910000,21,481,743,101,130,532
1728462784938751000,50,569,666,37,177,504
1728462784939592000,0,654,526,82,249,512
1728462784940433000,0,738,471,40,320,450
1728462784941274000,77,781,293,0,370,356
1728462784942115000,167,814,192,0,410,293
1728462784942957000,265,798,106,18,433,218
1728462784943799000,375,759,23,70,460,138
1728462784944641000,473,690,0,134,448,82
1728462784945482000,581,608,0,205,429,30
1728462784946323000,666,501,0,274,389,0
1728462784947164000,738,407,5,341,338,0
1728462784948005000,778,291,85,393,265,0
1728462784948855000,761,290,162,465,218,0
1728462784949697000,791,154,287,472,189,7
1728462784950539000,706,0,400,538,141,92
1728462784951380000,665,0,520,529,57,154
1728462784952221000,576,0,632,501,18,233
1728462784953062000,480,0,714,468,0,301
1728462784953903000,373,31,786,407,0,378
1728462784954745000,267,105,840,352,0,430
1728462784955586000,126,189,850,320,0,473
1728462784956428000,64,285,833,203,43,517
1728462784957270000,5,401,780,133,98,537
1728462784958112000,0,506,725,78,149,535
1728462784958954000,0,612,709,13,250,533
1728462784959795000,0,718,568,0,262,448
1728462784960636000,18,758,331,0,331,461
1728462784961478000,93,791,279,0,381,338
1728462784962329000,184,799,174,1,418,272
1728462784963171000,289,788,97,32,437,202
1728462784964013000,401,741,14,82,444,128
1728462784964855000,496,683,0,149,442,78
1728462784965696000,600,570,0,225,413,21
1728462784966537000,683,469,0,287,349,0
1728462784967378000,736,368,50,357,320,0
1728462784968220000,842,245,151,420,241,0
1728462784969062000,657,145,192,528,175,33
1728462784969904000,716,69,331,533,141,26
1728462784970746000,705,9,448,520,87,101
1728462784971587000,645,0,554,523,52,170
1728462784972428000,553,0,649,495,1,245
1728462784973269000,453,0,733,461,0,314
1728462784974110000,347,42,796,398,0,382
1728462784974951000,242,125,850,325,0,480
1728462784975798000,142,215,832,260,4,528
1728462784976640000,53,307,823,196,57,509
1728462784977482000,4,450,763,130,122,534
1728462784978324000,0,569,673,49,245,510
1728462784979165000,0,560,583,37,282,490
1728462784980006000,10,655,482,0,217,444
1728462784980847000,40,777,363,0,343,388
1728462784981688000,114,806,250,0,394,333
1728462784982529000,209,802,146,2,426,250
1728462784983371000,312,782,57,42,448,181
1728462784984213000,430,728,1,105,450,114
1728462784985054000,526,658,0,159,426,57
1728462784985895000,618,570,0,244,409,2
1728462784986736000,698,458,0,311,369,0
1728462784987577000,759,349,64,376,312,0
1728462784988418000,788,250,186,424,234,0
1728462784989264000,785,125,171,457,194,66
1728462784990106000,821,78,330,513,105,0
1728462784990948000,690,5,480,525,74,117
1728462784991789000,628,0,586,514,33,188
1728462784992630000,522,0,682,493,0,272
1728462784993471000,426,0,755,449,0,329
1728462784994312000,327,65,818,383,0,405
1728462784995154000,213,130,851,306,0,455
1728462784995996000,197,229,849,242,5,496
1728462784996837000,26,343,813,225,66,529
1728462784997679000,0,449,741,125,122,538
1728462784998520000,0,559,640,13,181,500
1728462784999362000,0,679,564,0,249,505
1728462785000203000,0,776,453,0,293,425
1728462785001044000,64,778,331,0,349,374
1728462785001886000,139,810,221,0,402,301
1728462785002742000,229,801,141,10,425,232
1728462785003584000,338,764,47,58,448,164
1728462785004426000,455,709,0,112,450,101
1728462785005267000,559,633,0,188,432,20
1728462785006108000,645,538,0,257,395,0
1728462785006949000,704,369,5,312,354,0
1728462785007790000,762,320,75,383,295,0
1728462785008631000,798,174,151,430,175,0
1728462785009473000,906,101,292,480,145,21
1728462785010315000,789,39,337,584,98,85
1728462785011157000,688,0,493,525,70,129
1728462785011998000,602,0,598,514,23,201
1728462785012839000,501,0,698,477,0,277
1728462785013680000,394,8,779,437,0,344
1728462785014521000,297,73,823,376,0,418
1728462785015363000,183,165,921,290,0,475
1728462785016220000,101,261,860,229,27,557
1728462785017062000,21,363,784,161,79,569
1728462785017904000,0,480,734,106,139,530
1728462785018746000,0,698,617,64,210,474
1728462785019587000,0,767,522,26,271,448
1728462785020428000,13,780,416,0,312,405
1728462785021270000,79,787,312,0,363,365
1728462785022111000,173,814,202,0,407,286
1728462785022953000,256,799,113,20,437,221
1728462785023795000,363,752,26,72,450,146
1728462785024637000,480,696,0,130,455,84
1728462785025478000,555,604,0,194,415,41
1728462785026319000,657,513,0,264,377,0
1728462785027160000,736,410,28,327,331,0
1728462785028001000,766,298,100,388,288,0
1728462785028843000,769,203,178,436,209,0
1728462785029689000,767,113,361,490,186,41
1728462785030531000,733,28,370,506,110,150
1728462785031373000,668,0,526,521,43,156
1728462785032214000,583,0,626,506,16,221
1728462785033055000,481,0,719,469,0,295
1728462785033896000,362,21,796,418,0,373
1728462785034738000,265,88,833,361,0,429
1728462785035580000,169,166,852,274,29,480
1728462785036422000,94,282,832,213,26,513
1728462785037264000,64,396,786,150,90,530
1728462785038106000,0,501,719,157,154,562
1728462785038947000,0,592,651,81,215,500
1728462785039788000,0,693,496,0,271,485
1728462785040629000,25,760,400,0,325,416
1728462785041470000,101,799,289,0,377,342
1728462785042312000,183,807,173,0,414,261
1728462785043202000,290,786,87,34,442,194
1728462785044044000,394,745,14,81,458,128
1728462785044886000,506,678,0,146,442,74
1728462785045727000,579,591,0,229,417,5
1728462785046568000,682,488,0,290,370,0
1728462785047409000,746,382,33,341,334,0
1728462785048251000,754,192,104,425,312,0
1728462785049093000,798,124,199,458,146,0
1728462785049935000,877,69,365,501,114,42
1728462785050777000,711,18,424,529,82,101
1728462785051618000,650,0,549,524,41,165
1728462785052459000,554,0,659,501,10,245
1728462785053300000,461,0,729,459,0,314
1728462785054142000,345,42,798,408,0,394
1728462785054983000,241,120,839,328,0,448
1728462785055825000,138,212,930,250,4,495
1728462785056639000,56,320,820,197,55,591
1728462785057480000,0,421,757,129,114,562
1728462785058322000,10,530,649,65,158,457
1728462785059163000,0,738,569,46,245,462
1728462785060004000,21,769,473,0,279,430
1728462785060845000,52,770,365,0,343,392
1728462785061686000,110,807,254,0,388,322
1728462785062527000,197,807,151,0,424,249
1728462785063369000,320,780,65,47,450,186
1728462785064211000,421,733,0,90,456,114
1728462785065052000,517,650,0,162,429,64
1728462785065893000,613,554,0,228,398,0
1728462785066734000,683,449,0,297,343,0
1728462785067575000,750,350,64,378,308,0
1728462785068416000,757,264,138,409,245,0
1728462785069257000,784,127,341,466,229,30
1728462785070104000,750,65,258,491,111,169
1728462785070946000,706,4,468,517,69,116
1728462785071787000,625,0,584,514,37,185
1728462785072628000,523,0,677,489,0,261
1728462785073469000,421,0,764,450,0,334
1728462785074310000,320,53,820,386,0,403
1728462785075151000,217,116,833,313,46,448
1728462785075993000,125,218,839,235,46,510
1728462785076835000,45,334,815,176,58,521
1728462785077677000,41,442,758,118,122,538
1728462785078518000,0,557,663,132,175,577
1728462785079359000,0,649,596,50,240,496
1728462785080200000,0,713,452,0,282,413
1728462785081041000,64,781,341,0,352,381
1728462785081882000,143,815,229,0,392,312
1728462785082723000,237,805,129,13,436,228
1728462785083576000,335,765,39,57,448,165
1728462785084418000,450,714,0,117,453,100
1728462785085260000,551,633,0,169,431,27
1728462785086101000,655,544,0,241,397,6
1728462785086942000,719,434,5,320,349,0
1728462785087784000,765,349,73,388,298,0
1728462785088625000,797,269,149,425,320,0
1728462785089467000,790,58,245,503,218,1
1728462785090309000,738,25,376,521,81,71
1728462785091151000,691,5,498,522,58,133
1728462785091992000,606,0,596,512,18,203
1728462785092833000,506,0,696,480,0,274
1728462785093674000,401,18,778,429,0,339
1728462785094515000,295,74,834,372,0,413
1728462785095357000,178,153,849,292,0,466
1728462785096199000,94,262,842,213,29,515
1728462785097049000,28,370,864,158,74,530
1728462785097891000,0,485,696,96,141,596
1728462785098733000,23,600,586,43,226,576
1728462785099575000,29,683,511,4,264,420
1728462785100416000,0,840,416,0,324,407
1728462785101258000,82,793,305,0,367,370
1728462785102099000,161,808,207,0,395,285
1728462785102941000,255,802,106,18,438,206
1728462785103783000,363,759,23,68,451,156
1728462785104625000,480,698,0,130,453,90
1728462785105466000,581,601,0,199,414,39
1728462785106307000,632,504,0,266,382,0
1728462785107148000,724,391,31,335,322,0
1728462785107989000,741,287,100,352,277,0
1728462785108831000,750,228,199,421,213,18
1728462785109673000,759,82,391,467,185,56
1728462785110521000,736,28,437,514,106,117
1728462785111363000,667,0,520,523,47,149
1728462785112204000,579,0,629,514,18,221
1728462785113045000,477,0,721,469,0,290
1728462785113886000,377,23,796,420,0,369
1728462785114728000,271,156,832,356,0,426
1728462785115570000,170,165,847,282,56,474
1728462785116412000,96,257,832,212,32,514
1728462785117254000,18,382,789,153,81,530
1728462785118095000,64,488,762,97,130,535
1728462785118936000,50,594,610,105,196,528
1728462785119777000,0,681,554,57,260,510
1728462785120618000,24,762,405,0,322,423
1728462785121459000,101,797,282,0,378,343
1728462785122301000,178,809,182,0,413,266
1728462785123143000,276,784,79,34,436,197
1728462785124038000,394,738,13,86,455,131
1728462785124880000,490,668,0,130,450,74
1728462785125721000,601,595,0,206,415,29
1728462785126562000,693,493,0,290,373,0
1728462785127403000,757,383,20,348,337,0
1728462785128245000,804,357,96,440,264,0
1728462785129087000,798,165,194,457,297,0
1728462785129929000,774,37,298,512,194,34
1728462785130771000,719,11,426,511,84,101
1728462785131612000,653,0,541,517,38,173
1728462785132453000,554,0,649,496,5,238
1728462785133294000,463,0,744,463,0,314
1728462785134135000,349,41,808,407,0,385
1728462785134977000,217,106,842,324,0,442
1728462785135819000,135,207,864,250,5,493
1728462785136661000,58,309,825,194,50,525
1728462785137465000,0,425,814,130,106,528
1728462785138307000,0,503,594,66,171,610
1728462785139148000,0,621,530,14,252,546
1728462785139989000,41,737,433,0,283,377
1728462785140830000,42,767,368,0,346,402
1728462785141671000,117,804,247,0,383,325
1728462785142512000,210,813,161,1,417,257
1728462785143354000,304,778,72,43,442,184
1728462785144196000,426,725,0,101,453,114
1728462785145037000,528,645,0,167,434,56
1728462785145878000,617,554,0,230,392,16
1728462785146719000,714,458,0,298,357,0
1728462785147560000,737,356,58,372,305,0
1728462785148402000,714,246,162,461,242,0
1728462785149244000,749,146,220,427,184,36
1728462785150086000,724,97,356,490,133,43
1728462785150929000,704,2,462,526,74,117
1728462785151770000,629,0,568,508,26,196
1728462785152611000,534,0,677,488,0,259
1728462785153452000,431,0,757,448,0,320
1728462785154293000,320,73,818,388,0,402
1728462785155135000,213,136,836,320,0,437
1728462785155977000,116,314,832,246,17,480
1728462785156819000,50,358,813,181,101,529
1728462785157661000,0,433,757,113,124,530
1728462785158503000,6,505,670,68,207,511
1728462785159344000,0,610,559,11,186,489
1728462785160185000,123,681,487,0,264,431
1728462785161026000,58,767,330,0,357,370
1728462785161868000,132,804,217,0,395,308
1728462785162709000,224,800,125,5,420,235
1728462785163551000,325,767,52,53,437,159
1728462785164421000,448,714,0,117,452,102
1728462785165262000,541,642,0,180,437,57
1728462785166103000,629,540,0,253,410,1
1728462785166944000,712,439,2,320,355,0
1728462785167786000,767,325,51,386,296,26
1728462785168628000,821,217,117,427,213,0
1728462785169470000,814,232,250,517,186,0
1728462785170312000,756,0,373,514,186,65
1728462785171154000,689,0,487,522,64,136
1728462785171995000,609,0,591,508,28,207
1728462785172836000,505,0,697,473,0,276
1728462785173677000,407,11,773,441,0,338
1728462785174518000,293,82,832,368,0,418
1728462785175360000,159,156,853,343,0,466
1728462785176202000,82,269,837,217,30,516
1728462785177044000,26,366,802,155,79,543
1728462785177878000,0,495,738,84,136,535
1728462785178719000,0,578,756,40,231,525
1728462785179560000,0,693,612,0,288,496
1728462785180401000,0,736,420,0,312,434
1728462785181242000,75,782,309,0,369,362
1728462785182083000,162,802,194,0,410,293
1728462785182925000,266,794,109,18,431,217
1728462785183767000,365,760,37,73,448,149
1728462785184609000,467,680,0,139,448,81
1728462785185450000,576,610,2,202,426,34
1728462785186291000,661,485,0,274,375,0
1728462785187132000,725,405,11,329,327,0
1728462785187974000,853,286,142,401,245,0
1728462785188816000,698,178,170,516,210,33
1728462785189658000,706,102,302,522,149,16
1728462785190500000,734,29,402,517,106,90
1728462785191350000,666,0,516,522,58,154
1728462785192191000,586,0,618,502,10,225
1728462785193032000,484,0,713,463,0,302
1728462785193873000,382,26,784,418,0,352
1728462785194715000,261,97,813,349,0,474
1728462785195557000,164,181,843,285,2,511
1728462785196399000,79,302,818,209,43,504
1728462785197241000,18,424,797,145,91,527
1728462785198083000,0,389,708,78,218,517
1728462785198924000,0,527,614,56,265,493
1728462785199765000,5,631,512,0,194,482
1728462785200606000,11,750,402,0,322,414
1728462785201447000,96,797,281,0,378,346
1728462785202288000,182,810,174,0,421,276
1728462785203130000,281,793,85,21,434,205
1728462785203972000,394,756,20,88,444,136
1728462785204827000,485,690,0,133,453,79
1728462785205668000,585,591,0,211,426,20
1728462785206509000,677,491,0,287,380,0
1728462785207350000,741,377,30,351,330,0
1728462785208191000,784,310,186,402,284,0
1728462785209033000,799,161,122,463,202,75
1728462785209875000,815,95,290,491,139,0
1728462785210717000,729,17,433,523,101,105
1728462785211558000,648,0,540,518,43,174
1728462785212399000,562,0,648,501,2,242
1728462785213240000,461,0,743,452,0,320
1728462785214081000,346,42,810,405,0,381
1728462785214923000,253,108,842,338,0,437
1728462785215764000,181,198,858,265,2,490
1728462785216606000,49,301,824,224,64,523
1728462785217448000,0,416,772,119,101,539
1728462785218290000,0,576,706,42,155,535
1728462785219131000,0,670,610,10,232,480
1728462785219972000,0,687,604,0,314,458
1728462785220814000,29,767,373,0,338,405
1728462785221656000,122,801,257,0,389,322
1728462785222497000,206,805,151,0,422,250
1728462785223339000,312,788,72,43,436,186
1728462785224181000,414,736,14,98,448,110
1728462785225022000,526,656,0,169,442,64
1728462785225863000,608,555,0,233,410,5
1728462785226704000,696,440,5,306,366,0
1728462785227545000,754,321,42,366,320,0
1728462785228387000,770,218,139,410,193,0
1728462785229229000,874,139,256,480,161,0
1728462785230071000,666,58,346,550,130,79
1728462785230913000,705,2,449,522,80,118
1728462785231763000,629,0,565,523,37,193
1728462785232605000,540,0,661,489,5,256
1728462785233446000,437,0,754,442,0,330
1728462785234287000,325,57,813,398,0,394
1728462785235128000,221,137,893,314,0,448
1728462785235970000,121,231,842,249,18,561
1728462785236812000,49,330,806,187,64,520
1728462785237654000,0,522,741,116,126,517
1728462785238496000,30,634,668,66,192,517
1728462785239337000,0,528,562,1,308,469
1728462785240178000,0,655,466,1,340,429
1728462785241019000,47,774,348,0,352,385
1728462785241861000,130,797,225,0,395,309
1728462785242703000,229,807,123,4,437,242
1728462785243545000,338,776,50,53,448,168
1728462785244387000,448,719,0,107,448,94
1728462785245244000,525,642,0,185,440,49
1728462785246085000,644,546,0,245,405,5
1728462785246926000,718,438,10,324,356,0
1728462785247768000,776,330,118,376,320,0
1728462785248609000,783,245,206,414,213,85
1728462785249451000,790,137,197,474,197,69
1728462785250293000,741,34,356,512,120,58
1728462785251135000,686,0,484,530,66,138
1728462785251976000,608,0,594,520,28,207
1728462785252817000,512,0,694,480,0,281
1728462785253658000,407,14,769,428,0,349
1728462785254499000,298,78,833,377,0,410
1728462785255341000,200,148,847,301,0,453
1728462785256183000,146,258,847,228,16,506
1728462785257025000,17,366,799,185,77,533
1728462785257867000,0,471,754,128,128,518
1728462785258710000,0,590,644,9,188,535
1728462785259552000,0,719,576,0,261,490
1728462785260393000,18,740,433,0,320,429
1728462785261235000,72,785,304,0,362,364
1728462785262076000,154,803,200,0,402,292
1728462785262917000,257,796,116,14,438,217
1728462785263759000,361,761,42,66,444,157
1728462785264601000,459,706,0,133,449,78
1728462785265442000,570,608,0,202,427,31
1728462785266283000,663,509,0,261,395,0
1728462785267124000,719,389,18,335,338,0
1728462785267966000,781,233,72,415,327,0
1728462785268807000,779,165,167,421,158,0
1728462785269649000,885,105,341,491,126,18
